Country,Sector,Year of Date,Month of Date,adjusted_unit,adjusted_unit_value
Australia,Power,2024,January,Gigawatt-hour,9216.327823
Australia,Other,2024,January,Gigawatt-hour,2304.081958
Australia,Industrial,2024,January,Gigawatt-hour,10496.373352
Australia,Household,2024,January,Gigawatt-hour,3584.127488
Australia,Power,2024,February,Gigawatt-hour,8707.741781
Australia,Other,2024,February,Gigawatt-hour,2176.935442
Australia,Industrial,2024,February,Gigawatt-hour,9917.150365
Australia,Household,2024,February,Gigawatt-hour,3386.344028
Australia,Power,2024,March,Gigawatt-hour,9147.117105
Australia,Other,2024,March,Gigawatt-hour,2286.779281
Australia,Industrial,2024,March,Gigawatt-hour,10417.550041
Australia,Household,2024,March,Gigawatt-hour,3557.212207
Australia,Power,2024,April,Gigawatt-hour,9776.364801
Australia,Other,2024,April,Gigawatt-hour,2443.810667
Australia,Industrial,2024,April,Gigawatt-hour,11134.193248
Australia,Household,2024,April,Gigawatt-hour,3801.483262
Australia,Power,2024,May,Gigawatt-hour,11131.779687
Australia,Other,2024,May,Gigawatt-hour,2782.279311
Australia,Industrial,2024,May,Gigawatt-hour,12677.860199
Australia,Household,2024,May,Gigawatt-hour,4329.025438
Australia,Power,2024,June,Gigawatt-hour,12693.125707
Australia,Other,2024,June,Gigawatt-hour,3173.28143
Australia,Industrial,2024,June,Gigawatt-hour,14456.059832
Australia,Household,2024,June,Gigawatt-hour,4936.215554
Australia,Power,2024,July,Gigawatt-hour,13046.240351
Australia,Other,2024,July,Gigawatt-hour,3261.560085
Australia,Industrial,2024,July,Gigawatt-hour,14858.218168
Australia,Household,2024,July,Gigawatt-hour,5073.537914
Australia,Power,2024,August,Gigawatt-hour,11629.990019
Australia,Other,2024,August,Gigawatt-hour,2906.747466
Australia,Industrial,2024,August,Gigawatt-hour,13245.266412
Australia,Household,2024,August,Gigawatt-hour,4522.773895
Australia,Power,2024,September,Gigawatt-hour,9767.645863
Australia,Other,2024,September,Gigawatt-hour,2441.304464
Australia,Industrial,2024,September,Gigawatt-hour,11124.263346
Australia,Household,2024,September,Gigawatt-hour,3797.584728
Australia,Power,2024,October,Gigawatt-hour,9486.274833
Australia,Other,2024,October,Gigawatt-hour,2371.169314
Australia,Industrial,2024,October,Gigawatt-hour,10803.813006
Australia,Household,2024,October,Gigawatt-hour,3688.485591
Australia,Power,2024,November,Gigawatt-hour,9603.54528
Australia,Other,2024,November,Gigawatt-hour,2400.88632
Australia,Industrial,2024,November,Gigawatt-hour,10937.371011
Australia,Household,2024,November,Gigawatt-hour,3734.712051
Australia,Power,2024,December,Gigawatt-hour,9715.973074
Australia,Other,2024,December,Gigawatt-hour,2428.993266
Australia,Industrial,2024,December,Gigawatt-hour,11065.413775
Australia,Household,2024,December,Gigawatt-hour,3778.433967
Australia,Power,2023,January,Gigawatt-hour,6942.15544
Australia,Other,2023,January,Gigawatt-hour,1735.538857
Australia,Industrial,2023,January,Gigawatt-hour,7906.343697
Australia,Household,2023,January,Gigawatt-hour,2699.727114
Australia,Power,2023,February,Gigawatt-hour,6762.981362
Australia,Other,2023,February,Gigawatt-hour,1690.745343
Australia,Industrial,2023,February,Gigawatt-hour,7702.284324
Australia,Household,2023,February,Gigawatt-hour,2630.048305
Australia,Power,2023,March,Gigawatt-hour,7729.739619
Australia,Other,2023,March,Gigawatt-hour,1932.434899
Australia,Industrial,2023,March,Gigawatt-hour,8803.314566
Australia,Household,2023,March,Gigawatt-hour,3006.009846
Australia,Power,2023,April,Gigawatt-hour,9192.76764
Australia,Other,2023,April,Gigawatt-hour,2298.19191
Australia,Industrial,2023,April,Gigawatt-hour,10469.540918
Australia,Household,2023,April,Gigawatt-hour,3574.965187
Australia,Power,2023,May,Gigawatt-hour,10812.666154
Australia,Other,2023,May,Gigawatt-hour,2703.166536
Australia,Industrial,2023,May,Gigawatt-hour,12314.425336
Australia,Household,2023,May,Gigawatt-hour,4204.925728
Australia,Power,2023,June,Gigawatt-hour,11408.720999
Australia,Other,2023,June,Gigawatt-hour,2852.180247
Australia,Industrial,2023,June,Gigawatt-hour,12993.265572
Australia,Household,2023,June,Gigawatt-hour,4436.724831
Australia,Power,2023,July,Gigawatt-hour,11813.11865
Australia,Other,2023,July,Gigawatt-hour,2953.279665
Australia,Industrial,2023,July,Gigawatt-hour,13453.829582
Australia,Household,2023,July,Gigawatt-hour,4593.990587
Australia,Power,2023,August,Gigawatt-hour,11126.072181
Australia,Other,2023,August,Gigawatt-hour,2780.924748
Australia,Industrial,2023,August,Gigawatt-hour,12671.359984
Australia,Household,2023,August,Gigawatt-hour,4325.882946
Australia,Power,2023,September,Gigawatt-hour,10047.001125
Australia,Other,2023,September,Gigawatt-hour,2511.750287
Australia,Industrial,2023,September,Gigawatt-hour,11442.417945
Australia,Household,2023,September,Gigawatt-hour,3907.167107
Australia,Power,2023,October,Gigawatt-hour,9292.21063
Australia,Other,2023,October,Gigawatt-hour,2323.052655
Australia,Industrial,2023,October,Gigawatt-hour,10582.79544
Australia,Household,2023,October,Gigawatt-hour,3613.637465
Australia,Power,2023,November,Gigawatt-hour,9248.694714
Australia,Other,2023,November,Gigawatt-hour,2312.173679
Australia,Industrial,2023,November,Gigawatt-hour,10533.23565
Australia,Household,2023,November,Gigawatt-hour,3596.714614
Australia,Power,2023,December,Gigawatt-hour,9325.673123
Australia,Other,2023,December,Gigawatt-hour,2331.418278
Australia,Industrial,2023,December,Gigawatt-hour,10620.905505
Australia,Household,2023,December,Gigawatt-hour,3626.650661
Australia,Power,2022,January,Gigawatt-hour,8809.005713
Australia,Other,2022,January,Gigawatt-hour,2202.251426
Australia,Industrial,2022,January,Gigawatt-hour,10032.478722
Australia,Household,2022,January,Gigawatt-hour,3425.724446
Australia,Power,2022,February,Gigawatt-hour,8043.27636
Australia,Other,2022,February,Gigawatt-hour,2010.81909
Australia,Industrial,2022,February,Gigawatt-hour,9160.398082
Australia,Household,2022,February,Gigawatt-hour,3127.940813
Australia,Power,2022,March,Gigawatt-hour,8938.68445
Australia,Other,2022,March,Gigawatt-hour,2234.67111
Australia,Industrial,2022,March,Gigawatt-hour,10180.168394
Australia,Household,2022,March,Gigawatt-hour,3476.155063
Australia,Power,2022,April,Gigawatt-hour,9031.553906
Australia,Other,2022,April,Gigawatt-hour,2257.888479
Australia,Industrial,2022,April,Gigawatt-hour,10285.936384
Australia,Household,2022,April,Gigawatt-hour,3512.270958
Australia,Power,2022,May,Gigawatt-hour,9677.989808
Australia,Other,2022,May,Gigawatt-hour,2419.497455
Australia,Industrial,2022,May,Gigawatt-hour,11022.155056
Australia,Household,2022,May,Gigawatt-hour,3763.662704
Australia,Power,2022,June,Gigawatt-hour,8903.569637
Australia,Other,2022,June,Gigawatt-hour,2225.892407
Australia,Industrial,2022,June,Gigawatt-hour,10140.176529
Australia,Household,2022,June,Gigawatt-hour,3462.499299
Australia,Power,2022,July,Gigawatt-hour,9621.528976
Australia,Other,2022,July,Gigawatt-hour,2405.382241
Australia,Industrial,2022,July,Gigawatt-hour,10957.852447
Australia,Household,2022,July,Gigawatt-hour,3741.705713
Australia,Power,2022,August,Gigawatt-hour,11241.898217
Australia,Other,2022,August,Gigawatt-hour,2810.474551
Australia,Industrial,2022,August,Gigawatt-hour,12803.272965
Australia,Household,2022,August,Gigawatt-hour,4371.84931
Australia,Power,2022,September,Gigawatt-hour,9453.22854
Australia,Other,2022,September,Gigawatt-hour,2363.307135
Australia,Industrial,2022,September,Gigawatt-hour,10766.176943
Australia,Household,2022,September,Gigawatt-hour,3676.255538
Australia,Power,2022,October,Gigawatt-hour,8202.59644
Australia,Other,2022,October,Gigawatt-hour,2050.649107
Australia,Industrial,2022,October,Gigawatt-hour,9341.845947
Australia,Household,2022,October,Gigawatt-hour,3189.898614
Australia,Power,2022,November,Gigawatt-hour,7464.531847
Australia,Other,2022,November,Gigawatt-hour,1866.132964
Australia,Industrial,2022,November,Gigawatt-hour,8501.272374
Australia,Household,2022,November,Gigawatt-hour,2902.873491
Australia,Power,2022,December,Gigawatt-hour,7155.36654
Australia,Other,2022,December,Gigawatt-hour,1788.841635
Australia,Industrial,2022,December,Gigawatt-hour,8149.167443
Australia,Household,2022,December,Gigawatt-hour,2782.642537
Australia,Power,2021,January,Gigawatt-hour,8499.856795
Australia,Other,2021,January,Gigawatt-hour,2185.677459
Australia,Industrial,2021,January,Gigawatt-hour,10199.828163
Australia,Household,2021,January,Gigawatt-hour,3642.795775
Australia,Power,2021,February,Gigawatt-hour,7697.453841
Australia,Other,2021,February,Gigawatt-hour,1979.345277
Australia,Industrial,2021,February,Gigawatt-hour,9236.944605
Australia,Household,2021,February,Gigawatt-hour,3298.908784
Australia,Power,2021,March,Gigawatt-hour,7675.462326
Australia,Other,2021,March,Gigawatt-hour,1973.690313
Australia,Industrial,2021,March,Gigawatt-hour,9210.554798
Australia,Household,2021,March,Gigawatt-hour,3289.483858
Australia,Power,2021,April,Gigawatt-hour,8240.722927
Australia,Other,2021,April,Gigawatt-hour,2119.043042
Australia,Industrial,2021,April,Gigawatt-hour,9888.867513
Australia,Household,2021,April,Gigawatt-hour,3531.738399
Australia,Power,2021,May,Gigawatt-hour,9679.105328
Australia,Other,2021,May,Gigawatt-hour,2488.912797
Australia,Industrial,2021,May,Gigawatt-hour,11614.926393
Australia,Household,2021,May,Gigawatt-hour,4148.188002
Australia,Power,2021,June,Gigawatt-hour,9262.150212
Australia,Other,2021,June,Gigawatt-hour,2381.695774
Australia,Industrial,2021,June,Gigawatt-hour,11114.580257
Australia,Household,2021,June,Gigawatt-hour,3969.492954
Australia,Power,2021,July,Gigawatt-hour,9437.48274
Australia,Other,2021,July,Gigawatt-hour,2426.781273
Australia,Industrial,2021,July,Gigawatt-hour,11324.979278
Australia,Household,2021,July,Gigawatt-hour,4044.635458
Australia,Power,2021,August,Gigawatt-hour,10294.671481
Australia,Other,2021,August,Gigawatt-hour,2647.201242
Australia,Industrial,2021,August,Gigawatt-hour,12353.605782
Australia,Household,2021,August,Gigawatt-hour,4412.002067
Australia,Power,2021,September,Gigawatt-hour,8911.998049
Australia,Other,2021,September,Gigawatt-hour,2291.656636
Australia,Industrial,2021,September,Gigawatt-hour,10694.397651
Australia,Household,2021,September,Gigawatt-hour,3819.427731
Australia,Power,2021,October,Gigawatt-hour,8704.145436
Australia,Other,2021,October,Gigawatt-hour,2238.208823
Australia,Industrial,2021,October,Gigawatt-hour,10444.974519
Australia,Household,2021,October,Gigawatt-hour,3730.348041
Australia,Power,2021,November,Gigawatt-hour,8032.885801
Australia,Other,2021,November,Gigawatt-hour,2065.599207
Australia,Industrial,2021,November,Gigawatt-hour,9639.462966
Australia,Household,2021,November,Gigawatt-hour,3442.665345
Australia,Power,2021,December,Gigawatt-hour,8261.406258
Australia,Other,2021,December,Gigawatt-hour,2124.361607
Australia,Industrial,2021,December,Gigawatt-hour,9913.687507
Australia,Household,2021,December,Gigawatt-hour,3540.602678
Australia,Power,2020,January,Gigawatt-hour,7697.136258
Australia,Other,2020,January,Gigawatt-hour,2037.477246
Australia,Industrial,2020,January,Gigawatt-hour,9508.227141
Australia,Household,2020,January,Gigawatt-hour,3395.795403
Australia,Power,2020,February,Gigawatt-hour,7673.96574
Australia,Other,2020,February,Gigawatt-hour,2031.34387
Australia,Industrial,2020,February,Gigawatt-hour,9479.604739
Australia,Household,2020,February,Gigawatt-hour,3385.573118
Australia,Power,2020,March,Gigawatt-hour,7875.982138
Australia,Other,2020,March,Gigawatt-hour,2084.818795
Australia,Industrial,2020,March,Gigawatt-hour,9729.154407
Australia,Household,2020,March,Gigawatt-hour,3474.697999
Australia,Power,2020,April,Gigawatt-hour,7820.679657
Australia,Other,2020,April,Gigawatt-hour,2070.179906
Australia,Industrial,2020,April,Gigawatt-hour,9660.83958
Australia,Household,2020,April,Gigawatt-hour,3450.299853
Australia,Power,2020,May,Gigawatt-hour,9226.910417
Australia,Other,2020,May,Gigawatt-hour,2442.417463
Australia,Industrial,2020,May,Gigawatt-hour,11397.948156
Australia,Household,2020,May,Gigawatt-hour,4070.695766
Australia,Power,2020,June,Gigawatt-hour,10093.764355
Australia,Other,2020,June,Gigawatt-hour,2671.878804
Australia,Industrial,2020,June,Gigawatt-hour,12468.767734
Australia,Household,2020,June,Gigawatt-hour,4453.131333
Australia,Power,2020,July,Gigawatt-hour,10626.719281
Australia,Other,2020,July,Gigawatt-hour,2812.955103
Australia,Industrial,2020,July,Gigawatt-hour,13127.123824
Australia,Household,2020,July,Gigawatt-hour,4688.258505
Australia,Power,2020,August,Gigawatt-hour,9691.412745
Australia,Other,2020,August,Gigawatt-hour,2565.373965
Australia,Industrial,2020,August,Gigawatt-hour,11971.745152
Australia,Household,2020,August,Gigawatt-hour,4275.623268
Australia,Power,2020,September,Gigawatt-hour,8745.56003
Australia,Other,2020,September,Gigawatt-hour,2315.001181
Australia,Industrial,2020,September,Gigawatt-hour,10803.338858
Australia,Household,2020,September,Gigawatt-hour,3858.335303
Australia,Power,2020,October,Gigawatt-hour,8189.514113
Australia,Other,2020,October,Gigawatt-hour,2167.81256
Australia,Industrial,2020,October,Gigawatt-hour,10116.458615
Australia,Household,2020,October,Gigawatt-hour,3613.020936
Australia,Power,2020,November,Gigawatt-hour,7716.211083
Australia,Other,2020,November,Gigawatt-hour,2042.526465
Australia,Industrial,2020,November,Gigawatt-hour,9531.79016
Australia,Household,2020,November,Gigawatt-hour,3404.210775
Australia,Power,2020,December,Gigawatt-hour,7811.312523
Australia,Other,2020,December,Gigawatt-hour,2067.700372
Australia,Industrial,2020,December,Gigawatt-hour,9649.268412
Australia,Household,2020,December,Gigawatt-hour,3446.167284
Australia,Power,2019,January,Gigawatt-hour,8700.519439
Australia,Other,2019,January,Gigawatt-hour,2116.342567
Australia,Industrial,2019,January,Gigawatt-hour,9170.817778
Australia,Household,2019,January,Gigawatt-hour,3527.237605
Australia,Power,2019,February,Gigawatt-hour,7763.514696
Australia,Other,2019,February,Gigawatt-hour,1888.422491
Australia,Industrial,2019,February,Gigawatt-hour,8183.164143
Australia,Household,2019,February,Gigawatt-hour,3147.370821
Australia,Power,2019,March,Gigawatt-hour,8394.285837
Australia,Other,2019,March,Gigawatt-hour,2041.85331
Australia,Industrial,2019,March,Gigawatt-hour,8848.031021
Australia,Household,2019,March,Gigawatt-hour,3403.08885
Australia,Power,2019,April,Gigawatt-hour,8715.051471
Australia,Other,2019,April,Gigawatt-hour,2119.877382
Australia,Industrial,2019,April,Gigawatt-hour,9186.135336
Australia,Household,2019,April,Gigawatt-hour,3533.128977
Australia,Power,2019,May,Gigawatt-hour,10112.405625
Australia,Other,2019,May,Gigawatt-hour,2459.774341
Australia,Industrial,2019,May,Gigawatt-hour,10659.022154
Australia,Household,2019,May,Gigawatt-hour,4099.623906
Australia,Power,2019,June,Gigawatt-hour,10618.614615
Australia,Other,2019,June,Gigawatt-hour,2582.906256
Australia,Industrial,2019,June,Gigawatt-hour,11192.593786
Australia,Household,2019,June,Gigawatt-hour,4304.84376
Australia,Power,2019,July,Gigawatt-hour,10689.983798
Australia,Other,2019,July,Gigawatt-hour,2600.266326
Australia,Industrial,2019,July,Gigawatt-hour,11267.820763
Australia,Household,2019,July,Gigawatt-hour,4333.777213
Australia,Power,2019,August,Gigawatt-hour,11043.789729
Australia,Other,2019,August,Gigawatt-hour,2686.327235
Australia,Industrial,2019,August,Gigawatt-hour,11640.751332
Australia,Household,2019,August,Gigawatt-hour,4477.212054
Australia,Power,2019,September,Gigawatt-hour,9843.727362
Australia,Other,2019,September,Gigawatt-hour,2394.420168
Australia,Industrial,2019,September,Gigawatt-hour,10375.820742
Australia,Household,2019,September,Gigawatt-hour,3990.700287
Australia,Power,2019,October,Gigawatt-hour,9616.923204
Australia,Other,2019,October,Gigawatt-hour,2339.251593
Australia,Industrial,2019,October,Gigawatt-hour,10136.756889
Australia,Household,2019,October,Gigawatt-hour,3898.752648
Australia,Power,2019,November,Gigawatt-hour,8992.826021
Australia,Other,2019,November,Gigawatt-hour,2187.444168
Australia,Industrial,2019,November,Gigawatt-hour,9478.924728
Australia,Household,2019,November,Gigawatt-hour,3645.74028
Australia,Power,2019,December,Gigawatt-hour,9125.223776
Australia,Other,2019,December,Gigawatt-hour,2219.649023
Australia,Industrial,2019,December,Gigawatt-hour,9618.479115
Australia,Household,2019,December,Gigawatt-hour,3699.415041
Bangladesh,Power,2024,January,Gigawatt-hour,9951.850056
Bangladesh,Other,2024,January,Gigawatt-hour,3289.363138
Bangladesh,Industrial,2024,January,Gigawatt-hour,5172.348904
Bangladesh,Household,2024,January,Gigawatt-hour,2275.833518
Bangladesh,Power,2024,February,Gigawatt-hour,11087.928793
Bangladesh,Other,2024,February,Gigawatt-hour,3178.80848
Bangladesh,Industrial,2024,February,Gigawatt-hour,5572.944248
Bangladesh,Household,2024,February,Gigawatt-hour,2452.095469
Bangladesh,Power,2024,March,Gigawatt-hour,12656.051745
Bangladesh,Other,2024,March,Gigawatt-hour,2578.586281
Bangladesh,Industrial,2024,March,Gigawatt-hour,5951.030479
Bangladesh,Household,2024,March,Gigawatt-hour,2618.453411
Bangladesh,Power,2024,April,Gigawatt-hour,15076.660011
Bangladesh,Other,2024,April,Gigawatt-hour,107.562357
Bangladesh,Industrial,2024,April,Gigawatt-hour,5931.336863
Bangladesh,Household,2024,April,Gigawatt-hour,2609.78822
Bangladesh,Power,2024,May,Gigawatt-hour,15408.52664
Bangladesh,Other,2024,May,Gigawatt-hour,1546.690711
Bangladesh,Industrial,2024,May,Gigawatt-hour,6623.131777
Bangladesh,Household,2024,May,Gigawatt-hour,2914.177982
Bangladesh,Power,2024,June,Gigawatt-hour,13069.953763
Bangladesh,Other,2024,June,Gigawatt-hour,1279.738282
Bangladesh,Industrial,2024,June,Gigawatt-hour,5605.348455
Bangladesh,Household,2024,June,Gigawatt-hour,2466.35332
Bangladesh,Power,2024,July,Gigawatt-hour,11882.450246
Bangladesh,Other,2024,July,Gigawatt-hour,1862.577207
Bangladesh,Industrial,2024,July,Gigawatt-hour,5369.151349
Bangladesh,Household,2024,July,Gigawatt-hour,2362.426593
Bangladesh,Power,2024,August,Gigawatt-hour,12668.474398
Bangladesh,Other,2024,August,Gigawatt-hour,2228.924527
Bangladesh,Industrial,2024,August,Gigawatt-hour,5819.296455
Bangladesh,Household,2024,August,Gigawatt-hour,2560.49044
Bangladesh,Power,2024,September,Gigawatt-hour,11858.726979
Bangladesh,Other,2024,September,Gigawatt-hour,2515.744999
Bangladesh,Industrial,2024,September,Gigawatt-hour,5615.028116
Bangladesh,Household,2024,September,Gigawatt-hour,2470.612371
Bangladesh,Power,2024,October,Gigawatt-hour,12864.853701
Bangladesh,Other,2024,October,Gigawatt-hour,3105.746427
Bangladesh,Industrial,2024,October,Gigawatt-hour,6238.515675
Bangladesh,Household,2024,October,Gigawatt-hour,2744.946897
Bangladesh,Power,2024,November,Gigawatt-hour,12353.70578
Bangladesh,Other,2024,November,Gigawatt-hour,3405.304531
Bangladesh,Industrial,2024,November,Gigawatt-hour,6155.863403
Bangladesh,Household,2024,November,Gigawatt-hour,2708.579897
Bangladesh,Power,2024,December,Gigawatt-hour,11852.31983
Bangladesh,Other,2024,December,Gigawatt-hour,4041.487229
Bangladesh,Industrial,2024,December,Gigawatt-hour,6208.518382
Bangladesh,Household,2024,December,Gigawatt-hour,2731.748088
Bangladesh,Power,2023,January,Gigawatt-hour,11975.979991
Bangladesh,Other,2023,January,Gigawatt-hour,2967.955001
Bangladesh,Industrial,2023,January,Gigawatt-hour,5837.474606
Bangladesh,Household,2023,January,Gigawatt-hour,2568.488827
Bangladesh,Power,2023,February,Gigawatt-hour,10418.552063
Bangladesh,Other,2023,February,Gigawatt-hour,2111.079592
Bangladesh,Industrial,2023,February,Gigawatt-hour,4894.387365
Bangladesh,Household,2023,February,Gigawatt-hour,2153.530441
Bangladesh,Power,2023,March,Gigawatt-hour,14223.289783
Bangladesh,Other,2023,March,Gigawatt-hour,2066.330585
Bangladesh,Industrial,2023,March,Gigawatt-hour,6363.132956
Bangladesh,Household,2023,March,Gigawatt-hour,2799.778501
Bangladesh,Power,2023,April,Gigawatt-hour,13970.761016
Bangladesh,Other,2023,April,Gigawatt-hour,1270.951557
Bangladesh,Industrial,2023,April,Gigawatt-hour,5953.793974
Bangladesh,Household,2023,April,Gigawatt-hour,2619.669348
Bangladesh,Power,2023,May,Gigawatt-hour,14219.572437
Bangladesh,Other,2023,May,Gigawatt-hour,1741.138539
Bangladesh,Industrial,2023,May,Gigawatt-hour,6234.652725
Bangladesh,Household,2023,May,Gigawatt-hour,2743.247199
Bangladesh,Power,2023,June,Gigawatt-hour,15339.132012
Bangladesh,Other,2023,June,Gigawatt-hour,1022.48899
Bangladesh,Industrial,2023,June,Gigawatt-hour,6391.258204
Bangladesh,Household,2023,June,Gigawatt-hour,2812.15361
Bangladesh,Power,2023,July,Gigawatt-hour,15572.986685
Bangladesh,Other,2023,July,Gigawatt-hour,636.379411
Bangladesh,Industrial,2023,July,Gigawatt-hour,6331.783631
Bangladesh,Household,2023,July,Gigawatt-hour,2785.984798
Bangladesh,Power,2023,August,Gigawatt-hour,14449.422122
Bangladesh,Other,2023,August,Gigawatt-hour,1329.157299
Bangladesh,Industrial,2023,August,Gigawatt-hour,6163.507586
Bangladesh,Household,2023,August,Gigawatt-hour,2711.943338
Bangladesh,Power,2023,September,Gigawatt-hour,14001.928485
Bangladesh,Other,2023,September,Gigawatt-hour,1625.194769
Bangladesh,Industrial,2023,September,Gigawatt-hour,6104.345021
Bangladesh,Household,2023,September,Gigawatt-hour,2685.911809
Bangladesh,Power,2023,October,Gigawatt-hour,12819.392128
Bangladesh,Other,2023,October,Gigawatt-hour,1812.483065
Bangladesh,Industrial,2023,October,Gigawatt-hour,5715.576248
Bangladesh,Household,2023,October,Gigawatt-hour,2514.853549
Bangladesh,Power,2023,November,Gigawatt-hour,11460.491897
Bangladesh,Other,2023,November,Gigawatt-hour,2753.300378
Bangladesh,Industrial,2023,November,Gigawatt-hour,5552.262607
Bangladesh,Household,2023,November,Gigawatt-hour,2442.995547
Bangladesh,Power,2023,December,Gigawatt-hour,11058.31423
Bangladesh,Other,2023,December,Gigawatt-hour,3492.565005
Bangladesh,Industrial,2023,December,Gigawatt-hour,5683.937201
Bangladesh,Household,2023,December,Gigawatt-hour,2500.932369
Bangladesh,Power,2022,January,Gigawatt-hour,10636.557943
Bangladesh,Other,2022,January,Gigawatt-hour,3609.922021
Bangladesh,Industrial,2022,January,Gigawatt-hour,5744.548372
Bangladesh,Household,2022,January,Gigawatt-hour,2987.165154
Bangladesh,Power,2022,February,Gigawatt-hour,9924.53365
Bangladesh,Other,2022,February,Gigawatt-hour,3415.133064
Bangladesh,Industrial,2022,February,Gigawatt-hour,5378.897869
Bangladesh,Household,2022,February,Gigawatt-hour,2797.026892
Bangladesh,Power,2022,March,Gigawatt-hour,13451.528238
Bangladesh,Other,2022,March,Gigawatt-hour,2905.064392
Bangladesh,Industrial,2022,March,Gigawatt-hour,6595.400254
Bangladesh,Household,2022,March,Gigawatt-hour,3429.608132
Bangladesh,Power,2022,April,Gigawatt-hour,13298.285011
Bangladesh,Other,2022,April,Gigawatt-hour,2012.87746
Bangladesh,Industrial,2022,April,Gigawatt-hour,6173.855835
Bangladesh,Household,2022,April,Gigawatt-hour,3210.405034
Bangladesh,Power,2022,May,Gigawatt-hour,13932.665792
Bangladesh,Other,2022,May,Gigawatt-hour,1806.617324
Bangladesh,Industrial,2022,May,Gigawatt-hour,6346.485128
Bangladesh,Household,2022,May,Gigawatt-hour,3300.172266
Bangladesh,Power,2022,June,Gigawatt-hour,14174.715862
Bangladesh,Other,2022,June,Gigawatt-hour,2202.087128
Bangladesh,Industrial,2022,June,Gigawatt-hour,6603.549593
Bangladesh,Household,2022,June,Gigawatt-hour,3433.845788
Bangladesh,Power,2022,July,Gigawatt-hour,13449.835671
Bangladesh,Other,2022,July,Gigawatt-hour,999.540095
Bangladesh,Industrial,2022,July,Gigawatt-hour,5826.361196
Bangladesh,Household,2022,July,Gigawatt-hour,3029.707822
Bangladesh,Power,2022,August,Gigawatt-hour,14033.416876
Bangladesh,Other,2022,August,Gigawatt-hour,1694.462217
Bangladesh,Industrial,2022,August,Gigawatt-hour,6341.886731
Bangladesh,Household,2022,August,Gigawatt-hour,3297.7811
Bangladesh,Power,2022,September,Gigawatt-hour,13311.259174
Bangladesh,Other,2022,September,Gigawatt-hour,1323.933996
Bangladesh,Industrial,2022,September,Gigawatt-hour,5901.287569
Bangladesh,Household,2022,September,Gigawatt-hour,3068.669536
Bangladesh,Power,2022,October,Gigawatt-hour,12518.906917
Bangladesh,Other,2022,October,Gigawatt-hour,1771.457348
Bangladesh,Industrial,2022,October,Gigawatt-hour,5762.243655
Bangladesh,Household,2022,October,Gigawatt-hour,2996.366701
Bangladesh,Power,2022,November,Gigawatt-hour,11273.512043
Bangladesh,Other,2022,November,Gigawatt-hour,2158.805447
Bangladesh,Industrial,2022,November,Gigawatt-hour,5416.257052
Bangladesh,Household,2022,November,Gigawatt-hour,2816.453667
Bangladesh,Power,2022,December,Gigawatt-hour,11938.591984
Bangladesh,Other,2022,December,Gigawatt-hour,2604.134644
Bangladesh,Industrial,2022,December,Gigawatt-hour,5864.002672
Bangladesh,Household,2022,December,Gigawatt-hour,3049.28139
Bangladesh,Power,2021,January,Gigawatt-hour,12346.630141
Bangladesh,Other,2021,January,Gigawatt-hour,3687.946055
Bangladesh,Industrial,2021,January,Gigawatt-hour,6465.554918
Bangladesh,Household,2021,January,Gigawatt-hour,3362.088557
Bangladesh,Power,2021,February,Gigawatt-hour,9133.728452
Bangladesh,Other,2021,February,Gigawatt-hour,2935.140302
Bangladesh,Industrial,2021,February,Gigawatt-hour,4866.479336
Bangladesh,Household,2021,February,Gigawatt-hour,2530.569255
Bangladesh,Power,2021,March,Gigawatt-hour,15515.632077
Bangladesh,Other,2021,March,Gigawatt-hour,1769.020294
Bangladesh,Industrial,2021,March,Gigawatt-hour,6969.617891
Bangladesh,Household,2021,March,Gigawatt-hour,3624.201303
Bangladesh,Power,2021,April,Gigawatt-hour,15773.570163
Bangladesh,Other,2021,April,Gigawatt-hour,1253.708707
Bangladesh,Industrial,2021,April,Gigawatt-hour,6865.838254
Bangladesh,Household,2021,April,Gigawatt-hour,3570.235892
Bangladesh,Power,2021,May,Gigawatt-hour,16183.580704
Bangladesh,Other,2021,May,Gigawatt-hour,603.181984
Bangladesh,Industrial,2021,May,Gigawatt-hour,6768.855923
Bangladesh,Household,2021,May,Gigawatt-hour,3519.80508
Bangladesh,Power,2021,June,Gigawatt-hour,16028.596179
Bangladesh,Other,2021,June,Gigawatt-hour,1382.44003
Bangladesh,Industrial,2021,June,Gigawatt-hour,7020.579116
Bangladesh,Household,2021,June,Gigawatt-hour,3650.70114
Bangladesh,Power,2021,July,Gigawatt-hour,15698.285427
Bangladesh,Other,2021,July,Gigawatt-hour,66.223613
Bangladesh,Industrial,2021,July,Gigawatt-hour,6356.656871
Bangladesh,Household,2021,July,Gigawatt-hour,3305.461573
Bangladesh,Power,2021,August,Gigawatt-hour,15838.19791
Bangladesh,Other,2021,August,Gigawatt-hour,1282.929249
Bangladesh,Industrial,2021,August,Gigawatt-hour,6903.680306
Bangladesh,Household,2021,August,Gigawatt-hour,3589.913759
Bangladesh,Power,2021,September,Gigawatt-hour,14667.48218
Bangladesh,Other,2021,September,Gigawatt-hour,1868.281468
Bangladesh,Industrial,2021,September,Gigawatt-hour,6667.646633
Bangladesh,Household,2021,September,Gigawatt-hour,3467.176249
Bangladesh,Power,2021,October,Gigawatt-hour,15265.159587
Bangladesh,Other,2021,October,Gigawatt-hour,1838.723363
Bangladesh,Industrial,2021,October,Gigawatt-hour,6896.726996
Bangladesh,Household,2021,October,Gigawatt-hour,3586.298038
Bangladesh,Power,2021,November,Gigawatt-hour,13271.231383
Bangladesh,Other,2021,November,Gigawatt-hour,2426.161576
Bangladesh,Industrial,2021,November,Gigawatt-hour,6329.593935
Bangladesh,Household,2021,November,Gigawatt-hour,3291.388846
Bangladesh,Power,2021,December,Gigawatt-hour,11847.939936
Bangladesh,Other,2021,December,Gigawatt-hour,3299.406978
Bangladesh,Industrial,2021,December,Gigawatt-hour,6107.801175
Bangladesh,Household,2021,December,Gigawatt-hour,3176.056611
Bangladesh,Power,2020,January,Gigawatt-hour,15097.53777
Bangladesh,Other,2020,January,Gigawatt-hour,2282.082285
Bangladesh,Industrial,2020,January,Gigawatt-hour,7007.911312
Bangladesh,Household,2020,January,Gigawatt-hour,3644.113883
Bangladesh,Power,2020,February,Gigawatt-hour,13032.293566
Bangladesh,Other,2020,February,Gigawatt-hour,2343.921577
Bangladesh,Industrial,2020,February,Gigawatt-hour,6200.086751
Bangladesh,Household,2020,February,Gigawatt-hour,3224.045111
Bangladesh,Power,2020,March,Gigawatt-hour,15178.664474
Bangladesh,Other,2020,March,Gigawatt-hour,1324.22758
Bangladesh,Industrial,2020,March,Gigawatt-hour,6654.391957
Bangladesh,Household,2020,March,Gigawatt-hour,3460.283818
Bangladesh,Power,2020,April,Gigawatt-hour,14416.5
Bangladesh,Other,2020,April,Gigawatt-hour,1438.5
Bangladesh,Industrial,2020,April,Gigawatt-hour,6394.5
Bangladesh,Household,2020,April,Gigawatt-hour,3328.5
Bangladesh,Power,2020,May,Gigawatt-hour,14353.207924
Bangladesh,Other,2020,May,Gigawatt-hour,284.619779
Bangladesh,Industrial,2020,May,Gigawatt-hour,5902.34988
Bangladesh,Household,2020,May,Gigawatt-hour,3069.221938
Bangladesh,Power,2020,June,Gigawatt-hour,14508.001679
Bangladesh,Other,2020,June,Gigawatt-hour,1007.622575
Bangladesh,Industrial,2020,June,Gigawatt-hour,6256.300102
Bangladesh,Household,2020,June,Gigawatt-hour,3253.276053
Bangladesh,Power,2020,July,Gigawatt-hour,15250.359043
Bangladesh,Other,2020,July,Gigawatt-hour,1244.113563
Bangladesh,Industrial,2020,July,Gigawatt-hour,6650.997019
Bangladesh,Household,2020,July,Gigawatt-hour,3458.51845
Bangladesh,Power,2020,August,Gigawatt-hour,14970.051505
Bangladesh,Other,2020,August,Gigawatt-hour,1212.330399
Bangladesh,Industrial,2020,August,Gigawatt-hour,6525.153994
Bangladesh,Household,2020,August,Gigawatt-hour,3393.080077
Bangladesh,Power,2020,September,Gigawatt-hour,14618.433316
Bangladesh,Other,2020,September,Gigawatt-hour,2002.625785
Bangladesh,Industrial,2020,September,Gigawatt-hour,6702.03996
Bangladesh,Household,2020,September,Gigawatt-hour,3485.060779
Bangladesh,Power,2020,October,Gigawatt-hour,15161.873122
Bangladesh,Other,2020,October,Gigawatt-hour,1556.461003
Bangladesh,Industrial,2020,October,Gigawatt-hour,6741.26376
Bangladesh,Household,2020,October,Gigawatt-hour,3505.457155
Bangladesh,Power,2020,November,Gigawatt-hour,13257.067929
Bangladesh,Other,2020,November,Gigawatt-hour,1996.871772
Bangladesh,Industrial,2020,November,Gigawatt-hour,6150.782138
Bangladesh,Household,2020,November,Gigawatt-hour,3198.406712
Bangladesh,Power,2020,December,Gigawatt-hour,13948.096197
Bangladesh,Other,2020,December,Gigawatt-hour,2391.712806
Bangladesh,Industrial,2020,December,Gigawatt-hour,6588.632663
Bangladesh,Household,2020,December,Gigawatt-hour,3426.088985
Bangladesh,Power,2019,January,Gigawatt-hour,14755.748281
Bangladesh,Other,2019,January,Gigawatt-hour,1294.363884
Bangladesh,Industrial,2019,January,Gigawatt-hour,6471.819421
Bangladesh,Household,2019,January,Gigawatt-hour,3365.346099
Bangladesh,Power,2019,February,Gigawatt-hour,13184.456576
Bangladesh,Other,2019,February,Gigawatt-hour,1156.531279
Bangladesh,Industrial,2019,February,Gigawatt-hour,5782.656393
Bangladesh,Household,2019,February,Gigawatt-hour,3006.981324
Bangladesh,Power,2019,March,Gigawatt-hour,15912.09361
Bangladesh,Other,2019,March,Gigawatt-hour,1395.797685
Bangladesh,Industrial,2019,March,Gigawatt-hour,6978.988425
Bangladesh,Household,2019,March,Gigawatt-hour,3629.073981
Bangladesh,Power,2019,April,Gigawatt-hour,14694.871142
Bangladesh,Other,2019,April,Gigawatt-hour,1289.023784
Bangladesh,Industrial,2019,April,Gigawatt-hour,6445.118922
Bangladesh,Household,2019,April,Gigawatt-hour,3351.461839
Bangladesh,Power,2019,May,Gigawatt-hour,15620.380054
Bangladesh,Other,2019,May,Gigawatt-hour,1370.208777
Bangladesh,Industrial,2019,May,Gigawatt-hour,6851.043883
Bangladesh,Household,2019,May,Gigawatt-hour,3562.542819
Bangladesh,Power,2019,June,Gigawatt-hour,15589.164452
Bangladesh,Other,2019,June,Gigawatt-hour,1367.470566
Bangladesh,Industrial,2019,June,Gigawatt-hour,6837.35283
Bangladesh,Household,2019,June,Gigawatt-hour,3555.423471
Bangladesh,Power,2019,July,Gigawatt-hour,14929.256183
Bangladesh,Other,2019,July,Gigawatt-hour,1309.583876
Bangladesh,Industrial,2019,July,Gigawatt-hour,6547.919379
Bangladesh,Household,2019,July,Gigawatt-hour,3404.918077
Bangladesh,Power,2019,August,Gigawatt-hour,15525.515478
Bangladesh,Other,2019,August,Gigawatt-hour,1361.887323
Bangladesh,Industrial,2019,August,Gigawatt-hour,6809.436613
Bangladesh,Household,2019,August,Gigawatt-hour,3540.907039
Bangladesh,Power,2019,September,Gigawatt-hour,15145.015684
Bangladesh,Other,2019,September,Gigawatt-hour,1328.510148
Bangladesh,Industrial,2019,September,Gigawatt-hour,6642.550738
Bangladesh,Household,2019,September,Gigawatt-hour,3454.126384
Bangladesh,Power,2019,October,Gigawatt-hour,15322.377153
Bangladesh,Other,2019,October,Gigawatt-hour,1344.068171
Bangladesh,Industrial,2019,October,Gigawatt-hour,6720.340857
Bangladesh,Household,2019,October,Gigawatt-hour,3494.577246
Bangladesh,Power,2019,November,Gigawatt-hour,14485.01553
Bangladesh,Other,2019,November,Gigawatt-hour,1270.615397
Bangladesh,Industrial,2019,November,Gigawatt-hour,6353.076987
Bangladesh,Household,2019,November,Gigawatt-hour,3303.600033
Bangladesh,Power,2019,December,Gigawatt-hour,14906.800855
Bangladesh,Other,2019,December,Gigawatt-hour,1307.61411
Bangladesh,Industrial,2019,December,Gigawatt-hour,6538.070551
Bangladesh,Household,2019,December,Gigawatt-hour,3399.796686
China,Power,2024,January,Gigawatt-hour,67192.016766
China,Other,2024,January,Gigawatt-hour,48788.747238
China,Industrial,2024,January,Gigawatt-hour,172563.269098
China,Household,2024,January,Gigawatt-hour,66564.723918
China,Power,2024,February,Gigawatt-hour,68382.928068
China,Other,2024,February,Gigawatt-hour,43217.38071
China,Industrial,2024,February,Gigawatt-hour,171300.451098
China,Household,2024,February,Gigawatt-hour,31656.821847
China,Power,2024,March,Gigawatt-hour,61719.326088
China,Other,2024,March,Gigawatt-hour,52117.659353
China,Industrial,2024,March,Gigawatt-hour,187207.753593
China,Household,2024,March,Gigawatt-hour,78293.49528
China,Power,2024,April,Gigawatt-hour,56963.790292
China,Other,2024,April,Gigawatt-hour,48720.177072
China,Industrial,2024,April,Gigawatt-hour,175559.499959
China,Household,2024,April,Gigawatt-hour,73366.201965
China,Power,2024,May,Gigawatt-hour,59256.12714
China,Other,2024,May,Gigawatt-hour,51370.444597
China,Industrial,2024,May,Gigawatt-hour,180773.617111
China,Household,2024,May,Gigawatt-hour,82499.445031
China,Power,2024,June,Gigawatt-hour,63438.780132
China,Other,2024,June,Gigawatt-hour,49522.314009
China,Industrial,2024,June,Gigawatt-hour,178975.642713
China,Household,2024,June,Gigawatt-hour,68511.283848
China,Power,2024,July,Gigawatt-hour,72897.819445
China,Other,2024,July,Gigawatt-hour,50073.066425
China,Industrial,2024,July,Gigawatt-hour,175739.226169
China,Household,2024,July,Gigawatt-hour,65746.558521
China,Power,2024,August,Gigawatt-hour,74904.550623
China,Other,2024,August,Gigawatt-hour,51843.487185
China,Industrial,2024,August,Gigawatt-hour,173825.601736
China,Household,2024,August,Gigawatt-hour,76769.033428
China,Power,2024,September,Gigawatt-hour,66232.176654
China,Other,2024,September,Gigawatt-hour,51216.898457
China,Industrial,2024,September,Gigawatt-hour,177370.253403
China,Household,2024,September,Gigawatt-hour,77962.720206
China,Power,2024,October,Gigawatt-hour,60341.619324
China,Other,2024,October,Gigawatt-hour,50499.102213
China,Industrial,2024,October,Gigawatt-hour,183714.610002
China,Household,2024,October,Gigawatt-hour,73002.239257
China,Power,2024,November,Gigawatt-hour,61869.52947
China,Other,2024,November,Gigawatt-hour,50703.376731
China,Industrial,2024,November,Gigawatt-hour,182391.864805
China,Household,2024,November,Gigawatt-hour,74079.611277
China,Power,2024,December,Gigawatt-hour,69854.287209
China,Other,2024,December,Gigawatt-hour,53539.111962
China,Industrial,2024,December,Gigawatt-hour,192023.796793
China,Household,2024,December,Gigawatt-hour,74267.077133
China,Power,2023,January,Gigawatt-hour,61500.431496
China,Other,2023,January,Gigawatt-hour,41499.552034
China,Industrial,2023,January,Gigawatt-hour,155115.259415
China,Household,2023,January,Gigawatt-hour,43939.127673
China,Power,2023,February,Gigawatt-hour,62236.837666
China,Other,2023,February,Gigawatt-hour,39958.16433
China,Industrial,2023,February,Gigawatt-hour,155760.538888
China,Household,2023,February,Gigawatt-hour,32879.843756
China,Power,2023,March,Gigawatt-hour,59209.88683
China,Other,2023,March,Gigawatt-hour,46582.124274
China,Industrial,2023,March,Gigawatt-hour,176856.434759
China,Household,2023,March,Gigawatt-hour,56399.412268
China,Power,2023,April,Gigawatt-hour,54344.610432
China,Other,2023,April,Gigawatt-hour,44866.646864
China,Industrial,2023,April,Gigawatt-hour,165092.475292
China,Household,2023,April,Gigawatt-hour,62258.028105
China,Power,2023,May,Gigawatt-hour,56840.006255
China,Other,2023,May,Gigawatt-hour,48124.087631
China,Industrial,2023,May,Gigawatt-hour,165850.24975
China,Household,2023,May,Gigawatt-hour,79456.69032
China,Power,2023,June,Gigawatt-hour,61076.291924
China,Other,2023,June,Gigawatt-hour,46537.706271
China,Industrial,2023,June,Gigawatt-hour,167956.382076
China,Household,2023,June,Gigawatt-hour,63154.181569
China,Power,2023,July,Gigawatt-hour,69848.55758
China,Other,2023,July,Gigawatt-hour,46695.029294
China,Industrial,2023,July,Gigawatt-hour,163538.4574
China,Household,2023,July,Gigawatt-hour,59787.592683
China,Power,2023,August,Gigawatt-hour,69751.11884
China,Other,2023,August,Gigawatt-hour,47265.735195
China,Industrial,2023,August,Gigawatt-hour,169446.120638
China,Household,2023,August,Gigawatt-hour,57560.543607
China,Power,2023,September,Gigawatt-hour,61547.619998
China,Other,2023,September,Gigawatt-hour,45550.301118
China,Industrial,2023,September,Gigawatt-hour,170152.541517
China,Household,2023,September,Gigawatt-hour,54287.273586
China,Power,2023,October,Gigawatt-hour,58141.759347
China,Other,2023,October,Gigawatt-hour,44458.075252
China,Industrial,2023,October,Gigawatt-hour,176471.156148
China,Household,2023,October,Gigawatt-hour,44516.982626
China,Power,2023,November,Gigawatt-hour,60339.169002
China,Other,2023,November,Gigawatt-hour,49844.802042
China,Industrial,2023,November,Gigawatt-hour,175109.85765
China,Household,2023,November,Gigawatt-hour,77501.420241
China,Power,2023,December,Gigawatt-hour,68429.565456
China,Other,2023,December,Gigawatt-hour,54465.050777
China,Industrial,2023,December,Gigawatt-hour,173876.909147
China,Household,2023,December,Gigawatt-hour,99652.190694
China,Power,2022,January,Gigawatt-hour,57883.153167
China,Other,2022,January,Gigawatt-hour,44863.378234
China,Industrial,2022,January,Gigawatt-hour,161778.470301
China,Household,2022,January,Gigawatt-hour,62012.968321
China,Power,2022,February,Gigawatt-hour,58374.696901
China,Other,2022,February,Gigawatt-hour,45142.011306
China,Industrial,2022,February,Gigawatt-hour,166090.190091
China,Household,2022,February,Gigawatt-hour,58959.101702
China,Power,2022,March,Gigawatt-hour,55320.240885
China,Other,2022,March,Gigawatt-hour,43975.567587
China,Industrial,2022,March,Gigawatt-hour,170114.223216
China,Household,2022,March,Gigawatt-hour,50666.011022
China,Power,2022,April,Gigawatt-hour,50235.3703
China,Other,2022,April,Gigawatt-hour,41349.851235
China,Industrial,2022,April,Gigawatt-hour,153765.565905
China,Household,2022,April,Gigawatt-hour,55613.986313
China,Power,2022,May,Gigawatt-hour,52914.020712
China,Other,2022,May,Gigawatt-hour,43235.769791
China,Industrial,2022,May,Gigawatt-hour,161214.277445
China,Household,2022,May,Gigawatt-hour,57327.35863
China,Power,2022,June,Gigawatt-hour,58528.039563
China,Other,2022,June,Gigawatt-hour,41995.725355
China,Industrial,2022,June,Gigawatt-hour,166351.370399
China,Household,2022,June,Gigawatt-hour,38790.631383
China,Power,2022,July,Gigawatt-hour,66525.954695
China,Other,2022,July,Gigawatt-hour,41626.314208
China,Industrial,2022,July,Gigawatt-hour,150233.752473
China,Household,2022,July,Gigawatt-hour,44590.98735
China,Power,2022,August,Gigawatt-hour,68084.458239
China,Other,2022,August,Gigawatt-hour,41587.393313
China,Industrial,2022,August,Gigawatt-hour,148654.044567
China,Household,2022,August,Gigawatt-hour,44367.827007
China,Power,2022,September,Gigawatt-hour,56379.378174
China,Other,2022,September,Gigawatt-hour,43203.028785
China,Industrial,2022,September,Gigawatt-hour,159005.271652
China,Household,2022,September,Gigawatt-hour,55865.442664
China,Power,2022,October,Gigawatt-hour,54563.342022
China,Other,2022,October,Gigawatt-hour,41505.473184
China,Industrial,2022,October,Gigawatt-hour,160328.036505
China,Household,2022,October,Gigawatt-hour,45700.616021
China,Power,2022,November,Gigawatt-hour,55031.386368
China,Other,2022,November,Gigawatt-hour,47289.775659
China,Industrial,2022,November,Gigawatt-hour,155075.369368
China,Household,2022,November,Gigawatt-hour,86801.965299
China,Power,2022,December,Gigawatt-hour,62557.974045
China,Other,2022,December,Gigawatt-hour,49429.691084
China,Industrial,2022,December,Gigawatt-hour,157515.480307
China,Household,2022,December,Gigawatt-hour,90270.719532
China,Power,2021,January,Gigawatt-hour,58236.403501
China,Other,2021,January,Gigawatt-hour,44858.331546
China,Industrial,2021,January,Gigawatt-hour,150811.50693
China,Household,2021,January,Gigawatt-hour,69334.147617
China,Power,2021,February,Gigawatt-hour,59493.494508
China,Other,2021,February,Gigawatt-hour,36484.721018
China,Industrial,2021,February,Gigawatt-hour,150474.594028
China,Household,2021,February,Gigawatt-hour,16448.975487
China,Power,2021,March,Gigawatt-hour,54307.387102
China,Other,2021,March,Gigawatt-hour,44072.645159
China,Industrial,2021,March,Gigawatt-hour,167006.184356
China,Household,2021,March,Gigawatt-hour,52192.670072
China,Power,2021,April,Gigawatt-hour,51427.357748
China,Other,2021,April,Gigawatt-hour,44514.552831
China,Industrial,2021,April,Gigawatt-hour,159172.091253
China,Household,2021,April,Gigawatt-hour,65649.185374
China,Power,2021,May,Gigawatt-hour,53476.995085
China,Other,2021,May,Gigawatt-hour,44696.301594
China,Industrial,2021,May,Gigawatt-hour,160880.166962
China,Household,2021,May,Gigawatt-hour,63019.369717
China,Power,2021,June,Gigawatt-hour,56631.121733
China,Other,2021,June,Gigawatt-hour,44925.085968
China,Industrial,2021,June,Gigawatt-hour,159749.983785
China,Household,2021,June,Gigawatt-hour,62415.217421
China,Power,2021,July,Gigawatt-hour,62621.505156
China,Other,2021,July,Gigawatt-hour,41321.832153
China,Industrial,2021,July,Gigawatt-hour,157053.084563
China,Household,2021,July,Gigawatt-hour,36760.642685
China,Power,2021,August,Gigawatt-hour,60948.258536
China,Other,2021,August,Gigawatt-hour,43638.424378
China,Industrial,2021,August,Gigawatt-hour,156821.902419
China,Household,2021,August,Gigawatt-hour,53041.391057
China,Power,2021,September,Gigawatt-hour,55728.832519
China,Other,2021,September,Gigawatt-hour,43737.935903
China,Industrial,2021,September,Gigawatt-hour,149411.753883
China,Household,2021,September,Gigawatt-hour,66288.51474
China,Power,2021,October,Gigawatt-hour,52776.151785
China,Other,2021,October,Gigawatt-hour,42440.807535
China,Industrial,2021,October,Gigawatt-hour,151158.377286
China,Household,2021,October,Gigawatt-hour,59444.846423
China,Power,2021,November,Gigawatt-hour,53988.736651
China,Other,2021,November,Gigawatt-hour,46875.523034
China,Industrial,2021,November,Gigawatt-hour,153559.981586
China,Household,2021,November,Gigawatt-hour,83351.636781
China,Power,2021,December,Gigawatt-hour,59711.704699
China,Other,2021,December,Gigawatt-hour,51063.273649
China,Industrial,2021,December,Gigawatt-hour,158453.016834
China,Household,2021,December,Gigawatt-hour,98723.997246
China,Power,2020,January,Gigawatt-hour,52880.668165
China,Other,2020,January,Gigawatt-hour,44938.958474
China,Industrial,2020,January,Gigawatt-hour,147049.194127
China,Household,2020,January,Gigawatt-hour,73467.901941
China,Power,2020,February,Gigawatt-hour,53626.814398
China,Other,2020,February,Gigawatt-hour,37503.278011
China,Industrial,2020,February,Gigawatt-hour,148952.5989
China,Household,2020,February,Gigawatt-hour,25581.467782
China,Power,2020,March,Gigawatt-hour,45607.782339
China,Other,2020,March,Gigawatt-hour,38826.944846
China,Industrial,2020,March,Gigawatt-hour,144942.199122
China,Household,2020,March,Gigawatt-hour,45663.768759
China,Power,2020,April,Gigawatt-hour,45753.043129
China,Other,2020,April,Gigawatt-hour,39367.995072
China,Industrial,2020,April,Gigawatt-hour,146611.788309
China,Household,2020,April,Gigawatt-hour,47140.537668
China,Power,2020,May,Gigawatt-hour,48969.893836
China,Other,2020,May,Gigawatt-hour,39265.685561
China,Industrial,2020,May,Gigawatt-hour,149347.271052
China,Household,2020,May,Gigawatt-hour,40565.777878
China,Power,2020,June,Gigawatt-hour,52038.151504
China,Other,2020,June,Gigawatt-hour,39259.408492
China,Industrial,2020,June,Gigawatt-hour,149411.490375
China,Household,2020,June,Gigawatt-hour,37395.112671
China,Power,2020,July,Gigawatt-hour,56141.515867
China,Other,2020,July,Gigawatt-hour,35827.743263
China,Industrial,2020,July,Gigawatt-hour,141307.70996
China,Household,2020,July,Gigawatt-hour,20518.106742
China,Power,2020,August,Gigawatt-hour,59749.618814
China,Other,2020,August,Gigawatt-hour,39827.212058
China,Industrial,2020,August,Gigawatt-hour,143247.016972
China,Household,2020,August,Gigawatt-hour,39302.498487
China,Power,2020,September,Gigawatt-hour,52129.749924
China,Other,2020,September,Gigawatt-hour,38954.536456
China,Industrial,2020,September,Gigawatt-hour,149796.843577
China,Household,2020,September,Gigawatt-hour,35063.393253
China,Power,2020,October,Gigawatt-hour,50307.971553
China,Other,2020,October,Gigawatt-hour,39248.355405
China,Industrial,2020,October,Gigawatt-hour,150760.037284
China,Household,2020,October,Gigawatt-hour,37709.501424
China,Power,2020,November,Gigawatt-hour,52984.154412
China,Other,2020,November,Gigawatt-hour,43353.847761
China,Industrial,2020,November,Gigawatt-hour,151299.456693
China,Household,2020,November,Gigawatt-hour,59470.722633
China,Power,2020,December,Gigawatt-hour,60070.785064
China,Other,2020,December,Gigawatt-hour,50193.04185
China,Industrial,2020,December,Gigawatt-hour,150695.923161
China,Household,2020,December,Gigawatt-hour,94595.629706
China,Power,2019,January,Gigawatt-hour,54293.950809
China,Other,2019,January,Gigawatt-hour,45559.01783
China,Industrial,2019,January,Gigawatt-hour,132037.5
China,Household,2019,January,Gigawatt-hour,73911.694216
China,Power,2019,February,Gigawatt-hour,58861.157953
China,Other,2019,February,Gigawatt-hour,36141.414141
China,Industrial,2019,February,Gigawatt-hour,132679.334288
China,Household,2019,February,Gigawatt-hour,14907.226141
China,Power,2019,March,Gigawatt-hour,47034.185488
China,Other,2019,March,Gigawatt-hour,38240.758447
China,Industrial,2019,March,Gigawatt-hour,142206.506568
China,Household,2019,March,Gigawatt-hour,29198.943448
China,Power,2019,April,Gigawatt-hour,44906.970381
China,Other,2019,April,Gigawatt-hour,38247.656916
China,Industrial,2019,April,Gigawatt-hour,141307.477038
China,Household,2019,April,Gigawatt-hour,32264.593641
China,Power,2019,May,Gigawatt-hour,46135.265831
China,Other,2019,May,Gigawatt-hour,38562.104144
China,Industrial,2019,May,Gigawatt-hour,146328.979545
China,Household,2019,May,Gigawatt-hour,27810.987466
China,Power,2019,June,Gigawatt-hour,48156.820908
China,Other,2019,June,Gigawatt-hour,37672.105254
China,Industrial,2019,June,Gigawatt-hour,147048.186485
China,Household,2019,June,Gigawatt-hour,19986.355799
China,Power,2019,July,Gigawatt-hour,54258.675376
China,Other,2019,July,Gigawatt-hour,38298.049398
China,Industrial,2019,July,Gigawatt-hour,144145.749384
China,Household,2019,July,Gigawatt-hour,20362.469211
China,Power,2019,August,Gigawatt-hour,55160.888632
China,Other,2019,August,Gigawatt-hour,39205.38825
China,Industrial,2019,August,Gigawatt-hour,144967.668447
China,Household,2019,August,Gigawatt-hour,23821.256329
China,Power,2019,September,Gigawatt-hour,48771.768381
China,Other,2019,September,Gigawatt-hour,38535.854039
China,Industrial,2019,September,Gigawatt-hour,147202.345059
China,Household,2019,September,Gigawatt-hour,24151.173081
China,Power,2019,October,Gigawatt-hour,47168.737896
China,Other,2019,October,Gigawatt-hour,36578.638372
China,Industrial,2019,October,Gigawatt-hour,146136.452879
China,Household,2019,October,Gigawatt-hour,15640.048714
China,Power,2019,November,Gigawatt-hour,48618.233213
China,Other,2019,November,Gigawatt-hour,43592.628713
China,Industrial,2019,November,Gigawatt-hour,144081.628215
China,Household,2019,November,Gigawatt-hour,56310.835843
China,Power,2019,December,Gigawatt-hour,54020.059254
China,Other,2019,December,Gigawatt-hour,45230.21034
China,Industrial,2019,December,Gigawatt-hour,147189.613022
China,Household,2019,December,Gigawatt-hour,57155.251933
India,Power,2024,January,Gigawatt-hour,12331.325443
India,Other,2024,January,Gigawatt-hour,10281.729455
India,Industrial,2024,January,Gigawatt-hour,27566.95578
India,Household,2024,January,Gigawatt-hour,11821.505356
India,Power,2024,February,Gigawatt-hour,11468.21698
India,Other,2024,February,Gigawatt-hour,10134.535677
India,Industrial,2024,February,Gigawatt-hour,27172.305772
India,Household,2024,February,Gigawatt-hour,11652.268057
India,Power,2024,March,Gigawatt-hour,12463.308028
India,Other,2024,March,Gigawatt-hour,10733.708643
India,Industrial,2024,March,Gigawatt-hour,28778.784069
India,Household,2024,March,Gigawatt-hour,12341.17227
India,Power,2024,April,Gigawatt-hour,12981.366027
India,Other,2024,April,Gigawatt-hour,9064.791551
India,Industrial,2024,April,Gigawatt-hour,24304.151267
India,Household,2024,April,Gigawatt-hour,10422.320727
India,Power,2024,May,Gigawatt-hour,13421.029839
India,Other,2024,May,Gigawatt-hour,11512.372074
India,Industrial,2024,May,Gigawatt-hour,30866.504812
India,Household,2024,May,Gigawatt-hour,13236.447105
India,Power,2024,June,Gigawatt-hour,12685.75497
India,Other,2024,June,Gigawatt-hour,11296.889373
India,Industrial,2024,June,Gigawatt-hour,30288.76136
India,Household,2024,June,Gigawatt-hour,12988.694061
India,Power,2024,July,Gigawatt-hour,11692.995027
India,Other,2024,July,Gigawatt-hour,12182.436819
India,Industrial,2024,July,Gigawatt-hour,32663.055233
India,Household,2024,July,Gigawatt-hour,14006.85972
India,Power,2024,August,Gigawatt-hour,10936.543831
India,Other,2024,August,Gigawatt-hour,10896.355596
India,Industrial,2024,August,Gigawatt-hour,29214.866447
India,Household,2024,August,Gigawatt-hour,12528.176966
India,Power,2024,September,Gigawatt-hour,10721.596148
India,Other,2024,September,Gigawatt-hour,10533.976908
India,Industrial,2024,September,Gigawatt-hour,28243.271416
India,Household,2024,September,Gigawatt-hour,12111.529007
India,Power,2024,October,Gigawatt-hour,11975.888327
India,Other,2024,October,Gigawatt-hour,12082.302005
India,Industrial,2024,October,Gigawatt-hour,32394.577834
India,Household,2024,October,Gigawatt-hour,13891.728869
India,Power,2024,November,Gigawatt-hour,10939.921377
India,Other,2024,November,Gigawatt-hour,10685.337674
India,Industrial,2024,November,Gigawatt-hour,28649.093749
India,Household,2024,November,Gigawatt-hour,12285.557319
India,Power,2024,December,Gigawatt-hour,11360.813457
India,Other,2024,December,Gigawatt-hour,10372.963934
India,Industrial,2024,December,Gigawatt-hour,27811.569975
India,Household,2024,December,Gigawatt-hour,11926.402982
India,Power,2023,January,Gigawatt-hour,11166.871012
India,Other,2023,January,Gigawatt-hour,8170.413783
India,Industrial,2023,January,Gigawatt-hour,21906.181889
India,Household,2023,January,Gigawatt-hour,9394.002324
India,Power,2023,February,Gigawatt-hour,10429.427704
India,Other,2023,February,Gigawatt-hour,7468.859643
India,Industrial,2023,February,Gigawatt-hour,20025.203394
India,Household,2023,February,Gigawatt-hour,8587.384512
India,Power,2023,March,Gigawatt-hour,11373.21424
India,Other,2023,March,Gigawatt-hour,9467.083017
India,Industrial,2023,March,Gigawatt-hour,25382.758821
India,Household,2023,March,Gigawatt-hour,10884.858737
India,Power,2023,April,Gigawatt-hour,11710.529313
India,Other,2023,April,Gigawatt-hour,8845.775536
India,Industrial,2023,April,Gigawatt-hour,23716.934419
India,Household,2023,April,Gigawatt-hour,10170.505212
India,Power,2023,May,Gigawatt-hour,11704.420759
India,Other,2023,May,Gigawatt-hour,9948.78842
India,Industrial,2023,May,Gigawatt-hour,26674.28778
India,Household,2023,May,Gigawatt-hour,11438.703591
India,Power,2023,June,Gigawatt-hour,11463.51696
India,Other,2023,June,Gigawatt-hour,8980.400846
India,Industrial,2023,June,Gigawatt-hour,24077.886336
India,Household,2023,June,Gigawatt-hour,10325.291802
India,Power,2023,July,Gigawatt-hour,10829.084679
India,Other,2023,July,Gigawatt-hour,9534.462326
India,Industrial,2023,July,Gigawatt-hour,25563.413484
India,Household,2023,July,Gigawatt-hour,10962.32866
India,Power,2023,August,Gigawatt-hour,11552.269438
India,Other,2023,August,Gigawatt-hour,10303.896698
India,Industrial,2023,August,Gigawatt-hour,27626.389707
India,Household,2023,August,Gigawatt-hour,11846.992342
India,Power,2023,September,Gigawatt-hour,11421.587289
India,Other,2023,September,Gigawatt-hour,9720.392514
India,Industrial,2023,September,Gigawatt-hour,26061.921953
India,Household,2023,September,Gigawatt-hour,11176.103473
India,Power,2023,October,Gigawatt-hour,12307.232332
India,Other,2023,October,Gigawatt-hour,9980.785574
India,Industrial,2023,October,Gigawatt-hour,26760.077253
India,Household,2023,October,Gigawatt-hour,11475.492588
India,Power,2023,November,Gigawatt-hour,10880.677836
India,Other,2023,November,Gigawatt-hour,9501.253986
India,Industrial,2023,November,Gigawatt-hour,25474.376613
India,Household,2023,November,Gigawatt-hour,10924.14709
India,Power,2023,December,Gigawatt-hour,11072.150617
India,Other,2023,December,Gigawatt-hour,9956.599821
India,Industrial,2023,December,Gigawatt-hour,26695.231416
India,Household,2023,December,Gigawatt-hour,11447.684818
India,Power,2022,January,Gigawatt-hour,10106.645126
India,Other,2022,January,Gigawatt-hour,8486.50256
India,Industrial,2022,January,Gigawatt-hour,22753.666289
India,Household,2022,January,Gigawatt-hour,9757.428072
India,Power,2022,February,Gigawatt-hour,9753.905427
India,Other,2022,February,Gigawatt-hour,7859.192576
India,Industrial,2022,February,Gigawatt-hour,21071.74819
India,Household,2022,February,Gigawatt-hour,9036.173097
India,Power,2022,March,Gigawatt-hour,11415.352778
India,Other,2022,March,Gigawatt-hour,9482.787184
India,Industrial,2022,March,Gigawatt-hour,25424.864178
India,Household,2022,March,Gigawatt-hour,10902.914725
India,Power,2022,April,Gigawatt-hour,11711.510675
India,Other,2022,April,Gigawatt-hour,8064.934248
India,Industrial,2022,April,Gigawatt-hour,21623.374426
India,Household,2022,April,Gigawatt-hour,9272.726327
India,Power,2022,May,Gigawatt-hour,11379.144368
India,Other,2022,May,Gigawatt-hour,10215.083245
India,Industrial,2022,May,Gigawatt-hour,27388.266696
India,Household,2022,May,Gigawatt-hour,11744.87833
India,Power,2022,June,Gigawatt-hour,11085.471884
India,Other,2022,June,Gigawatt-hour,8582.910535
India,Industrial,2022,June,Gigawatt-hour,23012.151445
India,Household,2022,June,Gigawatt-hour,9868.273957
India,Power,2022,July,Gigawatt-hour,9903.404448
India,Other,2022,July,Gigawatt-hour,9492.606858
India,Industrial,2022,July,Gigawatt-hour,25451.192319
India,Household,2022,July,Gigawatt-hour,10914.204997
India,Power,2022,August,Gigawatt-hour,9785.23434
India,Other,2022,August,Gigawatt-hour,8532.387948
India,Industrial,2022,August,Gigawatt-hour,22876.692311
India,Household,2022,August,Gigawatt-hour,9810.185175
India,Power,2022,September,Gigawatt-hour,9792.155268
India,Other,2022,September,Gigawatt-hour,8119.885578
India,Industrial,2022,September,Gigawatt-hour,21770.707707
India,Household,2022,September,Gigawatt-hour,9335.907084
India,Power,2022,October,Gigawatt-hour,9255.782109
India,Other,2022,October,Gigawatt-hour,8528.848839
India,Industrial,2022,October,Gigawatt-hour,22867.203387
India,Household,2022,October,Gigawatt-hour,9806.116047
India,Power,2022,November,Gigawatt-hour,9914.630764
India,Other,2022,November,Gigawatt-hour,8810.882714
India,Industrial,2022,November,Gigawatt-hour,23623.381184
India,Household,2022,November,Gigawatt-hour,10130.386886
India,Power,2022,December,Gigawatt-hour,10804.612676
India,Other,2022,December,Gigawatt-hour,8681.725395
India,Industrial,2022,December,Gigawatt-hour,23277.089819
India,Household,2022,December,Gigawatt-hour,9981.887171
India,Power,2021,January,Gigawatt-hour,10201.059047
India,Other,2021,January,Gigawatt-hour,9139.616965
India,Industrial,2021,January,Gigawatt-hour,24504.770126
India,Household,2021,January,Gigawatt-hour,10508.351878
India,Power,2021,February,Gigawatt-hour,9582.592981
India,Other,2021,February,Gigawatt-hour,8411.31479
India,Industrial,2021,February,Gigawatt-hour,22552.075907
India,Household,2021,February,Gigawatt-hour,9670.980301
India,Power,2021,March,Gigawatt-hour,11241.53184
India,Other,2021,March,Gigawatt-hour,9412.824613
India,Industrial,2021,March,Gigawatt-hour,25237.28339
India,Household,2021,March,Gigawatt-hour,10822.474677
India,Power,2021,April,Gigawatt-hour,10883.872755
India,Other,2021,April,Gigawatt-hour,9741.270987
India,Industrial,2021,April,Gigawatt-hour,26117.900476
India,Household,2021,April,Gigawatt-hour,11200.108679
India,Power,2021,May,Gigawatt-hour,9184.520866
India,Other,2021,May,Gigawatt-hour,9433.909685
India,Industrial,2021,May,Gigawatt-hour,25293.815841
India,Household,2021,May,Gigawatt-hour,10846.717423
India,Power,2021,June,Gigawatt-hour,8967.376415
India,Other,2021,June,Gigawatt-hour,10147.94425
India,Industrial,2021,June,Gigawatt-hour,27208.256334
India,Household,2021,June,Gigawatt-hour,11667.684704
India,Power,2021,July,Gigawatt-hour,9700.921577
India,Other,2021,July,Gigawatt-hour,9804.438672
India,Industrial,2021,July,Gigawatt-hour,26287.263135
India,Household,2021,July,Gigawatt-hour,11272.736265
India,Power,2021,August,Gigawatt-hour,10100.315106
India,Other,2021,August,Gigawatt-hour,10605.715334
India,Industrial,2021,August,Gigawatt-hour,28435.613577
India,Household,2021,August,Gigawatt-hour,12194.010864
India,Power,2021,September,Gigawatt-hour,8954.912652
India,Other,2021,September,Gigawatt-hour,10141.890161
India,Industrial,2021,September,Gigawatt-hour,27192.024342
India,Household,2021,September,Gigawatt-hour,11660.723949
India,Power,2021,October,Gigawatt-hour,9457.311959
India,Other,2021,October,Gigawatt-hour,10154.624928
India,Industrial,2021,October,Gigawatt-hour,27226.168284
India,Household,2021,October,Gigawatt-hour,11675.365863
India,Power,2021,November,Gigawatt-hour,8680.957583
India,Other,2021,November,Gigawatt-hour,9682.912879
India,Industrial,2021,November,Gigawatt-hour,25961.433099
India,Household,2021,November,Gigawatt-hour,11133.010949
India,Power,2021,December,Gigawatt-hour,9792.110139
India,Other,2021,December,Gigawatt-hour,9689.327382
India,Industrial,2021,December,Gigawatt-hour,25978.631385
India,Household,2021,December,Gigawatt-hour,11140.386075
India,Power,2020,January,Gigawatt-hour,9530.511774
India,Other,2020,January,Gigawatt-hour,9402.885324
India,Industrial,2020,January,Gigawatt-hour,25210.634558
India,Household,2020,January,Gigawatt-hour,10811.046887
India,Power,2020,February,Gigawatt-hour,9372.799779
India,Other,2020,February,Gigawatt-hour,10659.995042
India,Industrial,2020,February,Gigawatt-hour,28581.146129
India,Household,2020,February,Gigawatt-hour,12256.41942
India,Power,2020,March,Gigawatt-hour,8691.825975
India,Other,2020,March,Gigawatt-hour,9567.516273
India,Industrial,2020,March,Gigawatt-hour,25652.036393
India,Household,2020,March,Gigawatt-hour,11000.332717
India,Power,2020,April,Gigawatt-hour,7011.794759
India,Other,2020,April,Gigawatt-hour,6620.783914
India,Industrial,2020,April,Gigawatt-hour,17751.377154
India,Household,2020,April,Gigawatt-hour,7612.302274
India,Power,2020,May,Gigawatt-hour,8175.572213
India,Other,2020,May,Gigawatt-hour,9044.673246
India,Industrial,2020,May,Gigawatt-hour,24250.210897
India,Household,2020,May,Gigawatt-hour,10399.189542
India,Power,2020,June,Gigawatt-hour,8202.170665
India,Other,2020,June,Gigawatt-hour,9578.018509
India,Industrial,2020,June,Gigawatt-hour,25680.194557
India,Household,2020,June,Gigawatt-hour,11012.407759
India,Power,2020,July,Gigawatt-hour,8968.374566
India,Other,2020,July,Gigawatt-hour,9933.511917
India,Industrial,2020,July,Gigawatt-hour,26633.329044
India,Household,2020,July,Gigawatt-hour,11421.139306
India,Power,2020,August,Gigawatt-hour,8295.219082
India,Other,2020,August,Gigawatt-hour,9787.897959
India,Industrial,2020,August,Gigawatt-hour,26242.914831
India,Household,2020,August,Gigawatt-hour,11253.718434
India,Power,2020,September,Gigawatt-hour,9025.101215
India,Other,2020,September,Gigawatt-hour,9115.525702
India,Industrial,2020,September,Gigawatt-hour,24440.177622
India,Household,2020,September,Gigawatt-hour,10480.652742
India,Power,2020,October,Gigawatt-hour,9410.064069
India,Other,2020,October,Gigawatt-hour,10699.160567
India,Industrial,2020,October,Gigawatt-hour,28686.155158
India,Household,2020,October,Gigawatt-hour,12301.450318
India,Power,2020,November,Gigawatt-hour,8662.756809
India,Other,2020,November,Gigawatt-hour,9123.14529
India,Industrial,2020,November,Gigawatt-hour,24460.606916
India,Household,2020,November,Gigawatt-hour,10489.413417
India,Power,2020,December,Gigawatt-hour,9594.318888
India,Other,2020,December,Gigawatt-hour,9244.026036
India,Industrial,2020,December,Gigawatt-hour,24784.707486
India,Household,2020,December,Gigawatt-hour,10628.397087
India,Power,2019,January,Gigawatt-hour,8320.785197
India,Other,2019,January,Gigawatt-hour,9042.613314
India,Industrial,2019,January,Gigawatt-hour,24244.687866
India,Household,2019,January,Gigawatt-hour,10396.821099
India,Power,2019,February,Gigawatt-hour,7248.557337
India,Other,2019,February,Gigawatt-hour,7877.369693
India,Industrial,2019,February,Gigawatt-hour,21120.483951
India,Household,2019,February,Gigawatt-hour,9057.072402
India,Power,2019,March,Gigawatt-hour,8549.555574
India,Other,2019,March,Gigawatt-hour,9291.229532
India,Industrial,2019,March,Gigawatt-hour,24911.267567
India,Household,2019,March,Gigawatt-hour,10682.669697
India,Power,2019,April,Gigawatt-hour,8438.272227
India,Other,2019,April,Gigawatt-hour,9170.292348
India,Industrial,2019,April,Gigawatt-hour,24587.015702
India,Household,2019,April,Gigawatt-hour,10543.621148
India,Power,2019,May,Gigawatt-hour,8440.193653
India,Other,2019,May,Gigawatt-hour,9172.380451
India,Industrial,2019,May,Gigawatt-hour,24592.61427
India,Household,2019,May,Gigawatt-hour,10546.021973
India,Power,2019,June,Gigawatt-hour,8920.650039
India,Other,2019,June,Gigawatt-hour,9694.51644
India,Industrial,2019,June,Gigawatt-hour,25992.544064
India,Household,2019,June,Gigawatt-hour,11146.352227
India,Power,2019,July,Gigawatt-hour,8334.174692
India,Other,2019,July,Gigawatt-hour,9057.16434
India,Industrial,2019,July,Gigawatt-hour,24283.701498
India,Household,2019,July,Gigawatt-hour,10413.551274
India,Power,2019,August,Gigawatt-hour,9249.942954
India,Other,2019,August,Gigawatt-hour,10052.375498
India,Industrial,2019,August,Gigawatt-hour,26952.021274
India,Household,2019,August,Gigawatt-hour,11557.803716
India,Power,2019,September,Gigawatt-hour,8503.188971
India,Other,2019,September,Gigawatt-hour,9240.84062
India,Industrial,2019,September,Gigawatt-hour,24776.16687
India,Household,2019,September,Gigawatt-hour,10624.734624
India,Power,2019,October,Gigawatt-hour,9082.349808
India,Other,2019,October,Gigawatt-hour,9870.243663
India,Industrial,2019,October,Gigawatt-hour,26463.696756
India,Household,2019,October,Gigawatt-hour,11348.396084
India,Power,2019,November,Gigawatt-hour,8528.60736
India,Other,2019,November,Gigawatt-hour,9268.464041
India,Industrial,2019,November,Gigawatt-hour,24850.229691
India,Household,2019,November,Gigawatt-hour,10656.494898
India,Power,2019,December,Gigawatt-hour,8367.885928
India,Other,2019,December,Gigawatt-hour,9093.800026
India,Industrial,2019,December,Gigawatt-hour,24381.927633
India,Household,2019,December,Gigawatt-hour,10455.673473
Indonesia,Power,2024,January,Gigawatt-hour,3864
Indonesia,Other,2024,January,Gigawatt-hour,5250.049845
Indonesia,Industrial,2024,January,Gigawatt-hour,23950.298828
Indonesia,Household,2024,January,Gigawatt-hour,903.151326
Indonesia,Power,2024,February,Gigawatt-hour,3265.5
Indonesia,Other,2024,February,Gigawatt-hour,5118.203459
Indonesia,Industrial,2024,February,Gigawatt-hour,23348.826378
Indonesia,Household,2024,February,Gigawatt-hour,880.470163
Indonesia,Power,2024,March,Gigawatt-hour,3979.5
Indonesia,Other,2024,March,Gigawatt-hour,6400.043324
Indonesia,Industrial,2024,March,Gigawatt-hour,29196.475202
Indonesia,Household,2024,March,Gigawatt-hour,1100.981474
Indonesia,Power,2024,April,Gigawatt-hour,3979.5
Indonesia,Other,2024,April,Gigawatt-hour,5667.563401
Indonesia,Industrial,2024,April,Gigawatt-hour,25854.961588
Indonesia,Household,2024,April,Gigawatt-hour,974.97501
Indonesia,Power,2024,May,Gigawatt-hour,4147.5
Indonesia,Other,2024,May,Gigawatt-hour,5517.405017
Indonesia,Industrial,2024,May,Gigawatt-hour,25169.951298
Indonesia,Household,2024,May,Gigawatt-hour,949.143685
Indonesia,Power,2024,June,Gigawatt-hour,3990
Indonesia,Other,2024,June,Gigawatt-hour,4962.551476
Indonesia,Industrial,2024,June,Gigawatt-hour,22638.754735
Indonesia,Household,2024,June,Gigawatt-hour,853.693789
Indonesia,Power,2024,July,Gigawatt-hour,4336.5
Indonesia,Other,2024,July,Gigawatt-hour,5843.358583
Indonesia,Industrial,2024,July,Gigawatt-hour,26656.924856
Indonesia,Household,2024,July,Gigawatt-hour,1005.216562
Indonesia,Power,2024,August,Gigawatt-hour,4284
Indonesia,Other,2024,August,Gigawatt-hour,6348.769729
Indonesia,Industrial,2024,August,Gigawatt-hour,28962.569249
Indonesia,Household,2024,August,Gigawatt-hour,1092.161021
Indonesia,Power,2024,September,Gigawatt-hour,4284
Indonesia,Other,2024,September,Gigawatt-hour,6275.521737
Indonesia,Industrial,2024,September,Gigawatt-hour,28628.417888
Indonesia,Household,2024,September,Gigawatt-hour,1079.560375
Indonesia,Power,2024,October,Gigawatt-hour,4326
Indonesia,Other,2024,October,Gigawatt-hour,5347.103435
Indonesia,Industrial,2024,October,Gigawatt-hour,24393.049382
Indonesia,Household,2024,October,Gigawatt-hour,919.847183
Indonesia,Power,2024,November,Gigawatt-hour,4788
Indonesia,Other,2024,November,Gigawatt-hour,5233.569047
Indonesia,Industrial,2024,November,Gigawatt-hour,23875.114772
Indonesia,Household,2024,November,Gigawatt-hour,900.316181
Indonesia,Power,2024,December,Gigawatt-hour,4389
Indonesia,Other,2024,December,Gigawatt-hour,4762.950697
Indonesia,Industrial,2024,December,Gigawatt-hour,21728.192275
Indonesia,Household,2024,December,Gigawatt-hour,819.357028
Indonesia,Power,2023,January,Gigawatt-hour,4126.5
Indonesia,Other,2023,January,Gigawatt-hour,2810.742111
Indonesia,Industrial,2023,January,Gigawatt-hour,27262.216157
Indonesia,Household,2023,January,Gigawatt-hour,1028.041731
Indonesia,Power,2023,February,Gigawatt-hour,3738
Indonesia,Other,2023,February,Gigawatt-hour,2544.091695
Indonesia,Industrial,2023,February,Gigawatt-hour,24675.895178
Indonesia,Household,2023,February,Gigawatt-hour,930.513127
Indonesia,Power,2023,March,Gigawatt-hour,4032
Indonesia,Other,2023,March,Gigawatt-hour,2807.89531
Indonesia,Industrial,2023,March,Gigawatt-hour,27234.60419
Indonesia,Household,2023,March,Gigawatt-hour,1027.000501
Indonesia,Power,2023,April,Gigawatt-hour,3780
Indonesia,Other,2023,April,Gigawatt-hour,2322.04117
Indonesia,Industrial,2023,April,Gigawatt-hour,22522.161694
Indonesia,Household,2023,April,Gigawatt-hour,849.297136
Indonesia,Power,2023,May,Gigawatt-hour,3990
Indonesia,Other,2023,May,Gigawatt-hour,2612.414933
Indonesia,Industrial,2023,May,Gigawatt-hour,25338.582404
Indonesia,Household,2023,May,Gigawatt-hour,955.502663
Indonesia,Power,2023,June,Gigawatt-hour,3979.5
Indonesia,Other,2023,June,Gigawatt-hour,2728.184865
Indonesia,Industrial,2023,June,Gigawatt-hour,26461.469093
Indonesia,Household,2023,June,Gigawatt-hour,997.846043
Indonesia,Power,2023,July,Gigawatt-hour,4084.5
Indonesia,Other,2023,July,Gigawatt-hour,2600.078793
Indonesia,Industrial,2023,July,Gigawatt-hour,25218.930544
Indonesia,Household,2023,July,Gigawatt-hour,950.990663
Indonesia,Power,2023,August,Gigawatt-hour,4158
Indonesia,Other,2023,August,Gigawatt-hour,2721.542328
Indonesia,Industrial,2023,August,Gigawatt-hour,26397.041168
Indonesia,Household,2023,August,Gigawatt-hour,995.416504
Indonesia,Power,2023,September,Gigawatt-hour,4074
Indonesia,Other,2023,September,Gigawatt-hour,2702.56365
Indonesia,Industrial,2023,September,Gigawatt-hour,26212.961383
Indonesia,Household,2023,September,Gigawatt-hour,988.474967
Indonesia,Power,2023,October,Gigawatt-hour,4326
Indonesia,Other,2023,October,Gigawatt-hour,2949.286456
Indonesia,Industrial,2023,October,Gigawatt-hour,28605.998588
Indonesia,Household,2023,October,Gigawatt-hour,1078.714957
Indonesia,Power,2023,November,Gigawatt-hour,4788
Indonesia,Other,2023,November,Gigawatt-hour,2357.151723
Indonesia,Industrial,2023,November,Gigawatt-hour,22862.709296
Indonesia,Household,2023,November,Gigawatt-hour,862.138981
Indonesia,Power,2023,December,Gigawatt-hour,4945.5
Indonesia,Other,2023,December,Gigawatt-hour,2228.096717
Indonesia,Industrial,2023,December,Gigawatt-hour,21610.966758
Indonesia,Household,2023,December,Gigawatt-hour,814.936524
Indonesia,Power,2022,January,Gigawatt-hour,4735.5
Indonesia,Other,2022,January,Gigawatt-hour,1920.141887
Indonesia,Industrial,2022,January,Gigawatt-hour,26187.830663
Indonesia,Household,2022,January,Gigawatt-hour,1008.52745
Indonesia,Power,2022,February,Gigawatt-hour,3937.5
Indonesia,Other,2022,February,Gigawatt-hour,1582.922594
Indonesia,Industrial,2022,February,Gigawatt-hour,21588.669634
Indonesia,Household,2022,February,Gigawatt-hour,831.407772
Indonesia,Power,2022,March,Gigawatt-hour,4662
Indonesia,Other,2022,March,Gigawatt-hour,1678.479601
Indonesia,Industrial,2022,March,Gigawatt-hour,22891.922656
Indonesia,Household,2022,March,Gigawatt-hour,881.597742
Indonesia,Power,2022,April,Gigawatt-hour,4389
Indonesia,Other,2022,April,Gigawatt-hour,1726.258105
Indonesia,Industrial,2022,April,Gigawatt-hour,23543.549168
Indonesia,Household,2022,April,Gigawatt-hour,906.692728
Indonesia,Power,2022,May,Gigawatt-hour,4599
Indonesia,Other,2022,May,Gigawatt-hour,1784.423239
Indonesia,Industrial,2022,May,Gigawatt-hour,24336.833616
Indonesia,Household,2022,May,Gigawatt-hour,937.243144
Indonesia,Power,2022,June,Gigawatt-hour,4431
Indonesia,Other,2022,June,Gigawatt-hour,1576.690616
Indonesia,Industrial,2022,June,Gigawatt-hour,21503.674871
Indonesia,Household,2022,June,Gigawatt-hour,828.134513
Indonesia,Power,2022,July,Gigawatt-hour,4672.5
Indonesia,Other,2022,July,Gigawatt-hour,1816.275575
Indonesia,Industrial,2022,July,Gigawatt-hour,24771.25129
Indonesia,Household,2022,July,Gigawatt-hour,953.973135
Indonesia,Power,2022,August,Gigawatt-hour,4620
Indonesia,Other,2022,August,Gigawatt-hour,1563.534216
Indonesia,Industrial,2022,August,Gigawatt-hour,21324.241484
Indonesia,Household,2022,August,Gigawatt-hour,821.2243
Indonesia,Power,2022,September,Gigawatt-hour,4672.5
Indonesia,Other,2022,September,Gigawatt-hour,1652.166802
Indonesia,Industrial,2022,September,Gigawatt-hour,22533.055882
Indonesia,Household,2022,September,Gigawatt-hour,867.777316
Indonesia,Power,2022,October,Gigawatt-hour,4788
Indonesia,Other,2022,October,Gigawatt-hour,1736.644736
Indonesia,Industrial,2022,October,Gigawatt-hour,23685.207105
Indonesia,Household,2022,October,Gigawatt-hour,912.148159
Indonesia,Power,2022,November,Gigawatt-hour,4504.5
Indonesia,Other,2022,November,Gigawatt-hour,1731.105199
Indonesia,Industrial,2022,November,Gigawatt-hour,23609.656205
Indonesia,Household,2022,November,Gigawatt-hour,909.238596
Indonesia,Power,2022,December,Gigawatt-hour,4851
Indonesia,Other,2022,December,Gigawatt-hour,1632.085982
Indonesia,Industrial,2022,December,Gigawatt-hour,22259.18387
Indonesia,Household,2022,December,Gigawatt-hour,857.230148
Indonesia,Power,2021,January,Gigawatt-hour,5470.5
Indonesia,Other,2021,January,Gigawatt-hour,2219.698187
Indonesia,Industrial,2021,January,Gigawatt-hour,21432.65005
Indonesia,Household,2021,January,Gigawatt-hour,886.151763
Indonesia,Power,2021,February,Gigawatt-hour,5701.5
Indonesia,Other,2021,February,Gigawatt-hour,2164.6094
Indonesia,Industrial,2021,February,Gigawatt-hour,20900.731478
Indonesia,Household,2021,February,Gigawatt-hour,864.159122
Indonesia,Power,2021,March,Gigawatt-hour,5470.5
Indonesia,Other,2021,March,Gigawatt-hour,2043.983953
Indonesia,Industrial,2021,March,Gigawatt-hour,19736.013225
Indonesia,Household,2021,March,Gigawatt-hour,816.002822
Indonesia,Power,2021,April,Gigawatt-hour,4452
Indonesia,Other,2021,April,Gigawatt-hour,1994.594007
Indonesia,Industrial,2021,April,Gigawatt-hour,19259.120712
Indonesia,Household,2021,April,Gigawatt-hour,796.285281
Indonesia,Power,2021,May,Gigawatt-hour,4431
Indonesia,Other,2021,May,Gigawatt-hour,2217.798574
Indonesia,Industrial,2021,May,Gigawatt-hour,21414.30803
Indonesia,Household,2021,May,Gigawatt-hour,885.393396
Indonesia,Power,2021,June,Gigawatt-hour,4798.5
Indonesia,Other,2021,June,Gigawatt-hour,2218.748381
Indonesia,Industrial,2021,June,Gigawatt-hour,21423.47904
Indonesia,Household,2021,June,Gigawatt-hour,885.77258
Indonesia,Power,2021,July,Gigawatt-hour,4987.5
Indonesia,Other,2021,July,Gigawatt-hour,2435.304301
Indonesia,Industrial,2021,July,Gigawatt-hour,23514.469289
Indonesia,Household,2021,July,Gigawatt-hour,972.22641
Indonesia,Power,2021,August,Gigawatt-hour,4987.5
Indonesia,Other,2021,August,Gigawatt-hour,2238.694321
Indonesia,Industrial,2021,August,Gigawatt-hour,21616.070247
Indonesia,Household,2021,August,Gigawatt-hour,893.735432
Indonesia,Power,2021,September,Gigawatt-hour,4452
Indonesia,Other,2021,September,Gigawatt-hour,2333.674988
Indonesia,Industrial,2021,September,Gigawatt-hour,22533.171233
Indonesia,Household,2021,September,Gigawatt-hour,931.653779
Indonesia,Power,2021,October,Gigawatt-hour,4882.5
Indonesia,Other,2021,October,Gigawatt-hour,3212.246157
Indonesia,Industrial,2021,October,Gigawatt-hour,31016.355356
Indonesia,Household,2021,October,Gigawatt-hour,1282.398486
Indonesia,Power,2021,November,Gigawatt-hour,4504.5
Indonesia,Other,2021,November,Gigawatt-hour,3289.180497
Indonesia,Industrial,2021,November,Gigawatt-hour,31759.207155
Indonesia,Household,2021,November,Gigawatt-hour,1313.112347
Indonesia,Power,2021,December,Gigawatt-hour,6499.5
Indonesia,Other,2021,December,Gigawatt-hour,1872.068946
Indonesia,Industrial,2021,December,Gigawatt-hour,18076.06044
Indonesia,Household,2021,December,Gigawatt-hour,747.370614
Indonesia,Power,2020,January,Gigawatt-hour,4966.5
Indonesia,Other,2020,January,Gigawatt-hour,63.15664
Indonesia,Industrial,2020,January,Gigawatt-hour,27420.881694
Indonesia,Household,2020,January,Gigawatt-hour,1611.461667
Indonesia,Power,2020,February,Gigawatt-hour,4441.5
Indonesia,Other,2020,February,Gigawatt-hour,53.37887
Indonesia,Industrial,2020,February,Gigawatt-hour,23175.642341
Indonesia,Household,2020,February,Gigawatt-hour,1361.978789
Indonesia,Power,2020,March,Gigawatt-hour,4641
Indonesia,Other,2020,March,Gigawatt-hour,60.740687
Indonesia,Industrial,2020,March,Gigawatt-hour,26371.941434
Indonesia,Household,2020,March,Gigawatt-hour,1549.817879
Indonesia,Power,2020,April,Gigawatt-hour,4420.5
Indonesia,Other,2020,April,Gigawatt-hour,52.558358
Indonesia,Industrial,2020,April,Gigawatt-hour,22819.398479
Indonesia,Household,2020,April,Gigawatt-hour,1341.043163
Indonesia,Power,2020,May,Gigawatt-hour,4126.5
Indonesia,Other,2020,May,Gigawatt-hour,55.225023
Indonesia,Industrial,2020,May,Gigawatt-hour,23977.19103
Indonesia,Household,2020,May,Gigawatt-hour,1409.083948
Indonesia,Power,2020,June,Gigawatt-hour,3696
Indonesia,Other,2020,June,Gigawatt-hour,44.626741
Indonesia,Industrial,2020,June,Gigawatt-hour,19375.707815
Indonesia,Household,2020,June,Gigawatt-hour,1138.665443
Indonesia,Power,2020,July,Gigawatt-hour,9177
Indonesia,Other,2020,July,Gigawatt-hour,47.772038
Indonesia,Industrial,2020,July,Gigawatt-hour,20741.309285
Indonesia,Household,2020,July,Gigawatt-hour,1218.918677
Indonesia,Power,2020,August,Gigawatt-hour,3633
Indonesia,Other,2020,August,Gigawatt-hour,51.418758
Indonesia,Industrial,2020,August,Gigawatt-hour,22324.615338
Indonesia,Household,2020,August,Gigawatt-hour,1311.965904
Indonesia,Power,2020,September,Gigawatt-hour,3549
Indonesia,Other,2020,September,Gigawatt-hour,50.279158
Indonesia,Industrial,2020,September,Gigawatt-hour,21829.832196
Indonesia,Household,2020,September,Gigawatt-hour,1282.888646
Indonesia,Power,2020,October,Gigawatt-hour,5617.5
Indonesia,Other,2020,October,Gigawatt-hour,48.774886
Indonesia,Industrial,2020,October,Gigawatt-hour,21176.71845
Indonesia,Household,2020,October,Gigawatt-hour,1244.506664
Indonesia,Power,2020,November,Gigawatt-hour,6111
Indonesia,Other,2020,November,Gigawatt-hour,44.262069
Indonesia,Industrial,2020,November,Gigawatt-hour,19217.37721
Indonesia,Household,2020,November,Gigawatt-hour,1129.360721
Indonesia,Power,2020,December,Gigawatt-hour,4914
Indonesia,Other,2020,December,Gigawatt-hour,46.609646
Indonesia,Industrial,2020,December,Gigawatt-hour,20236.630481
Indonesia,Household,2020,December,Gigawatt-hour,1189.259873
Indonesia,Power,2019,January,Gigawatt-hour,5817
Indonesia,Other,2019,January,Gigawatt-hour,480.391307
Indonesia,Industrial,2019,January,Gigawatt-hour,23576.203151
Indonesia,Household,2019,January,Gigawatt-hour,1090.905543
Indonesia,Power,2019,February,Gigawatt-hour,5208
Indonesia,Other,2019,February,Gigawatt-hour,411.39147
Indonesia,Industrial,2019,February,Gigawatt-hour,20189.892552
Indonesia,Household,2019,February,Gigawatt-hour,934.215978
Indonesia,Power,2019,March,Gigawatt-hour,5806.5
Indonesia,Other,2019,March,Gigawatt-hour,498.243009
Indonesia,Industrial,2019,March,Gigawatt-hour,24452.312579
Indonesia,Household,2019,March,Gigawatt-hour,1131.444413
Indonesia,Power,2019,April,Gigawatt-hour,6027
Indonesia,Other,2019,April,Gigawatt-hour,489.81861
Indonesia,Industrial,2019,April,Gigawatt-hour,24038.86768
Indonesia,Household,2019,April,Gigawatt-hour,1112.31371
Indonesia,Power,2019,May,Gigawatt-hour,6321
Indonesia,Other,2019,May,Gigawatt-hour,519.905748
Indonesia,Industrial,2019,May,Gigawatt-hour,25515.456604
Indonesia,Household,2019,May,Gigawatt-hour,1180.637648
Indonesia,Power,2019,June,Gigawatt-hour,5953.5
Indonesia,Other,2019,June,Gigawatt-hour,480.591888
Indonesia,Industrial,2019,June,Gigawatt-hour,23586.047077
Indonesia,Household,2019,June,Gigawatt-hour,1091.361036
Indonesia,Power,2019,July,Gigawatt-hour,6069
Indonesia,Other,2019,July,Gigawatt-hour,513.68774
Indonesia,Industrial,2019,July,Gigawatt-hour,25210.294893
Indonesia,Household,2019,July,Gigawatt-hour,1166.517367
Indonesia,Power,2019,August,Gigawatt-hour,6184.5
Indonesia,Other,2019,August,Gigawatt-hour,468.356452
Indonesia,Industrial,2019,August,Gigawatt-hour,22985.567581
Indonesia,Household,2019,August,Gigawatt-hour,1063.575968
Indonesia,Power,2019,September,Gigawatt-hour,5712
Indonesia,Other,2019,September,Gigawatt-hour,496.638361
Indonesia,Industrial,2019,September,Gigawatt-hour,24373.561169
Indonesia,Household,2019,September,Gigawatt-hour,1127.800469
Indonesia,Power,2019,October,Gigawatt-hour,5754
Indonesia,Other,2019,October,Gigawatt-hour,472.769232
Indonesia,Industrial,2019,October,Gigawatt-hour,23202.133956
Indonesia,Household,2019,October,Gigawatt-hour,1073.596812
Indonesia,Power,2019,November,Gigawatt-hour,5701.5
Indonesia,Other,2019,November,Gigawatt-hour,467.754709
Indonesia,Industrial,2019,November,Gigawatt-hour,22956.035803
Indonesia,Household,2019,November,Gigawatt-hour,1062.209489
Indonesia,Power,2019,December,Gigawatt-hour,5701.5
Indonesia,Other,2019,December,Gigawatt-hour,470.964003
Indonesia,Industrial,2019,December,Gigawatt-hour,23113.538621
Indonesia,Household,2019,December,Gigawatt-hour,1069.497375
Japan,Power,2024,January,Gigawatt-hour,51912
Japan,Other,2024,January,Gigawatt-hour,11503.522662
Japan,Industrial,2024,January,Gigawatt-hour,21807.09172
Japan,Household,2024,January,Gigawatt-hour,17842.165953
Japan,Power,2024,February,Gigawatt-hour,47250
Japan,Other,2024,February,Gigawatt-hour,10625.987912
Japan,Industrial,2024,February,Gigawatt-hour,20140.156416
Japan,Household,2024,February,Gigawatt-hour,16478.309795
Japan,Power,2024,March,Gigawatt-hour,50011.5
Japan,Other,2024,March,Gigawatt-hour,9400.405185
Japan,Industrial,2024,March,Gigawatt-hour,17819.013373
Japan,Household,2024,March,Gigawatt-hour,14579.19276
Japan,Power,2024,April,Gigawatt-hour,33337.5
Japan,Other,2024,April,Gigawatt-hour,7778.095648
Japan,Industrial,2024,April,Gigawatt-hour,14743.624122
Japan,Household,2024,April,Gigawatt-hour,12062.965191
Japan,Power,2024,May,Gigawatt-hour,32697
Japan,Other,2024,May,Gigawatt-hour,7927.648354
Japan,Industrial,2024,May,Gigawatt-hour,15027.105965
Japan,Household,2024,May,Gigawatt-hour,12294.904881
Japan,Power,2024,June,Gigawatt-hour,35647.5
Japan,Other,2024,June,Gigawatt-hour,6849.442211
Japan,Industrial,2024,June,Gigawatt-hour,12983.332422
Japan,Household,2024,June,Gigawatt-hour,10622.726527
Japan,Power,2024,July,Gigawatt-hour,48940.5
Japan,Other,2024,July,Gigawatt-hour,9129.515888
Japan,Industrial,2024,July,Gigawatt-hour,17305.283551
Japan,Household,2024,July,Gigawatt-hour,14158.86836
Japan,Power,2024,August,Gigawatt-hour,51649.5
Japan,Other,2024,August,Gigawatt-hour,7965.277588
Japan,Industrial,2024,August,Gigawatt-hour,15098.433357
Japan,Household,2024,August,Gigawatt-hour,12353.263656
Japan,Power,2024,September,Gigawatt-hour,46431
Japan,Other,2024,September,Gigawatt-hour,7275.450625
Japan,Industrial,2024,September,Gigawatt-hour,13790.844724
Japan,Household,2024,September,Gigawatt-hour,11283.418411
Japan,Power,2024,October,Gigawatt-hour,38850
Japan,Other,2024,October,Gigawatt-hour,8029.939189
Japan,Industrial,2024,October,Gigawatt-hour,15221.00145
Japan,Household,2024,October,Gigawatt-hour,12453.546641
Japan,Power,2024,November,Gigawatt-hour,38209.5
Japan,Other,2024,November,Gigawatt-hour,7891.371759
Japan,Industrial,2024,November,Gigawatt-hour,14958.342542
Japan,Household,2024,November,Gigawatt-hour,12238.643898
Japan,Power,2024,December,Gigawatt-hour,48583.5
Japan,Other,2024,December,Gigawatt-hour,10505.011584
Japan,Industrial,2024,December,Gigawatt-hour,19912.578761
Japan,Household,2024,December,Gigawatt-hour,16292.109895
Japan,Power,2023,January,Gigawatt-hour,52458
Japan,Other,2023,January,Gigawatt-hour,11999.304839
Japan,Industrial,2023,January,Gigawatt-hour,22743.375416
Japan,Household,2023,January,Gigawatt-hour,18608.21625
Japan,Power,2023,February,Gigawatt-hour,46945.5
Japan,Other,2023,February,Gigawatt-hour,10534.629268
Japan,Industrial,2023,February,Gigawatt-hour,19968.720009
Japan,Household,2023,February,Gigawatt-hour,16338.043644
Japan,Power,2023,March,Gigawatt-hour,41695.5
Japan,Other,2023,March,Gigawatt-hour,9558.589464
Japan,Industrial,2023,March,Gigawatt-hour,18118.605965
Japan,Household,2023,March,Gigawatt-hour,14824.313971
Japan,Power,2023,April,Gigawatt-hour,34555.5
Japan,Other,2023,April,Gigawatt-hour,7772.711353
Japan,Industrial,2023,April,Gigawatt-hour,14733.418022
Japan,Household,2023,April,Gigawatt-hour,12054.614745
Japan,Power,2023,May,Gigawatt-hour,33379.5
Japan,Other,2023,May,Gigawatt-hour,7327.770155
Japan,Industrial,2023,May,Gigawatt-hour,13890.018035
Japan,Household,2023,May,Gigawatt-hour,11364.56021
Japan,Power,2023,June,Gigawatt-hour,39406.5
Japan,Other,2023,June,Gigawatt-hour,7762.365462
Japan,Industrial,2023,June,Gigawatt-hour,14715.476686
Japan,Household,2023,June,Gigawatt-hour,12039.935471
Japan,Power,2023,July,Gigawatt-hour,46641
Japan,Other,2023,July,Gigawatt-hour,7974.128019
Japan,Industrial,2023,July,Gigawatt-hour,15115.209627
Japan,Household,2023,July,Gigawatt-hour,12366.989695
Japan,Power,2023,August,Gigawatt-hour,51124.5
Japan,Other,2023,August,Gigawatt-hour,8476.499397
Japan,Industrial,2023,August,Gigawatt-hour,16067.470322
Japan,Household,2023,August,Gigawatt-hour,13146.112081
Japan,Power,2023,September,Gigawatt-hour,48321
Japan,Other,2023,September,Gigawatt-hour,7697.95578
Japan,Industrial,2023,September,Gigawatt-hour,14591.716491
Japan,Household,2023,September,Gigawatt-hour,11938.677129
Japan,Power,2023,October,Gigawatt-hour,36151.5
Japan,Other,2023,October,Gigawatt-hour,6836.812043
Japan,Industrial,2023,October,Gigawatt-hour,12959.633257
Japan,Household,2023,October,Gigawatt-hour,10603.336302
Japan,Power,2023,November,Gigawatt-hour,41370
Japan,Other,2023,November,Gigawatt-hour,8270.511719
Japan,Industrial,2023,November,Gigawatt-hour,15677.014221
Japan,Household,2023,November,Gigawatt-hour,12826.647999
Japan,Power,2023,December,Gigawatt-hour,47638.5
Japan,Other,2023,December,Gigawatt-hour,10107.461004
Japan,Industrial,2023,December,Gigawatt-hour,19160.298321
Japan,Household,2023,December,Gigawatt-hour,15676.607717
Japan,Power,2022,January,Gigawatt-hour,64239
Japan,Other,2022,January,Gigawatt-hour,11836.520267
Japan,Industrial,2022,January,Gigawatt-hour,22437.068163
Japan,Household,2022,January,Gigawatt-hour,18357.132444
Japan,Power,2022,February,Gigawatt-hour,57340.5
Japan,Other,2022,February,Gigawatt-hour,12175.452385
Japan,Industrial,2022,February,Gigawatt-hour,23078.951662
Japan,Household,2022,February,Gigawatt-hour,18882.778633
Japan,Power,2022,March,Gigawatt-hour,48363
Japan,Other,2022,March,Gigawatt-hour,10146.871054
Japan,Industrial,2022,March,Gigawatt-hour,19233.71216
Japan,Household,2022,March,Gigawatt-hour,15736.673586
Japan,Power,2022,April,Gigawatt-hour,38640
Japan,Other,2022,April,Gigawatt-hour,8680.027577
Japan,Industrial,2022,April,Gigawatt-hour,16453.761226
Japan,Household,2022,April,Gigawatt-hour,13461.761755
Japan,Power,2022,May,Gigawatt-hour,40047
Japan,Other,2022,May,Gigawatt-hour,7877.674782
Japan,Industrial,2022,May,Gigawatt-hour,14932.379494
Japan,Household,2022,May,Gigawatt-hour,12217.401404
Japan,Power,2022,June,Gigawatt-hour,48205.5
Japan,Other,2022,June,Gigawatt-hour,7721.11367
Japan,Industrial,2022,June,Gigawatt-hour,14635.071377
Japan,Household,2022,June,Gigawatt-hour,11974.149308
Japan,Power,2022,July,Gigawatt-hour,52416
Japan,Other,2022,July,Gigawatt-hour,8730.918808
Japan,Industrial,2022,July,Gigawatt-hour,16549.730291
Japan,Household,2022,July,Gigawatt-hour,13540.68842
Japan,Power,2022,August,Gigawatt-hour,49465.5
Japan,Other,2022,August,Gigawatt-hour,7829.507059
Japan,Industrial,2022,August,Gigawatt-hour,14839.581012
Japan,Household,2022,August,Gigawatt-hour,12141.475373
Japan,Power,2022,September,Gigawatt-hour,41044.5
Japan,Other,2022,September,Gigawatt-hour,9253.767831
Japan,Industrial,2022,September,Gigawatt-hour,17540.807003
Japan,Household,2022,September,Gigawatt-hour,14351.569366
Japan,Power,2022,October,Gigawatt-hour,39900
Japan,Other,2022,October,Gigawatt-hour,7992.786591
Japan,Industrial,2022,October,Gigawatt-hour,15150.577535
Japan,Household,2022,October,Gigawatt-hour,12395.927074
Japan,Power,2022,November,Gigawatt-hour,42063
Japan,Other,2022,November,Gigawatt-hour,8073.844401
Japan,Industrial,2022,November,Gigawatt-hour,15304.225155
Japan,Household,2022,November,Gigawatt-hour,12521.638763
Japan,Power,2022,December,Gigawatt-hour,53025
Japan,Other,2022,December,Gigawatt-hour,10192.057683
Japan,Industrial,2022,December,Gigawatt-hour,19319.364832
Japan,Household,2022,December,Gigawatt-hour,15806.753044
Japan,Power,2021,January,Gigawatt-hour,70570.5
Japan,Other,2021,January,Gigawatt-hour,7660.774625
Japan,Industrial,2021,January,Gigawatt-hour,24312.400994
Japan,Household,2021,January,Gigawatt-hour,19892.85847
Japan,Power,2021,February,Gigawatt-hour,58096.5
Japan,Other,2021,February,Gigawatt-hour,7184.57416
Japan,Industrial,2021,February,Gigawatt-hour,22802.145608
Japan,Household,2021,February,Gigawatt-hour,18656.300952
Japan,Power,2021,March,Gigawatt-hour,51723
Japan,Other,2021,March,Gigawatt-hour,7235.485216
Japan,Industrial,2021,March,Gigawatt-hour,22963.203568
Japan,Household,2021,March,Gigawatt-hour,18787.209816
Japan,Power,2021,April,Gigawatt-hour,41643
Japan,Other,2021,April,Gigawatt-hour,5196.861626
Japan,Industrial,2021,April,Gigawatt-hour,16491.300998
Japan,Household,2021,April,Gigawatt-hour,13492.882635
Japan,Power,2021,May,Gigawatt-hour,38997
Japan,Other,2021,May,Gigawatt-hour,5307.234007
Japan,Industrial,2021,May,Gigawatt-hour,16843.910288
Japan,Household,2021,May,Gigawatt-hour,13781.381145
Japan,Power,2021,June,Gigawatt-hour,46494
Japan,Other,2021,June,Gigawatt-hour,4724.5979
Japan,Industrial,2021,June,Gigawatt-hour,14992.486582
Japan,Household,2021,June,Gigawatt-hour,12266.57993
Japan,Power,2021,July,Gigawatt-hour,53046
Japan,Other,2021,July,Gigawatt-hour,5750.778286
Japan,Industrial,2021,July,Gigawatt-hour,18250.852409
Japan,Household,2021,July,Gigawatt-hour,14932.515607
Japan,Power,2021,August,Gigawatt-hour,50956.5
Japan,Other,2021,August,Gigawatt-hour,5043.183929
Japan,Industrial,2021,August,Gigawatt-hour,16007.934963
Japan,Household,2021,August,Gigawatt-hour,13097.401333
Japan,Power,2021,September,Gigawatt-hour,38776.5
Japan,Other,2021,September,Gigawatt-hour,5142.622384
Japan,Industrial,2021,September,Gigawatt-hour,16322.697366
Japan,Household,2021,September,Gigawatt-hour,13354.934208
Japan,Power,2021,October,Gigawatt-hour,43039.5
Japan,Other,2021,October,Gigawatt-hour,4956.761138
Japan,Industrial,2021,October,Gigawatt-hour,15729.150648
Japan,Household,2021,October,Gigawatt-hour,12869.305076
Japan,Power,2021,November,Gigawatt-hour,46441.5
Japan,Other,2021,November,Gigawatt-hour,5743.014359
Japan,Industrial,2021,November,Gigawatt-hour,18225.679953
Japan,Household,2021,November,Gigawatt-hour,14911.919962
Japan,Power,2021,December,Gigawatt-hour,54694.5
Japan,Other,2021,December,Gigawatt-hour,7635.630942
Japan,Industrial,2021,December,Gigawatt-hour,24234.766563
Japan,Household,2021,December,Gigawatt-hour,19828.445369
Japan,Power,2020,January,Gigawatt-hour,76041
Japan,Other,2020,January,Gigawatt-hour,4868.763629
Japan,Industrial,2020,January,Gigawatt-hour,13008.164956
Japan,Household,2020,January,Gigawatt-hour,10643.044055
Japan,Power,2020,February,Gigawatt-hour,58821
Japan,Other,2020,February,Gigawatt-hour,7692.877182
Japan,Industrial,2020,February,Gigawatt-hour,20555.575138
Japan,Household,2020,February,Gigawatt-hour,16818.19784
Japan,Power,2020,March,Gigawatt-hour,59503.5
Japan,Other,2020,March,Gigawatt-hour,7373.615556
Japan,Industrial,2020,March,Gigawatt-hour,19702.398894
Japan,Household,2020,March,Gigawatt-hour,16119.215879
Japan,Power,2020,April,Gigawatt-hour,50316
Japan,Other,2020,April,Gigawatt-hour,7290.949434
Japan,Industrial,2020,April,Gigawatt-hour,19481.613363
Japan,Household,2020,April,Gigawatt-hour,15939.501843
Japan,Power,2020,May,Gigawatt-hour,39249
Japan,Other,2020,May,Gigawatt-hour,5804.773751
Japan,Industrial,2020,May,Gigawatt-hour,15508.668045
Japan,Household,2020,May,Gigawatt-hour,12688.910219
Japan,Power,2020,June,Gigawatt-hour,51733.5
Japan,Other,2020,June,Gigawatt-hour,3603.27821
Japan,Industrial,2020,June,Gigawatt-hour,9628.056477
Japan,Household,2020,June,Gigawatt-hour,7877.500754
Japan,Power,2020,July,Gigawatt-hour,65971.5
Japan,Other,2020,July,Gigawatt-hour,2956.86073
Japan,Industrial,2020,July,Gigawatt-hour,7900.811551
Japan,Household,2020,July,Gigawatt-hour,6464.30036
Japan,Power,2020,August,Gigawatt-hour,76681.5
Japan,Other,2020,August,Gigawatt-hour,1922.255083
Japan,Industrial,2020,August,Gigawatt-hour,5136.317382
Japan,Household,2020,August,Gigawatt-hour,4202.441495
Japan,Power,2020,September,Gigawatt-hour,64501.5
Japan,Other,2020,September,Gigawatt-hour,4486.002196
Japan,Industrial,2020,September,Gigawatt-hour,11984.76955
Japan,Household,2020,September,Gigawatt-hour,9805.720541
Japan,Power,2020,October,Gigawatt-hour,51943.5
Japan,Other,2020,October,Gigawatt-hour,6893.141868
Japan,Industrial,2020,October,Gigawatt-hour,18416.606257
Japan,Household,2020,October,Gigawatt-hour,15068.132392
Japan,Power,2020,November,Gigawatt-hour,52332
Japan,Other,2020,November,Gigawatt-hour,6214.756177
Japan,Industrial,2020,November,Gigawatt-hour,16607.638678
Japan,Household,2020,November,Gigawatt-hour,13588.068009
Japan,Power,2020,December,Gigawatt-hour,76839
Japan,Other,2020,December,Gigawatt-hour,4222.918769
Japan,Industrial,2020,December,Gigawatt-hour,11285.371502
Japan,Household,2020,December,Gigawatt-hour,9233.485774
Japan,Power,2019,January,Gigawatt-hour,77521.5
Japan,Other,2019,January,Gigawatt-hour,5395.072267
Japan,Industrial,2019,January,Gigawatt-hour,15038.109203
Japan,Household,2019,January,Gigawatt-hour,12303.90753
Japan,Power,2019,February,Gigawatt-hour,68334
Japan,Other,2019,February,Gigawatt-hour,6976.05901
Japan,Industrial,2019,February,Gigawatt-hour,19444.917882
Japan,Household,2019,February,Gigawatt-hour,15909.478267
Japan,Power,2019,March,Gigawatt-hour,60637.5
Japan,Other,2019,March,Gigawatt-hour,7676.955869
Japan,Industrial,2019,March,Gigawatt-hour,21398.582816
Japan,Household,2019,March,Gigawatt-hour,17507.931395
Japan,Power,2019,April,Gigawatt-hour,54883.5
Japan,Other,2019,April,Gigawatt-hour,6867.110673
Japan,Industrial,2019,April,Gigawatt-hour,19141.237614
Japan,Household,2019,April,Gigawatt-hour,15661.012593
Japan,Power,2019,May,Gigawatt-hour,46693.5
Japan,Other,2019,May,Gigawatt-hour,5833.260629
Japan,Industrial,2019,May,Gigawatt-hour,16259.506082
Japan,Household,2019,May,Gigawatt-hour,13303.232249
Japan,Power,2019,June,Gigawatt-hour,54600
Japan,Other,2019,June,Gigawatt-hour,4213.695794
Japan,Industrial,2019,June,Gigawatt-hour,11745.165655
Japan,Household,2019,June,Gigawatt-hour,9609.680991
Japan,Power,2019,July,Gigawatt-hour,72313.5
Japan,Other,2019,July,Gigawatt-hour,2765.893371
Japan,Industrial,2019,July,Gigawatt-hour,7709.592104
Japan,Household,2019,July,Gigawatt-hour,6307.848085
Japan,Power,2019,August,Gigawatt-hour,60480
Japan,Other,2019,August,Gigawatt-hour,5750.010254
Japan,Industrial,2019,August,Gigawatt-hour,16027.455766
Japan,Household,2019,August,Gigawatt-hour,13113.3729
Japan,Power,2019,September,Gigawatt-hour,55209
Japan,Other,2019,September,Gigawatt-hour,5969.028366
Japan,Industrial,2019,September,Gigawatt-hour,16637.942175
Japan,Household,2019,September,Gigawatt-hour,13612.861779
Japan,Power,2019,October,Gigawatt-hour,52132.5
Japan,Other,2019,October,Gigawatt-hour,6993.706599
Japan,Industrial,2019,October,Gigawatt-hour,19494.108393
Japan,Household,2019,October,Gigawatt-hour,15949.725049
Japan,Power,2019,November,Gigawatt-hour,57477
Japan,Other,2019,November,Gigawatt-hour,5907.101919
Japan,Industrial,2019,November,Gigawatt-hour,16465.329717
Japan,Household,2019,November,Gigawatt-hour,13471.633405
Japan,Power,2019,December,Gigawatt-hour,64575
Japan,Other,2019,December,Gigawatt-hour,5364.431451
Japan,Industrial,2019,December,Gigawatt-hour,14952.701648
Japan,Household,2019,December,Gigawatt-hour,12234.028621
Malaysia,Power,2024,January,Gigawatt-hour,15992.743305
Malaysia,Other,2024,January,Gigawatt-hour,47.060549
Malaysia,Industrial,2024,January,Gigawatt-hour,23165.555343
Malaysia,Household,2024,January,Gigawatt-hour,11.765135
Malaysia,Power,2024,February,Gigawatt-hour,13181.470344
Malaysia,Other,2024,February,Gigawatt-hour,38.78804
Malaysia,Industrial,2024,February,Gigawatt-hour,19093.414746
Malaysia,Household,2024,February,Gigawatt-hour,9.697012
Malaysia,Power,2024,March,Gigawatt-hour,15866.67915
Malaysia,Other,2024,March,Gigawatt-hour,46.689594
Malaysia,Industrial,2024,March,Gigawatt-hour,22982.950893
Malaysia,Household,2024,March,Gigawatt-hour,11.672398
Malaysia,Power,2024,April,Gigawatt-hour,16331.318262
Malaysia,Other,2024,April,Gigawatt-hour,48.056841
Malaysia,Industrial,2024,April,Gigawatt-hour,23655.982581
Malaysia,Household,2024,April,Gigawatt-hour,12.014216
Malaysia,Power,2024,May,Gigawatt-hour,12918.242841
Malaysia,Other,2024,May,Gigawatt-hour,38.013465
Malaysia,Industrial,2024,May,Gigawatt-hour,18712.128603
Malaysia,Household,2024,May,Gigawatt-hour,9.503372
Malaysia,Power,2024,June,Gigawatt-hour,15193.163191
Malaysia,Other,2024,June,Gigawatt-hour,44.707688
Malaysia,Industrial,2024,June,Gigawatt-hour,22007.360214
Malaysia,Household,2024,June,Gigawatt-hour,11.176925
Malaysia,Power,2024,July,Gigawatt-hour,13871.563115
Malaysia,Other,2024,July,Gigawatt-hour,40.818729
Malaysia,Industrial,2024,July,Gigawatt-hour,20093.017003
Malaysia,Household,2024,July,Gigawatt-hour,10.204677
Malaysia,Power,2024,August,Gigawatt-hour,15338.888502
Malaysia,Other,2024,August,Gigawatt-hour,45.136497
Malaysia,Industrial,2024,August,Gigawatt-hour,22218.44394
Malaysia,Household,2024,August,Gigawatt-hour,11.284129
Malaysia,Power,2024,September,Gigawatt-hour,15282.514086
Malaysia,Other,2024,September,Gigawatt-hour,44.970618
Malaysia,Industrial,2024,September,Gigawatt-hour,22136.785367
Malaysia,Household,2024,September,Gigawatt-hour,11.242655
Malaysia,Power,2024,October,Gigawatt-hour,15766.553764
Malaysia,Other,2024,October,Gigawatt-hour,46.394954
Malaysia,Industrial,2024,October,Gigawatt-hour,22837.918856
Malaysia,Household,2024,October,Gigawatt-hour,11.598741
Malaysia,Power,2024,November,Gigawatt-hour,14722.13022
Malaysia,Other,2024,November,Gigawatt-hour,43.321624
Malaysia,Industrial,2024,November,Gigawatt-hour,21325.06699
Malaysia,Household,2024,November,Gigawatt-hour,10.830403
Malaysia,Power,2024,December,Gigawatt-hour,14556.646272
Malaysia,Other,2024,December,Gigawatt-hour,42.834666
Malaysia,Industrial,2024,December,Gigawatt-hour,21085.362806
Malaysia,Household,2024,December,Gigawatt-hour,10.708666
Malaysia,Power,2023,January,Gigawatt-hour,13186.61905
Malaysia,Other,2023,January,Gigawatt-hour,38.803191
Malaysia,Industrial,2023,January,Gigawatt-hour,19100.872665
Malaysia,Household,2023,January,Gigawatt-hour,9.700803
Malaysia,Power,2023,February,Gigawatt-hour,12394.41861
Malaysia,Other,2023,February,Gigawatt-hour,36.472054
Malaysia,Industrial,2023,February,Gigawatt-hour,17953.367019
Malaysia,Household,2023,February,Gigawatt-hour,9.118011
Malaysia,Power,2023,March,Gigawatt-hour,13487.385555
Malaysia,Other,2023,March,Gigawatt-hour,39.688236
Malaysia,Industrial,2023,March,Gigawatt-hour,19536.534213
Malaysia,Household,2023,March,Gigawatt-hour,9.922059
Malaysia,Power,2023,April,Gigawatt-hour,12888.654723
Malaysia,Other,2023,April,Gigawatt-hour,37.926399
Malaysia,Industrial,2023,April,Gigawatt-hour,18669.270102
Malaysia,Household,2023,April,Gigawatt-hour,9.481605
Malaysia,Power,2023,May,Gigawatt-hour,13367.453043
Malaysia,Other,2023,May,Gigawatt-hour,39.33532
Malaysia,Industrial,2023,May,Gigawatt-hour,19362.811461
Malaysia,Household,2023,May,Gigawatt-hour,9.833827
Malaysia,Power,2023,June,Gigawatt-hour,14231.907512
Malaysia,Other,2023,June,Gigawatt-hour,41.879082
Malaysia,Industrial,2023,June,Gigawatt-hour,20614.977359
Malaysia,Household,2023,June,Gigawatt-hour,10.469771
Malaysia,Power,2023,July,Gigawatt-hour,15336.41172
Malaysia,Other,2023,July,Gigawatt-hour,45.12921
Malaysia,Industrial,2023,July,Gigawatt-hour,22214.85631
Malaysia,Household,2023,July,Gigawatt-hour,11.282303
Malaysia,Power,2023,August,Gigawatt-hour,11644.70685
Malaysia,Other,2023,August,Gigawatt-hour,34.265931
Malaysia,Industrial,2023,August,Gigawatt-hour,16867.406409
Malaysia,Household,2023,August,Gigawatt-hour,8.566488
Malaysia,Power,2023,September,Gigawatt-hour,13323.699554
Malaysia,Other,2023,September,Gigawatt-hour,39.206559
Malaysia,Industrial,2023,September,Gigawatt-hour,19299.434343
Malaysia,Household,2023,September,Gigawatt-hour,9.801645
Malaysia,Power,2023,October,Gigawatt-hour,15785.747995
Malaysia,Other,2023,October,Gigawatt-hour,46.451444
Malaysia,Industrial,2023,October,Gigawatt-hour,22865.721774
Malaysia,Household,2023,October,Gigawatt-hour,11.612864
Malaysia,Power,2023,November,Gigawatt-hour,14661.904131
Malaysia,Other,2023,November,Gigawatt-hour,43.144395
Malaysia,Industrial,2023,November,Gigawatt-hour,21237.829252
Malaysia,Household,2023,November,Gigawatt-hour,10.786104
Malaysia,Power,2023,December,Gigawatt-hour,13633.584919
Malaysia,Other,2023,December,Gigawatt-hour,40.118442
Malaysia,Industrial,2023,December,Gigawatt-hour,19748.304587
Malaysia,Household,2023,December,Gigawatt-hour,10.029611
Malaysia,Power,2022,January,Gigawatt-hour,14128.919406
Malaysia,Other,2022,January,Gigawatt-hour,41.576031
Malaysia,Industrial,2022,January,Gigawatt-hour,20465.798661
Malaysia,Household,2022,January,Gigawatt-hour,10.394003
Malaysia,Power,2022,February,Gigawatt-hour,12498.8661
Malaysia,Other,2022,February,Gigawatt-hour,36.7794
Malaysia,Industrial,2022,February,Gigawatt-hour,18104.65965
Malaysia,Household,2022,February,Gigawatt-hour,9.19485
Malaysia,Power,2022,March,Gigawatt-hour,12325.383871
Malaysia,Other,2022,March,Gigawatt-hour,36.268911
Malaysia,Industrial,2022,March,Gigawatt-hour,17853.369922
Malaysia,Household,2022,March,Gigawatt-hour,9.067222
Malaysia,Power,2022,April,Gigawatt-hour,13842.698982
Malaysia,Other,2022,April,Gigawatt-hour,40.733784
Malaysia,Industrial,2022,April,Gigawatt-hour,20051.20718
Malaysia,Household,2022,April,Gigawatt-hour,10.183446
Malaysia,Power,2022,May,Gigawatt-hour,12935.590752
Malaysia,Other,2022,May,Gigawatt-hour,38.064506
Malaysia,Industrial,2022,May,Gigawatt-hour,18737.25713
Malaysia,Household,2022,May,Gigawatt-hour,9.516129
Malaysia,Power,2022,June,Gigawatt-hour,12654.048802
Malaysia,Other,2022,June,Gigawatt-hour,37.236045
Malaysia,Industrial,2022,June,Gigawatt-hour,18329.442442
Malaysia,Household,2022,June,Gigawatt-hour,9.309006
Malaysia,Power,2022,July,Gigawatt-hour,13839.523656
Malaysia,Other,2022,July,Gigawatt-hour,40.724439
Malaysia,Industrial,2022,July,Gigawatt-hour,20046.607707
Malaysia,Household,2022,July,Gigawatt-hour,10.181115
Malaysia,Power,2022,August,Gigawatt-hour,13177.503171
Malaysia,Other,2022,August,Gigawatt-hour,38.776374
Malaysia,Industrial,2022,August,Gigawatt-hour,19087.668274
Malaysia,Household,2022,August,Gigawatt-hour,9.694094
Malaysia,Power,2022,September,Gigawatt-hour,14727.875106
Malaysia,Other,2022,September,Gigawatt-hour,43.338519
Malaysia,Industrial,2022,September,Gigawatt-hour,21333.388482
Malaysia,Household,2022,September,Gigawatt-hour,10.834635
Malaysia,Power,2022,October,Gigawatt-hour,12770.143008
Malaysia,Other,2022,October,Gigawatt-hour,37.577673
Malaysia,Industrial,2022,October,Gigawatt-hour,18497.605382
Malaysia,Household,2022,October,Gigawatt-hour,9.394413
Malaysia,Power,2022,November,Gigawatt-hour,15696.983463
Malaysia,Other,2022,November,Gigawatt-hour,46.190235
Malaysia,Industrial,2022,November,Gigawatt-hour,22737.145988
Malaysia,Household,2022,November,Gigawatt-hour,11.547564
Malaysia,Power,2022,December,Gigawatt-hour,13472.885233
Malaysia,Other,2022,December,Gigawatt-hour,39.645564
Malaysia,Industrial,2022,December,Gigawatt-hour,19515.530422
Malaysia,Household,2022,December,Gigawatt-hour,9.911391
Malaysia,Power,2021,January,Gigawatt-hour,13573.698191
Malaysia,Other,2021,January,Gigawatt-hour,42.373674
Malaysia,Industrial,2021,January,Gigawatt-hour,21681.193264
Malaysia,Household,2021,January,Gigawatt-hour,14.124558
Malaysia,Power,2021,February,Gigawatt-hour,9417.480335
Malaysia,Other,2021,February,Gigawatt-hour,29.398992
Malaysia,Industrial,2021,February,Gigawatt-hour,15042.489399
Malaysia,Household,2021,February,Gigawatt-hour,9.799671
Malaysia,Power,2021,March,Gigawatt-hour,13605.077136
Malaysia,Other,2021,March,Gigawatt-hour,42.471629
Malaysia,Industrial,2021,March,Gigawatt-hour,21731.314679
Malaysia,Household,2021,March,Gigawatt-hour,14.157213
Malaysia,Power,2021,April,Gigawatt-hour,11947.559536
Malaysia,Other,2021,April,Gigawatt-hour,37.297271
Malaysia,Industrial,2021,April,Gigawatt-hour,19083.770958
Malaysia,Household,2021,April,Gigawatt-hour,12.43242
Malaysia,Power,2021,May,Gigawatt-hour,12797.812954
Malaysia,Other,2021,May,Gigawatt-hour,39.951555
Malaysia,Industrial,2021,May,Gigawatt-hour,20441.876049
Malaysia,Household,2021,May,Gigawatt-hour,13.317182
Malaysia,Power,2021,June,Gigawatt-hour,13299.279
Malaysia,Other,2021,June,Gigawatt-hour,41.517
Malaysia,Industrial,2021,June,Gigawatt-hour,21242.865
Malaysia,Household,2021,June,Gigawatt-hour,13.839
Malaysia,Power,2021,July,Gigawatt-hour,10787.373649
Malaysia,Other,2021,July,Gigawatt-hour,33.675474
Malaysia,Industrial,2021,July,Gigawatt-hour,17230.612434
Malaysia,Household,2021,July,Gigawatt-hour,11.225151
Malaysia,Power,2021,August,Gigawatt-hour,9200.282396
Malaysia,Other,2021,August,Gigawatt-hour,28.720965
Malaysia,Industrial,2021,August,Gigawatt-hour,14695.560337
Malaysia,Household,2021,August,Gigawatt-hour,9.573658
Malaysia,Power,2021,September,Gigawatt-hour,11063.690558
Malaysia,Other,2021,September,Gigawatt-hour,34.53806
Malaysia,Industrial,2021,September,Gigawatt-hour,17671.971912
Malaysia,Household,2021,September,Gigawatt-hour,11.512683
Malaysia,Power,2021,October,Gigawatt-hour,11826.142671
Malaysia,Other,2021,October,Gigawatt-hour,36.918231
Malaysia,Industrial,2021,October,Gigawatt-hour,18889.832472
Malaysia,Household,2021,October,Gigawatt-hour,12.306084
Malaysia,Power,2021,November,Gigawatt-hour,12483.9666
Malaysia,Other,2021,November,Gigawatt-hour,38.9718
Malaysia,Industrial,2021,November,Gigawatt-hour,19940.571
Malaysia,Household,2021,November,Gigawatt-hour,12.9906
Malaysia,Power,2021,December,Gigawatt-hour,10739.526745
Malaysia,Other,2021,December,Gigawatt-hour,33.526101
Malaysia,Industrial,2021,December,Gigawatt-hour,17154.18684
Malaysia,Household,2021,December,Gigawatt-hour,11.175371
Malaysia,Power,2020,January,Gigawatt-hour,12544.42854
Malaysia,Other,2020,January,Gigawatt-hour,74.669217
Malaysia,Industrial,2020,January,Gigawatt-hour,18477.520121
Malaysia,Household,2020,January,Gigawatt-hour,15.556086
Malaysia,Power,2020,February,Gigawatt-hour,12650.379336
Malaysia,Other,2020,February,Gigawatt-hour,75.299879
Malaysia,Industrial,2020,February,Gigawatt-hour,18633.582072
Malaysia,Household,2020,February,Gigawatt-hour,15.687473
Malaysia,Power,2020,March,Gigawatt-hour,13121.722383
Malaysia,Other,2020,March,Gigawatt-hour,78.105489
Malaysia,Industrial,2020,March,Gigawatt-hour,19327.854472
Malaysia,Household,2020,March,Gigawatt-hour,16.271976
Malaysia,Power,2020,April,Gigawatt-hour,11710.920753
Malaysia,Other,2020,April,Gigawatt-hour,69.707872
Malaysia,Industrial,2020,April,Gigawatt-hour,17249.791261
Malaysia,Household,2020,April,Gigawatt-hour,14.522466
Malaysia,Power,2020,May,Gigawatt-hour,12052.631377
Malaysia,Other,2020,May,Gigawatt-hour,71.741859
Malaysia,Industrial,2020,May,Gigawatt-hour,17753.119492
Malaysia,Household,2020,May,Gigawatt-hour,14.946214
Malaysia,Power,2020,June,Gigawatt-hour,12663.741363
Malaysia,Other,2020,June,Gigawatt-hour,75.379416
Malaysia,Industrial,2020,June,Gigawatt-hour,18653.26387
Malaysia,Household,2020,June,Gigawatt-hour,15.704041
Malaysia,Power,2020,July,Gigawatt-hour,11043.188047
Malaysia,Other,2020,July,Gigawatt-hour,65.733266
Malaysia,Industrial,2020,July,Gigawatt-hour,16266.243494
Malaysia,Household,2020,July,Gigawatt-hour,13.694425
Malaysia,Power,2020,August,Gigawatt-hour,11565.572077
Malaysia,Other,2020,August,Gigawatt-hour,68.842694
Malaysia,Industrial,2020,August,Gigawatt-hour,17035.697553
Malaysia,Household,2020,August,Gigawatt-hour,14.342223
Malaysia,Power,2020,September,Gigawatt-hour,11278.422067
Malaysia,Other,2020,September,Gigawatt-hour,67.133461
Malaysia,Industrial,2020,September,Gigawatt-hour,16612.735283
Malaysia,Household,2020,September,Gigawatt-hour,13.986136
Malaysia,Power,2020,October,Gigawatt-hour,12497.716949
Malaysia,Other,2020,October,Gigawatt-hour,74.391177
Malaysia,Industrial,2020,October,Gigawatt-hour,18408.715521
Malaysia,Household,2020,October,Gigawatt-hour,15.498158
Malaysia,Power,2020,November,Gigawatt-hour,12889.529667
Malaysia,Other,2020,November,Gigawatt-hour,76.723395
Malaysia,Industrial,2020,November,Gigawatt-hour,18985.842435
Malaysia,Household,2020,November,Gigawatt-hour,15.984045
Malaysia,Power,2020,December,Gigawatt-hour,10619.03473
Malaysia,Other,2020,December,Gigawatt-hour,63.20854
Malaysia,Industrial,2020,December,Gigawatt-hour,15641.47998
Malaysia,Household,2020,December,Gigawatt-hour,13.168449
Malaysia,Power,2019,January,Gigawatt-hour,10656.239874
Malaysia,Other,2019,January,Gigawatt-hour,73.356402
Malaysia,Industrial,2019,January,Gigawatt-hour,13705.420953
Malaysia,Household,2019,January,Gigawatt-hour,17.116491
Malaysia,Power,2019,February,Gigawatt-hour,13004.196135
Malaysia,Other,2019,February,Gigawatt-hour,89.519472
Malaysia,Industrial,2019,February,Gigawatt-hour,16725.222433
Malaysia,Household,2019,February,Gigawatt-hour,20.887881
Malaysia,Power,2019,March,Gigawatt-hour,14494.321758
Malaysia,Other,2019,March,Gigawatt-hour,99.777342
Malaysia,Industrial,2019,March,Gigawatt-hour,18641.733243
Malaysia,Household,2019,March,Gigawatt-hour,23.281377
Malaysia,Power,2019,April,Gigawatt-hour,13426.030548
Malaysia,Other,2019,April,Gigawatt-hour,92.423331
Malaysia,Industrial,2019,April,Gigawatt-hour,17267.76072
Malaysia,Household,2019,April,Gigawatt-hour,21.565446
Malaysia,Power,2019,May,Gigawatt-hour,16646.091147
Malaysia,Other,2019,May,Gigawatt-hour,114.589881
Malaysia,Industrial,2019,May,Gigawatt-hour,21409.210851
Malaysia,Household,2019,May,Gigawatt-hour,26.737641
Malaysia,Power,2019,June,Gigawatt-hour,15775.532241
Malaysia,Other,2019,June,Gigawatt-hour,108.597048
Malaysia,Industrial,2019,June,Gigawatt-hour,20289.54984
Malaysia,Household,2019,June,Gigawatt-hour,25.339314
Malaysia,Power,2019,July,Gigawatt-hour,13870.543449
Malaysia,Other,2019,July,Gigawatt-hour,95.483314
Malaysia,Industrial,2019,July,Gigawatt-hour,17839.466725
Malaysia,Household,2019,July,Gigawatt-hour,22.279446
Malaysia,Power,2019,August,Gigawatt-hour,13980.581286
Malaysia,Other,2019,August,Gigawatt-hour,96.240806
Malaysia,Industrial,2019,August,Gigawatt-hour,17980.990849
Malaysia,Household,2019,August,Gigawatt-hour,22.456193
Malaysia,Power,2019,September,Gigawatt-hour,13480.642781
Malaysia,Other,2019,September,Gigawatt-hour,92.799284
Malaysia,Industrial,2019,September,Gigawatt-hour,17337.999725
Malaysia,Household,2019,September,Gigawatt-hour,21.653163
Malaysia,Power,2019,October,Gigawatt-hour,13704.116611
Malaysia,Other,2019,October,Gigawatt-hour,94.337649
Malaysia,Industrial,2019,October,Gigawatt-hour,17625.418451
Malaysia,Household,2019,October,Gigawatt-hour,22.012116
Malaysia,Power,2019,November,Gigawatt-hour,16041.326658
Malaysia,Other,2019,November,Gigawatt-hour,110.426757
Malaysia,Industrial,2019,November,Gigawatt-hour,20631.398781
Malaysia,Household,2019,November,Gigawatt-hour,25.766244
Malaysia,Power,2019,December,Gigawatt-hour,14638.564752
Malaysia,Other,2019,December,Gigawatt-hour,100.770295
Malaysia,Industrial,2019,December,Gigawatt-hour,18827.249994
Malaysia,Household,2019,December,Gigawatt-hour,23.51307
New Zealand,Power,2024,January,Gigawatt-hour,717.637861
New Zealand,Other,2024,January,Gigawatt-hour,19.024173
New Zealand,Industrial,2024,January,Gigawatt-hour,2047.374903
New Zealand,Household,2024,January,Gigawatt-hour,290.637973
New Zealand,Power,2024,February,Gigawatt-hour,635.594725
New Zealand,Other,2024,February,Gigawatt-hour,16.839491
New Zealand,Industrial,2024,February,Gigawatt-hour,1813.311066
New Zealand,Household,2024,February,Gigawatt-hour,257.411112
New Zealand,Power,2024,March,Gigawatt-hour,916.729033
New Zealand,Other,2024,March,Gigawatt-hour,16.432941
New Zealand,Industrial,2024,March,Gigawatt-hour,1473.184692
New Zealand,Household,2024,March,Gigawatt-hour,195.708712
New Zealand,Power,2024,April,Gigawatt-hour,917.678538
New Zealand,Other,2024,April,Gigawatt-hour,16.452429
New Zealand,Industrial,2024,April,Gigawatt-hour,1474.710552
New Zealand,Household,2024,April,Gigawatt-hour,195.911415
New Zealand,Power,2024,May,Gigawatt-hour,995.276699
New Zealand,Other,2024,May,Gigawatt-hour,17.846692
New Zealand,Industrial,2024,May,Gigawatt-hour,1599.410894
New Zealand,Household,2024,May,Gigawatt-hour,212.477528
New Zealand,Power,2024,June,Gigawatt-hour,1023.014254
New Zealand,Other,2024,June,Gigawatt-hour,23.510319
New Zealand,Industrial,2024,June,Gigawatt-hour,1320.037834
New Zealand,Household,2024,June,Gigawatt-hour,334.695491
New Zealand,Power,2024,July,Gigawatt-hour,1036.145219
New Zealand,Other,2024,July,Gigawatt-hour,23.809705
New Zealand,Industrial,2024,July,Gigawatt-hour,1336.981243
New Zealand,Household,2024,July,Gigawatt-hour,338.991492
New Zealand,Power,2024,August,Gigawatt-hour,1031.929343
New Zealand,Other,2024,August,Gigawatt-hour,23.699476
New Zealand,Industrial,2024,August,Gigawatt-hour,1331.54133
New Zealand,Household,2024,August,Gigawatt-hour,337.612201
New Zealand,Power,2024,September,Gigawatt-hour,1029.485216
New Zealand,Other,2024,September,Gigawatt-hour,33.10966
New Zealand,Industrial,2024,September,Gigawatt-hour,976.474233
New Zealand,Household,2024,September,Gigawatt-hour,415.766085
New Zealand,Power,2024,October,Gigawatt-hour,1002.208473
New Zealand,Other,2024,October,Gigawatt-hour,32.198061
New Zealand,Industrial,2024,October,Gigawatt-hour,950.754882
New Zealand,Household,2024,October,Gigawatt-hour,404.318912
New Zealand,Power,2024,November,Gigawatt-hour,1003.46632
New Zealand,Other,2024,November,Gigawatt-hour,32.251348
New Zealand,Industrial,2024,November,Gigawatt-hour,952.328444
New Zealand,Household,2024,November,Gigawatt-hour,404.988087
New Zealand,Power,2024,December,Gigawatt-hour,517.354446
New Zealand,Other,2024,December,Gigawatt-hour,22.497258
New Zealand,Industrial,2024,December,Gigawatt-hour,1286.21387
New Zealand,Household,2024,December,Gigawatt-hour,278.025993
New Zealand,Power,2023,January,Gigawatt-hour,622.272851
New Zealand,Other,2023,January,Gigawatt-hour,24.87681
New Zealand,Industrial,2023,January,Gigawatt-hour,2312.527718
New Zealand,Household,2023,January,Gigawatt-hour,336.78455
New Zealand,Power,2023,February,Gigawatt-hour,592.322861
New Zealand,Other,2023,February,Gigawatt-hour,23.679485
New Zealand,Industrial,2023,February,Gigawatt-hour,2201.225754
New Zealand,Household,2023,February,Gigawatt-hour,320.575111
New Zealand,Power,2023,March,Gigawatt-hour,1047.600929
New Zealand,Other,2023,March,Gigawatt-hour,17.616417
New Zealand,Industrial,2023,March,Gigawatt-hour,2193.245103
New Zealand,Household,2023,March,Gigawatt-hour,219.719966
New Zealand,Power,2023,April,Gigawatt-hour,1034.711716
New Zealand,Other,2023,April,Gigawatt-hour,17.399666
New Zealand,Industrial,2023,April,Gigawatt-hour,2166.260397
New Zealand,Household,2023,April,Gigawatt-hour,217.016636
New Zealand,Power,2023,May,Gigawatt-hour,1020.540077
New Zealand,Other,2023,May,Gigawatt-hour,17.161358
New Zealand,Industrial,2023,May,Gigawatt-hour,2136.590809
New Zealand,Household,2023,May,Gigawatt-hour,214.044327
New Zealand,Power,2023,June,Gigawatt-hour,817.510428
New Zealand,Other,2023,June,Gigawatt-hour,26.160151
New Zealand,Industrial,2023,June,Gigawatt-hour,2011.595995
New Zealand,Household,2023,June,Gigawatt-hour,311.641848
New Zealand,Power,2023,July,Gigawatt-hour,862.176514
New Zealand,Other,2023,July,Gigawatt-hour,27.589464
New Zealand,Industrial,2023,July,Gigawatt-hour,2121.503002
New Zealand,Household,2023,July,Gigawatt-hour,328.668931
New Zealand,Power,2023,August,Gigawatt-hour,886.773531
New Zealand,Other,2023,August,Gigawatt-hour,28.376565
New Zealand,Industrial,2023,August,Gigawatt-hour,2182.027323
New Zealand,Household,2023,August,Gigawatt-hour,338.045526
New Zealand,Power,2023,September,Gigawatt-hour,1349.182159
New Zealand,Other,2023,September,Gigawatt-hour,24.75354
New Zealand,Industrial,2023,September,Gigawatt-hour,1458.889656
New Zealand,Household,2023,September,Gigawatt-hour,424.440912
New Zealand,Power,2023,October,Gigawatt-hour,1264.855704
New Zealand,Other,2023,October,Gigawatt-hour,23.206397
New Zealand,Industrial,2023,October,Gigawatt-hour,1367.706281
New Zealand,Household,2023,October,Gigawatt-hour,397.912547
New Zealand,Power,2023,November,Gigawatt-hour,1128.692408
New Zealand,Other,2023,November,Gigawatt-hour,20.724806
New Zealand,Industrial,2023,November,Gigawatt-hour,1220.22494
New Zealand,Household,2023,November,Gigawatt-hour,355.361507
New Zealand,Power,2023,December,Gigawatt-hour,718.733715
New Zealand,Other,2023,December,Gigawatt-hour,19.066499
New Zealand,Industrial,2023,December,Gigawatt-hour,2050.501299
New Zealand,Household,2023,December,Gigawatt-hour,291.081788
New Zealand,Power,2022,January,Gigawatt-hour,855.918756
New Zealand,Other,2022,January,Gigawatt-hour,24.45702
New Zealand,Industrial,2022,January,Gigawatt-hour,2323.015013
New Zealand,Household,2022,January,Gigawatt-hour,288.469881
New Zealand,Power,2022,February,Gigawatt-hour,795.220251
New Zealand,Other,2022,February,Gigawatt-hour,22.72262
New Zealand,Industrial,2022,February,Gigawatt-hour,2158.27562
New Zealand,Household,2022,February,Gigawatt-hour,268.012699
New Zealand,Power,2022,March,Gigawatt-hour,1179.476204
New Zealand,Other,2022,March,Gigawatt-hour,17.209972
New Zealand,Industrial,2022,March,Gigawatt-hour,2169.756718
New Zealand,Household,2022,March,Gigawatt-hour,195.964262
New Zealand,Power,2022,April,Gigawatt-hour,1133.806002
New Zealand,Other,2022,April,Gigawatt-hour,16.54359
New Zealand,Industrial,2022,April,Gigawatt-hour,2085.742124
New Zealand,Household,2022,April,Gigawatt-hour,188.376373
New Zealand,Power,2022,May,Gigawatt-hour,983.475245
New Zealand,Other,2022,May,Gigawatt-hour,14.350088
New Zealand,Industrial,2022,May,Gigawatt-hour,1809.194636
New Zealand,Household,2022,May,Gigawatt-hour,163.399645
New Zealand,Power,2022,June,Gigawatt-hour,1088.533236
New Zealand,Other,2022,June,Gigawatt-hour,18.103312
New Zealand,Industrial,2022,June,Gigawatt-hour,1377.361482
New Zealand,Household,2022,June,Gigawatt-hour,256.024734
New Zealand,Power,2022,July,Gigawatt-hour,1284.573832
New Zealand,Other,2022,July,Gigawatt-hour,21.363646
New Zealand,Industrial,2022,July,Gigawatt-hour,1625.418932
New Zealand,Household,2022,July,Gigawatt-hour,302.133794
New Zealand,Power,2022,August,Gigawatt-hour,1103.985719
New Zealand,Other,2022,August,Gigawatt-hour,18.3603
New Zealand,Industrial,2022,August,Gigawatt-hour,1396.914088
New Zealand,Household,2022,August,Gigawatt-hour,259.659183
New Zealand,Power,2022,September,Gigawatt-hour,1071.55838
New Zealand,Other,2022,September,Gigawatt-hour,28.341579
New Zealand,Industrial,2022,September,Gigawatt-hour,1630.412427
New Zealand,Household,2022,September,Gigawatt-hour,465.73673
New Zealand,Power,2022,October,Gigawatt-hour,1080.022387
New Zealand,Other,2022,October,Gigawatt-hour,28.565449
New Zealand,Industrial,2022,October,Gigawatt-hour,1643.290698
New Zealand,Household,2022,October,Gigawatt-hour,469.415489
New Zealand,Power,2022,November,Gigawatt-hour,949.439799
New Zealand,Other,2022,November,Gigawatt-hour,25.111674
New Zealand,Industrial,2022,November,Gigawatt-hour,1444.604857
New Zealand,Household,2022,November,Gigawatt-hour,412.659723
New Zealand,Power,2022,December,Gigawatt-hour,532.532427
New Zealand,Other,2022,December,Gigawatt-hour,21.289223
New Zealand,Industrial,2022,December,Gigawatt-hour,1979.028965
New Zealand,Household,2022,December,Gigawatt-hour,288.215529
New Zealand,Power,2021,January,Gigawatt-hour,998.921616
New Zealand,Other,2021,January,Gigawatt-hour,25.884169
New Zealand,Industrial,2021,January,Gigawatt-hour,2316.274317
New Zealand,Household,2021,January,Gigawatt-hour,283.138454
New Zealand,Power,2021,February,Gigawatt-hour,889.138624
New Zealand,Other,2021,February,Gigawatt-hour,23.039457
New Zealand,Industrial,2021,February,Gigawatt-hour,2061.712286
New Zealand,Household,2021,February,Gigawatt-hour,252.021105
New Zealand,Power,2021,March,Gigawatt-hour,993.702486
New Zealand,Other,2021,March,Gigawatt-hour,21.276297
New Zealand,Industrial,2021,March,Gigawatt-hour,2124.157696
New Zealand,Household,2021,March,Gigawatt-hour,215.688406
New Zealand,Power,2021,April,Gigawatt-hour,982.676289
New Zealand,Other,2021,April,Gigawatt-hour,21.040215
New Zealand,Industrial,2021,April,Gigawatt-hour,2100.587885
New Zealand,Household,2021,April,Gigawatt-hour,213.29511
New Zealand,Power,2021,May,Gigawatt-hour,1033.412205
New Zealand,Other,2021,May,Gigawatt-hour,22.126535
New Zealand,Industrial,2021,May,Gigawatt-hour,2209.041954
New Zealand,Household,2021,May,Gigawatt-hour,224.307604
New Zealand,Power,2021,June,Gigawatt-hour,1150.739688
New Zealand,Other,2021,June,Gigawatt-hour,27.401356
New Zealand,Industrial,2021,June,Gigawatt-hour,1847.89206
New Zealand,Household,2021,June,Gigawatt-hour,329.917077
New Zealand,Power,2021,July,Gigawatt-hour,1211.945658
New Zealand,Other,2021,July,Gigawatt-hour,28.858799
New Zealand,Industrial,2021,July,Gigawatt-hour,1946.178423
New Zealand,Household,2021,July,Gigawatt-hour,347.464834
New Zealand,Power,2021,August,Gigawatt-hour,1202.163448
New Zealand,Other,2021,August,Gigawatt-hour,28.625856
New Zealand,Industrial,2021,August,Gigawatt-hour,1930.469856
New Zealand,Household,2021,August,Gigawatt-hour,344.660274
New Zealand,Power,2021,September,Gigawatt-hour,1130.400327
New Zealand,Other,2021,September,Gigawatt-hour,37.96043
New Zealand,Industrial,2021,September,Gigawatt-hour,1611.965271
New Zealand,Household,2021,September,Gigawatt-hour,429.311977
New Zealand,Power,2021,October,Gigawatt-hour,1284.041997
New Zealand,Other,2021,October,Gigawatt-hour,43.11993
New Zealand,Industrial,2021,October,Gigawatt-hour,1831.060245
New Zealand,Household,2021,October,Gigawatt-hour,487.663176
New Zealand,Power,2021,November,Gigawatt-hour,1245.864973
New Zealand,Other,2021,November,Gigawatt-hour,41.837891
New Zealand,Industrial,2021,November,Gigawatt-hour,1776.61932
New Zealand,Household,2021,November,Gigawatt-hour,473.16401
New Zealand,Power,2021,December,Gigawatt-hour,847.670239
New Zealand,Other,2021,December,Gigawatt-hour,24.221326
New Zealand,Industrial,2021,December,Gigawatt-hour,2300.628025
New Zealand,Household,2021,December,Gigawatt-hour,285.68989
New Zealand,Power,2020,January,Gigawatt-hour,1006.486561
New Zealand,Other,2020,January,Gigawatt-hour,25.38334
New Zealand,Industrial,2020,January,Gigawatt-hour,2683.870339
New Zealand,Household,2020,January,Gigawatt-hour,305.701998
New Zealand,Power,2020,February,Gigawatt-hour,984.999792
New Zealand,Other,2020,February,Gigawatt-hour,24.841456
New Zealand,Industrial,2020,February,Gigawatt-hour,2626.574286
New Zealand,Household,2020,February,Gigawatt-hour,299.175775
New Zealand,Power,2020,March,Gigawatt-hour,1125.100788
New Zealand,Other,2020,March,Gigawatt-hour,20.20557
New Zealand,Industrial,2020,March,Gigawatt-hour,2206.780401
New Zealand,Household,2020,March,Gigawatt-hour,205.859199
New Zealand,Power,2020,April,Gigawatt-hour,1128.867621
New Zealand,Other,2020,April,Gigawatt-hour,20.273221
New Zealand,Industrial,2020,April,Gigawatt-hour,2214.168695
New Zealand,Household,2020,April,Gigawatt-hour,206.548408
New Zealand,Power,2020,May,Gigawatt-hour,1367.431873
New Zealand,Other,2020,May,Gigawatt-hour,24.557579
New Zealand,Industrial,2020,May,Gigawatt-hour,2682.090264
New Zealand,Household,2020,May,Gigawatt-hour,250.19841
New Zealand,Power,2020,June,Gigawatt-hour,1396.922184
New Zealand,Other,2020,June,Gigawatt-hour,33.833216
New Zealand,Industrial,2020,June,Gigawatt-hour,2444.111082
New Zealand,Household,2020,June,Gigawatt-hour,332.202454
New Zealand,Power,2020,July,Gigawatt-hour,1409.280044
New Zealand,Other,2020,July,Gigawatt-hour,34.132518
New Zealand,Industrial,2020,July,Gigawatt-hour,2465.732892
New Zealand,Household,2020,July,Gigawatt-hour,335.141278
New Zealand,Power,2020,August,Gigawatt-hour,1316.556917
New Zealand,Other,2020,August,Gigawatt-hour,31.886778
New Zealand,Industrial,2020,August,Gigawatt-hour,2303.500794
New Zealand,Household,2020,August,Gigawatt-hour,313.090764
New Zealand,Power,2020,September,Gigawatt-hour,1486.871872
New Zealand,Other,2020,September,Gigawatt-hour,39.573387
New Zealand,Industrial,2020,September,Gigawatt-hour,2015.099352
New Zealand,Household,2020,September,Gigawatt-hour,447.30568
New Zealand,Power,2020,October,Gigawatt-hour,1491.03675
New Zealand,Other,2020,October,Gigawatt-hour,39.684235
New Zealand,Industrial,2020,October,Gigawatt-hour,2020.743858
New Zealand,Household,2020,October,Gigawatt-hour,448.558635
New Zealand,Power,2020,November,Gigawatt-hour,1383.941895
New Zealand,Other,2020,November,Gigawatt-hour,36.833884
New Zealand,Industrial,2020,November,Gigawatt-hour,1875.602389
New Zealand,Household,2020,November,Gigawatt-hour,416.340561
New Zealand,Power,2020,December,Gigawatt-hour,1003.110969
New Zealand,Other,2020,December,Gigawatt-hour,25.992729
New Zealand,Industrial,2020,December,Gigawatt-hour,2325.988476
New Zealand,Household,2020,December,Gigawatt-hour,284.325898
New Zealand,Power,2019,January,Gigawatt-hour,1040.612527
New Zealand,Other,2019,January,Gigawatt-hour,28.889627
New Zealand,Industrial,2019,January,Gigawatt-hour,2558.212734
New Zealand,Household,2019,January,Gigawatt-hour,331.937676
New Zealand,Power,2019,February,Gigawatt-hour,842.415347
New Zealand,Other,2019,February,Gigawatt-hour,23.387249
New Zealand,Industrial,2019,February,Gigawatt-hour,2070.970314
New Zealand,Household,2019,February,Gigawatt-hour,268.716147
New Zealand,Power,2019,March,Gigawatt-hour,1176.323463
New Zealand,Other,2019,March,Gigawatt-hour,18.448983
New Zealand,Industrial,2019,March,Gigawatt-hour,2432.968429
New Zealand,Household,2019,March,Gigawatt-hour,195.090556
New Zealand,Power,2019,April,Gigawatt-hour,1193.205279
New Zealand,Other,2019,April,Gigawatt-hour,18.713751
New Zealand,Industrial,2019,April,Gigawatt-hour,2467.884783
New Zealand,Household,2019,April,Gigawatt-hour,197.890371
New Zealand,Power,2019,May,Gigawatt-hour,1125.306914
New Zealand,Other,2019,May,Gigawatt-hour,17.648862
New Zealand,Industrial,2019,May,Gigawatt-hour,2327.45183
New Zealand,Household,2019,May,Gigawatt-hour,186.629583
New Zealand,Power,2019,June,Gigawatt-hour,1246.722687
New Zealand,Other,2019,June,Gigawatt-hour,32.96096
New Zealand,Industrial,2019,June,Gigawatt-hour,2518.267763
New Zealand,Household,2019,June,Gigawatt-hour,352.253108
New Zealand,Power,2019,July,Gigawatt-hour,1309.402563
New Zealand,Other,2019,July,Gigawatt-hour,34.618091
New Zealand,Industrial,2019,July,Gigawatt-hour,2644.875492
New Zealand,Household,2019,July,Gigawatt-hour,369.962891
New Zealand,Power,2019,August,Gigawatt-hour,1373.321544
New Zealand,Other,2019,August,Gigawatt-hour,36.307992
New Zealand,Industrial,2019,August,Gigawatt-hour,2773.986085
New Zealand,Household,2019,August,Gigawatt-hour,388.022764
New Zealand,Power,2019,September,Gigawatt-hour,1427.712237
New Zealand,Other,2019,September,Gigawatt-hour,38.902269
New Zealand,Industrial,2019,September,Gigawatt-hour,2489.705201
New Zealand,Household,2019,September,Gigawatt-hour,461.380154
New Zealand,Power,2019,October,Gigawatt-hour,1451.19071
New Zealand,Other,2019,October,Gigawatt-hour,39.542003
New Zealand,Industrial,2019,October,Gigawatt-hour,2530.647956
New Zealand,Household,2019,October,Gigawatt-hour,468.967475
New Zealand,Power,2019,November,Gigawatt-hour,1262.25497
New Zealand,Other,2019,November,Gigawatt-hour,34.393895
New Zealand,Industrial,2019,November,Gigawatt-hour,2201.17379
New Zealand,Household,2019,November,Gigawatt-hour,407.910909
New Zealand,Power,2019,December,Gigawatt-hour,965.915045
New Zealand,Other,2019,December,Gigawatt-hour,24.360136
New Zealand,Industrial,2019,December,Gigawatt-hour,2575.68339
New Zealand,Household,2019,December,Gigawatt-hour,293.379135
Pakistan,Power,2024,January,Gigawatt-hour,7040.538665
Pakistan,Other,2024,January,Gigawatt-hour,480.394696
Pakistan,Industrial,2024,January,Gigawatt-hour,10545.057351
Pakistan,Household,2024,January,Gigawatt-hour,7190.169799
Pakistan,Power,2024,February,Gigawatt-hour,6175.909268
Pakistan,Other,2024,February,Gigawatt-hour,421.398731
Pakistan,Industrial,2024,February,Gigawatt-hour,9250.047551
Pakistan,Household,2024,February,Gigawatt-hour,6307.164611
Pakistan,Power,2024,March,Gigawatt-hour,6774.835089
Pakistan,Other,2024,March,Gigawatt-hour,462.265034
Pakistan,Industrial,2024,March,Gigawatt-hour,10147.096402
Pakistan,Household,2024,March,Gigawatt-hour,6918.819279
Pakistan,Power,2024,April,Gigawatt-hour,8648.094312
Pakistan,Other,2024,April,Gigawatt-hour,590.082498
Pakistan,Industrial,2024,April,Gigawatt-hour,12952.794501
Pakistan,Household,2024,April,Gigawatt-hour,8831.8905
Pakistan,Power,2024,May,Gigawatt-hour,10650.868324
Pakistan,Other,2024,May,Gigawatt-hour,726.7371
Pakistan,Industrial,2024,May,Gigawatt-hour,15952.47504
Pakistan,Household,2024,May,Gigawatt-hour,10877.22906
Pakistan,Power,2024,June,Gigawatt-hour,9947.852721
Pakistan,Other,2024,June,Gigawatt-hour,678.768474
Pakistan,Industrial,2024,June,Gigawatt-hour,14899.524378
Pakistan,Household,2024,June,Gigawatt-hour,10159.27241
Pakistan,Power,2024,July,Gigawatt-hour,11458.844665
Pakistan,Other,2024,July,Gigawatt-hour,781.867477
Pakistan,Industrial,2024,July,Gigawatt-hour,17162.631998
Pakistan,Household,2024,July,Gigawatt-hour,11702.377157
Pakistan,Power,2024,August,Gigawatt-hour,8438.176752
Pakistan,Other,2024,August,Gigawatt-hour,575.759264
Pakistan,Industrial,2024,August,Gigawatt-hour,12638.387774
Pakistan,Household,2024,August,Gigawatt-hour,8617.511604
Pakistan,Power,2024,September,Gigawatt-hour,8359.369996
Pakistan,Other,2024,September,Gigawatt-hour,570.382069
Pakistan,Industrial,2024,September,Gigawatt-hour,12520.353942
Pakistan,Household,2024,September,Gigawatt-hour,8537.029985
Pakistan,Power,2024,October,Gigawatt-hour,7810.428755
Pakistan,Other,2024,October,Gigawatt-hour,532.926347
Pakistan,Industrial,2024,October,Gigawatt-hour,11698.170137
Pakistan,Household,2024,October,Gigawatt-hour,7976.422207
Pakistan,Power,2024,November,Gigawatt-hour,4872.637715
Pakistan,Other,2024,November,Gigawatt-hour,332.473043
Pakistan,Industrial,2024,November,Gigawatt-hour,7298.055817
Pakistan,Household,2024,November,Gigawatt-hour,4976.194893
Pakistan,Power,2024,December,Gigawatt-hour,7108.899521
Pakistan,Other,2024,December,Gigawatt-hour,485.05914
Pakistan,Industrial,2024,December,Gigawatt-hour,10647.445703
Pakistan,Household,2024,December,Gigawatt-hour,7259.983515
Pakistan,Power,2023,January,Gigawatt-hour,7141.976591
Pakistan,Other,2023,January,Gigawatt-hour,464.693172
Pakistan,Industrial,2023,January,Gigawatt-hour,8771.977254
Pakistan,Household,2023,January,Gigawatt-hour,6913.204568
Pakistan,Power,2023,February,Gigawatt-hour,6790.37299
Pakistan,Other,2023,February,Gigawatt-hour,441.81606
Pakistan,Industrial,2023,February,Gigawatt-hour,8340.127786
Pakistan,Household,2023,February,Gigawatt-hour,6572.863545
Pakistan,Power,2023,March,Gigawatt-hour,8492.795489
Pakistan,Other,2023,March,Gigawatt-hour,552.584291
Pakistan,Industrial,2023,March,Gigawatt-hour,10431.091156
Pakistan,Household,2023,March,Gigawatt-hour,8220.753992
Pakistan,Power,2023,April,Gigawatt-hour,10594.498794
Pakistan,Other,2023,April,Gigawatt-hour,689.331753
Pakistan,Industrial,2023,April,Gigawatt-hour,13012.462483
Pakistan,Household,2023,April,Gigawatt-hour,10255.13547
Pakistan,Power,2023,May,Gigawatt-hour,12508.768095
Pakistan,Other,2023,May,Gigawatt-hour,813.88381
Pakistan,Industrial,2023,May,Gigawatt-hour,15363.622074
Pakistan,Household,2023,May,Gigawatt-hour,12108.086834
Pakistan,Power,2023,June,Gigawatt-hour,10910.540539
Pakistan,Other,2023,June,Gigawatt-hour,709.89503
Pakistan,Industrial,2023,June,Gigawatt-hour,13400.633876
Pakistan,Household,2023,June,Gigawatt-hour,10561.053755
Pakistan,Power,2023,July,Gigawatt-hour,11885.701361
Pakistan,Other,2023,July,Gigawatt-hour,773.343932
Pakistan,Industrial,2023,July,Gigawatt-hour,14598.353924
Pakistan,Household,2023,July,Gigawatt-hour,11504.978195
Pakistan,Power,2023,August,Gigawatt-hour,11613.700748
Pakistan,Other,2023,August,Gigawatt-hour,755.646195
Pakistan,Industrial,2023,August,Gigawatt-hour,14264.275093
Pakistan,Household,2023,August,Gigawatt-hour,11241.690314
Pakistan,Power,2023,September,Gigawatt-hour,9202.079456
Pakistan,Other,2023,September,Gigawatt-hour,598.733899
Pakistan,Industrial,2023,September,Gigawatt-hour,11302.253747
Pakistan,Household,2023,September,Gigawatt-hour,8907.318152
Pakistan,Power,2023,October,Gigawatt-hour,7761.137041
Pakistan,Other,2023,October,Gigawatt-hour,504.978887
Pakistan,Industrial,2023,October,Gigawatt-hour,9532.447597
Pakistan,Household,2023,October,Gigawatt-hour,7512.532051
Pakistan,Power,2023,November,Gigawatt-hour,4384.340913
Pakistan,Other,2023,November,Gigawatt-hour,285.267427
Pakistan,Industrial,2023,November,Gigawatt-hour,5384.971271
Pakistan,Household,2023,November,Gigawatt-hour,4243.901564
Pakistan,Power,2023,December,Gigawatt-hour,7129.776066
Pakistan,Other,2023,December,Gigawatt-hour,463.899344
Pakistan,Industrial,2023,December,Gigawatt-hour,8756.992226
Pakistan,Household,2023,December,Gigawatt-hour,6901.394851
Pakistan,Power,2022,January,Gigawatt-hour,6031.116846
Pakistan,Other,2022,January,Gigawatt-hour,394.862359
Pakistan,Industrial,2022,January,Gigawatt-hour,7567.293693
Pakistan,Household,2022,January,Gigawatt-hour,5290.07379
Pakistan,Power,2022,February,Gigawatt-hour,6841.348438
Pakistan,Other,2022,February,Gigawatt-hour,447.908911
Pakistan,Industrial,2022,February,Gigawatt-hour,8583.898174
Pakistan,Household,2022,February,Gigawatt-hour,6000.752262
Pakistan,Power,2022,March,Gigawatt-hour,9438.284812
Pakistan,Other,2022,March,Gigawatt-hour,617.932548
Pakistan,Industrial,2022,March,Gigawatt-hour,11842.29637
Pakistan,Household,2022,March,Gigawatt-hour,8278.603181
Pakistan,Power,2022,April,Gigawatt-hour,12102.189357
Pakistan,Other,2022,April,Gigawatt-hour,792.340648
Pakistan,Industrial,2022,April,Gigawatt-hour,15184.720099
Pakistan,Household,2022,April,Gigawatt-hour,10615.193893
Pakistan,Power,2022,May,Gigawatt-hour,15376.741778
Pakistan,Other,2022,May,Gigawatt-hour,1006.728385
Pakistan,Industrial,2022,May,Gigawatt-hour,19293.328922
Pakistan,Household,2022,May,Gigawatt-hour,13487.402206
Pakistan,Power,2022,June,Gigawatt-hour,15536.258167
Pakistan,Other,2022,June,Gigawatt-hour,1017.172059
Pakistan,Industrial,2022,June,Gigawatt-hour,19493.475494
Pakistan,Household,2022,June,Gigawatt-hour,13627.318823
Pakistan,Power,2022,July,Gigawatt-hour,11440.515378
Pakistan,Other,2022,July,Gigawatt-hour,749.020289
Pakistan,Industrial,2022,July,Gigawatt-hour,14354.51212
Pakistan,Household,2022,July,Gigawatt-hour,10034.819766
Pakistan,Power,2022,August,Gigawatt-hour,9797.496577
Pakistan,Other,2022,August,Gigawatt-hour,641.450449
Pakistan,Industrial,2022,August,Gigawatt-hour,12293.002431
Pakistan,Household,2022,August,Gigawatt-hour,8593.678612
Pakistan,Power,2022,September,Gigawatt-hour,9656.165057
Pakistan,Other,2022,September,Gigawatt-hour,632.197353
Pakistan,Industrial,2022,September,Gigawatt-hour,12115.672569
Pakistan,Household,2022,September,Gigawatt-hour,8469.712489
Pakistan,Power,2022,October,Gigawatt-hour,10017.948226
Pakistan,Other,2022,October,Gigawatt-hour,655.883606
Pakistan,Industrial,2022,October,Gigawatt-hour,12569.604994
Pakistan,Household,2022,October,Gigawatt-hour,8787.043376
Pakistan,Power,2022,November,Gigawatt-hour,7021.911418
Pakistan,Other,2022,November,Gigawatt-hour,459.730523
Pakistan,Industrial,2022,November,Gigawatt-hour,8810.452085
Pakistan,Household,2022,November,Gigawatt-hour,6159.129477
Pakistan,Power,2022,December,Gigawatt-hour,7744.520658
Pakistan,Other,2022,December,Gigawatt-hour,507.040366
Pakistan,Industrial,2022,December,Gigawatt-hour,9717.116054
Pakistan,Household,2022,December,Gigawatt-hour,6792.951752
Pakistan,Power,2021,January,Gigawatt-hour,7144.285683
Pakistan,Other,2021,January,Gigawatt-hour,661.507934
Pakistan,Industrial,2021,January,Gigawatt-hour,8641.699097
Pakistan,Household,2021,January,Gigawatt-hour,5941.543986
Pakistan,Power,2021,February,Gigawatt-hour,6913.122306
Pakistan,Other,2021,February,Gigawatt-hour,640.103917
Pakistan,Industrial,2021,February,Gigawatt-hour,8362.084809
Pakistan,Household,2021,February,Gigawatt-hour,5749.297002
Pakistan,Power,2021,March,Gigawatt-hour,9299.3471
Pakistan,Other,2021,March,Gigawatt-hour,861.050657
Pakistan,Industrial,2021,March,Gigawatt-hour,11248.452679
Pakistan,Household,2021,March,Gigawatt-hour,7733.80045
Pakistan,Power,2021,April,Gigawatt-hour,12221.810818
Pakistan,Other,2021,April,Gigawatt-hour,1131.64915
Pakistan,Industrial,2021,April,Gigawatt-hour,14783.452984
Pakistan,Household,2021,April,Gigawatt-hour,10164.266909
Pakistan,Power,2021,May,Gigawatt-hour,13598.03412
Pakistan,Other,2021,May,Gigawatt-hour,1259.077233
Pakistan,Industrial,2021,May,Gigawatt-hour,16448.12713
Pakistan,Household,2021,May,Gigawatt-hour,11308.802787
Pakistan,Power,2021,June,Gigawatt-hour,12716.160867
Pakistan,Other,2021,June,Gigawatt-hour,1177.422303
Pakistan,Industrial,2021,June,Gigawatt-hour,15381.416807
Pakistan,Household,2021,June,Gigawatt-hour,10575.393045
Pakistan,Power,2021,July,Gigawatt-hour,14283.527032
Pakistan,Other,2021,July,Gigawatt-hour,1322.548799
Pakistan,Industrial,2021,July,Gigawatt-hour,17277.296587
Pakistan,Household,2021,July,Gigawatt-hour,11878.892852
Pakistan,Power,2021,August,Gigawatt-hour,13363.695758
Pakistan,Other,2021,August,Gigawatt-hour,1237.379237
Pakistan,Industrial,2021,August,Gigawatt-hour,16164.672394
Pakistan,Household,2021,August,Gigawatt-hour,11113.915327
Pakistan,Power,2021,September,Gigawatt-hour,12382.941569
Pakistan,Other,2021,September,Gigawatt-hour,1146.568664
Pakistan,Industrial,2021,September,Gigawatt-hour,14978.35609
Pakistan,Household,2021,September,Gigawatt-hour,10298.271271
Pakistan,Power,2021,October,Gigawatt-hour,12052.409523
Pakistan,Other,2021,October,Gigawatt-hour,1115.963845
Pakistan,Industrial,2021,October,Gigawatt-hour,14578.545862
Pakistan,Household,2021,October,Gigawatt-hour,10023.384351
Pakistan,Power,2021,November,Gigawatt-hour,7308.238872
Pakistan,Other,2021,November,Gigawatt-hour,676.688784
Pakistan,Industrial,2021,November,Gigawatt-hour,8840.016212
Pakistan,Household,2021,November,Gigawatt-hour,6077.895628
Pakistan,Power,2021,December,Gigawatt-hour,7643.19056
Pakistan,Other,2021,December,Gigawatt-hour,707.70283
Pakistan,Industrial,2021,December,Gigawatt-hour,9245.17242
Pakistan,Household,2021,December,Gigawatt-hour,6356.458143
Pakistan,Power,2020,January,Gigawatt-hour,8202.044584
Pakistan,Other,2020,January,Gigawatt-hour,719.708567
Pakistan,Industrial,2020,January,Gigawatt-hour,9793.595236
Pakistan,Household,2020,January,Gigawatt-hour,7056.65473
Pakistan,Power,2020,February,Gigawatt-hour,4748.98193
Pakistan,Other,2020,February,Gigawatt-hour,416.711095
Pakistan,Industrial,2020,February,Gigawatt-hour,5670.489392
Pakistan,Household,2020,February,Gigawatt-hour,4085.801468
Pakistan,Power,2020,March,Gigawatt-hour,6831.372815
Pakistan,Other,2020,March,Gigawatt-hour,599.435603
Pakistan,Industrial,2020,March,Gigawatt-hour,8156.953986
Pakistan,Household,2020,March,Gigawatt-hour,5877.392984
Pakistan,Power,2020,April,Gigawatt-hour,8678.199121
Pakistan,Other,2020,April,Gigawatt-hour,761.489918
Pakistan,Industrial,2020,April,Gigawatt-hour,10362.144305
Pakistan,Household,2020,April,Gigawatt-hour,7466.315777
Pakistan,Power,2020,May,Gigawatt-hour,11771.94727
Pakistan,Other,2020,May,Gigawatt-hour,1032.958455
Pakistan,Industrial,2020,May,Gigawatt-hour,14056.213122
Pakistan,Household,2020,May,Gigawatt-hour,10128.03168
Pakistan,Power,2020,June,Gigawatt-hour,13386.349857
Pakistan,Other,2020,June,Gigawatt-hour,1174.618179
Pakistan,Industrial,2020,June,Gigawatt-hour,15983.879489
Pakistan,Household,2020,June,Gigawatt-hour,11516.987999
Pakistan,Power,2020,July,Gigawatt-hour,14170.214553
Pakistan,Other,2020,July,Gigawatt-hour,1243.400314
Pakistan,Industrial,2020,July,Gigawatt-hour,16919.847768
Pakistan,Household,2020,July,Gigawatt-hour,12191.388444
Pakistan,Power,2020,August,Gigawatt-hour,14009.653736
Pakistan,Other,2020,August,Gigawatt-hour,1229.31151
Pakistan,Industrial,2020,August,Gigawatt-hour,16728.131222
Pakistan,Household,2020,August,Gigawatt-hour,12053.249442
Pakistan,Power,2020,September,Gigawatt-hour,12967.640551
Pakistan,Other,2020,September,Gigawatt-hour,1137.877502
Pakistan,Industrial,2020,September,Gigawatt-hour,15483.922505
Pakistan,Household,2020,September,Gigawatt-hour,11156.750137
Pakistan,Power,2020,October,Gigawatt-hour,12552.030369
Pakistan,Other,2020,October,Gigawatt-hour,1101.408764
Pakistan,Industrial,2020,October,Gigawatt-hour,14987.666011
Pakistan,Household,2020,October,Gigawatt-hour,10799.178616
Pakistan,Power,2020,November,Gigawatt-hour,7384.271152
Pakistan,Other,2020,November,Gigawatt-hour,647.951027
Pakistan,Industrial,2020,November,Gigawatt-hour,8817.138463
Pakistan,Household,2020,November,Gigawatt-hour,6353.080799
Pakistan,Power,2020,December,Gigawatt-hour,7329.76779
Pakistan,Other,2020,December,Gigawatt-hour,643.168495
Pakistan,Industrial,2020,December,Gigawatt-hour,8752.059097
Pakistan,Household,2020,December,Gigawatt-hour,6306.18866
Pakistan,Power,2019,January,Gigawatt-hour,9263.573314
Pakistan,Other,2019,January,Gigawatt-hour,1201.441472
Pakistan,Industrial,2019,January,Gigawatt-hour,8488.873349
Pakistan,Household,2019,January,Gigawatt-hour,6420.818357
Pakistan,Power,2019,February,Gigawatt-hour,8862.278781
Pakistan,Other,2019,February,Gigawatt-hour,1149.395476
Pakistan,Industrial,2019,February,Gigawatt-hour,8121.138528
Pakistan,Household,2019,February,Gigawatt-hour,6142.670905
Pakistan,Power,2019,March,Gigawatt-hour,12090.299034
Pakistan,Other,2019,March,Gigawatt-hour,1568.054375
Pakistan,Industrial,2019,March,Gigawatt-hour,11079.203863
Pakistan,Household,2019,March,Gigawatt-hour,8380.093873
Pakistan,Power,2019,April,Gigawatt-hour,15566.786185
Pakistan,Other,2019,April,Gigawatt-hour,2018.938251
Pakistan,Industrial,2019,April,Gigawatt-hour,14264.957149
Pakistan,Household,2019,April,Gigawatt-hour,10789.73557
Pakistan,Power,2019,May,Gigawatt-hour,18481.831835
Pakistan,Other,2019,May,Gigawatt-hour,2397.00583
Pakistan,Industrial,2019,May,Gigawatt-hour,16936.221519
Pakistan,Household,2019,May,Gigawatt-hour,12810.227877
Pakistan,Power,2019,June,Gigawatt-hour,17874.099631
Pakistan,Other,2019,June,Gigawatt-hour,2318.185849
Pakistan,Industrial,2019,June,Gigawatt-hour,16379.313127
Pakistan,Household,2019,June,Gigawatt-hour,12388.993224
Pakistan,Power,2019,July,Gigawatt-hour,16908.07803
Pakistan,Other,2019,July,Gigawatt-hour,2192.897434
Pakistan,Industrial,2019,July,Gigawatt-hour,15494.078592
Pakistan,Household,2019,July,Gigawatt-hour,11719.419074
Pakistan,Power,2019,August,Gigawatt-hour,15889.552427
Pakistan,Other,2019,August,Gigawatt-hour,2060.7995
Pakistan,Industrial,2019,August,Gigawatt-hour,14560.730892
Pakistan,Household,2019,August,Gigawatt-hour,11013.453064
Pakistan,Power,2019,September,Gigawatt-hour,14583.360841
Pakistan,Other,2019,September,Gigawatt-hour,1891.392653
Pakistan,Industrial,2019,September,Gigawatt-hour,13363.774322
Pakistan,Household,2019,September,Gigawatt-hour,10108.098443
Pakistan,Power,2019,October,Gigawatt-hour,11703.35039
Pakistan,Other,2019,October,Gigawatt-hour,1517.868973
Pakistan,Industrial,2019,October,Gigawatt-hour,10724.615205
Pakistan,Household,2019,October,Gigawatt-hour,8111.889923
Pakistan,Power,2019,November,Gigawatt-hour,4484.668099
Pakistan,Other,2019,November,Gigawatt-hour,581.640157
Pakistan,Industrial,2019,November,Gigawatt-hour,4109.62144
Pakistan,Household,2019,November,Gigawatt-hour,3108.437563
Pakistan,Power,2019,December,Gigawatt-hour,7419.784982
Pakistan,Other,2019,December,Gigawatt-hour,962.31088
Pakistan,Industrial,2019,December,Gigawatt-hour,6799.278513
Pakistan,Household,2019,December,Gigawatt-hour,5142.841752
Philippines,Power,2024,January,Gigawatt-hour,3066
Philippines,Other,2024,January,Gigawatt-hour,157.5
Philippines,Power,2024,February,Gigawatt-hour,1921.5
Philippines,Other,2024,February,Gigawatt-hour,0
Philippines,Power,2024,March,Gigawatt-hour,1848
Philippines,Other,2024,March,Gigawatt-hour,168
Philippines,Power,2024,April,Gigawatt-hour,3276
Philippines,Other,2024,April,Gigawatt-hour,105
Philippines,Power,2024,May,Gigawatt-hour,4935
Philippines,Other,2024,May,Gigawatt-hour,126
Philippines,Power,2024,June,Gigawatt-hour,4431
Philippines,Other,2024,June,Gigawatt-hour,94.5
Philippines,Power,2024,July,Gigawatt-hour,4536
Philippines,Other,2024,July,Gigawatt-hour,147
Philippines,Power,2024,August,Gigawatt-hour,4200
Philippines,Other,2024,August,Gigawatt-hour,126
Philippines,Power,2024,September,Gigawatt-hour,3906
Philippines,Other,2024,September,Gigawatt-hour,115.5
Philippines,Power,2024,October,Gigawatt-hour,3696
Philippines,Other,2024,October,Gigawatt-hour,94.5
Philippines,Power,2024,November,Gigawatt-hour,3927
Philippines,Other,2024,November,Gigawatt-hour,105
Philippines,Power,2024,December,Gigawatt-hour,3916.5
Philippines,Other,2024,December,Gigawatt-hour,73.5
Philippines,Power,2023,January,Gigawatt-hour,2425.5
Philippines,Other,2023,January,Gigawatt-hour,105
Philippines,Power,2023,February,Gigawatt-hour,756
Philippines,Other,2023,February,Gigawatt-hour,21
Philippines,Power,2023,March,Gigawatt-hour,2058
Philippines,Other,2023,March,Gigawatt-hour,189
Philippines,Power,2023,April,Gigawatt-hour,2457
Philippines,Other,2023,April,Gigawatt-hour,42
Philippines,Power,2023,May,Gigawatt-hour,2635.5
Philippines,Other,2023,May,Gigawatt-hour,94.5
Philippines,Power,2023,June,Gigawatt-hour,2730
Philippines,Other,2023,June,Gigawatt-hour,136.5
Philippines,Power,2023,July,Gigawatt-hour,3003
Philippines,Other,2023,July,Gigawatt-hour,84
Philippines,Power,2023,August,Gigawatt-hour,2982
Philippines,Other,2023,August,Gigawatt-hour,84
Philippines,Power,2023,September,Gigawatt-hour,2887.5
Philippines,Other,2023,September,Gigawatt-hour,94.5
Philippines,Power,2023,October,Gigawatt-hour,3024
Philippines,Other,2023,October,Gigawatt-hour,157.5
Philippines,Power,2023,November,Gigawatt-hour,3444
Philippines,Other,2023,November,Gigawatt-hour,94.5
Philippines,Power,2023,December,Gigawatt-hour,3108
Philippines,Other,2023,December,Gigawatt-hour,105
Philippines,Power,2022,January,Gigawatt-hour,3045
Philippines,Other,2022,January,Gigawatt-hour,126
Philippines,Power,2022,February,Gigawatt-hour,2667
Philippines,Other,2022,February,Gigawatt-hour,105
Philippines,Power,2022,March,Gigawatt-hour,3087
Philippines,Other,2022,March,Gigawatt-hour,126
Philippines,Power,2022,April,Gigawatt-hour,2709
Philippines,Other,2022,April,Gigawatt-hour,115.5
Philippines,Power,2022,May,Gigawatt-hour,2971.5
Philippines,Other,2022,May,Gigawatt-hour,126
Philippines,Power,2022,June,Gigawatt-hour,2835
Philippines,Other,2022,June,Gigawatt-hour,115.5
Philippines,Power,2022,July,Gigawatt-hour,2593.5
Philippines,Other,2022,July,Gigawatt-hour,94.5
Philippines,Power,2022,August,Gigawatt-hour,2268
Philippines,Other,2022,August,Gigawatt-hour,115.5
Philippines,Power,2022,September,Gigawatt-hour,2656.5
Philippines,Other,2022,September,Gigawatt-hour,115.5
Philippines,Power,2022,October,Gigawatt-hour,2530.5
Philippines,Other,2022,October,Gigawatt-hour,220.5
Philippines,Power,2022,November,Gigawatt-hour,2415
Philippines,Other,2022,November,Gigawatt-hour,42
Philippines,Power,2022,December,Gigawatt-hour,2362.5
Philippines,Other,2022,December,Gigawatt-hour,136.5
Philippines,Power,2021,January,Gigawatt-hour,3370.5
Philippines,Other,2021,January,Gigawatt-hour,147
Philippines,Power,2021,February,Gigawatt-hour,2719.5
Philippines,Other,2021,February,Gigawatt-hour,31.5
Philippines,Power,2021,March,Gigawatt-hour,3454.5
Philippines,Other,2021,March,Gigawatt-hour,136.5
Philippines,Power,2021,April,Gigawatt-hour,3276
Philippines,Other,2021,April,Gigawatt-hour,126
Philippines,Power,2021,May,Gigawatt-hour,3423
Philippines,Other,2021,May,Gigawatt-hour,126
Philippines,Power,2021,June,Gigawatt-hour,3244.5
Philippines,Other,2021,June,Gigawatt-hour,115.5
Philippines,Power,2021,July,Gigawatt-hour,3034.5
Philippines,Other,2021,July,Gigawatt-hour,126
Philippines,Power,2021,August,Gigawatt-hour,3181.5
Philippines,Other,2021,August,Gigawatt-hour,115.5
Philippines,Power,2021,September,Gigawatt-hour,2814
Philippines,Other,2021,September,Gigawatt-hour,115.5
Philippines,Power,2021,October,Gigawatt-hour,472.5
Philippines,Other,2021,October,Gigawatt-hour,31.5
Philippines,Power,2021,November,Gigawatt-hour,2520
Philippines,Other,2021,November,Gigawatt-hour,105
Philippines,Power,2021,December,Gigawatt-hour,2898
Philippines,Other,2021,December,Gigawatt-hour,115.5
Philippines,Power,2020,January,Gigawatt-hour,3328.5
Philippines,Other,2020,January,Gigawatt-hour,231
Philippines,Power,2020,February,Gigawatt-hour,3307.5
Philippines,Other,2020,February,Gigawatt-hour,178.5
Philippines,Power,2020,March,Gigawatt-hour,3423
Philippines,Other,2020,March,Gigawatt-hour,210
Philippines,Power,2020,April,Gigawatt-hour,3391.5
Philippines,Other,2020,April,Gigawatt-hour,178.5
Philippines,Power,2020,May,Gigawatt-hour,3864
Philippines,Other,2020,May,Gigawatt-hour,210
Philippines,Power,2020,June,Gigawatt-hour,3181.5
Philippines,Other,2020,June,Gigawatt-hour,147
Philippines,Power,2020,July,Gigawatt-hour,3444
Philippines,Other,2020,July,Gigawatt-hour,147
Philippines,Power,2020,August,Gigawatt-hour,3318
Philippines,Other,2020,August,Gigawatt-hour,126
Philippines,Power,2020,September,Gigawatt-hour,3013.5
Philippines,Other,2020,September,Gigawatt-hour,157.5
Philippines,Power,2020,October,Gigawatt-hour,2919
Philippines,Other,2020,October,Gigawatt-hour,147
Philippines,Power,2020,November,Gigawatt-hour,3024
Philippines,Other,2020,November,Gigawatt-hour,147
Philippines,Power,2020,December,Gigawatt-hour,3202.5
Philippines,Other,2020,December,Gigawatt-hour,157.5
Philippines,Power,2019,January,Gigawatt-hour,3643.5
Philippines,Other,2019,January,Gigawatt-hour,199.5
Philippines,Power,2019,February,Gigawatt-hour,3360
Philippines,Other,2019,February,Gigawatt-hour,189
Philippines,Power,2019,March,Gigawatt-hour,3937.5
Philippines,Other,2019,March,Gigawatt-hour,189
Philippines,Power,2019,April,Gigawatt-hour,4126.5
Philippines,Other,2019,April,Gigawatt-hour,189
Philippines,Power,2019,May,Gigawatt-hour,4168.5
Philippines,Other,2019,May,Gigawatt-hour,189
Philippines,Power,2019,June,Gigawatt-hour,4126.5
Philippines,Other,2019,June,Gigawatt-hour,199.5
Philippines,Power,2019,July,Gigawatt-hour,3759
Philippines,Other,2019,July,Gigawatt-hour,199.5
Philippines,Power,2019,August,Gigawatt-hour,3034.5
Philippines,Other,2019,August,Gigawatt-hour,178.5
Philippines,Power,2019,September,Gigawatt-hour,3360
Philippines,Other,2019,September,Gigawatt-hour,168
Philippines,Power,2019,October,Gigawatt-hour,3097.5
Philippines,Other,2019,October,Gigawatt-hour,168
Philippines,Power,2019,November,Gigawatt-hour,3486
Philippines,Other,2019,November,Gigawatt-hour,136.5
Philippines,Power,2019,December,Gigawatt-hour,3549
Philippines,Other,2019,December,Gigawatt-hour,210
Singapore,Power,2024,January,Gigawatt-hour,4579.285
Singapore,Other,2024,January,Gigawatt-hour,7.42623
Singapore,Industrial,2024,January,Gigawatt-hour,3327.068525
Singapore,Household,2024,January,Gigawatt-hour,382.450849
Singapore,Power,2024,February,Gigawatt-hour,4347.39
Singapore,Other,2024,February,Gigawatt-hour,16.587028
Singapore,Industrial,2024,February,Gigawatt-hour,7432.69755
Singapore,Household,2024,February,Gigawatt-hour,855.38307
Singapore,Power,2024,March,Gigawatt-hour,4716.275
Singapore,Other,2024,March,Gigawatt-hour,14.278593
Singapore,Industrial,2024,March,Gigawatt-hour,6386.831875
Singapore,Household,2024,March,Gigawatt-hour,735.347531
Singapore,Power,2024,April,Gigawatt-hour,4761.685
Singapore,Other,2024,April,Gigawatt-hour,18.185857
Singapore,Industrial,2024,April,Gigawatt-hour,8135.473925
Singapore,Household,2024,April,Gigawatt-hour,936.571628
Singapore,Power,2024,May,Gigawatt-hour,4908.745
Singapore,Other,2024,May,Gigawatt-hour,15.85213
Singapore,Industrial,2024,May,Gigawatt-hour,7096.432625
Singapore,Household,2024,May,Gigawatt-hour,816.384675
Singapore,Power,2024,June,Gigawatt-hour,4664.405
Singapore,Other,2024,June,Gigawatt-hour,15.992645
Singapore,Industrial,2024,June,Gigawatt-hour,7161.749725
Singapore,Household,2024,June,Gigawatt-hour,823.621201
Singapore,Power,2024,July,Gigawatt-hour,4930.12
Singapore,Other,2024,July,Gigawatt-hour,54.225408
Singapore,Industrial,2024,July,Gigawatt-hour,24267.209
Singapore,Household,2024,July,Gigawatt-hour,2792.608493
Singapore,Power,2024,August,Gigawatt-hour,4875.305
Singapore,Other,2024,August,Gigawatt-hour,14.277349
Singapore,Industrial,2024,August,Gigawatt-hour,6385.086625
Singapore,Household,2024,August,Gigawatt-hour,735.283471
Singapore,Power,2024,September,Gigawatt-hour,4702.595
Singapore,Other,2024,September,Gigawatt-hour,3.481713
Singapore,Industrial,2024,September,Gigawatt-hour,1555.228075
Singapore,Household,2024,September,Gigawatt-hour,179.308211
Singapore,Power,2024,October,Gigawatt-hour,4840.44
Singapore,Other,2024,October,Gigawatt-hour,15.471363
Singapore,Industrial,2024,October,Gigawatt-hour,6927.5148
Singapore,Household,2024,October,Gigawatt-hour,796.775187
Singapore,Power,2024,November,Gigawatt-hour,4618.33
Singapore,Other,2024,November,Gigawatt-hour,15.055945
Singapore,Industrial,2024,November,Gigawatt-hour,6742.88525
Singapore,Household,2024,November,Gigawatt-hour,775.381167
Singapore,Power,2024,December,Gigawatt-hour,4690.72
Singapore,Other,2024,December,Gigawatt-hour,18.49312
Singapore,Industrial,2024,December,Gigawatt-hour,8275.6712
Singapore,Household,2024,December,Gigawatt-hour,952.39568
Singapore,Power,2023,January,Gigawatt-hour,4430.8
Singapore,Other,2023,January,Gigawatt-hour,2.416141
Singapore,Industrial,2023,January,Gigawatt-hour,1082.771
Singapore,Household,2023,January,Gigawatt-hour,124.43127
Singapore,Power,2023,February,Gigawatt-hour,4028.855
Singapore,Other,2023,February,Gigawatt-hour,15.532395
Singapore,Industrial,2023,February,Gigawatt-hour,6950.74691
Singapore,Household,2023,February,Gigawatt-hour,799.918359
Singapore,Power,2023,March,Gigawatt-hour,4503.38
Singapore,Other,2023,March,Gigawatt-hour,9.604456
Singapore,Industrial,2023,March,Gigawatt-hour,4302.4261
Singapore,Household,2023,March,Gigawatt-hour,494.629468
Singapore,Power,2023,April,Gigawatt-hour,4524.375
Singapore,Other,2023,April,Gigawatt-hour,15.473669
Singapore,Industrial,2023,April,Gigawatt-hour,6929.219775
Singapore,Household,2023,April,Gigawatt-hour,796.893972
Singapore,Power,2023,May,Gigawatt-hour,4781.065
Singapore,Other,2023,May,Gigawatt-hour,14.843531
Singapore,Industrial,2023,May,Gigawatt-hour,6648.359825
Singapore,Household,2023,May,Gigawatt-hour,764.441862
Singapore,Power,2023,June,Gigawatt-hour,4557.435
Singapore,Other,2023,June,Gigawatt-hour,17.381288
Singapore,Industrial,2023,June,Gigawatt-hour,7781.492475
Singapore,Household,2023,June,Gigawatt-hour,895.136324
Singapore,Power,2023,July,Gigawatt-hour,4685.115
Singapore,Other,2023,July,Gigawatt-hour,13.776575
Singapore,Industrial,2023,July,Gigawatt-hour,6159.108075
Singapore,Household,2023,July,Gigawatt-hour,709.493599
Singapore,Power,2023,August,Gigawatt-hour,4697.94
Singapore,Other,2023,August,Gigawatt-hour,16.717048
Singapore,Industrial,2023,August,Gigawatt-hour,7476.8121
Singapore,Household,2023,August,Gigawatt-hour,860.927958
Singapore,Power,2023,September,Gigawatt-hour,4541.19
Singapore,Other,2023,September,Gigawatt-hour,15.683938
Singapore,Industrial,2023,September,Gigawatt-hour,7016.41515
Singapore,Household,2023,September,Gigawatt-hour,807.722815
Singapore,Power,2023,October,Gigawatt-hour,4759.69
Singapore,Other,2023,October,Gigawatt-hour,12.806507
Singapore,Industrial,2023,October,Gigawatt-hour,5734.50665
Singapore,Household,2023,October,Gigawatt-hour,659.535116
Singapore,Power,2023,November,Gigawatt-hour,4499.77
Singapore,Other,2023,November,Gigawatt-hour,15.605124
Singapore,Industrial,2023,November,Gigawatt-hour,6989.58305
Singapore,Household,2023,November,Gigawatt-hour,803.663899
Singapore,Power,2023,December,Gigawatt-hour,4505.565
Singapore,Other,2023,December,Gigawatt-hour,13.828921
Singapore,Industrial,2023,December,Gigawatt-hour,6191.999325
Singapore,Household,2023,December,Gigawatt-hour,712.189429
Singapore,Power,2022,January,Gigawatt-hour,4541.19
Singapore,Other,2022,January,Gigawatt-hour,9.38172
Singapore,Industrial,2022,January,Gigawatt-hour,8462.311216
Singapore,Household,2022,January,Gigawatt-hour,910.026816
Singapore,Power,2022,February,Gigawatt-hour,4072.935
Singapore,Other,2022,February,Gigawatt-hour,3.736004
Singapore,Industrial,2022,February,Gigawatt-hour,3371.87895
Singapore,Household,2022,February,Gigawatt-hour,362.392408
Singapore,Power,2022,March,Gigawatt-hour,4641.795
Singapore,Other,2022,March,Gigawatt-hour,6.36303
Singapore,Industrial,2022,March,Gigawatt-hour,5744.01267
Singapore,Household,2022,March,Gigawatt-hour,617.213863
Singapore,Power,2022,April,Gigawatt-hour,4480.39
Singapore,Other,2022,April,Gigawatt-hour,11.498864
Singapore,Industrial,2022,April,Gigawatt-hour,10371.975174
Singapore,Household,2022,April,Gigawatt-hour,1115.389791
Singapore,Power,2022,May,Gigawatt-hour,4720.265
Singapore,Other,2022,May,Gigawatt-hour,5.946895
Singapore,Industrial,2022,May,Gigawatt-hour,5364.099006
Singapore,Household,2022,May,Gigawatt-hour,576.848784
Singapore,Power,2022,June,Gigawatt-hour,4501.86
Singapore,Other,2022,June,Gigawatt-hour,7.16481
Singapore,Industrial,2022,June,Gigawatt-hour,6462.658908
Singapore,Household,2022,June,Gigawatt-hour,694.986601
Singapore,Power,2022,July,Gigawatt-hour,4704.78
Singapore,Other,2022,July,Gigawatt-hour,8.06154
Singapore,Industrial,2022,July,Gigawatt-hour,7271.508947
Singapore,Household,2022,July,Gigawatt-hour,781.969366
Singapore,Power,2022,August,Gigawatt-hour,4675.235
Singapore,Other,2022,August,Gigawatt-hour,8.281524
Singapore,Industrial,2022,August,Gigawatt-hour,7465.60595
Singapore,Household,2022,August,Gigawatt-hour,803.307798
Singapore,Power,2022,September,Gigawatt-hour,4484
Singapore,Other,2022,September,Gigawatt-hour,7.85392
Singapore,Industrial,2022,September,Gigawatt-hour,7084.23584
Singapore,Household,2022,September,Gigawatt-hour,761.83024
Singapore,Power,2022,October,Gigawatt-hour,4542.995
Singapore,Other,2022,October,Gigawatt-hour,6.595623
Singapore,Industrial,2022,October,Gigawatt-hour,5949.251814
Singapore,Household,2022,October,Gigawatt-hour,639.775417
Singapore,Power,2022,November,Gigawatt-hour,4459.965
Singapore,Other,2022,November,Gigawatt-hour,7.592355
Singapore,Industrial,2022,November,Gigawatt-hour,6848.304058
Singapore,Household,2022,November,Gigawatt-hour,736.458419
Singapore,Power,2022,December,Gigawatt-hour,4432.605
Singapore,Other,2022,December,Gigawatt-hour,7.662469
Singapore,Industrial,2022,December,Gigawatt-hour,6911.546607
Singapore,Household,2022,December,Gigawatt-hour,743.259447
Singapore,Power,2021,January,Gigawatt-hour,4199.855
Singapore,Other,2021,January,Gigawatt-hour,6.384582
Singapore,Industrial,2021,January,Gigawatt-hour,5768.989
Singapore,Household,2021,January,Gigawatt-hour,606.535324
Singapore,Power,2021,February,Gigawatt-hour,3907.35
Singapore,Other,2021,February,Gigawatt-hour,7.558422
Singapore,Industrial,2021,February,Gigawatt-hour,6832.813823
Singapore,Household,2021,February,Gigawatt-hour,718.050125
Singapore,Power,2021,March,Gigawatt-hour,4496.35
Singapore,Other,2021,March,Gigawatt-hour,9.567278
Singapore,Industrial,2021,March,Gigawatt-hour,8650.7828
Singapore,Household,2021,March,Gigawatt-hour,908.891389
Singapore,Power,2021,April,Gigawatt-hour,4400.875
Singapore,Other,2021,April,Gigawatt-hour,8.704379
Singapore,Industrial,2021,April,Gigawatt-hour,7872.18116
Singapore,Household,2021,April,Gigawatt-hour,826.915968
Singapore,Power,2021,May,Gigawatt-hour,4567.6
Singapore,Other,2021,May,Gigawatt-hour,8.58428
Singapore,Industrial,2021,May,Gigawatt-hour,7760.18912
Singapore,Household,2021,May,Gigawatt-hour,815.5066
Singapore,Power,2021,June,Gigawatt-hour,4479.06
Singapore,Other,2021,June,Gigawatt-hour,6.336728
Singapore,Industrial,2021,June,Gigawatt-hour,5723.1336
Singapore,Household,2021,June,Gigawatt-hour,601.989127
Singapore,Power,2021,July,Gigawatt-hour,4561.52
Singapore,Other,2021,July,Gigawatt-hour,8.576079
Singapore,Industrial,2021,July,Gigawatt-hour,7752.774991
Singapore,Household,2021,July,Gigawatt-hour,814.72746
Singapore,Power,2021,August,Gigawatt-hour,4483.81
Singapore,Other,2021,August,Gigawatt-hour,7.07613
Singapore,Industrial,2021,August,Gigawatt-hour,6403.02296
Singapore,Household,2021,August,Gigawatt-hour,672.232354
Singapore,Power,2021,September,Gigawatt-hour,4401.54
Singapore,Other,2021,September,Gigawatt-hour,8.4219
Singapore,Industrial,2021,September,Gigawatt-hour,7613.397467
Singapore,Household,2021,September,Gigawatt-hour,800.080486
Singapore,Power,2021,October,Gigawatt-hour,4584.035
Singapore,Other,2021,October,Gigawatt-hour,8.332124
Singapore,Industrial,2021,October,Gigawatt-hour,7525.87684
Singapore,Household,2021,October,Gigawatt-hour,791.55181
Singapore,Power,2021,November,Gigawatt-hour,4372.09
Singapore,Other,2021,November,Gigawatt-hour,9.40811
Singapore,Industrial,2021,November,Gigawatt-hour,8504.931222
Singapore,Household,2021,November,Gigawatt-hour,893.770427
Singapore,Power,2021,December,Gigawatt-hour,4544.705
Singapore,Other,2021,December,Gigawatt-hour,5.773398
Singapore,Industrial,2021,December,Gigawatt-hour,5211.97132
Singapore,Household,2021,December,Gigawatt-hour,548.472842
Singapore,Power,2020,January,Gigawatt-hour,4321.835
Singapore,Other,2020,January,Gigawatt-hour,17.332913
Singapore,Industrial,2020,January,Gigawatt-hour,5226.929715
Singapore,Household,2020,January,Gigawatt-hour,544.11007
Singapore,Power,2020,February,Gigawatt-hour,4112.645
Singapore,Other,2020,February,Gigawatt-hour,26.586876
Singapore,Industrial,2020,February,Gigawatt-hour,8007.691125
Singapore,Household,2020,February,Gigawatt-hour,833.05546
Singapore,Power,2020,March,Gigawatt-hour,4422.725
Singapore,Other,2020,March,Gigawatt-hour,34.408627
Singapore,Industrial,2020,March,Gigawatt-hour,10345.341405
Singapore,Household,2020,March,Gigawatt-hour,1076.92369
Singapore,Power,2020,April,Gigawatt-hour,4027.05
Singapore,Other,2020,April,Gigawatt-hour,22.423246
Singapore,Industrial,2020,April,Gigawatt-hour,6743.92005
Singapore,Household,2020,April,Gigawatt-hour,702.595031
Singapore,Power,2020,May,Gigawatt-hour,4121.955
Singapore,Other,2020,May,Gigawatt-hour,22.559272
Singapore,Industrial,2020,May,Gigawatt-hour,6787.169235
Singapore,Household,2020,May,Gigawatt-hour,706.857177
Singapore,Power,2020,June,Gigawatt-hour,4072.65
Singapore,Other,2020,June,Gigawatt-hour,17.176138
Singapore,Industrial,2020,June,Gigawatt-hour,5168.25729
Singapore,Household,2020,June,Gigawatt-hour,538.185662
Singapore,Power,2020,July,Gigawatt-hour,4199
Singapore,Other,2020,July,Gigawatt-hour,24.081428
Singapore,Industrial,2020,July,Gigawatt-hour,7246.28604
Singapore,Household,2020,July,Gigawatt-hour,754.551426
Singapore,Power,2020,August,Gigawatt-hour,4252.675
Singapore,Other,2020,August,Gigawatt-hour,26.17684
Singapore,Industrial,2020,August,Gigawatt-hour,7881.244035
Singapore,Household,2020,August,Gigawatt-hour,820.207655
Singapore,Power,2020,September,Gigawatt-hour,4105.045
Singapore,Other,2020,September,Gigawatt-hour,21.511753
Singapore,Industrial,2020,September,Gigawatt-hour,6480.067965
Singapore,Household,2020,September,Gigawatt-hour,674.03493
Singapore,Power,2020,October,Gigawatt-hour,4310.815
Singapore,Other,2020,October,Gigawatt-hour,18.687129
Singapore,Industrial,2020,October,Gigawatt-hour,5623.725975
Singapore,Household,2020,October,Gigawatt-hour,585.530054
Singapore,Power,2020,November,Gigawatt-hour,4151.5
Singapore,Other,2020,November,Gigawatt-hour,18.10645
Singapore,Industrial,2020,November,Gigawatt-hour,5458.11126
Singapore,Household,2020,November,Gigawatt-hour,567.33543
Singapore,Power,2020,December,Gigawatt-hour,4320.125
Singapore,Other,2020,December,Gigawatt-hour,17.822723
Singapore,Industrial,2020,December,Gigawatt-hour,5370.317085
Singapore,Household,2020,December,Gigawatt-hour,558.445314
Singapore,Power,2019,January,Gigawatt-hour,4327.915
Singapore,Other,2019,January,Gigawatt-hour,30.244856
Singapore,Industrial,2019,January,Gigawatt-hour,6765.18855
Singapore,Household,2019,January,Gigawatt-hour,771.243836
Singapore,Power,2019,February,Gigawatt-hour,3832.585
Singapore,Other,2019,February,Gigawatt-hour,25.371942
Singapore,Industrial,2019,February,Gigawatt-hour,5676.05517
Singapore,Household,2019,February,Gigawatt-hour,646.98453
Singapore,Power,2019,March,Gigawatt-hour,4316.42
Singapore,Other,2019,March,Gigawatt-hour,32.086
Singapore,Industrial,2019,March,Gigawatt-hour,7171.221
Singapore,Household,2019,March,Gigawatt-hour,818.193
Singapore,Power,2019,April,Gigawatt-hour,4270.725
Singapore,Other,2019,April,Gigawatt-hour,39.12318
Singapore,Industrial,2019,April,Gigawatt-hour,8744.03073
Singapore,Household,2019,April,Gigawatt-hour,997.64109
Singapore,Power,2019,May,Gigawatt-hour,4481.815
Singapore,Other,2019,May,Gigawatt-hour,34.106476
Singapore,Industrial,2019,May,Gigawatt-hour,7622.797459
Singapore,Household,2019,May,Gigawatt-hour,869.715146
Singapore,Power,2019,June,Gigawatt-hour,4215.91
Singapore,Other,2019,June,Gigawatt-hour,24.986021
Singapore,Industrial,2019,June,Gigawatt-hour,5588.68902
Singapore,Household,2019,June,Gigawatt-hour,637.14354
Singapore,Power,2019,July,Gigawatt-hour,4425.575
Singapore,Other,2019,July,Gigawatt-hour,27.3107
Singapore,Industrial,2019,July,Gigawatt-hour,6103.94142
Singapore,Household,2019,July,Gigawatt-hour,696.422847
Singapore,Power,2019,August,Gigawatt-hour,4459.68
Singapore,Other,2019,August,Gigawatt-hour,28.456737
Singapore,Industrial,2019,August,Gigawatt-hour,6353.76528
Singapore,Household,2019,August,Gigawatt-hour,725.646795
Singapore,Power,2019,September,Gigawatt-hour,4356.32
Singapore,Other,2019,September,Gigawatt-hour,28.610663
Singapore,Industrial,2019,September,Gigawatt-hour,6394.483256
Singapore,Household,2019,September,Gigawatt-hour,729.571915
Singapore,Power,2019,October,Gigawatt-hour,4336.845
Singapore,Other,2019,October,Gigawatt-hour,22.266242
Singapore,Industrial,2019,October,Gigawatt-hour,4969.92033
Singapore,Household,2019,October,Gigawatt-hour,567.789169
Singapore,Power,2019,November,Gigawatt-hour,4202.99
Singapore,Other,2019,November,Gigawatt-hour,28.743784
Singapore,Industrial,2019,November,Gigawatt-hour,6430.0503
Singapore,Household,2019,November,Gigawatt-hour,732.966495
Singapore,Power,2019,December,Gigawatt-hour,4208.405
Singapore,Other,2019,December,Gigawatt-hour,25.709323
Singapore,Industrial,2019,December,Gigawatt-hour,5748.59433
Singapore,Household,2019,December,Gigawatt-hour,655.587736
South Korea,Power,2024,January,Gigawatt-hour,19698.4032
South Korea,Other,2024,January,Gigawatt-hour,2678.928
South Korea,Industrial,2024,January,Gigawatt-hour,43561.14
South Korea,Household,2024,January,Gigawatt-hour,11721.10968
South Korea,Power,2024,February,Gigawatt-hour,16363.8804
South Korea,Other,2024,February,Gigawatt-hour,2860.284
South Korea,Industrial,2024,February,Gigawatt-hour,34970.292
South Korea,Household,2024,February,Gigawatt-hour,9355.65624
South Korea,Power,2024,March,Gigawatt-hour,19726.3206
South Korea,Other,2024,March,Gigawatt-hour,2804.592
South Korea,Industrial,2024,March,Gigawatt-hour,32327.064
South Korea,Household,2024,March,Gigawatt-hour,9103.05732
South Korea,Power,2024,April,Gigawatt-hour,16602.02796
South Korea,Other,2024,April,Gigawatt-hour,2717.484
South Korea,Industrial,2024,April,Gigawatt-hour,21398.58
South Korea,Household,2024,April,Gigawatt-hour,6311.87424
South Korea,Power,2024,May,Gigawatt-hour,17793.50832
South Korea,Other,2024,May,Gigawatt-hour,2800.308
South Korea,Industrial,2024,May,Gigawatt-hour,19704.67212
South Korea,Household,2024,May,Gigawatt-hour,5754.22596
South Korea,Power,2024,June,Gigawatt-hour,19061.45808
South Korea,Other,2024,June,Gigawatt-hour,2510.424
South Korea,Industrial,2024,June,Gigawatt-hour,17810.016
South Korea,Household,2024,June,Gigawatt-hour,6217.69764
South Korea,Power,2024,July,Gigawatt-hour,22236.78744
South Korea,Other,2024,July,Gigawatt-hour,2596.104
South Korea,Industrial,2024,July,Gigawatt-hour,17710.056
South Korea,Household,2024,July,Gigawatt-hour,7417.28904
South Korea,Power,2024,August,Gigawatt-hour,24769.24548
South Korea,Other,2024,August,Gigawatt-hour,2713.2
South Korea,Industrial,2024,August,Gigawatt-hour,17063.172
South Korea,Household,2024,August,Gigawatt-hour,8310.94572
South Korea,Power,2024,September,Gigawatt-hour,19580.79312
South Korea,Other,2024,September,Gigawatt-hour,2683.212
South Korea,Industrial,2024,September,Gigawatt-hour,15929.59704
South Korea,Household,2024,September,Gigawatt-hour,6647.1972
South Korea,Power,2024,October,Gigawatt-hour,16862.80932
South Korea,Other,2024,October,Gigawatt-hour,2199.12
South Korea,Industrial,2024,October,Gigawatt-hour,18781.056
South Korea,Household,2024,October,Gigawatt-hour,6574.05504
South Korea,Power,2024,November,Gigawatt-hour,16648.08096
South Korea,Other,2024,November,Gigawatt-hour,2491.86
South Korea,Industrial,2024,November,Gigawatt-hour,26865.1782
South Korea,Household,2024,November,Gigawatt-hour,8121.393
South Korea,Power,2024,December,Gigawatt-hour,18007.19424
South Korea,Other,2024,December,Gigawatt-hour,3054.492
South Korea,Industrial,2024,December,Gigawatt-hour,41865.37572
South Korea,Household,2024,December,Gigawatt-hour,11542.15272
South Korea,Power,2023,January,Gigawatt-hour,19684.98
South Korea,Other,2023,January,Gigawatt-hour,1723.596
South Korea,Industrial,2023,January,Gigawatt-hour,42865.704
South Korea,Household,2023,January,Gigawatt-hour,11703.888
South Korea,Power,2023,February,Gigawatt-hour,18329.808
South Korea,Other,2023,February,Gigawatt-hour,1923.516
South Korea,Industrial,2023,February,Gigawatt-hour,33083.904
South Korea,Household,2023,February,Gigawatt-hour,9163.476
South Korea,Power,2023,March,Gigawatt-hour,19453.644
South Korea,Other,2023,March,Gigawatt-hour,2020.62
South Korea,Industrial,2023,March,Gigawatt-hour,26516.254968
South Korea,Household,2023,March,Gigawatt-hour,8275.26
South Korea,Power,2023,April,Gigawatt-hour,17031.756
South Korea,Other,2023,April,Gigawatt-hour,2283.372
South Korea,Industrial,2023,April,Gigawatt-hour,19673.992968
South Korea,Household,2023,April,Gigawatt-hour,6320.328
South Korea,Power,2023,May,Gigawatt-hour,16976.064
South Korea,Other,2023,May,Gigawatt-hour,2758.896
South Korea,Industrial,2023,May,Gigawatt-hour,17471.2587
South Korea,Household,2023,May,Gigawatt-hour,5776.26
South Korea,Power,2023,June,Gigawatt-hour,17263.092
South Korea,Other,2023,June,Gigawatt-hour,2273.376
South Korea,Industrial,2023,June,Gigawatt-hour,15468.096
South Korea,Household,2023,June,Gigawatt-hour,6101.844
South Korea,Power,2023,July,Gigawatt-hour,20196.204
South Korea,Other,2023,July,Gigawatt-hour,2570.4
South Korea,Industrial,2023,July,Gigawatt-hour,15858.70398
South Korea,Household,2023,July,Gigawatt-hour,6598.788
South Korea,Power,2023,August,Gigawatt-hour,21048.72
South Korea,Other,2023,August,Gigawatt-hour,2450.448
South Korea,Industrial,2023,August,Gigawatt-hour,15029.041692
South Korea,Household,2023,August,Gigawatt-hour,7022.904
South Korea,Power,2023,September,Gigawatt-hour,18161.304
South Korea,Other,2023,September,Gigawatt-hour,2550.408
South Korea,Industrial,2023,September,Gigawatt-hour,15206.9505
South Korea,Household,2023,September,Gigawatt-hour,6477.408
South Korea,Power,2023,October,Gigawatt-hour,15863.652
South Korea,Other,2023,October,Gigawatt-hour,2766.036
South Korea,Industrial,2023,October,Gigawatt-hour,18364.08
South Korea,Household,2023,October,Gigawatt-hour,5694.864
South Korea,Power,2023,November,Gigawatt-hour,15723.708
South Korea,Other,2023,November,Gigawatt-hour,2796.024
South Korea,Industrial,2023,November,Gigawatt-hour,28959.745752
South Korea,Household,2023,November,Gigawatt-hour,8195.292
South Korea,Power,2023,December,Gigawatt-hour,16372.60548
South Korea,Other,2023,December,Gigawatt-hour,2728.908
South Korea,Industrial,2023,December,Gigawatt-hour,41247.959928
South Korea,Household,2023,December,Gigawatt-hour,11269.76172
South Korea,Power,2022,January,Gigawatt-hour,18903.864
South Korea,Other,2022,January,Gigawatt-hour,2583.252
South Korea,Industrial,2022,January,Gigawatt-hour,44660.7
South Korea,Household,2022,January,Gigawatt-hour,11928.084
South Korea,Power,2022,February,Gigawatt-hour,17158.848
South Korea,Other,2022,February,Gigawatt-hour,2241.96
South Korea,Industrial,2022,February,Gigawatt-hour,39072.936
South Korea,Household,2022,February,Gigawatt-hour,10305.876
South Korea,Power,2022,March,Gigawatt-hour,22423.884
South Korea,Other,2022,March,Gigawatt-hour,2107.728
South Korea,Industrial,2022,March,Gigawatt-hour,30940.476
South Korea,Household,2022,March,Gigawatt-hour,10343.004
South Korea,Power,2022,April,Gigawatt-hour,18354.084
South Korea,Other,2022,April,Gigawatt-hour,1804.992
South Korea,Industrial,2022,April,Gigawatt-hour,21591.36
South Korea,Household,2022,April,Gigawatt-hour,6624.492
South Korea,Power,2022,May,Gigawatt-hour,18652.536
South Korea,Other,2022,May,Gigawatt-hour,2016.336
South Korea,Industrial,2022,May,Gigawatt-hour,17447.304
South Korea,Household,2022,May,Gigawatt-hour,5180.784
South Korea,Power,2022,June,Gigawatt-hour,17999.94
South Korea,Other,2022,June,Gigawatt-hour,1669.332
South Korea,Industrial,2022,June,Gigawatt-hour,16330.608
South Korea,Household,2022,June,Gigawatt-hour,6540.24
South Korea,Power,2022,July,Gigawatt-hour,21652.764
South Korea,Other,2022,July,Gigawatt-hour,1609.356
South Korea,Industrial,2022,July,Gigawatt-hour,16219.224
South Korea,Household,2022,July,Gigawatt-hour,7279.944
South Korea,Power,2022,August,Gigawatt-hour,19467.924
South Korea,Other,2022,August,Gigawatt-hour,1683.612
South Korea,Industrial,2022,August,Gigawatt-hour,15091.104
South Korea,Household,2022,August,Gigawatt-hour,6386.016
South Korea,Power,2022,September,Gigawatt-hour,18074.196
South Korea,Other,2022,September,Gigawatt-hour,1529.388
South Korea,Industrial,2022,September,Gigawatt-hour,14317.128
South Korea,Household,2022,September,Gigawatt-hour,4399.668
South Korea,Power,2022,October,Gigawatt-hour,17427.312
South Korea,Other,2022,October,Gigawatt-hour,1335.18
South Korea,Industrial,2022,October,Gigawatt-hour,18993.828
South Korea,Household,2022,October,Gigawatt-hour,5456.388
South Korea,Power,2022,November,Gigawatt-hour,18202.716
South Korea,Other,2022,November,Gigawatt-hour,1216.656
South Korea,Industrial,2022,November,Gigawatt-hour,24357.396
South Korea,Household,2022,November,Gigawatt-hour,7254.24
South Korea,Power,2022,December,Gigawatt-hour,21989.772
South Korea,Other,2022,December,Gigawatt-hour,1817.844
South Korea,Industrial,2022,December,Gigawatt-hour,45797.388
South Korea,Household,2022,December,Gigawatt-hour,12250.812
South Korea,Power,2021,January,Gigawatt-hour,23492.028
South Korea,Other,2021,January,Gigawatt-hour,2510.424
South Korea,Industrial,2021,January,Gigawatt-hour,45700.284
South Korea,Household,2021,January,Gigawatt-hour,11212.656
South Korea,Power,2021,February,Gigawatt-hour,18963.84
South Korea,Other,2021,February,Gigawatt-hour,1879.248
South Korea,Industrial,2021,February,Gigawatt-hour,34110.636
South Korea,Household,2021,February,Gigawatt-hour,8642.256
South Korea,Power,2021,March,Gigawatt-hour,22532.412
South Korea,Other,2021,March,Gigawatt-hour,1984.92
South Korea,Industrial,2021,March,Gigawatt-hour,28625.688
South Korea,Household,2021,March,Gigawatt-hour,8043.924
South Korea,Power,2021,April,Gigawatt-hour,19859.196
South Korea,Other,2021,April,Gigawatt-hour,2094.876
South Korea,Industrial,2021,April,Gigawatt-hour,20991.6
South Korea,Household,2021,April,Gigawatt-hour,6081.852
South Korea,Power,2021,May,Gigawatt-hour,18889.584
South Korea,Other,2021,May,Gigawatt-hour,2306.22
South Korea,Industrial,2021,May,Gigawatt-hour,17762.892
South Korea,Household,2021,May,Gigawatt-hour,4822.356
South Korea,Power,2021,June,Gigawatt-hour,20847.372
South Korea,Other,2021,June,Gigawatt-hour,2179.128
South Korea,Industrial,2021,June,Gigawatt-hour,15665.16
South Korea,Household,2021,June,Gigawatt-hour,5046.552
South Korea,Power,2021,July,Gigawatt-hour,24295.992
South Korea,Other,2021,July,Gigawatt-hour,2360.484
South Korea,Industrial,2021,July,Gigawatt-hour,15582.336
South Korea,Household,2021,July,Gigawatt-hour,6267.492
South Korea,Power,2021,August,Gigawatt-hour,21477.12
South Korea,Other,2021,August,Gigawatt-hour,2167.704
South Korea,Industrial,2021,August,Gigawatt-hour,14732.676
South Korea,Household,2021,August,Gigawatt-hour,5579.196
South Korea,Power,2021,September,Gigawatt-hour,19525.044
South Korea,Other,2021,September,Gigawatt-hour,2013.48
South Korea,Industrial,2021,September,Gigawatt-hour,14895.468
South Korea,Household,2021,September,Gigawatt-hour,5037.984
South Korea,Power,2021,October,Gigawatt-hour,19822.068
South Korea,Other,2021,October,Gigawatt-hour,2034.9
South Korea,Industrial,2021,October,Gigawatt-hour,19225.164
South Korea,Household,2021,October,Gigawatt-hour,6077.568
South Korea,Power,2021,November,Gigawatt-hour,18863.88
South Korea,Other,2021,November,Gigawatt-hour,1950.648
South Korea,Industrial,2021,November,Gigawatt-hour,28200.144
South Korea,Household,2021,November,Gigawatt-hour,7471.296
South Korea,Power,2021,December,Gigawatt-hour,19025.244
South Korea,Other,2021,December,Gigawatt-hour,2466.156
South Korea,Industrial,2021,December,Gigawatt-hour,40816.524
South Korea,Household,2021,December,Gigawatt-hour,10113.096
South Korea,Power,2020,January,Gigawatt-hour,20877.36
South Korea,Other,2020,January,Gigawatt-hour,2166.276
South Korea,Industrial,2020,January,Gigawatt-hour,37526.412
South Korea,Household,2020,January,Gigawatt-hour,9656.136
South Korea,Power,2020,February,Gigawatt-hour,18315.528
South Korea,Other,2020,February,Gigawatt-hour,2027.76
South Korea,Industrial,2020,February,Gigawatt-hour,33866.448
South Korea,Household,2020,February,Gigawatt-hour,8615.124
South Korea,Power,2020,March,Gigawatt-hour,18411.204
South Korea,Other,2020,March,Gigawatt-hour,2044.896
South Korea,Industrial,2020,March,Gigawatt-hour,28310.1
South Korea,Household,2020,March,Gigawatt-hour,7738.332
South Korea,Power,2020,April,Gigawatt-hour,12597.816
South Korea,Other,2020,April,Gigawatt-hour,1873.536
South Korea,Industrial,2020,April,Gigawatt-hour,22328.208
South Korea,Household,2020,April,Gigawatt-hour,5654.88
South Korea,Power,2020,May,Gigawatt-hour,10858.512
South Korea,Other,2020,May,Gigawatt-hour,2007.768
South Korea,Industrial,2020,May,Gigawatt-hour,15389.556
South Korea,Household,2020,May,Gigawatt-hour,3986.976
South Korea,Power,2020,June,Gigawatt-hour,14368.536
South Korea,Other,2020,June,Gigawatt-hour,1777.86
South Korea,Industrial,2020,June,Gigawatt-hour,14215.74
South Korea,Household,2020,June,Gigawatt-hour,3946.992
South Korea,Power,2020,July,Gigawatt-hour,15760.836
South Korea,Other,2020,July,Gigawatt-hour,2299.08
South Korea,Industrial,2020,July,Gigawatt-hour,14347.116
South Korea,Household,2020,July,Gigawatt-hour,4449.648
South Korea,Power,2020,August,Gigawatt-hour,20718.852
South Korea,Other,2020,August,Gigawatt-hour,2299.08
South Korea,Industrial,2020,August,Gigawatt-hour,14054.376
South Korea,Household,2020,August,Gigawatt-hour,5189.352
South Korea,Power,2020,September,Gigawatt-hour,18838.176
South Korea,Other,2020,September,Gigawatt-hour,2343.348
South Korea,Industrial,2020,September,Gigawatt-hour,14458.5
South Korea,Household,2020,September,Gigawatt-hour,4345.404
South Korea,Power,2020,October,Gigawatt-hour,18062.772
South Korea,Other,2020,October,Gigawatt-hour,2419.032
South Korea,Industrial,2020,October,Gigawatt-hour,18729.648
South Korea,Household,2020,October,Gigawatt-hour,4618.152
South Korea,Power,2020,November,Gigawatt-hour,17504.424
South Korea,Other,2020,November,Gigawatt-hour,2361.912
South Korea,Industrial,2020,November,Gigawatt-hour,26849.256
South Korea,Household,2020,November,Gigawatt-hour,7532.7
South Korea,Power,2020,December,Gigawatt-hour,22886.556
South Korea,Other,2020,December,Gigawatt-hour,2776.032
South Korea,Industrial,2020,December,Gigawatt-hour,40783.68
South Korea,Household,2020,December,Gigawatt-hour,10358.712
South Korea,Power,2019,January,Gigawatt-hour,20301.876
South Korea,Other,2019,January,Gigawatt-hour,1759.296
South Korea,Industrial,2019,January,Gigawatt-hour,41630.484
South Korea,Household,2019,January,Gigawatt-hour,8240.988
South Korea,Power,2019,February,Gigawatt-hour,16276.344
South Korea,Other,2019,February,Gigawatt-hour,1740.732
South Korea,Industrial,2019,February,Gigawatt-hour,33729.36
South Korea,Household,2019,February,Gigawatt-hour,6633.06
South Korea,Power,2019,March,Gigawatt-hour,17255.952
South Korea,Other,2019,March,Gigawatt-hour,1416.576
South Korea,Industrial,2019,March,Gigawatt-hour,29373.96
South Korea,Household,2019,March,Gigawatt-hour,6475.98
South Korea,Power,2019,April,Gigawatt-hour,17924.256
South Korea,Other,2019,April,Gigawatt-hour,1667.904
South Korea,Industrial,2019,April,Gigawatt-hour,23520.588
South Korea,Household,2019,April,Gigawatt-hour,4282.572
South Korea,Power,2019,May,Gigawatt-hour,16797.564
South Korea,Other,2019,May,Gigawatt-hour,1396.584
South Korea,Industrial,2019,May,Gigawatt-hour,17501.568
South Korea,Household,2019,May,Gigawatt-hour,3194.436
South Korea,Power,2019,June,Gigawatt-hour,14651.28
South Korea,Other,2019,June,Gigawatt-hour,1646.484
South Korea,Industrial,2019,June,Gigawatt-hour,15529.5
South Korea,Household,2019,June,Gigawatt-hour,2971.668
South Korea,Power,2019,July,Gigawatt-hour,19656.42
South Korea,Other,2019,July,Gigawatt-hour,1929.228
South Korea,Industrial,2019,July,Gigawatt-hour,15289.596
South Korea,Household,2019,July,Gigawatt-hour,3654.252
South Korea,Power,2019,August,Gigawatt-hour,20223.336
South Korea,Other,2019,August,Gigawatt-hour,1940.652
South Korea,Industrial,2019,August,Gigawatt-hour,14484.204
South Korea,Household,2019,August,Gigawatt-hour,3705.66
South Korea,Power,2019,September,Gigawatt-hour,15799.392
South Korea,Other,2019,September,Gigawatt-hour,1829.268
South Korea,Industrial,2019,September,Gigawatt-hour,14055.804
South Korea,Household,2019,September,Gigawatt-hour,3023.076
South Korea,Power,2019,October,Gigawatt-hour,15656.592
South Korea,Other,2019,October,Gigawatt-hour,1919.232
South Korea,Industrial,2019,October,Gigawatt-hour,17844.288
South Korea,Household,2019,October,Gigawatt-hour,4022.676
South Korea,Power,2019,November,Gigawatt-hour,18429.768
South Korea,Other,2019,November,Gigawatt-hour,1782.144
South Korea,Industrial,2019,November,Gigawatt-hour,26993.484
South Korea,Household,2019,November,Gigawatt-hour,5934.768
South Korea,Power,2019,December,Gigawatt-hour,24088.932
South Korea,Other,2019,December,Gigawatt-hour,2200.548
South Korea,Industrial,2019,December,Gigawatt-hour,37245.096
South Korea,Household,2019,December,Gigawatt-hour,7912.548
Taiwan,Power,2024,January,Gigawatt-hour,19078.5
Taiwan,Other,2024,January,Gigawatt-hour,1050.41475
Taiwan,Industrial,2024,January,Gigawatt-hour,3849.34725
Taiwan,Household,2024,January,Gigawatt-hour,854.238
Taiwan,Power,2024,February,Gigawatt-hour,15435
Taiwan,Other,2024,February,Gigawatt-hour,867.42495
Taiwan,Industrial,2024,February,Gigawatt-hour,3498.65145
Taiwan,Household,2024,February,Gigawatt-hour,705.4236
Taiwan,Power,2024,March,Gigawatt-hour,17094
Taiwan,Other,2024,March,Gigawatt-hour,969.57945
Taiwan,Industrial,2024,March,Gigawatt-hour,4069.42095
Taiwan,Household,2024,March,Gigawatt-hour,788.4996
Taiwan,Power,2024,April,Gigawatt-hour,18123
Taiwan,Other,2024,April,Gigawatt-hour,1001.55825
Taiwan,Industrial,2024,April,Gigawatt-hour,3738.43575
Taiwan,Household,2024,April,Gigawatt-hour,814.506
Taiwan,Power,2024,May,Gigawatt-hour,18469.5
Taiwan,Other,2024,May,Gigawatt-hour,1016.2152
Taiwan,Industrial,2024,May,Gigawatt-hour,3711.8592
Taiwan,Household,2024,May,Gigawatt-hour,826.4256
Taiwan,Power,2024,June,Gigawatt-hour,20202
Taiwan,Other,2024,June,Gigawatt-hour,1075.7313
Taiwan,Industrial,2024,June,Gigawatt-hour,3278.4423
Taiwan,Household,2024,June,Gigawatt-hour,874.8264
Taiwan,Power,2024,July,Gigawatt-hour,22333.5
Taiwan,Other,2024,July,Gigawatt-hour,1162.7847
Taiwan,Industrial,2024,July,Gigawatt-hour,3047.0937
Taiwan,Household,2024,July,Gigawatt-hour,945.6216
Taiwan,Power,2024,August,Gigawatt-hour,22659
Taiwan,Other,2024,August,Gigawatt-hour,1178.32995
Taiwan,Industrial,2024,August,Gigawatt-hour,3060.90645
Taiwan,Household,2024,August,Gigawatt-hour,958.2636
Taiwan,Power,2024,September,Gigawatt-hour,21388.5
Taiwan,Other,2024,September,Gigawatt-hour,1120.59045
Taiwan,Industrial,2024,September,Gigawatt-hour,3071.10195
Taiwan,Household,2024,September,Gigawatt-hour,911.3076
Taiwan,Power,2024,October,Gigawatt-hour,20790
Taiwan,Other,2024,October,Gigawatt-hour,1101.04785
Taiwan,Industrial,2024,October,Gigawatt-hour,3243.03735
Taiwan,Household,2024,October,Gigawatt-hour,895.4148
Taiwan,Power,2024,November,Gigawatt-hour,19981.5
Taiwan,Other,2024,November,Gigawatt-hour,1064.1834
Taiwan,Industrial,2024,November,Gigawatt-hour,3246.8814
Taiwan,Household,2024,November,Gigawatt-hour,865.4352
Taiwan,Power,2024,December,Gigawatt-hour,19551
Taiwan,Other,2024,December,Gigawatt-hour,1057.52115
Taiwan,Industrial,2024,December,Gigawatt-hour,3531.96165
Taiwan,Household,2024,December,Gigawatt-hour,860.0172
Taiwan,Power,2023,January,Gigawatt-hour,16138.5
Taiwan,Other,2023,January,Gigawatt-hour,886.07925
Taiwan,Industrial,2023,January,Gigawatt-hour,3202.32675
Taiwan,Household,2023,January,Gigawatt-hour,720.594
Taiwan,Power,2023,February,Gigawatt-hour,16464
Taiwan,Other,2023,February,Gigawatt-hour,924.7203
Taiwan,Industrial,2023,February,Gigawatt-hour,3720.2613
Taiwan,Household,2023,February,Gigawatt-hour,752.0184
Taiwan,Power,2023,March,Gigawatt-hour,17839.5
Taiwan,Other,2023,March,Gigawatt-hour,1010.8854
Taiwan,Industrial,2023,March,Gigawatt-hour,4225.5234
Taiwan,Household,2023,March,Gigawatt-hour,822.0912
Taiwan,Power,2023,April,Gigawatt-hour,16768.5
Taiwan,Other,2023,April,Gigawatt-hour,942.04215
Taiwan,Industrial,2023,April,Gigawatt-hour,3793.85265
Taiwan,Household,2023,April,Gigawatt-hour,766.1052
Taiwan,Power,2023,May,Gigawatt-hour,17881.5
Taiwan,Other,2023,May,Gigawatt-hour,988.6779
Taiwan,Industrial,2023,May,Gigawatt-hour,3698.7909
Taiwan,Household,2023,May,Gigawatt-hour,804.0312
Taiwan,Power,2023,June,Gigawatt-hour,17850
Taiwan,Other,2023,June,Gigawatt-hour,972.24435
Taiwan,Industrial,2023,June,Gigawatt-hour,3371.58885
Taiwan,Household,2023,June,Gigawatt-hour,790.6668
Taiwan,Power,2023,July,Gigawatt-hour,19845
Taiwan,Other,2023,July,Gigawatt-hour,1052.6355
Taiwan,Industrial,2023,July,Gigawatt-hour,3131.3205
Taiwan,Household,2023,July,Gigawatt-hour,856.044
Taiwan,Power,2023,August,Gigawatt-hour,19908
Taiwan,Other,2023,August,Gigawatt-hour,1054.85625
Taiwan,Industrial,2023,August,Gigawatt-hour,3116.79375
Taiwan,Household,2023,August,Gigawatt-hour,857.85
Taiwan,Power,2023,September,Gigawatt-hour,18354
Taiwan,Other,2023,September,Gigawatt-hour,990.01035
Taiwan,Industrial,2023,September,Gigawatt-hour,3255.37485
Taiwan,Household,2023,September,Gigawatt-hour,805.1148
Taiwan,Power,2023,October,Gigawatt-hour,18522
Taiwan,Other,2023,October,Gigawatt-hour,994.0077
Taiwan,Industrial,2023,October,Gigawatt-hour,3174.6267
Taiwan,Household,2023,October,Gigawatt-hour,808.3656
Taiwan,Power,2023,November,Gigawatt-hour,17797.5
Taiwan,Other,2023,November,Gigawatt-hour,964.24965
Taiwan,Industrial,2023,November,Gigawatt-hour,3249.58515
Taiwan,Household,2023,November,Gigawatt-hour,784.1652
Taiwan,Power,2023,December,Gigawatt-hour,18994.5
Taiwan,Other,2023,December,Gigawatt-hour,1027.7631
Taiwan,Industrial,2023,December,Gigawatt-hour,3438.9201
Taiwan,Household,2023,December,Gigawatt-hour,835.8168
Taiwan,Power,2022,January,Gigawatt-hour,18070.5
Taiwan,Other,2022,January,Gigawatt-hour,924.4536
Taiwan,Industrial,2022,January,Gigawatt-hour,3762.6414
Taiwan,Household,2022,January,Gigawatt-hour,825.405
Taiwan,Power,2022,February,Gigawatt-hour,14647.5
Taiwan,Other,2022,February,Gigawatt-hour,769.692
Taiwan,Industrial,2022,February,Gigawatt-hour,3530.583
Taiwan,Household,2022,February,Gigawatt-hour,687.225
Taiwan,Power,2022,March,Gigawatt-hour,18616.5
Taiwan,Other,2022,March,Gigawatt-hour,967.6716
Taiwan,Industrial,2022,March,Gigawatt-hour,4237.3359
Taiwan,Household,2022,March,Gigawatt-hour,863.9925
Taiwan,Power,2022,April,Gigawatt-hour,16390.5
Taiwan,Other,2022,April,Gigawatt-hour,854.07
Taiwan,Industrial,2022,April,Gigawatt-hour,3780.3675
Taiwan,Household,2022,April,Gigawatt-hour,762.5625
Taiwan,Power,2022,May,Gigawatt-hour,17409
Taiwan,Other,2022,May,Gigawatt-hour,894.4068
Taiwan,Industrial,2022,May,Gigawatt-hour,3714.5157
Taiwan,Household,2022,May,Gigawatt-hour,798.5775
Taiwan,Power,2022,June,Gigawatt-hour,18868.5
Taiwan,Other,2022,June,Gigawatt-hour,938.0364
Taiwan,Industrial,2022,June,Gigawatt-hour,3285.4311
Taiwan,Household,2022,June,Gigawatt-hour,837.5325
Taiwan,Power,2022,July,Gigawatt-hour,21157.5
Taiwan,Other,2022,July,Gigawatt-hour,1028.1768
Taiwan,Industrial,2022,July,Gigawatt-hour,3125.3082
Taiwan,Household,2022,July,Gigawatt-hour,918.015
Taiwan,Power,2022,August,Gigawatt-hour,20779.5
Taiwan,Other,2022,August,Gigawatt-hour,1012.9476
Taiwan,Industrial,2022,August,Gigawatt-hour,3143.6349
Taiwan,Household,2022,August,Gigawatt-hour,904.4175
Taiwan,Power,2022,September,Gigawatt-hour,19225.5
Taiwan,Other,2022,September,Gigawatt-hour,945.4452
Taiwan,Industrial,2022,September,Gigawatt-hour,3103.4073
Taiwan,Household,2022,September,Gigawatt-hour,844.1475
Taiwan,Power,2022,October,Gigawatt-hour,19120.5
Taiwan,Other,2022,October,Gigawatt-hour,945.8568
Taiwan,Industrial,2022,October,Gigawatt-hour,3218.1282
Taiwan,Household,2022,October,Gigawatt-hour,844.515
Taiwan,Power,2022,November,Gigawatt-hour,17293.5
Taiwan,Other,2022,November,Gigawatt-hour,873.8268
Taiwan,Industrial,2022,November,Gigawatt-hour,3343.9707
Taiwan,Household,2022,November,Gigawatt-hour,780.2025
Taiwan,Power,2022,December,Gigawatt-hour,18795
Taiwan,Other,2022,December,Gigawatt-hour,949.5612
Taiwan,Industrial,2022,December,Gigawatt-hour,3631.1163
Taiwan,Household,2022,December,Gigawatt-hour,847.8225
Taiwan,Power,2021,January,Gigawatt-hour,16684.5
Taiwan,Other,2021,January,Gigawatt-hour,869.8536
Taiwan,Industrial,2021,January,Gigawatt-hour,3642.8364
Taiwan,Household,2021,January,Gigawatt-hour,768.81
Taiwan,Power,2021,February,Gigawatt-hour,12757.5
Taiwan,Other,2021,February,Gigawatt-hour,690.228
Taiwan,Industrial,2021,February,Gigawatt-hour,3372.222
Taiwan,Household,2021,February,Gigawatt-hour,610.05
Taiwan,Power,2021,March,Gigawatt-hour,16506
Taiwan,Other,2021,March,Gigawatt-hour,869.022
Taiwan,Industrial,2021,March,Gigawatt-hour,3801.903
Taiwan,Household,2021,March,Gigawatt-hour,768.075
Taiwan,Power,2021,April,Gigawatt-hour,16348.5
Taiwan,Other,2021,April,Gigawatt-hour,852.39
Taiwan,Industrial,2021,April,Gigawatt-hour,3570.735
Taiwan,Household,2021,April,Gigawatt-hour,753.375
Taiwan,Power,2021,May,Gigawatt-hour,18175.5
Taiwan,Other,2021,May,Gigawatt-hour,917.2548
Taiwan,Industrial,2021,May,Gigawatt-hour,3259.5402
Taiwan,Household,2021,May,Gigawatt-hour,810.705
Taiwan,Power,2021,June,Gigawatt-hour,17083.5
Taiwan,Other,2021,June,Gigawatt-hour,866.943
Taiwan,Industrial,2021,June,Gigawatt-hour,3175.8195
Taiwan,Household,2021,June,Gigawatt-hour,766.2375
Taiwan,Power,2021,July,Gigawatt-hour,19624.5
Taiwan,Other,2021,July,Gigawatt-hour,969.6456
Taiwan,Industrial,2021,July,Gigawatt-hour,3034.8444
Taiwan,Household,2021,July,Gigawatt-hour,857.01
Taiwan,Power,2021,August,Gigawatt-hour,18889.5
Taiwan,Other,2021,August,Gigawatt-hour,940.5396
Taiwan,Industrial,2021,August,Gigawatt-hour,3089.6754
Taiwan,Household,2021,August,Gigawatt-hour,831.285
Taiwan,Power,2021,September,Gigawatt-hour,18448.5
Taiwan,Other,2021,September,Gigawatt-hour,918.5022
Taiwan,Industrial,2021,September,Gigawatt-hour,3015.6903
Taiwan,Household,2021,September,Gigawatt-hour,811.8075
Taiwan,Power,2021,October,Gigawatt-hour,19698
Taiwan,Other,2021,October,Gigawatt-hour,971.3088
Taiwan,Industrial,2021,October,Gigawatt-hour,3000.2112
Taiwan,Household,2021,October,Gigawatt-hour,858.48
Taiwan,Power,2021,November,Gigawatt-hour,19194
Taiwan,Other,2021,November,Gigawatt-hour,962.577
Taiwan,Industrial,2021,November,Gigawatt-hour,3300.1605
Taiwan,Household,2021,November,Gigawatt-hour,850.7625
Taiwan,Power,2021,December,Gigawatt-hour,18690
Taiwan,Other,2021,December,Gigawatt-hour,950.103
Taiwan,Industrial,2021,December,Gigawatt-hour,3512.6595
Taiwan,Household,2021,December,Gigawatt-hour,839.7375
Taiwan,Power,2020,January,Gigawatt-hour,14668.5
Taiwan,Other,2020,January,Gigawatt-hour,819.13545
Taiwan,Industrial,2020,January,Gigawatt-hour,2972.6466
Taiwan,Household,2020,January,Gigawatt-hour,723.21795
Taiwan,Power,2020,February,Gigawatt-hour,15109.5
Taiwan,Other,2020,February,Gigawatt-hour,845.5881
Taiwan,Industrial,2020,February,Gigawatt-hour,3101.3388
Taiwan,Household,2020,February,Gigawatt-hour,746.5731
Taiwan,Power,2020,March,Gigawatt-hour,16737
Taiwan,Other,2020,March,Gigawatt-hour,925.3944
Taiwan,Industrial,2020,March,Gigawatt-hour,3192.5712
Taiwan,Household,2020,March,Gigawatt-hour,817.0344
Taiwan,Power,2020,April,Gigawatt-hour,14731.5
Taiwan,Other,2020,April,Gigawatt-hour,826.30905
Taiwan,Industrial,2020,April,Gigawatt-hour,3064.1394
Taiwan,Household,2020,April,Gigawatt-hour,729.55155
Taiwan,Power,2020,May,Gigawatt-hour,17083.5
Taiwan,Other,2020,May,Gigawatt-hour,911.49555
Taiwan,Industrial,2020,May,Gigawatt-hour,2546.7414
Taiwan,Household,2020,May,Gigawatt-hour,804.76305
Taiwan,Power,2020,June,Gigawatt-hour,16957.5
Taiwan,Other,2020,June,Gigawatt-hour,905.21865
Taiwan,Industrial,2020,June,Gigawatt-hour,2537.5602
Taiwan,Household,2020,June,Gigawatt-hour,799.22115
Taiwan,Power,2020,July,Gigawatt-hour,17724
Taiwan,Other,2020,July,Gigawatt-hour,935.70645
Taiwan,Industrial,2020,July,Gigawatt-hour,2427.6546
Taiwan,Household,2020,July,Gigawatt-hour,826.13895
Taiwan,Power,2020,August,Gigawatt-hour,17062.5
Taiwan,Other,2020,August,Gigawatt-hour,911.0472
Taiwan,Industrial,2020,August,Gigawatt-hour,2558.0856
Taiwan,Household,2020,August,Gigawatt-hour,804.3672
Taiwan,Power,2020,September,Gigawatt-hour,15928.5
Taiwan,Other,2020,September,Gigawatt-hour,864.86715
Taiwan,Industrial,2020,September,Gigawatt-hour,2697.5382
Taiwan,Household,2020,September,Gigawatt-hour,763.59465
Taiwan,Power,2020,October,Gigawatt-hour,16705.5
Taiwan,Other,2020,October,Gigawatt-hour,903.42525
Taiwan,Industrial,2020,October,Gigawatt-hour,2750.937
Taiwan,Household,2020,October,Gigawatt-hour,797.63775
Taiwan,Power,2020,November,Gigawatt-hour,17136
Taiwan,Other,2020,November,Gigawatt-hour,926.2911
Taiwan,Industrial,2020,November,Gigawatt-hour,2812.8828
Taiwan,Household,2020,November,Gigawatt-hour,817.8261
Taiwan,Power,2020,December,Gigawatt-hour,17713.5
Taiwan,Other,2020,December,Gigawatt-hour,963.50415
Taiwan,Industrial,2020,December,Gigawatt-hour,3036.8142
Taiwan,Household,2020,December,Gigawatt-hour,850.68165
Taiwan,Power,2019,January,Gigawatt-hour,14868
Taiwan,Other,2019,January,Gigawatt-hour,789.7428
Taiwan,Industrial,2019,January,Gigawatt-hour,2995.3224
Taiwan,Household,2019,January,Gigawatt-hour,750.9348
Taiwan,Power,2019,February,Gigawatt-hour,11550
Taiwan,Other,2019,February,Gigawatt-hour,629.0592
Taiwan,Industrial,2019,February,Gigawatt-hour,2678.7936
Taiwan,Household,2019,February,Gigawatt-hour,598.1472
Taiwan,Power,2019,March,Gigawatt-hour,13671
Taiwan,Other,2019,March,Gigawatt-hour,736.32405
Taiwan,Industrial,2019,March,Gigawatt-hour,2984.0349
Taiwan,Household,2019,March,Gigawatt-hour,700.14105
Taiwan,Power,2019,April,Gigawatt-hour,15225
Taiwan,Other,2019,April,Gigawatt-hour,792.3069
Taiwan,Industrial,2019,April,Gigawatt-hour,2696.3202
Taiwan,Household,2019,April,Gigawatt-hour,753.3729
Taiwan,Power,2019,May,Gigawatt-hour,14353.5
Taiwan,Other,2019,May,Gigawatt-hour,762.3924
Taiwan,Industrial,2019,May,Gigawatt-hour,2891.1792
Taiwan,Household,2019,May,Gigawatt-hour,724.9284
Taiwan,Power,2019,June,Gigawatt-hour,13524
Taiwan,Other,2019,June,Gigawatt-hour,717.52065
Taiwan,Industrial,2019,June,Gigawatt-hour,2705.7177
Taiwan,Household,2019,June,Gigawatt-hour,682.26165
Taiwan,Power,2019,July,Gigawatt-hour,17020.5
Taiwan,Other,2019,July,Gigawatt-hour,864.52905
Taiwan,Industrial,2019,July,Gigawatt-hour,2534.4249
Taiwan,Household,2019,July,Gigawatt-hour,822.04605
Taiwan,Power,2019,August,Gigawatt-hour,15592.5
Taiwan,Other,2019,August,Gigawatt-hour,802.5633
Taiwan,Industrial,2019,August,Gigawatt-hour,2560.8114
Taiwan,Household,2019,August,Gigawatt-hour,763.1253
Taiwan,Power,2019,September,Gigawatt-hour,14563.5
Taiwan,Other,2019,September,Gigawatt-hour,755.98215
Taiwan,Industrial,2019,September,Gigawatt-hour,2536.1847
Taiwan,Household,2019,September,Gigawatt-hour,718.83315
Taiwan,Power,2019,October,Gigawatt-hour,16296
Taiwan,Other,2019,October,Gigawatt-hour,831.6231
Taiwan,Industrial,2019,October,Gigawatt-hour,2514.6198
Taiwan,Household,2019,October,Gigawatt-hour,790.7571
Taiwan,Power,2019,November,Gigawatt-hour,17304
Taiwan,Other,2019,November,Gigawatt-hour,877.7769
Taiwan,Industrial,2019,November,Gigawatt-hour,2550.5802
Taiwan,Household,2019,November,Gigawatt-hour,834.6429
Taiwan,Power,2019,December,Gigawatt-hour,16023
Taiwan,Other,2019,December,Gigawatt-hour,829.48635
Taiwan,Industrial,2019,December,Gigawatt-hour,2739.2883
Taiwan,Household,2019,December,Gigawatt-hour,788.72535
Thailand,Power,2024,January,Gigawatt-hour,23153.44
Thailand,Other,2024,January,Gigawatt-hour,967.78
Thailand,Industrial,2024,January,Gigawatt-hour,14858.02
Thailand,Power,2024,February,Gigawatt-hour,24108.42
Thailand,Other,2024,February,Gigawatt-hour,931.25
Thailand,Industrial,2024,February,Gigawatt-hour,13908.09
Thailand,Power,2024,March,Gigawatt-hour,30038.61
Thailand,Other,2024,March,Gigawatt-hour,995.4
Thailand,Industrial,2024,March,Gigawatt-hour,14102.23
Thailand,Power,2024,April,Gigawatt-hour,30059.72
Thailand,Other,2024,April,Gigawatt-hour,891.98
Thailand,Industrial,2024,April,Gigawatt-hour,14191.38
Thailand,Power,2024,May,Gigawatt-hour,30932.68
Thailand,Other,2024,May,Gigawatt-hour,940.17
Thailand,Industrial,2024,May,Gigawatt-hour,14692.12
Thailand,Power,2024,June,Gigawatt-hour,28338.24
Thailand,Other,2024,June,Gigawatt-hour,909.83
Thailand,Industrial,2024,June,Gigawatt-hour,14485.8
Thailand,Power,2024,July,Gigawatt-hour,25337.87
Thailand,Other,2024,July,Gigawatt-hour,894.08
Thailand,Industrial,2024,July,Gigawatt-hour,14646.03
Thailand,Power,2024,August,Gigawatt-hour,27384.11
Thailand,Other,2024,August,Gigawatt-hour,903.32
Thailand,Industrial,2024,August,Gigawatt-hour,15116.12
Thailand,Power,2024,September,Gigawatt-hour,23842.67
Thailand,Other,2024,September,Gigawatt-hour,838.42
Thailand,Industrial,2024,September,Gigawatt-hour,14557.1
Thailand,Power,2024,October,Gigawatt-hour,24711.12
Thailand,Other,2024,October,Gigawatt-hour,857.22
Thailand,Industrial,2024,October,Gigawatt-hour,15484.77
Thailand,Power,2024,November,Gigawatt-hour,24333.22
Thailand,Other,2024,November,Gigawatt-hour,856.27
Thailand,Industrial,2024,November,Gigawatt-hour,14753.34
Thailand,Power,2024,December,Gigawatt-hour,21761.67
Thailand,Other,2024,December,Gigawatt-hour,847.98
Thailand,Industrial,2024,December,Gigawatt-hour,14507.75
Thailand,Power,2023,January,Gigawatt-hour,18360.51
Thailand,Other,2023,January,Gigawatt-hour,1152.16
Thailand,Industrial,2023,January,Gigawatt-hour,13567.58
Thailand,Power,2023,February,Gigawatt-hour,20047.02
Thailand,Other,2023,February,Gigawatt-hour,1073.94
Thailand,Industrial,2023,February,Gigawatt-hour,13270.32
Thailand,Power,2023,March,Gigawatt-hour,25208.82
Thailand,Other,2023,March,Gigawatt-hour,1207.39
Thailand,Industrial,2023,March,Gigawatt-hour,14332.6
Thailand,Power,2023,April,Gigawatt-hour,27374.87
Thailand,Other,2023,April,Gigawatt-hour,1061.44
Thailand,Industrial,2023,April,Gigawatt-hour,13468.88
Thailand,Power,2023,May,Gigawatt-hour,30564.03
Thailand,Other,2023,May,Gigawatt-hour,1142.92
Thailand,Industrial,2023,May,Gigawatt-hour,14148.33
Thailand,Power,2023,June,Gigawatt-hour,27829.83
Thailand,Other,2023,June,Gigawatt-hour,1106.07
Thailand,Industrial,2023,June,Gigawatt-hour,13727.6
Thailand,Power,2023,July,Gigawatt-hour,27752.76
Thailand,Other,2023,July,Gigawatt-hour,1096.83
Thailand,Industrial,2023,July,Gigawatt-hour,14738.22
Thailand,Power,2023,August,Gigawatt-hour,26434.69
Thailand,Other,2023,August,Gigawatt-hour,1087.59
Thailand,Industrial,2023,August,Gigawatt-hour,14867.27
Thailand,Power,2023,September,Gigawatt-hour,24021.06
Thailand,Other,2023,September,Gigawatt-hour,1016.82
Thailand,Industrial,2023,September,Gigawatt-hour,13843.52
Thailand,Power,2023,October,Gigawatt-hour,23383.92
Thailand,Other,2023,October,Gigawatt-hour,995.4
Thailand,Industrial,2023,October,Gigawatt-hour,15014.68
Thailand,Power,2023,November,Gigawatt-hour,23173.71
Thailand,Other,2023,November,Gigawatt-hour,1007.89
Thailand,Industrial,2023,November,Gigawatt-hour,13932.77
Thailand,Power,2023,December,Gigawatt-hour,22167.18
Thailand,Other,2023,December,Gigawatt-hour,995.4
Thailand,Industrial,2023,December,Gigawatt-hour,14443.27
Thailand,Power,2022,January,Gigawatt-hour,21457.49
Thailand,Other,2022,January,Gigawatt-hour,1050.73
Thailand,Industrial,2022,January,Gigawatt-hour,14747.46
Thailand,Power,2022,February,Gigawatt-hour,21861.84
Thailand,Other,2022,February,Gigawatt-hour,1015.67
Thailand,Industrial,2022,February,Gigawatt-hour,13470.13
Thailand,Power,2022,March,Gigawatt-hour,27218.21
Thailand,Other,2022,March,Gigawatt-hour,1133.68
Thailand,Industrial,2022,March,Gigawatt-hour,15521.62
Thailand,Power,2022,April,Gigawatt-hour,22326.26
Thailand,Other,2022,April,Gigawatt-hour,1016.82
Thailand,Industrial,2022,April,Gigawatt-hour,15252.83
Thailand,Power,2022,May,Gigawatt-hour,23558.96
Thailand,Other,2022,May,Gigawatt-hour,1152.16
Thailand,Industrial,2022,May,Gigawatt-hour,13991.57
Thailand,Power,2022,June,Gigawatt-hour,23494.8
Thailand,Other,2022,June,Gigawatt-hour,1159.62
Thailand,Industrial,2022,June,Gigawatt-hour,13923.84
Thailand,Power,2022,July,Gigawatt-hour,22379.17
Thailand,Other,2022,July,Gigawatt-hour,1133.68
Thailand,Industrial,2022,July,Gigawatt-hour,14406.42
Thailand,Power,2022,August,Gigawatt-hour,21263.97
Thailand,Other,2022,August,Gigawatt-hour,1152.16
Thailand,Industrial,2022,August,Gigawatt-hour,14793.45
Thailand,Power,2022,September,Gigawatt-hour,21220.19
Thailand,Other,2022,September,Gigawatt-hour,1088.22
Thailand,Industrial,2022,September,Gigawatt-hour,13852.44
Thailand,Power,2022,October,Gigawatt-hour,18867.45
Thailand,Other,2022,October,Gigawatt-hour,1106.07
Thailand,Industrial,2022,October,Gigawatt-hour,14249.65
Thailand,Power,2022,November,Gigawatt-hour,21559.12
Thailand,Other,2022,November,Gigawatt-hour,1088.22
Thailand,Industrial,2022,November,Gigawatt-hour,13905.99
Thailand,Power,2022,December,Gigawatt-hour,19291.44
Thailand,Other,2022,December,Gigawatt-hour,1152.16
Thailand,Industrial,2022,December,Gigawatt-hour,13733.58
Thailand,Power,2021,January,Gigawatt-hour,21826.14
Thailand,Other,2021,January,Gigawatt-hour,1087.59
Thailand,Industrial,2021,January,Gigawatt-hour,15309.63
Thailand,Power,2021,February,Gigawatt-hour,22344.74
Thailand,Other,2021,February,Gigawatt-hour,716
Thailand,Industrial,2021,February,Gigawatt-hour,14718.9
Thailand,Power,2021,March,Gigawatt-hour,28425.6
Thailand,Other,2021,March,Gigawatt-hour,1354.92
Thailand,Industrial,2021,March,Gigawatt-hour,15881.15
Thailand,Power,2021,April,Gigawatt-hour,24529.47
Thailand,Other,2021,April,Gigawatt-hour,1079.3
Thailand,Industrial,2021,April,Gigawatt-hour,15092.28
Thailand,Power,2021,May,Gigawatt-hour,27881.81
Thailand,Other,2021,May,Gigawatt-hour,1050.73
Thailand,Industrial,2021,May,Gigawatt-hour,16388.08
Thailand,Power,2021,June,Gigawatt-hour,24458.07
Thailand,Other,2021,June,Gigawatt-hour,1070.37
Thailand,Industrial,2021,June,Gigawatt-hour,16064.58
Thailand,Power,2021,July,Gigawatt-hour,22545.08
Thailand,Other,2021,July,Gigawatt-hour,930.93
Thailand,Industrial,2021,July,Gigawatt-hour,13936.33
Thailand,Power,2021,August,Gigawatt-hour,22462.12
Thailand,Other,2021,August,Gigawatt-hour,884.83
Thailand,Industrial,2021,August,Gigawatt-hour,15752.1
Thailand,Power,2021,September,Gigawatt-hour,22691.97
Thailand,Other,2021,September,Gigawatt-hour,909.83
Thailand,Industrial,2021,September,Gigawatt-hour,14610.65
Thailand,Power,2021,October,Gigawatt-hour,22664.88
Thailand,Other,2021,October,Gigawatt-hour,995.4
Thailand,Industrial,2021,October,Gigawatt-hour,14572.32
Thailand,Power,2021,November,Gigawatt-hour,22290.56
Thailand,Other,2021,November,Gigawatt-hour,1043.6
Thailand,Industrial,2021,November,Gigawatt-hour,14904.96
Thailand,Power,2021,December,Gigawatt-hour,20397.51
Thailand,Other,2021,December,Gigawatt-hour,1096.83
Thailand,Industrial,2021,December,Gigawatt-hour,14968.59
Thailand,Power,2020,January,Gigawatt-hour,23660.38
Thailand,Other,2020,January,Gigawatt-hour,1631.38
Thailand,Industrial,2020,January,Gigawatt-hour,15457.15
Thailand,Power,2020,February,Gigawatt-hour,23125.51
Thailand,Other,2020,February,Gigawatt-hour,1534.78
Thailand,Industrial,2020,February,Gigawatt-hour,14537.46
Thailand,Power,2020,March,Gigawatt-hour,26646.69
Thailand,Other,2020,March,Gigawatt-hour,1456.35
Thailand,Industrial,2020,March,Gigawatt-hour,16332.75
Thailand,Power,2020,April,Gigawatt-hour,22674.12
Thailand,Other,2020,April,Gigawatt-hour,954.45
Thailand,Industrial,2020,April,Gigawatt-hour,14271.7
Thailand,Power,2020,May,Gigawatt-hour,24001.42
Thailand,Other,2020,May,Gigawatt-hour,1078.45
Thailand,Industrial,2020,May,Gigawatt-hour,13484.62
Thailand,Power,2020,June,Gigawatt-hour,23815.89
Thailand,Other,2020,June,Gigawatt-hour,1177.37
Thailand,Industrial,2020,June,Gigawatt-hour,13620.5
Thailand,Power,2020,July,Gigawatt-hour,26397.84
Thailand,Other,2020,July,Gigawatt-hour,838.74
Thailand,Industrial,2020,July,Gigawatt-hour,14599.93
Thailand,Power,2020,August,Gigawatt-hour,22922.97
Thailand,Other,2020,August,Gigawatt-hour,1327.31
Thailand,Industrial,2020,August,Gigawatt-hour,14876.5
Thailand,Power,2020,September,Gigawatt-hour,23191.46
Thailand,Other,2020,September,Gigawatt-hour,1275.54
Thailand,Industrial,2020,September,Gigawatt-hour,14931.73
Thailand,Power,2020,October,Gigawatt-hour,22231.76
Thailand,Other,2020,October,Gigawatt-hour,1262.73
Thailand,Industrial,2020,October,Gigawatt-hour,15540.1
Thailand,Power,2020,November,Gigawatt-hour,22567.12
Thailand,Other,2020,November,Gigawatt-hour,1293.39
Thailand,Industrial,2020,November,Gigawatt-hour,14842.59
Thailand,Power,2020,December,Gigawatt-hour,21512.82
Thailand,Other,2020,December,Gigawatt-hour,1271.97
Thailand,Industrial,2020,December,Gigawatt-hour,14987.07
Thailand,Power,2019,January,Gigawatt-hour,23503.72
Thailand,Other,2019,January,Gigawatt-hour,1825.01
Thailand,Industrial,2019,January,Gigawatt-hour,15254.4
Thailand,Power,2019,February,Gigawatt-hour,23435.26
Thailand,Other,2019,February,Gigawatt-hour,1731.66
Thailand,Industrial,2019,February,Gigawatt-hour,14727.19
Thailand,Power,2019,March,Gigawatt-hour,27070.68
Thailand,Other,2019,March,Gigawatt-hour,1954.05
Thailand,Industrial,2019,March,Gigawatt-hour,16517.13
Thailand,Power,2019,April,Gigawatt-hour,26714.83
Thailand,Other,2019,April,Gigawatt-hour,1748.25
Thailand,Industrial,2019,April,Gigawatt-hour,15993.18
Thailand,Power,2019,May,Gigawatt-hour,28527.03
Thailand,Other,2019,May,Gigawatt-hour,1871.1
Thailand,Industrial,2019,May,Gigawatt-hour,15816.57
Thailand,Power,2019,June,Gigawatt-hour,26099.33
Thailand,Other,2019,June,Gigawatt-hour,1757.17
Thailand,Industrial,2019,June,Gigawatt-hour,16100.28
Thailand,Power,2019,July,Gigawatt-hour,25660.53
Thailand,Other,2019,July,Gigawatt-hour,1769.67
Thailand,Industrial,2019,July,Gigawatt-hour,16765.98
Thailand,Power,2019,August,Gigawatt-hour,23734.09
Thailand,Other,2019,August,Gigawatt-hour,1760.43
Thailand,Industrial,2019,August,Gigawatt-hour,16895.02
Thailand,Power,2019,September,Gigawatt-hour,23485.88
Thailand,Other,2019,September,Gigawatt-hour,1605.56
Thailand,Industrial,2019,September,Gigawatt-hour,16510.51
Thailand,Power,2019,October,Gigawatt-hour,26305.65
Thailand,Other,2019,October,Gigawatt-hour,1705.2
Thailand,Industrial,2019,October,Gigawatt-hour,16028.57
Thailand,Power,2019,November,Gigawatt-hour,26179.65
Thailand,Other,2019,November,Gigawatt-hour,1650.18
Thailand,Industrial,2019,November,Gigawatt-hour,16082.43
Thailand,Power,2019,December,Gigawatt-hour,22498.98
Thailand,Other,2019,December,Gigawatt-hour,1640.62
Thailand,Industrial,2019,December,Gigawatt-hour,15844.29
Vietnam,Power,2024,January,Gigawatt-hour,4577.58
Vietnam,Other,2024,January,Gigawatt-hour,19.6182
Vietnam,Industrial,2024,January,Gigawatt-hour,1942.2018
Vietnam,Household,2024,January,Gigawatt-hour,0
Vietnam,Power,2024,February,Gigawatt-hour,4323.27
Vietnam,Other,2024,February,Gigawatt-hour,18.5283
Vietnam,Industrial,2024,February,Gigawatt-hour,1834.3017
Vietnam,Household,2024,February,Gigawatt-hour,0
Vietnam,Power,2024,March,Gigawatt-hour,4221.546
Vietnam,Other,2024,March,Gigawatt-hour,18.09234
Vietnam,Industrial,2024,March,Gigawatt-hour,1791.14166
Vietnam,Household,2024,March,Gigawatt-hour,0
Vietnam,Power,2024,April,Gigawatt-hour,4119.822
Vietnam,Other,2024,April,Gigawatt-hour,17.65638
Vietnam,Industrial,2024,April,Gigawatt-hour,1747.98162
Vietnam,Household,2024,April,Gigawatt-hour,0
Vietnam,Power,2024,May,Gigawatt-hour,3967.236
Vietnam,Other,2024,May,Gigawatt-hour,17.00244
Vietnam,Industrial,2024,May,Gigawatt-hour,1683.24156
Vietnam,Household,2024,May,Gigawatt-hour,0
Vietnam,Power,2024,June,Gigawatt-hour,3865.512
Vietnam,Other,2024,June,Gigawatt-hour,16.56648
Vietnam,Industrial,2024,June,Gigawatt-hour,1640.08152
Vietnam,Household,2024,June,Gigawatt-hour,0
Vietnam,Power,2024,July,Gigawatt-hour,3814.65
Vietnam,Other,2024,July,Gigawatt-hour,16.3485
Vietnam,Industrial,2024,July,Gigawatt-hour,1618.5015
Vietnam,Household,2024,July,Gigawatt-hour,0
Vietnam,Power,2024,August,Gigawatt-hour,3916.374
Vietnam,Other,2024,August,Gigawatt-hour,16.78446
Vietnam,Industrial,2024,August,Gigawatt-hour,1661.66154
Vietnam,Household,2024,August,Gigawatt-hour,0
Vietnam,Power,2024,September,Gigawatt-hour,4221.546
Vietnam,Other,2024,September,Gigawatt-hour,18.09234
Vietnam,Industrial,2024,September,Gigawatt-hour,1791.14166
Vietnam,Household,2024,September,Gigawatt-hour,0
Vietnam,Power,2024,October,Gigawatt-hour,4374.132
Vietnam,Other,2024,October,Gigawatt-hour,18.74628
Vietnam,Industrial,2024,October,Gigawatt-hour,1855.88172
Vietnam,Household,2024,October,Gigawatt-hour,0
Vietnam,Power,2024,November,Gigawatt-hour,4628.442
Vietnam,Other,2024,November,Gigawatt-hour,19.83618
Vietnam,Industrial,2024,November,Gigawatt-hour,1963.78182
Vietnam,Household,2024,November,Gigawatt-hour,0
Vietnam,Power,2024,December,Gigawatt-hour,4831.89
Vietnam,Other,2024,December,Gigawatt-hour,20.7081
Vietnam,Industrial,2024,December,Gigawatt-hour,2050.1019
Vietnam,Household,2024,December,Gigawatt-hour,0
Vietnam,Power,2023,January,Gigawatt-hour,4762.8
Vietnam,Other,2023,January,Gigawatt-hour,20.412
Vietnam,Industrial,2023,January,Gigawatt-hour,2020.788
Vietnam,Household,2023,January,Gigawatt-hour,0
Vietnam,Power,2023,February,Gigawatt-hour,4498.2
Vietnam,Other,2023,February,Gigawatt-hour,19.278
Vietnam,Industrial,2023,February,Gigawatt-hour,1908.522
Vietnam,Household,2023,February,Gigawatt-hour,0
Vietnam,Power,2023,March,Gigawatt-hour,4392.36
Vietnam,Other,2023,March,Gigawatt-hour,18.8244
Vietnam,Industrial,2023,March,Gigawatt-hour,1863.6156
Vietnam,Household,2023,March,Gigawatt-hour,0
Vietnam,Power,2023,April,Gigawatt-hour,4286.52
Vietnam,Other,2023,April,Gigawatt-hour,18.3708
Vietnam,Industrial,2023,April,Gigawatt-hour,1818.7092
Vietnam,Household,2023,April,Gigawatt-hour,0
Vietnam,Power,2023,May,Gigawatt-hour,4127.76
Vietnam,Other,2023,May,Gigawatt-hour,17.6904
Vietnam,Industrial,2023,May,Gigawatt-hour,1751.3496
Vietnam,Household,2023,May,Gigawatt-hour,0
Vietnam,Power,2023,June,Gigawatt-hour,4021.92
Vietnam,Other,2023,June,Gigawatt-hour,17.2368
Vietnam,Industrial,2023,June,Gigawatt-hour,1706.4432
Vietnam,Household,2023,June,Gigawatt-hour,0
Vietnam,Power,2023,July,Gigawatt-hour,3969
Vietnam,Other,2023,July,Gigawatt-hour,17.01
Vietnam,Industrial,2023,July,Gigawatt-hour,1683.99
Vietnam,Household,2023,July,Gigawatt-hour,0
Vietnam,Power,2023,August,Gigawatt-hour,4074.84
Vietnam,Other,2023,August,Gigawatt-hour,17.4636
Vietnam,Industrial,2023,August,Gigawatt-hour,1728.8964
Vietnam,Household,2023,August,Gigawatt-hour,0
Vietnam,Power,2023,September,Gigawatt-hour,4392.36
Vietnam,Other,2023,September,Gigawatt-hour,18.8244
Vietnam,Industrial,2023,September,Gigawatt-hour,1863.6156
Vietnam,Household,2023,September,Gigawatt-hour,0
Vietnam,Power,2023,October,Gigawatt-hour,4551.12
Vietnam,Other,2023,October,Gigawatt-hour,19.5048
Vietnam,Industrial,2023,October,Gigawatt-hour,1930.9752
Vietnam,Household,2023,October,Gigawatt-hour,0
Vietnam,Power,2023,November,Gigawatt-hour,4815.72
Vietnam,Other,2023,November,Gigawatt-hour,20.6388
Vietnam,Industrial,2023,November,Gigawatt-hour,2043.2412
Vietnam,Household,2023,November,Gigawatt-hour,0
Vietnam,Power,2023,December,Gigawatt-hour,5027.4
Vietnam,Other,2023,December,Gigawatt-hour,21.546
Vietnam,Industrial,2023,December,Gigawatt-hour,2133.054
Vietnam,Household,2023,December,Gigawatt-hour,0
Vietnam,Power,2022,January,Gigawatt-hour,5159.7
Vietnam,Other,2022,January,Gigawatt-hour,22.113
Vietnam,Industrial,2022,January,Gigawatt-hour,2189.187
Vietnam,Household,2022,January,Gigawatt-hour,0
Vietnam,Power,2022,February,Gigawatt-hour,4873.05
Vietnam,Other,2022,February,Gigawatt-hour,20.8845
Vietnam,Industrial,2022,February,Gigawatt-hour,2067.5655
Vietnam,Household,2022,February,Gigawatt-hour,0
Vietnam,Power,2022,March,Gigawatt-hour,4758.39
Vietnam,Other,2022,March,Gigawatt-hour,20.3931
Vietnam,Industrial,2022,March,Gigawatt-hour,2018.9169
Vietnam,Household,2022,March,Gigawatt-hour,0
Vietnam,Power,2022,April,Gigawatt-hour,4643.73
Vietnam,Other,2022,April,Gigawatt-hour,19.9017
Vietnam,Industrial,2022,April,Gigawatt-hour,1970.2683
Vietnam,Household,2022,April,Gigawatt-hour,0
Vietnam,Power,2022,May,Gigawatt-hour,4471.74
Vietnam,Other,2022,May,Gigawatt-hour,19.1646
Vietnam,Industrial,2022,May,Gigawatt-hour,1897.2954
Vietnam,Household,2022,May,Gigawatt-hour,0
Vietnam,Power,2022,June,Gigawatt-hour,4357.08
Vietnam,Other,2022,June,Gigawatt-hour,18.6732
Vietnam,Industrial,2022,June,Gigawatt-hour,1848.6468
Vietnam,Household,2022,June,Gigawatt-hour,0
Vietnam,Power,2022,July,Gigawatt-hour,4299.75
Vietnam,Other,2022,July,Gigawatt-hour,18.4275
Vietnam,Industrial,2022,July,Gigawatt-hour,1824.3225
Vietnam,Household,2022,July,Gigawatt-hour,0
Vietnam,Power,2022,August,Gigawatt-hour,4414.41
Vietnam,Other,2022,August,Gigawatt-hour,18.9189
Vietnam,Industrial,2022,August,Gigawatt-hour,1872.9711
Vietnam,Household,2022,August,Gigawatt-hour,0
Vietnam,Power,2022,September,Gigawatt-hour,4758.39
Vietnam,Other,2022,September,Gigawatt-hour,20.3931
Vietnam,Industrial,2022,September,Gigawatt-hour,2018.9169
Vietnam,Household,2022,September,Gigawatt-hour,0
Vietnam,Power,2022,October,Gigawatt-hour,4930.38
Vietnam,Other,2022,October,Gigawatt-hour,21.1302
Vietnam,Industrial,2022,October,Gigawatt-hour,2091.8898
Vietnam,Household,2022,October,Gigawatt-hour,0
Vietnam,Power,2022,November,Gigawatt-hour,5217.03
Vietnam,Other,2022,November,Gigawatt-hour,22.3587
Vietnam,Industrial,2022,November,Gigawatt-hour,2213.5113
Vietnam,Household,2022,November,Gigawatt-hour,0
Vietnam,Power,2022,December,Gigawatt-hour,5446.35
Vietnam,Other,2022,December,Gigawatt-hour,23.3415
Vietnam,Industrial,2022,December,Gigawatt-hour,2310.8085
Vietnam,Household,2022,December,Gigawatt-hour,0
Vietnam,Power,2021,January,Gigawatt-hour,4762.8
Vietnam,Other,2021,January,Gigawatt-hour,20.412
Vietnam,Industrial,2021,January,Gigawatt-hour,2020.788
Vietnam,Household,2021,January,Gigawatt-hour,0
Vietnam,Power,2021,February,Gigawatt-hour,4498.2
Vietnam,Other,2021,February,Gigawatt-hour,19.278
Vietnam,Industrial,2021,February,Gigawatt-hour,1908.522
Vietnam,Household,2021,February,Gigawatt-hour,0
Vietnam,Power,2021,March,Gigawatt-hour,4392.36
Vietnam,Other,2021,March,Gigawatt-hour,18.8244
Vietnam,Industrial,2021,March,Gigawatt-hour,1863.6156
Vietnam,Household,2021,March,Gigawatt-hour,0
Vietnam,Power,2021,April,Gigawatt-hour,4286.52
Vietnam,Other,2021,April,Gigawatt-hour,18.3708
Vietnam,Industrial,2021,April,Gigawatt-hour,1818.7092
Vietnam,Household,2021,April,Gigawatt-hour,0
Vietnam,Power,2021,May,Gigawatt-hour,4127.76
Vietnam,Other,2021,May,Gigawatt-hour,17.6904
Vietnam,Industrial,2021,May,Gigawatt-hour,1751.3496
Vietnam,Household,2021,May,Gigawatt-hour,0
Vietnam,Power,2021,June,Gigawatt-hour,4021.92
Vietnam,Other,2021,June,Gigawatt-hour,17.2368
Vietnam,Industrial,2021,June,Gigawatt-hour,1706.4432
Vietnam,Household,2021,June,Gigawatt-hour,0
Vietnam,Power,2021,July,Gigawatt-hour,3969
Vietnam,Other,2021,July,Gigawatt-hour,17.01
Vietnam,Industrial,2021,July,Gigawatt-hour,1683.99
Vietnam,Household,2021,July,Gigawatt-hour,0
Vietnam,Power,2021,August,Gigawatt-hour,4074.84
Vietnam,Other,2021,August,Gigawatt-hour,17.4636
Vietnam,Industrial,2021,August,Gigawatt-hour,1728.8964
Vietnam,Household,2021,August,Gigawatt-hour,0
Vietnam,Power,2021,September,Gigawatt-hour,4392.36
Vietnam,Other,2021,September,Gigawatt-hour,18.8244
Vietnam,Industrial,2021,September,Gigawatt-hour,1863.6156
Vietnam,Household,2021,September,Gigawatt-hour,0
Vietnam,Power,2021,October,Gigawatt-hour,4551.12
Vietnam,Other,2021,October,Gigawatt-hour,19.5048
Vietnam,Industrial,2021,October,Gigawatt-hour,1930.9752
Vietnam,Household,2021,October,Gigawatt-hour,0
Vietnam,Power,2021,November,Gigawatt-hour,4815.72
Vietnam,Other,2021,November,Gigawatt-hour,20.6388
Vietnam,Industrial,2021,November,Gigawatt-hour,2043.2412
Vietnam,Household,2021,November,Gigawatt-hour,0
Vietnam,Power,2021,December,Gigawatt-hour,5027.4
Vietnam,Other,2021,December,Gigawatt-hour,21.546
Vietnam,Industrial,2021,December,Gigawatt-hour,2133.054
Vietnam,Household,2021,December,Gigawatt-hour,0
Vietnam,Power,2020,January,Gigawatt-hour,5821.2
Vietnam,Other,2020,January,Gigawatt-hour,24.948
Vietnam,Industrial,2020,January,Gigawatt-hour,2469.852
Vietnam,Household,2020,January,Gigawatt-hour,0
Vietnam,Power,2020,February,Gigawatt-hour,5497.8
Vietnam,Other,2020,February,Gigawatt-hour,23.562
Vietnam,Industrial,2020,February,Gigawatt-hour,2332.638
Vietnam,Household,2020,February,Gigawatt-hour,0
Vietnam,Power,2020,March,Gigawatt-hour,5368.44
Vietnam,Other,2020,March,Gigawatt-hour,23.0076
Vietnam,Industrial,2020,March,Gigawatt-hour,2277.7524
Vietnam,Household,2020,March,Gigawatt-hour,0
Vietnam,Power,2020,April,Gigawatt-hour,5239.08
Vietnam,Other,2020,April,Gigawatt-hour,22.4532
Vietnam,Industrial,2020,April,Gigawatt-hour,2222.8668
Vietnam,Household,2020,April,Gigawatt-hour,0
Vietnam,Power,2020,May,Gigawatt-hour,5045.04
Vietnam,Other,2020,May,Gigawatt-hour,21.6216
Vietnam,Industrial,2020,May,Gigawatt-hour,2140.5384
Vietnam,Household,2020,May,Gigawatt-hour,0
Vietnam,Power,2020,June,Gigawatt-hour,4915.68
Vietnam,Other,2020,June,Gigawatt-hour,21.0672
Vietnam,Industrial,2020,June,Gigawatt-hour,2085.6528
Vietnam,Household,2020,June,Gigawatt-hour,0
Vietnam,Power,2020,July,Gigawatt-hour,4851
Vietnam,Other,2020,July,Gigawatt-hour,20.79
Vietnam,Industrial,2020,July,Gigawatt-hour,2058.21
Vietnam,Household,2020,July,Gigawatt-hour,0
Vietnam,Power,2020,August,Gigawatt-hour,4980.36
Vietnam,Other,2020,August,Gigawatt-hour,21.3444
Vietnam,Industrial,2020,August,Gigawatt-hour,2113.0956
Vietnam,Household,2020,August,Gigawatt-hour,0
Vietnam,Power,2020,September,Gigawatt-hour,5368.44
Vietnam,Other,2020,September,Gigawatt-hour,23.0076
Vietnam,Industrial,2020,September,Gigawatt-hour,2277.7524
Vietnam,Household,2020,September,Gigawatt-hour,0
Vietnam,Power,2020,October,Gigawatt-hour,5562.48
Vietnam,Other,2020,October,Gigawatt-hour,23.8392
Vietnam,Industrial,2020,October,Gigawatt-hour,2360.0808
Vietnam,Household,2020,October,Gigawatt-hour,0
Vietnam,Power,2020,November,Gigawatt-hour,5885.88
Vietnam,Other,2020,November,Gigawatt-hour,25.2252
Vietnam,Industrial,2020,November,Gigawatt-hour,2497.2948
Vietnam,Household,2020,November,Gigawatt-hour,0
Vietnam,Power,2020,December,Gigawatt-hour,6144.6
Vietnam,Other,2020,December,Gigawatt-hour,26.334
Vietnam,Industrial,2020,December,Gigawatt-hour,2607.066
Vietnam,Household,2020,December,Gigawatt-hour,0
Vietnam,Power,2019,January,Gigawatt-hour,6482.7
Vietnam,Other,2019,January,Gigawatt-hour,27.783
Vietnam,Industrial,2019,January,Gigawatt-hour,2750.517
Vietnam,Household,2019,January,Gigawatt-hour,0
Vietnam,Power,2019,February,Gigawatt-hour,6122.55
Vietnam,Other,2019,February,Gigawatt-hour,26.2395
Vietnam,Industrial,2019,February,Gigawatt-hour,2597.7105
Vietnam,Household,2019,February,Gigawatt-hour,0
Vietnam,Power,2019,March,Gigawatt-hour,5978.49
Vietnam,Other,2019,March,Gigawatt-hour,25.6221
Vietnam,Industrial,2019,March,Gigawatt-hour,2536.5879
Vietnam,Household,2019,March,Gigawatt-hour,0
Vietnam,Power,2019,April,Gigawatt-hour,5834.43
Vietnam,Other,2019,April,Gigawatt-hour,25.0047
Vietnam,Industrial,2019,April,Gigawatt-hour,2475.4653
Vietnam,Household,2019,April,Gigawatt-hour,0
Vietnam,Power,2019,May,Gigawatt-hour,5618.34
Vietnam,Other,2019,May,Gigawatt-hour,24.0786
Vietnam,Industrial,2019,May,Gigawatt-hour,2383.7814
Vietnam,Household,2019,May,Gigawatt-hour,0
Vietnam,Power,2019,June,Gigawatt-hour,5474.28
Vietnam,Other,2019,June,Gigawatt-hour,23.4612
Vietnam,Industrial,2019,June,Gigawatt-hour,2322.6588
Vietnam,Household,2019,June,Gigawatt-hour,0
Vietnam,Power,2019,July,Gigawatt-hour,5402.25
Vietnam,Other,2019,July,Gigawatt-hour,23.1525
Vietnam,Industrial,2019,July,Gigawatt-hour,2292.0975
Vietnam,Household,2019,July,Gigawatt-hour,0
Vietnam,Power,2019,August,Gigawatt-hour,5546.31
Vietnam,Other,2019,August,Gigawatt-hour,23.7699
Vietnam,Industrial,2019,August,Gigawatt-hour,2353.2201
Vietnam,Household,2019,August,Gigawatt-hour,0
Vietnam,Power,2019,September,Gigawatt-hour,5978.49
Vietnam,Other,2019,September,Gigawatt-hour,25.6221
Vietnam,Industrial,2019,September,Gigawatt-hour,2536.5879
Vietnam,Household,2019,September,Gigawatt-hour,0
Vietnam,Power,2019,October,Gigawatt-hour,6194.58
Vietnam,Other,2019,October,Gigawatt-hour,26.5482
Vietnam,Industrial,2019,October,Gigawatt-hour,2628.2718
Vietnam,Household,2019,October,Gigawatt-hour,0
Vietnam,Power,2019,November,Gigawatt-hour,6554.73
Vietnam,Other,2019,November,Gigawatt-hour,28.0917
Vietnam,Industrial,2019,November,Gigawatt-hour,2781.0783
Vietnam,Household,2019,November,Gigawatt-hour,0
Vietnam,Power,2019,December,Gigawatt-hour,6842.85
Vietnam,Other,2019,December,Gigawatt-hour,29.3265
Vietnam,Industrial,2019,December,Gigawatt-hour,2903.3235
Vietnam,Household,2019,December,Gigawatt-hour,0
