Country,Sector,Year of Date,Month of Date,adjusted_unit,adjusted_unit_value
Australia,Power,2024,January,Billion Cubic Meter,0.877745507
Australia,Other,2024,January,Billion Cubic Meter,0.219436377
Australia,Industrial,2024,January,Billion Cubic Meter,0.999654605
Australia,Household,2024,January,Billion Cubic Meter,0.341345475
Australia,Power,2024,February,Billion Cubic Meter,0.829308741
Australia,Other,2024,February,Billion Cubic Meter,0.207327185
Australia,Industrial,2024,February,Billion Cubic Meter,0.944490511
Australia,Household,2024,February,Billion Cubic Meter,0.322508955
Australia,Power,2024,March,Billion Cubic Meter,0.87115401
Australia,Other,2024,March,Billion Cubic Meter,0.217788503
Australia,Industrial,2024,March,Billion Cubic Meter,0.992147623
Australia,Household,2024,March,Billion Cubic Meter,0.338782115
Australia,Power,2024,April,Billion Cubic Meter,0.930975493
Australia,Other,2024,April,Billion Cubic Meter,0.232743873
Australia,Industrial,2024,April,Billion Cubic Meter,1.060277645
Australia,Household,2024,April,Billion Cubic Meter,0.362046025
Australia,Power,2024,May,Billion Cubic Meter,1.05991593
Australia,Other,2024,May,Billion Cubic Meter,0.264978982
Australia,Industrial,2024,May,Billion Cubic Meter,1.207126476
Australia,Household,2024,May,Billion Cubic Meter,0.412189528
Australia,Power,2024,June,Billion Cubic Meter,1.208442167
Australia,Other,2024,June,Billion Cubic Meter,0.302110542
Australia,Industrial,2024,June,Billion Cubic Meter,1.376281356
Australia,Household,2024,June,Billion Cubic Meter,0.469949731
Australia,Power,2024,July,Billion Cubic Meter,1.241950721
Australia,Other,2024,July,Billion Cubic Meter,0.31048768
Australia,Industrial,2024,July,Billion Cubic Meter,1.414443877
Australia,Household,2024,July,Billion Cubic Meter,0.482980836
Australia,Power,2024,August,Billion Cubic Meter,1.107332369
Australia,Other,2024,August,Billion Cubic Meter,0.276833092
Australia,Industrial,2024,August,Billion Cubic Meter,1.261128531
Australia,Household,2024,August,Billion Cubic Meter,0.430629254
Australia,Power,2024,September,Billion Cubic Meter,0.930020749
Australia,Other,2024,September,Billion Cubic Meter,0.232505187
Australia,Industrial,2024,September,Billion Cubic Meter,1.059190297
Australia,Household,2024,September,Billion Cubic Meter,0.361674736
Australia,Power,2024,October,Billion Cubic Meter,0.903302595
Australia,Other,2024,October,Billion Cubic Meter,0.225825649
Australia,Industrial,2024,October,Billion Cubic Meter,1.028761288
Australia,Household,2024,October,Billion Cubic Meter,0.351284342
Australia,Power,2024,November,Billion Cubic Meter,0.91462336
Australia,Other,2024,November,Billion Cubic Meter,0.22865584
Australia,Industrial,2024,November,Billion Cubic Meter,1.041654382
Australia,Household,2024,November,Billion Cubic Meter,0.355686862
Australia,Power,2024,December,Billion Cubic Meter,0.925330769
Australia,Other,2024,December,Billion Cubic Meter,0.231332692
Australia,Industrial,2024,December,Billion Cubic Meter,1.053848931
Australia,Household,2024,December,Billion Cubic Meter,0.359850854
Australia,Power,2023,January,Billion Cubic Meter,0.661157661
Australia,Other,2023,January,Billion Cubic Meter,0.165289415
Australia,Industrial,2023,January,Billion Cubic Meter,0.752985114
Australia,Household,2023,January,Billion Cubic Meter,0.257116868
Australia,Power,2023,February,Billion Cubic Meter,0.644093463
Australia,Other,2023,February,Billion Cubic Meter,0.161023366
Australia,Industrial,2023,February,Billion Cubic Meter,0.733550888
Australia,Household,2023,February,Billion Cubic Meter,0.250480791
Australia,Power,2023,March,Billion Cubic Meter,0.736165678
Australia,Other,2023,March,Billion Cubic Meter,0.184041419
Australia,Industrial,2023,March,Billion Cubic Meter,0.838410911
Australia,Household,2023,March,Billion Cubic Meter,0.286286652
Australia,Power,2023,April,Billion Cubic Meter,0.87550168
Australia,Other,2023,April,Billion Cubic Meter,0.21887542
Australia,Industrial,2023,April,Billion Cubic Meter,0.997099135
Australia,Household,2023,April,Billion Cubic Meter,0.340472875
Australia,Power,2023,May,Billion Cubic Meter,1.029777729
Australia,Other,2023,May,Billion Cubic Meter,0.257444432
Australia,Industrial,2023,May,Billion Cubic Meter,1.172802413
Australia,Household,2023,May,Billion Cubic Meter,0.400469117
Australia,Power,2023,June,Billion Cubic Meter,1.086544857
Australia,Other,2023,June,Billion Cubic Meter,0.271636214
Australia,Industrial,2023,June,Billion Cubic Meter,1.237453864
Australia,Household,2023,June,Billion Cubic Meter,0.422545222
Australia,Power,2023,July,Billion Cubic Meter,1.125058919
Australia,Other,2023,July,Billion Cubic Meter,0.28126473
Australia,Industrial,2023,July,Billion Cubic Meter,1.281317103
Australia,Household,2023,July,Billion Cubic Meter,0.437522913
Australia,Power,2023,August,Billion Cubic Meter,1.059399905
Australia,Other,2023,August,Billion Cubic Meter,0.264849976
Australia,Industrial,2023,August,Billion Cubic Meter,1.20653878
Australia,Household,2023,August,Billion Cubic Meter,0.411988852
Australia,Power,2023,September,Billion Cubic Meter,0.956195783
Australia,Other,2023,September,Billion Cubic Meter,0.239048946
Australia,Industrial,2023,September,Billion Cubic Meter,1.089000753
Australia,Household,2023,September,Billion Cubic Meter,0.371853916
Australia,Power,2023,October,Billion Cubic Meter,0.884491341
Australia,Other,2023,October,Billion Cubic Meter,0.221122835
Australia,Industrial,2023,October,Billion Cubic Meter,1.007337361
Australia,Household,2023,October,Billion Cubic Meter,0.343968855
Australia,Power,2023,November,Billion Cubic Meter,0.880828068
Australia,Other,2023,November,Billion Cubic Meter,0.220207017
Australia,Industrial,2023,November,Billion Cubic Meter,1.0031653
Australia,Household,2023,November,Billion Cubic Meter,0.342544249
Australia,Power,2023,December,Billion Cubic Meter,0.888159345
Australia,Other,2023,December,Billion Cubic Meter,0.222039836
Australia,Industrial,2023,December,Billion Cubic Meter,1.01151481
Australia,Household,2023,December,Billion Cubic Meter,0.345395301
Australia,Power,2022,January,Billion Cubic Meter,0.838952925
Australia,Other,2022,January,Billion Cubic Meter,0.209738231
Australia,Industrial,2022,January,Billion Cubic Meter,0.955474164
Australia,Household,2022,January,Billion Cubic Meter,0.326259471
Australia,Power,2022,February,Billion Cubic Meter,0.76602632
Australia,Other,2022,February,Billion Cubic Meter,0.19150658
Australia,Industrial,2022,February,Billion Cubic Meter,0.872418865
Australia,Household,2022,February,Billion Cubic Meter,0.297899125
Australia,Power,2022,March,Billion Cubic Meter,0.851303281
Australia,Other,2022,March,Billion Cubic Meter,0.21282582
Australia,Industrial,2022,March,Billion Cubic Meter,0.969539847
Australia,Household,2022,March,Billion Cubic Meter,0.331062387
Australia,Power,2022,April,Billion Cubic Meter,0.860147991
Australia,Other,2022,April,Billion Cubic Meter,0.215036998
Australia,Industrial,2022,April,Billion Cubic Meter,0.979612989
Australia,Household,2022,April,Billion Cubic Meter,0.334501996
Australia,Power,2022,May,Billion Cubic Meter,0.921713315
Australia,Other,2022,May,Billion Cubic Meter,0.230428329
Australia,Industrial,2022,May,Billion Cubic Meter,1.049729053
Australia,Household,2022,May,Billion Cubic Meter,0.358444067
Australia,Power,2022,June,Billion Cubic Meter,0.847959013
Australia,Other,2022,June,Billion Cubic Meter,0.211989753
Australia,Industrial,2022,June,Billion Cubic Meter,0.965731098
Australia,Household,2022,June,Billion Cubic Meter,0.329761838
Australia,Power,2022,July,Billion Cubic Meter,0.916336093
Australia,Other,2022,July,Billion Cubic Meter,0.229084023
Australia,Industrial,2022,July,Billion Cubic Meter,1.043604995
Australia,Household,2022,July,Billion Cubic Meter,0.356352925
Australia,Power,2022,August,Billion Cubic Meter,1.070656973
Australia,Other,2022,August,Billion Cubic Meter,0.267664243
Australia,Industrial,2022,August,Billion Cubic Meter,1.21935933
Australia,Household,2022,August,Billion Cubic Meter,0.416366601
Australia,Power,2022,September,Billion Cubic Meter,0.90030748
Australia,Other,2022,September,Billion Cubic Meter,0.22507687
Australia,Industrial,2022,September,Billion Cubic Meter,1.025350185
Australia,Household,2022,September,Billion Cubic Meter,0.350119575
Australia,Power,2022,October,Billion Cubic Meter,0.781199661
Australia,Other,2022,October,Billion Cubic Meter,0.195299915
Australia,Industrial,2022,October,Billion Cubic Meter,0.889699614
Australia,Household,2022,October,Billion Cubic Meter,0.303799868
Australia,Power,2022,November,Billion Cubic Meter,0.710907795
Australia,Other,2022,November,Billion Cubic Meter,0.177726949
Australia,Industrial,2022,November,Billion Cubic Meter,0.809644988
Australia,Household,2022,November,Billion Cubic Meter,0.276464142
Australia,Power,2022,December,Billion Cubic Meter,0.68146348
Australia,Other,2022,December,Billion Cubic Meter,0.17036587
Australia,Industrial,2022,December,Billion Cubic Meter,0.776111185
Australia,Household,2022,December,Billion Cubic Meter,0.265013575
Australia,Power,2021,January,Billion Cubic Meter,0.809510171
Australia,Other,2021,January,Billion Cubic Meter,0.208159758
Australia,Industrial,2021,January,Billion Cubic Meter,0.971412206
Australia,Household,2021,January,Billion Cubic Meter,0.346932931
Australia,Power,2021,February,Billion Cubic Meter,0.733090842
Australia,Other,2021,February,Billion Cubic Meter,0.188509074
Australia,Industrial,2021,February,Billion Cubic Meter,0.87970901
Australia,Household,2021,February,Billion Cubic Meter,0.314181789
Australia,Power,2021,March,Billion Cubic Meter,0.730996412
Australia,Other,2021,March,Billion Cubic Meter,0.187970506
Australia,Industrial,2021,March,Billion Cubic Meter,0.877195695
Australia,Household,2021,March,Billion Cubic Meter,0.313284177
Australia,Power,2021,April,Billion Cubic Meter,0.784830755
Australia,Other,2021,April,Billion Cubic Meter,0.201813623
Australia,Industrial,2021,April,Billion Cubic Meter,0.941796906
Australia,Household,2021,April,Billion Cubic Meter,0.336356038
Australia,Power,2021,May,Billion Cubic Meter,0.921819555
Australia,Other,2021,May,Billion Cubic Meter,0.237039314
Australia,Industrial,2021,May,Billion Cubic Meter,1.106183466
Australia,Household,2021,May,Billion Cubic Meter,0.395065524
Australia,Power,2021,June,Billion Cubic Meter,0.882109544
Australia,Other,2021,June,Billion Cubic Meter,0.226828169
Australia,Industrial,2021,June,Billion Cubic Meter,1.058531453
Australia,Household,2021,June,Billion Cubic Meter,0.378046948
Australia,Power,2021,July,Billion Cubic Meter,0.89880788
Australia,Other,2021,July,Billion Cubic Meter,0.231122026
Australia,Industrial,2021,July,Billion Cubic Meter,1.078569455
Australia,Household,2021,July,Billion Cubic Meter,0.385203377
Australia,Power,2021,August,Billion Cubic Meter,0.980444903
Australia,Other,2021,August,Billion Cubic Meter,0.252114404
Australia,Industrial,2021,August,Billion Cubic Meter,1.176533884
Australia,Household,2021,August,Billion Cubic Meter,0.420190673
Australia,Power,2021,September,Billion Cubic Meter,0.848761719
Australia,Other,2021,September,Billion Cubic Meter,0.218253013
Australia,Industrial,2021,September,Billion Cubic Meter,1.018514062
Australia,Household,2021,September,Billion Cubic Meter,0.363755022
Australia,Power,2021,October,Billion Cubic Meter,0.828966232
Australia,Other,2021,October,Billion Cubic Meter,0.213162745
Australia,Industrial,2021,October,Billion Cubic Meter,0.994759478
Australia,Household,2021,October,Billion Cubic Meter,0.355271242
Australia,Power,2021,November,Billion Cubic Meter,0.765036743
Australia,Other,2021,November,Billion Cubic Meter,0.196723734
Australia,Industrial,2021,November,Billion Cubic Meter,0.918044092
Australia,Household,2021,November,Billion Cubic Meter,0.32787289
Australia,Power,2021,December,Billion Cubic Meter,0.786800596
Australia,Other,2021,December,Billion Cubic Meter,0.202320153
Australia,Industrial,2021,December,Billion Cubic Meter,0.944160715
Australia,Household,2021,December,Billion Cubic Meter,0.337200255
Australia,Power,2020,January,Billion Cubic Meter,0.733060596
Australia,Other,2020,January,Billion Cubic Meter,0.194045452
Australia,Industrial,2020,January,Billion Cubic Meter,0.905545442
Australia,Household,2020,January,Billion Cubic Meter,0.323409086
Australia,Power,2020,February,Billion Cubic Meter,0.73085388
Australia,Other,2020,February,Billion Cubic Meter,0.193461321
Australia,Industrial,2020,February,Billion Cubic Meter,0.902819499
Australia,Household,2020,February,Billion Cubic Meter,0.322435535
Australia,Power,2020,March,Billion Cubic Meter,0.750093537
Australia,Other,2020,March,Billion Cubic Meter,0.198554171
Australia,Industrial,2020,March,Billion Cubic Meter,0.926586134
Australia,Household,2020,March,Billion Cubic Meter,0.330923619
Australia,Power,2020,April,Billion Cubic Meter,0.744826634
Australia,Other,2020,April,Billion Cubic Meter,0.197159991
Australia,Industrial,2020,April,Billion Cubic Meter,0.92007996
Australia,Household,2020,April,Billion Cubic Meter,0.328599986
Australia,Power,2020,May,Billion Cubic Meter,0.878753373
Australia,Other,2020,May,Billion Cubic Meter,0.232611187
Australia,Industrial,2020,May,Billion Cubic Meter,1.085518872
Australia,Household,2020,May,Billion Cubic Meter,0.387685311
Australia,Power,2020,June,Billion Cubic Meter,0.961310891
Australia,Other,2020,June,Billion Cubic Meter,0.254464648
Australia,Industrial,2020,June,Billion Cubic Meter,1.187501689
Australia,Household,2020,June,Billion Cubic Meter,0.424107746
Australia,Power,2020,July,Billion Cubic Meter,1.012068503
Australia,Other,2020,July,Billion Cubic Meter,0.267900486
Australia,Industrial,2020,July,Billion Cubic Meter,1.250202269
Australia,Household,2020,July,Billion Cubic Meter,0.44650081
Australia,Power,2020,August,Billion Cubic Meter,0.92299169
Australia,Other,2020,August,Billion Cubic Meter,0.24432133
Australia,Industrial,2020,August,Billion Cubic Meter,1.140166205
Australia,Household,2020,August,Billion Cubic Meter,0.407202216
Australia,Power,2020,September,Billion Cubic Meter,0.832910479
Australia,Other,2020,September,Billion Cubic Meter,0.220476303
Australia,Industrial,2020,September,Billion Cubic Meter,1.028889415
Australia,Household,2020,September,Billion Cubic Meter,0.367460505
Australia,Power,2020,October,Billion Cubic Meter,0.779953725
Australia,Other,2020,October,Billion Cubic Meter,0.206458339
Australia,Industrial,2020,October,Billion Cubic Meter,0.963472249
Australia,Household,2020,October,Billion Cubic Meter,0.344097232
Australia,Power,2020,November,Billion Cubic Meter,0.734877246
Australia,Other,2020,November,Billion Cubic Meter,0.19452633
Australia,Industrial,2020,November,Billion Cubic Meter,0.907789539
Australia,Household,2020,November,Billion Cubic Meter,0.32421055
Australia,Power,2020,December,Billion Cubic Meter,0.743934526
Australia,Other,2020,December,Billion Cubic Meter,0.196923845
Australia,Industrial,2020,December,Billion Cubic Meter,0.918977944
Australia,Household,2020,December,Billion Cubic Meter,0.328206408
Australia,Power,2019,January,Billion Cubic Meter,0.828620899
Australia,Other,2019,January,Billion Cubic Meter,0.201556435
Australia,Industrial,2019,January,Billion Cubic Meter,0.873411217
Australia,Household,2019,January,Billion Cubic Meter,0.335927391
Australia,Power,2019,February,Billion Cubic Meter,0.739382352
Australia,Other,2019,February,Billion Cubic Meter,0.179849761
Australia,Industrial,2019,February,Billion Cubic Meter,0.779348966
Australia,Household,2019,February,Billion Cubic Meter,0.299749602
Australia,Power,2019,March,Billion Cubic Meter,0.799455794
Australia,Other,2019,March,Billion Cubic Meter,0.19446222
Australia,Industrial,2019,March,Billion Cubic Meter,0.842669621
Australia,Household,2019,March,Billion Cubic Meter,0.3241037
Australia,Power,2019,April,Billion Cubic Meter,0.830004902
Australia,Other,2019,April,Billion Cubic Meter,0.201893084
Australia,Industrial,2019,April,Billion Cubic Meter,0.874870032
Australia,Household,2019,April,Billion Cubic Meter,0.336488474
Australia,Power,2019,May,Billion Cubic Meter,0.96308625
Australia,Other,2019,May,Billion Cubic Meter,0.234264223
Australia,Industrial,2019,May,Billion Cubic Meter,1.015144967
Australia,Household,2019,May,Billion Cubic Meter,0.390440372
Australia,Power,2019,June,Billion Cubic Meter,1.01129663
Australia,Other,2019,June,Billion Cubic Meter,0.245991072
Australia,Industrial,2019,June,Billion Cubic Meter,1.065961313
Australia,Household,2019,June,Billion Cubic Meter,0.40998512
Australia,Power,2019,July,Billion Cubic Meter,1.018093695
Australia,Other,2019,July,Billion Cubic Meter,0.247644412
Australia,Industrial,2019,July,Billion Cubic Meter,1.073125787
Australia,Household,2019,July,Billion Cubic Meter,0.412740687
Australia,Power,2019,August,Billion Cubic Meter,1.051789498
Australia,Other,2019,August,Billion Cubic Meter,0.255840689
Australia,Industrial,2019,August,Billion Cubic Meter,1.108642984
Australia,Household,2019,August,Billion Cubic Meter,0.426401148
Australia,Power,2019,September,Billion Cubic Meter,0.937497844
Australia,Other,2019,September,Billion Cubic Meter,0.228040016
Australia,Industrial,2019,September,Billion Cubic Meter,0.988173404
Australia,Household,2019,September,Billion Cubic Meter,0.380066694
Australia,Power,2019,October,Billion Cubic Meter,0.915897448
Australia,Other,2019,October,Billion Cubic Meter,0.222785866
Australia,Industrial,2019,October,Billion Cubic Meter,0.965405418
Australia,Household,2019,October,Billion Cubic Meter,0.371309776
Australia,Power,2019,November,Billion Cubic Meter,0.856459621
Australia,Other,2019,November,Billion Cubic Meter,0.208328016
Australia,Industrial,2019,November,Billion Cubic Meter,0.902754736
Australia,Household,2019,November,Billion Cubic Meter,0.34721336
Australia,Power,2019,December,Billion Cubic Meter,0.869068931
Australia,Other,2019,December,Billion Cubic Meter,0.211395145
Australia,Industrial,2019,December,Billion Cubic Meter,0.91604563
Australia,Household,2019,December,Billion Cubic Meter,0.352325242
Bangladesh,Power,2024,January,Billion Cubic Meter,0.947795243
Bangladesh,Other,2024,January,Billion Cubic Meter,0.31327268
Bangladesh,Industrial,2024,January,Billion Cubic Meter,0.492604657
Bangladesh,Household,2024,January,Billion Cubic Meter,0.216746049
Bangladesh,Power,2024,February,Billion Cubic Meter,1.055993218
Bangladesh,Other,2024,February,Billion Cubic Meter,0.302743665
Bangladesh,Industrial,2024,February,Billion Cubic Meter,0.530756595
Bangladesh,Household,2024,February,Billion Cubic Meter,0.233532902
Bangladesh,Power,2024,March,Billion Cubic Meter,1.205338261
Bangladesh,Other,2024,March,Billion Cubic Meter,0.245579646
Bangladesh,Industrial,2024,March,Billion Cubic Meter,0.566764807
Bangladesh,Household,2024,March,Billion Cubic Meter,0.249376515
Bangladesh,Power,2024,April,Billion Cubic Meter,1.435872382
Bangladesh,Other,2024,April,Billion Cubic Meter,0.010244034
Bangladesh,Industrial,2024,April,Billion Cubic Meter,0.564889225
Bangladesh,Household,2024,April,Billion Cubic Meter,0.248551259
Bangladesh,Power,2024,May,Billion Cubic Meter,1.467478728
Bangladesh,Other,2024,May,Billion Cubic Meter,0.147303877
Bangladesh,Industrial,2024,May,Billion Cubic Meter,0.630774455
Bangladesh,Household,2024,May,Billion Cubic Meter,0.27754076
Bangladesh,Power,2024,June,Billion Cubic Meter,1.244757501
Bangladesh,Other,2024,June,Billion Cubic Meter,0.121879836
Bangladesh,Industrial,2024,June,Billion Cubic Meter,0.53384271
Bangladesh,Household,2024,June,Billion Cubic Meter,0.234890792
Bangladesh,Power,2024,July,Billion Cubic Meter,1.131661928
Bangladesh,Other,2024,July,Billion Cubic Meter,0.177388305
Bangladesh,Industrial,2024,July,Billion Cubic Meter,0.511347748
Bangladesh,Household,2024,July,Billion Cubic Meter,0.224993009
Bangladesh,Power,2024,August,Billion Cubic Meter,1.206521371
Bangladesh,Other,2024,August,Billion Cubic Meter,0.212278526
Bangladesh,Industrial,2024,August,Billion Cubic Meter,0.55421871
Bangladesh,Household,2024,August,Billion Cubic Meter,0.243856232
Bangladesh,Power,2024,September,Billion Cubic Meter,1.129402569
Bangladesh,Other,2024,September,Billion Cubic Meter,0.239594762
Bangladesh,Industrial,2024,September,Billion Cubic Meter,0.534764583
Bangladesh,Household,2024,September,Billion Cubic Meter,0.235296416
Bangladesh,Power,2024,October,Billion Cubic Meter,1.225224162
Bangladesh,Other,2024,October,Billion Cubic Meter,0.295785374
Bangladesh,Industrial,2024,October,Billion Cubic Meter,0.59414435
Bangladesh,Household,2024,October,Billion Cubic Meter,0.261423514
Bangladesh,Power,2024,November,Billion Cubic Meter,1.176543408
Bangladesh,Other,2024,November,Billion Cubic Meter,0.324314717
Bangladesh,Industrial,2024,November,Billion Cubic Meter,0.586272705
Bangladesh,Household,2024,November,Billion Cubic Meter,0.25795999
Bangladesh,Power,2024,December,Billion Cubic Meter,1.128792365
Bangladesh,Other,2024,December,Billion Cubic Meter,0.384903546
Bangladesh,Industrial,2024,December,Billion Cubic Meter,0.591287465
Bangladesh,Household,2024,December,Billion Cubic Meter,0.260166485
Bangladesh,Power,2023,January,Billion Cubic Meter,1.140569523
Bangladesh,Other,2023,January,Billion Cubic Meter,0.282662381
Bangladesh,Industrial,2023,January,Billion Cubic Meter,0.555949962
Bangladesh,Household,2023,January,Billion Cubic Meter,0.244617983
Bangladesh,Power,2023,February,Billion Cubic Meter,0.992243054
Bangladesh,Other,2023,February,Billion Cubic Meter,0.201055199
Bangladesh,Industrial,2023,February,Billion Cubic Meter,0.46613213
Bangladesh,Household,2023,February,Billion Cubic Meter,0.205098137
Bangladesh,Power,2023,March,Billion Cubic Meter,1.354599027
Bangladesh,Other,2023,March,Billion Cubic Meter,0.196793389
Bangladesh,Industrial,2023,March,Billion Cubic Meter,0.606012662
Bangladesh,Household,2023,March,Billion Cubic Meter,0.266645571
Bangladesh,Power,2023,April,Billion Cubic Meter,1.330548668
Bangladesh,Other,2023,April,Billion Cubic Meter,0.121043005
Bangladesh,Industrial,2023,April,Billion Cubic Meter,0.567027997
Bangladesh,Household,2023,April,Billion Cubic Meter,0.249492319
Bangladesh,Power,2023,May,Billion Cubic Meter,1.354244994
Bangladesh,Other,2023,May,Billion Cubic Meter,0.165822718
Bangladesh,Industrial,2023,May,Billion Cubic Meter,0.59377645
Bangladesh,Household,2023,May,Billion Cubic Meter,0.261261638
Bangladesh,Power,2023,June,Billion Cubic Meter,1.460869715
Bangladesh,Other,2023,June,Billion Cubic Meter,0.097379904
Bangladesh,Industrial,2023,June,Billion Cubic Meter,0.608691258
Bangladesh,Household,2023,June,Billion Cubic Meter,0.267824153
Bangladesh,Power,2023,July,Billion Cubic Meter,1.483141589
Bangladesh,Other,2023,July,Billion Cubic Meter,0.060607563
Bangladesh,Industrial,2023,July,Billion Cubic Meter,0.603027012
Bangladesh,Household,2023,July,Billion Cubic Meter,0.265331885
Bangladesh,Power,2023,August,Billion Cubic Meter,1.37613544
Bangladesh,Other,2023,August,Billion Cubic Meter,0.126586409
Bangladesh,Industrial,2023,August,Billion Cubic Meter,0.587000723
Bangladesh,Household,2023,August,Billion Cubic Meter,0.258280318
Bangladesh,Power,2023,September,Billion Cubic Meter,1.333516999
Bangladesh,Other,2023,September,Billion Cubic Meter,0.154780454
Bangladesh,Industrial,2023,September,Billion Cubic Meter,0.581366193
Bangladesh,Household,2023,September,Billion Cubic Meter,0.255801125
Bangladesh,Power,2023,October,Billion Cubic Meter,1.220894488
Bangladesh,Other,2023,October,Billion Cubic Meter,0.172617435
Bangladesh,Industrial,2023,October,Billion Cubic Meter,0.544340595
Bangladesh,Household,2023,October,Billion Cubic Meter,0.239509862
Bangladesh,Power,2023,November,Billion Cubic Meter,1.091475419
Bangladesh,Other,2023,November,Billion Cubic Meter,0.262219084
Bangladesh,Industrial,2023,November,Billion Cubic Meter,0.528786915
Bangladesh,Household,2023,November,Billion Cubic Meter,0.232666243
Bangladesh,Power,2023,December,Billion Cubic Meter,1.053172784
Bangladesh,Other,2023,December,Billion Cubic Meter,0.332625239
Bangladesh,Industrial,2023,December,Billion Cubic Meter,0.541327352
Bangladesh,Household,2023,December,Billion Cubic Meter,0.238184035
Bangladesh,Power,2022,January,Billion Cubic Meter,1.013005518
Bangladesh,Other,2022,January,Billion Cubic Meter,0.343802097
Bangladesh,Industrial,2022,January,Billion Cubic Meter,0.547099845
Bangladesh,Household,2022,January,Billion Cubic Meter,0.284491919
Bangladesh,Power,2022,February,Billion Cubic Meter,0.945193681
Bangladesh,Other,2022,February,Billion Cubic Meter,0.325250768
Bangladesh,Industrial,2022,February,Billion Cubic Meter,0.512275987
Bangladesh,Household,2022,February,Billion Cubic Meter,0.266383513
Bangladesh,Power,2022,March,Billion Cubic Meter,1.281097927
Bangladesh,Other,2022,March,Billion Cubic Meter,0.276672799
Bangladesh,Industrial,2022,March,Billion Cubic Meter,0.628133357
Bangladesh,Household,2022,March,Billion Cubic Meter,0.326629346
Bangladesh,Power,2022,April,Billion Cubic Meter,1.266503334
Bangladesh,Other,2022,April,Billion Cubic Meter,0.191702615
Bangladesh,Industrial,2022,April,Billion Cubic Meter,0.58798627
Bangladesh,Household,2022,April,Billion Cubic Meter,0.30575286
Bangladesh,Power,2022,May,Billion Cubic Meter,1.326920552
Bangladesh,Other,2022,May,Billion Cubic Meter,0.172058793
Bangladesh,Industrial,2022,May,Billion Cubic Meter,0.604427155
Bangladesh,Household,2022,May,Billion Cubic Meter,0.314302121
Bangladesh,Power,2022,June,Billion Cubic Meter,1.349972939
Bangladesh,Other,2022,June,Billion Cubic Meter,0.209722584
Bangladesh,Industrial,2022,June,Billion Cubic Meter,0.628909485
Bangladesh,Household,2022,June,Billion Cubic Meter,0.327032932
Bangladesh,Power,2022,July,Billion Cubic Meter,1.280936731
Bangladesh,Other,2022,July,Billion Cubic Meter,0.095194295
Bangladesh,Industrial,2022,July,Billion Cubic Meter,0.554891542
Bangladesh,Household,2022,July,Billion Cubic Meter,0.288543602
Bangladesh,Power,2022,August,Billion Cubic Meter,1.336515893
Bangladesh,Other,2022,August,Billion Cubic Meter,0.161377354
Bangladesh,Industrial,2022,August,Billion Cubic Meter,0.603989213
Bangladesh,Household,2022,August,Billion Cubic Meter,0.31407439
Bangladesh,Power,2022,September,Billion Cubic Meter,1.267738969
Bangladesh,Other,2022,September,Billion Cubic Meter,0.126088952
Bangladesh,Industrial,2022,September,Billion Cubic Meter,0.562027388
Bangladesh,Household,2022,September,Billion Cubic Meter,0.292254242
Bangladesh,Power,2022,October,Billion Cubic Meter,1.192276849
Bangladesh,Other,2022,October,Billion Cubic Meter,0.168710224
Bangladesh,Industrial,2022,October,Billion Cubic Meter,0.54878511
Bangladesh,Household,2022,October,Billion Cubic Meter,0.285368257
Bangladesh,Power,2022,November,Billion Cubic Meter,1.073667814
Bangladesh,Other,2022,November,Billion Cubic Meter,0.205600519
Bangladesh,Industrial,2022,November,Billion Cubic Meter,0.515834005
Bangladesh,Household,2022,November,Billion Cubic Meter,0.268233683
Bangladesh,Power,2022,December,Billion Cubic Meter,1.13700876
Bangladesh,Other,2022,December,Billion Cubic Meter,0.248012823
Bangladesh,Industrial,2022,December,Billion Cubic Meter,0.558476445
Bangladesh,Household,2022,December,Billion Cubic Meter,0.290407751
Bangladesh,Power,2021,January,Billion Cubic Meter,1.175869537
Bangladesh,Other,2021,January,Billion Cubic Meter,0.351232958
Bangladesh,Industrial,2021,January,Billion Cubic Meter,0.615767135
Bangladesh,Household,2021,January,Billion Cubic Meter,0.32019891
Bangladesh,Power,2021,February,Billion Cubic Meter,0.8698789
Bangladesh,Other,2021,February,Billion Cubic Meter,0.279537172
Bangladesh,Industrial,2021,February,Billion Cubic Meter,0.463474223
Bangladesh,Household,2021,February,Billion Cubic Meter,0.241006596
Bangladesh,Power,2021,March,Billion Cubic Meter,1.477679245
Bangladesh,Other,2021,March,Billion Cubic Meter,0.168478123
Bangladesh,Industrial,2021,March,Billion Cubic Meter,0.663773132
Bangladesh,Household,2021,March,Billion Cubic Meter,0.345162029
Bangladesh,Power,2021,April,Billion Cubic Meter,1.502244777
Bangladesh,Other,2021,April,Billion Cubic Meter,0.119400829
Bangladesh,Industrial,2021,April,Billion Cubic Meter,0.653889357
Bangladesh,Household,2021,April,Billion Cubic Meter,0.340022466
Bangladesh,Power,2021,May,Billion Cubic Meter,1.5412934
Bangladesh,Other,2021,May,Billion Cubic Meter,0.057445903
Bangladesh,Industrial,2021,May,Billion Cubic Meter,0.644652945
Bangladesh,Household,2021,May,Billion Cubic Meter,0.335219531
Bangladesh,Power,2021,June,Billion Cubic Meter,1.526532969
Bangladesh,Other,2021,June,Billion Cubic Meter,0.131660955
Bangladesh,Industrial,2021,June,Billion Cubic Meter,0.668626582
Bangladesh,Household,2021,June,Billion Cubic Meter,0.347685823
Bangladesh,Power,2021,July,Billion Cubic Meter,1.495074803
Bangladesh,Other,2021,July,Billion Cubic Meter,0.006307011
Bangladesh,Industrial,2021,July,Billion Cubic Meter,0.605395893
Bangladesh,Household,2021,July,Billion Cubic Meter,0.314805864
Bangladesh,Power,2021,August,Billion Cubic Meter,1.508399801
Bangladesh,Other,2021,August,Billion Cubic Meter,0.122183738
Bangladesh,Industrial,2021,August,Billion Cubic Meter,0.657493362
Bangladesh,Household,2021,August,Billion Cubic Meter,0.341896548
Bangladesh,Power,2021,September,Billion Cubic Meter,1.396903065
Bangladesh,Other,2021,September,Billion Cubic Meter,0.177931568
Bangladesh,Industrial,2021,September,Billion Cubic Meter,0.635013965
Bangladesh,Household,2021,September,Billion Cubic Meter,0.330207262
Bangladesh,Power,2021,October,Billion Cubic Meter,1.453824723
Bangladesh,Other,2021,October,Billion Cubic Meter,0.175116511
Bangladesh,Industrial,2021,October,Billion Cubic Meter,0.656831143
Bangladesh,Household,2021,October,Billion Cubic Meter,0.341552194
Bangladesh,Power,2021,November,Billion Cubic Meter,1.263926798
Bangladesh,Other,2021,November,Billion Cubic Meter,0.231063007
Bangladesh,Industrial,2021,November,Billion Cubic Meter,0.60281847
Bangladesh,Household,2021,November,Billion Cubic Meter,0.313465604
Bangladesh,Power,2021,December,Billion Cubic Meter,1.128375232
Bangladesh,Other,2021,December,Billion Cubic Meter,0.314229236
Bangladesh,Industrial,2021,December,Billion Cubic Meter,0.58169535
Bangladesh,Household,2021,December,Billion Cubic Meter,0.302481582
Bangladesh,Power,2020,January,Billion Cubic Meter,1.43786074
Bangladesh,Other,2020,January,Billion Cubic Meter,0.21734117
Bangladesh,Industrial,2020,January,Billion Cubic Meter,0.667420125
Bangladesh,Household,2020,January,Billion Cubic Meter,0.347058465
Bangladesh,Power,2020,February,Billion Cubic Meter,1.241170816
Bangladesh,Other,2020,February,Billion Cubic Meter,0.223230626
Bangladesh,Industrial,2020,February,Billion Cubic Meter,0.590484452
Bangladesh,Household,2020,February,Billion Cubic Meter,0.307051915
Bangladesh,Power,2020,March,Billion Cubic Meter,1.445587093
Bangladesh,Other,2020,March,Billion Cubic Meter,0.126116912
Bangladesh,Industrial,2020,March,Billion Cubic Meter,0.633751615
Bangladesh,Household,2020,March,Billion Cubic Meter,0.32955084
Bangladesh,Power,2020,April,Billion Cubic Meter,1.373
Bangladesh,Other,2020,April,Billion Cubic Meter,0.137
Bangladesh,Industrial,2020,April,Billion Cubic Meter,0.609
Bangladesh,Household,2020,April,Billion Cubic Meter,0.317
Bangladesh,Power,2020,May,Billion Cubic Meter,1.366972183
Bangladesh,Other,2020,May,Billion Cubic Meter,0.027106646
Bangladesh,Industrial,2020,May,Billion Cubic Meter,0.56212856
Bangladesh,Household,2020,May,Billion Cubic Meter,0.292306851
Bangladesh,Power,2020,June,Billion Cubic Meter,1.381714446
Bangladesh,Other,2020,June,Billion Cubic Meter,0.095964055
Bangladesh,Industrial,2020,June,Billion Cubic Meter,0.595838105
Bangladesh,Household,2020,June,Billion Cubic Meter,0.309835815
Bangladesh,Power,2020,July,Billion Cubic Meter,1.452415147
Bangladesh,Other,2020,July,Billion Cubic Meter,0.118487006
Bangladesh,Industrial,2020,July,Billion Cubic Meter,0.633428287
Bangladesh,Household,2020,July,Billion Cubic Meter,0.329382709
Bangladesh,Power,2020,August,Billion Cubic Meter,1.425719191
Bangladesh,Other,2020,August,Billion Cubic Meter,0.115460038
Bangladesh,Industrial,2020,August,Billion Cubic Meter,0.621443238
Bangladesh,Household,2020,August,Billion Cubic Meter,0.323150484
Bangladesh,Power,2020,September,Billion Cubic Meter,1.392231744
Bangladesh,Other,2020,September,Billion Cubic Meter,0.190726265
Bangladesh,Industrial,2020,September,Billion Cubic Meter,0.63828952
Bangladesh,Household,2020,September,Billion Cubic Meter,0.33191055
Bangladesh,Power,2020,October,Billion Cubic Meter,1.443987916
Bangladesh,Other,2020,October,Billion Cubic Meter,0.148234381
Bangladesh,Industrial,2020,October,Billion Cubic Meter,0.64202512
Bangladesh,Household,2020,October,Billion Cubic Meter,0.333853062
Bangladesh,Power,2020,November,Billion Cubic Meter,1.262577898
Bangladesh,Other,2020,November,Billion Cubic Meter,0.190178264
Bangladesh,Industrial,2020,November,Billion Cubic Meter,0.585788775
Bangladesh,Household,2020,November,Billion Cubic Meter,0.304610163
Bangladesh,Power,2020,December,Billion Cubic Meter,1.328390114
Bangladesh,Other,2020,December,Billion Cubic Meter,0.227782172
Bangladesh,Industrial,2020,December,Billion Cubic Meter,0.627488825
Bangladesh,Household,2020,December,Billion Cubic Meter,0.326294189
Bangladesh,Power,2019,January,Billion Cubic Meter,1.40530936
Bangladesh,Other,2019,January,Billion Cubic Meter,0.123272751
Bangladesh,Industrial,2019,January,Billion Cubic Meter,0.616363754
Bangladesh,Household,2019,January,Billion Cubic Meter,0.320509152
Bangladesh,Power,2019,February,Billion Cubic Meter,1.255662531
Bangladesh,Other,2019,February,Billion Cubic Meter,0.110145836
Bangladesh,Industrial,2019,February,Billion Cubic Meter,0.55072918
Bangladesh,Household,2019,February,Billion Cubic Meter,0.286379174
Bangladesh,Power,2019,March,Billion Cubic Meter,1.515437487
Bangladesh,Other,2019,March,Billion Cubic Meter,0.132933113
Bangladesh,Industrial,2019,March,Billion Cubic Meter,0.664665564
Bangladesh,Household,2019,March,Billion Cubic Meter,0.345626093
Bangladesh,Power,2019,April,Billion Cubic Meter,1.399511537
Bangladesh,Other,2019,April,Billion Cubic Meter,0.12276417
Bangladesh,Industrial,2019,April,Billion Cubic Meter,0.61382085
Bangladesh,Household,2019,April,Billion Cubic Meter,0.319186842
Bangladesh,Power,2019,May,Billion Cubic Meter,1.487655243
Bangladesh,Other,2019,May,Billion Cubic Meter,0.130496074
Bangladesh,Industrial,2019,May,Billion Cubic Meter,0.65248037
Bangladesh,Household,2019,May,Billion Cubic Meter,0.339289792
Bangladesh,Power,2019,June,Billion Cubic Meter,1.484682329
Bangladesh,Other,2019,June,Billion Cubic Meter,0.130235292
Bangladesh,Industrial,2019,June,Billion Cubic Meter,0.65117646
Bangladesh,Household,2019,June,Billion Cubic Meter,0.338611759
Bangladesh,Power,2019,July,Billion Cubic Meter,1.421833922
Bangladesh,Other,2019,July,Billion Cubic Meter,0.124722274
Bangladesh,Industrial,2019,July,Billion Cubic Meter,0.623611369
Bangladesh,Household,2019,July,Billion Cubic Meter,0.324277912
Bangladesh,Power,2019,August,Billion Cubic Meter,1.478620522
Bangladesh,Other,2019,August,Billion Cubic Meter,0.129703555
Bangladesh,Industrial,2019,August,Billion Cubic Meter,0.648517773
Bangladesh,Household,2019,August,Billion Cubic Meter,0.337229242
Bangladesh,Power,2019,September,Billion Cubic Meter,1.442382446
Bangladesh,Other,2019,September,Billion Cubic Meter,0.126524776
Bangladesh,Industrial,2019,September,Billion Cubic Meter,0.63262388
Bangladesh,Household,2019,September,Billion Cubic Meter,0.328964418
Bangladesh,Power,2019,October,Billion Cubic Meter,1.459274015
Bangladesh,Other,2019,October,Billion Cubic Meter,0.128006493
Bangladesh,Industrial,2019,October,Billion Cubic Meter,0.640032463
Bangladesh,Household,2019,October,Billion Cubic Meter,0.332816881
Bangladesh,Power,2019,November,Billion Cubic Meter,1.379525289
Bangladesh,Other,2019,November,Billion Cubic Meter,0.12101099
Bangladesh,Industrial,2019,November,Billion Cubic Meter,0.605054951
Bangladesh,Household,2019,November,Billion Cubic Meter,0.314628575
Bangladesh,Power,2019,December,Billion Cubic Meter,1.41969532
Bangladesh,Other,2019,December,Billion Cubic Meter,0.124534677
Bangladesh,Industrial,2019,December,Billion Cubic Meter,0.622673386
Bangladesh,Household,2019,December,Billion Cubic Meter,0.323790161
China,Power,2024,January,Billion Cubic Meter,6.399239692
China,Other,2024,January,Billion Cubic Meter,4.646547356
China,Industrial,2024,January,Billion Cubic Meter,16.434597057
China,Household,2024,January,Billion Cubic Meter,6.339497516
China,Power,2024,February,Billion Cubic Meter,6.512659816
China,Other,2024,February,Billion Cubic Meter,4.11594102
China,Industrial,2024,February,Billion Cubic Meter,16.314328676
China,Household,2024,February,Billion Cubic Meter,3.014935414
China,Power,2024,March,Billion Cubic Meter,5.878031056
China,Other,2024,March,Billion Cubic Meter,4.963586605
China,Industrial,2024,March,Billion Cubic Meter,17.829309866
China,Household,2024,March,Billion Cubic Meter,7.45652336
China,Power,2024,April,Billion Cubic Meter,5.425122885
China,Other,2024,April,Billion Cubic Meter,4.640016864
China,Industrial,2024,April,Billion Cubic Meter,16.719952377
China,Household,2024,April,Billion Cubic Meter,6.98725733
China,Power,2024,May,Billion Cubic Meter,5.64344068
China,Other,2024,May,Billion Cubic Meter,4.892423295
China,Industrial,2024,May,Billion Cubic Meter,17.216534963
China,Household,2024,May,Billion Cubic Meter,7.857090003
China,Power,2024,June,Billion Cubic Meter,6.041788584
China,Other,2024,June,Billion Cubic Meter,4.716410858
China,Industrial,2024,June,Billion Cubic Meter,17.045299306
China,Household,2024,June,Billion Cubic Meter,6.524884176
China,Power,2024,July,Billion Cubic Meter,6.942649471
China,Other,2024,July,Billion Cubic Meter,4.768863469
China,Industrial,2024,July,Billion Cubic Meter,16.737069159
China,Household,2024,July,Billion Cubic Meter,6.261577002
China,Power,2024,August,Billion Cubic Meter,7.133766726
China,Other,2024,August,Billion Cubic Meter,4.93747497
China,Industrial,2024,August,Billion Cubic Meter,16.554819213
China,Household,2024,August,Billion Cubic Meter,7.311336517
China,Power,2024,September,Billion Cubic Meter,6.307826348
China,Other,2024,September,Billion Cubic Meter,4.877799853
China,Industrial,2024,September,Billion Cubic Meter,16.892405086
China,Household,2024,September,Billion Cubic Meter,7.425020972
China,Power,2024,October,Billion Cubic Meter,5.746820888
China,Other,2024,October,Billion Cubic Meter,4.809696722
China,Industrial,2024,October,Billion Cubic Meter,17.496629524
China,Household,2024,October,Billion Cubic Meter,6.952591649
China,Power,2024,November,Billion Cubic Meter,5.89233614
China,Other,2024,November,Billion Cubic Meter,4.829110891
China,Industrial,2024,November,Billion Cubic Meter,17.370653791
China,Household,2024,November,Billion Cubic Meter,7.055198443
China,Power,2024,December,Billion Cubic Meter,6.652789258
China,Other,2024,December,Billion Cubic Meter,5.099323108
China,Industrial,2024,December,Billion Cubic Meter,18.287980647
China,Household,2024,December,Billion Cubic Meter,7.073051995
China,Power,2023,January,Billion Cubic Meter,5.857183952
China,Other,2023,January,Billion Cubic Meter,3.952338289
China,Industrial,2023,January,Billion Cubic Meter,14.772881849
China,Household,2023,January,Billion Cubic Meter,4.184678826
China,Power,2023,February,Billion Cubic Meter,5.927317873
China,Other,2023,February,Billion Cubic Meter,3.80553946
China,Industrial,2023,February,Billion Cubic Meter,14.834337037
China,Household,2023,February,Billion Cubic Meter,3.131413691
China,Power,2023,March,Billion Cubic Meter,5.639036841
China,Other,2023,March,Billion Cubic Meter,4.436392788
China,Industrial,2023,March,Billion Cubic Meter,16.843469977
China,Household,2023,March,Billion Cubic Meter,5.371372597
China,Power,2023,April,Billion Cubic Meter,5.175677184
China,Other,2023,April,Billion Cubic Meter,4.273013987
China,Industrial,2023,April,Billion Cubic Meter,15.723092885
China,Household,2023,April,Billion Cubic Meter,5.92933601
China,Power,2023,May,Billion Cubic Meter,5.413333929
China,Other,2023,May,Billion Cubic Meter,4.583246441
China,Industrial,2023,May,Billion Cubic Meter,15.795261881
China,Household,2023,May,Billion Cubic Meter,7.56730384
China,Power,2023,June,Billion Cubic Meter,5.816789707
China,Other,2023,June,Billion Cubic Meter,4.432162502
China,Industrial,2023,June,Billion Cubic Meter,15.995845912
China,Household,2023,June,Billion Cubic Meter,6.014683959
China,Power,2023,July,Billion Cubic Meter,6.652243579
China,Other,2023,July,Billion Cubic Meter,4.447145647
China,Industrial,2023,July,Billion Cubic Meter,15.575091181
China,Household,2023,July,Billion Cubic Meter,5.694056446
China,Power,2023,August,Billion Cubic Meter,6.642963699
China,Other,2023,August,Billion Cubic Meter,4.50149859
China,Industrial,2023,August,Billion Cubic Meter,16.137725775
China,Household,2023,August,Billion Cubic Meter,5.481956534
China,Power,2023,September,Billion Cubic Meter,5.861678095
China,Other,2023,September,Billion Cubic Meter,4.338123916
China,Industrial,2023,September,Billion Cubic Meter,16.205003954
China,Household,2023,September,Billion Cubic Meter,5.170216532
China,Power,2023,October,Billion Cubic Meter,5.537310414
China,Other,2023,October,Billion Cubic Meter,4.234102405
China,Industrial,2023,October,Billion Cubic Meter,16.806776776
China,Household,2023,October,Billion Cubic Meter,4.239712631
China,Power,2023,November,Billion Cubic Meter,5.746587524
China,Other,2023,November,Billion Cubic Meter,4.747124004
China,Industrial,2023,November,Billion Cubic Meter,16.6771293
China,Household,2023,November,Billion Cubic Meter,7.381087642
China,Power,2023,December,Billion Cubic Meter,6.517101472
China,Other,2023,December,Billion Cubic Meter,5.187147693
China,Industrial,2023,December,Billion Cubic Meter,16.559705633
China,Household,2023,December,Billion Cubic Meter,9.490684828
China,Power,2022,January,Billion Cubic Meter,5.512681254
China,Other,2022,January,Billion Cubic Meter,4.272702689
China,Industrial,2022,January,Billion Cubic Meter,15.407473362
China,Household,2022,January,Billion Cubic Meter,5.905996983
China,Power,2022,February,Billion Cubic Meter,5.559494943
China,Other,2022,February,Billion Cubic Meter,4.299239172
China,Industrial,2022,February,Billion Cubic Meter,15.818113342
China,Household,2022,February,Billion Cubic Meter,5.615152543
China,Power,2022,March,Billion Cubic Meter,5.26859437
China,Other,2022,March,Billion Cubic Meter,4.188149294
China,Industrial,2022,March,Billion Cubic Meter,16.201354592
China,Household,2022,March,Billion Cubic Meter,4.825334383
China,Power,2022,April,Billion Cubic Meter,4.784320981
China,Other,2022,April,Billion Cubic Meter,3.93808107
China,Industrial,2022,April,Billion Cubic Meter,14.64433961
China,Household,2022,April,Billion Cubic Meter,5.296570125
China,Power,2022,May,Billion Cubic Meter,5.039430544
China,Other,2022,May,Billion Cubic Meter,4.117692361
China,Industrial,2022,May,Billion Cubic Meter,15.353740709
China,Household,2022,May,Billion Cubic Meter,5.459748441
China,Power,2022,June,Billion Cubic Meter,5.574099006
China,Other,2022,June,Billion Cubic Meter,3.999592891
China,Industrial,2022,June,Billion Cubic Meter,15.842987657
China,Household,2022,June,Billion Cubic Meter,3.694345846
China,Power,2022,July,Billion Cubic Meter,6.335805209
China,Other,2022,July,Billion Cubic Meter,3.964410877
China,Industrial,2022,July,Billion Cubic Meter,14.307976426
China,Household,2022,July,Billion Cubic Meter,4.2467607
China,Power,2022,August,Billion Cubic Meter,6.484234118
China,Other,2022,August,Billion Cubic Meter,3.960704125
China,Industrial,2022,August,Billion Cubic Meter,14.157528054
China,Household,2022,August,Billion Cubic Meter,4.225507334
China,Power,2022,September,Billion Cubic Meter,5.369464588
China,Other,2022,September,Billion Cubic Meter,4.11457417
China,Industrial,2022,September,Billion Cubic Meter,15.143359205
China,Household,2022,September,Billion Cubic Meter,5.320518349
China,Power,2022,October,Billion Cubic Meter,5.196508764
China,Other,2022,October,Billion Cubic Meter,3.952902208
China,Industrial,2022,October,Billion Cubic Meter,15.26933681
China,Household,2022,October,Billion Cubic Meter,4.352439621
China,Power,2022,November,Billion Cubic Meter,5.241084416
China,Other,2022,November,Billion Cubic Meter,4.503788158
China,Industrial,2022,November,Billion Cubic Meter,14.769082797
China,Household,2022,November,Billion Cubic Meter,8.266853838
China,Power,2022,December,Billion Cubic Meter,5.95790229
China,Other,2022,December,Billion Cubic Meter,4.707589627
China,Industrial,2022,December,Billion Cubic Meter,15.001474315
China,Household,2022,December,Billion Cubic Meter,8.597211384
China,Power,2021,January,Billion Cubic Meter,5.546324143
China,Other,2021,January,Billion Cubic Meter,4.272222052
China,Industrial,2021,January,Billion Cubic Meter,14.36300066
China,Household,2021,January,Billion Cubic Meter,6.603252154
China,Power,2021,February,Billion Cubic Meter,5.666047096
China,Other,2021,February,Billion Cubic Meter,3.474735335
China,Industrial,2021,February,Billion Cubic Meter,14.330913717
China,Household,2021,February,Billion Cubic Meter,1.566569094
China,Power,2021,March,Billion Cubic Meter,5.172132105
China,Other,2021,March,Billion Cubic Meter,4.197394777
China,Industrial,2021,March,Billion Cubic Meter,15.905350891
China,Household,2021,March,Billion Cubic Meter,4.970730483
China,Power,2021,April,Billion Cubic Meter,4.897843595
China,Other,2021,April,Billion Cubic Meter,4.239481222
China,Industrial,2021,April,Billion Cubic Meter,15.159246786
China,Household,2021,April,Billion Cubic Meter,6.252303369
China,Power,2021,May,Billion Cubic Meter,5.093047151
China,Other,2021,May,Billion Cubic Meter,4.256790628
China,Industrial,2021,May,Billion Cubic Meter,15.321920663
China,Household,2021,May,Billion Cubic Meter,6.001844735
China,Power,2021,June,Billion Cubic Meter,5.393440165
China,Other,2021,June,Billion Cubic Meter,4.278579616
China,Industrial,2021,June,Billion Cubic Meter,15.21428417
China,Household,2021,June,Billion Cubic Meter,5.944306421
China,Power,2021,July,Billion Cubic Meter,5.963952872
China,Other,2021,July,Billion Cubic Meter,3.935412586
China,Industrial,2021,July,Billion Cubic Meter,14.957436625
China,Household,2021,July,Billion Cubic Meter,3.501013589
China,Power,2021,August,Billion Cubic Meter,5.804596051
China,Other,2021,August,Billion Cubic Meter,4.156040417
China,Industrial,2021,August,Billion Cubic Meter,14.935419278
China,Household,2021,August,Billion Cubic Meter,5.051561053
China,Power,2021,September,Billion Cubic Meter,5.307507859
China,Other,2021,September,Billion Cubic Meter,4.165517705
China,Industrial,2021,September,Billion Cubic Meter,14.229690846
China,Household,2021,September,Billion Cubic Meter,6.31319188
China,Power,2021,October,Billion Cubic Meter,5.02630017
China,Other,2021,October,Billion Cubic Meter,4.04198167
China,Industrial,2021,October,Billion Cubic Meter,14.396035932
China,Household,2021,October,Billion Cubic Meter,5.661413945
China,Power,2021,November,Billion Cubic Meter,5.141784443
China,Other,2021,November,Billion Cubic Meter,4.464335527
China,Industrial,2021,November,Billion Cubic Meter,14.624760151
China,Household,2021,November,Billion Cubic Meter,7.938251122
China,Power,2021,December,Billion Cubic Meter,5.686829019
China,Other,2021,December,Billion Cubic Meter,4.863168919
China,Industrial,2021,December,Billion Cubic Meter,15.090763508
China,Household,2021,December,Billion Cubic Meter,9.402285452
China,Power,2020,January,Billion Cubic Meter,5.036254111
China,Other,2020,January,Billion Cubic Meter,4.279900807
China,Industrial,2020,January,Billion Cubic Meter,14.004685155
China,Household,2020,January,Billion Cubic Meter,6.996943042
China,Power,2020,February,Billion Cubic Meter,5.107315657
China,Other,2020,February,Billion Cubic Meter,3.571740763
China,Industrial,2020,February,Billion Cubic Meter,14.1859618
China,Household,2020,February,Billion Cubic Meter,2.436330265
China,Power,2020,March,Billion Cubic Meter,4.343598318
China,Other,2020,March,Billion Cubic Meter,3.697804271
China,Industrial,2020,March,Billion Cubic Meter,13.804018964
China,Household,2020,March,Billion Cubic Meter,4.348930358
China,Power,2020,April,Billion Cubic Meter,4.357432679
China,Other,2020,April,Billion Cubic Meter,3.749332864
China,Industrial,2020,April,Billion Cubic Meter,13.963027458
China,Household,2020,April,Billion Cubic Meter,4.489575016
China,Power,2020,May,Billion Cubic Meter,4.663799413
China,Other,2020,May,Billion Cubic Meter,3.739589101
China,Industrial,2020,May,Billion Cubic Meter,14.223549624
China,Household,2020,May,Billion Cubic Meter,3.863407417
China,Power,2020,June,Billion Cubic Meter,4.956014429
China,Other,2020,June,Billion Cubic Meter,3.738991285
China,Industrial,2020,June,Billion Cubic Meter,14.22966575
China,Household,2020,June,Billion Cubic Meter,3.561439302
China,Power,2020,July,Billion Cubic Meter,5.346811035
China,Other,2020,July,Billion Cubic Meter,3.412166025
China,Industrial,2020,July,Billion Cubic Meter,13.457877139
China,Household,2020,July,Billion Cubic Meter,1.954105404
China,Power,2020,August,Billion Cubic Meter,5.690439887
China,Other,2020,August,Billion Cubic Meter,3.793067815
China,Industrial,2020,August,Billion Cubic Meter,13.642573045
China,Household,2020,August,Billion Cubic Meter,3.743095094
China,Power,2020,September,Billion Cubic Meter,4.964738088
China,Other,2020,September,Billion Cubic Meter,3.709955853
China,Industrial,2020,September,Billion Cubic Meter,14.266366055
China,Household,2020,September,Billion Cubic Meter,3.339370786
China,Power,2020,October,Billion Cubic Meter,4.791235386
China,Other,2020,October,Billion Cubic Meter,3.73793861
China,Industrial,2020,October,Billion Cubic Meter,14.358098789
China,Household,2020,October,Billion Cubic Meter,3.591381088
China,Power,2020,November,Billion Cubic Meter,5.046109944
China,Other,2020,November,Billion Cubic Meter,4.128937882
China,Industrial,2020,November,Billion Cubic Meter,14.409472066
China,Household,2020,November,Billion Cubic Meter,5.663878346
China,Power,2020,December,Billion Cubic Meter,5.721027149
China,Other,2020,December,Billion Cubic Meter,4.7802897
China,Industrial,2020,December,Billion Cubic Meter,14.351992682
China,Household,2020,December,Billion Cubic Meter,9.009107591
China,Power,2019,January,Billion Cubic Meter,5.170852458
China,Other,2019,January,Billion Cubic Meter,4.338954079
China,Industrial,2019,January,Billion Cubic Meter,12.575
China,Household,2019,January,Billion Cubic Meter,7.039208973
China,Power,2019,February,Billion Cubic Meter,5.605824567
China,Other,2019,February,Billion Cubic Meter,3.442039442
China,Industrial,2019,February,Billion Cubic Meter,12.636127075
China,Household,2019,February,Billion Cubic Meter,1.419735823
China,Power,2019,March,Billion Cubic Meter,4.479446237
China,Other,2019,March,Billion Cubic Meter,3.641976995
China,Industrial,2019,March,Billion Cubic Meter,13.543476816
China,Household,2019,March,Billion Cubic Meter,2.780851757
China,Power,2019,April,Billion Cubic Meter,4.276854322
China,Other,2019,April,Billion Cubic Meter,3.642633992
China,Industrial,2019,April,Billion Cubic Meter,13.457854956
China,Household,2019,April,Billion Cubic Meter,3.072818442
China,Power,2019,May,Billion Cubic Meter,4.393834841
China,Other,2019,May,Billion Cubic Meter,3.672581347
China,Industrial,2019,May,Billion Cubic Meter,13.93609329
China,Household,2019,May,Billion Cubic Meter,2.648665473
China,Power,2019,June,Billion Cubic Meter,4.586363896
China,Other,2019,June,Billion Cubic Meter,3.587819548
China,Industrial,2019,June,Billion Cubic Meter,14.004589189
China,Household,2019,June,Billion Cubic Meter,1.903462457
China,Power,2019,July,Billion Cubic Meter,5.167492893
China,Other,2019,July,Billion Cubic Meter,3.647433276
China,Industrial,2019,July,Billion Cubic Meter,13.728166608
China,Household,2019,July,Billion Cubic Meter,1.939282782
China,Power,2019,August,Billion Cubic Meter,5.253417965
China,Other,2019,August,Billion Cubic Meter,3.7338465
China,Industrial,2019,August,Billion Cubic Meter,13.806444614
China,Household,2019,August,Billion Cubic Meter,2.268691079
China,Power,2019,September,Billion Cubic Meter,4.644930322
China,Other,2019,September,Billion Cubic Meter,3.670081337
China,Industrial,2019,September,Billion Cubic Meter,14.019270958
China,Household,2019,September,Billion Cubic Meter,2.300111722
China,Power,2019,October,Billion Cubic Meter,4.492260752
China,Other,2019,October,Billion Cubic Meter,3.483679845
China,Industrial,2019,October,Billion Cubic Meter,13.917757417
China,Household,2019,October,Billion Cubic Meter,1.489528449
China,Power,2019,November,Billion Cubic Meter,4.630307925
China,Other,2019,November,Billion Cubic Meter,4.151678925
China,Industrial,2019,November,Billion Cubic Meter,13.72205983
China,Household,2019,November,Billion Cubic Meter,5.362936747
China,Power,2019,December,Billion Cubic Meter,5.144767548
China,Other,2019,December,Billion Cubic Meter,4.30763908
China,Industrial,2019,December,Billion Cubic Meter,14.018058383
China,Household,2019,December,Billion Cubic Meter,5.443357327
India,Power,2024,January,Billion Cubic Meter,1.174411947
India,Other,2024,January,Billion Cubic Meter,0.979212329
India,Industrial,2024,January,Billion Cubic Meter,2.62542436
India,Household,2024,January,Billion Cubic Meter,1.125857653
India,Power,2024,February,Billion Cubic Meter,1.092211141
India,Other,2024,February,Billion Cubic Meter,0.965193874
India,Industrial,2024,February,Billion Cubic Meter,2.587838645
India,Household,2024,February,Billion Cubic Meter,1.109739815
India,Power,2024,March,Billion Cubic Meter,1.186981717
India,Other,2024,March,Billion Cubic Meter,1.022257966
India,Industrial,2024,March,Billion Cubic Meter,2.740836578
India,Household,2024,March,Billion Cubic Meter,1.17534974
India,Power,2024,April,Billion Cubic Meter,1.236320574
India,Other,2024,April,Billion Cubic Meter,0.863313481
India,Industrial,2024,April,Billion Cubic Meter,2.314681073
India,Household,2024,April,Billion Cubic Meter,0.992601974
India,Power,2024,May,Billion Cubic Meter,1.278193318
India,Other,2024,May,Billion Cubic Meter,1.096416388
India,Industrial,2024,May,Billion Cubic Meter,2.939667125
India,Household,2024,May,Billion Cubic Meter,1.26061401
India,Power,2024,June,Billion Cubic Meter,1.20816714
India,Other,2024,June,Billion Cubic Meter,1.075894226
India,Industrial,2024,June,Billion Cubic Meter,2.884643939
India,Household,2024,June,Billion Cubic Meter,1.237018482
India,Power,2024,July,Billion Cubic Meter,1.113618574
India,Other,2024,July,Billion Cubic Meter,1.160232078
India,Industrial,2024,July,Billion Cubic Meter,3.110767165
India,Household,2024,July,Billion Cubic Meter,1.33398664
India,Power,2024,August,Billion Cubic Meter,1.041575603
India,Other,2024,August,Billion Cubic Meter,1.037748152
India,Industrial,2024,August,Billion Cubic Meter,2.782368233
India,Household,2024,August,Billion Cubic Meter,1.193159711
India,Power,2024,September,Billion Cubic Meter,1.021104395
India,Other,2024,September,Billion Cubic Meter,1.003235896
India,Industrial,2024,September,Billion Cubic Meter,2.689835373
India,Household,2024,September,Billion Cubic Meter,1.153478953
India,Power,2024,October,Billion Cubic Meter,1.140560793
India,Other,2024,October,Billion Cubic Meter,1.150695429
India,Industrial,2024,October,Billion Cubic Meter,3.085197889
India,Household,2024,October,Billion Cubic Meter,1.323021797
India,Power,2024,November,Billion Cubic Meter,1.041897274
India,Other,2024,November,Billion Cubic Meter,1.017651207
India,Industrial,2024,November,Billion Cubic Meter,2.728485119
India,Household,2024,November,Billion Cubic Meter,1.170053078
India,Power,2024,December,Billion Cubic Meter,1.081982234
India,Other,2024,December,Billion Cubic Meter,0.987901327
India,Industrial,2024,December,Billion Cubic Meter,2.64872095
India,Household,2024,December,Billion Cubic Meter,1.135847903
India,Power,2023,January,Billion Cubic Meter,1.063511525
India,Other,2023,January,Billion Cubic Meter,0.778134646
India,Industrial,2023,January,Billion Cubic Meter,2.086303037
India,Household,2023,January,Billion Cubic Meter,0.894666888
India,Power,2023,February,Billion Cubic Meter,0.993278829
India,Other,2023,February,Billion Cubic Meter,0.711319966
India,Industrial,2023,February,Billion Cubic Meter,1.907162228
India,Household,2023,February,Billion Cubic Meter,0.817846144
India,Power,2023,March,Billion Cubic Meter,1.083163261
India,Other,2023,March,Billion Cubic Meter,0.901626954
India,Industrial,2023,March,Billion Cubic Meter,2.417405602
India,Household,2023,March,Billion Cubic Meter,1.036653213
India,Power,2023,April,Billion Cubic Meter,1.115288506
India,Other,2023,April,Billion Cubic Meter,0.842454813
India,Industrial,2023,April,Billion Cubic Meter,2.258755659
India,Household,2023,April,Billion Cubic Meter,0.968619544
India,Power,2023,May,Billion Cubic Meter,1.114706739
India,Other,2023,May,Billion Cubic Meter,0.947503659
India,Industrial,2023,May,Billion Cubic Meter,2.54040836
India,Household,2023,May,Billion Cubic Meter,1.089400342
India,Power,2023,June,Billion Cubic Meter,1.09176352
India,Other,2023,June,Billion Cubic Meter,0.855276271
India,Industrial,2023,June,Billion Cubic Meter,2.293132032
India,Household,2023,June,Billion Cubic Meter,0.983361124
India,Power,2023,July,Billion Cubic Meter,1.031341398
India,Other,2023,July,Billion Cubic Meter,0.908044031
India,Industrial,2023,July,Billion Cubic Meter,2.434610808
India,Household,2023,July,Billion Cubic Meter,1.044031301
India,Power,2023,August,Billion Cubic Meter,1.100216137
India,Other,2023,August,Billion Cubic Meter,0.981323495
India,Industrial,2023,August,Billion Cubic Meter,2.631084734
India,Household,2023,August,Billion Cubic Meter,1.128284985
India,Power,2023,September,Billion Cubic Meter,1.087770218
India,Other,2023,September,Billion Cubic Meter,0.925751668
India,Industrial,2023,September,Billion Cubic Meter,2.482087805
India,Household,2023,September,Billion Cubic Meter,1.064390807
India,Power,2023,October,Billion Cubic Meter,1.172117365
India,Other,2023,October,Billion Cubic Meter,0.950551007
India,Industrial,2023,October,Billion Cubic Meter,2.548578786
India,Household,2023,October,Billion Cubic Meter,1.092904056
India,Power,2023,November,Billion Cubic Meter,1.036255032
India,Other,2023,November,Billion Cubic Meter,0.904881332
India,Industrial,2023,November,Billion Cubic Meter,2.426131106
India,Household,2023,November,Billion Cubic Meter,1.040394961
India,Power,2023,December,Billion Cubic Meter,1.054490535
India,Other,2023,December,Billion Cubic Meter,0.948247602
India,Industrial,2023,December,Billion Cubic Meter,2.542402992
India,Household,2023,December,Billion Cubic Meter,1.090255697
India,Power,2022,January,Billion Cubic Meter,0.962537631
India,Other,2022,January,Billion Cubic Meter,0.808238339
India,Industrial,2022,January,Billion Cubic Meter,2.167015837
India,Household,2022,January,Billion Cubic Meter,0.929278864
India,Power,2022,February,Billion Cubic Meter,0.928943374
India,Other,2022,February,Billion Cubic Meter,0.748494531
India,Industrial,2022,February,Billion Cubic Meter,2.006833161
India,Household,2022,February,Billion Cubic Meter,0.860587914
India,Power,2022,March,Billion Cubic Meter,1.087176455
India,Other,2022,March,Billion Cubic Meter,0.903122589
India,Industrial,2022,March,Billion Cubic Meter,2.421415636
India,Household,2022,March,Billion Cubic Meter,1.038372831
India,Power,2022,April,Billion Cubic Meter,1.115381969
India,Other,2022,April,Billion Cubic Meter,0.768088976
India,Industrial,2022,April,Billion Cubic Meter,2.059368993
India,Household,2022,April,Billion Cubic Meter,0.883116793
India,Power,2022,May,Billion Cubic Meter,1.083728035
India,Other,2022,May,Billion Cubic Meter,0.972865071
India,Industrial,2022,May,Billion Cubic Meter,2.608406352
India,Household,2022,May,Billion Cubic Meter,1.118559841
India,Power,2022,June,Billion Cubic Meter,1.055759227
India,Other,2022,June,Billion Cubic Meter,0.817420051
India,Industrial,2022,June,Billion Cubic Meter,2.191633471
India,Household,2022,June,Billion Cubic Meter,0.939835615
India,Power,2022,July,Billion Cubic Meter,0.943181376
India,Other,2022,July,Billion Cubic Meter,0.904057796
India,Industrial,2022,July,Billion Cubic Meter,2.423923078
India,Household,2022,July,Billion Cubic Meter,1.039448095
India,Power,2022,August,Billion Cubic Meter,0.93192708
India,Other,2022,August,Billion Cubic Meter,0.812608376
India,Industrial,2022,August,Billion Cubic Meter,2.178732601
India,Household,2022,August,Billion Cubic Meter,0.93430335
India,Power,2022,September,Billion Cubic Meter,0.932586216
India,Other,2022,September,Billion Cubic Meter,0.773322436
India,Industrial,2022,September,Billion Cubic Meter,2.073400734
India,Household,2022,September,Billion Cubic Meter,0.889134008
India,Power,2022,October,Billion Cubic Meter,0.881503058
India,Other,2022,October,Billion Cubic Meter,0.812271318
India,Industrial,2022,October,Billion Cubic Meter,2.177828894
India,Household,2022,October,Billion Cubic Meter,0.933915814
India,Power,2022,November,Billion Cubic Meter,0.944250549
India,Other,2022,November,Billion Cubic Meter,0.839131687
India,Industrial,2022,November,Billion Cubic Meter,2.249845827
India,Household,2022,November,Billion Cubic Meter,0.964798751
India,Power,2022,December,Billion Cubic Meter,1.029010731
India,Other,2022,December,Billion Cubic Meter,0.82683099
India,Industrial,2022,December,Billion Cubic Meter,2.216865697
India,Household,2022,December,Billion Cubic Meter,0.950655921
India,Power,2021,January,Billion Cubic Meter,0.971529433
India,Other,2021,January,Billion Cubic Meter,0.870439711
India,Industrial,2021,January,Billion Cubic Meter,2.333787631
India,Household,2021,January,Billion Cubic Meter,1.000795417
India,Power,2021,February,Billion Cubic Meter,0.912627903
India,Other,2021,February,Billion Cubic Meter,0.801077599
India,Industrial,2021,February,Billion Cubic Meter,2.147816753
India,Household,2021,February,Billion Cubic Meter,0.921045743
India,Power,2021,March,Billion Cubic Meter,1.07062208
India,Other,2021,March,Billion Cubic Meter,0.896459487
India,Industrial,2021,March,Billion Cubic Meter,2.403550799
India,Household,2021,March,Billion Cubic Meter,1.030711874
India,Power,2021,April,Billion Cubic Meter,1.03655931
India,Other,2021,April,Billion Cubic Meter,0.927740094
India,Industrial,2021,April,Billion Cubic Meter,2.487419093
India,Household,2021,April,Billion Cubic Meter,1.066677017
India,Power,2021,May,Billion Cubic Meter,0.874716273
India,Other,2021,May,Billion Cubic Meter,0.898467589
India,Industrial,2021,May,Billion Cubic Meter,2.408934842
India,Household,2021,May,Billion Cubic Meter,1.033020707
India,Power,2021,June,Billion Cubic Meter,0.854035849
India,Other,2021,June,Billion Cubic Meter,0.966470881
India,Industrial,2021,June,Billion Cubic Meter,2.591262508
India,Household,2021,June,Billion Cubic Meter,1.111208067
India,Power,2021,July,Billion Cubic Meter,0.923897293
India,Other,2021,July,Billion Cubic Meter,0.933756064
India,Industrial,2021,July,Billion Cubic Meter,2.50354887
India,Household,2021,July,Billion Cubic Meter,1.07359393
India,Power,2021,August,Billion Cubic Meter,0.961934772
India,Other,2021,August,Billion Cubic Meter,1.010068127
India,Industrial,2021,August,Billion Cubic Meter,2.708153674
India,Household,2021,August,Billion Cubic Meter,1.161334368
India,Power,2021,September,Billion Cubic Meter,0.852848824
India,Other,2021,September,Billion Cubic Meter,0.965894301
India,Industrial,2021,September,Billion Cubic Meter,2.589716604
India,Household,2021,September,Billion Cubic Meter,1.110545138
India,Power,2021,October,Billion Cubic Meter,0.900696377
India,Other,2021,October,Billion Cubic Meter,0.967107136
India,Industrial,2021,October,Billion Cubic Meter,2.592968408
India,Household,2021,October,Billion Cubic Meter,1.111939606
India,Power,2021,November,Billion Cubic Meter,0.826757865
India,Other,2021,November,Billion Cubic Meter,0.922182179
India,Industrial,2021,November,Billion Cubic Meter,2.472517438
India,Household,2021,November,Billion Cubic Meter,1.060286757
India,Power,2021,December,Billion Cubic Meter,0.932581918
India,Other,2021,December,Billion Cubic Meter,0.922793084
India,Industrial,2021,December,Billion Cubic Meter,2.47415537
India,Household,2021,December,Billion Cubic Meter,1.06098915
India,Power,2020,January,Billion Cubic Meter,0.907667788
India,Other,2020,January,Billion Cubic Meter,0.895512888
India,Industrial,2020,January,Billion Cubic Meter,2.401012815
India,Household,2020,January,Billion Cubic Meter,1.029623513
India,Power,2020,February,Billion Cubic Meter,0.892647598
India,Other,2020,February,Billion Cubic Meter,1.015237623
India,Industrial,2020,February,Billion Cubic Meter,2.722013917
India,Household,2020,February,Billion Cubic Meter,1.16727804
India,Power,2020,March,Billion Cubic Meter,0.82779295
India,Other,2020,March,Billion Cubic Meter,0.911192026
India,Industrial,2020,March,Billion Cubic Meter,2.443051085
India,Household,2020,March,Billion Cubic Meter,1.047650735
India,Power,2020,April,Billion Cubic Meter,0.667789977
India,Other,2020,April,Billion Cubic Meter,0.630550849
India,Industrial,2020,April,Billion Cubic Meter,1.690607348
India,Household,2020,April,Billion Cubic Meter,0.724981169
India,Power,2020,May,Billion Cubic Meter,0.778625925
India,Other,2020,May,Billion Cubic Meter,0.861397452
India,Industrial,2020,May,Billion Cubic Meter,2.309543895
India,Household,2020,May,Billion Cubic Meter,0.990399004
India,Power,2020,June,Billion Cubic Meter,0.781159111
India,Other,2020,June,Billion Cubic Meter,0.912192239
India,Industrial,2020,June,Billion Cubic Meter,2.445732815
India,Household,2020,June,Billion Cubic Meter,1.048800739
India,Power,2020,July,Billion Cubic Meter,0.854130911
India,Other,2020,July,Billion Cubic Meter,0.946048754
India,Industrial,2020,July,Billion Cubic Meter,2.536507528
India,Household,2020,July,Billion Cubic Meter,1.087727553
India,Power,2020,August,Billion Cubic Meter,0.790020865
India,Other,2020,August,Billion Cubic Meter,0.932180758
India,Industrial,2020,August,Billion Cubic Meter,2.499325222
India,Household,2020,August,Billion Cubic Meter,1.071782708
India,Power,2020,September,Billion Cubic Meter,0.859533449
India,Other,2020,September,Billion Cubic Meter,0.868145305
India,Industrial,2020,September,Billion Cubic Meter,2.327635964
India,Household,2020,September,Billion Cubic Meter,0.998157404
India,Power,2020,October,Billion Cubic Meter,0.896196578
India,Other,2020,October,Billion Cubic Meter,1.018967673
India,Industrial,2020,October,Billion Cubic Meter,2.732014777
India,Household,2020,October,Billion Cubic Meter,1.171566697
India,Power,2020,November,Billion Cubic Meter,0.825024458
India,Other,2020,November,Billion Cubic Meter,0.86887098
India,Industrial,2020,November,Billion Cubic Meter,2.329581611
India,Household,2020,November,Billion Cubic Meter,0.998991754
India,Power,2020,December,Billion Cubic Meter,0.913744656
India,Other,2020,December,Billion Cubic Meter,0.880383432
India,Industrial,2020,December,Billion Cubic Meter,2.360448332
India,Household,2020,December,Billion Cubic Meter,1.012228294
India,Power,2019,January,Billion Cubic Meter,0.792455733
India,Other,2019,January,Billion Cubic Meter,0.861201268
India,Industrial,2019,January,Billion Cubic Meter,2.309017892
India,Household,2019,January,Billion Cubic Meter,0.990173438
India,Power,2019,February,Billion Cubic Meter,0.690338794
India,Other,2019,February,Billion Cubic Meter,0.750225685
India,Industrial,2019,February,Billion Cubic Meter,2.011474662
India,Household,2019,February,Billion Cubic Meter,0.862578324
India,Power,2019,March,Billion Cubic Meter,0.814243388
India,Other,2019,March,Billion Cubic Meter,0.884879003
India,Industrial,2019,March,Billion Cubic Meter,2.372501673
India,Household,2019,March,Billion Cubic Meter,1.017397114
India,Power,2019,April,Billion Cubic Meter,0.803644974
India,Other,2019,April,Billion Cubic Meter,0.873361176
India,Industrial,2019,April,Billion Cubic Meter,2.341620543
India,Household,2019,April,Billion Cubic Meter,1.004154395
India,Power,2019,May,Billion Cubic Meter,0.803827967
India,Other,2019,May,Billion Cubic Meter,0.873560043
India,Industrial,2019,May,Billion Cubic Meter,2.34215374
India,Household,2019,May,Billion Cubic Meter,1.004383045
India,Power,2019,June,Billion Cubic Meter,0.849585718
India,Other,2019,June,Billion Cubic Meter,0.92328728
India,Industrial,2019,June,Billion Cubic Meter,2.475480387
India,Household,2019,June,Billion Cubic Meter,1.061557355
India,Power,2019,July,Billion Cubic Meter,0.793730923
India,Other,2019,July,Billion Cubic Meter,0.86258708
India,Industrial,2019,July,Billion Cubic Meter,2.312733476
India,Household,2019,July,Billion Cubic Meter,0.991766788
India,Power,2019,August,Billion Cubic Meter,0.880946948
India,Other,2019,August,Billion Cubic Meter,0.957369095
India,Industrial,2019,August,Billion Cubic Meter,2.566859169
India,Household,2019,August,Billion Cubic Meter,1.100743211
India,Power,2019,September,Billion Cubic Meter,0.809827521
India,Other,2019,September,Billion Cubic Meter,0.880080059
India,Industrial,2019,September,Billion Cubic Meter,2.35963494
India,Household,2019,September,Billion Cubic Meter,1.011879488
India,Power,2019,October,Billion Cubic Meter,0.864985696
India,Other,2019,October,Billion Cubic Meter,0.940023206
India,Industrial,2019,October,Billion Cubic Meter,2.520352072
India,Household,2019,October,Billion Cubic Meter,1.080799627
India,Power,2019,November,Billion Cubic Meter,0.81224832
India,Other,2019,November,Billion Cubic Meter,0.882710861
India,Industrial,2019,November,Billion Cubic Meter,2.366688542
India,Household,2019,November,Billion Cubic Meter,1.014904276
India,Power,2019,December,Billion Cubic Meter,0.796941517
India,Other,2019,December,Billion Cubic Meter,0.866076193
India,Industrial,2019,December,Billion Cubic Meter,2.322088346
India,Household,2019,December,Billion Cubic Meter,0.995778426
Indonesia,Power,2024,January,Billion Cubic Meter,0.368
Indonesia,Other,2024,January,Billion Cubic Meter,0.500004747
Indonesia,Industrial,2024,January,Billion Cubic Meter,2.280980841
Indonesia,Household,2024,January,Billion Cubic Meter,0.086014412
Indonesia,Power,2024,February,Billion Cubic Meter,0.311
Indonesia,Other,2024,February,Billion Cubic Meter,0.487447949
Indonesia,Industrial,2024,February,Billion Cubic Meter,2.22369775
Indonesia,Household,2024,February,Billion Cubic Meter,0.083854301
Indonesia,Power,2024,March,Billion Cubic Meter,0.379
Indonesia,Other,2024,March,Billion Cubic Meter,0.609527936
Indonesia,Industrial,2024,March,Billion Cubic Meter,2.780616686
Indonesia,Household,2024,March,Billion Cubic Meter,0.104855378
Indonesia,Power,2024,April,Billion Cubic Meter,0.379
Indonesia,Other,2024,April,Billion Cubic Meter,0.539767943
Indonesia,Industrial,2024,April,Billion Cubic Meter,2.462377294
Indonesia,Household,2024,April,Billion Cubic Meter,0.092854763
Indonesia,Power,2024,May,Billion Cubic Meter,0.395
Indonesia,Other,2024,May,Billion Cubic Meter,0.525467144
Indonesia,Industrial,2024,May,Billion Cubic Meter,2.397138219
Indonesia,Household,2024,May,Billion Cubic Meter,0.090394637
Indonesia,Power,2024,June,Billion Cubic Meter,0.38
Indonesia,Other,2024,June,Billion Cubic Meter,0.47262395
Indonesia,Industrial,2024,June,Billion Cubic Meter,2.15607188
Indonesia,Household,2024,June,Billion Cubic Meter,0.08130417
Indonesia,Power,2024,July,Billion Cubic Meter,0.413
Indonesia,Other,2024,July,Billion Cubic Meter,0.556510341
Indonesia,Industrial,2024,July,Billion Cubic Meter,2.538754748
Indonesia,Household,2024,July,Billion Cubic Meter,0.095734911
Indonesia,Power,2024,August,Billion Cubic Meter,0.408
Indonesia,Other,2024,August,Billion Cubic Meter,0.604644736
Indonesia,Industrial,2024,August,Billion Cubic Meter,2.758339929
Indonesia,Household,2024,August,Billion Cubic Meter,0.104015335
Indonesia,Power,2024,September,Billion Cubic Meter,0.408
Indonesia,Other,2024,September,Billion Cubic Meter,0.597668737
Indonesia,Industrial,2024,September,Billion Cubic Meter,2.726515989
Indonesia,Household,2024,September,Billion Cubic Meter,0.102815274
Indonesia,Power,2024,October,Billion Cubic Meter,0.412
Indonesia,Other,2024,October,Billion Cubic Meter,0.509247946
Indonesia,Industrial,2024,October,Billion Cubic Meter,2.32314756
Indonesia,Household,2024,October,Billion Cubic Meter,0.087604494
Indonesia,Power,2024,November,Billion Cubic Meter,0.456
Indonesia,Other,2024,November,Billion Cubic Meter,0.498435147
Indonesia,Industrial,2024,November,Billion Cubic Meter,2.273820454
Indonesia,Household,2024,November,Billion Cubic Meter,0.085744398
Indonesia,Power,2024,December,Billion Cubic Meter,0.418
Indonesia,Other,2024,December,Billion Cubic Meter,0.453614352
Indonesia,Industrial,2024,December,Billion Cubic Meter,2.069351645
Indonesia,Household,2024,December,Billion Cubic Meter,0.078034003
Indonesia,Power,2023,January,Billion Cubic Meter,0.393
Indonesia,Other,2023,January,Billion Cubic Meter,0.267689725
Indonesia,Industrial,2023,January,Billion Cubic Meter,2.596401539
Indonesia,Household,2023,January,Billion Cubic Meter,0.097908736
Indonesia,Power,2023,February,Billion Cubic Meter,0.356
Indonesia,Other,2023,February,Billion Cubic Meter,0.242294447
Indonesia,Industrial,2023,February,Billion Cubic Meter,2.350085255
Indonesia,Household,2023,February,Billion Cubic Meter,0.088620298
Indonesia,Power,2023,March,Billion Cubic Meter,0.384
Indonesia,Other,2023,March,Billion Cubic Meter,0.267418601
Indonesia,Industrial,2023,March,Billion Cubic Meter,2.593771828
Indonesia,Household,2023,March,Billion Cubic Meter,0.097809572
Indonesia,Power,2023,April,Billion Cubic Meter,0.36
Indonesia,Other,2023,April,Billion Cubic Meter,0.221146778
Indonesia,Industrial,2023,April,Billion Cubic Meter,2.14496778
Indonesia,Household,2023,April,Billion Cubic Meter,0.080885442
Indonesia,Power,2023,May,Billion Cubic Meter,0.38
Indonesia,Other,2023,May,Billion Cubic Meter,0.248801422
Indonesia,Industrial,2023,May,Billion Cubic Meter,2.413198324
Indonesia,Household,2023,May,Billion Cubic Meter,0.091000254
Indonesia,Power,2023,June,Billion Cubic Meter,0.379
Indonesia,Other,2023,June,Billion Cubic Meter,0.25982713
Indonesia,Industrial,2023,June,Billion Cubic Meter,2.520139914
Indonesia,Household,2023,June,Billion Cubic Meter,0.095032956
Indonesia,Power,2023,July,Billion Cubic Meter,0.389
Indonesia,Other,2023,July,Billion Cubic Meter,0.247626552
Indonesia,Industrial,2023,July,Billion Cubic Meter,2.401802909
Indonesia,Household,2023,July,Billion Cubic Meter,0.090570539
Indonesia,Power,2023,August,Billion Cubic Meter,0.396
Indonesia,Other,2023,August,Billion Cubic Meter,0.259194507
Indonesia,Industrial,2023,August,Billion Cubic Meter,2.514003921
Indonesia,Household,2023,August,Billion Cubic Meter,0.094801572
Indonesia,Power,2023,September,Billion Cubic Meter,0.388
Indonesia,Other,2023,September,Billion Cubic Meter,0.257387014
Indonesia,Industrial,2023,September,Billion Cubic Meter,2.496472513
Indonesia,Household,2023,September,Billion Cubic Meter,0.094140473
Indonesia,Power,2023,October,Billion Cubic Meter,0.412
Indonesia,Other,2023,October,Billion Cubic Meter,0.280884424
Indonesia,Industrial,2023,October,Billion Cubic Meter,2.724380818
Indonesia,Household,2023,October,Billion Cubic Meter,0.102734758
Indonesia,Power,2023,November,Billion Cubic Meter,0.456
Indonesia,Other,2023,November,Billion Cubic Meter,0.22449064
Indonesia,Industrial,2023,November,Billion Cubic Meter,2.177400885
Indonesia,Household,2023,November,Billion Cubic Meter,0.082108474
Indonesia,Power,2023,December,Billion Cubic Meter,0.471
Indonesia,Other,2023,December,Billion Cubic Meter,0.212199687
Indonesia,Industrial,2023,December,Billion Cubic Meter,2.05818731
Indonesia,Household,2023,December,Billion Cubic Meter,0.077613002
Indonesia,Power,2022,January,Billion Cubic Meter,0.451
Indonesia,Other,2022,January,Billion Cubic Meter,0.182870656
Indonesia,Industrial,2022,January,Billion Cubic Meter,2.494079111
Indonesia,Household,2022,January,Billion Cubic Meter,0.096050233
Indonesia,Power,2022,February,Billion Cubic Meter,0.375
Indonesia,Other,2022,February,Billion Cubic Meter,0.150754533
Indonesia,Industrial,2022,February,Billion Cubic Meter,2.056063775
Indonesia,Household,2022,February,Billion Cubic Meter,0.079181693
Indonesia,Power,2022,March,Billion Cubic Meter,0.444
Indonesia,Other,2022,March,Billion Cubic Meter,0.1598552
Indonesia,Industrial,2022,March,Billion Cubic Meter,2.18018311
Indonesia,Household,2022,March,Billion Cubic Meter,0.08396169
Indonesia,Power,2022,April,Billion Cubic Meter,0.418
Indonesia,Other,2022,April,Billion Cubic Meter,0.164405534
Indonesia,Industrial,2022,April,Billion Cubic Meter,2.242242778
Indonesia,Household,2022,April,Billion Cubic Meter,0.086351688
Indonesia,Power,2022,May,Billion Cubic Meter,0.438
Indonesia,Other,2022,May,Billion Cubic Meter,0.16994507
Indonesia,Industrial,2022,May,Billion Cubic Meter,2.317793678
Indonesia,Household,2022,May,Billion Cubic Meter,0.089261252
Indonesia,Power,2022,June,Billion Cubic Meter,0.422
Indonesia,Other,2022,June,Billion Cubic Meter,0.150161011
Indonesia,Industrial,2022,June,Billion Cubic Meter,2.047969035
Indonesia,Household,2022,June,Billion Cubic Meter,0.078869954
Indonesia,Power,2022,July,Billion Cubic Meter,0.445
Indonesia,Other,2022,July,Billion Cubic Meter,0.172978626
Indonesia,Industrial,2022,July,Billion Cubic Meter,2.35916679
Indonesia,Household,2022,July,Billion Cubic Meter,0.090854584
Indonesia,Power,2022,August,Billion Cubic Meter,0.44
Indonesia,Other,2022,August,Billion Cubic Meter,0.148908021
Indonesia,Industrial,2022,August,Billion Cubic Meter,2.030880141
Indonesia,Household,2022,August,Billion Cubic Meter,0.078211838
Indonesia,Power,2022,September,Billion Cubic Meter,0.445
Indonesia,Other,2022,September,Billion Cubic Meter,0.157349219
Indonesia,Industrial,2022,September,Billion Cubic Meter,2.146005322
Indonesia,Household,2022,September,Billion Cubic Meter,0.082645459
Indonesia,Power,2022,October,Billion Cubic Meter,0.456
Indonesia,Other,2022,October,Billion Cubic Meter,0.165394737
Indonesia,Industrial,2022,October,Billion Cubic Meter,2.25573401
Indonesia,Household,2022,October,Billion Cubic Meter,0.086871253
Indonesia,Power,2022,November,Billion Cubic Meter,0.429
Indonesia,Other,2022,November,Billion Cubic Meter,0.164867162
Indonesia,Industrial,2022,November,Billion Cubic Meter,2.248538686
Indonesia,Household,2022,November,Billion Cubic Meter,0.086594152
Indonesia,Power,2022,December,Billion Cubic Meter,0.462
Indonesia,Other,2022,December,Billion Cubic Meter,0.15543676
Indonesia,Industrial,2022,December,Billion Cubic Meter,2.119922273
Indonesia,Household,2022,December,Billion Cubic Meter,0.081640966
Indonesia,Power,2021,January,Billion Cubic Meter,0.521
Indonesia,Other,2021,January,Billion Cubic Meter,0.211399827
Indonesia,Industrial,2021,January,Billion Cubic Meter,2.041204767
Indonesia,Household,2021,January,Billion Cubic Meter,0.084395406
Indonesia,Power,2021,February,Billion Cubic Meter,0.543
Indonesia,Other,2021,February,Billion Cubic Meter,0.206153276
Indonesia,Industrial,2021,February,Billion Cubic Meter,1.990545855
Indonesia,Household,2021,February,Billion Cubic Meter,0.082300869
Indonesia,Power,2021,March,Billion Cubic Meter,0.521
Indonesia,Other,2021,March,Billion Cubic Meter,0.194665138
Indonesia,Industrial,2021,March,Billion Cubic Meter,1.879620307
Indonesia,Household,2021,March,Billion Cubic Meter,0.077714554
Indonesia,Power,2021,April,Billion Cubic Meter,0.424
Indonesia,Other,2021,April,Billion Cubic Meter,0.189961334
Indonesia,Industrial,2021,April,Billion Cubic Meter,1.834201973
Indonesia,Household,2021,April,Billion Cubic Meter,0.075836693
Indonesia,Power,2021,May,Billion Cubic Meter,0.422
Indonesia,Other,2021,May,Billion Cubic Meter,0.211218912
Indonesia,Industrial,2021,May,Billion Cubic Meter,2.039457908
Indonesia,Household,2021,May,Billion Cubic Meter,0.084323181
Indonesia,Power,2021,June,Billion Cubic Meter,0.457
Indonesia,Other,2021,June,Billion Cubic Meter,0.21130937
Indonesia,Industrial,2021,June,Billion Cubic Meter,2.040331337
Indonesia,Household,2021,June,Billion Cubic Meter,0.084359293
Indonesia,Power,2021,July,Billion Cubic Meter,0.475
Indonesia,Other,2021,July,Billion Cubic Meter,0.231933743
Indonesia,Industrial,2021,July,Billion Cubic Meter,2.239473266
Indonesia,Household,2021,July,Billion Cubic Meter,0.092592991
Indonesia,Power,2021,August,Billion Cubic Meter,0.475
Indonesia,Other,2021,August,Billion Cubic Meter,0.213208983
Indonesia,Industrial,2021,August,Billion Cubic Meter,2.058673357
Indonesia,Household,2021,August,Billion Cubic Meter,0.08511766
Indonesia,Power,2021,September,Billion Cubic Meter,0.424
Indonesia,Other,2021,September,Billion Cubic Meter,0.222254761
Indonesia,Industrial,2021,September,Billion Cubic Meter,2.146016308
Indonesia,Household,2021,September,Billion Cubic Meter,0.088728931
Indonesia,Power,2021,October,Billion Cubic Meter,0.465
Indonesia,Other,2021,October,Billion Cubic Meter,0.305928205
Indonesia,Industrial,2021,October,Billion Cubic Meter,2.953938605
Indonesia,Household,2021,October,Billion Cubic Meter,0.122133189
Indonesia,Power,2021,November,Billion Cubic Meter,0.429
Indonesia,Other,2021,November,Billion Cubic Meter,0.313255285
Indonesia,Industrial,2021,November,Billion Cubic Meter,3.024686396
Indonesia,Household,2021,November,Billion Cubic Meter,0.125058319
Indonesia,Power,2021,December,Billion Cubic Meter,0.619
Indonesia,Other,2021,December,Billion Cubic Meter,0.178292281
Indonesia,Industrial,2021,December,Billion Cubic Meter,1.721529566
Indonesia,Household,2021,December,Billion Cubic Meter,0.071178154
Indonesia,Power,2020,January,Billion Cubic Meter,0.473
Indonesia,Other,2020,January,Billion Cubic Meter,0.006014918
Indonesia,Industrial,2020,January,Billion Cubic Meter,2.611512542
Indonesia,Household,2020,January,Billion Cubic Meter,0.15347254
Indonesia,Power,2020,February,Billion Cubic Meter,0.423
Indonesia,Other,2020,February,Billion Cubic Meter,0.005083702
Indonesia,Industrial,2020,February,Billion Cubic Meter,2.207204032
Indonesia,Household,2020,February,Billion Cubic Meter,0.129712266
Indonesia,Power,2020,March,Billion Cubic Meter,0.442
Indonesia,Other,2020,March,Billion Cubic Meter,0.005784827
Indonesia,Industrial,2020,March,Billion Cubic Meter,2.51161347
Indonesia,Household,2020,March,Billion Cubic Meter,0.147601703
Indonesia,Power,2020,April,Billion Cubic Meter,0.421
Indonesia,Other,2020,April,Billion Cubic Meter,0.005005558
Indonesia,Industrial,2020,April,Billion Cubic Meter,2.173276046
Indonesia,Household,2020,April,Billion Cubic Meter,0.127718396
Indonesia,Power,2020,May,Billion Cubic Meter,0.393
Indonesia,Other,2020,May,Billion Cubic Meter,0.005259526
Indonesia,Industrial,2020,May,Billion Cubic Meter,2.283542003
Indonesia,Household,2020,May,Billion Cubic Meter,0.134198471
Indonesia,Power,2020,June,Billion Cubic Meter,0.352
Indonesia,Other,2020,June,Billion Cubic Meter,0.004250166
Indonesia,Industrial,2020,June,Billion Cubic Meter,1.845305506
Indonesia,Household,2020,June,Billion Cubic Meter,0.108444328
Indonesia,Power,2020,July,Billion Cubic Meter,0.874
Indonesia,Other,2020,July,Billion Cubic Meter,0.004549718
Indonesia,Industrial,2020,July,Billion Cubic Meter,1.975362789
Indonesia,Household,2020,July,Billion Cubic Meter,0.116087493
Indonesia,Power,2020,August,Billion Cubic Meter,0.346
Indonesia,Other,2020,August,Billion Cubic Meter,0.004897025
Indonesia,Industrial,2020,August,Billion Cubic Meter,2.126153842
Indonesia,Household,2020,August,Billion Cubic Meter,0.124949134
Indonesia,Power,2020,September,Billion Cubic Meter,0.338
Indonesia,Other,2020,September,Billion Cubic Meter,0.004788491
Indonesia,Industrial,2020,September,Billion Cubic Meter,2.079031638
Indonesia,Household,2020,September,Billion Cubic Meter,0.122179871
Indonesia,Power,2020,October,Billion Cubic Meter,0.535
Indonesia,Other,2020,October,Billion Cubic Meter,0.004645227
Indonesia,Industrial,2020,October,Billion Cubic Meter,2.016830329
Indonesia,Household,2020,October,Billion Cubic Meter,0.118524444
Indonesia,Power,2020,November,Billion Cubic Meter,0.582
Indonesia,Other,2020,November,Billion Cubic Meter,0.004215435
Indonesia,Industrial,2020,November,Billion Cubic Meter,1.830226401
Indonesia,Household,2020,November,Billion Cubic Meter,0.107558164
Indonesia,Power,2020,December,Billion Cubic Meter,0.468
Indonesia,Other,2020,December,Billion Cubic Meter,0.004439014
Indonesia,Industrial,2020,December,Billion Cubic Meter,1.927298141
Indonesia,Household,2020,December,Billion Cubic Meter,0.113262845
Indonesia,Power,2019,January,Billion Cubic Meter,0.554
Indonesia,Other,2019,January,Billion Cubic Meter,0.045751553
Indonesia,Industrial,2019,January,Billion Cubic Meter,2.245352681
Indonesia,Household,2019,January,Billion Cubic Meter,0.103895766
Indonesia,Power,2019,February,Billion Cubic Meter,0.496
Indonesia,Other,2019,February,Billion Cubic Meter,0.03918014
Indonesia,Industrial,2019,February,Billion Cubic Meter,1.92284691
Indonesia,Household,2019,February,Billion Cubic Meter,0.08897295
Indonesia,Power,2019,March,Billion Cubic Meter,0.553
Indonesia,Other,2019,March,Billion Cubic Meter,0.047451715
Indonesia,Industrial,2019,March,Billion Cubic Meter,2.328791674
Indonesia,Household,2019,March,Billion Cubic Meter,0.107756611
Indonesia,Power,2019,April,Billion Cubic Meter,0.574
Indonesia,Other,2019,April,Billion Cubic Meter,0.046649391
Indonesia,Industrial,2019,April,Billion Cubic Meter,2.28941597
Indonesia,Household,2019,April,Billion Cubic Meter,0.105934639
Indonesia,Power,2019,May,Billion Cubic Meter,0.602
Indonesia,Other,2019,May,Billion Cubic Meter,0.049514833
Indonesia,Industrial,2019,May,Billion Cubic Meter,2.430043486
Indonesia,Household,2019,May,Billion Cubic Meter,0.112441681
Indonesia,Power,2019,June,Billion Cubic Meter,0.567
Indonesia,Other,2019,June,Billion Cubic Meter,0.045770656
Indonesia,Industrial,2019,June,Billion Cubic Meter,2.246290198
Indonesia,Household,2019,June,Billion Cubic Meter,0.103939146
Indonesia,Power,2019,July,Billion Cubic Meter,0.578
Indonesia,Other,2019,July,Billion Cubic Meter,0.048922642
Indonesia,Industrial,2019,July,Billion Cubic Meter,2.400980466
Indonesia,Household,2019,July,Billion Cubic Meter,0.111096892
Indonesia,Power,2019,August,Billion Cubic Meter,0.589
Indonesia,Other,2019,August,Billion Cubic Meter,0.044605376
Indonesia,Industrial,2019,August,Billion Cubic Meter,2.189101674
Indonesia,Household,2019,August,Billion Cubic Meter,0.101292949
Indonesia,Power,2019,September,Billion Cubic Meter,0.544
Indonesia,Other,2019,September,Billion Cubic Meter,0.047298892
Indonesia,Industrial,2019,September,Billion Cubic Meter,2.32129154
Indonesia,Household,2019,September,Billion Cubic Meter,0.107409568
Indonesia,Power,2019,October,Billion Cubic Meter,0.548
Indonesia,Other,2019,October,Billion Cubic Meter,0.045025641
Indonesia,Industrial,2019,October,Billion Cubic Meter,2.209727043
Indonesia,Household,2019,October,Billion Cubic Meter,0.102247315
Indonesia,Power,2019,November,Billion Cubic Meter,0.543
Indonesia,Other,2019,November,Billion Cubic Meter,0.044548067
Indonesia,Industrial,2019,November,Billion Cubic Meter,2.186289124
Indonesia,Household,2019,November,Billion Cubic Meter,0.101162808
Indonesia,Power,2019,December,Billion Cubic Meter,0.543
Indonesia,Other,2019,December,Billion Cubic Meter,0.044853715
Indonesia,Industrial,2019,December,Billion Cubic Meter,2.201289392
Indonesia,Household,2019,December,Billion Cubic Meter,0.101856893
Japan,Power,2024,January,Billion Cubic Meter,4.944
Japan,Other,2024,January,Billion Cubic Meter,1.095684912
Japan,Industrial,2024,January,Billion Cubic Meter,2.076905098
Japan,Household,2024,January,Billion Cubic Meter,1.699285989
Japan,Power,2024,February,Billion Cubic Meter,4.5
Japan,Other,2024,February,Billion Cubic Meter,1.011998849
Japan,Industrial,2024,February,Billion Cubic Meter,1.918275541
Japan,Household,2024,February,Billion Cubic Meter,1.56949817
Japan,Power,2024,March,Billion Cubic Meter,4.763
Japan,Other,2024,March,Billion Cubic Meter,0.895276684
Japan,Industrial,2024,March,Billion Cubic Meter,1.69702502
Japan,Household,2024,March,Billion Cubic Meter,1.388475016
Japan,Power,2024,April,Billion Cubic Meter,3.175
Japan,Other,2024,April,Billion Cubic Meter,0.740771014
Japan,Industrial,2024,April,Billion Cubic Meter,1.404154678
Japan,Household,2024,April,Billion Cubic Meter,1.148853828
Japan,Power,2024,May,Billion Cubic Meter,3.114
Japan,Other,2024,May,Billion Cubic Meter,0.755014129
Japan,Industrial,2024,May,Billion Cubic Meter,1.431152949
Japan,Household,2024,May,Billion Cubic Meter,1.170943322
Japan,Power,2024,June,Billion Cubic Meter,3.395
Japan,Other,2024,June,Billion Cubic Meter,0.65232783
Japan,Industrial,2024,June,Billion Cubic Meter,1.23650785
Japan,Household,2024,June,Billion Cubic Meter,1.011688241
Japan,Power,2024,July,Billion Cubic Meter,4.661
Japan,Other,2024,July,Billion Cubic Meter,0.869477704
Japan,Industrial,2024,July,Billion Cubic Meter,1.648122243
Japan,Household,2024,July,Billion Cubic Meter,1.348463653
Japan,Power,2024,August,Billion Cubic Meter,4.919
Japan,Other,2024,August,Billion Cubic Meter,0.758597865
Japan,Industrial,2024,August,Billion Cubic Meter,1.437946034
Japan,Household,2024,August,Billion Cubic Meter,1.176501301
Japan,Power,2024,September,Billion Cubic Meter,4.422
Japan,Other,2024,September,Billion Cubic Meter,0.692900059
Japan,Industrial,2024,September,Billion Cubic Meter,1.313413783
Japan,Household,2024,September,Billion Cubic Meter,1.074611277
Japan,Power,2024,October,Billion Cubic Meter,3.7
Japan,Other,2024,October,Billion Cubic Meter,0.764756113
Japan,Industrial,2024,October,Billion Cubic Meter,1.449619186
Japan,Household,2024,October,Billion Cubic Meter,1.186052061
Japan,Power,2024,November,Billion Cubic Meter,3.639
Japan,Other,2024,November,Billion Cubic Meter,0.751559215
Japan,Industrial,2024,November,Billion Cubic Meter,1.424604052
Japan,Household,2024,November,Billion Cubic Meter,1.165585133
Japan,Power,2024,December,Billion Cubic Meter,4.627
Japan,Other,2024,December,Billion Cubic Meter,1.000477294
Japan,Industrial,2024,December,Billion Cubic Meter,1.896436072
Japan,Household,2024,December,Billion Cubic Meter,1.551629514
Japan,Power,2023,January,Billion Cubic Meter,4.996
Japan,Other,2023,January,Billion Cubic Meter,1.142790937
Japan,Industrial,2023,January,Billion Cubic Meter,2.166196045
Japan,Household,2023,January,Billion Cubic Meter,1.772342218
Japan,Power,2023,February,Billion Cubic Meter,4.471
Japan,Other,2023,February,Billion Cubic Meter,1.003298025
Japan,Industrial,2023,February,Billion Cubic Meter,1.901782858
Japan,Household,2023,February,Billion Cubic Meter,1.556004157
Japan,Power,2023,March,Billion Cubic Meter,3.971
Japan,Other,2023,March,Billion Cubic Meter,0.910233902
Japan,Industrial,2023,March,Billion Cubic Meter,1.725376894
Japan,Household,2023,March,Billion Cubic Meter,1.411672004
Japan,Power,2023,April,Billion Cubic Meter,3.291
Japan,Other,2023,April,Billion Cubic Meter,0.740243156
Japan,Industrial,2023,April,Billion Cubic Meter,1.403154106
Japan,Household,2023,April,Billion Cubic Meter,1.148035178
Japan,Power,2023,May,Billion Cubic Meter,3.179
Japan,Other,2023,May,Billion Cubic Meter,0.697979129
Japan,Industrial,2023,May,Billion Cubic Meter,1.32285886
Japan,Household,2023,May,Billion Cubic Meter,1.082488352
Japan,Power,2023,June,Billion Cubic Meter,3.753
Japan,Other,2023,June,Billion Cubic Meter,0.739272901
Japan,Industrial,2023,June,Billion Cubic Meter,1.401314958
Japan,Household,2023,June,Billion Cubic Meter,1.14653042
Japan,Power,2023,July,Billion Cubic Meter,4.442
Japan,Other,2023,July,Billion Cubic Meter,0.759440764
Japan,Industrial,2023,July,Billion Cubic Meter,1.439543774
Japan,Household,2023,July,Billion Cubic Meter,1.177808542
Japan,Power,2023,August,Billion Cubic Meter,4.869
Japan,Other,2023,August,Billion Cubic Meter,0.807184002
Japan,Industrial,2023,August,Billion Cubic Meter,1.530042579
Japan,Household,2023,August,Billion Cubic Meter,1.251853019
Japan,Power,2023,September,Billion Cubic Meter,4.602
Japan,Other,2023,September,Billion Cubic Meter,0.733100188
Japan,Industrial,2023,September,Billion Cubic Meter,1.389614387
Japan,Household,2023,September,Billion Cubic Meter,1.137016869
Japan,Power,2023,October,Billion Cubic Meter,3.443
Japan,Other,2023,October,Billion Cubic Meter,0.651124956
Japan,Industrial,2023,October,Billion Cubic Meter,1.234227766
Japan,Household,2023,October,Billion Cubic Meter,1.009822718
Japan,Power,2023,November,Billion Cubic Meter,3.94
Japan,Other,2023,November,Billion Cubic Meter,0.787667783
Japan,Industrial,2023,November,Billion Cubic Meter,1.493048973
Japan,Household,2023,November,Billion Cubic Meter,1.221585524
Japan,Power,2023,December,Billion Cubic Meter,4.537
Japan,Other,2023,December,Billion Cubic Meter,0.962615334
Japan,Industrial,2023,December,Billion Cubic Meter,1.82466754
Japan,Household,2023,December,Billion Cubic Meter,1.492909806
Japan,Power,2022,January,Billion Cubic Meter,6.118
Japan,Other,2022,January,Billion Cubic Meter,1.127287644
Japan,Industrial,2022,January,Billion Cubic Meter,2.136809068
Japan,Household,2022,January,Billion Cubic Meter,1.748298328
Japan,Power,2022,February,Billion Cubic Meter,5.461
Japan,Other,2022,February,Billion Cubic Meter,1.159475135
Japan,Industrial,2022,February,Billion Cubic Meter,2.197821464
Japan,Household,2022,February,Billion Cubic Meter,1.798217561
Japan,Power,2022,March,Billion Cubic Meter,4.606
Japan,Other,2022,March,Billion Cubic Meter,0.966421074
Japan,Industrial,2022,March,Billion Cubic Meter,1.83188144
Japan,Household,2022,March,Billion Cubic Meter,1.498812087
Japan,Power,2022,April,Billion Cubic Meter,3.68
Japan,Other,2022,April,Billion Cubic Meter,0.826669293
Japan,Industrial,2022,April,Billion Cubic Meter,1.566977559
Japan,Household,2022,April,Billion Cubic Meter,1.282072548
Japan,Power,2022,May,Billion Cubic Meter,3.814
Japan,Other,2022,May,Billion Cubic Meter,0.750148813
Japan,Industrial,2022,May,Billion Cubic Meter,1.421930591
Japan,Household,2022,May,Billion Cubic Meter,1.163397756
Japan,Power,2022,June,Billion Cubic Meter,4.591
Japan,Other,2022,June,Billion Cubic Meter,0.735238906
Japan,Industrial,2022,June,Billion Cubic Meter,1.393668394
Japan,Household,2022,June,Billion Cubic Meter,1.14027414
Japan,Power,2022,July,Billion Cubic Meter,4.992
Japan,Other,2022,July,Billion Cubic Meter,0.831411274
Japan,Industrial,2022,July,Billion Cubic Meter,1.575966132
Japan,Household,2022,July,Billion Cubic Meter,1.289426835
Japan,Power,2022,August,Billion Cubic Meter,4.711
Japan,Other,2022,August,Billion Cubic Meter,0.745667339
Japan,Industrial,2022,August,Billion Cubic Meter,1.413435816
Japan,Household,2022,August,Billion Cubic Meter,1.156447485
Japan,Power,2022,September,Billion Cubic Meter,3.909
Japan,Other,2022,September,Billion Cubic Meter,0.881420298
Japan,Industrial,2022,September,Billion Cubic Meter,1.670759806
Japan,Household,2022,September,Billion Cubic Meter,1.366985296
Japan,Power,2022,October,Billion Cubic Meter,3.8
Japan,Other,2022,October,Billion Cubic Meter,0.761217771
Japan,Industrial,2022,October,Billion Cubic Meter,1.442912146
Japan,Household,2022,October,Billion Cubic Meter,1.180564483
Japan,Power,2022,November,Billion Cubic Meter,4.006
Japan,Other,2022,November,Billion Cubic Meter,0.769028422
Japan,Industrial,2022,November,Billion Cubic Meter,1.45771748
Japan,Household,2022,November,Billion Cubic Meter,1.192677938
Japan,Power,2022,December,Billion Cubic Meter,5.05
Japan,Other,2022,December,Billion Cubic Meter,0.970655518
Japan,Industrial,2022,December,Billion Cubic Meter,1.839907961
Japan,Household,2022,December,Billion Cubic Meter,1.505379241
Japan,Power,2021,January,Billion Cubic Meter,6.721
Japan,Other,2021,January,Billion Cubic Meter,0.729597583
Japan,Industrial,2021,January,Billion Cubic Meter,2.315570827
Japan,Household,2021,January,Billion Cubic Meter,1.894557949
Japan,Power,2021,February,Billion Cubic Meter,5.533
Japan,Other,2021,February,Billion Cubic Meter,0.684318122
Japan,Industrial,2021,February,Billion Cubic Meter,2.171864485
Japan,Household,2021,February,Billion Cubic Meter,1.776980033
Japan,Power,2021,March,Billion Cubic Meter,4.926
Japan,Other,2021,March,Billion Cubic Meter,0.68909383
Japan,Industrial,2021,March,Billion Cubic Meter,2.186971768
Japan,Household,2021,March,Billion Cubic Meter,1.789381192
Japan,Power,2021,April,Billion Cubic Meter,3.966
Japan,Other,2021,April,Billion Cubic Meter,0.494939202
Japan,Industrial,2021,April,Billion Cubic Meter,1.570820415
Japan,Household,2021,April,Billion Cubic Meter,1.285216703
Japan,Power,2021,May,Billion Cubic Meter,3.714
Japan,Other,2021,May,Billion Cubic Meter,0.505391926
Japan,Industrial,2021,May,Billion Cubic Meter,1.603994895
Japan,Household,2021,May,Billion Cubic Meter,1.312359459
Japan,Power,2021,June,Billion Cubic Meter,4.428
Japan,Other,2021,June,Billion Cubic Meter,0.449961705
Japan,Industrial,2021,June,Billion Cubic Meter,1.428072434
Japan,Household,2021,June,Billion Cubic Meter,1.168422901
Japan,Power,2021,July,Billion Cubic Meter,5.052
Japan,Other,2021,July,Billion Cubic Meter,0.54769317
Japan,Industrial,2021,July,Billion Cubic Meter,1.738249078
Japan,Household,2021,July,Billion Cubic Meter,1.422203791
Japan,Power,2021,August,Billion Cubic Meter,4.853
Japan,Other,2021,August,Billion Cubic Meter,0.480303231
Japan,Industrial,2021,August,Billion Cubic Meter,1.524369291
Japan,Household,2021,August,Billion Cubic Meter,1.247211238
Japan,Power,2021,September,Billion Cubic Meter,3.693
Japan,Other,2021,September,Billion Cubic Meter,0.48977356
Japan,Industrial,2021,September,Billion Cubic Meter,1.554425884
Japan,Household,2021,September,Billion Cubic Meter,1.271802996
Japan,Power,2021,October,Billion Cubic Meter,4.099
Japan,Other,2021,October,Billion Cubic Meter,0.472072489
Japan,Industrial,2021,October,Billion Cubic Meter,1.498246855
Japan,Household,2021,October,Billion Cubic Meter,1.225838336
Japan,Power,2021,November,Billion Cubic Meter,4.423
Japan,Other,2021,November,Billion Cubic Meter,0.546953748
Japan,Industrial,2021,November,Billion Cubic Meter,1.735902328
Japan,Household,2021,November,Billion Cubic Meter,1.420283723
Japan,Power,2021,December,Billion Cubic Meter,5.209
Japan,Other,2021,December,Billion Cubic Meter,0.727202947
Japan,Industrial,2021,December,Billion Cubic Meter,2.307970815
Japan,Household,2021,December,Billion Cubic Meter,1.888339758
Japan,Power,2020,January,Billion Cubic Meter,7.242
Japan,Other,2020,January,Billion Cubic Meter,0.463691774
Japan,Industrial,2020,January,Billion Cubic Meter,1.238996916
Japan,Household,2020,January,Billion Cubic Meter,1.01372475
Japan,Power,2020,February,Billion Cubic Meter,5.602
Japan,Other,2020,February,Billion Cubic Meter,0.73265497
Japan,Industrial,2020,February,Billion Cubic Meter,1.957673823
Japan,Household,2020,February,Billion Cubic Meter,1.601733128
Japan,Power,2020,March,Billion Cubic Meter,5.667
Japan,Other,2020,March,Billion Cubic Meter,0.702249101
Japan,Industrial,2020,March,Billion Cubic Meter,1.876428521
Japan,Household,2020,March,Billion Cubic Meter,1.535259699
Japan,Power,2020,April,Billion Cubic Meter,4.792
Japan,Other,2020,April,Billion Cubic Meter,0.694383477
Japan,Industrial,2020,April,Billion Cubic Meter,1.855411362
Japan,Household,2020,April,Billion Cubic Meter,1.518063841
Japan,Power,2020,May,Billion Cubic Meter,3.738
Japan,Other,2020,May,Billion Cubic Meter,0.552835595
Japan,Industrial,2020,May,Billion Cubic Meter,1.477191609
Japan,Household,2020,May,Billion Cubic Meter,1.208611316
Japan,Power,2020,June,Billion Cubic Meter,4.927
Japan,Other,2020,June,Billion Cubic Meter,0.343106536
Japan,Industrial,2020,June,Billion Cubic Meter,0.916789909
Japan,Household,2020,June,Billion Cubic Meter,0.750100835
Japan,Power,2020,July,Billion Cubic Meter,6.283
Japan,Other,2020,July,Billion Cubic Meter,0.281605784
Japan,Industrial,2020,July,Billion Cubic Meter,0.752458243
Japan,Household,2020,July,Billion Cubic Meter,0.615647653
Japan,Power,2020,August,Billion Cubic Meter,7.303
Japan,Other,2020,August,Billion Cubic Meter,0.183071913
Japan,Industrial,2020,August,Billion Cubic Meter,0.489173084
Japan,Household,2020,August,Billion Cubic Meter,0.400057873
Japan,Power,2020,September,Billion Cubic Meter,6.143
Japan,Other,2020,September,Billion Cubic Meter,0.427238304
Japan,Industrial,2020,September,Billion Cubic Meter,1.141592263
Japan,Household,2020,September,Billion Cubic Meter,0.934030033
Japan,Power,2020,October,Billion Cubic Meter,4.947
Japan,Other,2020,October,Billion Cubic Meter,0.656489702
Japan,Industrial,2020,October,Billion Cubic Meter,1.754158174
Japan,Household,2020,October,Billion Cubic Meter,1.435220324
Japan,Power,2020,November,Billion Cubic Meter,4.984
Japan,Other,2020,November,Billion Cubic Meter,0.591881541
Japan,Industrial,2020,November,Billion Cubic Meter,1.581523427
Japan,Household,2020,November,Billion Cubic Meter,1.293973713
Japan,Power,2020,December,Billion Cubic Meter,7.318
Japan,Other,2020,December,Billion Cubic Meter,0.40218274
Japan,Industrial,2020,December,Billion Cubic Meter,1.074643119
Japan,Household,2020,December,Billion Cubic Meter,0.879253461
Japan,Power,2019,January,Billion Cubic Meter,7.383
Japan,Other,2019,January,Billion Cubic Meter,0.513816406
Japan,Industrial,2019,January,Billion Cubic Meter,1.432200876
Japan,Household,2019,January,Billion Cubic Meter,1.171800717
Japan,Power,2019,February,Billion Cubic Meter,6.508
Japan,Other,2019,February,Billion Cubic Meter,0.664386572
Japan,Industrial,2019,February,Billion Cubic Meter,1.851896941
Japan,Household,2019,February,Billion Cubic Meter,1.515188406
Japan,Power,2019,March,Billion Cubic Meter,5.775
Japan,Other,2019,March,Billion Cubic Meter,0.731138654
Japan,Industrial,2019,March,Billion Cubic Meter,2.037960268
Japan,Household,2019,March,Billion Cubic Meter,1.667422038
Japan,Power,2019,April,Billion Cubic Meter,5.227
Japan,Other,2019,April,Billion Cubic Meter,0.65401054
Japan,Industrial,2019,April,Billion Cubic Meter,1.822975011
Japan,Household,2019,April,Billion Cubic Meter,1.491525009
Japan,Power,2019,May,Billion Cubic Meter,4.447
Japan,Other,2019,May,Billion Cubic Meter,0.555548631
Japan,Industrial,2019,May,Billion Cubic Meter,1.548524389
Japan,Household,2019,May,Billion Cubic Meter,1.2669745
Japan,Power,2019,June,Billion Cubic Meter,5.2
Japan,Other,2019,June,Billion Cubic Meter,0.401304361
Japan,Industrial,2019,June,Billion Cubic Meter,1.118587205
Japan,Household,2019,June,Billion Cubic Meter,0.915207713
Japan,Power,2019,July,Billion Cubic Meter,6.887
Japan,Other,2019,July,Billion Cubic Meter,0.263418416
Japan,Industrial,2019,July,Billion Cubic Meter,0.734246867
Japan,Household,2019,July,Billion Cubic Meter,0.600747437
Japan,Power,2019,August,Billion Cubic Meter,5.76
Japan,Other,2019,August,Billion Cubic Meter,0.547620024
Japan,Industrial,2019,August,Billion Cubic Meter,1.526424359
Japan,Household,2019,August,Billion Cubic Meter,1.248892657
Japan,Power,2019,September,Billion Cubic Meter,5.258
Japan,Other,2019,September,Billion Cubic Meter,0.568478892
Japan,Industrial,2019,September,Billion Cubic Meter,1.584565921
Japan,Household,2019,September,Billion Cubic Meter,1.296463027
Japan,Power,2019,October,Billion Cubic Meter,4.965
Japan,Other,2019,October,Billion Cubic Meter,0.666067295
Japan,Industrial,2019,October,Billion Cubic Meter,1.856581752
Japan,Household,2019,October,Billion Cubic Meter,1.519021433
Japan,Power,2019,November,Billion Cubic Meter,5.474
Japan,Other,2019,November,Billion Cubic Meter,0.562581135
Japan,Industrial,2019,November,Billion Cubic Meter,1.56812664
Japan,Household,2019,November,Billion Cubic Meter,1.283012705
Japan,Power,2019,December,Billion Cubic Meter,6.15
Japan,Other,2019,December,Billion Cubic Meter,0.510898233
Japan,Industrial,2019,December,Billion Cubic Meter,1.424066824
Japan,Household,2019,December,Billion Cubic Meter,1.165145583
Malaysia,Power,2024,January,Billion Cubic Meter,1.52311841
Malaysia,Other,2024,January,Billion Cubic Meter,0.004481957
Malaysia,Industrial,2024,January,Billion Cubic Meter,2.206243366
Malaysia,Household,2024,January,Billion Cubic Meter,0.001120489
Malaysia,Power,2024,February,Billion Cubic Meter,1.255378128
Malaysia,Other,2024,February,Billion Cubic Meter,0.003694099
Malaysia,Industrial,2024,February,Billion Cubic Meter,1.818420452
Malaysia,Household,2024,February,Billion Cubic Meter,0.000923525
Malaysia,Power,2024,March,Billion Cubic Meter,1.5111123
Malaysia,Other,2024,March,Billion Cubic Meter,0.004446628
Malaysia,Industrial,2024,March,Billion Cubic Meter,2.188852466
Malaysia,Household,2024,March,Billion Cubic Meter,0.001111657
Malaysia,Power,2024,April,Billion Cubic Meter,1.555363644
Malaysia,Other,2024,April,Billion Cubic Meter,0.004576842
Malaysia,Industrial,2024,April,Billion Cubic Meter,2.252950722
Malaysia,Household,2024,April,Billion Cubic Meter,0.001144211
Malaysia,Power,2024,May,Billion Cubic Meter,1.230308842
Malaysia,Other,2024,May,Billion Cubic Meter,0.00362033
Malaysia,Industrial,2024,May,Billion Cubic Meter,1.782107486
Malaysia,Household,2024,May,Billion Cubic Meter,0.000905083
Malaysia,Power,2024,June,Billion Cubic Meter,1.446967923
Malaysia,Other,2024,June,Billion Cubic Meter,0.004257875
Malaysia,Industrial,2024,June,Billion Cubic Meter,2.095939068
Malaysia,Household,2024,June,Billion Cubic Meter,0.001064469
Malaysia,Power,2024,July,Billion Cubic Meter,1.321101249
Malaysia,Other,2024,July,Billion Cubic Meter,0.003887498
Malaysia,Industrial,2024,July,Billion Cubic Meter,1.913620667
Malaysia,Household,2024,July,Billion Cubic Meter,0.000971874
Malaysia,Power,2024,August,Billion Cubic Meter,1.460846524
Malaysia,Other,2024,August,Billion Cubic Meter,0.004298714
Malaysia,Industrial,2024,August,Billion Cubic Meter,2.11604228
Malaysia,Household,2024,August,Billion Cubic Meter,0.001074679
Malaysia,Power,2024,September,Billion Cubic Meter,1.455477532
Malaysia,Other,2024,September,Billion Cubic Meter,0.004282916
Malaysia,Industrial,2024,September,Billion Cubic Meter,2.108265273
Malaysia,Household,2024,September,Billion Cubic Meter,0.001070729
Malaysia,Power,2024,October,Billion Cubic Meter,1.501576549
Malaysia,Other,2024,October,Billion Cubic Meter,0.004418567
Malaysia,Industrial,2024,October,Billion Cubic Meter,2.175039891
Malaysia,Household,2024,October,Billion Cubic Meter,0.001104642
Malaysia,Power,2024,November,Billion Cubic Meter,1.40210764
Malaysia,Other,2024,November,Billion Cubic Meter,0.004125869
Malaysia,Industrial,2024,November,Billion Cubic Meter,2.030958761
Malaysia,Household,2024,November,Billion Cubic Meter,0.001031467
Malaysia,Power,2024,December,Billion Cubic Meter,1.386347264
Malaysia,Other,2024,December,Billion Cubic Meter,0.004079492
Malaysia,Industrial,2024,December,Billion Cubic Meter,2.008129791
Malaysia,Household,2024,December,Billion Cubic Meter,0.001019873
Malaysia,Power,2023,January,Billion Cubic Meter,1.255868481
Malaysia,Other,2023,January,Billion Cubic Meter,0.003695542
Malaysia,Industrial,2023,January,Billion Cubic Meter,1.81913073
Malaysia,Household,2023,January,Billion Cubic Meter,0.000923886
Malaysia,Power,2023,February,Billion Cubic Meter,1.18042082
Malaysia,Other,2023,February,Billion Cubic Meter,0.003473529
Malaysia,Industrial,2023,February,Billion Cubic Meter,1.709844478
Malaysia,Household,2023,February,Billion Cubic Meter,0.000868382
Malaysia,Power,2023,March,Billion Cubic Meter,1.28451291
Malaysia,Other,2023,March,Billion Cubic Meter,0.003779832
Malaysia,Industrial,2023,March,Billion Cubic Meter,1.860622306
Malaysia,Household,2023,March,Billion Cubic Meter,0.000944958
Malaysia,Power,2023,April,Billion Cubic Meter,1.227490926
Malaysia,Other,2023,April,Billion Cubic Meter,0.003612038
Malaysia,Industrial,2023,April,Billion Cubic Meter,1.778025724
Malaysia,Household,2023,April,Billion Cubic Meter,0.00090301
Malaysia,Power,2023,May,Billion Cubic Meter,1.273090766
Malaysia,Other,2023,May,Billion Cubic Meter,0.003746221
Malaysia,Industrial,2023,May,Billion Cubic Meter,1.844077282
Malaysia,Household,2023,May,Billion Cubic Meter,0.000936555
Malaysia,Power,2023,June,Billion Cubic Meter,1.355419763
Malaysia,Other,2023,June,Billion Cubic Meter,0.003988484
Malaysia,Industrial,2023,June,Billion Cubic Meter,1.963331177
Malaysia,Household,2023,June,Billion Cubic Meter,0.000997121
Malaysia,Power,2023,July,Billion Cubic Meter,1.46061064
Malaysia,Other,2023,July,Billion Cubic Meter,0.00429802
Malaysia,Industrial,2023,July,Billion Cubic Meter,2.115700601
Malaysia,Household,2023,July,Billion Cubic Meter,0.001074505
Malaysia,Power,2023,August,Billion Cubic Meter,1.1090197
Malaysia,Other,2023,August,Billion Cubic Meter,0.003263422
Malaysia,Industrial,2023,August,Billion Cubic Meter,1.606419658
Malaysia,Household,2023,August,Billion Cubic Meter,0.000815856
Malaysia,Power,2023,September,Billion Cubic Meter,1.268923767
Malaysia,Other,2023,September,Billion Cubic Meter,0.003733958
Malaysia,Industrial,2023,September,Billion Cubic Meter,1.838041366
Malaysia,Household,2023,September,Billion Cubic Meter,0.00093349
Malaysia,Power,2023,October,Billion Cubic Meter,1.503404571
Malaysia,Other,2023,October,Billion Cubic Meter,0.004423947
Malaysia,Industrial,2023,October,Billion Cubic Meter,2.177687788
Malaysia,Household,2023,October,Billion Cubic Meter,0.001105987
Malaysia,Power,2023,November,Billion Cubic Meter,1.396371822
Malaysia,Other,2023,November,Billion Cubic Meter,0.00410899
Malaysia,Industrial,2023,November,Billion Cubic Meter,2.022650405
Malaysia,Household,2023,November,Billion Cubic Meter,0.001027248
Malaysia,Power,2023,December,Billion Cubic Meter,1.298436659
Malaysia,Other,2023,December,Billion Cubic Meter,0.003820804
Malaysia,Industrial,2023,December,Billion Cubic Meter,1.880790913
Malaysia,Household,2023,December,Billion Cubic Meter,0.000955201
Malaysia,Power,2022,January,Billion Cubic Meter,1.345611372
Malaysia,Other,2022,January,Billion Cubic Meter,0.003959622
Malaysia,Industrial,2022,January,Billion Cubic Meter,1.949123682
Malaysia,Household,2022,January,Billion Cubic Meter,0.000989905
Malaysia,Power,2022,February,Billion Cubic Meter,1.1903682
Malaysia,Other,2022,February,Billion Cubic Meter,0.0035028
Malaysia,Industrial,2022,February,Billion Cubic Meter,1.7242533
Malaysia,Household,2022,February,Billion Cubic Meter,0.0008757
Malaysia,Power,2022,March,Billion Cubic Meter,1.173846083
Malaysia,Other,2022,March,Billion Cubic Meter,0.003454182
Malaysia,Industrial,2022,March,Billion Cubic Meter,1.700320945
Malaysia,Household,2022,March,Billion Cubic Meter,0.000863545
Malaysia,Power,2022,April,Billion Cubic Meter,1.318352284
Malaysia,Other,2022,April,Billion Cubic Meter,0.003879408
Malaysia,Industrial,2022,April,Billion Cubic Meter,1.909638779
Malaysia,Household,2022,April,Billion Cubic Meter,0.000969852
Malaysia,Power,2022,May,Billion Cubic Meter,1.231961024
Malaysia,Other,2022,May,Billion Cubic Meter,0.003625191
Malaysia,Industrial,2022,May,Billion Cubic Meter,1.784500679
Malaysia,Household,2022,May,Billion Cubic Meter,0.000906298
Malaysia,Power,2022,June,Billion Cubic Meter,1.205147505
Malaysia,Other,2022,June,Billion Cubic Meter,0.00354629
Malaysia,Industrial,2022,June,Billion Cubic Meter,1.745661185
Malaysia,Household,2022,June,Billion Cubic Meter,0.000886572
Malaysia,Power,2022,July,Billion Cubic Meter,1.318049872
Malaysia,Other,2022,July,Billion Cubic Meter,0.003878518
Malaysia,Industrial,2022,July,Billion Cubic Meter,1.909200734
Malaysia,Household,2022,July,Billion Cubic Meter,0.00096963
Malaysia,Power,2022,August,Billion Cubic Meter,1.255000302
Malaysia,Other,2022,August,Billion Cubic Meter,0.003692988
Malaysia,Industrial,2022,August,Billion Cubic Meter,1.817873169
Malaysia,Household,2022,August,Billion Cubic Meter,0.000923247
Malaysia,Power,2022,September,Billion Cubic Meter,1.402654772
Malaysia,Other,2022,September,Billion Cubic Meter,0.004127478
Malaysia,Industrial,2022,September,Billion Cubic Meter,2.031751284
Malaysia,Household,2022,September,Billion Cubic Meter,0.00103187
Malaysia,Power,2022,October,Billion Cubic Meter,1.216204096
Malaysia,Other,2022,October,Billion Cubic Meter,0.003578826
Malaysia,Industrial,2022,October,Billion Cubic Meter,1.761676703
Malaysia,Household,2022,October,Billion Cubic Meter,0.000894706
Malaysia,Power,2022,November,Billion Cubic Meter,1.494950806
Malaysia,Other,2022,November,Billion Cubic Meter,0.00439907
Malaysia,Industrial,2022,November,Billion Cubic Meter,2.165442475
Malaysia,Household,2022,November,Billion Cubic Meter,0.001099768
Malaysia,Power,2022,December,Billion Cubic Meter,1.283131927
Malaysia,Other,2022,December,Billion Cubic Meter,0.003775768
Malaysia,Industrial,2022,December,Billion Cubic Meter,1.858621945
Malaysia,Household,2022,December,Billion Cubic Meter,0.000943942
Malaysia,Power,2021,January,Billion Cubic Meter,1.292733161
Malaysia,Other,2021,January,Billion Cubic Meter,0.004035588
Malaysia,Industrial,2021,January,Billion Cubic Meter,2.064875549
Malaysia,Household,2021,January,Billion Cubic Meter,0.001345196
Malaysia,Power,2021,February,Billion Cubic Meter,0.896902889
Malaysia,Other,2021,February,Billion Cubic Meter,0.002799904
Malaysia,Industrial,2021,February,Billion Cubic Meter,1.432618038
Malaysia,Household,2021,February,Billion Cubic Meter,0.000933302
Malaysia,Power,2021,March,Billion Cubic Meter,1.295721632
Malaysia,Other,2021,March,Billion Cubic Meter,0.004044917
Malaysia,Industrial,2021,March,Billion Cubic Meter,2.069649017
Malaysia,Household,2021,March,Billion Cubic Meter,0.001348306
Malaysia,Power,2021,April,Billion Cubic Meter,1.137862813
Malaysia,Other,2021,April,Billion Cubic Meter,0.003552121
Malaysia,Industrial,2021,April,Billion Cubic Meter,1.817501996
Malaysia,Household,2021,April,Billion Cubic Meter,0.00118404
Malaysia,Power,2021,May,Billion Cubic Meter,1.218839329
Malaysia,Other,2021,May,Billion Cubic Meter,0.00380491
Malaysia,Industrial,2021,May,Billion Cubic Meter,1.946845338
Malaysia,Household,2021,May,Billion Cubic Meter,0.001268303
Malaysia,Power,2021,June,Billion Cubic Meter,1.266598
Malaysia,Other,2021,June,Billion Cubic Meter,0.003954
Malaysia,Industrial,2021,June,Billion Cubic Meter,2.02313
Malaysia,Household,2021,June,Billion Cubic Meter,0.001318
Malaysia,Power,2021,July,Billion Cubic Meter,1.027368919
Malaysia,Other,2021,July,Billion Cubic Meter,0.003207188
Malaysia,Industrial,2021,July,Billion Cubic Meter,1.641010708
Malaysia,Household,2021,July,Billion Cubic Meter,0.001069062
Malaysia,Power,2021,August,Billion Cubic Meter,0.876217371
Malaysia,Other,2021,August,Billion Cubic Meter,0.00273533
Malaysia,Industrial,2021,August,Billion Cubic Meter,1.399577175
Malaysia,Household,2021,August,Billion Cubic Meter,0.000911777
Malaysia,Power,2021,September,Billion Cubic Meter,1.053684815
Malaysia,Other,2021,September,Billion Cubic Meter,0.003289339
Malaysia,Industrial,2021,September,Billion Cubic Meter,1.683044944
Malaysia,Household,2021,September,Billion Cubic Meter,0.001096446
Malaysia,Power,2021,October,Billion Cubic Meter,1.126299302
Malaysia,Other,2021,October,Billion Cubic Meter,0.003516022
Malaysia,Industrial,2021,October,Billion Cubic Meter,1.799031664
Malaysia,Household,2021,October,Billion Cubic Meter,0.001172008
Malaysia,Power,2021,November,Billion Cubic Meter,1.1889492
Malaysia,Other,2021,November,Billion Cubic Meter,0.0037116
Malaysia,Industrial,2021,November,Billion Cubic Meter,1.899102
Malaysia,Household,2021,November,Billion Cubic Meter,0.0012372
Malaysia,Power,2021,December,Billion Cubic Meter,1.022812071
Malaysia,Other,2021,December,Billion Cubic Meter,0.003192962
Malaysia,Industrial,2021,December,Billion Cubic Meter,1.63373208
Malaysia,Household,2021,December,Billion Cubic Meter,0.001064321
Malaysia,Power,2020,January,Billion Cubic Meter,1.19470748
Malaysia,Other,2020,January,Billion Cubic Meter,0.007111354
Malaysia,Industrial,2020,January,Billion Cubic Meter,1.759763821
Malaysia,Household,2020,January,Billion Cubic Meter,0.001481532
Malaysia,Power,2020,February,Billion Cubic Meter,1.204798032
Malaysia,Other,2020,February,Billion Cubic Meter,0.007171417
Malaysia,Industrial,2020,February,Billion Cubic Meter,1.774626864
Malaysia,Household,2020,February,Billion Cubic Meter,0.001494045
Malaysia,Power,2020,March,Billion Cubic Meter,1.249687846
Malaysia,Other,2020,March,Billion Cubic Meter,0.007438618
Malaysia,Industrial,2020,March,Billion Cubic Meter,1.840748045
Malaysia,Household,2020,March,Billion Cubic Meter,0.001549712
Malaysia,Power,2020,April,Billion Cubic Meter,1.115325786
Malaysia,Other,2020,April,Billion Cubic Meter,0.006638845
Malaysia,Industrial,2020,April,Billion Cubic Meter,1.642837263
Malaysia,Household,2020,April,Billion Cubic Meter,0.001383092
Malaysia,Power,2020,May,Billion Cubic Meter,1.147869655
Malaysia,Other,2020,May,Billion Cubic Meter,0.006832558
Malaysia,Industrial,2020,May,Billion Cubic Meter,1.690773285
Malaysia,Household,2020,May,Billion Cubic Meter,0.001423449
Malaysia,Power,2020,June,Billion Cubic Meter,1.206070606
Malaysia,Other,2020,June,Billion Cubic Meter,0.007178992
Malaysia,Industrial,2020,June,Billion Cubic Meter,1.776501321
Malaysia,Household,2020,June,Billion Cubic Meter,0.001495623
Malaysia,Power,2020,July,Billion Cubic Meter,1.051732195
Malaysia,Other,2020,July,Billion Cubic Meter,0.006260311
Malaysia,Industrial,2020,July,Billion Cubic Meter,1.549166047
Malaysia,Household,2020,July,Billion Cubic Meter,0.001304231
Malaysia,Power,2020,August,Billion Cubic Meter,1.101483055
Malaysia,Other,2020,August,Billion Cubic Meter,0.006556447
Malaysia,Industrial,2020,August,Billion Cubic Meter,1.622447386
Malaysia,Household,2020,August,Billion Cubic Meter,0.001365926
Malaysia,Power,2020,September,Billion Cubic Meter,1.074135435
Malaysia,Other,2020,September,Billion Cubic Meter,0.006393663
Malaysia,Industrial,2020,September,Billion Cubic Meter,1.582165265
Malaysia,Household,2020,September,Billion Cubic Meter,0.001332013
Malaysia,Power,2020,October,Billion Cubic Meter,1.190258757
Malaysia,Other,2020,October,Billion Cubic Meter,0.007084874
Malaysia,Industrial,2020,October,Billion Cubic Meter,1.753211002
Malaysia,Household,2020,October,Billion Cubic Meter,0.001476015
Malaysia,Power,2020,November,Billion Cubic Meter,1.227574254
Malaysia,Other,2020,November,Billion Cubic Meter,0.00730699
Malaysia,Industrial,2020,November,Billion Cubic Meter,1.80817547
Malaysia,Household,2020,November,Billion Cubic Meter,0.00152229
Malaysia,Power,2020,December,Billion Cubic Meter,1.011336641
Malaysia,Other,2020,December,Billion Cubic Meter,0.006019861
Malaysia,Industrial,2020,December,Billion Cubic Meter,1.48966476
Malaysia,Household,2020,December,Billion Cubic Meter,0.001254138
Malaysia,Power,2019,January,Billion Cubic Meter,1.014879988
Malaysia,Other,2019,January,Billion Cubic Meter,0.006986324
Malaysia,Industrial,2019,January,Billion Cubic Meter,1.305278186
Malaysia,Household,2019,January,Billion Cubic Meter,0.001630142
Malaysia,Power,2019,February,Billion Cubic Meter,1.23849487
Malaysia,Other,2019,February,Billion Cubic Meter,0.008525664
Malaysia,Industrial,2019,February,Billion Cubic Meter,1.592878327
Malaysia,Household,2019,February,Billion Cubic Meter,0.001989322
Malaysia,Power,2019,March,Billion Cubic Meter,1.380411596
Malaysia,Other,2019,March,Billion Cubic Meter,0.009502604
Malaysia,Industrial,2019,March,Billion Cubic Meter,1.775403166
Malaysia,Household,2019,March,Billion Cubic Meter,0.002217274
Malaysia,Power,2019,April,Billion Cubic Meter,1.278669576
Malaysia,Other,2019,April,Billion Cubic Meter,0.008802222
Malaysia,Industrial,2019,April,Billion Cubic Meter,1.64454864
Malaysia,Household,2019,April,Billion Cubic Meter,0.002053852
Malaysia,Power,2019,May,Billion Cubic Meter,1.585342014
Malaysia,Other,2019,May,Billion Cubic Meter,0.010913322
Malaysia,Industrial,2019,May,Billion Cubic Meter,2.038972462
Malaysia,Household,2019,May,Billion Cubic Meter,0.002546442
Malaysia,Power,2019,June,Billion Cubic Meter,1.502431642
Malaysia,Other,2019,June,Billion Cubic Meter,0.010342576
Malaysia,Industrial,2019,June,Billion Cubic Meter,1.93233808
Malaysia,Household,2019,June,Billion Cubic Meter,0.002413268
Malaysia,Power,2019,July,Billion Cubic Meter,1.321004138
Malaysia,Other,2019,July,Billion Cubic Meter,0.009093649
Malaysia,Industrial,2019,July,Billion Cubic Meter,1.698996831
Malaysia,Household,2019,July,Billion Cubic Meter,0.002121852
Malaysia,Power,2019,August,Billion Cubic Meter,1.331483932
Malaysia,Other,2019,August,Billion Cubic Meter,0.009165791
Malaysia,Industrial,2019,August,Billion Cubic Meter,1.712475319
Malaysia,Household,2019,August,Billion Cubic Meter,0.002138685
Malaysia,Power,2019,September,Billion Cubic Meter,1.283870741
Malaysia,Other,2019,September,Billion Cubic Meter,0.008838027
Malaysia,Industrial,2019,September,Billion Cubic Meter,1.651238069
Malaysia,Household,2019,September,Billion Cubic Meter,0.002062206
Malaysia,Power,2019,October,Billion Cubic Meter,1.305153963
Malaysia,Other,2019,October,Billion Cubic Meter,0.008984538
Malaysia,Industrial,2019,October,Billion Cubic Meter,1.678611281
Malaysia,Household,2019,October,Billion Cubic Meter,0.002096392
Malaysia,Power,2019,November,Billion Cubic Meter,1.527745396
Malaysia,Other,2019,November,Billion Cubic Meter,0.010516834
Malaysia,Industrial,2019,November,Billion Cubic Meter,1.964895122
Malaysia,Household,2019,November,Billion Cubic Meter,0.002453928
Malaysia,Power,2019,December,Billion Cubic Meter,1.394149024
Malaysia,Other,2019,December,Billion Cubic Meter,0.009597171
Malaysia,Industrial,2019,December,Billion Cubic Meter,1.793071428
Malaysia,Household,2019,December,Billion Cubic Meter,0.00223934
New Zealand,Power,2024,January,Billion Cubic Meter,0.067559944
New Zealand,Other,2024,January,Billion Cubic Meter,0.001811826
New Zealand,Industrial,2024,January,Billion Cubic Meter,0.194406438
New Zealand,Household,2024,January,Billion Cubic Meter,0.027559339
New Zealand,Power,2024,February,Billion Cubic Meter,0.059801542
New Zealand,Other,2024,February,Billion Cubic Meter,0.001603761
New Zealand,Industrial,2024,February,Billion Cubic Meter,0.172081324
New Zealand,Household,2024,February,Billion Cubic Meter,0.024394499
New Zealand,Power,2024,March,Billion Cubic Meter,0.087307527
New Zealand,Other,2024,March,Billion Cubic Meter,0.001565042
New Zealand,Industrial,2024,March,Billion Cubic Meter,0.140267293
New Zealand,Household,2024,March,Billion Cubic Meter,0.018633947
New Zealand,Power,2024,April,Billion Cubic Meter,0.087397956
New Zealand,Other,2024,April,Billion Cubic Meter,0.001566898
New Zealand,Industrial,2024,April,Billion Cubic Meter,0.140433699
New Zealand,Household,2024,April,Billion Cubic Meter,0.018656053
New Zealand,Power,2024,May,Billion Cubic Meter,0.094788257
New Zealand,Other,2024,May,Billion Cubic Meter,0.001699685
New Zealand,Industrial,2024,May,Billion Cubic Meter,0.152334701
New Zealand,Household,2024,May,Billion Cubic Meter,0.020237054
New Zealand,Power,2024,June,Billion Cubic Meter,0.097429929
New Zealand,Other,2024,June,Billion Cubic Meter,0.002239078
New Zealand,Industrial,2024,June,Billion Cubic Meter,0.125694561
New Zealand,Household,2024,June,Billion Cubic Meter,0.031856402
New Zealand,Power,2024,July,Billion Cubic Meter,0.098680497
New Zealand,Other,2024,July,Billion Cubic Meter,0.002267591
New Zealand,Industrial,2024,July,Billion Cubic Meter,0.127295179
New Zealand,Household,2024,July,Billion Cubic Meter,0.032262067
New Zealand,Power,2024,August,Billion Cubic Meter,0.098278985
New Zealand,Other,2024,August,Billion Cubic Meter,0.002257093
New Zealand,Industrial,2024,August,Billion Cubic Meter,0.126705859
New Zealand,Household,2024,August,Billion Cubic Meter,0.032112708
New Zealand,Power,2024,September,Billion Cubic Meter,0.098166428
New Zealand,Other,2024,September,Billion Cubic Meter,0.003153301
New Zealand,Industrial,2024,September,Billion Cubic Meter,0.093111703
New Zealand,Household,2024,September,Billion Cubic Meter,0.03959677
New Zealand,Power,2024,October,Billion Cubic Meter,0.095565458
New Zealand,Other,2024,October,Billion Cubic Meter,0.003066482
New Zealand,Industrial,2024,October,Billion Cubic Meter,0.090548084
New Zealand,Household,2024,October,Billion Cubic Meter,0.038506563
New Zealand,Power,2024,November,Billion Cubic Meter,0.0956854
New Zealand,Other,2024,November,Billion Cubic Meter,0.003071557
New Zealand,Industrial,2024,November,Billion Cubic Meter,0.090697947
New Zealand,Household,2024,November,Billion Cubic Meter,0.038570294
New Zealand,Power,2024,December,Billion Cubic Meter,0.049428721
New Zealand,Other,2024,December,Billion Cubic Meter,0.002142596
New Zealand,Industrial,2024,December,Billion Cubic Meter,0.122748154
New Zealand,Household,2024,December,Billion Cubic Meter,0.026478666
New Zealand,Power,2023,January,Billion Cubic Meter,0.059118104
New Zealand,Other,2023,January,Billion Cubic Meter,0.00236922
New Zealand,Industrial,2023,January,Billion Cubic Meter,0.220366935
New Zealand,Household,2023,January,Billion Cubic Meter,0.032074719
New Zealand,Power,2023,February,Billion Cubic Meter,0.05627275
New Zealand,Other,2023,February,Billion Cubic Meter,0.002255189
New Zealand,Industrial,2023,February,Billion Cubic Meter,0.209760673
New Zealand,Household,2023,February,Billion Cubic Meter,0.030530963
New Zealand,Power,2023,March,Billion Cubic Meter,0.0996579
New Zealand,Other,2023,March,Billion Cubic Meter,0.001677754
New Zealand,Industrial,2023,March,Billion Cubic Meter,0.208983171
New Zealand,Household,2023,March,Billion Cubic Meter,0.020925711
New Zealand,Power,2023,April,Billion Cubic Meter,0.098431754
New Zealand,Other,2023,April,Billion Cubic Meter,0.001657111
New Zealand,Industrial,2023,April,Billion Cubic Meter,0.206411936
New Zealand,Household,2023,April,Billion Cubic Meter,0.020668251
New Zealand,Power,2023,May,Billion Cubic Meter,0.097083611
New Zealand,Other,2023,May,Billion Cubic Meter,0.001634415
New Zealand,Industrial,2023,May,Billion Cubic Meter,0.203584873
New Zealand,Household,2023,May,Billion Cubic Meter,0.020385174
New Zealand,Power,2023,June,Billion Cubic Meter,0.077723626
New Zealand,Other,2023,June,Billion Cubic Meter,0.002491443
New Zealand,Industrial,2023,June,Billion Cubic Meter,0.191695779
New Zealand,Household,2023,June,Billion Cubic Meter,0.029680176
New Zealand,Power,2023,July,Billion Cubic Meter,0.08197019
New Zealand,Other,2023,July,Billion Cubic Meter,0.002627568
New Zealand,Industrial,2023,July,Billion Cubic Meter,0.202169407
New Zealand,Household,2023,July,Billion Cubic Meter,0.031301803
New Zealand,Power,2023,August,Billion Cubic Meter,0.084308716
New Zealand,Other,2023,August,Billion Cubic Meter,0.00270253
New Zealand,Industrial,2023,August,Billion Cubic Meter,0.207937095
New Zealand,Household,2023,August,Billion Cubic Meter,0.032194812
New Zealand,Power,2023,September,Billion Cubic Meter,0.128390581
New Zealand,Other,2023,September,Billion Cubic Meter,0.00235748
New Zealand,Industrial,2023,September,Billion Cubic Meter,0.138941872
New Zealand,Household,2023,September,Billion Cubic Meter,0.040422944
New Zealand,Power,2023,October,Billion Cubic Meter,0.120365926
New Zealand,Other,2023,October,Billion Cubic Meter,0.002210133
New Zealand,Industrial,2023,October,Billion Cubic Meter,0.130257741
New Zealand,Household,2023,October,Billion Cubic Meter,0.037896433
New Zealand,Power,2023,November,Billion Cubic Meter,0.107494515
New Zealand,Other,2023,November,Billion Cubic Meter,0.001973791
New Zealand,Industrial,2023,November,Billion Cubic Meter,0.116328542
New Zealand,Household,2023,November,Billion Cubic Meter,0.033843953
New Zealand,Power,2023,December,Billion Cubic Meter,0.06771022
New Zealand,Other,2023,December,Billion Cubic Meter,0.001815857
New Zealand,Industrial,2023,December,Billion Cubic Meter,0.194838863
New Zealand,Household,2023,December,Billion Cubic Meter,0.02762064
New Zealand,Power,2022,January,Billion Cubic Meter,0.081516072
New Zealand,Other,2022,January,Billion Cubic Meter,0.00232924
New Zealand,Industrial,2022,January,Billion Cubic Meter,0.221239525
New Zealand,Household,2022,January,Billion Cubic Meter,0.027473322
New Zealand,Power,2022,February,Billion Cubic Meter,0.075735262
New Zealand,Other,2022,February,Billion Cubic Meter,0.002164059
New Zealand,Industrial,2022,February,Billion Cubic Meter,0.205550059
New Zealand,Household,2022,February,Billion Cubic Meter,0.025525019
New Zealand,Power,2022,March,Billion Cubic Meter,0.112331067
New Zealand,Other,2022,March,Billion Cubic Meter,0.001639045
New Zealand,Industrial,2022,March,Billion Cubic Meter,0.206643497
New Zealand,Household,2022,March,Billion Cubic Meter,0.018663263
New Zealand,Power,2022,April,Billion Cubic Meter,0.107981524
New Zealand,Other,2022,April,Billion Cubic Meter,0.00157558
New Zealand,Industrial,2022,April,Billion Cubic Meter,0.198642107
New Zealand,Household,2022,April,Billion Cubic Meter,0.017940607
New Zealand,Power,2022,May,Billion Cubic Meter,0.093664309
New Zealand,Other,2022,May,Billion Cubic Meter,0.001366675
New Zealand,Industrial,2022,May,Billion Cubic Meter,0.172304251
New Zealand,Household,2022,May,Billion Cubic Meter,0.015561871
New Zealand,Power,2022,June,Billion Cubic Meter,0.103669832
New Zealand,Other,2022,June,Billion Cubic Meter,0.001724125
New Zealand,Industrial,2022,June,Billion Cubic Meter,0.131177284
New Zealand,Household,2022,June,Billion Cubic Meter,0.024383308
New Zealand,Power,2022,July,Billion Cubic Meter,0.122340365
New Zealand,Other,2022,July,Billion Cubic Meter,0.002034633
New Zealand,Industrial,2022,July,Billion Cubic Meter,0.154801803
New Zealand,Household,2022,July,Billion Cubic Meter,0.028774647
New Zealand,Power,2022,August,Billion Cubic Meter,0.105141497
New Zealand,Other,2022,August,Billion Cubic Meter,0.0017486
New Zealand,Industrial,2022,August,Billion Cubic Meter,0.133039437
New Zealand,Household,2022,August,Billion Cubic Meter,0.024729446
New Zealand,Power,2022,September,Billion Cubic Meter,0.101939685
New Zealand,Other,2022,September,Billion Cubic Meter,0.002699198
New Zealand,Industrial,2022,September,Billion Cubic Meter,0.155277374
New Zealand,Household,2022,September,Billion Cubic Meter,0.044355879
New Zealand,Power,2022,October,Billion Cubic Meter,0.102744885
New Zealand,Other,2022,October,Billion Cubic Meter,0.002720519
New Zealand,Industrial,2022,October,Billion Cubic Meter,0.156503876
New Zealand,Household,2022,October,Billion Cubic Meter,0.044706237
New Zealand,Power,2022,November,Billion Cubic Meter,0.090322278
New Zealand,Other,2022,November,Billion Cubic Meter,0.002391588
New Zealand,Industrial,2022,November,Billion Cubic Meter,0.137581415
New Zealand,Household,2022,November,Billion Cubic Meter,0.039300926
New Zealand,Power,2022,December,Billion Cubic Meter,0.050592449
New Zealand,Other,2022,December,Billion Cubic Meter,0.002027545
New Zealand,Industrial,2022,December,Billion Cubic Meter,0.188586949
New Zealand,Household,2022,December,Billion Cubic Meter,0.027449098
New Zealand,Power,2021,January,Billion Cubic Meter,0.095135392
New Zealand,Other,2021,January,Billion Cubic Meter,0.002465159
New Zealand,Industrial,2021,January,Billion Cubic Meter,0.220597554
New Zealand,Household,2021,January,Billion Cubic Meter,0.026965567
New Zealand,Power,2021,February,Billion Cubic Meter,0.084679869
New Zealand,Other,2021,February,Billion Cubic Meter,0.002194234
New Zealand,Industrial,2021,February,Billion Cubic Meter,0.196353551
New Zealand,Household,2021,February,Billion Cubic Meter,0.02400201
New Zealand,Power,2021,March,Billion Cubic Meter,0.094638332
New Zealand,Other,2021,March,Billion Cubic Meter,0.002026314
New Zealand,Industrial,2021,March,Billion Cubic Meter,0.202300733
New Zealand,Household,2021,March,Billion Cubic Meter,0.020541753
New Zealand,Power,2021,April,Billion Cubic Meter,0.093588218
New Zealand,Other,2021,April,Billion Cubic Meter,0.00200383
New Zealand,Industrial,2021,April,Billion Cubic Meter,0.200055989
New Zealand,Household,2021,April,Billion Cubic Meter,0.02031382
New Zealand,Power,2021,May,Billion Cubic Meter,0.09842021
New Zealand,Other,2021,May,Billion Cubic Meter,0.002107289
New Zealand,Industrial,2021,May,Billion Cubic Meter,0.210384948
New Zealand,Household,2021,May,Billion Cubic Meter,0.021362629
New Zealand,Power,2021,June,Billion Cubic Meter,0.109594256
New Zealand,Other,2021,June,Billion Cubic Meter,0.002609653
New Zealand,Industrial,2021,June,Billion Cubic Meter,0.17598972
New Zealand,Household,2021,June,Billion Cubic Meter,0.031420674
New Zealand,Power,2021,July,Billion Cubic Meter,0.115423396
New Zealand,Other,2021,July,Billion Cubic Meter,0.002748457
New Zealand,Industrial,2021,July,Billion Cubic Meter,0.185350326
New Zealand,Household,2021,July,Billion Cubic Meter,0.033091889
New Zealand,Power,2021,August,Billion Cubic Meter,0.114491757
New Zealand,Other,2021,August,Billion Cubic Meter,0.002726272
New Zealand,Industrial,2021,August,Billion Cubic Meter,0.183854272
New Zealand,Household,2021,August,Billion Cubic Meter,0.032824788
New Zealand,Power,2021,September,Billion Cubic Meter,0.107657174
New Zealand,Other,2021,September,Billion Cubic Meter,0.003615279
New Zealand,Industrial,2021,September,Billion Cubic Meter,0.153520502
New Zealand,Household,2021,September,Billion Cubic Meter,0.040886855
New Zealand,Power,2021,October,Billion Cubic Meter,0.122289714
New Zealand,Other,2021,October,Billion Cubic Meter,0.00410666
New Zealand,Industrial,2021,October,Billion Cubic Meter,0.17438669
New Zealand,Household,2021,October,Billion Cubic Meter,0.046444112
New Zealand,Power,2021,November,Billion Cubic Meter,0.118653807
New Zealand,Other,2021,November,Billion Cubic Meter,0.003984561
New Zealand,Industrial,2021,November,Billion Cubic Meter,0.16920184
New Zealand,Household,2021,November,Billion Cubic Meter,0.045063239
New Zealand,Power,2021,December,Billion Cubic Meter,0.080730499
New Zealand,Other,2021,December,Billion Cubic Meter,0.002306793
New Zealand,Industrial,2021,December,Billion Cubic Meter,0.219107431
New Zealand,Household,2021,December,Billion Cubic Meter,0.027208561
New Zealand,Power,2020,January,Billion Cubic Meter,0.095855863
New Zealand,Other,2020,January,Billion Cubic Meter,0.002417461
New Zealand,Industrial,2020,January,Billion Cubic Meter,0.255606699
New Zealand,Household,2020,January,Billion Cubic Meter,0.029114476
New Zealand,Power,2020,February,Billion Cubic Meter,0.093809504
New Zealand,Other,2020,February,Billion Cubic Meter,0.002365853
New Zealand,Industrial,2020,February,Billion Cubic Meter,0.250149932
New Zealand,Household,2020,February,Billion Cubic Meter,0.028492931
New Zealand,Power,2020,March,Billion Cubic Meter,0.107152456
New Zealand,Other,2020,March,Billion Cubic Meter,0.00192434
New Zealand,Industrial,2020,March,Billion Cubic Meter,0.210169562
New Zealand,Household,2020,March,Billion Cubic Meter,0.019605638
New Zealand,Power,2020,April,Billion Cubic Meter,0.107511202
New Zealand,Other,2020,April,Billion Cubic Meter,0.001930783
New Zealand,Industrial,2020,April,Billion Cubic Meter,0.210873209
New Zealand,Household,2020,April,Billion Cubic Meter,0.019671277
New Zealand,Power,2020,May,Billion Cubic Meter,0.130231607
New Zealand,Other,2020,May,Billion Cubic Meter,0.002338817
New Zealand,Industrial,2020,May,Billion Cubic Meter,0.255437168
New Zealand,Household,2020,May,Billion Cubic Meter,0.02382842
New Zealand,Power,2020,June,Billion Cubic Meter,0.133040208
New Zealand,Other,2020,June,Billion Cubic Meter,0.003222211
New Zealand,Industrial,2020,June,Billion Cubic Meter,0.232772484
New Zealand,Household,2020,June,Billion Cubic Meter,0.031638329
New Zealand,Power,2020,July,Billion Cubic Meter,0.134217147
New Zealand,Other,2020,July,Billion Cubic Meter,0.003250716
New Zealand,Industrial,2020,July,Billion Cubic Meter,0.234831704
New Zealand,Household,2020,July,Billion Cubic Meter,0.031918217
New Zealand,Power,2020,August,Billion Cubic Meter,0.125386373
New Zealand,Other,2020,August,Billion Cubic Meter,0.003036836
New Zealand,Industrial,2020,August,Billion Cubic Meter,0.219381028
New Zealand,Household,2020,August,Billion Cubic Meter,0.029818168
New Zealand,Power,2020,September,Billion Cubic Meter,0.141606845
New Zealand,Other,2020,September,Billion Cubic Meter,0.003768894
New Zealand,Industrial,2020,September,Billion Cubic Meter,0.191914224
New Zealand,Household,2020,September,Billion Cubic Meter,0.042600541
New Zealand,Power,2020,October,Billion Cubic Meter,0.1420035
New Zealand,Other,2020,October,Billion Cubic Meter,0.003779451
New Zealand,Industrial,2020,October,Billion Cubic Meter,0.192451796
New Zealand,Household,2020,October,Billion Cubic Meter,0.04271987
New Zealand,Power,2020,November,Billion Cubic Meter,0.13180399
New Zealand,Other,2020,November,Billion Cubic Meter,0.003507989
New Zealand,Industrial,2020,November,Billion Cubic Meter,0.178628799
New Zealand,Household,2020,November,Billion Cubic Meter,0.039651482
New Zealand,Power,2020,December,Billion Cubic Meter,0.095534378
New Zealand,Other,2020,December,Billion Cubic Meter,0.002475498
New Zealand,Industrial,2020,December,Billion Cubic Meter,0.221522712
New Zealand,Household,2020,December,Billion Cubic Meter,0.027078657
New Zealand,Power,2019,January,Billion Cubic Meter,0.099105955
New Zealand,Other,2019,January,Billion Cubic Meter,0.002751393
New Zealand,Industrial,2019,January,Billion Cubic Meter,0.243639308
New Zealand,Household,2019,January,Billion Cubic Meter,0.031613112
New Zealand,Power,2019,February,Billion Cubic Meter,0.080230033
New Zealand,Other,2019,February,Billion Cubic Meter,0.002227357
New Zealand,Industrial,2019,February,Billion Cubic Meter,0.197235268
New Zealand,Household,2019,February,Billion Cubic Meter,0.025592014
New Zealand,Power,2019,March,Billion Cubic Meter,0.112030806
New Zealand,Other,2019,March,Billion Cubic Meter,0.001757046
New Zealand,Industrial,2019,March,Billion Cubic Meter,0.231711279
New Zealand,Household,2019,March,Billion Cubic Meter,0.018580053
New Zealand,Power,2019,April,Billion Cubic Meter,0.113638598
New Zealand,Other,2019,April,Billion Cubic Meter,0.001782262
New Zealand,Industrial,2019,April,Billion Cubic Meter,0.235036646
New Zealand,Household,2019,April,Billion Cubic Meter,0.018846702
New Zealand,Power,2019,May,Billion Cubic Meter,0.107172087
New Zealand,Other,2019,May,Billion Cubic Meter,0.001680844
New Zealand,Industrial,2019,May,Billion Cubic Meter,0.221662079
New Zealand,Household,2019,May,Billion Cubic Meter,0.017774246
New Zealand,Power,2019,June,Billion Cubic Meter,0.118735494
New Zealand,Other,2019,June,Billion Cubic Meter,0.003139139
New Zealand,Industrial,2019,June,Billion Cubic Meter,0.239835025
New Zealand,Household,2019,June,Billion Cubic Meter,0.033547915
New Zealand,Power,2019,July,Billion Cubic Meter,0.124705006
New Zealand,Other,2019,July,Billion Cubic Meter,0.003296961
New Zealand,Industrial,2019,July,Billion Cubic Meter,0.251892904
New Zealand,Household,2019,July,Billion Cubic Meter,0.035234561
New Zealand,Power,2019,August,Billion Cubic Meter,0.130792528
New Zealand,Other,2019,August,Billion Cubic Meter,0.003457904
New Zealand,Industrial,2019,August,Billion Cubic Meter,0.264189151
New Zealand,Household,2019,August,Billion Cubic Meter,0.036954549
New Zealand,Power,2019,September,Billion Cubic Meter,0.135972594
New Zealand,Other,2019,September,Billion Cubic Meter,0.003704978
New Zealand,Industrial,2019,September,Billion Cubic Meter,0.237114781
New Zealand,Household,2019,September,Billion Cubic Meter,0.043940967
New Zealand,Power,2019,October,Billion Cubic Meter,0.138208639
New Zealand,Other,2019,October,Billion Cubic Meter,0.003765905
New Zealand,Industrial,2019,October,Billion Cubic Meter,0.241014091
New Zealand,Household,2019,October,Billion Cubic Meter,0.044663569
New Zealand,Power,2019,November,Billion Cubic Meter,0.120214759
New Zealand,Other,2019,November,Billion Cubic Meter,0.003275609
New Zealand,Industrial,2019,November,Billion Cubic Meter,0.209635599
New Zealand,Household,2019,November,Billion Cubic Meter,0.038848658
New Zealand,Power,2019,December,Billion Cubic Meter,0.091991909
New Zealand,Other,2019,December,Billion Cubic Meter,0.002320013
New Zealand,Industrial,2019,December,Billion Cubic Meter,0.24530318
New Zealand,Household,2019,December,Billion Cubic Meter,0.02794087
Pakistan,Power,2024,January,Billion Cubic Meter,0.670527492
Pakistan,Other,2024,January,Billion Cubic Meter,0.045751876
Pakistan,Industrial,2024,January,Billion Cubic Meter,1.004291176
Pakistan,Household,2024,January,Billion Cubic Meter,0.684778076
Pakistan,Power,2024,February,Billion Cubic Meter,0.588181835
Pakistan,Other,2024,February,Billion Cubic Meter,0.040133212
Pakistan,Industrial,2024,February,Billion Cubic Meter,0.88095691
Pakistan,Household,2024,February,Billion Cubic Meter,0.600682344
Pakistan,Power,2024,March,Billion Cubic Meter,0.645222389
Pakistan,Other,2024,March,Billion Cubic Meter,0.044025241
Pakistan,Industrial,2024,March,Billion Cubic Meter,0.966390134
Pakistan,Household,2024,March,Billion Cubic Meter,0.658935169
Pakistan,Power,2024,April,Billion Cubic Meter,0.82362803
Pakistan,Other,2024,April,Billion Cubic Meter,0.056198333
Pakistan,Industrial,2024,April,Billion Cubic Meter,1.233599476
Pakistan,Household,2024,April,Billion Cubic Meter,0.841132429
Pakistan,Power,2024,May,Billion Cubic Meter,1.014368412
Pakistan,Other,2024,May,Billion Cubic Meter,0.069213057
Pakistan,Industrial,2024,May,Billion Cubic Meter,1.519283337
Pakistan,Household,2024,May,Billion Cubic Meter,1.035926577
Pakistan,Power,2024,June,Billion Cubic Meter,0.947414545
Pakistan,Other,2024,June,Billion Cubic Meter,0.064644617
Pakistan,Industrial,2024,June,Billion Cubic Meter,1.419002322
Pakistan,Household,2024,June,Billion Cubic Meter,0.967549753
Pakistan,Power,2024,July,Billion Cubic Meter,1.091318539
Pakistan,Other,2024,July,Billion Cubic Meter,0.074463569
Pakistan,Industrial,2024,July,Billion Cubic Meter,1.634536381
Pakistan,Household,2024,July,Billion Cubic Meter,1.11451211
Pakistan,Power,2024,August,Billion Cubic Meter,0.803635881
Pakistan,Other,2024,August,Billion Cubic Meter,0.054834216
Pakistan,Industrial,2024,August,Billion Cubic Meter,1.203655979
Pakistan,Household,2024,August,Billion Cubic Meter,0.820715391
Pakistan,Power,2024,September,Billion Cubic Meter,0.796130476
Pakistan,Other,2024,September,Billion Cubic Meter,0.054322102
Pakistan,Industrial,2024,September,Billion Cubic Meter,1.192414661
Pakistan,Household,2024,September,Billion Cubic Meter,0.813050475
Pakistan,Power,2024,October,Billion Cubic Meter,0.743850358
Pakistan,Other,2024,October,Billion Cubic Meter,0.05075489
Pakistan,Industrial,2024,October,Billion Cubic Meter,1.114111442
Pakistan,Household,2024,October,Billion Cubic Meter,0.759659258
Pakistan,Power,2024,November,Billion Cubic Meter,0.464060735
Pakistan,Other,2024,November,Billion Cubic Meter,0.031664099
Pakistan,Industrial,2024,November,Billion Cubic Meter,0.695052935
Pakistan,Household,2024,November,Billion Cubic Meter,0.473923323
Pakistan,Power,2024,December,Billion Cubic Meter,0.67703805
Pakistan,Other,2024,December,Billion Cubic Meter,0.046196109
Pakistan,Industrial,2024,December,Billion Cubic Meter,1.014042448
Pakistan,Household,2024,December,Billion Cubic Meter,0.691427001
Pakistan,Power,2023,January,Billion Cubic Meter,0.680188247
Pakistan,Other,2023,January,Billion Cubic Meter,0.044256493
Pakistan,Industrial,2023,January,Billion Cubic Meter,0.835426405
Pakistan,Household,2023,January,Billion Cubic Meter,0.658400435
Pakistan,Power,2023,February,Billion Cubic Meter,0.64670219
Pakistan,Other,2023,February,Billion Cubic Meter,0.04207772
Pakistan,Industrial,2023,February,Billion Cubic Meter,0.794297884
Pakistan,Household,2023,February,Billion Cubic Meter,0.625987004
Pakistan,Power,2023,March,Billion Cubic Meter,0.808837666
Pakistan,Other,2023,March,Billion Cubic Meter,0.052627075
Pakistan,Industrial,2023,March,Billion Cubic Meter,0.993437253
Pakistan,Household,2023,March,Billion Cubic Meter,0.782928952
Pakistan,Power,2023,April,Billion Cubic Meter,1.008999885
Pakistan,Other,2023,April,Billion Cubic Meter,0.065650643
Pakistan,Industrial,2023,April,Billion Cubic Meter,1.239282141
Pakistan,Household,2023,April,Billion Cubic Meter,0.976679569
Pakistan,Power,2023,May,Billion Cubic Meter,1.191311247
Pakistan,Other,2023,May,Billion Cubic Meter,0.077512744
Pakistan,Industrial,2023,May,Billion Cubic Meter,1.463202102
Pakistan,Household,2023,May,Billion Cubic Meter,1.153151127
Pakistan,Power,2023,June,Billion Cubic Meter,1.039099099
Pakistan,Other,2023,June,Billion Cubic Meter,0.06760905
Pakistan,Industrial,2023,June,Billion Cubic Meter,1.276250845
Pakistan,Household,2023,June,Billion Cubic Meter,1.005814643
Pakistan,Power,2023,July,Billion Cubic Meter,1.131971558
Pakistan,Other,2023,July,Billion Cubic Meter,0.073651803
Pakistan,Industrial,2023,July,Billion Cubic Meter,1.390319421
Pakistan,Household,2023,July,Billion Cubic Meter,1.095712209
Pakistan,Power,2023,August,Billion Cubic Meter,1.106066738
Pakistan,Other,2023,August,Billion Cubic Meter,0.071966304
Pakistan,Industrial,2023,August,Billion Cubic Meter,1.35850239
Pakistan,Household,2023,August,Billion Cubic Meter,1.070637173
Pakistan,Power,2023,September,Billion Cubic Meter,0.87638852
Pakistan,Other,2023,September,Billion Cubic Meter,0.057022276
Pakistan,Industrial,2023,September,Billion Cubic Meter,1.076405119
Pakistan,Household,2023,September,Billion Cubic Meter,0.848316015
Pakistan,Power,2023,October,Billion Cubic Meter,0.739155909
Pakistan,Other,2023,October,Billion Cubic Meter,0.048093227
Pakistan,Industrial,2023,October,Billion Cubic Meter,0.907852152
Pakistan,Household,2023,October,Billion Cubic Meter,0.715479243
Pakistan,Power,2023,November,Billion Cubic Meter,0.417556277
Pakistan,Other,2023,November,Billion Cubic Meter,0.027168326
Pakistan,Industrial,2023,November,Billion Cubic Meter,0.512854407
Pakistan,Household,2023,November,Billion Cubic Meter,0.404181101
Pakistan,Power,2023,December,Billion Cubic Meter,0.679026292
Pakistan,Other,2023,December,Billion Cubic Meter,0.04418089
Pakistan,Industrial,2023,December,Billion Cubic Meter,0.83399926
Pakistan,Household,2023,December,Billion Cubic Meter,0.6572757
Pakistan,Power,2022,January,Billion Cubic Meter,0.574392081
Pakistan,Other,2022,January,Billion Cubic Meter,0.037605939
Pakistan,Industrial,2022,January,Billion Cubic Meter,0.720694637
Pakistan,Household,2022,January,Billion Cubic Meter,0.503816551
Pakistan,Power,2022,February,Billion Cubic Meter,0.651556994
Pakistan,Other,2022,February,Billion Cubic Meter,0.042657992
Pakistan,Industrial,2022,February,Billion Cubic Meter,0.817514112
Pakistan,Household,2022,February,Billion Cubic Meter,0.571500215
Pakistan,Power,2022,March,Billion Cubic Meter,0.898884268
Pakistan,Other,2022,March,Billion Cubic Meter,0.058850719
Pakistan,Industrial,2022,March,Billion Cubic Meter,1.127837749
Pakistan,Household,2022,March,Billion Cubic Meter,0.788438398
Pakistan,Power,2022,April,Billion Cubic Meter,1.152589463
Pakistan,Other,2022,April,Billion Cubic Meter,0.075461014
Pakistan,Industrial,2022,April,Billion Cubic Meter,1.446163819
Pakistan,Household,2022,April,Billion Cubic Meter,1.010970847
Pakistan,Power,2022,May,Billion Cubic Meter,1.464451598
Pakistan,Other,2022,May,Billion Cubic Meter,0.095878894
Pakistan,Industrial,2022,May,Billion Cubic Meter,1.837459897
Pakistan,Household,2022,May,Billion Cubic Meter,1.284514496
Pakistan,Power,2022,June,Billion Cubic Meter,1.479643635
Pakistan,Other,2022,June,Billion Cubic Meter,0.096873529
Pakistan,Industrial,2022,June,Billion Cubic Meter,1.856521476
Pakistan,Household,2022,June,Billion Cubic Meter,1.297839888
Pakistan,Power,2022,July,Billion Cubic Meter,1.089572893
Pakistan,Other,2022,July,Billion Cubic Meter,0.071335266
Pakistan,Industrial,2022,July,Billion Cubic Meter,1.367096392
Pakistan,Household,2022,July,Billion Cubic Meter,0.955697121
Pakistan,Power,2022,August,Billion Cubic Meter,0.933094912
Pakistan,Other,2022,August,Billion Cubic Meter,0.061090519
Pakistan,Industrial,2022,August,Billion Cubic Meter,1.170762136
Pakistan,Household,2022,August,Billion Cubic Meter,0.818445582
Pakistan,Power,2022,September,Billion Cubic Meter,0.919634767
Pakistan,Other,2022,September,Billion Cubic Meter,0.060209272
Pakistan,Industrial,2022,September,Billion Cubic Meter,1.153873578
Pakistan,Household,2022,September,Billion Cubic Meter,0.806639285
Pakistan,Power,2022,October,Billion Cubic Meter,0.954090307
Pakistan,Other,2022,October,Billion Cubic Meter,0.062465105
Pakistan,Industrial,2022,October,Billion Cubic Meter,1.197105237
Pakistan,Household,2022,October,Billion Cubic Meter,0.836861274
Pakistan,Power,2022,November,Billion Cubic Meter,0.668753468
Pakistan,Other,2022,November,Billion Cubic Meter,0.043783859
Pakistan,Industrial,2022,November,Billion Cubic Meter,0.839090675
Pakistan,Household,2022,November,Billion Cubic Meter,0.58658376
Pakistan,Power,2022,December,Billion Cubic Meter,0.737573396
Pakistan,Other,2022,December,Billion Cubic Meter,0.048289559
Pakistan,Industrial,2022,December,Billion Cubic Meter,0.925439624
Pakistan,Household,2022,December,Billion Cubic Meter,0.646947786
Pakistan,Power,2021,January,Billion Cubic Meter,0.68040816
Pakistan,Other,2021,January,Billion Cubic Meter,0.063000756
Pakistan,Industrial,2021,January,Billion Cubic Meter,0.823018962
Pakistan,Household,2021,January,Billion Cubic Meter,0.565861332
Pakistan,Power,2021,February,Billion Cubic Meter,0.658392601
Pakistan,Other,2021,February,Billion Cubic Meter,0.060962278
Pakistan,Industrial,2021,February,Billion Cubic Meter,0.796389029
Pakistan,Household,2021,February,Billion Cubic Meter,0.547552095
Pakistan,Power,2021,March,Billion Cubic Meter,0.885652105
Pakistan,Other,2021,March,Billion Cubic Meter,0.082004825
Pakistan,Industrial,2021,March,Billion Cubic Meter,1.071281208
Pakistan,Household,2021,March,Billion Cubic Meter,0.736552424
Pakistan,Power,2021,April,Billion Cubic Meter,1.163981983
Pakistan,Other,2021,April,Billion Cubic Meter,0.10777611
Pakistan,Industrial,2021,April,Billion Cubic Meter,1.407947903
Pakistan,Household,2021,April,Billion Cubic Meter,0.96802542
Pakistan,Power,2021,May,Billion Cubic Meter,1.295050869
Pakistan,Other,2021,May,Billion Cubic Meter,0.119912117
Pakistan,Industrial,2021,May,Billion Cubic Meter,1.566488298
Pakistan,Household,2021,May,Billion Cubic Meter,1.077028837
Pakistan,Power,2021,June,Billion Cubic Meter,1.21106294
Pakistan,Other,2021,June,Billion Cubic Meter,0.112135457
Pakistan,Industrial,2021,June,Billion Cubic Meter,1.464896839
Pakistan,Household,2021,June,Billion Cubic Meter,1.00718029
Pakistan,Power,2021,July,Billion Cubic Meter,1.360335908
Pakistan,Other,2021,July,Billion Cubic Meter,0.125957029
Pakistan,Industrial,2021,July,Billion Cubic Meter,1.645456818
Pakistan,Household,2021,July,Billion Cubic Meter,1.131323129
Pakistan,Power,2021,August,Billion Cubic Meter,1.272732929
Pakistan,Other,2021,August,Billion Cubic Meter,0.117845642
Pakistan,Industrial,2021,August,Billion Cubic Meter,1.539492609
Pakistan,Household,2021,August,Billion Cubic Meter,1.058468126
Pakistan,Power,2021,September,Billion Cubic Meter,1.179327768
Pakistan,Other,2021,September,Billion Cubic Meter,0.109197016
Pakistan,Industrial,2021,September,Billion Cubic Meter,1.426510104
Pakistan,Household,2021,September,Billion Cubic Meter,0.98078774
Pakistan,Power,2021,October,Billion Cubic Meter,1.147848526
Pakistan,Other,2021,October,Billion Cubic Meter,0.106282271
Pakistan,Industrial,2021,October,Billion Cubic Meter,1.388432939
Pakistan,Household,2021,October,Billion Cubic Meter,0.954608033
Pakistan,Power,2021,November,Billion Cubic Meter,0.69602275
Pakistan,Other,2021,November,Billion Cubic Meter,0.064446551
Pakistan,Industrial,2021,November,Billion Cubic Meter,0.841906306
Pakistan,Household,2021,November,Billion Cubic Meter,0.578847203
Pakistan,Power,2021,December,Billion Cubic Meter,0.727922911
Pakistan,Other,2021,December,Billion Cubic Meter,0.067400269
Pakistan,Industrial,2021,December,Billion Cubic Meter,0.880492611
Pakistan,Household,2021,December,Billion Cubic Meter,0.605376966
Pakistan,Power,2020,January,Billion Cubic Meter,0.781147103
Pakistan,Other,2020,January,Billion Cubic Meter,0.068543673
Pakistan,Industrial,2020,January,Billion Cubic Meter,0.932723356
Pakistan,Household,2020,January,Billion Cubic Meter,0.672062355
Pakistan,Power,2020,February,Billion Cubic Meter,0.452283993
Pakistan,Other,2020,February,Billion Cubic Meter,0.039686771
Pakistan,Industrial,2020,February,Billion Cubic Meter,0.540046609
Pakistan,Household,2020,February,Billion Cubic Meter,0.389123949
Pakistan,Power,2020,March,Billion Cubic Meter,0.650606935
Pakistan,Other,2020,March,Billion Cubic Meter,0.057089105
Pakistan,Industrial,2020,March,Billion Cubic Meter,0.776852761
Pakistan,Household,2020,March,Billion Cubic Meter,0.559751713
Pakistan,Power,2020,April,Billion Cubic Meter,0.826495154
Pakistan,Other,2020,April,Billion Cubic Meter,0.072522849
Pakistan,Industrial,2020,April,Billion Cubic Meter,0.986870886
Pakistan,Household,2020,April,Billion Cubic Meter,0.711077693
Pakistan,Power,2020,May,Billion Cubic Meter,1.121137835
Pakistan,Other,2020,May,Billion Cubic Meter,0.098376996
Pakistan,Industrial,2020,May,Billion Cubic Meter,1.338686964
Pakistan,Household,2020,May,Billion Cubic Meter,0.964574446
Pakistan,Power,2020,June,Billion Cubic Meter,1.274890463
Pakistan,Other,2020,June,Billion Cubic Meter,0.111868398
Pakistan,Industrial,2020,June,Billion Cubic Meter,1.522274237
Pakistan,Household,2020,June,Billion Cubic Meter,1.096856
Pakistan,Power,2020,July,Billion Cubic Meter,1.349544243
Pakistan,Other,2020,July,Billion Cubic Meter,0.118419078
Pakistan,Industrial,2020,July,Billion Cubic Meter,1.611414073
Pakistan,Household,2020,July,Billion Cubic Meter,1.161084614
Pakistan,Power,2020,August,Billion Cubic Meter,1.334252737
Pakistan,Other,2020,August,Billion Cubic Meter,0.117077287
Pakistan,Industrial,2020,August,Billion Cubic Meter,1.593155354
Pakistan,Household,2020,August,Billion Cubic Meter,1.147928518
Pakistan,Power,2020,September,Billion Cubic Meter,1.235013386
Pakistan,Other,2020,September,Billion Cubic Meter,0.108369286
Pakistan,Industrial,2020,September,Billion Cubic Meter,1.474659286
Pakistan,Household,2020,September,Billion Cubic Meter,1.062547632
Pakistan,Power,2020,October,Billion Cubic Meter,1.195431464
Pakistan,Other,2020,October,Billion Cubic Meter,0.104896073
Pakistan,Industrial,2020,October,Billion Cubic Meter,1.427396763
Pakistan,Household,2020,October,Billion Cubic Meter,1.028493202
Pakistan,Power,2020,November,Billion Cubic Meter,0.703263919
Pakistan,Other,2020,November,Billion Cubic Meter,0.061709622
Pakistan,Industrial,2020,November,Billion Cubic Meter,0.839727473
Pakistan,Household,2020,November,Billion Cubic Meter,0.605055314
Pakistan,Power,2020,December,Billion Cubic Meter,0.698073123
Pakistan,Other,2020,December,Billion Cubic Meter,0.061254142
Pakistan,Industrial,2020,December,Billion Cubic Meter,0.833529438
Pakistan,Household,2020,December,Billion Cubic Meter,0.600589396
Pakistan,Power,2019,January,Billion Cubic Meter,0.882245078
Pakistan,Other,2019,January,Billion Cubic Meter,0.114422997
Pakistan,Industrial,2019,January,Billion Cubic Meter,0.808464128
Pakistan,Household,2019,January,Billion Cubic Meter,0.61150651
Pakistan,Power,2019,February,Billion Cubic Meter,0.844026551
Pakistan,Other,2019,February,Billion Cubic Meter,0.109466236
Pakistan,Industrial,2019,February,Billion Cubic Meter,0.773441765
Pakistan,Household,2019,February,Billion Cubic Meter,0.585016277
Pakistan,Power,2019,March,Billion Cubic Meter,1.151457051
Pakistan,Other,2019,March,Billion Cubic Meter,0.149338512
Pakistan,Industrial,2019,March,Billion Cubic Meter,1.055162273
Pakistan,Household,2019,March,Billion Cubic Meter,0.798104178
Pakistan,Power,2019,April,Billion Cubic Meter,1.482551065
Pakistan,Other,2019,April,Billion Cubic Meter,0.192279833
Pakistan,Industrial,2019,April,Billion Cubic Meter,1.358567348
Pakistan,Household,2019,April,Billion Cubic Meter,1.027593864
Pakistan,Power,2019,May,Billion Cubic Meter,1.760174461
Pakistan,Other,2019,May,Billion Cubic Meter,0.22828627
Pakistan,Industrial,2019,May,Billion Cubic Meter,1.612973478
Pakistan,Household,2019,May,Billion Cubic Meter,1.220021703
Pakistan,Power,2019,June,Billion Cubic Meter,1.702295203
Pakistan,Other,2019,June,Billion Cubic Meter,0.220779605
Pakistan,Industrial,2019,June,Billion Cubic Meter,1.559934584
Pakistan,Household,2019,June,Billion Cubic Meter,1.179904117
Pakistan,Power,2019,July,Billion Cubic Meter,1.610293146
Pakistan,Other,2019,July,Billion Cubic Meter,0.208847375
Pakistan,Industrial,2019,July,Billion Cubic Meter,1.475626533
Pakistan,Household,2019,July,Billion Cubic Meter,1.11613515
Pakistan,Power,2019,August,Billion Cubic Meter,1.513290707
Pakistan,Other,2019,August,Billion Cubic Meter,0.196266619
Pakistan,Industrial,2019,August,Billion Cubic Meter,1.386736275
Pakistan,Household,2019,August,Billion Cubic Meter,1.048900292
Pakistan,Power,2019,September,Billion Cubic Meter,1.388891509
Pakistan,Other,2019,September,Billion Cubic Meter,0.180132634
Pakistan,Industrial,2019,September,Billion Cubic Meter,1.272740412
Pakistan,Household,2019,September,Billion Cubic Meter,0.962676042
Pakistan,Power,2019,October,Billion Cubic Meter,1.114604799
Pakistan,Other,2019,October,Billion Cubic Meter,0.14455895
Pakistan,Industrial,2019,October,Billion Cubic Meter,1.021391924
Pakistan,Household,2019,October,Billion Cubic Meter,0.772560945
Pakistan,Power,2019,November,Billion Cubic Meter,0.427111248
Pakistan,Other,2019,November,Billion Cubic Meter,0.055394301
Pakistan,Industrial,2019,November,Billion Cubic Meter,0.391392518
Pakistan,Household,2019,November,Billion Cubic Meter,0.296041673
Pakistan,Power,2019,December,Billion Cubic Meter,0.706646189
Pakistan,Other,2019,December,Billion Cubic Meter,0.091648655
Pakistan,Industrial,2019,December,Billion Cubic Meter,0.647550335
Pakistan,Household,2019,December,Billion Cubic Meter,0.489794453
Philippines,Power,2024,January,Billion Cubic Meter,0.292
Philippines,Other,2024,January,Billion Cubic Meter,0.015
Philippines,Power,2024,February,Billion Cubic Meter,0.183
Philippines,Other,2024,February,Billion Cubic Meter,0
Philippines,Power,2024,March,Billion Cubic Meter,0.176
Philippines,Other,2024,March,Billion Cubic Meter,0.016
Philippines,Power,2024,April,Billion Cubic Meter,0.312
Philippines,Other,2024,April,Billion Cubic Meter,0.01
Philippines,Power,2024,May,Billion Cubic Meter,0.47
Philippines,Other,2024,May,Billion Cubic Meter,0.012
Philippines,Power,2024,June,Billion Cubic Meter,0.422
Philippines,Other,2024,June,Billion Cubic Meter,0.009
Philippines,Power,2024,July,Billion Cubic Meter,0.432
Philippines,Other,2024,July,Billion Cubic Meter,0.014
Philippines,Power,2024,August,Billion Cubic Meter,0.4
Philippines,Other,2024,August,Billion Cubic Meter,0.012
Philippines,Power,2024,September,Billion Cubic Meter,0.372
Philippines,Other,2024,September,Billion Cubic Meter,0.011
Philippines,Power,2024,October,Billion Cubic Meter,0.352
Philippines,Other,2024,October,Billion Cubic Meter,0.009
Philippines,Power,2024,November,Billion Cubic Meter,0.374
Philippines,Other,2024,November,Billion Cubic Meter,0.01
Philippines,Power,2024,December,Billion Cubic Meter,0.373
Philippines,Other,2024,December,Billion Cubic Meter,0.007
Philippines,Power,2023,January,Billion Cubic Meter,0.231
Philippines,Other,2023,January,Billion Cubic Meter,0.01
Philippines,Power,2023,February,Billion Cubic Meter,0.072
Philippines,Other,2023,February,Billion Cubic Meter,0.002
Philippines,Power,2023,March,Billion Cubic Meter,0.196
Philippines,Other,2023,March,Billion Cubic Meter,0.018
Philippines,Power,2023,April,Billion Cubic Meter,0.234
Philippines,Other,2023,April,Billion Cubic Meter,0.004
Philippines,Power,2023,May,Billion Cubic Meter,0.251
Philippines,Other,2023,May,Billion Cubic Meter,0.009
Philippines,Power,2023,June,Billion Cubic Meter,0.26
Philippines,Other,2023,June,Billion Cubic Meter,0.013
Philippines,Power,2023,July,Billion Cubic Meter,0.286
Philippines,Other,2023,July,Billion Cubic Meter,0.008
Philippines,Power,2023,August,Billion Cubic Meter,0.284
Philippines,Other,2023,August,Billion Cubic Meter,0.008
Philippines,Power,2023,September,Billion Cubic Meter,0.275
Philippines,Other,2023,September,Billion Cubic Meter,0.009
Philippines,Power,2023,October,Billion Cubic Meter,0.288
Philippines,Other,2023,October,Billion Cubic Meter,0.015
Philippines,Power,2023,November,Billion Cubic Meter,0.328
Philippines,Other,2023,November,Billion Cubic Meter,0.009
Philippines,Power,2023,December,Billion Cubic Meter,0.296
Philippines,Other,2023,December,Billion Cubic Meter,0.01
Philippines,Power,2022,January,Billion Cubic Meter,0.29
Philippines,Other,2022,January,Billion Cubic Meter,0.012
Philippines,Power,2022,February,Billion Cubic Meter,0.254
Philippines,Other,2022,February,Billion Cubic Meter,0.01
Philippines,Power,2022,March,Billion Cubic Meter,0.294
Philippines,Other,2022,March,Billion Cubic Meter,0.012
Philippines,Power,2022,April,Billion Cubic Meter,0.258
Philippines,Other,2022,April,Billion Cubic Meter,0.011
Philippines,Power,2022,May,Billion Cubic Meter,0.283
Philippines,Other,2022,May,Billion Cubic Meter,0.012
Philippines,Power,2022,June,Billion Cubic Meter,0.27
Philippines,Other,2022,June,Billion Cubic Meter,0.011
Philippines,Power,2022,July,Billion Cubic Meter,0.247
Philippines,Other,2022,July,Billion Cubic Meter,0.009
Philippines,Power,2022,August,Billion Cubic Meter,0.216
Philippines,Other,2022,August,Billion Cubic Meter,0.011
Philippines,Power,2022,September,Billion Cubic Meter,0.253
Philippines,Other,2022,September,Billion Cubic Meter,0.011
Philippines,Power,2022,October,Billion Cubic Meter,0.241
Philippines,Other,2022,October,Billion Cubic Meter,0.021
Philippines,Power,2022,November,Billion Cubic Meter,0.23
Philippines,Other,2022,November,Billion Cubic Meter,0.004
Philippines,Power,2022,December,Billion Cubic Meter,0.225
Philippines,Other,2022,December,Billion Cubic Meter,0.013
Philippines,Power,2021,January,Billion Cubic Meter,0.321
Philippines,Other,2021,January,Billion Cubic Meter,0.014
Philippines,Power,2021,February,Billion Cubic Meter,0.259
Philippines,Other,2021,February,Billion Cubic Meter,0.003
Philippines,Power,2021,March,Billion Cubic Meter,0.329
Philippines,Other,2021,March,Billion Cubic Meter,0.013
Philippines,Power,2021,April,Billion Cubic Meter,0.312
Philippines,Other,2021,April,Billion Cubic Meter,0.012
Philippines,Power,2021,May,Billion Cubic Meter,0.326
Philippines,Other,2021,May,Billion Cubic Meter,0.012
Philippines,Power,2021,June,Billion Cubic Meter,0.309
Philippines,Other,2021,June,Billion Cubic Meter,0.011
Philippines,Power,2021,July,Billion Cubic Meter,0.289
Philippines,Other,2021,July,Billion Cubic Meter,0.012
Philippines,Power,2021,August,Billion Cubic Meter,0.303
Philippines,Other,2021,August,Billion Cubic Meter,0.011
Philippines,Power,2021,September,Billion Cubic Meter,0.268
Philippines,Other,2021,September,Billion Cubic Meter,0.011
Philippines,Power,2021,October,Billion Cubic Meter,0.045
Philippines,Other,2021,October,Billion Cubic Meter,0.003
Philippines,Power,2021,November,Billion Cubic Meter,0.24
Philippines,Other,2021,November,Billion Cubic Meter,0.01
Philippines,Power,2021,December,Billion Cubic Meter,0.276
Philippines,Other,2021,December,Billion Cubic Meter,0.011
Philippines,Power,2020,January,Billion Cubic Meter,0.317
Philippines,Other,2020,January,Billion Cubic Meter,0.022
Philippines,Power,2020,February,Billion Cubic Meter,0.315
Philippines,Other,2020,February,Billion Cubic Meter,0.017
Philippines,Power,2020,March,Billion Cubic Meter,0.326
Philippines,Other,2020,March,Billion Cubic Meter,0.02
Philippines,Power,2020,April,Billion Cubic Meter,0.323
Philippines,Other,2020,April,Billion Cubic Meter,0.017
Philippines,Power,2020,May,Billion Cubic Meter,0.368
Philippines,Other,2020,May,Billion Cubic Meter,0.02
Philippines,Power,2020,June,Billion Cubic Meter,0.303
Philippines,Other,2020,June,Billion Cubic Meter,0.014
Philippines,Power,2020,July,Billion Cubic Meter,0.328
Philippines,Other,2020,July,Billion Cubic Meter,0.014
Philippines,Power,2020,August,Billion Cubic Meter,0.316
Philippines,Other,2020,August,Billion Cubic Meter,0.012
Philippines,Power,2020,September,Billion Cubic Meter,0.287
Philippines,Other,2020,September,Billion Cubic Meter,0.015
Philippines,Power,2020,October,Billion Cubic Meter,0.278
Philippines,Other,2020,October,Billion Cubic Meter,0.014
Philippines,Power,2020,November,Billion Cubic Meter,0.288
Philippines,Other,2020,November,Billion Cubic Meter,0.014
Philippines,Power,2020,December,Billion Cubic Meter,0.305
Philippines,Other,2020,December,Billion Cubic Meter,0.015
Philippines,Power,2019,January,Billion Cubic Meter,0.347
Philippines,Other,2019,January,Billion Cubic Meter,0.019
Philippines,Power,2019,February,Billion Cubic Meter,0.32
Philippines,Other,2019,February,Billion Cubic Meter,0.018
Philippines,Power,2019,March,Billion Cubic Meter,0.375
Philippines,Other,2019,March,Billion Cubic Meter,0.018
Philippines,Power,2019,April,Billion Cubic Meter,0.393
Philippines,Other,2019,April,Billion Cubic Meter,0.018
Philippines,Power,2019,May,Billion Cubic Meter,0.397
Philippines,Other,2019,May,Billion Cubic Meter,0.018
Philippines,Power,2019,June,Billion Cubic Meter,0.393
Philippines,Other,2019,June,Billion Cubic Meter,0.019
Philippines,Power,2019,July,Billion Cubic Meter,0.358
Philippines,Other,2019,July,Billion Cubic Meter,0.019
Philippines,Power,2019,August,Billion Cubic Meter,0.289
Philippines,Other,2019,August,Billion Cubic Meter,0.017
Philippines,Power,2019,September,Billion Cubic Meter,0.32
Philippines,Other,2019,September,Billion Cubic Meter,0.016
Philippines,Power,2019,October,Billion Cubic Meter,0.295
Philippines,Other,2019,October,Billion Cubic Meter,0.016
Philippines,Power,2019,November,Billion Cubic Meter,0.332
Philippines,Other,2019,November,Billion Cubic Meter,0.013
Philippines,Power,2019,December,Billion Cubic Meter,0.338
Philippines,Other,2019,December,Billion Cubic Meter,0.02
Singapore,Power,2024,January,Billion Cubic Meter,0.436122381
Singapore,Other,2024,January,Billion Cubic Meter,0.000708075
Singapore,Industrial,2024,January,Billion Cubic Meter,0.316863669
Singapore,Household,2024,January,Billion Cubic Meter,0.036465875
Singapore,Power,2024,February,Billion Cubic Meter,0.414037143
Singapore,Other,2024,February,Billion Cubic Meter,0.001581846
Singapore,Industrial,2024,February,Billion Cubic Meter,0.707875957
Singapore,Household,2024,February,Billion Cubic Meter,0.081465054
Singapore,Power,2024,March,Billion Cubic Meter,0.449169048
Singapore,Other,2024,March,Billion Cubic Meter,0.001359262
Singapore,Industrial,2024,March,Billion Cubic Meter,0.608269702
Singapore,Household,2024,March,Billion Cubic Meter,0.070001988
Singapore,Power,2024,April,Billion Cubic Meter,0.45349381
Singapore,Other,2024,April,Billion Cubic Meter,0.001731412
Singapore,Industrial,2024,April,Billion Cubic Meter,0.77480704
Singapore,Household,2024,April,Billion Cubic Meter,0.089167738
Singapore,Power,2024,May,Billion Cubic Meter,0.467499524
Singapore,Other,2024,May,Billion Cubic Meter,0.001510281
Singapore,Industrial,2024,May,Billion Cubic Meter,0.675850726
Singapore,Household,2024,May,Billion Cubic Meter,0.077779469
Singapore,Power,2024,June,Billion Cubic Meter,0.444229048
Singapore,Other,2024,June,Billion Cubic Meter,0.001524182
Singapore,Industrial,2024,June,Billion Cubic Meter,0.682071402
Singapore,Household,2024,June,Billion Cubic Meter,0.078495368
Singapore,Power,2024,July,Billion Cubic Meter,0.469535238
Singapore,Other,2024,July,Billion Cubic Meter,0.00516461
Singapore,Industrial,2024,July,Billion Cubic Meter,2.311162762
Singapore,Household,2024,July,Billion Cubic Meter,0.26597739
Singapore,Power,2024,August,Billion Cubic Meter,0.464314762
Singapore,Other,2024,August,Billion Cubic Meter,0.00135889
Singapore,Industrial,2024,August,Billion Cubic Meter,0.608103488
Singapore,Household,2024,August,Billion Cubic Meter,0.06998286
Singapore,Power,2024,September,Billion Cubic Meter,0.44786619
Singapore,Other,2024,September,Billion Cubic Meter,0.000330988
Singapore,Industrial,2024,September,Billion Cubic Meter,0.14811696
Singapore,Household,2024,September,Billion Cubic Meter,0.017045862
Singapore,Power,2024,October,Billion Cubic Meter,0.460994286
Singapore,Other,2024,October,Billion Cubic Meter,0.001474331
Singapore,Industrial,2024,October,Billion Cubic Meter,0.659763314
Singapore,Household,2024,October,Billion Cubic Meter,0.075928069
Singapore,Power,2024,November,Billion Cubic Meter,0.439840952
Singapore,Other,2024,November,Billion Cubic Meter,0.001435038
Singapore,Industrial,2024,November,Billion Cubic Meter,0.642179548
Singapore,Household,2024,November,Billion Cubic Meter,0.073904462
Singapore,Power,2024,December,Billion Cubic Meter,0.446735238
Singapore,Other,2024,December,Billion Cubic Meter,0.00176125
Singapore,Industrial,2024,December,Billion Cubic Meter,0.788159162
Singapore,Household,2024,December,Billion Cubic Meter,0.09070435
Singapore,Power,2023,January,Billion Cubic Meter,0.421980952
Singapore,Other,2023,January,Billion Cubic Meter,0.000230438
Singapore,Industrial,2023,January,Billion Cubic Meter,0.103121048
Singapore,Household,2023,January,Billion Cubic Meter,0.011867562
Singapore,Power,2023,February,Billion Cubic Meter,0.383700476
Singapore,Other,2023,February,Billion Cubic Meter,0.001479319
Singapore,Industrial,2023,February,Billion Cubic Meter,0.661995274
Singapore,Household,2023,February,Billion Cubic Meter,0.076184931
Singapore,Power,2023,March,Billion Cubic Meter,0.428893333
Singapore,Other,2023,March,Billion Cubic Meter,0.000915653
Singapore,Industrial,2023,March,Billion Cubic Meter,0.409754867
Singapore,Household,2023,March,Billion Cubic Meter,0.047156147
Singapore,Power,2023,April,Billion Cubic Meter,0.430892857
Singapore,Other,2023,April,Billion Cubic Meter,0.001474694
Singapore,Industrial,2023,April,Billion Cubic Meter,0.659925693
Singapore,Household,2023,April,Billion Cubic Meter,0.075946756
Singapore,Power,2023,May,Billion Cubic Meter,0.455339524
Singapore,Other,2023,May,Billion Cubic Meter,0.001414921
Singapore,Industrial,2023,May,Billion Cubic Meter,0.633177126
Singapore,Household,2023,May,Billion Cubic Meter,0.072868429
Singapore,Power,2023,June,Billion Cubic Meter,0.434041429
Singapore,Other,2023,June,Billion Cubic Meter,0.001656077
Singapore,Industrial,2023,June,Billion Cubic Meter,0.741094521
Singapore,Household,2023,June,Billion Cubic Meter,0.085287973
Singapore,Power,2023,July,Billion Cubic Meter,0.446201429
Singapore,Other,2023,July,Billion Cubic Meter,0.001310797
Singapore,Industrial,2023,July,Billion Cubic Meter,0.586581721
Singapore,Household,2023,July,Billion Cubic Meter,0.067506053
Singapore,Power,2023,August,Billion Cubic Meter,0.447422857
Singapore,Other,2023,August,Billion Cubic Meter,0.001591234
Singapore,Industrial,2023,August,Billion Cubic Meter,0.712077343
Singapore,Household,2023,August,Billion Cubic Meter,0.081948566
Singapore,Power,2023,September,Billion Cubic Meter,0.432494286
Singapore,Other,2023,September,Billion Cubic Meter,0.001493251
Singapore,Industrial,2023,September,Billion Cubic Meter,0.668230014
Singapore,Household,2023,September,Billion Cubic Meter,0.076902449
Singapore,Power,2023,October,Billion Cubic Meter,0.45330381
Singapore,Other,2023,October,Billion Cubic Meter,0.001220432
Singapore,Industrial,2023,October,Billion Cubic Meter,0.54614349
Singapore,Household,2023,October,Billion Cubic Meter,0.062852268
Singapore,Power,2023,November,Billion Cubic Meter,0.428549524
Singapore,Other,2023,November,Billion Cubic Meter,0.001487541
Singapore,Industrial,2023,November,Billion Cubic Meter,0.665674576
Singapore,Household,2023,November,Billion Cubic Meter,0.076608359
Singapore,Power,2023,December,Billion Cubic Meter,0.429101429
Singapore,Other,2023,December,Billion Cubic Meter,0.001317797
Singapore,Industrial,2023,December,Billion Cubic Meter,0.589714221
Singapore,Household,2023,December,Billion Cubic Meter,0.067866553
Singapore,Power,2022,January,Billion Cubic Meter,0.432494286
Singapore,Other,2022,January,Billion Cubic Meter,0.000893506
Singapore,Industrial,2022,January,Billion Cubic Meter,0.805942154
Singapore,Household,2022,January,Billion Cubic Meter,0.086670054
Singapore,Power,2022,February,Billion Cubic Meter,0.387898571
Singapore,Other,2022,February,Billion Cubic Meter,0.000356021
Singapore,Industrial,2022,February,Billion Cubic Meter,0.321131329
Singapore,Household,2022,February,Billion Cubic Meter,0.034534079
Singapore,Power,2022,March,Billion Cubic Meter,0.442075714
Singapore,Other,2022,March,Billion Cubic Meter,0.000606484
Singapore,Industrial,2022,March,Billion Cubic Meter,0.547048826
Singapore,Household,2022,March,Billion Cubic Meter,0.058828976
Singapore,Power,2022,April,Billion Cubic Meter,0.42670381
Singapore,Other,2022,April,Billion Cubic Meter,0.001095136
Singapore,Industrial,2022,April,Billion Cubic Meter,0.987812843
Singapore,Household,2022,April,Billion Cubic Meter,0.10622821
Singapore,Power,2022,May,Billion Cubic Meter,0.449549048
Singapore,Other,2022,May,Billion Cubic Meter,0.000566371
Singapore,Industrial,2022,May,Billion Cubic Meter,0.510866599
Singapore,Household,2022,May,Billion Cubic Meter,0.054937982
Singapore,Power,2022,June,Billion Cubic Meter,0.428748571
Singapore,Other,2022,June,Billion Cubic Meter,0.000682371
Singapore,Industrial,2022,June,Billion Cubic Meter,0.615499029
Singapore,Household,2022,June,Billion Cubic Meter,0.066190029
Singapore,Power,2022,July,Billion Cubic Meter,0.448074286
Singapore,Other,2022,July,Billion Cubic Meter,0.000767766
Singapore,Industrial,2022,July,Billion Cubic Meter,0.692524674
Singapore,Household,2022,July,Billion Cubic Meter,0.074473274
Singapore,Power,2022,August,Billion Cubic Meter,0.445260476
Singapore,Other,2022,August,Billion Cubic Meter,0.00078826
Singapore,Industrial,2022,August,Billion Cubic Meter,0.711010091
Singapore,Household,2022,August,Billion Cubic Meter,0.076461174
Singapore,Power,2022,September,Billion Cubic Meter,0.427047619
Singapore,Other,2022,September,Billion Cubic Meter,0.000747992
Singapore,Industrial,2022,September,Billion Cubic Meter,0.674689128
Singapore,Household,2022,September,Billion Cubic Meter,0.072555261
Singapore,Power,2022,October,Billion Cubic Meter,0.43266619
Singapore,Other,2022,October,Billion Cubic Meter,0.000628134
Singapore,Industrial,2022,October,Billion Cubic Meter,0.566576697
Singapore,Household,2022,October,Billion Cubic Meter,0.06092898
Singapore,Power,2022,November,Billion Cubic Meter,0.424758571
Singapore,Other,2022,November,Billion Cubic Meter,0.000723081
Singapore,Industrial,2022,November,Billion Cubic Meter,0.652219449
Singapore,Household,2022,November,Billion Cubic Meter,0.070138899
Singapore,Power,2022,December,Billion Cubic Meter,0.422152857
Singapore,Other,2022,December,Billion Cubic Meter,0.000729767
Singapore,Industrial,2022,December,Billion Cubic Meter,0.658249963
Singapore,Household,2022,December,Billion Cubic Meter,0.070787413
Singapore,Power,2021,January,Billion Cubic Meter,0.39998619
Singapore,Other,2021,January,Billion Cubic Meter,0.000607774
Singapore,Industrial,2021,January,Billion Cubic Meter,0.549427524
Singapore,Household,2021,January,Billion Cubic Meter,0.057738512
Singapore,Power,2021,February,Billion Cubic Meter,0.372128571
Singapore,Other,2021,February,Billion Cubic Meter,0.000719951
Singapore,Industrial,2021,February,Billion Cubic Meter,0.650836092
Singapore,Household,2021,February,Billion Cubic Meter,0.068395386
Singapore,Power,2021,March,Billion Cubic Meter,0.42822381
Singapore,Other,2021,March,Billion Cubic Meter,0.000911376
Singapore,Industrial,2021,March,Billion Cubic Meter,0.823884076
Singapore,Household,2021,March,Billion Cubic Meter,0.086580738
Singapore,Power,2021,April,Billion Cubic Meter,0.419130952
Singapore,Other,2021,April,Billion Cubic Meter,0.000829349
Singapore,Industrial,2021,April,Billion Cubic Meter,0.749731539
Singapore,Household,2021,April,Billion Cubic Meter,0.07878816
Singapore,Power,2021,May,Billion Cubic Meter,0.435009524
Singapore,Other,2021,May,Billion Cubic Meter,0.00081755
Singapore,Industrial,2021,May,Billion Cubic Meter,0.73906563
Singapore,Household,2021,May,Billion Cubic Meter,0.077667295
Singapore,Power,2021,June,Billion Cubic Meter,0.426577143
Singapore,Other,2021,June,Billion Cubic Meter,0.000602943
Singapore,Industrial,2021,June,Billion Cubic Meter,0.545060343
Singapore,Household,2021,June,Billion Cubic Meter,0.057279571
Singapore,Power,2021,July,Billion Cubic Meter,0.434430476
Singapore,Other,2021,July,Billion Cubic Meter,0.00081677
Singapore,Industrial,2021,July,Billion Cubic Meter,0.73835965
Singapore,Household,2021,July,Billion Cubic Meter,0.077593105
Singapore,Power,2021,August,Billion Cubic Meter,0.427029524
Singapore,Other,2021,August,Billion Cubic Meter,0.00067457
Singapore,Industrial,2021,August,Billion Cubic Meter,0.60981171
Singapore,Household,2021,August,Billion Cubic Meter,0.064084195
Singapore,Power,2021,September,Billion Cubic Meter,0.419194286
Singapore,Other,2021,September,Billion Cubic Meter,0.000802086
Singapore,Industrial,2021,September,Billion Cubic Meter,0.725085485
Singapore,Household,2021,September,Billion Cubic Meter,0.076198143
Singapore,Power,2021,October,Billion Cubic Meter,0.436574762
Singapore,Other,2021,October,Billion Cubic Meter,0.000792865
Singapore,Industrial,2021,October,Billion Cubic Meter,0.716750175
Singapore,Household,2021,October,Billion Cubic Meter,0.075322198
Singapore,Power,2021,November,Billion Cubic Meter,0.416389524
Singapore,Other,2021,November,Billion Cubic Meter,0.00089601
Singapore,Industrial,2021,November,Billion Cubic Meter,0.80999347
Singapore,Household,2021,November,Billion Cubic Meter,0.085120995
Singapore,Power,2021,December,Billion Cubic Meter,0.432829048
Singapore,Other,2021,December,Billion Cubic Meter,0.000549091
Singapore,Industrial,2021,December,Billion Cubic Meter,0.496378221
Singapore,Household,2021,December,Billion Cubic Meter,0.05216364
Singapore,Power,2020,January,Billion Cubic Meter,0.411603333
Singapore,Other,2020,January,Billion Cubic Meter,0.00165383
Singapore,Industrial,2020,January,Billion Cubic Meter,0.49780283
Singapore,Household,2020,January,Billion Cubic Meter,0.051820007
Singapore,Power,2020,February,Billion Cubic Meter,0.391680476
Singapore,Other,2020,February,Billion Cubic Meter,0.002533679
Singapore,Industrial,2020,February,Billion Cubic Meter,0.76263725
Singapore,Household,2020,February,Billion Cubic Meter,0.079388595
Singapore,Power,2020,March,Billion Cubic Meter,0.421211905
Singapore,Other,2020,March,Billion Cubic Meter,0.003273324
Singapore,Industrial,2020,March,Billion Cubic Meter,0.98527061
Singapore,Household,2020,March,Billion Cubic Meter,0.102564161
Singapore,Power,2020,April,Billion Cubic Meter,0.383528571
Singapore,Other,2020,April,Billion Cubic Meter,0.002133814
Singapore,Industrial,2020,April,Billion Cubic Meter,0.6422781
Singapore,Household,2020,April,Billion Cubic Meter,0.066859514
Singapore,Power,2020,May,Billion Cubic Meter,0.392567143
Singapore,Other,2020,May,Billion Cubic Meter,0.002147499
Singapore,Industrial,2020,May,Billion Cubic Meter,0.64639707
Singapore,Household,2020,May,Billion Cubic Meter,0.067288289
Singapore,Power,2020,June,Billion Cubic Meter,0.387871429
Singapore,Other,2020,June,Billion Cubic Meter,0.001635266
Singapore,Industrial,2020,June,Billion Cubic Meter,0.49221498
Singapore,Household,2020,June,Billion Cubic Meter,0.051238326
Singapore,Power,2020,July,Billion Cubic Meter,0.399904762
Singapore,Other,2020,July,Billion Cubic Meter,0.002292766
Singapore,Industrial,2020,July,Billion Cubic Meter,0.69012248
Singapore,Household,2020,July,Billion Cubic Meter,0.071839992
Singapore,Power,2020,August,Billion Cubic Meter,0.405016667
Singapore,Other,2020,August,Billion Cubic Meter,0.00249367
Singapore,Industrial,2020,August,Billion Cubic Meter,0.75059467
Singapore,Household,2020,August,Billion Cubic Meter,0.078134993
Singapore,Power,2020,September,Billion Cubic Meter,0.390956667
Singapore,Other,2020,September,Billion Cubic Meter,0.00205033
Singapore,Industrial,2020,September,Billion Cubic Meter,0.61714933
Singapore,Household,2020,September,Billion Cubic Meter,0.064243673
Singapore,Power,2020,October,Billion Cubic Meter,0.41055381
Singapore,Other,2020,October,Billion Cubic Meter,0.001779379
Singapore,Industrial,2020,October,Billion Cubic Meter,0.53559295
Singapore,Household,2020,October,Billion Cubic Meter,0.055753862
Singapore,Power,2020,November,Billion Cubic Meter,0.395380952
Singapore,Other,2020,November,Billion Cubic Meter,0.001726977
Singapore,Industrial,2020,November,Billion Cubic Meter,0.51982012
Singapore,Household,2020,November,Billion Cubic Meter,0.054111951
Singapore,Power,2020,December,Billion Cubic Meter,0.411440476
Singapore,Other,2020,December,Billion Cubic Meter,0.001699199
Singapore,Industrial,2020,December,Billion Cubic Meter,0.51145877
Singapore,Household,2020,December,Billion Cubic Meter,0.053241555
Singapore,Power,2019,January,Billion Cubic Meter,0.412182381
Singapore,Other,2019,January,Billion Cubic Meter,0.00288279
Singapore,Industrial,2019,January,Billion Cubic Meter,0.644303671
Singapore,Household,2019,January,Billion Cubic Meter,0.073511157
Singapore,Power,2019,February,Billion Cubic Meter,0.365008095
Singapore,Other,2019,February,Billion Cubic Meter,0.002418688
Singapore,Industrial,2019,February,Billion Cubic Meter,0.540576683
Singapore,Household,2019,February,Billion Cubic Meter,0.061676534
Singapore,Power,2019,March,Billion Cubic Meter,0.411087619
Singapore,Other,2019,March,Billion Cubic Meter,0.00305581
Singapore,Industrial,2019,March,Billion Cubic Meter,0.682973429
Singapore,Household,2019,March,Billion Cubic Meter,0.077923143
Singapore,Power,2019,April,Billion Cubic Meter,0.406735714
Singapore,Other,2019,April,Billion Cubic Meter,0.003726017
Singapore,Industrial,2019,April,Billion Cubic Meter,0.832764832
Singapore,Household,2019,April,Billion Cubic Meter,0.095013437
Singapore,Power,2019,May,Billion Cubic Meter,0.426839524
Singapore,Other,2019,May,Billion Cubic Meter,0.003248482
Singapore,Industrial,2019,May,Billion Cubic Meter,0.726035706
Singapore,Household,2019,May,Billion Cubic Meter,0.082836289
Singapore,Power,2019,June,Billion Cubic Meter,0.401515238
Singapore,Other,2019,June,Billion Cubic Meter,0.002381459
Singapore,Industrial,2019,June,Billion Cubic Meter,0.532256097
Singapore,Household,2019,June,Billion Cubic Meter,0.060727206
Singapore,Power,2019,July,Billion Cubic Meter,0.421483333
Singapore,Other,2019,July,Billion Cubic Meter,0.002600787
Singapore,Industrial,2019,July,Billion Cubic Meter,0.58127582
Singapore,Household,2019,July,Billion Cubic Meter,0.06632006
Singapore,Power,2019,August,Billion Cubic Meter,0.424731429
Singapore,Other,2019,August,Billion Cubic Meter,0.002707474
Singapore,Industrial,2019,August,Billion Cubic Meter,0.605120502
Singapore,Household,2019,August,Billion Cubic Meter,0.069040594
Singapore,Power,2019,September,Billion Cubic Meter,0.414887619
Singapore,Other,2019,September,Billion Cubic Meter,0.00272509
Singapore,Industrial,2019,September,Billion Cubic Meter,0.609057509
Singapore,Household,2019,September,Billion Cubic Meter,0.069489783
Singapore,Power,2019,October,Billion Cubic Meter,0.413032857
Singapore,Other,2019,October,Billion Cubic Meter,0.002117789
Singapore,Industrial,2019,October,Billion Cubic Meter,0.473325746
Singapore,Household,2019,October,Billion Cubic Meter,0.054003609
Singapore,Power,2019,November,Billion Cubic Meter,0.400284762
Singapore,Other,2019,November,Billion Cubic Meter,0.002739981
Singapore,Industrial,2019,November,Billion Cubic Meter,0.612385743
Singapore,Household,2019,November,Billion Cubic Meter,0.069869514
Singapore,Power,2019,December,Billion Cubic Meter,0.400800476
Singapore,Other,2019,December,Billion Cubic Meter,0.002449598
Singapore,Industrial,2019,December,Billion Cubic Meter,0.547485174
Singapore,Household,2019,December,Billion Cubic Meter,0.062464751
South Korea,Power,2024,January,Billion Cubic Meter,1.8760384
South Korea,Other,2024,January,Billion Cubic Meter,0.255136
South Korea,Industrial,2024,January,Billion Cubic Meter,4.14868
South Korea,Household,2024,January,Billion Cubic Meter,1.11629616
South Korea,Power,2024,February,Billion Cubic Meter,1.5584648
South Korea,Other,2024,February,Billion Cubic Meter,0.272408
South Korea,Industrial,2024,February,Billion Cubic Meter,3.330504
South Korea,Household,2024,February,Billion Cubic Meter,0.89101488
South Korea,Power,2024,March,Billion Cubic Meter,1.8786972
South Korea,Other,2024,March,Billion Cubic Meter,0.267104
South Korea,Industrial,2024,March,Billion Cubic Meter,3.078632
South Korea,Household,2024,March,Billion Cubic Meter,0.86695784
South Korea,Power,2024,April,Billion Cubic Meter,1.58114552
South Korea,Other,2024,April,Billion Cubic Meter,0.258808
South Korea,Industrial,2024,April,Billion Cubic Meter,2.037416
South Korea,Household,2024,April,Billion Cubic Meter,0.60113088
South Korea,Power,2024,May,Billion Cubic Meter,1.69461984
South Korea,Other,2024,May,Billion Cubic Meter,0.266696
South Korea,Industrial,2024,May,Billion Cubic Meter,1.87612
South Korea,Household,2024,May,Billion Cubic Meter,0.54802152
South Korea,Power,2024,June,Billion Cubic Meter,1.81537696
South Korea,Other,2024,June,Billion Cubic Meter,0.239088
South Korea,Industrial,2024,June,Billion Cubic Meter,1.696192
South Korea,Household,2024,June,Billion Cubic Meter,0.59216168
South Korea,Power,2024,July,Billion Cubic Meter,2.118608
South Korea,Other,2024,July,Billion Cubic Meter,0.247248
South Korea,Industrial,2024,July,Billion Cubic Meter,1.686672
South Korea,Household,2024,July,Billion Cubic Meter,0.705568
South Korea,Power,2024,August,Billion Cubic Meter,2.359328
South Korea,Other,2024,August,Billion Cubic Meter,0.2584
South Korea,Industrial,2024,August,Billion Cubic Meter,1.625064
South Korea,Household,2024,August,Billion Cubic Meter,0.791112
South Korea,Power,2024,September,Billion Cubic Meter,1.86483744
South Korea,Other,2024,September,Billion Cubic Meter,0.255544
South Korea,Industrial,2024,September,Billion Cubic Meter,1.51710448
South Korea,Household,2024,September,Billion Cubic Meter,0.6330664
South Korea,Power,2024,October,Billion Cubic Meter,1.60598184
South Korea,Other,2024,October,Billion Cubic Meter,0.20944
South Korea,Industrial,2024,October,Billion Cubic Meter,1.788672
South Korea,Household,2024,October,Billion Cubic Meter,0.62610048
South Korea,Power,2024,November,Billion Cubic Meter,1.58553152
South Korea,Other,2024,November,Billion Cubic Meter,0.23732
South Korea,Industrial,2024,November,Billion Cubic Meter,2.5585884
South Korea,Household,2024,November,Billion Cubic Meter,0.773466
South Korea,Power,2024,December,Billion Cubic Meter,1.71497088
South Korea,Other,2024,December,Billion Cubic Meter,0.290904
South Korea,Industrial,2024,December,Billion Cubic Meter,3.98717864
South Korea,Household,2024,December,Billion Cubic Meter,1.09925264
South Korea,Power,2023,January,Billion Cubic Meter,1.87476
South Korea,Other,2023,January,Billion Cubic Meter,0.164152
South Korea,Industrial,2023,January,Billion Cubic Meter,4.082448
South Korea,Household,2023,January,Billion Cubic Meter,1.114656
South Korea,Power,2023,February,Billion Cubic Meter,1.74556
South Korea,Other,2023,February,Billion Cubic Meter,0.183192
South Korea,Industrial,2023,February,Billion Cubic Meter,3.150032
South Korea,Household,2023,February,Billion Cubic Meter,0.872712
South Korea,Power,2023,March,Billion Cubic Meter,1.852728
South Korea,Other,2023,March,Billion Cubic Meter,0.19244
South Korea,Industrial,2023,March,Billion Cubic Meter,2.525928
South Korea,Household,2023,March,Billion Cubic Meter,0.78812
South Korea,Power,2023,April,Billion Cubic Meter,1.622072
South Korea,Other,2023,April,Billion Cubic Meter,0.217464
South Korea,Industrial,2023,April,Billion Cubic Meter,1.873713616
South Korea,Household,2023,April,Billion Cubic Meter,0.601936
South Korea,Power,2023,May,Billion Cubic Meter,1.616768
South Korea,Other,2023,May,Billion Cubic Meter,0.262752
South Korea,Industrial,2023,May,Billion Cubic Meter,1.6639294
South Korea,Household,2023,May,Billion Cubic Meter,0.55012
South Korea,Power,2023,June,Billion Cubic Meter,1.644104
South Korea,Other,2023,June,Billion Cubic Meter,0.216512
South Korea,Industrial,2023,June,Billion Cubic Meter,1.473152
South Korea,Household,2023,June,Billion Cubic Meter,0.581128
South Korea,Power,2023,July,Billion Cubic Meter,1.923448
South Korea,Other,2023,July,Billion Cubic Meter,0.2448
South Korea,Industrial,2023,July,Billion Cubic Meter,1.510552
South Korea,Household,2023,July,Billion Cubic Meter,0.628456
South Korea,Power,2023,August,Billion Cubic Meter,2.00464
South Korea,Other,2023,August,Billion Cubic Meter,0.233376
South Korea,Industrial,2023,August,Billion Cubic Meter,1.431337304
South Korea,Household,2023,August,Billion Cubic Meter,0.668848
South Korea,Power,2023,September,Billion Cubic Meter,1.729648
South Korea,Other,2023,September,Billion Cubic Meter,0.242896
South Korea,Industrial,2023,September,Billion Cubic Meter,1.4484
South Korea,Household,2023,September,Billion Cubic Meter,0.616896
South Korea,Power,2023,October,Billion Cubic Meter,1.510824
South Korea,Other,2023,October,Billion Cubic Meter,0.263432
South Korea,Industrial,2023,October,Billion Cubic Meter,1.748824
South Korea,Household,2023,October,Billion Cubic Meter,0.542368
South Korea,Power,2023,November,Billion Cubic Meter,1.497496
South Korea,Other,2023,November,Billion Cubic Meter,0.266288
South Korea,Industrial,2023,November,Billion Cubic Meter,2.758216
South Korea,Household,2023,November,Billion Cubic Meter,0.780504
South Korea,Power,2023,December,Billion Cubic Meter,1.559104
South Korea,Other,2023,December,Billion Cubic Meter,0.259896
South Korea,Industrial,2023,December,Billion Cubic Meter,3.928377136
South Korea,Household,2023,December,Billion Cubic Meter,1.073448
South Korea,Power,2022,January,Billion Cubic Meter,1.800368
South Korea,Other,2022,January,Billion Cubic Meter,0.246024
South Korea,Industrial,2022,January,Billion Cubic Meter,4.2534
South Korea,Household,2022,January,Billion Cubic Meter,1.136008
South Korea,Power,2022,February,Billion Cubic Meter,1.634176
South Korea,Other,2022,February,Billion Cubic Meter,0.21352
South Korea,Industrial,2022,February,Billion Cubic Meter,3.721232
South Korea,Household,2022,February,Billion Cubic Meter,0.981512
South Korea,Power,2022,March,Billion Cubic Meter,2.135608
South Korea,Other,2022,March,Billion Cubic Meter,0.200736
South Korea,Industrial,2022,March,Billion Cubic Meter,2.946712
South Korea,Household,2022,March,Billion Cubic Meter,0.985048
South Korea,Power,2022,April,Billion Cubic Meter,1.748008
South Korea,Other,2022,April,Billion Cubic Meter,0.171904
South Korea,Industrial,2022,April,Billion Cubic Meter,2.05632
South Korea,Household,2022,April,Billion Cubic Meter,0.630904
South Korea,Power,2022,May,Billion Cubic Meter,1.776432
South Korea,Other,2022,May,Billion Cubic Meter,0.192032
South Korea,Industrial,2022,May,Billion Cubic Meter,1.661648
South Korea,Household,2022,May,Billion Cubic Meter,0.493408
South Korea,Power,2022,June,Billion Cubic Meter,1.71428
South Korea,Other,2022,June,Billion Cubic Meter,0.158984
South Korea,Industrial,2022,June,Billion Cubic Meter,1.555296
South Korea,Household,2022,June,Billion Cubic Meter,0.62288
South Korea,Power,2022,July,Billion Cubic Meter,2.062168
South Korea,Other,2022,July,Billion Cubic Meter,0.153272
South Korea,Industrial,2022,July,Billion Cubic Meter,1.544688
South Korea,Household,2022,July,Billion Cubic Meter,0.693328
South Korea,Power,2022,August,Billion Cubic Meter,1.854088
South Korea,Other,2022,August,Billion Cubic Meter,0.160344
South Korea,Industrial,2022,August,Billion Cubic Meter,1.437248
South Korea,Household,2022,August,Billion Cubic Meter,0.608192
South Korea,Power,2022,September,Billion Cubic Meter,1.721352
South Korea,Other,2022,September,Billion Cubic Meter,0.145656
South Korea,Industrial,2022,September,Billion Cubic Meter,1.363536
South Korea,Household,2022,September,Billion Cubic Meter,0.419016
South Korea,Power,2022,October,Billion Cubic Meter,1.659744
South Korea,Other,2022,October,Billion Cubic Meter,0.12716
South Korea,Industrial,2022,October,Billion Cubic Meter,1.808936
South Korea,Household,2022,October,Billion Cubic Meter,0.519656
South Korea,Power,2022,November,Billion Cubic Meter,1.733592
South Korea,Other,2022,November,Billion Cubic Meter,0.115872
South Korea,Industrial,2022,November,Billion Cubic Meter,2.319752
South Korea,Household,2022,November,Billion Cubic Meter,0.69088
South Korea,Power,2022,December,Billion Cubic Meter,2.094264
South Korea,Other,2022,December,Billion Cubic Meter,0.173128
South Korea,Industrial,2022,December,Billion Cubic Meter,4.361656
South Korea,Household,2022,December,Billion Cubic Meter,1.166744
South Korea,Power,2021,January,Billion Cubic Meter,2.237336
South Korea,Other,2021,January,Billion Cubic Meter,0.239088
South Korea,Industrial,2021,January,Billion Cubic Meter,4.352408
South Korea,Household,2021,January,Billion Cubic Meter,1.067872
South Korea,Power,2021,February,Billion Cubic Meter,1.80608
South Korea,Other,2021,February,Billion Cubic Meter,0.178976
South Korea,Industrial,2021,February,Billion Cubic Meter,3.248632
South Korea,Household,2021,February,Billion Cubic Meter,0.823072
South Korea,Power,2021,March,Billion Cubic Meter,2.145944
South Korea,Other,2021,March,Billion Cubic Meter,0.18904
South Korea,Industrial,2021,March,Billion Cubic Meter,2.726256
South Korea,Household,2021,March,Billion Cubic Meter,0.766088
South Korea,Power,2021,April,Billion Cubic Meter,1.891352
South Korea,Other,2021,April,Billion Cubic Meter,0.199512
South Korea,Industrial,2021,April,Billion Cubic Meter,1.9992
South Korea,Household,2021,April,Billion Cubic Meter,0.579224
South Korea,Power,2021,May,Billion Cubic Meter,1.799008
South Korea,Other,2021,May,Billion Cubic Meter,0.21964
South Korea,Industrial,2021,May,Billion Cubic Meter,1.691704
South Korea,Household,2021,May,Billion Cubic Meter,0.459272
South Korea,Power,2021,June,Billion Cubic Meter,1.985464
South Korea,Other,2021,June,Billion Cubic Meter,0.207536
South Korea,Industrial,2021,June,Billion Cubic Meter,1.49192
South Korea,Household,2021,June,Billion Cubic Meter,0.480624
South Korea,Power,2021,July,Billion Cubic Meter,2.313904
South Korea,Other,2021,July,Billion Cubic Meter,0.224808
South Korea,Industrial,2021,July,Billion Cubic Meter,1.484032
South Korea,Household,2021,July,Billion Cubic Meter,0.596904
South Korea,Power,2021,August,Billion Cubic Meter,2.04544
South Korea,Other,2021,August,Billion Cubic Meter,0.206448
South Korea,Industrial,2021,August,Billion Cubic Meter,1.403112
South Korea,Household,2021,August,Billion Cubic Meter,0.531352
South Korea,Power,2021,September,Billion Cubic Meter,1.859528
South Korea,Other,2021,September,Billion Cubic Meter,0.19176
South Korea,Industrial,2021,September,Billion Cubic Meter,1.418616
South Korea,Household,2021,September,Billion Cubic Meter,0.479808
South Korea,Power,2021,October,Billion Cubic Meter,1.887816
South Korea,Other,2021,October,Billion Cubic Meter,0.1938
South Korea,Industrial,2021,October,Billion Cubic Meter,1.830968
South Korea,Household,2021,October,Billion Cubic Meter,0.578816
South Korea,Power,2021,November,Billion Cubic Meter,1.79656
South Korea,Other,2021,November,Billion Cubic Meter,0.185776
South Korea,Industrial,2021,November,Billion Cubic Meter,2.685728
South Korea,Household,2021,November,Billion Cubic Meter,0.711552
South Korea,Power,2021,December,Billion Cubic Meter,1.811928
South Korea,Other,2021,December,Billion Cubic Meter,0.234872
South Korea,Industrial,2021,December,Billion Cubic Meter,3.887288
South Korea,Household,2021,December,Billion Cubic Meter,0.963152
South Korea,Power,2020,January,Billion Cubic Meter,1.98832
South Korea,Other,2020,January,Billion Cubic Meter,0.206312
South Korea,Industrial,2020,January,Billion Cubic Meter,3.573944
South Korea,Household,2020,January,Billion Cubic Meter,0.919632
South Korea,Power,2020,February,Billion Cubic Meter,1.744336
South Korea,Other,2020,February,Billion Cubic Meter,0.19312
South Korea,Industrial,2020,February,Billion Cubic Meter,3.225376
South Korea,Household,2020,February,Billion Cubic Meter,0.820488
South Korea,Power,2020,March,Billion Cubic Meter,1.753448
South Korea,Other,2020,March,Billion Cubic Meter,0.194752
South Korea,Industrial,2020,March,Billion Cubic Meter,2.6962
South Korea,Household,2020,March,Billion Cubic Meter,0.736984
South Korea,Power,2020,April,Billion Cubic Meter,1.199792
South Korea,Other,2020,April,Billion Cubic Meter,0.178432
South Korea,Industrial,2020,April,Billion Cubic Meter,2.126496
South Korea,Household,2020,April,Billion Cubic Meter,0.53856
South Korea,Power,2020,May,Billion Cubic Meter,1.034144
South Korea,Other,2020,May,Billion Cubic Meter,0.191216
South Korea,Industrial,2020,May,Billion Cubic Meter,1.465672
South Korea,Household,2020,May,Billion Cubic Meter,0.379712
South Korea,Power,2020,June,Billion Cubic Meter,1.368432
South Korea,Other,2020,June,Billion Cubic Meter,0.16932
South Korea,Industrial,2020,June,Billion Cubic Meter,1.35388
South Korea,Household,2020,June,Billion Cubic Meter,0.375904
South Korea,Power,2020,July,Billion Cubic Meter,1.501032
South Korea,Other,2020,July,Billion Cubic Meter,0.21896
South Korea,Industrial,2020,July,Billion Cubic Meter,1.366392
South Korea,Household,2020,July,Billion Cubic Meter,0.423776
South Korea,Power,2020,August,Billion Cubic Meter,1.973224
South Korea,Other,2020,August,Billion Cubic Meter,0.21896
South Korea,Industrial,2020,August,Billion Cubic Meter,1.338512
South Korea,Household,2020,August,Billion Cubic Meter,0.494224
South Korea,Power,2020,September,Billion Cubic Meter,1.794112
South Korea,Other,2020,September,Billion Cubic Meter,0.223176
South Korea,Industrial,2020,September,Billion Cubic Meter,1.377
South Korea,Household,2020,September,Billion Cubic Meter,0.413848
South Korea,Power,2020,October,Billion Cubic Meter,1.720264
South Korea,Other,2020,October,Billion Cubic Meter,0.230384
South Korea,Industrial,2020,October,Billion Cubic Meter,1.783776
South Korea,Household,2020,October,Billion Cubic Meter,0.439824
South Korea,Power,2020,November,Billion Cubic Meter,1.667088
South Korea,Other,2020,November,Billion Cubic Meter,0.224944
South Korea,Industrial,2020,November,Billion Cubic Meter,2.557072
South Korea,Household,2020,November,Billion Cubic Meter,0.7174
South Korea,Power,2020,December,Billion Cubic Meter,2.179672
South Korea,Other,2020,December,Billion Cubic Meter,0.264384
South Korea,Industrial,2020,December,Billion Cubic Meter,3.88416
South Korea,Household,2020,December,Billion Cubic Meter,0.986544
South Korea,Power,2019,January,Billion Cubic Meter,1.933512
South Korea,Other,2019,January,Billion Cubic Meter,0.167552
South Korea,Industrial,2019,January,Billion Cubic Meter,3.964808
South Korea,Household,2019,January,Billion Cubic Meter,0.784856
South Korea,Power,2019,February,Billion Cubic Meter,1.550128
South Korea,Other,2019,February,Billion Cubic Meter,0.165784
South Korea,Industrial,2019,February,Billion Cubic Meter,3.21232
South Korea,Household,2019,February,Billion Cubic Meter,0.63172
South Korea,Power,2019,March,Billion Cubic Meter,1.643424
South Korea,Other,2019,March,Billion Cubic Meter,0.134912
South Korea,Industrial,2019,March,Billion Cubic Meter,2.79752
South Korea,Household,2019,March,Billion Cubic Meter,0.61676
South Korea,Power,2019,April,Billion Cubic Meter,1.707072
South Korea,Other,2019,April,Billion Cubic Meter,0.158848
South Korea,Industrial,2019,April,Billion Cubic Meter,2.240056
South Korea,Household,2019,April,Billion Cubic Meter,0.407864
South Korea,Power,2019,May,Billion Cubic Meter,1.599768
South Korea,Other,2019,May,Billion Cubic Meter,0.133008
South Korea,Industrial,2019,May,Billion Cubic Meter,1.666816
South Korea,Household,2019,May,Billion Cubic Meter,0.304232
South Korea,Power,2019,June,Billion Cubic Meter,1.39536
South Korea,Other,2019,June,Billion Cubic Meter,0.156808
South Korea,Industrial,2019,June,Billion Cubic Meter,1.479
South Korea,Household,2019,June,Billion Cubic Meter,0.283016
South Korea,Power,2019,July,Billion Cubic Meter,1.87204
South Korea,Other,2019,July,Billion Cubic Meter,0.183736
South Korea,Industrial,2019,July,Billion Cubic Meter,1.456152
South Korea,Household,2019,July,Billion Cubic Meter,0.348024
South Korea,Power,2019,August,Billion Cubic Meter,1.926032
South Korea,Other,2019,August,Billion Cubic Meter,0.184824
South Korea,Industrial,2019,August,Billion Cubic Meter,1.379448
South Korea,Household,2019,August,Billion Cubic Meter,0.35292
South Korea,Power,2019,September,Billion Cubic Meter,1.504704
South Korea,Other,2019,September,Billion Cubic Meter,0.174216
South Korea,Industrial,2019,September,Billion Cubic Meter,1.338648
South Korea,Household,2019,September,Billion Cubic Meter,0.287912
South Korea,Power,2019,October,Billion Cubic Meter,1.491104
South Korea,Other,2019,October,Billion Cubic Meter,0.182784
South Korea,Industrial,2019,October,Billion Cubic Meter,1.699456
South Korea,Household,2019,October,Billion Cubic Meter,0.383112
South Korea,Power,2019,November,Billion Cubic Meter,1.755216
South Korea,Other,2019,November,Billion Cubic Meter,0.169728
South Korea,Industrial,2019,November,Billion Cubic Meter,2.570808
South Korea,Household,2019,November,Billion Cubic Meter,0.565216
South Korea,Power,2019,December,Billion Cubic Meter,2.294184
South Korea,Other,2019,December,Billion Cubic Meter,0.209576
South Korea,Industrial,2019,December,Billion Cubic Meter,3.547152
South Korea,Household,2019,December,Billion Cubic Meter,0.753576
Taiwan,Power,2024,January,Billion Cubic Meter,1.817
Taiwan,Other,2024,January,Billion Cubic Meter,0.1000395
Taiwan,Industrial,2024,January,Billion Cubic Meter,0.3666045
Taiwan,Household,2024,January,Billion Cubic Meter,0.081356
Taiwan,Power,2024,February,Billion Cubic Meter,1.47
Taiwan,Other,2024,February,Billion Cubic Meter,0.0826119
Taiwan,Industrial,2024,February,Billion Cubic Meter,0.3332049
Taiwan,Household,2024,February,Billion Cubic Meter,0.0671832
Taiwan,Power,2024,March,Billion Cubic Meter,1.628
Taiwan,Other,2024,March,Billion Cubic Meter,0.0923409
Taiwan,Industrial,2024,March,Billion Cubic Meter,0.3875639
Taiwan,Household,2024,March,Billion Cubic Meter,0.0750952
Taiwan,Power,2024,April,Billion Cubic Meter,1.726
Taiwan,Other,2024,April,Billion Cubic Meter,0.0953865
Taiwan,Industrial,2024,April,Billion Cubic Meter,0.3560415
Taiwan,Household,2024,April,Billion Cubic Meter,0.077572
Taiwan,Power,2024,May,Billion Cubic Meter,1.759
Taiwan,Other,2024,May,Billion Cubic Meter,0.0967824
Taiwan,Industrial,2024,May,Billion Cubic Meter,0.3535104
Taiwan,Household,2024,May,Billion Cubic Meter,0.0787072
Taiwan,Power,2024,June,Billion Cubic Meter,1.924
Taiwan,Other,2024,June,Billion Cubic Meter,0.1024506
Taiwan,Industrial,2024,June,Billion Cubic Meter,0.3122326
Taiwan,Household,2024,June,Billion Cubic Meter,0.0833168
Taiwan,Power,2024,July,Billion Cubic Meter,2.127
Taiwan,Other,2024,July,Billion Cubic Meter,0.111033703
Taiwan,Industrial,2024,July,Billion Cubic Meter,0.2901994
Taiwan,Household,2024,July,Billion Cubic Meter,0.090296912
Taiwan,Power,2024,August,Billion Cubic Meter,2.158
Taiwan,Other,2024,August,Billion Cubic Meter,0.1122219
Taiwan,Industrial,2024,August,Billion Cubic Meter,0.2915149
Taiwan,Household,2024,August,Billion Cubic Meter,0.0912632
Taiwan,Power,2024,September,Billion Cubic Meter,2.037
Taiwan,Other,2024,September,Billion Cubic Meter,0.1067229
Taiwan,Industrial,2024,September,Billion Cubic Meter,0.2924859
Taiwan,Household,2024,September,Billion Cubic Meter,0.0867912
Taiwan,Power,2024,October,Billion Cubic Meter,1.98
Taiwan,Other,2024,October,Billion Cubic Meter,0.1048617
Taiwan,Industrial,2024,October,Billion Cubic Meter,0.3088607
Taiwan,Household,2024,October,Billion Cubic Meter,0.0852776
Taiwan,Power,2024,November,Billion Cubic Meter,1.903
Taiwan,Other,2024,November,Billion Cubic Meter,0.1013508
Taiwan,Industrial,2024,November,Billion Cubic Meter,0.3092268
Taiwan,Household,2024,November,Billion Cubic Meter,0.0824224
Taiwan,Power,2024,December,Billion Cubic Meter,1.862
Taiwan,Other,2024,December,Billion Cubic Meter,0.1007163
Taiwan,Industrial,2024,December,Billion Cubic Meter,0.3363773
Taiwan,Household,2024,December,Billion Cubic Meter,0.0819064
Taiwan,Power,2023,January,Billion Cubic Meter,1.537
Taiwan,Other,2023,January,Billion Cubic Meter,0.0843885
Taiwan,Industrial,2023,January,Billion Cubic Meter,0.3049835
Taiwan,Household,2023,January,Billion Cubic Meter,0.068628
Taiwan,Power,2023,February,Billion Cubic Meter,1.568
Taiwan,Other,2023,February,Billion Cubic Meter,0.0880686
Taiwan,Industrial,2023,February,Billion Cubic Meter,0.3543106
Taiwan,Household,2023,February,Billion Cubic Meter,0.0716208
Taiwan,Power,2023,March,Billion Cubic Meter,1.699
Taiwan,Other,2023,March,Billion Cubic Meter,0.0962748
Taiwan,Industrial,2023,March,Billion Cubic Meter,0.4024308
Taiwan,Household,2023,March,Billion Cubic Meter,0.0782944
Taiwan,Power,2023,April,Billion Cubic Meter,1.597
Taiwan,Other,2023,April,Billion Cubic Meter,0.0897183
Taiwan,Industrial,2023,April,Billion Cubic Meter,0.3613193
Taiwan,Household,2023,April,Billion Cubic Meter,0.0729624
Taiwan,Power,2023,May,Billion Cubic Meter,1.703
Taiwan,Other,2023,May,Billion Cubic Meter,0.0941598
Taiwan,Industrial,2023,May,Billion Cubic Meter,0.3522658
Taiwan,Household,2023,May,Billion Cubic Meter,0.0765744
Taiwan,Power,2023,June,Billion Cubic Meter,1.7
Taiwan,Other,2023,June,Billion Cubic Meter,0.0925947
Taiwan,Industrial,2023,June,Billion Cubic Meter,0.3211037
Taiwan,Household,2023,June,Billion Cubic Meter,0.0753016
Taiwan,Power,2023,July,Billion Cubic Meter,1.89
Taiwan,Other,2023,July,Billion Cubic Meter,0.100251
Taiwan,Industrial,2023,July,Billion Cubic Meter,0.298221
Taiwan,Household,2023,July,Billion Cubic Meter,0.081528
Taiwan,Power,2023,August,Billion Cubic Meter,1.896
Taiwan,Other,2023,August,Billion Cubic Meter,0.1004625
Taiwan,Industrial,2023,August,Billion Cubic Meter,0.2968375
Taiwan,Household,2023,August,Billion Cubic Meter,0.0817
Taiwan,Power,2023,September,Billion Cubic Meter,1.748
Taiwan,Other,2023,September,Billion Cubic Meter,0.0942867
Taiwan,Industrial,2023,September,Billion Cubic Meter,0.3100357
Taiwan,Household,2023,September,Billion Cubic Meter,0.0766776
Taiwan,Power,2023,October,Billion Cubic Meter,1.764
Taiwan,Other,2023,October,Billion Cubic Meter,0.0946674
Taiwan,Industrial,2023,October,Billion Cubic Meter,0.3023454
Taiwan,Household,2023,October,Billion Cubic Meter,0.07786743
Taiwan,Power,2023,November,Billion Cubic Meter,1.695
Taiwan,Other,2023,November,Billion Cubic Meter,0.091422807
Taiwan,Industrial,2023,November,Billion Cubic Meter,0.3094843
Taiwan,Household,2023,November,Billion Cubic Meter,0.074348571
Taiwan,Power,2023,December,Billion Cubic Meter,1.809
Taiwan,Other,2023,December,Billion Cubic Meter,0.0978822
Taiwan,Industrial,2023,December,Billion Cubic Meter,0.3275162
Taiwan,Household,2023,December,Billion Cubic Meter,0.0796016
Taiwan,Power,2022,January,Billion Cubic Meter,1.721
Taiwan,Other,2022,January,Billion Cubic Meter,0.0880432
Taiwan,Industrial,2022,January,Billion Cubic Meter,0.3583468
Taiwan,Household,2022,January,Billion Cubic Meter,0.07861
Taiwan,Power,2022,February,Billion Cubic Meter,1.395
Taiwan,Other,2022,February,Billion Cubic Meter,0.073304
Taiwan,Industrial,2022,February,Billion Cubic Meter,0.336246
Taiwan,Household,2022,February,Billion Cubic Meter,0.06545
Taiwan,Power,2022,March,Billion Cubic Meter,1.773
Taiwan,Other,2022,March,Billion Cubic Meter,0.0921592
Taiwan,Industrial,2022,March,Billion Cubic Meter,0.4035558
Taiwan,Household,2022,March,Billion Cubic Meter,0.082285
Taiwan,Power,2022,April,Billion Cubic Meter,1.561
Taiwan,Other,2022,April,Billion Cubic Meter,0.08134
Taiwan,Industrial,2022,April,Billion Cubic Meter,0.360035
Taiwan,Household,2022,April,Billion Cubic Meter,0.072625
Taiwan,Power,2022,May,Billion Cubic Meter,1.658
Taiwan,Other,2022,May,Billion Cubic Meter,0.0851816
Taiwan,Industrial,2022,May,Billion Cubic Meter,0.3537634
Taiwan,Household,2022,May,Billion Cubic Meter,0.076055
Taiwan,Power,2022,June,Billion Cubic Meter,1.797
Taiwan,Other,2022,June,Billion Cubic Meter,0.0893368
Taiwan,Industrial,2022,June,Billion Cubic Meter,0.3128982
Taiwan,Household,2022,June,Billion Cubic Meter,0.079765
Taiwan,Power,2022,July,Billion Cubic Meter,2.015
Taiwan,Other,2022,July,Billion Cubic Meter,0.0979216
Taiwan,Industrial,2022,July,Billion Cubic Meter,0.2976484
Taiwan,Household,2022,July,Billion Cubic Meter,0.08743
Taiwan,Power,2022,August,Billion Cubic Meter,1.979
Taiwan,Other,2022,August,Billion Cubic Meter,0.0964712
Taiwan,Industrial,2022,August,Billion Cubic Meter,0.2993938
Taiwan,Household,2022,August,Billion Cubic Meter,0.086135
Taiwan,Power,2022,September,Billion Cubic Meter,1.831
Taiwan,Other,2022,September,Billion Cubic Meter,0.0900424
Taiwan,Industrial,2022,September,Billion Cubic Meter,0.2955626
Taiwan,Household,2022,September,Billion Cubic Meter,0.080395
Taiwan,Power,2022,October,Billion Cubic Meter,1.821
Taiwan,Other,2022,October,Billion Cubic Meter,0.0900816
Taiwan,Industrial,2022,October,Billion Cubic Meter,0.3064884
Taiwan,Household,2022,October,Billion Cubic Meter,0.08043
Taiwan,Power,2022,November,Billion Cubic Meter,1.647
Taiwan,Other,2022,November,Billion Cubic Meter,0.0832216
Taiwan,Industrial,2022,November,Billion Cubic Meter,0.3184734
Taiwan,Household,2022,November,Billion Cubic Meter,0.074305
Taiwan,Power,2022,December,Billion Cubic Meter,1.79
Taiwan,Other,2022,December,Billion Cubic Meter,0.0904344
Taiwan,Industrial,2022,December,Billion Cubic Meter,0.3458206
Taiwan,Household,2022,December,Billion Cubic Meter,0.080745
Taiwan,Power,2021,January,Billion Cubic Meter,1.589
Taiwan,Other,2021,January,Billion Cubic Meter,0.0828432
Taiwan,Industrial,2021,January,Billion Cubic Meter,0.3469368
Taiwan,Household,2021,January,Billion Cubic Meter,0.07322
Taiwan,Power,2021,February,Billion Cubic Meter,1.215
Taiwan,Other,2021,February,Billion Cubic Meter,0.065736
Taiwan,Industrial,2021,February,Billion Cubic Meter,0.321164
Taiwan,Household,2021,February,Billion Cubic Meter,0.0581
Taiwan,Power,2021,March,Billion Cubic Meter,1.572
Taiwan,Other,2021,March,Billion Cubic Meter,0.082764
Taiwan,Industrial,2021,March,Billion Cubic Meter,0.362086
Taiwan,Household,2021,March,Billion Cubic Meter,0.07315
Taiwan,Power,2021,April,Billion Cubic Meter,1.557
Taiwan,Other,2021,April,Billion Cubic Meter,0.08118
Taiwan,Industrial,2021,April,Billion Cubic Meter,0.34007
Taiwan,Household,2021,April,Billion Cubic Meter,0.07175
Taiwan,Power,2021,May,Billion Cubic Meter,1.731
Taiwan,Other,2021,May,Billion Cubic Meter,0.087916784
Taiwan,Industrial,2021,May,Billion Cubic Meter,0.3104324
Taiwan,Household,2021,May,Billion Cubic Meter,0.077704228
Taiwan,Power,2021,June,Billion Cubic Meter,1.627
Taiwan,Other,2021,June,Billion Cubic Meter,0.082566
Taiwan,Industrial,2021,June,Billion Cubic Meter,0.302459
Taiwan,Household,2021,June,Billion Cubic Meter,0.072975
Taiwan,Power,2021,July,Billion Cubic Meter,1.869
Taiwan,Other,2021,July,Billion Cubic Meter,0.0923472
Taiwan,Industrial,2021,July,Billion Cubic Meter,0.2890328
Taiwan,Household,2021,July,Billion Cubic Meter,0.08162
Taiwan,Power,2021,August,Billion Cubic Meter,1.799
Taiwan,Other,2021,August,Billion Cubic Meter,0.0895752
Taiwan,Industrial,2021,August,Billion Cubic Meter,0.2942548
Taiwan,Household,2021,August,Billion Cubic Meter,0.07917
Taiwan,Power,2021,September,Billion Cubic Meter,1.757
Taiwan,Other,2021,September,Billion Cubic Meter,0.0874764
Taiwan,Industrial,2021,September,Billion Cubic Meter,0.2872086
Taiwan,Household,2021,September,Billion Cubic Meter,0.077315
Taiwan,Power,2021,October,Billion Cubic Meter,1.876
Taiwan,Other,2021,October,Billion Cubic Meter,0.0925056
Taiwan,Industrial,2021,October,Billion Cubic Meter,0.2857344
Taiwan,Household,2021,October,Billion Cubic Meter,0.08176
Taiwan,Power,2021,November,Billion Cubic Meter,1.828
Taiwan,Other,2021,November,Billion Cubic Meter,0.091674
Taiwan,Industrial,2021,November,Billion Cubic Meter,0.314301
Taiwan,Household,2021,November,Billion Cubic Meter,0.081025
Taiwan,Power,2021,December,Billion Cubic Meter,1.78
Taiwan,Other,2021,December,Billion Cubic Meter,0.090486
Taiwan,Industrial,2021,December,Billion Cubic Meter,0.334539
Taiwan,Household,2021,December,Billion Cubic Meter,0.079975
Taiwan,Power,2020,January,Billion Cubic Meter,1.397
Taiwan,Other,2020,January,Billion Cubic Meter,0.0780129
Taiwan,Industrial,2020,January,Billion Cubic Meter,0.2831092
Taiwan,Household,2020,January,Billion Cubic Meter,0.0688779
Taiwan,Power,2020,February,Billion Cubic Meter,1.439
Taiwan,Other,2020,February,Billion Cubic Meter,0.0805322
Taiwan,Industrial,2020,February,Billion Cubic Meter,0.2953656
Taiwan,Household,2020,February,Billion Cubic Meter,0.0711022
Taiwan,Power,2020,March,Billion Cubic Meter,1.594
Taiwan,Other,2020,March,Billion Cubic Meter,0.0881328
Taiwan,Industrial,2020,March,Billion Cubic Meter,0.3040544
Taiwan,Household,2020,March,Billion Cubic Meter,0.0778128
Taiwan,Power,2020,April,Billion Cubic Meter,1.403
Taiwan,Other,2020,April,Billion Cubic Meter,0.0786961
Taiwan,Industrial,2020,April,Billion Cubic Meter,0.2918228
Taiwan,Household,2020,April,Billion Cubic Meter,0.0694811
Taiwan,Power,2020,May,Billion Cubic Meter,1.627
Taiwan,Other,2020,May,Billion Cubic Meter,0.0868091
Taiwan,Industrial,2020,May,Billion Cubic Meter,0.2425468
Taiwan,Household,2020,May,Billion Cubic Meter,0.0766441
Taiwan,Power,2020,June,Billion Cubic Meter,1.615
Taiwan,Other,2020,June,Billion Cubic Meter,0.085759514
Taiwan,Industrial,2020,June,Billion Cubic Meter,0.2416724
Taiwan,Household,2020,June,Billion Cubic Meter,0.075717416
Taiwan,Power,2020,July,Billion Cubic Meter,1.688
Taiwan,Other,2020,July,Billion Cubic Meter,0.0891149
Taiwan,Industrial,2020,July,Billion Cubic Meter,0.2312052
Taiwan,Household,2020,July,Billion Cubic Meter,0.0786799
Taiwan,Power,2020,August,Billion Cubic Meter,1.625
Taiwan,Other,2020,August,Billion Cubic Meter,0.0867664
Taiwan,Industrial,2020,August,Billion Cubic Meter,0.2436272
Taiwan,Household,2020,August,Billion Cubic Meter,0.0766064
Taiwan,Power,2020,September,Billion Cubic Meter,1.517
Taiwan,Other,2020,September,Billion Cubic Meter,0.0823683
Taiwan,Industrial,2020,September,Billion Cubic Meter,0.2569084
Taiwan,Household,2020,September,Billion Cubic Meter,0.0727233
Taiwan,Power,2020,October,Billion Cubic Meter,1.591
Taiwan,Other,2020,October,Billion Cubic Meter,0.0860405
Taiwan,Industrial,2020,October,Billion Cubic Meter,0.261994
Taiwan,Household,2020,October,Billion Cubic Meter,0.0759655
Taiwan,Power,2020,November,Billion Cubic Meter,1.632
Taiwan,Other,2020,November,Billion Cubic Meter,0.0882182
Taiwan,Industrial,2020,November,Billion Cubic Meter,0.2678936
Taiwan,Household,2020,November,Billion Cubic Meter,0.0778882
Taiwan,Power,2020,December,Billion Cubic Meter,1.687
Taiwan,Other,2020,December,Billion Cubic Meter,0.0917623
Taiwan,Industrial,2020,December,Billion Cubic Meter,0.2892204
Taiwan,Household,2020,December,Billion Cubic Meter,0.0810173
Taiwan,Power,2019,January,Billion Cubic Meter,1.416
Taiwan,Other,2019,January,Billion Cubic Meter,0.0752136
Taiwan,Industrial,2019,January,Billion Cubic Meter,0.2852688
Taiwan,Household,2019,January,Billion Cubic Meter,0.0715176
Taiwan,Power,2019,February,Billion Cubic Meter,1.1
Taiwan,Other,2019,February,Billion Cubic Meter,0.0599104
Taiwan,Industrial,2019,February,Billion Cubic Meter,0.2551232
Taiwan,Household,2019,February,Billion Cubic Meter,0.0569664
Taiwan,Power,2019,March,Billion Cubic Meter,1.302
Taiwan,Other,2019,March,Billion Cubic Meter,0.070658964
Taiwan,Industrial,2019,March,Billion Cubic Meter,0.2841938
Taiwan,Household,2019,March,Billion Cubic Meter,0.067186779
Taiwan,Power,2019,April,Billion Cubic Meter,1.45
Taiwan,Other,2019,April,Billion Cubic Meter,0.076239172
Taiwan,Industrial,2019,April,Billion Cubic Meter,0.2567924
Taiwan,Household,2019,April,Billion Cubic Meter,0.072492775
Taiwan,Power,2019,May,Billion Cubic Meter,1.367
Taiwan,Other,2019,May,Billion Cubic Meter,0.0726088
Taiwan,Industrial,2019,May,Billion Cubic Meter,0.2753504
Taiwan,Household,2019,May,Billion Cubic Meter,0.0690408
Taiwan,Power,2019,June,Billion Cubic Meter,1.288
Taiwan,Other,2019,June,Billion Cubic Meter,0.0683353
Taiwan,Industrial,2019,June,Billion Cubic Meter,0.2576874
Taiwan,Household,2019,June,Billion Cubic Meter,0.0649773
Taiwan,Power,2019,July,Billion Cubic Meter,1.621
Taiwan,Other,2019,July,Billion Cubic Meter,0.0823361
Taiwan,Industrial,2019,July,Billion Cubic Meter,0.2413738
Taiwan,Household,2019,July,Billion Cubic Meter,0.0782901
Taiwan,Power,2019,August,Billion Cubic Meter,1.485
Taiwan,Other,2019,August,Billion Cubic Meter,0.0764346
Taiwan,Industrial,2019,August,Billion Cubic Meter,0.2438868
Taiwan,Household,2019,August,Billion Cubic Meter,0.0726786
Taiwan,Power,2019,September,Billion Cubic Meter,1.387
Taiwan,Other,2019,September,Billion Cubic Meter,0.0719983
Taiwan,Industrial,2019,September,Billion Cubic Meter,0.2415414
Taiwan,Household,2019,September,Billion Cubic Meter,0.0684603
Taiwan,Power,2019,October,Billion Cubic Meter,1.552
Taiwan,Other,2019,October,Billion Cubic Meter,0.0792022
Taiwan,Industrial,2019,October,Billion Cubic Meter,0.2394876
Taiwan,Household,2019,October,Billion Cubic Meter,0.0753102
Taiwan,Power,2019,November,Billion Cubic Meter,1.648
Taiwan,Other,2019,November,Billion Cubic Meter,0.0835978
Taiwan,Industrial,2019,November,Billion Cubic Meter,0.2429124
Taiwan,Household,2019,November,Billion Cubic Meter,0.0794898
Taiwan,Power,2019,December,Billion Cubic Meter,1.526
Taiwan,Other,2019,December,Billion Cubic Meter,0.0789987
Taiwan,Industrial,2019,December,Billion Cubic Meter,0.2608846
Taiwan,Household,2019,December,Billion Cubic Meter,0.0751167
Thailand,Power,2024,January,Billion Cubic Meter,2.20509
Thailand,Other,2024,January,Billion Cubic Meter,0.09217
Thailand,Industrial,2024,January,Billion Cubic Meter,1.41505
Thailand,Power,2024,February,Billion Cubic Meter,2.29604
Thailand,Other,2024,February,Billion Cubic Meter,0.08869
Thailand,Industrial,2024,February,Billion Cubic Meter,1.32458
Thailand,Power,2024,March,Billion Cubic Meter,2.86082
Thailand,Other,2024,March,Billion Cubic Meter,0.0948
Thailand,Industrial,2024,March,Billion Cubic Meter,1.34307
Thailand,Power,2024,April,Billion Cubic Meter,2.86283
Thailand,Other,2024,April,Billion Cubic Meter,0.08495
Thailand,Industrial,2024,April,Billion Cubic Meter,1.35156
Thailand,Power,2024,May,Billion Cubic Meter,2.94597
Thailand,Other,2024,May,Billion Cubic Meter,0.08954
Thailand,Industrial,2024,May,Billion Cubic Meter,1.39925
Thailand,Power,2024,June,Billion Cubic Meter,2.69888
Thailand,Other,2024,June,Billion Cubic Meter,0.08665
Thailand,Industrial,2024,June,Billion Cubic Meter,1.3796
Thailand,Power,2024,July,Billion Cubic Meter,2.41313
Thailand,Other,2024,July,Billion Cubic Meter,0.08515
Thailand,Industrial,2024,July,Billion Cubic Meter,1.39486
Thailand,Power,2024,August,Billion Cubic Meter,2.60801
Thailand,Other,2024,August,Billion Cubic Meter,0.08603
Thailand,Industrial,2024,August,Billion Cubic Meter,1.43963
Thailand,Power,2024,September,Billion Cubic Meter,2.27073
Thailand,Other,2024,September,Billion Cubic Meter,0.07985
Thailand,Industrial,2024,September,Billion Cubic Meter,1.38639
Thailand,Power,2024,October,Billion Cubic Meter,2.35344
Thailand,Other,2024,October,Billion Cubic Meter,0.08164
Thailand,Industrial,2024,October,Billion Cubic Meter,1.47474
Thailand,Power,2024,November,Billion Cubic Meter,2.31745
Thailand,Other,2024,November,Billion Cubic Meter,0.08155
Thailand,Industrial,2024,November,Billion Cubic Meter,1.40508
Thailand,Power,2024,December,Billion Cubic Meter,2.07254
Thailand,Other,2024,December,Billion Cubic Meter,0.08076
Thailand,Industrial,2024,December,Billion Cubic Meter,1.38169
Thailand,Power,2023,January,Billion Cubic Meter,1.74862
Thailand,Other,2023,January,Billion Cubic Meter,0.10973
Thailand,Industrial,2023,January,Billion Cubic Meter,1.29215
Thailand,Power,2023,February,Billion Cubic Meter,1.90924
Thailand,Other,2023,February,Billion Cubic Meter,0.10228
Thailand,Industrial,2023,February,Billion Cubic Meter,1.26384
Thailand,Power,2023,March,Billion Cubic Meter,2.40084
Thailand,Other,2023,March,Billion Cubic Meter,0.11499
Thailand,Industrial,2023,March,Billion Cubic Meter,1.36501
Thailand,Power,2023,April,Billion Cubic Meter,2.60713
Thailand,Other,2023,April,Billion Cubic Meter,0.10109
Thailand,Industrial,2023,April,Billion Cubic Meter,1.28275
Thailand,Power,2023,May,Billion Cubic Meter,2.91086
Thailand,Other,2023,May,Billion Cubic Meter,0.10885
Thailand,Industrial,2023,May,Billion Cubic Meter,1.34746
Thailand,Power,2023,June,Billion Cubic Meter,2.65046
Thailand,Other,2023,June,Billion Cubic Meter,0.10534
Thailand,Industrial,2023,June,Billion Cubic Meter,1.30739
Thailand,Power,2023,July,Billion Cubic Meter,2.64312
Thailand,Other,2023,July,Billion Cubic Meter,0.10446
Thailand,Industrial,2023,July,Billion Cubic Meter,1.40364
Thailand,Power,2023,August,Billion Cubic Meter,2.51759
Thailand,Other,2023,August,Billion Cubic Meter,0.10358
Thailand,Industrial,2023,August,Billion Cubic Meter,1.41593
Thailand,Power,2023,September,Billion Cubic Meter,2.28772
Thailand,Other,2023,September,Billion Cubic Meter,0.09684
Thailand,Industrial,2023,September,Billion Cubic Meter,1.31843
Thailand,Power,2023,October,Billion Cubic Meter,2.22704
Thailand,Other,2023,October,Billion Cubic Meter,0.0948
Thailand,Industrial,2023,October,Billion Cubic Meter,1.42997
Thailand,Power,2023,November,Billion Cubic Meter,2.20702
Thailand,Other,2023,November,Billion Cubic Meter,0.09599
Thailand,Industrial,2023,November,Billion Cubic Meter,1.32693
Thailand,Power,2023,December,Billion Cubic Meter,2.11116
Thailand,Other,2023,December,Billion Cubic Meter,0.0948
Thailand,Industrial,2023,December,Billion Cubic Meter,1.37555
Thailand,Power,2022,January,Billion Cubic Meter,2.04357
Thailand,Other,2022,January,Billion Cubic Meter,0.10007
Thailand,Industrial,2022,January,Billion Cubic Meter,1.40452
Thailand,Power,2022,February,Billion Cubic Meter,2.08208
Thailand,Other,2022,February,Billion Cubic Meter,0.09673
Thailand,Industrial,2022,February,Billion Cubic Meter,1.28287
Thailand,Power,2022,March,Billion Cubic Meter,2.59221
Thailand,Other,2022,March,Billion Cubic Meter,0.10797
Thailand,Industrial,2022,March,Billion Cubic Meter,1.47825
Thailand,Power,2022,April,Billion Cubic Meter,2.12631
Thailand,Other,2022,April,Billion Cubic Meter,0.09684
Thailand,Industrial,2022,April,Billion Cubic Meter,1.45265
Thailand,Power,2022,May,Billion Cubic Meter,2.24371
Thailand,Other,2022,May,Billion Cubic Meter,0.10973
Thailand,Industrial,2022,May,Billion Cubic Meter,1.33253
Thailand,Power,2022,June,Billion Cubic Meter,2.2376
Thailand,Other,2022,June,Billion Cubic Meter,0.11044
Thailand,Industrial,2022,June,Billion Cubic Meter,1.32608
Thailand,Power,2022,July,Billion Cubic Meter,2.13135
Thailand,Other,2022,July,Billion Cubic Meter,0.10797
Thailand,Industrial,2022,July,Billion Cubic Meter,1.37204
Thailand,Power,2022,August,Billion Cubic Meter,2.02514
Thailand,Other,2022,August,Billion Cubic Meter,0.10973
Thailand,Industrial,2022,August,Billion Cubic Meter,1.4089
Thailand,Power,2022,September,Billion Cubic Meter,2.02097
Thailand,Other,2022,September,Billion Cubic Meter,0.10364
Thailand,Industrial,2022,September,Billion Cubic Meter,1.31928
Thailand,Power,2022,October,Billion Cubic Meter,1.7969
Thailand,Other,2022,October,Billion Cubic Meter,0.10534
Thailand,Industrial,2022,October,Billion Cubic Meter,1.35711
Thailand,Power,2022,November,Billion Cubic Meter,2.05325
Thailand,Other,2022,November,Billion Cubic Meter,0.10364
Thailand,Industrial,2022,November,Billion Cubic Meter,1.32438
Thailand,Power,2022,December,Billion Cubic Meter,1.83728
Thailand,Other,2022,December,Billion Cubic Meter,0.10973
Thailand,Industrial,2022,December,Billion Cubic Meter,1.30796
Thailand,Power,2021,January,Billion Cubic Meter,2.07868
Thailand,Other,2021,January,Billion Cubic Meter,0.10358
Thailand,Industrial,2021,January,Billion Cubic Meter,1.45806
Thailand,Power,2021,February,Billion Cubic Meter,2.12807
Thailand,Other,2021,February,Billion Cubic Meter,0.06819
Thailand,Industrial,2021,February,Billion Cubic Meter,1.4018
Thailand,Power,2021,March,Billion Cubic Meter,2.7072
Thailand,Other,2021,March,Billion Cubic Meter,0.12904
Thailand,Industrial,2021,March,Billion Cubic Meter,1.51249
Thailand,Power,2021,April,Billion Cubic Meter,2.33614
Thailand,Other,2021,April,Billion Cubic Meter,0.10279
Thailand,Industrial,2021,April,Billion Cubic Meter,1.43736
Thailand,Power,2021,May,Billion Cubic Meter,2.65541
Thailand,Other,2021,May,Billion Cubic Meter,0.10007
Thailand,Industrial,2021,May,Billion Cubic Meter,1.56077
Thailand,Power,2021,June,Billion Cubic Meter,2.32934
Thailand,Other,2021,June,Billion Cubic Meter,0.10194
Thailand,Industrial,2021,June,Billion Cubic Meter,1.52996
Thailand,Power,2021,July,Billion Cubic Meter,2.14715
Thailand,Other,2021,July,Billion Cubic Meter,0.08866
Thailand,Industrial,2021,July,Billion Cubic Meter,1.32727
Thailand,Power,2021,August,Billion Cubic Meter,2.13925
Thailand,Other,2021,August,Billion Cubic Meter,0.08427
Thailand,Industrial,2021,August,Billion Cubic Meter,1.5002
Thailand,Power,2021,September,Billion Cubic Meter,2.16114
Thailand,Other,2021,September,Billion Cubic Meter,0.08665
Thailand,Industrial,2021,September,Billion Cubic Meter,1.39149
Thailand,Power,2021,October,Billion Cubic Meter,2.15856
Thailand,Other,2021,October,Billion Cubic Meter,0.0948
Thailand,Industrial,2021,October,Billion Cubic Meter,1.38784
Thailand,Power,2021,November,Billion Cubic Meter,2.12291
Thailand,Other,2021,November,Billion Cubic Meter,0.09939
Thailand,Industrial,2021,November,Billion Cubic Meter,1.41952
Thailand,Power,2021,December,Billion Cubic Meter,1.94262
Thailand,Other,2021,December,Billion Cubic Meter,0.10446
Thailand,Industrial,2021,December,Billion Cubic Meter,1.42558
Thailand,Power,2020,January,Billion Cubic Meter,2.25337
Thailand,Other,2020,January,Billion Cubic Meter,0.15537
Thailand,Industrial,2020,January,Billion Cubic Meter,1.47211
Thailand,Power,2020,February,Billion Cubic Meter,2.20243
Thailand,Other,2020,February,Billion Cubic Meter,0.14617
Thailand,Industrial,2020,February,Billion Cubic Meter,1.38452
Thailand,Power,2020,March,Billion Cubic Meter,2.53778
Thailand,Other,2020,March,Billion Cubic Meter,0.1387
Thailand,Industrial,2020,March,Billion Cubic Meter,1.5555
Thailand,Power,2020,April,Billion Cubic Meter,2.15944
Thailand,Other,2020,April,Billion Cubic Meter,0.0909
Thailand,Industrial,2020,April,Billion Cubic Meter,1.35921
Thailand,Power,2020,May,Billion Cubic Meter,2.28585
Thailand,Other,2020,May,Billion Cubic Meter,0.10271
Thailand,Industrial,2020,May,Billion Cubic Meter,1.28425
Thailand,Power,2020,June,Billion Cubic Meter,2.26818
Thailand,Other,2020,June,Billion Cubic Meter,0.11213
Thailand,Industrial,2020,June,Billion Cubic Meter,1.29719
Thailand,Power,2020,July,Billion Cubic Meter,2.51408
Thailand,Other,2020,July,Billion Cubic Meter,0.07988
Thailand,Industrial,2020,July,Billion Cubic Meter,1.39047
Thailand,Power,2020,August,Billion Cubic Meter,2.18314
Thailand,Other,2020,August,Billion Cubic Meter,0.12641
Thailand,Industrial,2020,August,Billion Cubic Meter,1.41681
Thailand,Power,2020,September,Billion Cubic Meter,2.20871
Thailand,Other,2020,September,Billion Cubic Meter,0.12148
Thailand,Industrial,2020,September,Billion Cubic Meter,1.42207
Thailand,Power,2020,October,Billion Cubic Meter,2.11731
Thailand,Other,2020,October,Billion Cubic Meter,0.12026
Thailand,Industrial,2020,October,Billion Cubic Meter,1.48001
Thailand,Power,2020,November,Billion Cubic Meter,2.14925
Thailand,Other,2020,November,Billion Cubic Meter,0.12318
Thailand,Industrial,2020,November,Billion Cubic Meter,1.41358
Thailand,Power,2020,December,Billion Cubic Meter,2.04884
Thailand,Other,2020,December,Billion Cubic Meter,0.12114
Thailand,Industrial,2020,December,Billion Cubic Meter,1.42734
Thailand,Power,2019,January,Billion Cubic Meter,2.23845
Thailand,Other,2019,January,Billion Cubic Meter,0.17381
Thailand,Industrial,2019,January,Billion Cubic Meter,1.4528
Thailand,Power,2019,February,Billion Cubic Meter,2.23193
Thailand,Other,2019,February,Billion Cubic Meter,0.16492
Thailand,Industrial,2019,February,Billion Cubic Meter,1.40259
Thailand,Power,2019,March,Billion Cubic Meter,2.57816
Thailand,Other,2019,March,Billion Cubic Meter,0.1861
Thailand,Industrial,2019,March,Billion Cubic Meter,1.57306
Thailand,Power,2019,April,Billion Cubic Meter,2.54427
Thailand,Other,2019,April,Billion Cubic Meter,0.1665
Thailand,Industrial,2019,April,Billion Cubic Meter,1.52316
Thailand,Power,2019,May,Billion Cubic Meter,2.71686
Thailand,Other,2019,May,Billion Cubic Meter,0.1782
Thailand,Industrial,2019,May,Billion Cubic Meter,1.50634
Thailand,Power,2019,June,Billion Cubic Meter,2.48565
Thailand,Other,2019,June,Billion Cubic Meter,0.16735
Thailand,Industrial,2019,June,Billion Cubic Meter,1.53336
Thailand,Power,2019,July,Billion Cubic Meter,2.44386
Thailand,Other,2019,July,Billion Cubic Meter,0.16854
Thailand,Industrial,2019,July,Billion Cubic Meter,1.59676
Thailand,Power,2019,August,Billion Cubic Meter,2.26039
Thailand,Other,2019,August,Billion Cubic Meter,0.16766
Thailand,Industrial,2019,August,Billion Cubic Meter,1.60905
Thailand,Power,2019,September,Billion Cubic Meter,2.23675
Thailand,Other,2019,September,Billion Cubic Meter,0.15291
Thailand,Industrial,2019,September,Billion Cubic Meter,1.57243
Thailand,Power,2019,October,Billion Cubic Meter,2.5053
Thailand,Other,2019,October,Billion Cubic Meter,0.1624
Thailand,Industrial,2019,October,Billion Cubic Meter,1.52653
Thailand,Power,2019,November,Billion Cubic Meter,2.4933
Thailand,Other,2019,November,Billion Cubic Meter,0.15716
Thailand,Industrial,2019,November,Billion Cubic Meter,1.53166
Thailand,Power,2019,December,Billion Cubic Meter,2.14276
Thailand,Other,2019,December,Billion Cubic Meter,0.15625
Thailand,Industrial,2019,December,Billion Cubic Meter,1.50898
Vietnam,Power,2024,January,Billion Cubic Meter,0.43596
Vietnam,Other,2024,January,Billion Cubic Meter,0.0018684
Vietnam,Industrial,2024,January,Billion Cubic Meter,0.1849716
Vietnam,Household,2024,January,Billion Cubic Meter,0
Vietnam,Power,2024,February,Billion Cubic Meter,0.41174
Vietnam,Other,2024,February,Billion Cubic Meter,0.0017646
Vietnam,Industrial,2024,February,Billion Cubic Meter,0.1746954
Vietnam,Household,2024,February,Billion Cubic Meter,0
Vietnam,Power,2024,March,Billion Cubic Meter,0.402052
Vietnam,Other,2024,March,Billion Cubic Meter,0.00172308
Vietnam,Industrial,2024,March,Billion Cubic Meter,0.17058492
Vietnam,Household,2024,March,Billion Cubic Meter,0
Vietnam,Power,2024,April,Billion Cubic Meter,0.392364
Vietnam,Other,2024,April,Billion Cubic Meter,0.00168156
Vietnam,Industrial,2024,April,Billion Cubic Meter,0.16647444
Vietnam,Household,2024,April,Billion Cubic Meter,0
Vietnam,Power,2024,May,Billion Cubic Meter,0.377832
Vietnam,Other,2024,May,Billion Cubic Meter,0.00161928
Vietnam,Industrial,2024,May,Billion Cubic Meter,0.16030872
Vietnam,Household,2024,May,Billion Cubic Meter,0
Vietnam,Power,2024,June,Billion Cubic Meter,0.368144
Vietnam,Other,2024,June,Billion Cubic Meter,0.00157776
Vietnam,Industrial,2024,June,Billion Cubic Meter,0.15619824
Vietnam,Household,2024,June,Billion Cubic Meter,0
Vietnam,Power,2024,July,Billion Cubic Meter,0.3633
Vietnam,Other,2024,July,Billion Cubic Meter,0.001557
Vietnam,Industrial,2024,July,Billion Cubic Meter,0.154143
Vietnam,Household,2024,July,Billion Cubic Meter,0
Vietnam,Power,2024,August,Billion Cubic Meter,0.372988
Vietnam,Other,2024,August,Billion Cubic Meter,0.00159852
Vietnam,Industrial,2024,August,Billion Cubic Meter,0.15825348
Vietnam,Household,2024,August,Billion Cubic Meter,0
Vietnam,Power,2024,September,Billion Cubic Meter,0.402052
Vietnam,Other,2024,September,Billion Cubic Meter,0.00172308
Vietnam,Industrial,2024,September,Billion Cubic Meter,0.17058492
Vietnam,Household,2024,September,Billion Cubic Meter,0
Vietnam,Power,2024,October,Billion Cubic Meter,0.416584
Vietnam,Other,2024,October,Billion Cubic Meter,0.00178536
Vietnam,Industrial,2024,October,Billion Cubic Meter,0.17675064
Vietnam,Household,2024,October,Billion Cubic Meter,0
Vietnam,Power,2024,November,Billion Cubic Meter,0.440804
Vietnam,Other,2024,November,Billion Cubic Meter,0.00188916
Vietnam,Industrial,2024,November,Billion Cubic Meter,0.18702684
Vietnam,Household,2024,November,Billion Cubic Meter,0
Vietnam,Power,2024,December,Billion Cubic Meter,0.46018
Vietnam,Other,2024,December,Billion Cubic Meter,0.0019722
Vietnam,Industrial,2024,December,Billion Cubic Meter,0.1952478
Vietnam,Household,2024,December,Billion Cubic Meter,0
Vietnam,Power,2023,January,Billion Cubic Meter,0.4536
Vietnam,Other,2023,January,Billion Cubic Meter,0.001944
Vietnam,Industrial,2023,January,Billion Cubic Meter,0.192456
Vietnam,Household,2023,January,Billion Cubic Meter,0
Vietnam,Power,2023,February,Billion Cubic Meter,0.4284
Vietnam,Other,2023,February,Billion Cubic Meter,0.001836
Vietnam,Industrial,2023,February,Billion Cubic Meter,0.181764
Vietnam,Household,2023,February,Billion Cubic Meter,0
Vietnam,Power,2023,March,Billion Cubic Meter,0.41832
Vietnam,Other,2023,March,Billion Cubic Meter,0.0017928
Vietnam,Industrial,2023,March,Billion Cubic Meter,0.1774872
Vietnam,Household,2023,March,Billion Cubic Meter,0
Vietnam,Power,2023,April,Billion Cubic Meter,0.40824
Vietnam,Other,2023,April,Billion Cubic Meter,0.0017496
Vietnam,Industrial,2023,April,Billion Cubic Meter,0.1732104
Vietnam,Household,2023,April,Billion Cubic Meter,0
Vietnam,Power,2023,May,Billion Cubic Meter,0.39312
Vietnam,Other,2023,May,Billion Cubic Meter,0.0016848
Vietnam,Industrial,2023,May,Billion Cubic Meter,0.1667952
Vietnam,Household,2023,May,Billion Cubic Meter,0
Vietnam,Power,2023,June,Billion Cubic Meter,0.38304
Vietnam,Other,2023,June,Billion Cubic Meter,0.0016416
Vietnam,Industrial,2023,June,Billion Cubic Meter,0.1625184
Vietnam,Household,2023,June,Billion Cubic Meter,0
Vietnam,Power,2023,July,Billion Cubic Meter,0.378
Vietnam,Other,2023,July,Billion Cubic Meter,0.00162
Vietnam,Industrial,2023,July,Billion Cubic Meter,0.16038
Vietnam,Household,2023,July,Billion Cubic Meter,0
Vietnam,Power,2023,August,Billion Cubic Meter,0.38808
Vietnam,Other,2023,August,Billion Cubic Meter,0.0016632
Vietnam,Industrial,2023,August,Billion Cubic Meter,0.1646568
Vietnam,Household,2023,August,Billion Cubic Meter,0
Vietnam,Power,2023,September,Billion Cubic Meter,0.41832
Vietnam,Other,2023,September,Billion Cubic Meter,0.0017928
Vietnam,Industrial,2023,September,Billion Cubic Meter,0.1774872
Vietnam,Household,2023,September,Billion Cubic Meter,0
Vietnam,Power,2023,October,Billion Cubic Meter,0.43344
Vietnam,Other,2023,October,Billion Cubic Meter,0.0018576
Vietnam,Industrial,2023,October,Billion Cubic Meter,0.1839024
Vietnam,Household,2023,October,Billion Cubic Meter,0
Vietnam,Power,2023,November,Billion Cubic Meter,0.45864
Vietnam,Other,2023,November,Billion Cubic Meter,0.0019656
Vietnam,Industrial,2023,November,Billion Cubic Meter,0.1945944
Vietnam,Household,2023,November,Billion Cubic Meter,0
Vietnam,Power,2023,December,Billion Cubic Meter,0.4788
Vietnam,Other,2023,December,Billion Cubic Meter,0.002052
Vietnam,Industrial,2023,December,Billion Cubic Meter,0.203148
Vietnam,Household,2023,December,Billion Cubic Meter,0
Vietnam,Power,2022,January,Billion Cubic Meter,0.4914
Vietnam,Other,2022,January,Billion Cubic Meter,0.002106
Vietnam,Industrial,2022,January,Billion Cubic Meter,0.208494
Vietnam,Household,2022,January,Billion Cubic Meter,0
Vietnam,Power,2022,February,Billion Cubic Meter,0.4641
Vietnam,Other,2022,February,Billion Cubic Meter,0.001989
Vietnam,Industrial,2022,February,Billion Cubic Meter,0.196911
Vietnam,Household,2022,February,Billion Cubic Meter,0
Vietnam,Power,2022,March,Billion Cubic Meter,0.45318
Vietnam,Other,2022,March,Billion Cubic Meter,0.0019422
Vietnam,Industrial,2022,March,Billion Cubic Meter,0.1922778
Vietnam,Household,2022,March,Billion Cubic Meter,0
Vietnam,Power,2022,April,Billion Cubic Meter,0.44226
Vietnam,Other,2022,April,Billion Cubic Meter,0.0018954
Vietnam,Industrial,2022,April,Billion Cubic Meter,0.1876446
Vietnam,Household,2022,April,Billion Cubic Meter,0
Vietnam,Power,2022,May,Billion Cubic Meter,0.42588
Vietnam,Other,2022,May,Billion Cubic Meter,0.0018252
Vietnam,Industrial,2022,May,Billion Cubic Meter,0.1806948
Vietnam,Household,2022,May,Billion Cubic Meter,0
Vietnam,Power,2022,June,Billion Cubic Meter,0.41496
Vietnam,Other,2022,June,Billion Cubic Meter,0.0017784
Vietnam,Industrial,2022,June,Billion Cubic Meter,0.1760616
Vietnam,Household,2022,June,Billion Cubic Meter,0
Vietnam,Power,2022,July,Billion Cubic Meter,0.4095
Vietnam,Other,2022,July,Billion Cubic Meter,0.001755
Vietnam,Industrial,2022,July,Billion Cubic Meter,0.173745
Vietnam,Household,2022,July,Billion Cubic Meter,0
Vietnam,Power,2022,August,Billion Cubic Meter,0.42042
Vietnam,Other,2022,August,Billion Cubic Meter,0.0018018
Vietnam,Industrial,2022,August,Billion Cubic Meter,0.1783782
Vietnam,Household,2022,August,Billion Cubic Meter,0
Vietnam,Power,2022,September,Billion Cubic Meter,0.45318
Vietnam,Other,2022,September,Billion Cubic Meter,0.0019422
Vietnam,Industrial,2022,September,Billion Cubic Meter,0.1922778
Vietnam,Household,2022,September,Billion Cubic Meter,0
Vietnam,Power,2022,October,Billion Cubic Meter,0.46956
Vietnam,Other,2022,October,Billion Cubic Meter,0.0020124
Vietnam,Industrial,2022,October,Billion Cubic Meter,0.1992276
Vietnam,Household,2022,October,Billion Cubic Meter,0
Vietnam,Power,2022,November,Billion Cubic Meter,0.49686
Vietnam,Other,2022,November,Billion Cubic Meter,0.0021294
Vietnam,Industrial,2022,November,Billion Cubic Meter,0.2108106
Vietnam,Household,2022,November,Billion Cubic Meter,0
Vietnam,Power,2022,December,Billion Cubic Meter,0.5187
Vietnam,Other,2022,December,Billion Cubic Meter,0.002223
Vietnam,Industrial,2022,December,Billion Cubic Meter,0.220077
Vietnam,Household,2022,December,Billion Cubic Meter,0
Vietnam,Power,2021,January,Billion Cubic Meter,0.4536
Vietnam,Other,2021,January,Billion Cubic Meter,0.001944
Vietnam,Industrial,2021,January,Billion Cubic Meter,0.192456
Vietnam,Household,2021,January,Billion Cubic Meter,0
Vietnam,Power,2021,February,Billion Cubic Meter,0.4284
Vietnam,Other,2021,February,Billion Cubic Meter,0.001836
Vietnam,Industrial,2021,February,Billion Cubic Meter,0.181764
Vietnam,Household,2021,February,Billion Cubic Meter,0
Vietnam,Power,2021,March,Billion Cubic Meter,0.41832
Vietnam,Other,2021,March,Billion Cubic Meter,0.0017928
Vietnam,Industrial,2021,March,Billion Cubic Meter,0.1774872
Vietnam,Household,2021,March,Billion Cubic Meter,0
Vietnam,Power,2021,April,Billion Cubic Meter,0.40824
Vietnam,Other,2021,April,Billion Cubic Meter,0.0017496
Vietnam,Industrial,2021,April,Billion Cubic Meter,0.1732104
Vietnam,Household,2021,April,Billion Cubic Meter,0
Vietnam,Power,2021,May,Billion Cubic Meter,0.39312
Vietnam,Other,2021,May,Billion Cubic Meter,0.0016848
Vietnam,Industrial,2021,May,Billion Cubic Meter,0.1667952
Vietnam,Household,2021,May,Billion Cubic Meter,0
Vietnam,Power,2021,June,Billion Cubic Meter,0.38304
Vietnam,Other,2021,June,Billion Cubic Meter,0.0016416
Vietnam,Industrial,2021,June,Billion Cubic Meter,0.1625184
Vietnam,Household,2021,June,Billion Cubic Meter,0
Vietnam,Power,2021,July,Billion Cubic Meter,0.378
Vietnam,Other,2021,July,Billion Cubic Meter,0.00162
Vietnam,Industrial,2021,July,Billion Cubic Meter,0.16038
Vietnam,Household,2021,July,Billion Cubic Meter,0
Vietnam,Power,2021,August,Billion Cubic Meter,0.38808
Vietnam,Other,2021,August,Billion Cubic Meter,0.0016632
Vietnam,Industrial,2021,August,Billion Cubic Meter,0.1646568
Vietnam,Household,2021,August,Billion Cubic Meter,0
Vietnam,Power,2021,September,Billion Cubic Meter,0.41832
Vietnam,Other,2021,September,Billion Cubic Meter,0.0017928
Vietnam,Industrial,2021,September,Billion Cubic Meter,0.1774872
Vietnam,Household,2021,September,Billion Cubic Meter,0
Vietnam,Power,2021,October,Billion Cubic Meter,0.43344
Vietnam,Other,2021,October,Billion Cubic Meter,0.0018576
Vietnam,Industrial,2021,October,Billion Cubic Meter,0.1839024
Vietnam,Household,2021,October,Billion Cubic Meter,0
Vietnam,Power,2021,November,Billion Cubic Meter,0.45864
Vietnam,Other,2021,November,Billion Cubic Meter,0.0019656
Vietnam,Industrial,2021,November,Billion Cubic Meter,0.1945944
Vietnam,Household,2021,November,Billion Cubic Meter,0
Vietnam,Power,2021,December,Billion Cubic Meter,0.4788
Vietnam,Other,2021,December,Billion Cubic Meter,0.002052
Vietnam,Industrial,2021,December,Billion Cubic Meter,0.203148
Vietnam,Household,2021,December,Billion Cubic Meter,0
Vietnam,Power,2020,January,Billion Cubic Meter,0.5544
Vietnam,Other,2020,January,Billion Cubic Meter,0.002376
Vietnam,Industrial,2020,January,Billion Cubic Meter,0.235224
Vietnam,Household,2020,January,Billion Cubic Meter,0
Vietnam,Power,2020,February,Billion Cubic Meter,0.5236
Vietnam,Other,2020,February,Billion Cubic Meter,0.002244
Vietnam,Industrial,2020,February,Billion Cubic Meter,0.222156
Vietnam,Household,2020,February,Billion Cubic Meter,0
Vietnam,Power,2020,March,Billion Cubic Meter,0.51128
Vietnam,Other,2020,March,Billion Cubic Meter,0.0021912
Vietnam,Industrial,2020,March,Billion Cubic Meter,0.2169288
Vietnam,Household,2020,March,Billion Cubic Meter,0
Vietnam,Power,2020,April,Billion Cubic Meter,0.49896
Vietnam,Other,2020,April,Billion Cubic Meter,0.0021384
Vietnam,Industrial,2020,April,Billion Cubic Meter,0.2117016
Vietnam,Household,2020,April,Billion Cubic Meter,0
Vietnam,Power,2020,May,Billion Cubic Meter,0.48048
Vietnam,Other,2020,May,Billion Cubic Meter,0.0020592
Vietnam,Industrial,2020,May,Billion Cubic Meter,0.2038608
Vietnam,Household,2020,May,Billion Cubic Meter,0
Vietnam,Power,2020,June,Billion Cubic Meter,0.46816
Vietnam,Other,2020,June,Billion Cubic Meter,0.0020064
Vietnam,Industrial,2020,June,Billion Cubic Meter,0.1986336
Vietnam,Household,2020,June,Billion Cubic Meter,0
Vietnam,Power,2020,July,Billion Cubic Meter,0.462
Vietnam,Other,2020,July,Billion Cubic Meter,0.00198
Vietnam,Industrial,2020,July,Billion Cubic Meter,0.19602
Vietnam,Household,2020,July,Billion Cubic Meter,0
Vietnam,Power,2020,August,Billion Cubic Meter,0.47432
Vietnam,Other,2020,August,Billion Cubic Meter,0.0020328
Vietnam,Industrial,2020,August,Billion Cubic Meter,0.2012472
Vietnam,Household,2020,August,Billion Cubic Meter,0
Vietnam,Power,2020,September,Billion Cubic Meter,0.51128
Vietnam,Other,2020,September,Billion Cubic Meter,0.0021912
Vietnam,Industrial,2020,September,Billion Cubic Meter,0.2169288
Vietnam,Household,2020,September,Billion Cubic Meter,0
Vietnam,Power,2020,October,Billion Cubic Meter,0.52976
Vietnam,Other,2020,October,Billion Cubic Meter,0.0022704
Vietnam,Industrial,2020,October,Billion Cubic Meter,0.2247696
Vietnam,Household,2020,October,Billion Cubic Meter,0
Vietnam,Power,2020,November,Billion Cubic Meter,0.56056
Vietnam,Other,2020,November,Billion Cubic Meter,0.0024024
Vietnam,Industrial,2020,November,Billion Cubic Meter,0.2378376
Vietnam,Household,2020,November,Billion Cubic Meter,0
Vietnam,Power,2020,December,Billion Cubic Meter,0.5852
Vietnam,Other,2020,December,Billion Cubic Meter,0.002508
Vietnam,Industrial,2020,December,Billion Cubic Meter,0.248292
Vietnam,Household,2020,December,Billion Cubic Meter,0
Vietnam,Power,2019,January,Billion Cubic Meter,0.6174
Vietnam,Other,2019,January,Billion Cubic Meter,0.002646
Vietnam,Industrial,2019,January,Billion Cubic Meter,0.261954
Vietnam,Household,2019,January,Billion Cubic Meter,0
Vietnam,Power,2019,February,Billion Cubic Meter,0.5831
Vietnam,Other,2019,February,Billion Cubic Meter,0.002499
Vietnam,Industrial,2019,February,Billion Cubic Meter,0.247401
Vietnam,Household,2019,February,Billion Cubic Meter,0
Vietnam,Power,2019,March,Billion Cubic Meter,0.56938
Vietnam,Other,2019,March,Billion Cubic Meter,0.0024402
Vietnam,Industrial,2019,March,Billion Cubic Meter,0.2415798
Vietnam,Household,2019,March,Billion Cubic Meter,0
Vietnam,Power,2019,April,Billion Cubic Meter,0.55566
Vietnam,Other,2019,April,Billion Cubic Meter,0.0023814
Vietnam,Industrial,2019,April,Billion Cubic Meter,0.2357586
Vietnam,Household,2019,April,Billion Cubic Meter,0
Vietnam,Power,2019,May,Billion Cubic Meter,0.53508
Vietnam,Other,2019,May,Billion Cubic Meter,0.0022932
Vietnam,Industrial,2019,May,Billion Cubic Meter,0.2270268
Vietnam,Household,2019,May,Billion Cubic Meter,0
Vietnam,Power,2019,June,Billion Cubic Meter,0.52136
Vietnam,Other,2019,June,Billion Cubic Meter,0.0022344
Vietnam,Industrial,2019,June,Billion Cubic Meter,0.2212056
Vietnam,Household,2019,June,Billion Cubic Meter,0
Vietnam,Power,2019,July,Billion Cubic Meter,0.5145
Vietnam,Other,2019,July,Billion Cubic Meter,0.002205
Vietnam,Industrial,2019,July,Billion Cubic Meter,0.218295
Vietnam,Household,2019,July,Billion Cubic Meter,0
Vietnam,Power,2019,August,Billion Cubic Meter,0.52822
Vietnam,Other,2019,August,Billion Cubic Meter,0.0022638
Vietnam,Industrial,2019,August,Billion Cubic Meter,0.2241162
Vietnam,Household,2019,August,Billion Cubic Meter,0
Vietnam,Power,2019,September,Billion Cubic Meter,0.56938
Vietnam,Other,2019,September,Billion Cubic Meter,0.0024402
Vietnam,Industrial,2019,September,Billion Cubic Meter,0.2415798
Vietnam,Household,2019,September,Billion Cubic Meter,0
Vietnam,Power,2019,October,Billion Cubic Meter,0.58996
Vietnam,Other,2019,October,Billion Cubic Meter,0.0025284
Vietnam,Industrial,2019,October,Billion Cubic Meter,0.2503116
Vietnam,Household,2019,October,Billion Cubic Meter,0
Vietnam,Power,2019,November,Billion Cubic Meter,0.62426
Vietnam,Other,2019,November,Billion Cubic Meter,0.0026754
Vietnam,Industrial,2019,November,Billion Cubic Meter,0.2648646
Vietnam,Household,2019,November,Billion Cubic Meter,0
Vietnam,Power,2019,December,Billion Cubic Meter,0.6517
Vietnam,Other,2019,December,Billion Cubic Meter,0.002793
Vietnam,Industrial,2019,December,Billion Cubic Meter,0.276507
Vietnam,Household,2019,December,Billion Cubic Meter,0
