Source,Copyright,Quarter of Period,Country,Running Sum of Production Additions,Production Additions
Source: Energy Intelligence,"COPYRIGHT © 2001-2022 ENERGY INTELLIGENCE GROUP, INC. / ENERGY INTELLIGENCE GROUP (UK) LIMITED.",2025 Q1,,695.2,
Source: Energy Intelligence,"COPYRIGHT © 2001-2022 ENERGY INTELLIGENCE GROUP, INC. / ENERGY INTELLIGENCE GROUP (UK) LIMITED.",2025 Q2,,1592.9,
Source: Energy Intelligence,"COPYRIGHT © 2001-2022 ENERGY INTELLIGENCE GROUP, INC. / ENERGY INTELLIGENCE GROUP (UK) LIMITED.",2025 Q3,,2487.7,
Source: Energy Intelligence,"COPYRIGHT © 2001-2022 ENERGY INTELLIGENCE GROUP, INC. / ENERGY INTELLIGENCE GROUP (UK) LIMITED.",2025 Q4,,3482.3,
Source: Energy Intelligence,"COPYRIGHT © 2001-2022 ENERGY INTELLIGENCE GROUP, INC. / ENERGY INTELLIGENCE GROUP (UK) LIMITED.",2026 Q1,,4449,
Source: Energy Intelligence,"COPYRIGHT © 2001-2022 ENERGY INTELLIGENCE GROUP, INC. / ENERGY INTELLIGENCE GROUP (UK) LIMITED.",2026 Q2,,5386,
Source: Energy Intelligence,"COPYRIGHT © 2001-2022 ENERGY INTELLIGENCE GROUP, INC. / ENERGY INTELLIGENCE GROUP (UK) LIMITED.",2026 Q3,,6116,
Source: Energy Intelligence,"COPYRIGHT © 2001-2022 ENERGY INTELLIGENCE GROUP, INC. / ENERGY INTELLIGENCE GROUP (UK) LIMITED.",2026 Q4,,6774,
Source: Energy Intelligence,"COPYRIGHT © 2001-2022 ENERGY INTELLIGENCE GROUP, INC. / ENERGY INTELLIGENCE GROUP (UK) LIMITED.",2027 Q1,,7616.8,
Source: Energy Intelligence,"COPYRIGHT © 2001-2022 ENERGY INTELLIGENCE GROUP, INC. / ENERGY INTELLIGENCE GROUP (UK) LIMITED.",2027 Q2,,8275.8,
Source: Energy Intelligence,"COPYRIGHT © 2001-2022 ENERGY INTELLIGENCE GROUP, INC. / ENERGY INTELLIGENCE GROUP (UK) LIMITED.",2027 Q3,,8847.8,
Source: Energy Intelligence,"COPYRIGHT © 2001-2022 ENERGY INTELLIGENCE GROUP, INC. / ENERGY INTELLIGENCE GROUP (UK) LIMITED.",2027 Q4,,9467.8,
Source: Energy Intelligence,"COPYRIGHT © 2001-2022 ENERGY INTELLIGENCE GROUP, INC. / ENERGY INTELLIGENCE GROUP (UK) LIMITED.",2028 Q1,,10289.1,
Source: Energy Intelligence,"COPYRIGHT © 2001-2022 ENERGY INTELLIGENCE GROUP, INC. / ENERGY INTELLIGENCE GROUP (UK) LIMITED.",2028 Q2,,10900.3,
Source: Energy Intelligence,"COPYRIGHT © 2001-2022 ENERGY INTELLIGENCE GROUP, INC. / ENERGY INTELLIGENCE GROUP (UK) LIMITED.",2028 Q3,,11482.6,
Source: Energy Intelligence,"COPYRIGHT © 2001-2022 ENERGY INTELLIGENCE GROUP, INC. / ENERGY INTELLIGENCE GROUP (UK) LIMITED.",2028 Q4,,11864.8,
Source: Energy Intelligence,"COPYRIGHT © 2001-2022 ENERGY INTELLIGENCE GROUP, INC. / ENERGY INTELLIGENCE GROUP (UK) LIMITED.",2029 Q1,,12098.5,
Source: Energy Intelligence,"COPYRIGHT © 2001-2022 ENERGY INTELLIGENCE GROUP, INC. / ENERGY INTELLIGENCE GROUP (UK) LIMITED.",2029 Q2,,12449.7,
Source: Energy Intelligence,"COPYRIGHT © 2001-2022 ENERGY INTELLIGENCE GROUP, INC. / ENERGY INTELLIGENCE GROUP (UK) LIMITED.",2029 Q3,,12856,
Source: Energy Intelligence,"COPYRIGHT © 2001-2022 ENERGY INTELLIGENCE GROUP, INC. / ENERGY INTELLIGENCE GROUP (UK) LIMITED.",2029 Q4,,12997.2,
Source: Energy Intelligence,"COPYRIGHT © 2001-2022 ENERGY INTELLIGENCE GROUP, INC. / ENERGY INTELLIGENCE GROUP (UK) LIMITED.",2029 Q4,Vietnam,,
Source: Energy Intelligence,"COPYRIGHT © 2001-2022 ENERGY INTELLIGENCE GROUP, INC. / ENERGY INTELLIGENCE GROUP (UK) LIMITED.",2029 Q3,Vietnam,,
Source: Energy Intelligence,"COPYRIGHT © 2001-2022 ENERGY INTELLIGENCE GROUP, INC. / ENERGY INTELLIGENCE GROUP (UK) LIMITED.",2029 Q2,Vietnam,,5
Source: Energy Intelligence,"COPYRIGHT © 2001-2022 ENERGY INTELLIGENCE GROUP, INC. / ENERGY INTELLIGENCE GROUP (UK) LIMITED.",2029 Q1,Vietnam,,
Source: Energy Intelligence,"COPYRIGHT © 2001-2022 ENERGY INTELLIGENCE GROUP, INC. / ENERGY INTELLIGENCE GROUP (UK) LIMITED.",2028 Q4,Vietnam,,
Source: Energy Intelligence,"COPYRIGHT © 2001-2022 ENERGY INTELLIGENCE GROUP, INC. / ENERGY INTELLIGENCE GROUP (UK) LIMITED.",2028 Q3,Vietnam,,
Source: Energy Intelligence,"COPYRIGHT © 2001-2022 ENERGY INTELLIGENCE GROUP, INC. / ENERGY INTELLIGENCE GROUP (UK) LIMITED.",2028 Q2,Vietnam,,10
Source: Energy Intelligence,"COPYRIGHT © 2001-2022 ENERGY INTELLIGENCE GROUP, INC. / ENERGY INTELLIGENCE GROUP (UK) LIMITED.",2028 Q1,Vietnam,,
Source: Energy Intelligence,"COPYRIGHT © 2001-2022 ENERGY INTELLIGENCE GROUP, INC. / ENERGY INTELLIGENCE GROUP (UK) LIMITED.",2027 Q4,Vietnam,,
Source: Energy Intelligence,"COPYRIGHT © 2001-2022 ENERGY INTELLIGENCE GROUP, INC. / ENERGY INTELLIGENCE GROUP (UK) LIMITED.",2027 Q3,Vietnam,,
Source: Energy Intelligence,"COPYRIGHT © 2001-2022 ENERGY INTELLIGENCE GROUP, INC. / ENERGY INTELLIGENCE GROUP (UK) LIMITED.",2027 Q2,Vietnam,,10
Source: Energy Intelligence,"COPYRIGHT © 2001-2022 ENERGY INTELLIGENCE GROUP, INC. / ENERGY INTELLIGENCE GROUP (UK) LIMITED.",2027 Q1,Vietnam,,
Source: Energy Intelligence,"COPYRIGHT © 2001-2022 ENERGY INTELLIGENCE GROUP, INC. / ENERGY INTELLIGENCE GROUP (UK) LIMITED.",2026 Q4,Vietnam,,10
Source: Energy Intelligence,"COPYRIGHT © 2001-2022 ENERGY INTELLIGENCE GROUP, INC. / ENERGY INTELLIGENCE GROUP (UK) LIMITED.",2026 Q3,Vietnam,,
Source: Energy Intelligence,"COPYRIGHT © 2001-2022 ENERGY INTELLIGENCE GROUP, INC. / ENERGY INTELLIGENCE GROUP (UK) LIMITED.",2026 Q2,Vietnam,,
Source: Energy Intelligence,"COPYRIGHT © 2001-2022 ENERGY INTELLIGENCE GROUP, INC. / ENERGY INTELLIGENCE GROUP (UK) LIMITED.",2026 Q1,Vietnam,,
Source: Energy Intelligence,"COPYRIGHT © 2001-2022 ENERGY INTELLIGENCE GROUP, INC. / ENERGY INTELLIGENCE GROUP (UK) LIMITED.",2025 Q4,Vietnam,,
Source: Energy Intelligence,"COPYRIGHT © 2001-2022 ENERGY INTELLIGENCE GROUP, INC. / ENERGY INTELLIGENCE GROUP (UK) LIMITED.",2025 Q3,Vietnam,,
Source: Energy Intelligence,"COPYRIGHT © 2001-2022 ENERGY INTELLIGENCE GROUP, INC. / ENERGY INTELLIGENCE GROUP (UK) LIMITED.",2025 Q2,Vietnam,,
Source: Energy Intelligence,"COPYRIGHT © 2001-2022 ENERGY INTELLIGENCE GROUP, INC. / ENERGY INTELLIGENCE GROUP (UK) LIMITED.",2025 Q1,Vietnam,,
Source: Energy Intelligence,"COPYRIGHT © 2001-2022 ENERGY INTELLIGENCE GROUP, INC. / ENERGY INTELLIGENCE GROUP (UK) LIMITED.",2029 Q4,United States,,46.2
Source: Energy Intelligence,"COPYRIGHT © 2001-2022 ENERGY INTELLIGENCE GROUP, INC. / ENERGY INTELLIGENCE GROUP (UK) LIMITED.",2029 Q3,United States,,106.3
Source: Energy Intelligence,"COPYRIGHT © 2001-2022 ENERGY INTELLIGENCE GROUP, INC. / ENERGY INTELLIGENCE GROUP (UK) LIMITED.",2029 Q2,United States,,76.2
Source: Energy Intelligence,"COPYRIGHT © 2001-2022 ENERGY INTELLIGENCE GROUP, INC. / ENERGY INTELLIGENCE GROUP (UK) LIMITED.",2029 Q1,United States,,56.3
Source: Energy Intelligence,"COPYRIGHT © 2001-2022 ENERGY INTELLIGENCE GROUP, INC. / ENERGY INTELLIGENCE GROUP (UK) LIMITED.",2028 Q4,United States,,6.2
Source: Energy Intelligence,"COPYRIGHT © 2001-2022 ENERGY INTELLIGENCE GROUP, INC. / ENERGY INTELLIGENCE GROUP (UK) LIMITED.",2028 Q3,United States,,6.3
Source: Energy Intelligence,"COPYRIGHT © 2001-2022 ENERGY INTELLIGENCE GROUP, INC. / ENERGY INTELLIGENCE GROUP (UK) LIMITED.",2028 Q2,United States,,66.2
Source: Energy Intelligence,"COPYRIGHT © 2001-2022 ENERGY INTELLIGENCE GROUP, INC. / ENERGY INTELLIGENCE GROUP (UK) LIMITED.",2028 Q1,United States,,96.3
Source: Energy Intelligence,"COPYRIGHT © 2001-2022 ENERGY INTELLIGENCE GROUP, INC. / ENERGY INTELLIGENCE GROUP (UK) LIMITED.",2027 Q4,United States,,25
Source: Energy Intelligence,"COPYRIGHT © 2001-2022 ENERGY INTELLIGENCE GROUP, INC. / ENERGY INTELLIGENCE GROUP (UK) LIMITED.",2027 Q3,United States,,25
Source: Energy Intelligence,"COPYRIGHT © 2001-2022 ENERGY INTELLIGENCE GROUP, INC. / ENERGY INTELLIGENCE GROUP (UK) LIMITED.",2027 Q2,United States,,25
Source: Energy Intelligence,"COPYRIGHT © 2001-2022 ENERGY INTELLIGENCE GROUP, INC. / ENERGY INTELLIGENCE GROUP (UK) LIMITED.",2027 Q1,United States,,25
Source: Energy Intelligence,"COPYRIGHT © 2001-2022 ENERGY INTELLIGENCE GROUP, INC. / ENERGY INTELLIGENCE GROUP (UK) LIMITED.",2026 Q4,United States,,65
Source: Energy Intelligence,"COPYRIGHT © 2001-2022 ENERGY INTELLIGENCE GROUP, INC. / ENERGY INTELLIGENCE GROUP (UK) LIMITED.",2026 Q3,United States,,105
Source: Energy Intelligence,"COPYRIGHT © 2001-2022 ENERGY INTELLIGENCE GROUP, INC. / ENERGY INTELLIGENCE GROUP (UK) LIMITED.",2026 Q2,United States,,30
Source: Energy Intelligence,"COPYRIGHT © 2001-2022 ENERGY INTELLIGENCE GROUP, INC. / ENERGY INTELLIGENCE GROUP (UK) LIMITED.",2026 Q1,United States,,25
Source: Energy Intelligence,"COPYRIGHT © 2001-2022 ENERGY INTELLIGENCE GROUP, INC. / ENERGY INTELLIGENCE GROUP (UK) LIMITED.",2025 Q4,United States,,184.7
Source: Energy Intelligence,"COPYRIGHT © 2001-2022 ENERGY INTELLIGENCE GROUP, INC. / ENERGY INTELLIGENCE GROUP (UK) LIMITED.",2025 Q3,United States,,262.8
Source: Energy Intelligence,"COPYRIGHT © 2001-2022 ENERGY INTELLIGENCE GROUP, INC. / ENERGY INTELLIGENCE GROUP (UK) LIMITED.",2025 Q2,United States,,177.7
Source: Energy Intelligence,"COPYRIGHT © 2001-2022 ENERGY INTELLIGENCE GROUP, INC. / ENERGY INTELLIGENCE GROUP (UK) LIMITED.",2025 Q1,United States,,119.8
Source: Energy Intelligence,"COPYRIGHT © 2001-2022 ENERGY INTELLIGENCE GROUP, INC. / ENERGY INTELLIGENCE GROUP (UK) LIMITED.",2029 Q4,United Kingdom,,
Source: Energy Intelligence,"COPYRIGHT © 2001-2022 ENERGY INTELLIGENCE GROUP, INC. / ENERGY INTELLIGENCE GROUP (UK) LIMITED.",2029 Q3,United Kingdom,,
Source: Energy Intelligence,"COPYRIGHT © 2001-2022 ENERGY INTELLIGENCE GROUP, INC. / ENERGY INTELLIGENCE GROUP (UK) LIMITED.",2029 Q2,United Kingdom,,
Source: Energy Intelligence,"COPYRIGHT © 2001-2022 ENERGY INTELLIGENCE GROUP, INC. / ENERGY INTELLIGENCE GROUP (UK) LIMITED.",2029 Q1,United Kingdom,,
Source: Energy Intelligence,"COPYRIGHT © 2001-2022 ENERGY INTELLIGENCE GROUP, INC. / ENERGY INTELLIGENCE GROUP (UK) LIMITED.",2028 Q4,United Kingdom,,5
Source: Energy Intelligence,"COPYRIGHT © 2001-2022 ENERGY INTELLIGENCE GROUP, INC. / ENERGY INTELLIGENCE GROUP (UK) LIMITED.",2028 Q3,United Kingdom,,25
Source: Energy Intelligence,"COPYRIGHT © 2001-2022 ENERGY INTELLIGENCE GROUP, INC. / ENERGY INTELLIGENCE GROUP (UK) LIMITED.",2028 Q2,United Kingdom,,30
Source: Energy Intelligence,"COPYRIGHT © 2001-2022 ENERGY INTELLIGENCE GROUP, INC. / ENERGY INTELLIGENCE GROUP (UK) LIMITED.",2028 Q1,United Kingdom,,35
Source: Energy Intelligence,"COPYRIGHT © 2001-2022 ENERGY INTELLIGENCE GROUP, INC. / ENERGY INTELLIGENCE GROUP (UK) LIMITED.",2027 Q4,United Kingdom,,25
Source: Energy Intelligence,"COPYRIGHT © 2001-2022 ENERGY INTELLIGENCE GROUP, INC. / ENERGY INTELLIGENCE GROUP (UK) LIMITED.",2027 Q3,United Kingdom,,20
Source: Energy Intelligence,"COPYRIGHT © 2001-2022 ENERGY INTELLIGENCE GROUP, INC. / ENERGY INTELLIGENCE GROUP (UK) LIMITED.",2027 Q2,United Kingdom,,10
Source: Energy Intelligence,"COPYRIGHT © 2001-2022 ENERGY INTELLIGENCE GROUP, INC. / ENERGY INTELLIGENCE GROUP (UK) LIMITED.",2027 Q1,United Kingdom,,10
Source: Energy Intelligence,"COPYRIGHT © 2001-2022 ENERGY INTELLIGENCE GROUP, INC. / ENERGY INTELLIGENCE GROUP (UK) LIMITED.",2026 Q4,United Kingdom,,
Source: Energy Intelligence,"COPYRIGHT © 2001-2022 ENERGY INTELLIGENCE GROUP, INC. / ENERGY INTELLIGENCE GROUP (UK) LIMITED.",2026 Q3,United Kingdom,,
Source: Energy Intelligence,"COPYRIGHT © 2001-2022 ENERGY INTELLIGENCE GROUP, INC. / ENERGY INTELLIGENCE GROUP (UK) LIMITED.",2026 Q2,United Kingdom,,
Source: Energy Intelligence,"COPYRIGHT © 2001-2022 ENERGY INTELLIGENCE GROUP, INC. / ENERGY INTELLIGENCE GROUP (UK) LIMITED.",2026 Q1,United Kingdom,,
Source: Energy Intelligence,"COPYRIGHT © 2001-2022 ENERGY INTELLIGENCE GROUP, INC. / ENERGY INTELLIGENCE GROUP (UK) LIMITED.",2025 Q4,United Kingdom,,30
Source: Energy Intelligence,"COPYRIGHT © 2001-2022 ENERGY INTELLIGENCE GROUP, INC. / ENERGY INTELLIGENCE GROUP (UK) LIMITED.",2025 Q3,United Kingdom,,10
Source: Energy Intelligence,"COPYRIGHT © 2001-2022 ENERGY INTELLIGENCE GROUP, INC. / ENERGY INTELLIGENCE GROUP (UK) LIMITED.",2025 Q2,United Kingdom,,10
Source: Energy Intelligence,"COPYRIGHT © 2001-2022 ENERGY INTELLIGENCE GROUP, INC. / ENERGY INTELLIGENCE GROUP (UK) LIMITED.",2025 Q1,United Kingdom,,10
Source: Energy Intelligence,"COPYRIGHT © 2001-2022 ENERGY INTELLIGENCE GROUP, INC. / ENERGY INTELLIGENCE GROUP (UK) LIMITED.",2029 Q4,United Arab Emirates,,
Source: Energy Intelligence,"COPYRIGHT © 2001-2022 ENERGY INTELLIGENCE GROUP, INC. / ENERGY INTELLIGENCE GROUP (UK) LIMITED.",2029 Q3,United Arab Emirates,,
Source: Energy Intelligence,"COPYRIGHT © 2001-2022 ENERGY INTELLIGENCE GROUP, INC. / ENERGY INTELLIGENCE GROUP (UK) LIMITED.",2029 Q2,United Arab Emirates,,
Source: Energy Intelligence,"COPYRIGHT © 2001-2022 ENERGY INTELLIGENCE GROUP, INC. / ENERGY INTELLIGENCE GROUP (UK) LIMITED.",2029 Q1,United Arab Emirates,,
Source: Energy Intelligence,"COPYRIGHT © 2001-2022 ENERGY INTELLIGENCE GROUP, INC. / ENERGY INTELLIGENCE GROUP (UK) LIMITED.",2028 Q4,United Arab Emirates,,
Source: Energy Intelligence,"COPYRIGHT © 2001-2022 ENERGY INTELLIGENCE GROUP, INC. / ENERGY INTELLIGENCE GROUP (UK) LIMITED.",2028 Q3,United Arab Emirates,,
Source: Energy Intelligence,"COPYRIGHT © 2001-2022 ENERGY INTELLIGENCE GROUP, INC. / ENERGY INTELLIGENCE GROUP (UK) LIMITED.",2028 Q2,United Arab Emirates,,
Source: Energy Intelligence,"COPYRIGHT © 2001-2022 ENERGY INTELLIGENCE GROUP, INC. / ENERGY INTELLIGENCE GROUP (UK) LIMITED.",2028 Q1,United Arab Emirates,,
Source: Energy Intelligence,"COPYRIGHT © 2001-2022 ENERGY INTELLIGENCE GROUP, INC. / ENERGY INTELLIGENCE GROUP (UK) LIMITED.",2027 Q4,United Arab Emirates,,32
Source: Energy Intelligence,"COPYRIGHT © 2001-2022 ENERGY INTELLIGENCE GROUP, INC. / ENERGY INTELLIGENCE GROUP (UK) LIMITED.",2027 Q3,United Arab Emirates,,20
Source: Energy Intelligence,"COPYRIGHT © 2001-2022 ENERGY INTELLIGENCE GROUP, INC. / ENERGY INTELLIGENCE GROUP (UK) LIMITED.",2027 Q2,United Arab Emirates,,20
Source: Energy Intelligence,"COPYRIGHT © 2001-2022 ENERGY INTELLIGENCE GROUP, INC. / ENERGY INTELLIGENCE GROUP (UK) LIMITED.",2027 Q1,United Arab Emirates,,20
Source: Energy Intelligence,"COPYRIGHT © 2001-2022 ENERGY INTELLIGENCE GROUP, INC. / ENERGY INTELLIGENCE GROUP (UK) LIMITED.",2026 Q4,United Arab Emirates,,20
Source: Energy Intelligence,"COPYRIGHT © 2001-2022 ENERGY INTELLIGENCE GROUP, INC. / ENERGY INTELLIGENCE GROUP (UK) LIMITED.",2026 Q3,United Arab Emirates,,20
Source: Energy Intelligence,"COPYRIGHT © 2001-2022 ENERGY INTELLIGENCE GROUP, INC. / ENERGY INTELLIGENCE GROUP (UK) LIMITED.",2026 Q2,United Arab Emirates,,70
Source: Energy Intelligence,"COPYRIGHT © 2001-2022 ENERGY INTELLIGENCE GROUP, INC. / ENERGY INTELLIGENCE GROUP (UK) LIMITED.",2026 Q1,United Arab Emirates,,66
Source: Energy Intelligence,"COPYRIGHT © 2001-2022 ENERGY INTELLIGENCE GROUP, INC. / ENERGY INTELLIGENCE GROUP (UK) LIMITED.",2025 Q4,United Arab Emirates,,35
Source: Energy Intelligence,"COPYRIGHT © 2001-2022 ENERGY INTELLIGENCE GROUP, INC. / ENERGY INTELLIGENCE GROUP (UK) LIMITED.",2025 Q3,United Arab Emirates,,10
Source: Energy Intelligence,"COPYRIGHT © 2001-2022 ENERGY INTELLIGENCE GROUP, INC. / ENERGY INTELLIGENCE GROUP (UK) LIMITED.",2025 Q2,United Arab Emirates,,
Source: Energy Intelligence,"COPYRIGHT © 2001-2022 ENERGY INTELLIGENCE GROUP, INC. / ENERGY INTELLIGENCE GROUP (UK) LIMITED.",2025 Q1,United Arab Emirates,,
Source: Energy Intelligence,"COPYRIGHT © 2001-2022 ENERGY INTELLIGENCE GROUP, INC. / ENERGY INTELLIGENCE GROUP (UK) LIMITED.",2029 Q4,Uganda,,
Source: Energy Intelligence,"COPYRIGHT © 2001-2022 ENERGY INTELLIGENCE GROUP, INC. / ENERGY INTELLIGENCE GROUP (UK) LIMITED.",2029 Q3,Uganda,,
Source: Energy Intelligence,"COPYRIGHT © 2001-2022 ENERGY INTELLIGENCE GROUP, INC. / ENERGY INTELLIGENCE GROUP (UK) LIMITED.",2029 Q2,Uganda,,
Source: Energy Intelligence,"COPYRIGHT © 2001-2022 ENERGY INTELLIGENCE GROUP, INC. / ENERGY INTELLIGENCE GROUP (UK) LIMITED.",2029 Q1,Uganda,,
Source: Energy Intelligence,"COPYRIGHT © 2001-2022 ENERGY INTELLIGENCE GROUP, INC. / ENERGY INTELLIGENCE GROUP (UK) LIMITED.",2028 Q4,Uganda,,
Source: Energy Intelligence,"COPYRIGHT © 2001-2022 ENERGY INTELLIGENCE GROUP, INC. / ENERGY INTELLIGENCE GROUP (UK) LIMITED.",2028 Q3,Uganda,,
Source: Energy Intelligence,"COPYRIGHT © 2001-2022 ENERGY INTELLIGENCE GROUP, INC. / ENERGY INTELLIGENCE GROUP (UK) LIMITED.",2028 Q2,Uganda,,
Source: Energy Intelligence,"COPYRIGHT © 2001-2022 ENERGY INTELLIGENCE GROUP, INC. / ENERGY INTELLIGENCE GROUP (UK) LIMITED.",2028 Q1,Uganda,,20
Source: Energy Intelligence,"COPYRIGHT © 2001-2022 ENERGY INTELLIGENCE GROUP, INC. / ENERGY INTELLIGENCE GROUP (UK) LIMITED.",2027 Q4,Uganda,,20
Source: Energy Intelligence,"COPYRIGHT © 2001-2022 ENERGY INTELLIGENCE GROUP, INC. / ENERGY INTELLIGENCE GROUP (UK) LIMITED.",2027 Q3,Uganda,,20
Source: Energy Intelligence,"COPYRIGHT © 2001-2022 ENERGY INTELLIGENCE GROUP, INC. / ENERGY INTELLIGENCE GROUP (UK) LIMITED.",2027 Q2,Uganda,,20
Source: Energy Intelligence,"COPYRIGHT © 2001-2022 ENERGY INTELLIGENCE GROUP, INC. / ENERGY INTELLIGENCE GROUP (UK) LIMITED.",2027 Q1,Uganda,,30
Source: Energy Intelligence,"COPYRIGHT © 2001-2022 ENERGY INTELLIGENCE GROUP, INC. / ENERGY INTELLIGENCE GROUP (UK) LIMITED.",2026 Q4,Uganda,,25
Source: Energy Intelligence,"COPYRIGHT © 2001-2022 ENERGY INTELLIGENCE GROUP, INC. / ENERGY INTELLIGENCE GROUP (UK) LIMITED.",2026 Q3,Uganda,,30
Source: Energy Intelligence,"COPYRIGHT © 2001-2022 ENERGY INTELLIGENCE GROUP, INC. / ENERGY INTELLIGENCE GROUP (UK) LIMITED.",2026 Q2,Uganda,,30
Source: Energy Intelligence,"COPYRIGHT © 2001-2022 ENERGY INTELLIGENCE GROUP, INC. / ENERGY INTELLIGENCE GROUP (UK) LIMITED.",2026 Q1,Uganda,,35
Source: Energy Intelligence,"COPYRIGHT © 2001-2022 ENERGY INTELLIGENCE GROUP, INC. / ENERGY INTELLIGENCE GROUP (UK) LIMITED.",2025 Q4,Uganda,,
Source: Energy Intelligence,"COPYRIGHT © 2001-2022 ENERGY INTELLIGENCE GROUP, INC. / ENERGY INTELLIGENCE GROUP (UK) LIMITED.",2025 Q3,Uganda,,
Source: Energy Intelligence,"COPYRIGHT © 2001-2022 ENERGY INTELLIGENCE GROUP, INC. / ENERGY INTELLIGENCE GROUP (UK) LIMITED.",2025 Q2,Uganda,,
Source: Energy Intelligence,"COPYRIGHT © 2001-2022 ENERGY INTELLIGENCE GROUP, INC. / ENERGY INTELLIGENCE GROUP (UK) LIMITED.",2025 Q1,Uganda,,
Source: Energy Intelligence,"COPYRIGHT © 2001-2022 ENERGY INTELLIGENCE GROUP, INC. / ENERGY INTELLIGENCE GROUP (UK) LIMITED.",2029 Q4,Turkmenistan,,
Source: Energy Intelligence,"COPYRIGHT © 2001-2022 ENERGY INTELLIGENCE GROUP, INC. / ENERGY INTELLIGENCE GROUP (UK) LIMITED.",2029 Q3,Turkmenistan,,
Source: Energy Intelligence,"COPYRIGHT © 2001-2022 ENERGY INTELLIGENCE GROUP, INC. / ENERGY INTELLIGENCE GROUP (UK) LIMITED.",2029 Q2,Turkmenistan,,
Source: Energy Intelligence,"COPYRIGHT © 2001-2022 ENERGY INTELLIGENCE GROUP, INC. / ENERGY INTELLIGENCE GROUP (UK) LIMITED.",2029 Q1,Turkmenistan,,
Source: Energy Intelligence,"COPYRIGHT © 2001-2022 ENERGY INTELLIGENCE GROUP, INC. / ENERGY INTELLIGENCE GROUP (UK) LIMITED.",2028 Q4,Turkmenistan,,
Source: Energy Intelligence,"COPYRIGHT © 2001-2022 ENERGY INTELLIGENCE GROUP, INC. / ENERGY INTELLIGENCE GROUP (UK) LIMITED.",2028 Q3,Turkmenistan,,
Source: Energy Intelligence,"COPYRIGHT © 2001-2022 ENERGY INTELLIGENCE GROUP, INC. / ENERGY INTELLIGENCE GROUP (UK) LIMITED.",2028 Q2,Turkmenistan,,
Source: Energy Intelligence,"COPYRIGHT © 2001-2022 ENERGY INTELLIGENCE GROUP, INC. / ENERGY INTELLIGENCE GROUP (UK) LIMITED.",2028 Q1,Turkmenistan,,
Source: Energy Intelligence,"COPYRIGHT © 2001-2022 ENERGY INTELLIGENCE GROUP, INC. / ENERGY INTELLIGENCE GROUP (UK) LIMITED.",2027 Q4,Turkmenistan,,
Source: Energy Intelligence,"COPYRIGHT © 2001-2022 ENERGY INTELLIGENCE GROUP, INC. / ENERGY INTELLIGENCE GROUP (UK) LIMITED.",2027 Q3,Turkmenistan,,
Source: Energy Intelligence,"COPYRIGHT © 2001-2022 ENERGY INTELLIGENCE GROUP, INC. / ENERGY INTELLIGENCE GROUP (UK) LIMITED.",2027 Q2,Turkmenistan,,
Source: Energy Intelligence,"COPYRIGHT © 2001-2022 ENERGY INTELLIGENCE GROUP, INC. / ENERGY INTELLIGENCE GROUP (UK) LIMITED.",2027 Q1,Turkmenistan,,
Source: Energy Intelligence,"COPYRIGHT © 2001-2022 ENERGY INTELLIGENCE GROUP, INC. / ENERGY INTELLIGENCE GROUP (UK) LIMITED.",2026 Q4,Turkmenistan,,
Source: Energy Intelligence,"COPYRIGHT © 2001-2022 ENERGY INTELLIGENCE GROUP, INC. / ENERGY INTELLIGENCE GROUP (UK) LIMITED.",2026 Q3,Turkmenistan,,
Source: Energy Intelligence,"COPYRIGHT © 2001-2022 ENERGY INTELLIGENCE GROUP, INC. / ENERGY INTELLIGENCE GROUP (UK) LIMITED.",2026 Q2,Turkmenistan,,
Source: Energy Intelligence,"COPYRIGHT © 2001-2022 ENERGY INTELLIGENCE GROUP, INC. / ENERGY INTELLIGENCE GROUP (UK) LIMITED.",2026 Q1,Turkmenistan,,
Source: Energy Intelligence,"COPYRIGHT © 2001-2022 ENERGY INTELLIGENCE GROUP, INC. / ENERGY INTELLIGENCE GROUP (UK) LIMITED.",2025 Q4,Turkmenistan,,
Source: Energy Intelligence,"COPYRIGHT © 2001-2022 ENERGY INTELLIGENCE GROUP, INC. / ENERGY INTELLIGENCE GROUP (UK) LIMITED.",2025 Q3,Turkmenistan,,
Source: Energy Intelligence,"COPYRIGHT © 2001-2022 ENERGY INTELLIGENCE GROUP, INC. / ENERGY INTELLIGENCE GROUP (UK) LIMITED.",2025 Q2,Turkmenistan,,
Source: Energy Intelligence,"COPYRIGHT © 2001-2022 ENERGY INTELLIGENCE GROUP, INC. / ENERGY INTELLIGENCE GROUP (UK) LIMITED.",2025 Q1,Turkmenistan,,
Source: Energy Intelligence,"COPYRIGHT © 2001-2022 ENERGY INTELLIGENCE GROUP, INC. / ENERGY INTELLIGENCE GROUP (UK) LIMITED.",2029 Q4,Turkey,,
Source: Energy Intelligence,"COPYRIGHT © 2001-2022 ENERGY INTELLIGENCE GROUP, INC. / ENERGY INTELLIGENCE GROUP (UK) LIMITED.",2029 Q3,Turkey,,
Source: Energy Intelligence,"COPYRIGHT © 2001-2022 ENERGY INTELLIGENCE GROUP, INC. / ENERGY INTELLIGENCE GROUP (UK) LIMITED.",2029 Q2,Turkey,,
Source: Energy Intelligence,"COPYRIGHT © 2001-2022 ENERGY INTELLIGENCE GROUP, INC. / ENERGY INTELLIGENCE GROUP (UK) LIMITED.",2029 Q1,Turkey,,
Source: Energy Intelligence,"COPYRIGHT © 2001-2022 ENERGY INTELLIGENCE GROUP, INC. / ENERGY INTELLIGENCE GROUP (UK) LIMITED.",2028 Q4,Turkey,,
Source: Energy Intelligence,"COPYRIGHT © 2001-2022 ENERGY INTELLIGENCE GROUP, INC. / ENERGY INTELLIGENCE GROUP (UK) LIMITED.",2028 Q3,Turkey,,
Source: Energy Intelligence,"COPYRIGHT © 2001-2022 ENERGY INTELLIGENCE GROUP, INC. / ENERGY INTELLIGENCE GROUP (UK) LIMITED.",2028 Q2,Turkey,,
Source: Energy Intelligence,"COPYRIGHT © 2001-2022 ENERGY INTELLIGENCE GROUP, INC. / ENERGY INTELLIGENCE GROUP (UK) LIMITED.",2028 Q1,Turkey,,
Source: Energy Intelligence,"COPYRIGHT © 2001-2022 ENERGY INTELLIGENCE GROUP, INC. / ENERGY INTELLIGENCE GROUP (UK) LIMITED.",2027 Q4,Turkey,,
Source: Energy Intelligence,"COPYRIGHT © 2001-2022 ENERGY INTELLIGENCE GROUP, INC. / ENERGY INTELLIGENCE GROUP (UK) LIMITED.",2027 Q3,Turkey,,
Source: Energy Intelligence,"COPYRIGHT © 2001-2022 ENERGY INTELLIGENCE GROUP, INC. / ENERGY INTELLIGENCE GROUP (UK) LIMITED.",2027 Q2,Turkey,,
Source: Energy Intelligence,"COPYRIGHT © 2001-2022 ENERGY INTELLIGENCE GROUP, INC. / ENERGY INTELLIGENCE GROUP (UK) LIMITED.",2027 Q1,Turkey,,
Source: Energy Intelligence,"COPYRIGHT © 2001-2022 ENERGY INTELLIGENCE GROUP, INC. / ENERGY INTELLIGENCE GROUP (UK) LIMITED.",2026 Q4,Turkey,,
Source: Energy Intelligence,"COPYRIGHT © 2001-2022 ENERGY INTELLIGENCE GROUP, INC. / ENERGY INTELLIGENCE GROUP (UK) LIMITED.",2026 Q3,Turkey,,
Source: Energy Intelligence,"COPYRIGHT © 2001-2022 ENERGY INTELLIGENCE GROUP, INC. / ENERGY INTELLIGENCE GROUP (UK) LIMITED.",2026 Q2,Turkey,,
Source: Energy Intelligence,"COPYRIGHT © 2001-2022 ENERGY INTELLIGENCE GROUP, INC. / ENERGY INTELLIGENCE GROUP (UK) LIMITED.",2026 Q1,Turkey,,
Source: Energy Intelligence,"COPYRIGHT © 2001-2022 ENERGY INTELLIGENCE GROUP, INC. / ENERGY INTELLIGENCE GROUP (UK) LIMITED.",2025 Q4,Turkey,,
Source: Energy Intelligence,"COPYRIGHT © 2001-2022 ENERGY INTELLIGENCE GROUP, INC. / ENERGY INTELLIGENCE GROUP (UK) LIMITED.",2025 Q3,Turkey,,
Source: Energy Intelligence,"COPYRIGHT © 2001-2022 ENERGY INTELLIGENCE GROUP, INC. / ENERGY INTELLIGENCE GROUP (UK) LIMITED.",2025 Q2,Turkey,,
Source: Energy Intelligence,"COPYRIGHT © 2001-2022 ENERGY INTELLIGENCE GROUP, INC. / ENERGY INTELLIGENCE GROUP (UK) LIMITED.",2025 Q1,Turkey,,8
Source: Energy Intelligence,"COPYRIGHT © 2001-2022 ENERGY INTELLIGENCE GROUP, INC. / ENERGY INTELLIGENCE GROUP (UK) LIMITED.",2029 Q4,Trinidad and Tobago,,
Source: Energy Intelligence,"COPYRIGHT © 2001-2022 ENERGY INTELLIGENCE GROUP, INC. / ENERGY INTELLIGENCE GROUP (UK) LIMITED.",2029 Q3,Trinidad and Tobago,,
Source: Energy Intelligence,"COPYRIGHT © 2001-2022 ENERGY INTELLIGENCE GROUP, INC. / ENERGY INTELLIGENCE GROUP (UK) LIMITED.",2029 Q2,Trinidad and Tobago,,
Source: Energy Intelligence,"COPYRIGHT © 2001-2022 ENERGY INTELLIGENCE GROUP, INC. / ENERGY INTELLIGENCE GROUP (UK) LIMITED.",2029 Q1,Trinidad and Tobago,,
Source: Energy Intelligence,"COPYRIGHT © 2001-2022 ENERGY INTELLIGENCE GROUP, INC. / ENERGY INTELLIGENCE GROUP (UK) LIMITED.",2028 Q4,Trinidad and Tobago,,
Source: Energy Intelligence,"COPYRIGHT © 2001-2022 ENERGY INTELLIGENCE GROUP, INC. / ENERGY INTELLIGENCE GROUP (UK) LIMITED.",2028 Q3,Trinidad and Tobago,,
Source: Energy Intelligence,"COPYRIGHT © 2001-2022 ENERGY INTELLIGENCE GROUP, INC. / ENERGY INTELLIGENCE GROUP (UK) LIMITED.",2028 Q2,Trinidad and Tobago,,
Source: Energy Intelligence,"COPYRIGHT © 2001-2022 ENERGY INTELLIGENCE GROUP, INC. / ENERGY INTELLIGENCE GROUP (UK) LIMITED.",2028 Q1,Trinidad and Tobago,,
Source: Energy Intelligence,"COPYRIGHT © 2001-2022 ENERGY INTELLIGENCE GROUP, INC. / ENERGY INTELLIGENCE GROUP (UK) LIMITED.",2027 Q4,Trinidad and Tobago,,
Source: Energy Intelligence,"COPYRIGHT © 2001-2022 ENERGY INTELLIGENCE GROUP, INC. / ENERGY INTELLIGENCE GROUP (UK) LIMITED.",2027 Q3,Trinidad and Tobago,,
Source: Energy Intelligence,"COPYRIGHT © 2001-2022 ENERGY INTELLIGENCE GROUP, INC. / ENERGY INTELLIGENCE GROUP (UK) LIMITED.",2027 Q2,Trinidad and Tobago,,
Source: Energy Intelligence,"COPYRIGHT © 2001-2022 ENERGY INTELLIGENCE GROUP, INC. / ENERGY INTELLIGENCE GROUP (UK) LIMITED.",2027 Q1,Trinidad and Tobago,,
Source: Energy Intelligence,"COPYRIGHT © 2001-2022 ENERGY INTELLIGENCE GROUP, INC. / ENERGY INTELLIGENCE GROUP (UK) LIMITED.",2026 Q4,Trinidad and Tobago,,
Source: Energy Intelligence,"COPYRIGHT © 2001-2022 ENERGY INTELLIGENCE GROUP, INC. / ENERGY INTELLIGENCE GROUP (UK) LIMITED.",2026 Q3,Trinidad and Tobago,,
Source: Energy Intelligence,"COPYRIGHT © 2001-2022 ENERGY INTELLIGENCE GROUP, INC. / ENERGY INTELLIGENCE GROUP (UK) LIMITED.",2026 Q2,Trinidad and Tobago,,
Source: Energy Intelligence,"COPYRIGHT © 2001-2022 ENERGY INTELLIGENCE GROUP, INC. / ENERGY INTELLIGENCE GROUP (UK) LIMITED.",2026 Q1,Trinidad and Tobago,,
Source: Energy Intelligence,"COPYRIGHT © 2001-2022 ENERGY INTELLIGENCE GROUP, INC. / ENERGY INTELLIGENCE GROUP (UK) LIMITED.",2025 Q4,Trinidad and Tobago,,
Source: Energy Intelligence,"COPYRIGHT © 2001-2022 ENERGY INTELLIGENCE GROUP, INC. / ENERGY INTELLIGENCE GROUP (UK) LIMITED.",2025 Q3,Trinidad and Tobago,,
Source: Energy Intelligence,"COPYRIGHT © 2001-2022 ENERGY INTELLIGENCE GROUP, INC. / ENERGY INTELLIGENCE GROUP (UK) LIMITED.",2025 Q2,Trinidad and Tobago,,
Source: Energy Intelligence,"COPYRIGHT © 2001-2022 ENERGY INTELLIGENCE GROUP, INC. / ENERGY INTELLIGENCE GROUP (UK) LIMITED.",2025 Q1,Trinidad and Tobago,,
Source: Energy Intelligence,"COPYRIGHT © 2001-2022 ENERGY INTELLIGENCE GROUP, INC. / ENERGY INTELLIGENCE GROUP (UK) LIMITED.",2029 Q4,Thailand,,
Source: Energy Intelligence,"COPYRIGHT © 2001-2022 ENERGY INTELLIGENCE GROUP, INC. / ENERGY INTELLIGENCE GROUP (UK) LIMITED.",2029 Q3,Thailand,,
Source: Energy Intelligence,"COPYRIGHT © 2001-2022 ENERGY INTELLIGENCE GROUP, INC. / ENERGY INTELLIGENCE GROUP (UK) LIMITED.",2029 Q2,Thailand,,
Source: Energy Intelligence,"COPYRIGHT © 2001-2022 ENERGY INTELLIGENCE GROUP, INC. / ENERGY INTELLIGENCE GROUP (UK) LIMITED.",2029 Q1,Thailand,,
Source: Energy Intelligence,"COPYRIGHT © 2001-2022 ENERGY INTELLIGENCE GROUP, INC. / ENERGY INTELLIGENCE GROUP (UK) LIMITED.",2028 Q4,Thailand,,
Source: Energy Intelligence,"COPYRIGHT © 2001-2022 ENERGY INTELLIGENCE GROUP, INC. / ENERGY INTELLIGENCE GROUP (UK) LIMITED.",2028 Q3,Thailand,,
Source: Energy Intelligence,"COPYRIGHT © 2001-2022 ENERGY INTELLIGENCE GROUP, INC. / ENERGY INTELLIGENCE GROUP (UK) LIMITED.",2028 Q2,Thailand,,
Source: Energy Intelligence,"COPYRIGHT © 2001-2022 ENERGY INTELLIGENCE GROUP, INC. / ENERGY INTELLIGENCE GROUP (UK) LIMITED.",2028 Q1,Thailand,,
Source: Energy Intelligence,"COPYRIGHT © 2001-2022 ENERGY INTELLIGENCE GROUP, INC. / ENERGY INTELLIGENCE GROUP (UK) LIMITED.",2027 Q4,Thailand,,
Source: Energy Intelligence,"COPYRIGHT © 2001-2022 ENERGY INTELLIGENCE GROUP, INC. / ENERGY INTELLIGENCE GROUP (UK) LIMITED.",2027 Q3,Thailand,,
Source: Energy Intelligence,"COPYRIGHT © 2001-2022 ENERGY INTELLIGENCE GROUP, INC. / ENERGY INTELLIGENCE GROUP (UK) LIMITED.",2027 Q2,Thailand,,
Source: Energy Intelligence,"COPYRIGHT © 2001-2022 ENERGY INTELLIGENCE GROUP, INC. / ENERGY INTELLIGENCE GROUP (UK) LIMITED.",2027 Q1,Thailand,,
Source: Energy Intelligence,"COPYRIGHT © 2001-2022 ENERGY INTELLIGENCE GROUP, INC. / ENERGY INTELLIGENCE GROUP (UK) LIMITED.",2026 Q4,Thailand,,
Source: Energy Intelligence,"COPYRIGHT © 2001-2022 ENERGY INTELLIGENCE GROUP, INC. / ENERGY INTELLIGENCE GROUP (UK) LIMITED.",2026 Q3,Thailand,,
Source: Energy Intelligence,"COPYRIGHT © 2001-2022 ENERGY INTELLIGENCE GROUP, INC. / ENERGY INTELLIGENCE GROUP (UK) LIMITED.",2026 Q2,Thailand,,
Source: Energy Intelligence,"COPYRIGHT © 2001-2022 ENERGY INTELLIGENCE GROUP, INC. / ENERGY INTELLIGENCE GROUP (UK) LIMITED.",2026 Q1,Thailand,,
Source: Energy Intelligence,"COPYRIGHT © 2001-2022 ENERGY INTELLIGENCE GROUP, INC. / ENERGY INTELLIGENCE GROUP (UK) LIMITED.",2025 Q4,Thailand,,
Source: Energy Intelligence,"COPYRIGHT © 2001-2022 ENERGY INTELLIGENCE GROUP, INC. / ENERGY INTELLIGENCE GROUP (UK) LIMITED.",2025 Q3,Thailand,,
Source: Energy Intelligence,"COPYRIGHT © 2001-2022 ENERGY INTELLIGENCE GROUP, INC. / ENERGY INTELLIGENCE GROUP (UK) LIMITED.",2025 Q2,Thailand,,
Source: Energy Intelligence,"COPYRIGHT © 2001-2022 ENERGY INTELLIGENCE GROUP, INC. / ENERGY INTELLIGENCE GROUP (UK) LIMITED.",2025 Q1,Thailand,,
Source: Energy Intelligence,"COPYRIGHT © 2001-2022 ENERGY INTELLIGENCE GROUP, INC. / ENERGY INTELLIGENCE GROUP (UK) LIMITED.",2029 Q4,Suriname,,
Source: Energy Intelligence,"COPYRIGHT © 2001-2022 ENERGY INTELLIGENCE GROUP, INC. / ENERGY INTELLIGENCE GROUP (UK) LIMITED.",2029 Q3,Suriname,,
Source: Energy Intelligence,"COPYRIGHT © 2001-2022 ENERGY INTELLIGENCE GROUP, INC. / ENERGY INTELLIGENCE GROUP (UK) LIMITED.",2029 Q2,Suriname,,
Source: Energy Intelligence,"COPYRIGHT © 2001-2022 ENERGY INTELLIGENCE GROUP, INC. / ENERGY INTELLIGENCE GROUP (UK) LIMITED.",2029 Q1,Suriname,,
Source: Energy Intelligence,"COPYRIGHT © 2001-2022 ENERGY INTELLIGENCE GROUP, INC. / ENERGY INTELLIGENCE GROUP (UK) LIMITED.",2028 Q4,Suriname,,100
Source: Energy Intelligence,"COPYRIGHT © 2001-2022 ENERGY INTELLIGENCE GROUP, INC. / ENERGY INTELLIGENCE GROUP (UK) LIMITED.",2028 Q3,Suriname,,50
Source: Energy Intelligence,"COPYRIGHT © 2001-2022 ENERGY INTELLIGENCE GROUP, INC. / ENERGY INTELLIGENCE GROUP (UK) LIMITED.",2028 Q2,Suriname,,50
Source: Energy Intelligence,"COPYRIGHT © 2001-2022 ENERGY INTELLIGENCE GROUP, INC. / ENERGY INTELLIGENCE GROUP (UK) LIMITED.",2028 Q1,Suriname,,
Source: Energy Intelligence,"COPYRIGHT © 2001-2022 ENERGY INTELLIGENCE GROUP, INC. / ENERGY INTELLIGENCE GROUP (UK) LIMITED.",2027 Q4,Suriname,,
Source: Energy Intelligence,"COPYRIGHT © 2001-2022 ENERGY INTELLIGENCE GROUP, INC. / ENERGY INTELLIGENCE GROUP (UK) LIMITED.",2027 Q3,Suriname,,
Source: Energy Intelligence,"COPYRIGHT © 2001-2022 ENERGY INTELLIGENCE GROUP, INC. / ENERGY INTELLIGENCE GROUP (UK) LIMITED.",2027 Q2,Suriname,,
Source: Energy Intelligence,"COPYRIGHT © 2001-2022 ENERGY INTELLIGENCE GROUP, INC. / ENERGY INTELLIGENCE GROUP (UK) LIMITED.",2027 Q1,Suriname,,
Source: Energy Intelligence,"COPYRIGHT © 2001-2022 ENERGY INTELLIGENCE GROUP, INC. / ENERGY INTELLIGENCE GROUP (UK) LIMITED.",2026 Q4,Suriname,,
Source: Energy Intelligence,"COPYRIGHT © 2001-2022 ENERGY INTELLIGENCE GROUP, INC. / ENERGY INTELLIGENCE GROUP (UK) LIMITED.",2026 Q3,Suriname,,
Source: Energy Intelligence,"COPYRIGHT © 2001-2022 ENERGY INTELLIGENCE GROUP, INC. / ENERGY INTELLIGENCE GROUP (UK) LIMITED.",2026 Q2,Suriname,,
Source: Energy Intelligence,"COPYRIGHT © 2001-2022 ENERGY INTELLIGENCE GROUP, INC. / ENERGY INTELLIGENCE GROUP (UK) LIMITED.",2026 Q1,Suriname,,
Source: Energy Intelligence,"COPYRIGHT © 2001-2022 ENERGY INTELLIGENCE GROUP, INC. / ENERGY INTELLIGENCE GROUP (UK) LIMITED.",2025 Q4,Suriname,,
Source: Energy Intelligence,"COPYRIGHT © 2001-2022 ENERGY INTELLIGENCE GROUP, INC. / ENERGY INTELLIGENCE GROUP (UK) LIMITED.",2025 Q3,Suriname,,
Source: Energy Intelligence,"COPYRIGHT © 2001-2022 ENERGY INTELLIGENCE GROUP, INC. / ENERGY INTELLIGENCE GROUP (UK) LIMITED.",2025 Q2,Suriname,,
Source: Energy Intelligence,"COPYRIGHT © 2001-2022 ENERGY INTELLIGENCE GROUP, INC. / ENERGY INTELLIGENCE GROUP (UK) LIMITED.",2025 Q1,Suriname,,
Source: Energy Intelligence,"COPYRIGHT © 2001-2022 ENERGY INTELLIGENCE GROUP, INC. / ENERGY INTELLIGENCE GROUP (UK) LIMITED.",2029 Q4,Senegal,,
Source: Energy Intelligence,"COPYRIGHT © 2001-2022 ENERGY INTELLIGENCE GROUP, INC. / ENERGY INTELLIGENCE GROUP (UK) LIMITED.",2029 Q3,Senegal,,
Source: Energy Intelligence,"COPYRIGHT © 2001-2022 ENERGY INTELLIGENCE GROUP, INC. / ENERGY INTELLIGENCE GROUP (UK) LIMITED.",2029 Q2,Senegal,,
Source: Energy Intelligence,"COPYRIGHT © 2001-2022 ENERGY INTELLIGENCE GROUP, INC. / ENERGY INTELLIGENCE GROUP (UK) LIMITED.",2029 Q1,Senegal,,
Source: Energy Intelligence,"COPYRIGHT © 2001-2022 ENERGY INTELLIGENCE GROUP, INC. / ENERGY INTELLIGENCE GROUP (UK) LIMITED.",2028 Q4,Senegal,,
Source: Energy Intelligence,"COPYRIGHT © 2001-2022 ENERGY INTELLIGENCE GROUP, INC. / ENERGY INTELLIGENCE GROUP (UK) LIMITED.",2028 Q3,Senegal,,
Source: Energy Intelligence,"COPYRIGHT © 2001-2022 ENERGY INTELLIGENCE GROUP, INC. / ENERGY INTELLIGENCE GROUP (UK) LIMITED.",2028 Q2,Senegal,,
Source: Energy Intelligence,"COPYRIGHT © 2001-2022 ENERGY INTELLIGENCE GROUP, INC. / ENERGY INTELLIGENCE GROUP (UK) LIMITED.",2028 Q1,Senegal,,
Source: Energy Intelligence,"COPYRIGHT © 2001-2022 ENERGY INTELLIGENCE GROUP, INC. / ENERGY INTELLIGENCE GROUP (UK) LIMITED.",2027 Q4,Senegal,,
Source: Energy Intelligence,"COPYRIGHT © 2001-2022 ENERGY INTELLIGENCE GROUP, INC. / ENERGY INTELLIGENCE GROUP (UK) LIMITED.",2027 Q3,Senegal,,
Source: Energy Intelligence,"COPYRIGHT © 2001-2022 ENERGY INTELLIGENCE GROUP, INC. / ENERGY INTELLIGENCE GROUP (UK) LIMITED.",2027 Q2,Senegal,,
Source: Energy Intelligence,"COPYRIGHT © 2001-2022 ENERGY INTELLIGENCE GROUP, INC. / ENERGY INTELLIGENCE GROUP (UK) LIMITED.",2027 Q1,Senegal,,
Source: Energy Intelligence,"COPYRIGHT © 2001-2022 ENERGY INTELLIGENCE GROUP, INC. / ENERGY INTELLIGENCE GROUP (UK) LIMITED.",2026 Q4,Senegal,,
Source: Energy Intelligence,"COPYRIGHT © 2001-2022 ENERGY INTELLIGENCE GROUP, INC. / ENERGY INTELLIGENCE GROUP (UK) LIMITED.",2026 Q3,Senegal,,
Source: Energy Intelligence,"COPYRIGHT © 2001-2022 ENERGY INTELLIGENCE GROUP, INC. / ENERGY INTELLIGENCE GROUP (UK) LIMITED.",2026 Q2,Senegal,,
Source: Energy Intelligence,"COPYRIGHT © 2001-2022 ENERGY INTELLIGENCE GROUP, INC. / ENERGY INTELLIGENCE GROUP (UK) LIMITED.",2026 Q1,Senegal,,
Source: Energy Intelligence,"COPYRIGHT © 2001-2022 ENERGY INTELLIGENCE GROUP, INC. / ENERGY INTELLIGENCE GROUP (UK) LIMITED.",2025 Q4,Senegal,,
Source: Energy Intelligence,"COPYRIGHT © 2001-2022 ENERGY INTELLIGENCE GROUP, INC. / ENERGY INTELLIGENCE GROUP (UK) LIMITED.",2025 Q3,Senegal,,
Source: Energy Intelligence,"COPYRIGHT © 2001-2022 ENERGY INTELLIGENCE GROUP, INC. / ENERGY INTELLIGENCE GROUP (UK) LIMITED.",2025 Q2,Senegal,,
Source: Energy Intelligence,"COPYRIGHT © 2001-2022 ENERGY INTELLIGENCE GROUP, INC. / ENERGY INTELLIGENCE GROUP (UK) LIMITED.",2025 Q1,Senegal,,
Source: Energy Intelligence,"COPYRIGHT © 2001-2022 ENERGY INTELLIGENCE GROUP, INC. / ENERGY INTELLIGENCE GROUP (UK) LIMITED.",2029 Q4,Saudi Arabia,,
Source: Energy Intelligence,"COPYRIGHT © 2001-2022 ENERGY INTELLIGENCE GROUP, INC. / ENERGY INTELLIGENCE GROUP (UK) LIMITED.",2029 Q3,Saudi Arabia,,60
Source: Energy Intelligence,"COPYRIGHT © 2001-2022 ENERGY INTELLIGENCE GROUP, INC. / ENERGY INTELLIGENCE GROUP (UK) LIMITED.",2029 Q2,Saudi Arabia,,30
Source: Energy Intelligence,"COPYRIGHT © 2001-2022 ENERGY INTELLIGENCE GROUP, INC. / ENERGY INTELLIGENCE GROUP (UK) LIMITED.",2029 Q1,Saudi Arabia,,30
Source: Energy Intelligence,"COPYRIGHT © 2001-2022 ENERGY INTELLIGENCE GROUP, INC. / ENERGY INTELLIGENCE GROUP (UK) LIMITED.",2028 Q4,Saudi Arabia,,60
Source: Energy Intelligence,"COPYRIGHT © 2001-2022 ENERGY INTELLIGENCE GROUP, INC. / ENERGY INTELLIGENCE GROUP (UK) LIMITED.",2028 Q3,Saudi Arabia,,30
Source: Energy Intelligence,"COPYRIGHT © 2001-2022 ENERGY INTELLIGENCE GROUP, INC. / ENERGY INTELLIGENCE GROUP (UK) LIMITED.",2028 Q2,Saudi Arabia,,30
Source: Energy Intelligence,"COPYRIGHT © 2001-2022 ENERGY INTELLIGENCE GROUP, INC. / ENERGY INTELLIGENCE GROUP (UK) LIMITED.",2028 Q1,Saudi Arabia,,30
Source: Energy Intelligence,"COPYRIGHT © 2001-2022 ENERGY INTELLIGENCE GROUP, INC. / ENERGY INTELLIGENCE GROUP (UK) LIMITED.",2027 Q4,Saudi Arabia,,40
Source: Energy Intelligence,"COPYRIGHT © 2001-2022 ENERGY INTELLIGENCE GROUP, INC. / ENERGY INTELLIGENCE GROUP (UK) LIMITED.",2027 Q3,Saudi Arabia,,50
Source: Energy Intelligence,"COPYRIGHT © 2001-2022 ENERGY INTELLIGENCE GROUP, INC. / ENERGY INTELLIGENCE GROUP (UK) LIMITED.",2027 Q2,Saudi Arabia,,195
Source: Energy Intelligence,"COPYRIGHT © 2001-2022 ENERGY INTELLIGENCE GROUP, INC. / ENERGY INTELLIGENCE GROUP (UK) LIMITED.",2027 Q1,Saudi Arabia,,205
Source: Energy Intelligence,"COPYRIGHT © 2001-2022 ENERGY INTELLIGENCE GROUP, INC. / ENERGY INTELLIGENCE GROUP (UK) LIMITED.",2026 Q4,Saudi Arabia,,280
Source: Energy Intelligence,"COPYRIGHT © 2001-2022 ENERGY INTELLIGENCE GROUP, INC. / ENERGY INTELLIGENCE GROUP (UK) LIMITED.",2026 Q3,Saudi Arabia,,230
Source: Energy Intelligence,"COPYRIGHT © 2001-2022 ENERGY INTELLIGENCE GROUP, INC. / ENERGY INTELLIGENCE GROUP (UK) LIMITED.",2026 Q2,Saudi Arabia,,230
Source: Energy Intelligence,"COPYRIGHT © 2001-2022 ENERGY INTELLIGENCE GROUP, INC. / ENERGY INTELLIGENCE GROUP (UK) LIMITED.",2026 Q1,Saudi Arabia,,245
Source: Energy Intelligence,"COPYRIGHT © 2001-2022 ENERGY INTELLIGENCE GROUP, INC. / ENERGY INTELLIGENCE GROUP (UK) LIMITED.",2025 Q4,Saudi Arabia,,140
Source: Energy Intelligence,"COPYRIGHT © 2001-2022 ENERGY INTELLIGENCE GROUP, INC. / ENERGY INTELLIGENCE GROUP (UK) LIMITED.",2025 Q3,Saudi Arabia,,
Source: Energy Intelligence,"COPYRIGHT © 2001-2022 ENERGY INTELLIGENCE GROUP, INC. / ENERGY INTELLIGENCE GROUP (UK) LIMITED.",2025 Q2,Saudi Arabia,,
Source: Energy Intelligence,"COPYRIGHT © 2001-2022 ENERGY INTELLIGENCE GROUP, INC. / ENERGY INTELLIGENCE GROUP (UK) LIMITED.",2025 Q1,Saudi Arabia,,
Source: Energy Intelligence,"COPYRIGHT © 2001-2022 ENERGY INTELLIGENCE GROUP, INC. / ENERGY INTELLIGENCE GROUP (UK) LIMITED.",2029 Q4,Russia,,
Source: Energy Intelligence,"COPYRIGHT © 2001-2022 ENERGY INTELLIGENCE GROUP, INC. / ENERGY INTELLIGENCE GROUP (UK) LIMITED.",2029 Q3,Russia,,
Source: Energy Intelligence,"COPYRIGHT © 2001-2022 ENERGY INTELLIGENCE GROUP, INC. / ENERGY INTELLIGENCE GROUP (UK) LIMITED.",2029 Q2,Russia,,
Source: Energy Intelligence,"COPYRIGHT © 2001-2022 ENERGY INTELLIGENCE GROUP, INC. / ENERGY INTELLIGENCE GROUP (UK) LIMITED.",2029 Q1,Russia,,
Source: Energy Intelligence,"COPYRIGHT © 2001-2022 ENERGY INTELLIGENCE GROUP, INC. / ENERGY INTELLIGENCE GROUP (UK) LIMITED.",2028 Q4,Russia,,
Source: Energy Intelligence,"COPYRIGHT © 2001-2022 ENERGY INTELLIGENCE GROUP, INC. / ENERGY INTELLIGENCE GROUP (UK) LIMITED.",2028 Q3,Russia,,
Source: Energy Intelligence,"COPYRIGHT © 2001-2022 ENERGY INTELLIGENCE GROUP, INC. / ENERGY INTELLIGENCE GROUP (UK) LIMITED.",2028 Q2,Russia,,50
Source: Energy Intelligence,"COPYRIGHT © 2001-2022 ENERGY INTELLIGENCE GROUP, INC. / ENERGY INTELLIGENCE GROUP (UK) LIMITED.",2028 Q1,Russia,,50
Source: Energy Intelligence,"COPYRIGHT © 2001-2022 ENERGY INTELLIGENCE GROUP, INC. / ENERGY INTELLIGENCE GROUP (UK) LIMITED.",2027 Q4,Russia,,50
Source: Energy Intelligence,"COPYRIGHT © 2001-2022 ENERGY INTELLIGENCE GROUP, INC. / ENERGY INTELLIGENCE GROUP (UK) LIMITED.",2027 Q3,Russia,,52
Source: Energy Intelligence,"COPYRIGHT © 2001-2022 ENERGY INTELLIGENCE GROUP, INC. / ENERGY INTELLIGENCE GROUP (UK) LIMITED.",2027 Q2,Russia,,52
Source: Energy Intelligence,"COPYRIGHT © 2001-2022 ENERGY INTELLIGENCE GROUP, INC. / ENERGY INTELLIGENCE GROUP (UK) LIMITED.",2027 Q1,Russia,,73
Source: Energy Intelligence,"COPYRIGHT © 2001-2022 ENERGY INTELLIGENCE GROUP, INC. / ENERGY INTELLIGENCE GROUP (UK) LIMITED.",2026 Q4,Russia,,17
Source: Energy Intelligence,"COPYRIGHT © 2001-2022 ENERGY INTELLIGENCE GROUP, INC. / ENERGY INTELLIGENCE GROUP (UK) LIMITED.",2026 Q3,Russia,,2
Source: Energy Intelligence,"COPYRIGHT © 2001-2022 ENERGY INTELLIGENCE GROUP, INC. / ENERGY INTELLIGENCE GROUP (UK) LIMITED.",2026 Q2,Russia,,22
Source: Energy Intelligence,"COPYRIGHT © 2001-2022 ENERGY INTELLIGENCE GROUP, INC. / ENERGY INTELLIGENCE GROUP (UK) LIMITED.",2026 Q1,Russia,,3
Source: Energy Intelligence,"COPYRIGHT © 2001-2022 ENERGY INTELLIGENCE GROUP, INC. / ENERGY INTELLIGENCE GROUP (UK) LIMITED.",2025 Q4,Russia,,3
Source: Energy Intelligence,"COPYRIGHT © 2001-2022 ENERGY INTELLIGENCE GROUP, INC. / ENERGY INTELLIGENCE GROUP (UK) LIMITED.",2025 Q3,Russia,,19
Source: Energy Intelligence,"COPYRIGHT © 2001-2022 ENERGY INTELLIGENCE GROUP, INC. / ENERGY INTELLIGENCE GROUP (UK) LIMITED.",2025 Q2,Russia,,2
Source: Energy Intelligence,"COPYRIGHT © 2001-2022 ENERGY INTELLIGENCE GROUP, INC. / ENERGY INTELLIGENCE GROUP (UK) LIMITED.",2025 Q1,Russia,,3
Source: Energy Intelligence,"COPYRIGHT © 2001-2022 ENERGY INTELLIGENCE GROUP, INC. / ENERGY INTELLIGENCE GROUP (UK) LIMITED.",2029 Q4,Qatar,,
Source: Energy Intelligence,"COPYRIGHT © 2001-2022 ENERGY INTELLIGENCE GROUP, INC. / ENERGY INTELLIGENCE GROUP (UK) LIMITED.",2029 Q3,Qatar,,
Source: Energy Intelligence,"COPYRIGHT © 2001-2022 ENERGY INTELLIGENCE GROUP, INC. / ENERGY INTELLIGENCE GROUP (UK) LIMITED.",2029 Q2,Qatar,,
Source: Energy Intelligence,"COPYRIGHT © 2001-2022 ENERGY INTELLIGENCE GROUP, INC. / ENERGY INTELLIGENCE GROUP (UK) LIMITED.",2029 Q1,Qatar,,
Source: Energy Intelligence,"COPYRIGHT © 2001-2022 ENERGY INTELLIGENCE GROUP, INC. / ENERGY INTELLIGENCE GROUP (UK) LIMITED.",2028 Q4,Qatar,,
Source: Energy Intelligence,"COPYRIGHT © 2001-2022 ENERGY INTELLIGENCE GROUP, INC. / ENERGY INTELLIGENCE GROUP (UK) LIMITED.",2028 Q3,Qatar,,
Source: Energy Intelligence,"COPYRIGHT © 2001-2022 ENERGY INTELLIGENCE GROUP, INC. / ENERGY INTELLIGENCE GROUP (UK) LIMITED.",2028 Q2,Qatar,,
Source: Energy Intelligence,"COPYRIGHT © 2001-2022 ENERGY INTELLIGENCE GROUP, INC. / ENERGY INTELLIGENCE GROUP (UK) LIMITED.",2028 Q1,Qatar,,20
Source: Energy Intelligence,"COPYRIGHT © 2001-2022 ENERGY INTELLIGENCE GROUP, INC. / ENERGY INTELLIGENCE GROUP (UK) LIMITED.",2027 Q4,Qatar,,30
Source: Energy Intelligence,"COPYRIGHT © 2001-2022 ENERGY INTELLIGENCE GROUP, INC. / ENERGY INTELLIGENCE GROUP (UK) LIMITED.",2027 Q3,Qatar,,51
Source: Energy Intelligence,"COPYRIGHT © 2001-2022 ENERGY INTELLIGENCE GROUP, INC. / ENERGY INTELLIGENCE GROUP (UK) LIMITED.",2027 Q2,Qatar,,70
Source: Energy Intelligence,"COPYRIGHT © 2001-2022 ENERGY INTELLIGENCE GROUP, INC. / ENERGY INTELLIGENCE GROUP (UK) LIMITED.",2027 Q1,Qatar,,104
Source: Energy Intelligence,"COPYRIGHT © 2001-2022 ENERGY INTELLIGENCE GROUP, INC. / ENERGY INTELLIGENCE GROUP (UK) LIMITED.",2026 Q4,Qatar,,50
Source: Energy Intelligence,"COPYRIGHT © 2001-2022 ENERGY INTELLIGENCE GROUP, INC. / ENERGY INTELLIGENCE GROUP (UK) LIMITED.",2026 Q3,Qatar,,50
Source: Energy Intelligence,"COPYRIGHT © 2001-2022 ENERGY INTELLIGENCE GROUP, INC. / ENERGY INTELLIGENCE GROUP (UK) LIMITED.",2026 Q2,Qatar,,50
Source: Energy Intelligence,"COPYRIGHT © 2001-2022 ENERGY INTELLIGENCE GROUP, INC. / ENERGY INTELLIGENCE GROUP (UK) LIMITED.",2026 Q1,Qatar,,50
Source: Energy Intelligence,"COPYRIGHT © 2001-2022 ENERGY INTELLIGENCE GROUP, INC. / ENERGY INTELLIGENCE GROUP (UK) LIMITED.",2025 Q4,Qatar,,
Source: Energy Intelligence,"COPYRIGHT © 2001-2022 ENERGY INTELLIGENCE GROUP, INC. / ENERGY INTELLIGENCE GROUP (UK) LIMITED.",2025 Q3,Qatar,,
Source: Energy Intelligence,"COPYRIGHT © 2001-2022 ENERGY INTELLIGENCE GROUP, INC. / ENERGY INTELLIGENCE GROUP (UK) LIMITED.",2025 Q2,Qatar,,
Source: Energy Intelligence,"COPYRIGHT © 2001-2022 ENERGY INTELLIGENCE GROUP, INC. / ENERGY INTELLIGENCE GROUP (UK) LIMITED.",2025 Q1,Qatar,,
Source: Energy Intelligence,"COPYRIGHT © 2001-2022 ENERGY INTELLIGENCE GROUP, INC. / ENERGY INTELLIGENCE GROUP (UK) LIMITED.",2029 Q4,Oman,,
Source: Energy Intelligence,"COPYRIGHT © 2001-2022 ENERGY INTELLIGENCE GROUP, INC. / ENERGY INTELLIGENCE GROUP (UK) LIMITED.",2029 Q3,Oman,,
Source: Energy Intelligence,"COPYRIGHT © 2001-2022 ENERGY INTELLIGENCE GROUP, INC. / ENERGY INTELLIGENCE GROUP (UK) LIMITED.",2029 Q2,Oman,,
Source: Energy Intelligence,"COPYRIGHT © 2001-2022 ENERGY INTELLIGENCE GROUP, INC. / ENERGY INTELLIGENCE GROUP (UK) LIMITED.",2029 Q1,Oman,,
Source: Energy Intelligence,"COPYRIGHT © 2001-2022 ENERGY INTELLIGENCE GROUP, INC. / ENERGY INTELLIGENCE GROUP (UK) LIMITED.",2028 Q4,Oman,,
Source: Energy Intelligence,"COPYRIGHT © 2001-2022 ENERGY INTELLIGENCE GROUP, INC. / ENERGY INTELLIGENCE GROUP (UK) LIMITED.",2028 Q3,Oman,,
Source: Energy Intelligence,"COPYRIGHT © 2001-2022 ENERGY INTELLIGENCE GROUP, INC. / ENERGY INTELLIGENCE GROUP (UK) LIMITED.",2028 Q2,Oman,,
Source: Energy Intelligence,"COPYRIGHT © 2001-2022 ENERGY INTELLIGENCE GROUP, INC. / ENERGY INTELLIGENCE GROUP (UK) LIMITED.",2028 Q1,Oman,,
Source: Energy Intelligence,"COPYRIGHT © 2001-2022 ENERGY INTELLIGENCE GROUP, INC. / ENERGY INTELLIGENCE GROUP (UK) LIMITED.",2027 Q4,Oman,,
Source: Energy Intelligence,"COPYRIGHT © 2001-2022 ENERGY INTELLIGENCE GROUP, INC. / ENERGY INTELLIGENCE GROUP (UK) LIMITED.",2027 Q3,Oman,,
Source: Energy Intelligence,"COPYRIGHT © 2001-2022 ENERGY INTELLIGENCE GROUP, INC. / ENERGY INTELLIGENCE GROUP (UK) LIMITED.",2027 Q2,Oman,,
Source: Energy Intelligence,"COPYRIGHT © 2001-2022 ENERGY INTELLIGENCE GROUP, INC. / ENERGY INTELLIGENCE GROUP (UK) LIMITED.",2027 Q1,Oman,,
Source: Energy Intelligence,"COPYRIGHT © 2001-2022 ENERGY INTELLIGENCE GROUP, INC. / ENERGY INTELLIGENCE GROUP (UK) LIMITED.",2026 Q4,Oman,,
Source: Energy Intelligence,"COPYRIGHT © 2001-2022 ENERGY INTELLIGENCE GROUP, INC. / ENERGY INTELLIGENCE GROUP (UK) LIMITED.",2026 Q3,Oman,,
Source: Energy Intelligence,"COPYRIGHT © 2001-2022 ENERGY INTELLIGENCE GROUP, INC. / ENERGY INTELLIGENCE GROUP (UK) LIMITED.",2026 Q2,Oman,,
Source: Energy Intelligence,"COPYRIGHT © 2001-2022 ENERGY INTELLIGENCE GROUP, INC. / ENERGY INTELLIGENCE GROUP (UK) LIMITED.",2026 Q1,Oman,,
Source: Energy Intelligence,"COPYRIGHT © 2001-2022 ENERGY INTELLIGENCE GROUP, INC. / ENERGY INTELLIGENCE GROUP (UK) LIMITED.",2025 Q4,Oman,,
Source: Energy Intelligence,"COPYRIGHT © 2001-2022 ENERGY INTELLIGENCE GROUP, INC. / ENERGY INTELLIGENCE GROUP (UK) LIMITED.",2025 Q3,Oman,,
Source: Energy Intelligence,"COPYRIGHT © 2001-2022 ENERGY INTELLIGENCE GROUP, INC. / ENERGY INTELLIGENCE GROUP (UK) LIMITED.",2025 Q2,Oman,,
Source: Energy Intelligence,"COPYRIGHT © 2001-2022 ENERGY INTELLIGENCE GROUP, INC. / ENERGY INTELLIGENCE GROUP (UK) LIMITED.",2025 Q1,Oman,,
Source: Energy Intelligence,"COPYRIGHT © 2001-2022 ENERGY INTELLIGENCE GROUP, INC. / ENERGY INTELLIGENCE GROUP (UK) LIMITED.",2029 Q4,Norway,,20
Source: Energy Intelligence,"COPYRIGHT © 2001-2022 ENERGY INTELLIGENCE GROUP, INC. / ENERGY INTELLIGENCE GROUP (UK) LIMITED.",2029 Q3,Norway,,
Source: Energy Intelligence,"COPYRIGHT © 2001-2022 ENERGY INTELLIGENCE GROUP, INC. / ENERGY INTELLIGENCE GROUP (UK) LIMITED.",2029 Q2,Norway,,20
Source: Energy Intelligence,"COPYRIGHT © 2001-2022 ENERGY INTELLIGENCE GROUP, INC. / ENERGY INTELLIGENCE GROUP (UK) LIMITED.",2029 Q1,Norway,,54
Source: Energy Intelligence,"COPYRIGHT © 2001-2022 ENERGY INTELLIGENCE GROUP, INC. / ENERGY INTELLIGENCE GROUP (UK) LIMITED.",2028 Q4,Norway,,
Source: Energy Intelligence,"COPYRIGHT © 2001-2022 ENERGY INTELLIGENCE GROUP, INC. / ENERGY INTELLIGENCE GROUP (UK) LIMITED.",2028 Q3,Norway,,
Source: Energy Intelligence,"COPYRIGHT © 2001-2022 ENERGY INTELLIGENCE GROUP, INC. / ENERGY INTELLIGENCE GROUP (UK) LIMITED.",2028 Q2,Norway,,
Source: Energy Intelligence,"COPYRIGHT © 2001-2022 ENERGY INTELLIGENCE GROUP, INC. / ENERGY INTELLIGENCE GROUP (UK) LIMITED.",2028 Q1,Norway,,
Source: Energy Intelligence,"COPYRIGHT © 2001-2022 ENERGY INTELLIGENCE GROUP, INC. / ENERGY INTELLIGENCE GROUP (UK) LIMITED.",2027 Q4,Norway,,
Source: Energy Intelligence,"COPYRIGHT © 2001-2022 ENERGY INTELLIGENCE GROUP, INC. / ENERGY INTELLIGENCE GROUP (UK) LIMITED.",2027 Q3,Norway,,
Source: Energy Intelligence,"COPYRIGHT © 2001-2022 ENERGY INTELLIGENCE GROUP, INC. / ENERGY INTELLIGENCE GROUP (UK) LIMITED.",2027 Q2,Norway,,47
Source: Energy Intelligence,"COPYRIGHT © 2001-2022 ENERGY INTELLIGENCE GROUP, INC. / ENERGY INTELLIGENCE GROUP (UK) LIMITED.",2027 Q1,Norway,,
Source: Energy Intelligence,"COPYRIGHT © 2001-2022 ENERGY INTELLIGENCE GROUP, INC. / ENERGY INTELLIGENCE GROUP (UK) LIMITED.",2026 Q4,Norway,,
Source: Energy Intelligence,"COPYRIGHT © 2001-2022 ENERGY INTELLIGENCE GROUP, INC. / ENERGY INTELLIGENCE GROUP (UK) LIMITED.",2026 Q3,Norway,,
Source: Energy Intelligence,"COPYRIGHT © 2001-2022 ENERGY INTELLIGENCE GROUP, INC. / ENERGY INTELLIGENCE GROUP (UK) LIMITED.",2026 Q2,Norway,,
Source: Energy Intelligence,"COPYRIGHT © 2001-2022 ENERGY INTELLIGENCE GROUP, INC. / ENERGY INTELLIGENCE GROUP (UK) LIMITED.",2026 Q1,Norway,,
Source: Energy Intelligence,"COPYRIGHT © 2001-2022 ENERGY INTELLIGENCE GROUP, INC. / ENERGY INTELLIGENCE GROUP (UK) LIMITED.",2025 Q4,Norway,,14
Source: Energy Intelligence,"COPYRIGHT © 2001-2022 ENERGY INTELLIGENCE GROUP, INC. / ENERGY INTELLIGENCE GROUP (UK) LIMITED.",2025 Q3,Norway,,65
Source: Energy Intelligence,"COPYRIGHT © 2001-2022 ENERGY INTELLIGENCE GROUP, INC. / ENERGY INTELLIGENCE GROUP (UK) LIMITED.",2025 Q2,Norway,,166
Source: Energy Intelligence,"COPYRIGHT © 2001-2022 ENERGY INTELLIGENCE GROUP, INC. / ENERGY INTELLIGENCE GROUP (UK) LIMITED.",2025 Q1,Norway,,120
Source: Energy Intelligence,"COPYRIGHT © 2001-2022 ENERGY INTELLIGENCE GROUP, INC. / ENERGY INTELLIGENCE GROUP (UK) LIMITED.",2029 Q4,Nigeria,,
Source: Energy Intelligence,"COPYRIGHT © 2001-2022 ENERGY INTELLIGENCE GROUP, INC. / ENERGY INTELLIGENCE GROUP (UK) LIMITED.",2029 Q3,Nigeria,,
Source: Energy Intelligence,"COPYRIGHT © 2001-2022 ENERGY INTELLIGENCE GROUP, INC. / ENERGY INTELLIGENCE GROUP (UK) LIMITED.",2029 Q2,Nigeria,,20
Source: Energy Intelligence,"COPYRIGHT © 2001-2022 ENERGY INTELLIGENCE GROUP, INC. / ENERGY INTELLIGENCE GROUP (UK) LIMITED.",2029 Q1,Nigeria,,20
Source: Energy Intelligence,"COPYRIGHT © 2001-2022 ENERGY INTELLIGENCE GROUP, INC. / ENERGY INTELLIGENCE GROUP (UK) LIMITED.",2028 Q4,Nigeria,,20
Source: Energy Intelligence,"COPYRIGHT © 2001-2022 ENERGY INTELLIGENCE GROUP, INC. / ENERGY INTELLIGENCE GROUP (UK) LIMITED.",2028 Q3,Nigeria,,20
Source: Energy Intelligence,"COPYRIGHT © 2001-2022 ENERGY INTELLIGENCE GROUP, INC. / ENERGY INTELLIGENCE GROUP (UK) LIMITED.",2028 Q2,Nigeria,,20
Source: Energy Intelligence,"COPYRIGHT © 2001-2022 ENERGY INTELLIGENCE GROUP, INC. / ENERGY INTELLIGENCE GROUP (UK) LIMITED.",2028 Q1,Nigeria,,10
Source: Energy Intelligence,"COPYRIGHT © 2001-2022 ENERGY INTELLIGENCE GROUP, INC. / ENERGY INTELLIGENCE GROUP (UK) LIMITED.",2027 Q4,Nigeria,,3
Source: Energy Intelligence,"COPYRIGHT © 2001-2022 ENERGY INTELLIGENCE GROUP, INC. / ENERGY INTELLIGENCE GROUP (UK) LIMITED.",2027 Q3,Nigeria,,4
Source: Energy Intelligence,"COPYRIGHT © 2001-2022 ENERGY INTELLIGENCE GROUP, INC. / ENERGY INTELLIGENCE GROUP (UK) LIMITED.",2027 Q2,Nigeria,,4
Source: Energy Intelligence,"COPYRIGHT © 2001-2022 ENERGY INTELLIGENCE GROUP, INC. / ENERGY INTELLIGENCE GROUP (UK) LIMITED.",2027 Q1,Nigeria,,4
Source: Energy Intelligence,"COPYRIGHT © 2001-2022 ENERGY INTELLIGENCE GROUP, INC. / ENERGY INTELLIGENCE GROUP (UK) LIMITED.",2026 Q4,Nigeria,,4
Source: Energy Intelligence,"COPYRIGHT © 2001-2022 ENERGY INTELLIGENCE GROUP, INC. / ENERGY INTELLIGENCE GROUP (UK) LIMITED.",2026 Q3,Nigeria,,4
Source: Energy Intelligence,"COPYRIGHT © 2001-2022 ENERGY INTELLIGENCE GROUP, INC. / ENERGY INTELLIGENCE GROUP (UK) LIMITED.",2026 Q2,Nigeria,,19
Source: Energy Intelligence,"COPYRIGHT © 2001-2022 ENERGY INTELLIGENCE GROUP, INC. / ENERGY INTELLIGENCE GROUP (UK) LIMITED.",2026 Q1,Nigeria,,34
Source: Energy Intelligence,"COPYRIGHT © 2001-2022 ENERGY INTELLIGENCE GROUP, INC. / ENERGY INTELLIGENCE GROUP (UK) LIMITED.",2025 Q4,Nigeria,,39
Source: Energy Intelligence,"COPYRIGHT © 2001-2022 ENERGY INTELLIGENCE GROUP, INC. / ENERGY INTELLIGENCE GROUP (UK) LIMITED.",2025 Q3,Nigeria,,19
Source: Energy Intelligence,"COPYRIGHT © 2001-2022 ENERGY INTELLIGENCE GROUP, INC. / ENERGY INTELLIGENCE GROUP (UK) LIMITED.",2025 Q2,Nigeria,,19
Source: Energy Intelligence,"COPYRIGHT © 2001-2022 ENERGY INTELLIGENCE GROUP, INC. / ENERGY INTELLIGENCE GROUP (UK) LIMITED.",2025 Q1,Nigeria,,9
Source: Energy Intelligence,"COPYRIGHT © 2001-2022 ENERGY INTELLIGENCE GROUP, INC. / ENERGY INTELLIGENCE GROUP (UK) LIMITED.",2029 Q4,Niger,,
Source: Energy Intelligence,"COPYRIGHT © 2001-2022 ENERGY INTELLIGENCE GROUP, INC. / ENERGY INTELLIGENCE GROUP (UK) LIMITED.",2029 Q3,Niger,,
Source: Energy Intelligence,"COPYRIGHT © 2001-2022 ENERGY INTELLIGENCE GROUP, INC. / ENERGY INTELLIGENCE GROUP (UK) LIMITED.",2029 Q2,Niger,,
Source: Energy Intelligence,"COPYRIGHT © 2001-2022 ENERGY INTELLIGENCE GROUP, INC. / ENERGY INTELLIGENCE GROUP (UK) LIMITED.",2029 Q1,Niger,,
Source: Energy Intelligence,"COPYRIGHT © 2001-2022 ENERGY INTELLIGENCE GROUP, INC. / ENERGY INTELLIGENCE GROUP (UK) LIMITED.",2028 Q4,Niger,,
Source: Energy Intelligence,"COPYRIGHT © 2001-2022 ENERGY INTELLIGENCE GROUP, INC. / ENERGY INTELLIGENCE GROUP (UK) LIMITED.",2028 Q3,Niger,,
Source: Energy Intelligence,"COPYRIGHT © 2001-2022 ENERGY INTELLIGENCE GROUP, INC. / ENERGY INTELLIGENCE GROUP (UK) LIMITED.",2028 Q2,Niger,,
Source: Energy Intelligence,"COPYRIGHT © 2001-2022 ENERGY INTELLIGENCE GROUP, INC. / ENERGY INTELLIGENCE GROUP (UK) LIMITED.",2028 Q1,Niger,,
Source: Energy Intelligence,"COPYRIGHT © 2001-2022 ENERGY INTELLIGENCE GROUP, INC. / ENERGY INTELLIGENCE GROUP (UK) LIMITED.",2027 Q4,Niger,,
Source: Energy Intelligence,"COPYRIGHT © 2001-2022 ENERGY INTELLIGENCE GROUP, INC. / ENERGY INTELLIGENCE GROUP (UK) LIMITED.",2027 Q3,Niger,,
Source: Energy Intelligence,"COPYRIGHT © 2001-2022 ENERGY INTELLIGENCE GROUP, INC. / ENERGY INTELLIGENCE GROUP (UK) LIMITED.",2027 Q2,Niger,,
Source: Energy Intelligence,"COPYRIGHT © 2001-2022 ENERGY INTELLIGENCE GROUP, INC. / ENERGY INTELLIGENCE GROUP (UK) LIMITED.",2027 Q1,Niger,,
Source: Energy Intelligence,"COPYRIGHT © 2001-2022 ENERGY INTELLIGENCE GROUP, INC. / ENERGY INTELLIGENCE GROUP (UK) LIMITED.",2026 Q4,Niger,,
Source: Energy Intelligence,"COPYRIGHT © 2001-2022 ENERGY INTELLIGENCE GROUP, INC. / ENERGY INTELLIGENCE GROUP (UK) LIMITED.",2026 Q3,Niger,,
Source: Energy Intelligence,"COPYRIGHT © 2001-2022 ENERGY INTELLIGENCE GROUP, INC. / ENERGY INTELLIGENCE GROUP (UK) LIMITED.",2026 Q2,Niger,,
Source: Energy Intelligence,"COPYRIGHT © 2001-2022 ENERGY INTELLIGENCE GROUP, INC. / ENERGY INTELLIGENCE GROUP (UK) LIMITED.",2026 Q1,Niger,,
Source: Energy Intelligence,"COPYRIGHT © 2001-2022 ENERGY INTELLIGENCE GROUP, INC. / ENERGY INTELLIGENCE GROUP (UK) LIMITED.",2025 Q4,Niger,,
Source: Energy Intelligence,"COPYRIGHT © 2001-2022 ENERGY INTELLIGENCE GROUP, INC. / ENERGY INTELLIGENCE GROUP (UK) LIMITED.",2025 Q3,Niger,,
Source: Energy Intelligence,"COPYRIGHT © 2001-2022 ENERGY INTELLIGENCE GROUP, INC. / ENERGY INTELLIGENCE GROUP (UK) LIMITED.",2025 Q2,Niger,,
Source: Energy Intelligence,"COPYRIGHT © 2001-2022 ENERGY INTELLIGENCE GROUP, INC. / ENERGY INTELLIGENCE GROUP (UK) LIMITED.",2025 Q1,Niger,,
Source: Energy Intelligence,"COPYRIGHT © 2001-2022 ENERGY INTELLIGENCE GROUP, INC. / ENERGY INTELLIGENCE GROUP (UK) LIMITED.",2029 Q4,Neutral Zone,,
Source: Energy Intelligence,"COPYRIGHT © 2001-2022 ENERGY INTELLIGENCE GROUP, INC. / ENERGY INTELLIGENCE GROUP (UK) LIMITED.",2029 Q3,Neutral Zone,,
Source: Energy Intelligence,"COPYRIGHT © 2001-2022 ENERGY INTELLIGENCE GROUP, INC. / ENERGY INTELLIGENCE GROUP (UK) LIMITED.",2029 Q2,Neutral Zone,,
Source: Energy Intelligence,"COPYRIGHT © 2001-2022 ENERGY INTELLIGENCE GROUP, INC. / ENERGY INTELLIGENCE GROUP (UK) LIMITED.",2029 Q1,Neutral Zone,,
Source: Energy Intelligence,"COPYRIGHT © 2001-2022 ENERGY INTELLIGENCE GROUP, INC. / ENERGY INTELLIGENCE GROUP (UK) LIMITED.",2028 Q4,Neutral Zone,,
Source: Energy Intelligence,"COPYRIGHT © 2001-2022 ENERGY INTELLIGENCE GROUP, INC. / ENERGY INTELLIGENCE GROUP (UK) LIMITED.",2028 Q3,Neutral Zone,,
Source: Energy Intelligence,"COPYRIGHT © 2001-2022 ENERGY INTELLIGENCE GROUP, INC. / ENERGY INTELLIGENCE GROUP (UK) LIMITED.",2028 Q2,Neutral Zone,,
Source: Energy Intelligence,"COPYRIGHT © 2001-2022 ENERGY INTELLIGENCE GROUP, INC. / ENERGY INTELLIGENCE GROUP (UK) LIMITED.",2028 Q1,Neutral Zone,,
Source: Energy Intelligence,"COPYRIGHT © 2001-2022 ENERGY INTELLIGENCE GROUP, INC. / ENERGY INTELLIGENCE GROUP (UK) LIMITED.",2027 Q4,Neutral Zone,,
Source: Energy Intelligence,"COPYRIGHT © 2001-2022 ENERGY INTELLIGENCE GROUP, INC. / ENERGY INTELLIGENCE GROUP (UK) LIMITED.",2027 Q3,Neutral Zone,,
Source: Energy Intelligence,"COPYRIGHT © 2001-2022 ENERGY INTELLIGENCE GROUP, INC. / ENERGY INTELLIGENCE GROUP (UK) LIMITED.",2027 Q2,Neutral Zone,,
Source: Energy Intelligence,"COPYRIGHT © 2001-2022 ENERGY INTELLIGENCE GROUP, INC. / ENERGY INTELLIGENCE GROUP (UK) LIMITED.",2027 Q1,Neutral Zone,,
Source: Energy Intelligence,"COPYRIGHT © 2001-2022 ENERGY INTELLIGENCE GROUP, INC. / ENERGY INTELLIGENCE GROUP (UK) LIMITED.",2026 Q4,Neutral Zone,,
Source: Energy Intelligence,"COPYRIGHT © 2001-2022 ENERGY INTELLIGENCE GROUP, INC. / ENERGY INTELLIGENCE GROUP (UK) LIMITED.",2026 Q3,Neutral Zone,,
Source: Energy Intelligence,"COPYRIGHT © 2001-2022 ENERGY INTELLIGENCE GROUP, INC. / ENERGY INTELLIGENCE GROUP (UK) LIMITED.",2026 Q2,Neutral Zone,,
Source: Energy Intelligence,"COPYRIGHT © 2001-2022 ENERGY INTELLIGENCE GROUP, INC. / ENERGY INTELLIGENCE GROUP (UK) LIMITED.",2026 Q1,Neutral Zone,,
Source: Energy Intelligence,"COPYRIGHT © 2001-2022 ENERGY INTELLIGENCE GROUP, INC. / ENERGY INTELLIGENCE GROUP (UK) LIMITED.",2025 Q4,Neutral Zone,,
Source: Energy Intelligence,"COPYRIGHT © 2001-2022 ENERGY INTELLIGENCE GROUP, INC. / ENERGY INTELLIGENCE GROUP (UK) LIMITED.",2025 Q3,Neutral Zone,,
Source: Energy Intelligence,"COPYRIGHT © 2001-2022 ENERGY INTELLIGENCE GROUP, INC. / ENERGY INTELLIGENCE GROUP (UK) LIMITED.",2025 Q2,Neutral Zone,,
Source: Energy Intelligence,"COPYRIGHT © 2001-2022 ENERGY INTELLIGENCE GROUP, INC. / ENERGY INTELLIGENCE GROUP (UK) LIMITED.",2025 Q1,Neutral Zone,,
Source: Energy Intelligence,"COPYRIGHT © 2001-2022 ENERGY INTELLIGENCE GROUP, INC. / ENERGY INTELLIGENCE GROUP (UK) LIMITED.",2029 Q4,Namibia,,
Source: Energy Intelligence,"COPYRIGHT © 2001-2022 ENERGY INTELLIGENCE GROUP, INC. / ENERGY INTELLIGENCE GROUP (UK) LIMITED.",2029 Q3,Namibia,,
Source: Energy Intelligence,"COPYRIGHT © 2001-2022 ENERGY INTELLIGENCE GROUP, INC. / ENERGY INTELLIGENCE GROUP (UK) LIMITED.",2029 Q2,Namibia,,
Source: Energy Intelligence,"COPYRIGHT © 2001-2022 ENERGY INTELLIGENCE GROUP, INC. / ENERGY INTELLIGENCE GROUP (UK) LIMITED.",2029 Q1,Namibia,,
Source: Energy Intelligence,"COPYRIGHT © 2001-2022 ENERGY INTELLIGENCE GROUP, INC. / ENERGY INTELLIGENCE GROUP (UK) LIMITED.",2028 Q4,Namibia,,
Source: Energy Intelligence,"COPYRIGHT © 2001-2022 ENERGY INTELLIGENCE GROUP, INC. / ENERGY INTELLIGENCE GROUP (UK) LIMITED.",2028 Q3,Namibia,,
Source: Energy Intelligence,"COPYRIGHT © 2001-2022 ENERGY INTELLIGENCE GROUP, INC. / ENERGY INTELLIGENCE GROUP (UK) LIMITED.",2028 Q2,Namibia,,
Source: Energy Intelligence,"COPYRIGHT © 2001-2022 ENERGY INTELLIGENCE GROUP, INC. / ENERGY INTELLIGENCE GROUP (UK) LIMITED.",2028 Q1,Namibia,,
Source: Energy Intelligence,"COPYRIGHT © 2001-2022 ENERGY INTELLIGENCE GROUP, INC. / ENERGY INTELLIGENCE GROUP (UK) LIMITED.",2027 Q4,Namibia,,
Source: Energy Intelligence,"COPYRIGHT © 2001-2022 ENERGY INTELLIGENCE GROUP, INC. / ENERGY INTELLIGENCE GROUP (UK) LIMITED.",2027 Q3,Namibia,,
Source: Energy Intelligence,"COPYRIGHT © 2001-2022 ENERGY INTELLIGENCE GROUP, INC. / ENERGY INTELLIGENCE GROUP (UK) LIMITED.",2027 Q2,Namibia,,
Source: Energy Intelligence,"COPYRIGHT © 2001-2022 ENERGY INTELLIGENCE GROUP, INC. / ENERGY INTELLIGENCE GROUP (UK) LIMITED.",2027 Q1,Namibia,,
Source: Energy Intelligence,"COPYRIGHT © 2001-2022 ENERGY INTELLIGENCE GROUP, INC. / ENERGY INTELLIGENCE GROUP (UK) LIMITED.",2026 Q4,Namibia,,
Source: Energy Intelligence,"COPYRIGHT © 2001-2022 ENERGY INTELLIGENCE GROUP, INC. / ENERGY INTELLIGENCE GROUP (UK) LIMITED.",2026 Q3,Namibia,,
Source: Energy Intelligence,"COPYRIGHT © 2001-2022 ENERGY INTELLIGENCE GROUP, INC. / ENERGY INTELLIGENCE GROUP (UK) LIMITED.",2026 Q2,Namibia,,
Source: Energy Intelligence,"COPYRIGHT © 2001-2022 ENERGY INTELLIGENCE GROUP, INC. / ENERGY INTELLIGENCE GROUP (UK) LIMITED.",2026 Q1,Namibia,,
Source: Energy Intelligence,"COPYRIGHT © 2001-2022 ENERGY INTELLIGENCE GROUP, INC. / ENERGY INTELLIGENCE GROUP (UK) LIMITED.",2025 Q4,Namibia,,
Source: Energy Intelligence,"COPYRIGHT © 2001-2022 ENERGY INTELLIGENCE GROUP, INC. / ENERGY INTELLIGENCE GROUP (UK) LIMITED.",2025 Q3,Namibia,,
Source: Energy Intelligence,"COPYRIGHT © 2001-2022 ENERGY INTELLIGENCE GROUP, INC. / ENERGY INTELLIGENCE GROUP (UK) LIMITED.",2025 Q2,Namibia,,
Source: Energy Intelligence,"COPYRIGHT © 2001-2022 ENERGY INTELLIGENCE GROUP, INC. / ENERGY INTELLIGENCE GROUP (UK) LIMITED.",2025 Q1,Namibia,,
Source: Energy Intelligence,"COPYRIGHT © 2001-2022 ENERGY INTELLIGENCE GROUP, INC. / ENERGY INTELLIGENCE GROUP (UK) LIMITED.",2029 Q4,Mexico,,10
Source: Energy Intelligence,"COPYRIGHT © 2001-2022 ENERGY INTELLIGENCE GROUP, INC. / ENERGY INTELLIGENCE GROUP (UK) LIMITED.",2029 Q3,Mexico,,25
Source: Energy Intelligence,"COPYRIGHT © 2001-2022 ENERGY INTELLIGENCE GROUP, INC. / ENERGY INTELLIGENCE GROUP (UK) LIMITED.",2029 Q2,Mexico,,15
Source: Energy Intelligence,"COPYRIGHT © 2001-2022 ENERGY INTELLIGENCE GROUP, INC. / ENERGY INTELLIGENCE GROUP (UK) LIMITED.",2029 Q1,Mexico,,13.4
Source: Energy Intelligence,"COPYRIGHT © 2001-2022 ENERGY INTELLIGENCE GROUP, INC. / ENERGY INTELLIGENCE GROUP (UK) LIMITED.",2028 Q4,Mexico,,95
Source: Energy Intelligence,"COPYRIGHT © 2001-2022 ENERGY INTELLIGENCE GROUP, INC. / ENERGY INTELLIGENCE GROUP (UK) LIMITED.",2028 Q3,Mexico,,65
Source: Energy Intelligence,"COPYRIGHT © 2001-2022 ENERGY INTELLIGENCE GROUP, INC. / ENERGY INTELLIGENCE GROUP (UK) LIMITED.",2028 Q2,Mexico,,55
Source: Energy Intelligence,"COPYRIGHT © 2001-2022 ENERGY INTELLIGENCE GROUP, INC. / ENERGY INTELLIGENCE GROUP (UK) LIMITED.",2028 Q1,Mexico,,10
Source: Energy Intelligence,"COPYRIGHT © 2001-2022 ENERGY INTELLIGENCE GROUP, INC. / ENERGY INTELLIGENCE GROUP (UK) LIMITED.",2027 Q4,Mexico,,10
Source: Energy Intelligence,"COPYRIGHT © 2001-2022 ENERGY INTELLIGENCE GROUP, INC. / ENERGY INTELLIGENCE GROUP (UK) LIMITED.",2027 Q3,Mexico,,10
Source: Energy Intelligence,"COPYRIGHT © 2001-2022 ENERGY INTELLIGENCE GROUP, INC. / ENERGY INTELLIGENCE GROUP (UK) LIMITED.",2027 Q2,Mexico,,10
Source: Energy Intelligence,"COPYRIGHT © 2001-2022 ENERGY INTELLIGENCE GROUP, INC. / ENERGY INTELLIGENCE GROUP (UK) LIMITED.",2027 Q1,Mexico,,20
Source: Energy Intelligence,"COPYRIGHT © 2001-2022 ENERGY INTELLIGENCE GROUP, INC. / ENERGY INTELLIGENCE GROUP (UK) LIMITED.",2026 Q4,Mexico,,20
Source: Energy Intelligence,"COPYRIGHT © 2001-2022 ENERGY INTELLIGENCE GROUP, INC. / ENERGY INTELLIGENCE GROUP (UK) LIMITED.",2026 Q3,Mexico,,20
Source: Energy Intelligence,"COPYRIGHT © 2001-2022 ENERGY INTELLIGENCE GROUP, INC. / ENERGY INTELLIGENCE GROUP (UK) LIMITED.",2026 Q2,Mexico,,15
Source: Energy Intelligence,"COPYRIGHT © 2001-2022 ENERGY INTELLIGENCE GROUP, INC. / ENERGY INTELLIGENCE GROUP (UK) LIMITED.",2026 Q1,Mexico,,40
Source: Energy Intelligence,"COPYRIGHT © 2001-2022 ENERGY INTELLIGENCE GROUP, INC. / ENERGY INTELLIGENCE GROUP (UK) LIMITED.",2025 Q4,Mexico,,25
Source: Energy Intelligence,"COPYRIGHT © 2001-2022 ENERGY INTELLIGENCE GROUP, INC. / ENERGY INTELLIGENCE GROUP (UK) LIMITED.",2025 Q3,Mexico,,
Source: Energy Intelligence,"COPYRIGHT © 2001-2022 ENERGY INTELLIGENCE GROUP, INC. / ENERGY INTELLIGENCE GROUP (UK) LIMITED.",2025 Q2,Mexico,,
Source: Energy Intelligence,"COPYRIGHT © 2001-2022 ENERGY INTELLIGENCE GROUP, INC. / ENERGY INTELLIGENCE GROUP (UK) LIMITED.",2025 Q1,Mexico,,10
Source: Energy Intelligence,"COPYRIGHT © 2001-2022 ENERGY INTELLIGENCE GROUP, INC. / ENERGY INTELLIGENCE GROUP (UK) LIMITED.",2029 Q4,Malaysia,,
Source: Energy Intelligence,"COPYRIGHT © 2001-2022 ENERGY INTELLIGENCE GROUP, INC. / ENERGY INTELLIGENCE GROUP (UK) LIMITED.",2029 Q3,Malaysia,,
Source: Energy Intelligence,"COPYRIGHT © 2001-2022 ENERGY INTELLIGENCE GROUP, INC. / ENERGY INTELLIGENCE GROUP (UK) LIMITED.",2029 Q2,Malaysia,,
Source: Energy Intelligence,"COPYRIGHT © 2001-2022 ENERGY INTELLIGENCE GROUP, INC. / ENERGY INTELLIGENCE GROUP (UK) LIMITED.",2029 Q1,Malaysia,,
Source: Energy Intelligence,"COPYRIGHT © 2001-2022 ENERGY INTELLIGENCE GROUP, INC. / ENERGY INTELLIGENCE GROUP (UK) LIMITED.",2028 Q4,Malaysia,,
Source: Energy Intelligence,"COPYRIGHT © 2001-2022 ENERGY INTELLIGENCE GROUP, INC. / ENERGY INTELLIGENCE GROUP (UK) LIMITED.",2028 Q3,Malaysia,,
Source: Energy Intelligence,"COPYRIGHT © 2001-2022 ENERGY INTELLIGENCE GROUP, INC. / ENERGY INTELLIGENCE GROUP (UK) LIMITED.",2028 Q2,Malaysia,,
Source: Energy Intelligence,"COPYRIGHT © 2001-2022 ENERGY INTELLIGENCE GROUP, INC. / ENERGY INTELLIGENCE GROUP (UK) LIMITED.",2028 Q1,Malaysia,,
Source: Energy Intelligence,"COPYRIGHT © 2001-2022 ENERGY INTELLIGENCE GROUP, INC. / ENERGY INTELLIGENCE GROUP (UK) LIMITED.",2027 Q4,Malaysia,,
Source: Energy Intelligence,"COPYRIGHT © 2001-2022 ENERGY INTELLIGENCE GROUP, INC. / ENERGY INTELLIGENCE GROUP (UK) LIMITED.",2027 Q3,Malaysia,,
Source: Energy Intelligence,"COPYRIGHT © 2001-2022 ENERGY INTELLIGENCE GROUP, INC. / ENERGY INTELLIGENCE GROUP (UK) LIMITED.",2027 Q2,Malaysia,,
Source: Energy Intelligence,"COPYRIGHT © 2001-2022 ENERGY INTELLIGENCE GROUP, INC. / ENERGY INTELLIGENCE GROUP (UK) LIMITED.",2027 Q1,Malaysia,,
Source: Energy Intelligence,"COPYRIGHT © 2001-2022 ENERGY INTELLIGENCE GROUP, INC. / ENERGY INTELLIGENCE GROUP (UK) LIMITED.",2026 Q4,Malaysia,,
Source: Energy Intelligence,"COPYRIGHT © 2001-2022 ENERGY INTELLIGENCE GROUP, INC. / ENERGY INTELLIGENCE GROUP (UK) LIMITED.",2026 Q3,Malaysia,,
Source: Energy Intelligence,"COPYRIGHT © 2001-2022 ENERGY INTELLIGENCE GROUP, INC. / ENERGY INTELLIGENCE GROUP (UK) LIMITED.",2026 Q2,Malaysia,,
Source: Energy Intelligence,"COPYRIGHT © 2001-2022 ENERGY INTELLIGENCE GROUP, INC. / ENERGY INTELLIGENCE GROUP (UK) LIMITED.",2026 Q1,Malaysia,,
Source: Energy Intelligence,"COPYRIGHT © 2001-2022 ENERGY INTELLIGENCE GROUP, INC. / ENERGY INTELLIGENCE GROUP (UK) LIMITED.",2025 Q4,Malaysia,,
Source: Energy Intelligence,"COPYRIGHT © 2001-2022 ENERGY INTELLIGENCE GROUP, INC. / ENERGY INTELLIGENCE GROUP (UK) LIMITED.",2025 Q3,Malaysia,,11
Source: Energy Intelligence,"COPYRIGHT © 2001-2022 ENERGY INTELLIGENCE GROUP, INC. / ENERGY INTELLIGENCE GROUP (UK) LIMITED.",2025 Q2,Malaysia,,7
Source: Energy Intelligence,"COPYRIGHT © 2001-2022 ENERGY INTELLIGENCE GROUP, INC. / ENERGY INTELLIGENCE GROUP (UK) LIMITED.",2025 Q1,Malaysia,,3
Source: Energy Intelligence,"COPYRIGHT © 2001-2022 ENERGY INTELLIGENCE GROUP, INC. / ENERGY INTELLIGENCE GROUP (UK) LIMITED.",2029 Q4,Libya,,
Source: Energy Intelligence,"COPYRIGHT © 2001-2022 ENERGY INTELLIGENCE GROUP, INC. / ENERGY INTELLIGENCE GROUP (UK) LIMITED.",2029 Q3,Libya,,
Source: Energy Intelligence,"COPYRIGHT © 2001-2022 ENERGY INTELLIGENCE GROUP, INC. / ENERGY INTELLIGENCE GROUP (UK) LIMITED.",2029 Q2,Libya,,
Source: Energy Intelligence,"COPYRIGHT © 2001-2022 ENERGY INTELLIGENCE GROUP, INC. / ENERGY INTELLIGENCE GROUP (UK) LIMITED.",2029 Q1,Libya,,
Source: Energy Intelligence,"COPYRIGHT © 2001-2022 ENERGY INTELLIGENCE GROUP, INC. / ENERGY INTELLIGENCE GROUP (UK) LIMITED.",2028 Q4,Libya,,
Source: Energy Intelligence,"COPYRIGHT © 2001-2022 ENERGY INTELLIGENCE GROUP, INC. / ENERGY INTELLIGENCE GROUP (UK) LIMITED.",2028 Q3,Libya,,
Source: Energy Intelligence,"COPYRIGHT © 2001-2022 ENERGY INTELLIGENCE GROUP, INC. / ENERGY INTELLIGENCE GROUP (UK) LIMITED.",2028 Q2,Libya,,
Source: Energy Intelligence,"COPYRIGHT © 2001-2022 ENERGY INTELLIGENCE GROUP, INC. / ENERGY INTELLIGENCE GROUP (UK) LIMITED.",2028 Q1,Libya,,
Source: Energy Intelligence,"COPYRIGHT © 2001-2022 ENERGY INTELLIGENCE GROUP, INC. / ENERGY INTELLIGENCE GROUP (UK) LIMITED.",2027 Q4,Libya,,
Source: Energy Intelligence,"COPYRIGHT © 2001-2022 ENERGY INTELLIGENCE GROUP, INC. / ENERGY INTELLIGENCE GROUP (UK) LIMITED.",2027 Q3,Libya,,
Source: Energy Intelligence,"COPYRIGHT © 2001-2022 ENERGY INTELLIGENCE GROUP, INC. / ENERGY INTELLIGENCE GROUP (UK) LIMITED.",2027 Q2,Libya,,
Source: Energy Intelligence,"COPYRIGHT © 2001-2022 ENERGY INTELLIGENCE GROUP, INC. / ENERGY INTELLIGENCE GROUP (UK) LIMITED.",2027 Q1,Libya,,
Source: Energy Intelligence,"COPYRIGHT © 2001-2022 ENERGY INTELLIGENCE GROUP, INC. / ENERGY INTELLIGENCE GROUP (UK) LIMITED.",2026 Q4,Libya,,
Source: Energy Intelligence,"COPYRIGHT © 2001-2022 ENERGY INTELLIGENCE GROUP, INC. / ENERGY INTELLIGENCE GROUP (UK) LIMITED.",2026 Q3,Libya,,
Source: Energy Intelligence,"COPYRIGHT © 2001-2022 ENERGY INTELLIGENCE GROUP, INC. / ENERGY INTELLIGENCE GROUP (UK) LIMITED.",2026 Q2,Libya,,
Source: Energy Intelligence,"COPYRIGHT © 2001-2022 ENERGY INTELLIGENCE GROUP, INC. / ENERGY INTELLIGENCE GROUP (UK) LIMITED.",2026 Q1,Libya,,10
Source: Energy Intelligence,"COPYRIGHT © 2001-2022 ENERGY INTELLIGENCE GROUP, INC. / ENERGY INTELLIGENCE GROUP (UK) LIMITED.",2025 Q4,Libya,,15
Source: Energy Intelligence,"COPYRIGHT © 2001-2022 ENERGY INTELLIGENCE GROUP, INC. / ENERGY INTELLIGENCE GROUP (UK) LIMITED.",2025 Q3,Libya,,
Source: Energy Intelligence,"COPYRIGHT © 2001-2022 ENERGY INTELLIGENCE GROUP, INC. / ENERGY INTELLIGENCE GROUP (UK) LIMITED.",2025 Q2,Libya,,
Source: Energy Intelligence,"COPYRIGHT © 2001-2022 ENERGY INTELLIGENCE GROUP, INC. / ENERGY INTELLIGENCE GROUP (UK) LIMITED.",2025 Q1,Libya,,
Source: Energy Intelligence,"COPYRIGHT © 2001-2022 ENERGY INTELLIGENCE GROUP, INC. / ENERGY INTELLIGENCE GROUP (UK) LIMITED.",2029 Q4,Kuwait,,
Source: Energy Intelligence,"COPYRIGHT © 2001-2022 ENERGY INTELLIGENCE GROUP, INC. / ENERGY INTELLIGENCE GROUP (UK) LIMITED.",2029 Q3,Kuwait,,
Source: Energy Intelligence,"COPYRIGHT © 2001-2022 ENERGY INTELLIGENCE GROUP, INC. / ENERGY INTELLIGENCE GROUP (UK) LIMITED.",2029 Q2,Kuwait,,
Source: Energy Intelligence,"COPYRIGHT © 2001-2022 ENERGY INTELLIGENCE GROUP, INC. / ENERGY INTELLIGENCE GROUP (UK) LIMITED.",2029 Q1,Kuwait,,
Source: Energy Intelligence,"COPYRIGHT © 2001-2022 ENERGY INTELLIGENCE GROUP, INC. / ENERGY INTELLIGENCE GROUP (UK) LIMITED.",2028 Q4,Kuwait,,
Source: Energy Intelligence,"COPYRIGHT © 2001-2022 ENERGY INTELLIGENCE GROUP, INC. / ENERGY INTELLIGENCE GROUP (UK) LIMITED.",2028 Q3,Kuwait,,
Source: Energy Intelligence,"COPYRIGHT © 2001-2022 ENERGY INTELLIGENCE GROUP, INC. / ENERGY INTELLIGENCE GROUP (UK) LIMITED.",2028 Q2,Kuwait,,
Source: Energy Intelligence,"COPYRIGHT © 2001-2022 ENERGY INTELLIGENCE GROUP, INC. / ENERGY INTELLIGENCE GROUP (UK) LIMITED.",2028 Q1,Kuwait,,
Source: Energy Intelligence,"COPYRIGHT © 2001-2022 ENERGY INTELLIGENCE GROUP, INC. / ENERGY INTELLIGENCE GROUP (UK) LIMITED.",2027 Q4,Kuwait,,
Source: Energy Intelligence,"COPYRIGHT © 2001-2022 ENERGY INTELLIGENCE GROUP, INC. / ENERGY INTELLIGENCE GROUP (UK) LIMITED.",2027 Q3,Kuwait,,
Source: Energy Intelligence,"COPYRIGHT © 2001-2022 ENERGY INTELLIGENCE GROUP, INC. / ENERGY INTELLIGENCE GROUP (UK) LIMITED.",2027 Q2,Kuwait,,
Source: Energy Intelligence,"COPYRIGHT © 2001-2022 ENERGY INTELLIGENCE GROUP, INC. / ENERGY INTELLIGENCE GROUP (UK) LIMITED.",2027 Q1,Kuwait,,
Source: Energy Intelligence,"COPYRIGHT © 2001-2022 ENERGY INTELLIGENCE GROUP, INC. / ENERGY INTELLIGENCE GROUP (UK) LIMITED.",2026 Q4,Kuwait,,
Source: Energy Intelligence,"COPYRIGHT © 2001-2022 ENERGY INTELLIGENCE GROUP, INC. / ENERGY INTELLIGENCE GROUP (UK) LIMITED.",2026 Q3,Kuwait,,
Source: Energy Intelligence,"COPYRIGHT © 2001-2022 ENERGY INTELLIGENCE GROUP, INC. / ENERGY INTELLIGENCE GROUP (UK) LIMITED.",2026 Q2,Kuwait,,
Source: Energy Intelligence,"COPYRIGHT © 2001-2022 ENERGY INTELLIGENCE GROUP, INC. / ENERGY INTELLIGENCE GROUP (UK) LIMITED.",2026 Q1,Kuwait,,
Source: Energy Intelligence,"COPYRIGHT © 2001-2022 ENERGY INTELLIGENCE GROUP, INC. / ENERGY INTELLIGENCE GROUP (UK) LIMITED.",2025 Q4,Kuwait,,
Source: Energy Intelligence,"COPYRIGHT © 2001-2022 ENERGY INTELLIGENCE GROUP, INC. / ENERGY INTELLIGENCE GROUP (UK) LIMITED.",2025 Q3,Kuwait,,20
Source: Energy Intelligence,"COPYRIGHT © 2001-2022 ENERGY INTELLIGENCE GROUP, INC. / ENERGY INTELLIGENCE GROUP (UK) LIMITED.",2025 Q2,Kuwait,,10
Source: Energy Intelligence,"COPYRIGHT © 2001-2022 ENERGY INTELLIGENCE GROUP, INC. / ENERGY INTELLIGENCE GROUP (UK) LIMITED.",2025 Q1,Kuwait,,
Source: Energy Intelligence,"COPYRIGHT © 2001-2022 ENERGY INTELLIGENCE GROUP, INC. / ENERGY INTELLIGENCE GROUP (UK) LIMITED.",2029 Q4,Kazakhstan,,40
Source: Energy Intelligence,"COPYRIGHT © 2001-2022 ENERGY INTELLIGENCE GROUP, INC. / ENERGY INTELLIGENCE GROUP (UK) LIMITED.",2029 Q3,Kazakhstan,,40
Source: Energy Intelligence,"COPYRIGHT © 2001-2022 ENERGY INTELLIGENCE GROUP, INC. / ENERGY INTELLIGENCE GROUP (UK) LIMITED.",2029 Q2,Kazakhstan,,
Source: Energy Intelligence,"COPYRIGHT © 2001-2022 ENERGY INTELLIGENCE GROUP, INC. / ENERGY INTELLIGENCE GROUP (UK) LIMITED.",2029 Q1,Kazakhstan,,
Source: Energy Intelligence,"COPYRIGHT © 2001-2022 ENERGY INTELLIGENCE GROUP, INC. / ENERGY INTELLIGENCE GROUP (UK) LIMITED.",2028 Q4,Kazakhstan,,
Source: Energy Intelligence,"COPYRIGHT © 2001-2022 ENERGY INTELLIGENCE GROUP, INC. / ENERGY INTELLIGENCE GROUP (UK) LIMITED.",2028 Q3,Kazakhstan,,
Source: Energy Intelligence,"COPYRIGHT © 2001-2022 ENERGY INTELLIGENCE GROUP, INC. / ENERGY INTELLIGENCE GROUP (UK) LIMITED.",2028 Q2,Kazakhstan,,
Source: Energy Intelligence,"COPYRIGHT © 2001-2022 ENERGY INTELLIGENCE GROUP, INC. / ENERGY INTELLIGENCE GROUP (UK) LIMITED.",2028 Q1,Kazakhstan,,
Source: Energy Intelligence,"COPYRIGHT © 2001-2022 ENERGY INTELLIGENCE GROUP, INC. / ENERGY INTELLIGENCE GROUP (UK) LIMITED.",2027 Q4,Kazakhstan,,
Source: Energy Intelligence,"COPYRIGHT © 2001-2022 ENERGY INTELLIGENCE GROUP, INC. / ENERGY INTELLIGENCE GROUP (UK) LIMITED.",2027 Q3,Kazakhstan,,
Source: Energy Intelligence,"COPYRIGHT © 2001-2022 ENERGY INTELLIGENCE GROUP, INC. / ENERGY INTELLIGENCE GROUP (UK) LIMITED.",2027 Q2,Kazakhstan,,
Source: Energy Intelligence,"COPYRIGHT © 2001-2022 ENERGY INTELLIGENCE GROUP, INC. / ENERGY INTELLIGENCE GROUP (UK) LIMITED.",2027 Q1,Kazakhstan,,
Source: Energy Intelligence,"COPYRIGHT © 2001-2022 ENERGY INTELLIGENCE GROUP, INC. / ENERGY INTELLIGENCE GROUP (UK) LIMITED.",2026 Q4,Kazakhstan,,
Source: Energy Intelligence,"COPYRIGHT © 2001-2022 ENERGY INTELLIGENCE GROUP, INC. / ENERGY INTELLIGENCE GROUP (UK) LIMITED.",2026 Q3,Kazakhstan,,
Source: Energy Intelligence,"COPYRIGHT © 2001-2022 ENERGY INTELLIGENCE GROUP, INC. / ENERGY INTELLIGENCE GROUP (UK) LIMITED.",2026 Q2,Kazakhstan,,
Source: Energy Intelligence,"COPYRIGHT © 2001-2022 ENERGY INTELLIGENCE GROUP, INC. / ENERGY INTELLIGENCE GROUP (UK) LIMITED.",2026 Q1,Kazakhstan,,
Source: Energy Intelligence,"COPYRIGHT © 2001-2022 ENERGY INTELLIGENCE GROUP, INC. / ENERGY INTELLIGENCE GROUP (UK) LIMITED.",2025 Q4,Kazakhstan,,
Source: Energy Intelligence,"COPYRIGHT © 2001-2022 ENERGY INTELLIGENCE GROUP, INC. / ENERGY INTELLIGENCE GROUP (UK) LIMITED.",2025 Q3,Kazakhstan,,
Source: Energy Intelligence,"COPYRIGHT © 2001-2022 ENERGY INTELLIGENCE GROUP, INC. / ENERGY INTELLIGENCE GROUP (UK) LIMITED.",2025 Q2,Kazakhstan,,160
Source: Energy Intelligence,"COPYRIGHT © 2001-2022 ENERGY INTELLIGENCE GROUP, INC. / ENERGY INTELLIGENCE GROUP (UK) LIMITED.",2025 Q1,Kazakhstan,,100
Source: Energy Intelligence,"COPYRIGHT © 2001-2022 ENERGY INTELLIGENCE GROUP, INC. / ENERGY INTELLIGENCE GROUP (UK) LIMITED.",2029 Q4,Iraq,,
Source: Energy Intelligence,"COPYRIGHT © 2001-2022 ENERGY INTELLIGENCE GROUP, INC. / ENERGY INTELLIGENCE GROUP (UK) LIMITED.",2029 Q3,Iraq,,
Source: Energy Intelligence,"COPYRIGHT © 2001-2022 ENERGY INTELLIGENCE GROUP, INC. / ENERGY INTELLIGENCE GROUP (UK) LIMITED.",2029 Q2,Iraq,,
Source: Energy Intelligence,"COPYRIGHT © 2001-2022 ENERGY INTELLIGENCE GROUP, INC. / ENERGY INTELLIGENCE GROUP (UK) LIMITED.",2029 Q1,Iraq,,
Source: Energy Intelligence,"COPYRIGHT © 2001-2022 ENERGY INTELLIGENCE GROUP, INC. / ENERGY INTELLIGENCE GROUP (UK) LIMITED.",2028 Q4,Iraq,,
Source: Energy Intelligence,"COPYRIGHT © 2001-2022 ENERGY INTELLIGENCE GROUP, INC. / ENERGY INTELLIGENCE GROUP (UK) LIMITED.",2028 Q3,Iraq,,30
Source: Energy Intelligence,"COPYRIGHT © 2001-2022 ENERGY INTELLIGENCE GROUP, INC. / ENERGY INTELLIGENCE GROUP (UK) LIMITED.",2028 Q2,Iraq,,30
Source: Energy Intelligence,"COPYRIGHT © 2001-2022 ENERGY INTELLIGENCE GROUP, INC. / ENERGY INTELLIGENCE GROUP (UK) LIMITED.",2028 Q1,Iraq,,30
Source: Energy Intelligence,"COPYRIGHT © 2001-2022 ENERGY INTELLIGENCE GROUP, INC. / ENERGY INTELLIGENCE GROUP (UK) LIMITED.",2027 Q4,Iraq,,
Source: Energy Intelligence,"COPYRIGHT © 2001-2022 ENERGY INTELLIGENCE GROUP, INC. / ENERGY INTELLIGENCE GROUP (UK) LIMITED.",2027 Q3,Iraq,,
Source: Energy Intelligence,"COPYRIGHT © 2001-2022 ENERGY INTELLIGENCE GROUP, INC. / ENERGY INTELLIGENCE GROUP (UK) LIMITED.",2027 Q2,Iraq,,
Source: Energy Intelligence,"COPYRIGHT © 2001-2022 ENERGY INTELLIGENCE GROUP, INC. / ENERGY INTELLIGENCE GROUP (UK) LIMITED.",2027 Q1,Iraq,,
Source: Energy Intelligence,"COPYRIGHT © 2001-2022 ENERGY INTELLIGENCE GROUP, INC. / ENERGY INTELLIGENCE GROUP (UK) LIMITED.",2026 Q4,Iraq,,
Source: Energy Intelligence,"COPYRIGHT © 2001-2022 ENERGY INTELLIGENCE GROUP, INC. / ENERGY INTELLIGENCE GROUP (UK) LIMITED.",2026 Q3,Iraq,,
Source: Energy Intelligence,"COPYRIGHT © 2001-2022 ENERGY INTELLIGENCE GROUP, INC. / ENERGY INTELLIGENCE GROUP (UK) LIMITED.",2026 Q2,Iraq,,25
Source: Energy Intelligence,"COPYRIGHT © 2001-2022 ENERGY INTELLIGENCE GROUP, INC. / ENERGY INTELLIGENCE GROUP (UK) LIMITED.",2026 Q1,Iraq,,20
Source: Energy Intelligence,"COPYRIGHT © 2001-2022 ENERGY INTELLIGENCE GROUP, INC. / ENERGY INTELLIGENCE GROUP (UK) LIMITED.",2025 Q4,Iraq,,
Source: Energy Intelligence,"COPYRIGHT © 2001-2022 ENERGY INTELLIGENCE GROUP, INC. / ENERGY INTELLIGENCE GROUP (UK) LIMITED.",2025 Q3,Iraq,,
Source: Energy Intelligence,"COPYRIGHT © 2001-2022 ENERGY INTELLIGENCE GROUP, INC. / ENERGY INTELLIGENCE GROUP (UK) LIMITED.",2025 Q2,Iraq,,
Source: Energy Intelligence,"COPYRIGHT © 2001-2022 ENERGY INTELLIGENCE GROUP, INC. / ENERGY INTELLIGENCE GROUP (UK) LIMITED.",2025 Q1,Iraq,,
Source: Energy Intelligence,"COPYRIGHT © 2001-2022 ENERGY INTELLIGENCE GROUP, INC. / ENERGY INTELLIGENCE GROUP (UK) LIMITED.",2029 Q4,Iran,,
Source: Energy Intelligence,"COPYRIGHT © 2001-2022 ENERGY INTELLIGENCE GROUP, INC. / ENERGY INTELLIGENCE GROUP (UK) LIMITED.",2029 Q3,Iran,,
Source: Energy Intelligence,"COPYRIGHT © 2001-2022 ENERGY INTELLIGENCE GROUP, INC. / ENERGY INTELLIGENCE GROUP (UK) LIMITED.",2029 Q2,Iran,,
Source: Energy Intelligence,"COPYRIGHT © 2001-2022 ENERGY INTELLIGENCE GROUP, INC. / ENERGY INTELLIGENCE GROUP (UK) LIMITED.",2029 Q1,Iran,,
Source: Energy Intelligence,"COPYRIGHT © 2001-2022 ENERGY INTELLIGENCE GROUP, INC. / ENERGY INTELLIGENCE GROUP (UK) LIMITED.",2028 Q4,Iran,,
Source: Energy Intelligence,"COPYRIGHT © 2001-2022 ENERGY INTELLIGENCE GROUP, INC. / ENERGY INTELLIGENCE GROUP (UK) LIMITED.",2028 Q3,Iran,,
Source: Energy Intelligence,"COPYRIGHT © 2001-2022 ENERGY INTELLIGENCE GROUP, INC. / ENERGY INTELLIGENCE GROUP (UK) LIMITED.",2028 Q2,Iran,,
Source: Energy Intelligence,"COPYRIGHT © 2001-2022 ENERGY INTELLIGENCE GROUP, INC. / ENERGY INTELLIGENCE GROUP (UK) LIMITED.",2028 Q1,Iran,,
Source: Energy Intelligence,"COPYRIGHT © 2001-2022 ENERGY INTELLIGENCE GROUP, INC. / ENERGY INTELLIGENCE GROUP (UK) LIMITED.",2027 Q4,Iran,,
Source: Energy Intelligence,"COPYRIGHT © 2001-2022 ENERGY INTELLIGENCE GROUP, INC. / ENERGY INTELLIGENCE GROUP (UK) LIMITED.",2027 Q3,Iran,,
Source: Energy Intelligence,"COPYRIGHT © 2001-2022 ENERGY INTELLIGENCE GROUP, INC. / ENERGY INTELLIGENCE GROUP (UK) LIMITED.",2027 Q2,Iran,,
Source: Energy Intelligence,"COPYRIGHT © 2001-2022 ENERGY INTELLIGENCE GROUP, INC. / ENERGY INTELLIGENCE GROUP (UK) LIMITED.",2027 Q1,Iran,,
Source: Energy Intelligence,"COPYRIGHT © 2001-2022 ENERGY INTELLIGENCE GROUP, INC. / ENERGY INTELLIGENCE GROUP (UK) LIMITED.",2026 Q4,Iran,,
Source: Energy Intelligence,"COPYRIGHT © 2001-2022 ENERGY INTELLIGENCE GROUP, INC. / ENERGY INTELLIGENCE GROUP (UK) LIMITED.",2026 Q3,Iran,,
Source: Energy Intelligence,"COPYRIGHT © 2001-2022 ENERGY INTELLIGENCE GROUP, INC. / ENERGY INTELLIGENCE GROUP (UK) LIMITED.",2026 Q2,Iran,,
Source: Energy Intelligence,"COPYRIGHT © 2001-2022 ENERGY INTELLIGENCE GROUP, INC. / ENERGY INTELLIGENCE GROUP (UK) LIMITED.",2026 Q1,Iran,,
Source: Energy Intelligence,"COPYRIGHT © 2001-2022 ENERGY INTELLIGENCE GROUP, INC. / ENERGY INTELLIGENCE GROUP (UK) LIMITED.",2025 Q4,Iran,,
Source: Energy Intelligence,"COPYRIGHT © 2001-2022 ENERGY INTELLIGENCE GROUP, INC. / ENERGY INTELLIGENCE GROUP (UK) LIMITED.",2025 Q3,Iran,,
Source: Energy Intelligence,"COPYRIGHT © 2001-2022 ENERGY INTELLIGENCE GROUP, INC. / ENERGY INTELLIGENCE GROUP (UK) LIMITED.",2025 Q2,Iran,,
Source: Energy Intelligence,"COPYRIGHT © 2001-2022 ENERGY INTELLIGENCE GROUP, INC. / ENERGY INTELLIGENCE GROUP (UK) LIMITED.",2025 Q1,Iran,,10
Source: Energy Intelligence,"COPYRIGHT © 2001-2022 ENERGY INTELLIGENCE GROUP, INC. / ENERGY INTELLIGENCE GROUP (UK) LIMITED.",2029 Q4,Indonesia,,
Source: Energy Intelligence,"COPYRIGHT © 2001-2022 ENERGY INTELLIGENCE GROUP, INC. / ENERGY INTELLIGENCE GROUP (UK) LIMITED.",2029 Q3,Indonesia,,
Source: Energy Intelligence,"COPYRIGHT © 2001-2022 ENERGY INTELLIGENCE GROUP, INC. / ENERGY INTELLIGENCE GROUP (UK) LIMITED.",2029 Q2,Indonesia,,
Source: Energy Intelligence,"COPYRIGHT © 2001-2022 ENERGY INTELLIGENCE GROUP, INC. / ENERGY INTELLIGENCE GROUP (UK) LIMITED.",2029 Q1,Indonesia,,
Source: Energy Intelligence,"COPYRIGHT © 2001-2022 ENERGY INTELLIGENCE GROUP, INC. / ENERGY INTELLIGENCE GROUP (UK) LIMITED.",2028 Q4,Indonesia,,
Source: Energy Intelligence,"COPYRIGHT © 2001-2022 ENERGY INTELLIGENCE GROUP, INC. / ENERGY INTELLIGENCE GROUP (UK) LIMITED.",2028 Q3,Indonesia,,
Source: Energy Intelligence,"COPYRIGHT © 2001-2022 ENERGY INTELLIGENCE GROUP, INC. / ENERGY INTELLIGENCE GROUP (UK) LIMITED.",2028 Q2,Indonesia,,
Source: Energy Intelligence,"COPYRIGHT © 2001-2022 ENERGY INTELLIGENCE GROUP, INC. / ENERGY INTELLIGENCE GROUP (UK) LIMITED.",2028 Q1,Indonesia,,
Source: Energy Intelligence,"COPYRIGHT © 2001-2022 ENERGY INTELLIGENCE GROUP, INC. / ENERGY INTELLIGENCE GROUP (UK) LIMITED.",2027 Q4,Indonesia,,
Source: Energy Intelligence,"COPYRIGHT © 2001-2022 ENERGY INTELLIGENCE GROUP, INC. / ENERGY INTELLIGENCE GROUP (UK) LIMITED.",2027 Q3,Indonesia,,
Source: Energy Intelligence,"COPYRIGHT © 2001-2022 ENERGY INTELLIGENCE GROUP, INC. / ENERGY INTELLIGENCE GROUP (UK) LIMITED.",2027 Q2,Indonesia,,6
Source: Energy Intelligence,"COPYRIGHT © 2001-2022 ENERGY INTELLIGENCE GROUP, INC. / ENERGY INTELLIGENCE GROUP (UK) LIMITED.",2027 Q1,Indonesia,,3
Source: Energy Intelligence,"COPYRIGHT © 2001-2022 ENERGY INTELLIGENCE GROUP, INC. / ENERGY INTELLIGENCE GROUP (UK) LIMITED.",2026 Q4,Indonesia,,
Source: Energy Intelligence,"COPYRIGHT © 2001-2022 ENERGY INTELLIGENCE GROUP, INC. / ENERGY INTELLIGENCE GROUP (UK) LIMITED.",2026 Q3,Indonesia,,4
Source: Energy Intelligence,"COPYRIGHT © 2001-2022 ENERGY INTELLIGENCE GROUP, INC. / ENERGY INTELLIGENCE GROUP (UK) LIMITED.",2026 Q2,Indonesia,,4
Source: Energy Intelligence,"COPYRIGHT © 2001-2022 ENERGY INTELLIGENCE GROUP, INC. / ENERGY INTELLIGENCE GROUP (UK) LIMITED.",2026 Q1,Indonesia,,4
Source: Energy Intelligence,"COPYRIGHT © 2001-2022 ENERGY INTELLIGENCE GROUP, INC. / ENERGY INTELLIGENCE GROUP (UK) LIMITED.",2025 Q4,Indonesia,,4
Source: Energy Intelligence,"COPYRIGHT © 2001-2022 ENERGY INTELLIGENCE GROUP, INC. / ENERGY INTELLIGENCE GROUP (UK) LIMITED.",2025 Q3,Indonesia,,4
Source: Energy Intelligence,"COPYRIGHT © 2001-2022 ENERGY INTELLIGENCE GROUP, INC. / ENERGY INTELLIGENCE GROUP (UK) LIMITED.",2025 Q2,Indonesia,,4
Source: Energy Intelligence,"COPYRIGHT © 2001-2022 ENERGY INTELLIGENCE GROUP, INC. / ENERGY INTELLIGENCE GROUP (UK) LIMITED.",2025 Q1,Indonesia,,4
Source: Energy Intelligence,"COPYRIGHT © 2001-2022 ENERGY INTELLIGENCE GROUP, INC. / ENERGY INTELLIGENCE GROUP (UK) LIMITED.",2029 Q4,India,,
Source: Energy Intelligence,"COPYRIGHT © 2001-2022 ENERGY INTELLIGENCE GROUP, INC. / ENERGY INTELLIGENCE GROUP (UK) LIMITED.",2029 Q3,India,,
Source: Energy Intelligence,"COPYRIGHT © 2001-2022 ENERGY INTELLIGENCE GROUP, INC. / ENERGY INTELLIGENCE GROUP (UK) LIMITED.",2029 Q2,India,,
Source: Energy Intelligence,"COPYRIGHT © 2001-2022 ENERGY INTELLIGENCE GROUP, INC. / ENERGY INTELLIGENCE GROUP (UK) LIMITED.",2029 Q1,India,,
Source: Energy Intelligence,"COPYRIGHT © 2001-2022 ENERGY INTELLIGENCE GROUP, INC. / ENERGY INTELLIGENCE GROUP (UK) LIMITED.",2028 Q4,India,,
Source: Energy Intelligence,"COPYRIGHT © 2001-2022 ENERGY INTELLIGENCE GROUP, INC. / ENERGY INTELLIGENCE GROUP (UK) LIMITED.",2028 Q3,India,,
Source: Energy Intelligence,"COPYRIGHT © 2001-2022 ENERGY INTELLIGENCE GROUP, INC. / ENERGY INTELLIGENCE GROUP (UK) LIMITED.",2028 Q2,India,,
Source: Energy Intelligence,"COPYRIGHT © 2001-2022 ENERGY INTELLIGENCE GROUP, INC. / ENERGY INTELLIGENCE GROUP (UK) LIMITED.",2028 Q1,India,,
Source: Energy Intelligence,"COPYRIGHT © 2001-2022 ENERGY INTELLIGENCE GROUP, INC. / ENERGY INTELLIGENCE GROUP (UK) LIMITED.",2027 Q4,India,,
Source: Energy Intelligence,"COPYRIGHT © 2001-2022 ENERGY INTELLIGENCE GROUP, INC. / ENERGY INTELLIGENCE GROUP (UK) LIMITED.",2027 Q3,India,,
Source: Energy Intelligence,"COPYRIGHT © 2001-2022 ENERGY INTELLIGENCE GROUP, INC. / ENERGY INTELLIGENCE GROUP (UK) LIMITED.",2027 Q2,India,,
Source: Energy Intelligence,"COPYRIGHT © 2001-2022 ENERGY INTELLIGENCE GROUP, INC. / ENERGY INTELLIGENCE GROUP (UK) LIMITED.",2027 Q1,India,,
Source: Energy Intelligence,"COPYRIGHT © 2001-2022 ENERGY INTELLIGENCE GROUP, INC. / ENERGY INTELLIGENCE GROUP (UK) LIMITED.",2026 Q4,India,,
Source: Energy Intelligence,"COPYRIGHT © 2001-2022 ENERGY INTELLIGENCE GROUP, INC. / ENERGY INTELLIGENCE GROUP (UK) LIMITED.",2026 Q3,India,,
Source: Energy Intelligence,"COPYRIGHT © 2001-2022 ENERGY INTELLIGENCE GROUP, INC. / ENERGY INTELLIGENCE GROUP (UK) LIMITED.",2026 Q2,India,,
Source: Energy Intelligence,"COPYRIGHT © 2001-2022 ENERGY INTELLIGENCE GROUP, INC. / ENERGY INTELLIGENCE GROUP (UK) LIMITED.",2026 Q1,India,,
Source: Energy Intelligence,"COPYRIGHT © 2001-2022 ENERGY INTELLIGENCE GROUP, INC. / ENERGY INTELLIGENCE GROUP (UK) LIMITED.",2025 Q4,India,,
Source: Energy Intelligence,"COPYRIGHT © 2001-2022 ENERGY INTELLIGENCE GROUP, INC. / ENERGY INTELLIGENCE GROUP (UK) LIMITED.",2025 Q3,India,,
Source: Energy Intelligence,"COPYRIGHT © 2001-2022 ENERGY INTELLIGENCE GROUP, INC. / ENERGY INTELLIGENCE GROUP (UK) LIMITED.",2025 Q2,India,,
Source: Energy Intelligence,"COPYRIGHT © 2001-2022 ENERGY INTELLIGENCE GROUP, INC. / ENERGY INTELLIGENCE GROUP (UK) LIMITED.",2025 Q1,India,,
Source: Energy Intelligence,"COPYRIGHT © 2001-2022 ENERGY INTELLIGENCE GROUP, INC. / ENERGY INTELLIGENCE GROUP (UK) LIMITED.",2029 Q4,Guyana,,
Source: Energy Intelligence,"COPYRIGHT © 2001-2022 ENERGY INTELLIGENCE GROUP, INC. / ENERGY INTELLIGENCE GROUP (UK) LIMITED.",2029 Q3,Guyana,,80
Source: Energy Intelligence,"COPYRIGHT © 2001-2022 ENERGY INTELLIGENCE GROUP, INC. / ENERGY INTELLIGENCE GROUP (UK) LIMITED.",2029 Q2,Guyana,,100
Source: Energy Intelligence,"COPYRIGHT © 2001-2022 ENERGY INTELLIGENCE GROUP, INC. / ENERGY INTELLIGENCE GROUP (UK) LIMITED.",2029 Q1,Guyana,,
Source: Energy Intelligence,"COPYRIGHT © 2001-2022 ENERGY INTELLIGENCE GROUP, INC. / ENERGY INTELLIGENCE GROUP (UK) LIMITED.",2028 Q4,Guyana,,
Source: Energy Intelligence,"COPYRIGHT © 2001-2022 ENERGY INTELLIGENCE GROUP, INC. / ENERGY INTELLIGENCE GROUP (UK) LIMITED.",2028 Q3,Guyana,,
Source: Energy Intelligence,"COPYRIGHT © 2001-2022 ENERGY INTELLIGENCE GROUP, INC. / ENERGY INTELLIGENCE GROUP (UK) LIMITED.",2028 Q2,Guyana,,
Source: Energy Intelligence,"COPYRIGHT © 2001-2022 ENERGY INTELLIGENCE GROUP, INC. / ENERGY INTELLIGENCE GROUP (UK) LIMITED.",2028 Q1,Guyana,,100
Source: Energy Intelligence,"COPYRIGHT © 2001-2022 ENERGY INTELLIGENCE GROUP, INC. / ENERGY INTELLIGENCE GROUP (UK) LIMITED.",2027 Q4,Guyana,,150
Source: Energy Intelligence,"COPYRIGHT © 2001-2022 ENERGY INTELLIGENCE GROUP, INC. / ENERGY INTELLIGENCE GROUP (UK) LIMITED.",2027 Q3,Guyana,,
Source: Energy Intelligence,"COPYRIGHT © 2001-2022 ENERGY INTELLIGENCE GROUP, INC. / ENERGY INTELLIGENCE GROUP (UK) LIMITED.",2027 Q2,Guyana,,
Source: Energy Intelligence,"COPYRIGHT © 2001-2022 ENERGY INTELLIGENCE GROUP, INC. / ENERGY INTELLIGENCE GROUP (UK) LIMITED.",2027 Q1,Guyana,,150
Source: Energy Intelligence,"COPYRIGHT © 2001-2022 ENERGY INTELLIGENCE GROUP, INC. / ENERGY INTELLIGENCE GROUP (UK) LIMITED.",2026 Q4,Guyana,,100
Source: Energy Intelligence,"COPYRIGHT © 2001-2022 ENERGY INTELLIGENCE GROUP, INC. / ENERGY INTELLIGENCE GROUP (UK) LIMITED.",2026 Q3,Guyana,,
Source: Energy Intelligence,"COPYRIGHT © 2001-2022 ENERGY INTELLIGENCE GROUP, INC. / ENERGY INTELLIGENCE GROUP (UK) LIMITED.",2026 Q2,Guyana,,
Source: Energy Intelligence,"COPYRIGHT © 2001-2022 ENERGY INTELLIGENCE GROUP, INC. / ENERGY INTELLIGENCE GROUP (UK) LIMITED.",2026 Q1,Guyana,,50
Source: Energy Intelligence,"COPYRIGHT © 2001-2022 ENERGY INTELLIGENCE GROUP, INC. / ENERGY INTELLIGENCE GROUP (UK) LIMITED.",2025 Q4,Guyana,,100
Source: Energy Intelligence,"COPYRIGHT © 2001-2022 ENERGY INTELLIGENCE GROUP, INC. / ENERGY INTELLIGENCE GROUP (UK) LIMITED.",2025 Q3,Guyana,,100
Source: Energy Intelligence,"COPYRIGHT © 2001-2022 ENERGY INTELLIGENCE GROUP, INC. / ENERGY INTELLIGENCE GROUP (UK) LIMITED.",2025 Q2,Guyana,,
Source: Energy Intelligence,"COPYRIGHT © 2001-2022 ENERGY INTELLIGENCE GROUP, INC. / ENERGY INTELLIGENCE GROUP (UK) LIMITED.",2025 Q1,Guyana,,
Source: Energy Intelligence,"COPYRIGHT © 2001-2022 ENERGY INTELLIGENCE GROUP, INC. / ENERGY INTELLIGENCE GROUP (UK) LIMITED.",2029 Q4,Ghana,,
Source: Energy Intelligence,"COPYRIGHT © 2001-2022 ENERGY INTELLIGENCE GROUP, INC. / ENERGY INTELLIGENCE GROUP (UK) LIMITED.",2029 Q3,Ghana,,
Source: Energy Intelligence,"COPYRIGHT © 2001-2022 ENERGY INTELLIGENCE GROUP, INC. / ENERGY INTELLIGENCE GROUP (UK) LIMITED.",2029 Q2,Ghana,,
Source: Energy Intelligence,"COPYRIGHT © 2001-2022 ENERGY INTELLIGENCE GROUP, INC. / ENERGY INTELLIGENCE GROUP (UK) LIMITED.",2029 Q1,Ghana,,
Source: Energy Intelligence,"COPYRIGHT © 2001-2022 ENERGY INTELLIGENCE GROUP, INC. / ENERGY INTELLIGENCE GROUP (UK) LIMITED.",2028 Q4,Ghana,,
Source: Energy Intelligence,"COPYRIGHT © 2001-2022 ENERGY INTELLIGENCE GROUP, INC. / ENERGY INTELLIGENCE GROUP (UK) LIMITED.",2028 Q3,Ghana,,
Source: Energy Intelligence,"COPYRIGHT © 2001-2022 ENERGY INTELLIGENCE GROUP, INC. / ENERGY INTELLIGENCE GROUP (UK) LIMITED.",2028 Q2,Ghana,,
Source: Energy Intelligence,"COPYRIGHT © 2001-2022 ENERGY INTELLIGENCE GROUP, INC. / ENERGY INTELLIGENCE GROUP (UK) LIMITED.",2028 Q1,Ghana,,
Source: Energy Intelligence,"COPYRIGHT © 2001-2022 ENERGY INTELLIGENCE GROUP, INC. / ENERGY INTELLIGENCE GROUP (UK) LIMITED.",2027 Q4,Ghana,,
Source: Energy Intelligence,"COPYRIGHT © 2001-2022 ENERGY INTELLIGENCE GROUP, INC. / ENERGY INTELLIGENCE GROUP (UK) LIMITED.",2027 Q3,Ghana,,20
Source: Energy Intelligence,"COPYRIGHT © 2001-2022 ENERGY INTELLIGENCE GROUP, INC. / ENERGY INTELLIGENCE GROUP (UK) LIMITED.",2027 Q2,Ghana,,10
Source: Energy Intelligence,"COPYRIGHT © 2001-2022 ENERGY INTELLIGENCE GROUP, INC. / ENERGY INTELLIGENCE GROUP (UK) LIMITED.",2027 Q1,Ghana,,10
Source: Energy Intelligence,"COPYRIGHT © 2001-2022 ENERGY INTELLIGENCE GROUP, INC. / ENERGY INTELLIGENCE GROUP (UK) LIMITED.",2026 Q4,Ghana,,
Source: Energy Intelligence,"COPYRIGHT © 2001-2022 ENERGY INTELLIGENCE GROUP, INC. / ENERGY INTELLIGENCE GROUP (UK) LIMITED.",2026 Q3,Ghana,,
Source: Energy Intelligence,"COPYRIGHT © 2001-2022 ENERGY INTELLIGENCE GROUP, INC. / ENERGY INTELLIGENCE GROUP (UK) LIMITED.",2026 Q2,Ghana,,
Source: Energy Intelligence,"COPYRIGHT © 2001-2022 ENERGY INTELLIGENCE GROUP, INC. / ENERGY INTELLIGENCE GROUP (UK) LIMITED.",2026 Q1,Ghana,,
Source: Energy Intelligence,"COPYRIGHT © 2001-2022 ENERGY INTELLIGENCE GROUP, INC. / ENERGY INTELLIGENCE GROUP (UK) LIMITED.",2025 Q4,Ghana,,
Source: Energy Intelligence,"COPYRIGHT © 2001-2022 ENERGY INTELLIGENCE GROUP, INC. / ENERGY INTELLIGENCE GROUP (UK) LIMITED.",2025 Q3,Ghana,,
Source: Energy Intelligence,"COPYRIGHT © 2001-2022 ENERGY INTELLIGENCE GROUP, INC. / ENERGY INTELLIGENCE GROUP (UK) LIMITED.",2025 Q2,Ghana,,
Source: Energy Intelligence,"COPYRIGHT © 2001-2022 ENERGY INTELLIGENCE GROUP, INC. / ENERGY INTELLIGENCE GROUP (UK) LIMITED.",2025 Q1,Ghana,,
Source: Energy Intelligence,"COPYRIGHT © 2001-2022 ENERGY INTELLIGENCE GROUP, INC. / ENERGY INTELLIGENCE GROUP (UK) LIMITED.",2029 Q4,Gabon,,
Source: Energy Intelligence,"COPYRIGHT © 2001-2022 ENERGY INTELLIGENCE GROUP, INC. / ENERGY INTELLIGENCE GROUP (UK) LIMITED.",2029 Q3,Gabon,,
Source: Energy Intelligence,"COPYRIGHT © 2001-2022 ENERGY INTELLIGENCE GROUP, INC. / ENERGY INTELLIGENCE GROUP (UK) LIMITED.",2029 Q2,Gabon,,
Source: Energy Intelligence,"COPYRIGHT © 2001-2022 ENERGY INTELLIGENCE GROUP, INC. / ENERGY INTELLIGENCE GROUP (UK) LIMITED.",2029 Q1,Gabon,,
Source: Energy Intelligence,"COPYRIGHT © 2001-2022 ENERGY INTELLIGENCE GROUP, INC. / ENERGY INTELLIGENCE GROUP (UK) LIMITED.",2028 Q4,Gabon,,
Source: Energy Intelligence,"COPYRIGHT © 2001-2022 ENERGY INTELLIGENCE GROUP, INC. / ENERGY INTELLIGENCE GROUP (UK) LIMITED.",2028 Q3,Gabon,,
Source: Energy Intelligence,"COPYRIGHT © 2001-2022 ENERGY INTELLIGENCE GROUP, INC. / ENERGY INTELLIGENCE GROUP (UK) LIMITED.",2028 Q2,Gabon,,
Source: Energy Intelligence,"COPYRIGHT © 2001-2022 ENERGY INTELLIGENCE GROUP, INC. / ENERGY INTELLIGENCE GROUP (UK) LIMITED.",2028 Q1,Gabon,,
Source: Energy Intelligence,"COPYRIGHT © 2001-2022 ENERGY INTELLIGENCE GROUP, INC. / ENERGY INTELLIGENCE GROUP (UK) LIMITED.",2027 Q4,Gabon,,
Source: Energy Intelligence,"COPYRIGHT © 2001-2022 ENERGY INTELLIGENCE GROUP, INC. / ENERGY INTELLIGENCE GROUP (UK) LIMITED.",2027 Q3,Gabon,,
Source: Energy Intelligence,"COPYRIGHT © 2001-2022 ENERGY INTELLIGENCE GROUP, INC. / ENERGY INTELLIGENCE GROUP (UK) LIMITED.",2027 Q2,Gabon,,
Source: Energy Intelligence,"COPYRIGHT © 2001-2022 ENERGY INTELLIGENCE GROUP, INC. / ENERGY INTELLIGENCE GROUP (UK) LIMITED.",2027 Q1,Gabon,,
Source: Energy Intelligence,"COPYRIGHT © 2001-2022 ENERGY INTELLIGENCE GROUP, INC. / ENERGY INTELLIGENCE GROUP (UK) LIMITED.",2026 Q4,Gabon,,
Source: Energy Intelligence,"COPYRIGHT © 2001-2022 ENERGY INTELLIGENCE GROUP, INC. / ENERGY INTELLIGENCE GROUP (UK) LIMITED.",2026 Q3,Gabon,,
Source: Energy Intelligence,"COPYRIGHT © 2001-2022 ENERGY INTELLIGENCE GROUP, INC. / ENERGY INTELLIGENCE GROUP (UK) LIMITED.",2026 Q2,Gabon,,
Source: Energy Intelligence,"COPYRIGHT © 2001-2022 ENERGY INTELLIGENCE GROUP, INC. / ENERGY INTELLIGENCE GROUP (UK) LIMITED.",2026 Q1,Gabon,,
Source: Energy Intelligence,"COPYRIGHT © 2001-2022 ENERGY INTELLIGENCE GROUP, INC. / ENERGY INTELLIGENCE GROUP (UK) LIMITED.",2025 Q4,Gabon,,
Source: Energy Intelligence,"COPYRIGHT © 2001-2022 ENERGY INTELLIGENCE GROUP, INC. / ENERGY INTELLIGENCE GROUP (UK) LIMITED.",2025 Q3,Gabon,,
Source: Energy Intelligence,"COPYRIGHT © 2001-2022 ENERGY INTELLIGENCE GROUP, INC. / ENERGY INTELLIGENCE GROUP (UK) LIMITED.",2025 Q2,Gabon,,
Source: Energy Intelligence,"COPYRIGHT © 2001-2022 ENERGY INTELLIGENCE GROUP, INC. / ENERGY INTELLIGENCE GROUP (UK) LIMITED.",2025 Q1,Gabon,,
Source: Energy Intelligence,"COPYRIGHT © 2001-2022 ENERGY INTELLIGENCE GROUP, INC. / ENERGY INTELLIGENCE GROUP (UK) LIMITED.",2029 Q4,Egypt,,
Source: Energy Intelligence,"COPYRIGHT © 2001-2022 ENERGY INTELLIGENCE GROUP, INC. / ENERGY INTELLIGENCE GROUP (UK) LIMITED.",2029 Q3,Egypt,,
Source: Energy Intelligence,"COPYRIGHT © 2001-2022 ENERGY INTELLIGENCE GROUP, INC. / ENERGY INTELLIGENCE GROUP (UK) LIMITED.",2029 Q2,Egypt,,
Source: Energy Intelligence,"COPYRIGHT © 2001-2022 ENERGY INTELLIGENCE GROUP, INC. / ENERGY INTELLIGENCE GROUP (UK) LIMITED.",2029 Q1,Egypt,,
Source: Energy Intelligence,"COPYRIGHT © 2001-2022 ENERGY INTELLIGENCE GROUP, INC. / ENERGY INTELLIGENCE GROUP (UK) LIMITED.",2028 Q4,Egypt,,
Source: Energy Intelligence,"COPYRIGHT © 2001-2022 ENERGY INTELLIGENCE GROUP, INC. / ENERGY INTELLIGENCE GROUP (UK) LIMITED.",2028 Q3,Egypt,,
Source: Energy Intelligence,"COPYRIGHT © 2001-2022 ENERGY INTELLIGENCE GROUP, INC. / ENERGY INTELLIGENCE GROUP (UK) LIMITED.",2028 Q2,Egypt,,
Source: Energy Intelligence,"COPYRIGHT © 2001-2022 ENERGY INTELLIGENCE GROUP, INC. / ENERGY INTELLIGENCE GROUP (UK) LIMITED.",2028 Q1,Egypt,,
Source: Energy Intelligence,"COPYRIGHT © 2001-2022 ENERGY INTELLIGENCE GROUP, INC. / ENERGY INTELLIGENCE GROUP (UK) LIMITED.",2027 Q4,Egypt,,
Source: Energy Intelligence,"COPYRIGHT © 2001-2022 ENERGY INTELLIGENCE GROUP, INC. / ENERGY INTELLIGENCE GROUP (UK) LIMITED.",2027 Q3,Egypt,,
Source: Energy Intelligence,"COPYRIGHT © 2001-2022 ENERGY INTELLIGENCE GROUP, INC. / ENERGY INTELLIGENCE GROUP (UK) LIMITED.",2027 Q2,Egypt,,
Source: Energy Intelligence,"COPYRIGHT © 2001-2022 ENERGY INTELLIGENCE GROUP, INC. / ENERGY INTELLIGENCE GROUP (UK) LIMITED.",2027 Q1,Egypt,,
Source: Energy Intelligence,"COPYRIGHT © 2001-2022 ENERGY INTELLIGENCE GROUP, INC. / ENERGY INTELLIGENCE GROUP (UK) LIMITED.",2026 Q4,Egypt,,
Source: Energy Intelligence,"COPYRIGHT © 2001-2022 ENERGY INTELLIGENCE GROUP, INC. / ENERGY INTELLIGENCE GROUP (UK) LIMITED.",2026 Q3,Egypt,,
Source: Energy Intelligence,"COPYRIGHT © 2001-2022 ENERGY INTELLIGENCE GROUP, INC. / ENERGY INTELLIGENCE GROUP (UK) LIMITED.",2026 Q2,Egypt,,
Source: Energy Intelligence,"COPYRIGHT © 2001-2022 ENERGY INTELLIGENCE GROUP, INC. / ENERGY INTELLIGENCE GROUP (UK) LIMITED.",2026 Q1,Egypt,,1
Source: Energy Intelligence,"COPYRIGHT © 2001-2022 ENERGY INTELLIGENCE GROUP, INC. / ENERGY INTELLIGENCE GROUP (UK) LIMITED.",2025 Q4,Egypt,,2
Source: Energy Intelligence,"COPYRIGHT © 2001-2022 ENERGY INTELLIGENCE GROUP, INC. / ENERGY INTELLIGENCE GROUP (UK) LIMITED.",2025 Q3,Egypt,,1
Source: Energy Intelligence,"COPYRIGHT © 2001-2022 ENERGY INTELLIGENCE GROUP, INC. / ENERGY INTELLIGENCE GROUP (UK) LIMITED.",2025 Q2,Egypt,,1
Source: Energy Intelligence,"COPYRIGHT © 2001-2022 ENERGY INTELLIGENCE GROUP, INC. / ENERGY INTELLIGENCE GROUP (UK) LIMITED.",2025 Q1,Egypt,,1
Source: Energy Intelligence,"COPYRIGHT © 2001-2022 ENERGY INTELLIGENCE GROUP, INC. / ENERGY INTELLIGENCE GROUP (UK) LIMITED.",2029 Q4,Ecuador,,
Source: Energy Intelligence,"COPYRIGHT © 2001-2022 ENERGY INTELLIGENCE GROUP, INC. / ENERGY INTELLIGENCE GROUP (UK) LIMITED.",2029 Q3,Ecuador,,
Source: Energy Intelligence,"COPYRIGHT © 2001-2022 ENERGY INTELLIGENCE GROUP, INC. / ENERGY INTELLIGENCE GROUP (UK) LIMITED.",2029 Q2,Ecuador,,
Source: Energy Intelligence,"COPYRIGHT © 2001-2022 ENERGY INTELLIGENCE GROUP, INC. / ENERGY INTELLIGENCE GROUP (UK) LIMITED.",2029 Q1,Ecuador,,
Source: Energy Intelligence,"COPYRIGHT © 2001-2022 ENERGY INTELLIGENCE GROUP, INC. / ENERGY INTELLIGENCE GROUP (UK) LIMITED.",2028 Q4,Ecuador,,
Source: Energy Intelligence,"COPYRIGHT © 2001-2022 ENERGY INTELLIGENCE GROUP, INC. / ENERGY INTELLIGENCE GROUP (UK) LIMITED.",2028 Q3,Ecuador,,
Source: Energy Intelligence,"COPYRIGHT © 2001-2022 ENERGY INTELLIGENCE GROUP, INC. / ENERGY INTELLIGENCE GROUP (UK) LIMITED.",2028 Q2,Ecuador,,
Source: Energy Intelligence,"COPYRIGHT © 2001-2022 ENERGY INTELLIGENCE GROUP, INC. / ENERGY INTELLIGENCE GROUP (UK) LIMITED.",2028 Q1,Ecuador,,
Source: Energy Intelligence,"COPYRIGHT © 2001-2022 ENERGY INTELLIGENCE GROUP, INC. / ENERGY INTELLIGENCE GROUP (UK) LIMITED.",2027 Q4,Ecuador,,
Source: Energy Intelligence,"COPYRIGHT © 2001-2022 ENERGY INTELLIGENCE GROUP, INC. / ENERGY INTELLIGENCE GROUP (UK) LIMITED.",2027 Q3,Ecuador,,
Source: Energy Intelligence,"COPYRIGHT © 2001-2022 ENERGY INTELLIGENCE GROUP, INC. / ENERGY INTELLIGENCE GROUP (UK) LIMITED.",2027 Q2,Ecuador,,
Source: Energy Intelligence,"COPYRIGHT © 2001-2022 ENERGY INTELLIGENCE GROUP, INC. / ENERGY INTELLIGENCE GROUP (UK) LIMITED.",2027 Q1,Ecuador,,
Source: Energy Intelligence,"COPYRIGHT © 2001-2022 ENERGY INTELLIGENCE GROUP, INC. / ENERGY INTELLIGENCE GROUP (UK) LIMITED.",2026 Q4,Ecuador,,
Source: Energy Intelligence,"COPYRIGHT © 2001-2022 ENERGY INTELLIGENCE GROUP, INC. / ENERGY INTELLIGENCE GROUP (UK) LIMITED.",2026 Q3,Ecuador,,
Source: Energy Intelligence,"COPYRIGHT © 2001-2022 ENERGY INTELLIGENCE GROUP, INC. / ENERGY INTELLIGENCE GROUP (UK) LIMITED.",2026 Q2,Ecuador,,
Source: Energy Intelligence,"COPYRIGHT © 2001-2022 ENERGY INTELLIGENCE GROUP, INC. / ENERGY INTELLIGENCE GROUP (UK) LIMITED.",2026 Q1,Ecuador,,
Source: Energy Intelligence,"COPYRIGHT © 2001-2022 ENERGY INTELLIGENCE GROUP, INC. / ENERGY INTELLIGENCE GROUP (UK) LIMITED.",2025 Q4,Ecuador,,
Source: Energy Intelligence,"COPYRIGHT © 2001-2022 ENERGY INTELLIGENCE GROUP, INC. / ENERGY INTELLIGENCE GROUP (UK) LIMITED.",2025 Q3,Ecuador,,
Source: Energy Intelligence,"COPYRIGHT © 2001-2022 ENERGY INTELLIGENCE GROUP, INC. / ENERGY INTELLIGENCE GROUP (UK) LIMITED.",2025 Q2,Ecuador,,
Source: Energy Intelligence,"COPYRIGHT © 2001-2022 ENERGY INTELLIGENCE GROUP, INC. / ENERGY INTELLIGENCE GROUP (UK) LIMITED.",2025 Q1,Ecuador,,
Source: Energy Intelligence,"COPYRIGHT © 2001-2022 ENERGY INTELLIGENCE GROUP, INC. / ENERGY INTELLIGENCE GROUP (UK) LIMITED.",2029 Q4,Denmark,,
Source: Energy Intelligence,"COPYRIGHT © 2001-2022 ENERGY INTELLIGENCE GROUP, INC. / ENERGY INTELLIGENCE GROUP (UK) LIMITED.",2029 Q3,Denmark,,
Source: Energy Intelligence,"COPYRIGHT © 2001-2022 ENERGY INTELLIGENCE GROUP, INC. / ENERGY INTELLIGENCE GROUP (UK) LIMITED.",2029 Q2,Denmark,,
Source: Energy Intelligence,"COPYRIGHT © 2001-2022 ENERGY INTELLIGENCE GROUP, INC. / ENERGY INTELLIGENCE GROUP (UK) LIMITED.",2029 Q1,Denmark,,
Source: Energy Intelligence,"COPYRIGHT © 2001-2022 ENERGY INTELLIGENCE GROUP, INC. / ENERGY INTELLIGENCE GROUP (UK) LIMITED.",2028 Q4,Denmark,,
Source: Energy Intelligence,"COPYRIGHT © 2001-2022 ENERGY INTELLIGENCE GROUP, INC. / ENERGY INTELLIGENCE GROUP (UK) LIMITED.",2028 Q3,Denmark,,
Source: Energy Intelligence,"COPYRIGHT © 2001-2022 ENERGY INTELLIGENCE GROUP, INC. / ENERGY INTELLIGENCE GROUP (UK) LIMITED.",2028 Q2,Denmark,,
Source: Energy Intelligence,"COPYRIGHT © 2001-2022 ENERGY INTELLIGENCE GROUP, INC. / ENERGY INTELLIGENCE GROUP (UK) LIMITED.",2028 Q1,Denmark,,
Source: Energy Intelligence,"COPYRIGHT © 2001-2022 ENERGY INTELLIGENCE GROUP, INC. / ENERGY INTELLIGENCE GROUP (UK) LIMITED.",2027 Q4,Denmark,,35
Source: Energy Intelligence,"COPYRIGHT © 2001-2022 ENERGY INTELLIGENCE GROUP, INC. / ENERGY INTELLIGENCE GROUP (UK) LIMITED.",2027 Q3,Denmark,,
Source: Energy Intelligence,"COPYRIGHT © 2001-2022 ENERGY INTELLIGENCE GROUP, INC. / ENERGY INTELLIGENCE GROUP (UK) LIMITED.",2027 Q2,Denmark,,
Source: Energy Intelligence,"COPYRIGHT © 2001-2022 ENERGY INTELLIGENCE GROUP, INC. / ENERGY INTELLIGENCE GROUP (UK) LIMITED.",2027 Q1,Denmark,,
Source: Energy Intelligence,"COPYRIGHT © 2001-2022 ENERGY INTELLIGENCE GROUP, INC. / ENERGY INTELLIGENCE GROUP (UK) LIMITED.",2026 Q4,Denmark,,
Source: Energy Intelligence,"COPYRIGHT © 2001-2022 ENERGY INTELLIGENCE GROUP, INC. / ENERGY INTELLIGENCE GROUP (UK) LIMITED.",2026 Q3,Denmark,,
Source: Energy Intelligence,"COPYRIGHT © 2001-2022 ENERGY INTELLIGENCE GROUP, INC. / ENERGY INTELLIGENCE GROUP (UK) LIMITED.",2026 Q2,Denmark,,
Source: Energy Intelligence,"COPYRIGHT © 2001-2022 ENERGY INTELLIGENCE GROUP, INC. / ENERGY INTELLIGENCE GROUP (UK) LIMITED.",2026 Q1,Denmark,,
Source: Energy Intelligence,"COPYRIGHT © 2001-2022 ENERGY INTELLIGENCE GROUP, INC. / ENERGY INTELLIGENCE GROUP (UK) LIMITED.",2025 Q4,Denmark,,20
Source: Energy Intelligence,"COPYRIGHT © 2001-2022 ENERGY INTELLIGENCE GROUP, INC. / ENERGY INTELLIGENCE GROUP (UK) LIMITED.",2025 Q3,Denmark,,10
Source: Energy Intelligence,"COPYRIGHT © 2001-2022 ENERGY INTELLIGENCE GROUP, INC. / ENERGY INTELLIGENCE GROUP (UK) LIMITED.",2025 Q2,Denmark,,10
Source: Energy Intelligence,"COPYRIGHT © 2001-2022 ENERGY INTELLIGENCE GROUP, INC. / ENERGY INTELLIGENCE GROUP (UK) LIMITED.",2025 Q1,Denmark,,
Source: Energy Intelligence,"COPYRIGHT © 2001-2022 ENERGY INTELLIGENCE GROUP, INC. / ENERGY INTELLIGENCE GROUP (UK) LIMITED.",2029 Q4,Cote d'Ivoire,,
Source: Energy Intelligence,"COPYRIGHT © 2001-2022 ENERGY INTELLIGENCE GROUP, INC. / ENERGY INTELLIGENCE GROUP (UK) LIMITED.",2029 Q3,Cote d'Ivoire,,
Source: Energy Intelligence,"COPYRIGHT © 2001-2022 ENERGY INTELLIGENCE GROUP, INC. / ENERGY INTELLIGENCE GROUP (UK) LIMITED.",2029 Q2,Cote d'Ivoire,,
Source: Energy Intelligence,"COPYRIGHT © 2001-2022 ENERGY INTELLIGENCE GROUP, INC. / ENERGY INTELLIGENCE GROUP (UK) LIMITED.",2029 Q1,Cote d'Ivoire,,
Source: Energy Intelligence,"COPYRIGHT © 2001-2022 ENERGY INTELLIGENCE GROUP, INC. / ENERGY INTELLIGENCE GROUP (UK) LIMITED.",2028 Q4,Cote d'Ivoire,,
Source: Energy Intelligence,"COPYRIGHT © 2001-2022 ENERGY INTELLIGENCE GROUP, INC. / ENERGY INTELLIGENCE GROUP (UK) LIMITED.",2028 Q3,Cote d'Ivoire,,
Source: Energy Intelligence,"COPYRIGHT © 2001-2022 ENERGY INTELLIGENCE GROUP, INC. / ENERGY INTELLIGENCE GROUP (UK) LIMITED.",2028 Q2,Cote d'Ivoire,,
Source: Energy Intelligence,"COPYRIGHT © 2001-2022 ENERGY INTELLIGENCE GROUP, INC. / ENERGY INTELLIGENCE GROUP (UK) LIMITED.",2028 Q1,Cote d'Ivoire,,
Source: Energy Intelligence,"COPYRIGHT © 2001-2022 ENERGY INTELLIGENCE GROUP, INC. / ENERGY INTELLIGENCE GROUP (UK) LIMITED.",2027 Q4,Cote d'Ivoire,,
Source: Energy Intelligence,"COPYRIGHT © 2001-2022 ENERGY INTELLIGENCE GROUP, INC. / ENERGY INTELLIGENCE GROUP (UK) LIMITED.",2027 Q3,Cote d'Ivoire,,
Source: Energy Intelligence,"COPYRIGHT © 2001-2022 ENERGY INTELLIGENCE GROUP, INC. / ENERGY INTELLIGENCE GROUP (UK) LIMITED.",2027 Q2,Cote d'Ivoire,,
Source: Energy Intelligence,"COPYRIGHT © 2001-2022 ENERGY INTELLIGENCE GROUP, INC. / ENERGY INTELLIGENCE GROUP (UK) LIMITED.",2027 Q1,Cote d'Ivoire,,
Source: Energy Intelligence,"COPYRIGHT © 2001-2022 ENERGY INTELLIGENCE GROUP, INC. / ENERGY INTELLIGENCE GROUP (UK) LIMITED.",2026 Q4,Cote d'Ivoire,,
Source: Energy Intelligence,"COPYRIGHT © 2001-2022 ENERGY INTELLIGENCE GROUP, INC. / ENERGY INTELLIGENCE GROUP (UK) LIMITED.",2026 Q3,Cote d'Ivoire,,
Source: Energy Intelligence,"COPYRIGHT © 2001-2022 ENERGY INTELLIGENCE GROUP, INC. / ENERGY INTELLIGENCE GROUP (UK) LIMITED.",2026 Q2,Cote d'Ivoire,,
Source: Energy Intelligence,"COPYRIGHT © 2001-2022 ENERGY INTELLIGENCE GROUP, INC. / ENERGY INTELLIGENCE GROUP (UK) LIMITED.",2026 Q1,Cote d'Ivoire,,
Source: Energy Intelligence,"COPYRIGHT © 2001-2022 ENERGY INTELLIGENCE GROUP, INC. / ENERGY INTELLIGENCE GROUP (UK) LIMITED.",2025 Q4,Cote d'Ivoire,,
Source: Energy Intelligence,"COPYRIGHT © 2001-2022 ENERGY INTELLIGENCE GROUP, INC. / ENERGY INTELLIGENCE GROUP (UK) LIMITED.",2025 Q3,Cote d'Ivoire,,
Source: Energy Intelligence,"COPYRIGHT © 2001-2022 ENERGY INTELLIGENCE GROUP, INC. / ENERGY INTELLIGENCE GROUP (UK) LIMITED.",2025 Q2,Cote d'Ivoire,,18
Source: Energy Intelligence,"COPYRIGHT © 2001-2022 ENERGY INTELLIGENCE GROUP, INC. / ENERGY INTELLIGENCE GROUP (UK) LIMITED.",2025 Q1,Cote d'Ivoire,,10
Source: Energy Intelligence,"COPYRIGHT © 2001-2022 ENERGY INTELLIGENCE GROUP, INC. / ENERGY INTELLIGENCE GROUP (UK) LIMITED.",2029 Q4,China,,
Source: Energy Intelligence,"COPYRIGHT © 2001-2022 ENERGY INTELLIGENCE GROUP, INC. / ENERGY INTELLIGENCE GROUP (UK) LIMITED.",2029 Q3,China,,
Source: Energy Intelligence,"COPYRIGHT © 2001-2022 ENERGY INTELLIGENCE GROUP, INC. / ENERGY INTELLIGENCE GROUP (UK) LIMITED.",2029 Q2,China,,
Source: Energy Intelligence,"COPYRIGHT © 2001-2022 ENERGY INTELLIGENCE GROUP, INC. / ENERGY INTELLIGENCE GROUP (UK) LIMITED.",2029 Q1,China,,
Source: Energy Intelligence,"COPYRIGHT © 2001-2022 ENERGY INTELLIGENCE GROUP, INC. / ENERGY INTELLIGENCE GROUP (UK) LIMITED.",2028 Q4,China,,
Source: Energy Intelligence,"COPYRIGHT © 2001-2022 ENERGY INTELLIGENCE GROUP, INC. / ENERGY INTELLIGENCE GROUP (UK) LIMITED.",2028 Q3,China,,
Source: Energy Intelligence,"COPYRIGHT © 2001-2022 ENERGY INTELLIGENCE GROUP, INC. / ENERGY INTELLIGENCE GROUP (UK) LIMITED.",2028 Q2,China,,
Source: Energy Intelligence,"COPYRIGHT © 2001-2022 ENERGY INTELLIGENCE GROUP, INC. / ENERGY INTELLIGENCE GROUP (UK) LIMITED.",2028 Q1,China,,
Source: Energy Intelligence,"COPYRIGHT © 2001-2022 ENERGY INTELLIGENCE GROUP, INC. / ENERGY INTELLIGENCE GROUP (UK) LIMITED.",2027 Q4,China,,
Source: Energy Intelligence,"COPYRIGHT © 2001-2022 ENERGY INTELLIGENCE GROUP, INC. / ENERGY INTELLIGENCE GROUP (UK) LIMITED.",2027 Q3,China,,
Source: Energy Intelligence,"COPYRIGHT © 2001-2022 ENERGY INTELLIGENCE GROUP, INC. / ENERGY INTELLIGENCE GROUP (UK) LIMITED.",2027 Q2,China,,
Source: Energy Intelligence,"COPYRIGHT © 2001-2022 ENERGY INTELLIGENCE GROUP, INC. / ENERGY INTELLIGENCE GROUP (UK) LIMITED.",2027 Q1,China,,18.8
Source: Energy Intelligence,"COPYRIGHT © 2001-2022 ENERGY INTELLIGENCE GROUP, INC. / ENERGY INTELLIGENCE GROUP (UK) LIMITED.",2026 Q4,China,,7
Source: Energy Intelligence,"COPYRIGHT © 2001-2022 ENERGY INTELLIGENCE GROUP, INC. / ENERGY INTELLIGENCE GROUP (UK) LIMITED.",2026 Q3,China,,10
Source: Energy Intelligence,"COPYRIGHT © 2001-2022 ENERGY INTELLIGENCE GROUP, INC. / ENERGY INTELLIGENCE GROUP (UK) LIMITED.",2026 Q2,China,,12
Source: Energy Intelligence,"COPYRIGHT © 2001-2022 ENERGY INTELLIGENCE GROUP, INC. / ENERGY INTELLIGENCE GROUP (UK) LIMITED.",2026 Q1,China,,28.7
Source: Energy Intelligence,"COPYRIGHT © 2001-2022 ENERGY INTELLIGENCE GROUP, INC. / ENERGY INTELLIGENCE GROUP (UK) LIMITED.",2025 Q4,China,,39.9
Source: Energy Intelligence,"COPYRIGHT © 2001-2022 ENERGY INTELLIGENCE GROUP, INC. / ENERGY INTELLIGENCE GROUP (UK) LIMITED.",2025 Q3,China,,34
Source: Energy Intelligence,"COPYRIGHT © 2001-2022 ENERGY INTELLIGENCE GROUP, INC. / ENERGY INTELLIGENCE GROUP (UK) LIMITED.",2025 Q2,China,,29
Source: Energy Intelligence,"COPYRIGHT © 2001-2022 ENERGY INTELLIGENCE GROUP, INC. / ENERGY INTELLIGENCE GROUP (UK) LIMITED.",2025 Q1,China,,48.4
Source: Energy Intelligence,"COPYRIGHT © 2001-2022 ENERGY INTELLIGENCE GROUP, INC. / ENERGY INTELLIGENCE GROUP (UK) LIMITED.",2029 Q4,Canada,,
Source: Energy Intelligence,"COPYRIGHT © 2001-2022 ENERGY INTELLIGENCE GROUP, INC. / ENERGY INTELLIGENCE GROUP (UK) LIMITED.",2029 Q3,Canada,,
Source: Energy Intelligence,"COPYRIGHT © 2001-2022 ENERGY INTELLIGENCE GROUP, INC. / ENERGY INTELLIGENCE GROUP (UK) LIMITED.",2029 Q2,Canada,,
Source: Energy Intelligence,"COPYRIGHT © 2001-2022 ENERGY INTELLIGENCE GROUP, INC. / ENERGY INTELLIGENCE GROUP (UK) LIMITED.",2029 Q1,Canada,,
Source: Energy Intelligence,"COPYRIGHT © 2001-2022 ENERGY INTELLIGENCE GROUP, INC. / ENERGY INTELLIGENCE GROUP (UK) LIMITED.",2028 Q4,Canada,,25
Source: Energy Intelligence,"COPYRIGHT © 2001-2022 ENERGY INTELLIGENCE GROUP, INC. / ENERGY INTELLIGENCE GROUP (UK) LIMITED.",2028 Q3,Canada,,25
Source: Energy Intelligence,"COPYRIGHT © 2001-2022 ENERGY INTELLIGENCE GROUP, INC. / ENERGY INTELLIGENCE GROUP (UK) LIMITED.",2028 Q2,Canada,,45
Source: Energy Intelligence,"COPYRIGHT © 2001-2022 ENERGY INTELLIGENCE GROUP, INC. / ENERGY INTELLIGENCE GROUP (UK) LIMITED.",2028 Q1,Canada,,70
Source: Energy Intelligence,"COPYRIGHT © 2001-2022 ENERGY INTELLIGENCE GROUP, INC. / ENERGY INTELLIGENCE GROUP (UK) LIMITED.",2027 Q4,Canada,,50
Source: Energy Intelligence,"COPYRIGHT © 2001-2022 ENERGY INTELLIGENCE GROUP, INC. / ENERGY INTELLIGENCE GROUP (UK) LIMITED.",2027 Q3,Canada,,45
Source: Energy Intelligence,"COPYRIGHT © 2001-2022 ENERGY INTELLIGENCE GROUP, INC. / ENERGY INTELLIGENCE GROUP (UK) LIMITED.",2027 Q2,Canada,,50
Source: Energy Intelligence,"COPYRIGHT © 2001-2022 ENERGY INTELLIGENCE GROUP, INC. / ENERGY INTELLIGENCE GROUP (UK) LIMITED.",2027 Q1,Canada,,80
Source: Energy Intelligence,"COPYRIGHT © 2001-2022 ENERGY INTELLIGENCE GROUP, INC. / ENERGY INTELLIGENCE GROUP (UK) LIMITED.",2026 Q4,Canada,,40
Source: Energy Intelligence,"COPYRIGHT © 2001-2022 ENERGY INTELLIGENCE GROUP, INC. / ENERGY INTELLIGENCE GROUP (UK) LIMITED.",2026 Q3,Canada,,30
Source: Energy Intelligence,"COPYRIGHT © 2001-2022 ENERGY INTELLIGENCE GROUP, INC. / ENERGY INTELLIGENCE GROUP (UK) LIMITED.",2026 Q2,Canada,,55
Source: Energy Intelligence,"COPYRIGHT © 2001-2022 ENERGY INTELLIGENCE GROUP, INC. / ENERGY INTELLIGENCE GROUP (UK) LIMITED.",2026 Q1,Canada,,40
Source: Energy Intelligence,"COPYRIGHT © 2001-2022 ENERGY INTELLIGENCE GROUP, INC. / ENERGY INTELLIGENCE GROUP (UK) LIMITED.",2025 Q4,Canada,,64
Source: Energy Intelligence,"COPYRIGHT © 2001-2022 ENERGY INTELLIGENCE GROUP, INC. / ENERGY INTELLIGENCE GROUP (UK) LIMITED.",2025 Q3,Canada,,30
Source: Energy Intelligence,"COPYRIGHT © 2001-2022 ENERGY INTELLIGENCE GROUP, INC. / ENERGY INTELLIGENCE GROUP (UK) LIMITED.",2025 Q2,Canada,,30
Source: Energy Intelligence,"COPYRIGHT © 2001-2022 ENERGY INTELLIGENCE GROUP, INC. / ENERGY INTELLIGENCE GROUP (UK) LIMITED.",2025 Q1,Canada,,39
Source: Energy Intelligence,"COPYRIGHT © 2001-2022 ENERGY INTELLIGENCE GROUP, INC. / ENERGY INTELLIGENCE GROUP (UK) LIMITED.",2029 Q4,Cameroon,,
Source: Energy Intelligence,"COPYRIGHT © 2001-2022 ENERGY INTELLIGENCE GROUP, INC. / ENERGY INTELLIGENCE GROUP (UK) LIMITED.",2029 Q3,Cameroon,,
Source: Energy Intelligence,"COPYRIGHT © 2001-2022 ENERGY INTELLIGENCE GROUP, INC. / ENERGY INTELLIGENCE GROUP (UK) LIMITED.",2029 Q2,Cameroon,,
Source: Energy Intelligence,"COPYRIGHT © 2001-2022 ENERGY INTELLIGENCE GROUP, INC. / ENERGY INTELLIGENCE GROUP (UK) LIMITED.",2029 Q1,Cameroon,,
Source: Energy Intelligence,"COPYRIGHT © 2001-2022 ENERGY INTELLIGENCE GROUP, INC. / ENERGY INTELLIGENCE GROUP (UK) LIMITED.",2028 Q4,Cameroon,,
Source: Energy Intelligence,"COPYRIGHT © 2001-2022 ENERGY INTELLIGENCE GROUP, INC. / ENERGY INTELLIGENCE GROUP (UK) LIMITED.",2028 Q3,Cameroon,,
Source: Energy Intelligence,"COPYRIGHT © 2001-2022 ENERGY INTELLIGENCE GROUP, INC. / ENERGY INTELLIGENCE GROUP (UK) LIMITED.",2028 Q2,Cameroon,,
Source: Energy Intelligence,"COPYRIGHT © 2001-2022 ENERGY INTELLIGENCE GROUP, INC. / ENERGY INTELLIGENCE GROUP (UK) LIMITED.",2028 Q1,Cameroon,,
Source: Energy Intelligence,"COPYRIGHT © 2001-2022 ENERGY INTELLIGENCE GROUP, INC. / ENERGY INTELLIGENCE GROUP (UK) LIMITED.",2027 Q4,Cameroon,,
Source: Energy Intelligence,"COPYRIGHT © 2001-2022 ENERGY INTELLIGENCE GROUP, INC. / ENERGY INTELLIGENCE GROUP (UK) LIMITED.",2027 Q3,Cameroon,,
Source: Energy Intelligence,"COPYRIGHT © 2001-2022 ENERGY INTELLIGENCE GROUP, INC. / ENERGY INTELLIGENCE GROUP (UK) LIMITED.",2027 Q2,Cameroon,,
Source: Energy Intelligence,"COPYRIGHT © 2001-2022 ENERGY INTELLIGENCE GROUP, INC. / ENERGY INTELLIGENCE GROUP (UK) LIMITED.",2027 Q1,Cameroon,,
Source: Energy Intelligence,"COPYRIGHT © 2001-2022 ENERGY INTELLIGENCE GROUP, INC. / ENERGY INTELLIGENCE GROUP (UK) LIMITED.",2026 Q4,Cameroon,,
Source: Energy Intelligence,"COPYRIGHT © 2001-2022 ENERGY INTELLIGENCE GROUP, INC. / ENERGY INTELLIGENCE GROUP (UK) LIMITED.",2026 Q3,Cameroon,,
Source: Energy Intelligence,"COPYRIGHT © 2001-2022 ENERGY INTELLIGENCE GROUP, INC. / ENERGY INTELLIGENCE GROUP (UK) LIMITED.",2026 Q2,Cameroon,,
Source: Energy Intelligence,"COPYRIGHT © 2001-2022 ENERGY INTELLIGENCE GROUP, INC. / ENERGY INTELLIGENCE GROUP (UK) LIMITED.",2026 Q1,Cameroon,,
Source: Energy Intelligence,"COPYRIGHT © 2001-2022 ENERGY INTELLIGENCE GROUP, INC. / ENERGY INTELLIGENCE GROUP (UK) LIMITED.",2025 Q4,Cameroon,,
Source: Energy Intelligence,"COPYRIGHT © 2001-2022 ENERGY INTELLIGENCE GROUP, INC. / ENERGY INTELLIGENCE GROUP (UK) LIMITED.",2025 Q3,Cameroon,,
Source: Energy Intelligence,"COPYRIGHT © 2001-2022 ENERGY INTELLIGENCE GROUP, INC. / ENERGY INTELLIGENCE GROUP (UK) LIMITED.",2025 Q2,Cameroon,,
Source: Energy Intelligence,"COPYRIGHT © 2001-2022 ENERGY INTELLIGENCE GROUP, INC. / ENERGY INTELLIGENCE GROUP (UK) LIMITED.",2025 Q1,Cameroon,,
Source: Energy Intelligence,"COPYRIGHT © 2001-2022 ENERGY INTELLIGENCE GROUP, INC. / ENERGY INTELLIGENCE GROUP (UK) LIMITED.",2029 Q4,Brunei,,
Source: Energy Intelligence,"COPYRIGHT © 2001-2022 ENERGY INTELLIGENCE GROUP, INC. / ENERGY INTELLIGENCE GROUP (UK) LIMITED.",2029 Q3,Brunei,,
Source: Energy Intelligence,"COPYRIGHT © 2001-2022 ENERGY INTELLIGENCE GROUP, INC. / ENERGY INTELLIGENCE GROUP (UK) LIMITED.",2029 Q2,Brunei,,
Source: Energy Intelligence,"COPYRIGHT © 2001-2022 ENERGY INTELLIGENCE GROUP, INC. / ENERGY INTELLIGENCE GROUP (UK) LIMITED.",2029 Q1,Brunei,,
Source: Energy Intelligence,"COPYRIGHT © 2001-2022 ENERGY INTELLIGENCE GROUP, INC. / ENERGY INTELLIGENCE GROUP (UK) LIMITED.",2028 Q4,Brunei,,
Source: Energy Intelligence,"COPYRIGHT © 2001-2022 ENERGY INTELLIGENCE GROUP, INC. / ENERGY INTELLIGENCE GROUP (UK) LIMITED.",2028 Q3,Brunei,,
Source: Energy Intelligence,"COPYRIGHT © 2001-2022 ENERGY INTELLIGENCE GROUP, INC. / ENERGY INTELLIGENCE GROUP (UK) LIMITED.",2028 Q2,Brunei,,
Source: Energy Intelligence,"COPYRIGHT © 2001-2022 ENERGY INTELLIGENCE GROUP, INC. / ENERGY INTELLIGENCE GROUP (UK) LIMITED.",2028 Q1,Brunei,,
Source: Energy Intelligence,"COPYRIGHT © 2001-2022 ENERGY INTELLIGENCE GROUP, INC. / ENERGY INTELLIGENCE GROUP (UK) LIMITED.",2027 Q4,Brunei,,
Source: Energy Intelligence,"COPYRIGHT © 2001-2022 ENERGY INTELLIGENCE GROUP, INC. / ENERGY INTELLIGENCE GROUP (UK) LIMITED.",2027 Q3,Brunei,,
Source: Energy Intelligence,"COPYRIGHT © 2001-2022 ENERGY INTELLIGENCE GROUP, INC. / ENERGY INTELLIGENCE GROUP (UK) LIMITED.",2027 Q2,Brunei,,
Source: Energy Intelligence,"COPYRIGHT © 2001-2022 ENERGY INTELLIGENCE GROUP, INC. / ENERGY INTELLIGENCE GROUP (UK) LIMITED.",2027 Q1,Brunei,,
Source: Energy Intelligence,"COPYRIGHT © 2001-2022 ENERGY INTELLIGENCE GROUP, INC. / ENERGY INTELLIGENCE GROUP (UK) LIMITED.",2026 Q4,Brunei,,
Source: Energy Intelligence,"COPYRIGHT © 2001-2022 ENERGY INTELLIGENCE GROUP, INC. / ENERGY INTELLIGENCE GROUP (UK) LIMITED.",2026 Q3,Brunei,,
Source: Energy Intelligence,"COPYRIGHT © 2001-2022 ENERGY INTELLIGENCE GROUP, INC. / ENERGY INTELLIGENCE GROUP (UK) LIMITED.",2026 Q2,Brunei,,
Source: Energy Intelligence,"COPYRIGHT © 2001-2022 ENERGY INTELLIGENCE GROUP, INC. / ENERGY INTELLIGENCE GROUP (UK) LIMITED.",2026 Q1,Brunei,,
Source: Energy Intelligence,"COPYRIGHT © 2001-2022 ENERGY INTELLIGENCE GROUP, INC. / ENERGY INTELLIGENCE GROUP (UK) LIMITED.",2025 Q4,Brunei,,
Source: Energy Intelligence,"COPYRIGHT © 2001-2022 ENERGY INTELLIGENCE GROUP, INC. / ENERGY INTELLIGENCE GROUP (UK) LIMITED.",2025 Q3,Brunei,,
Source: Energy Intelligence,"COPYRIGHT © 2001-2022 ENERGY INTELLIGENCE GROUP, INC. / ENERGY INTELLIGENCE GROUP (UK) LIMITED.",2025 Q2,Brunei,,
Source: Energy Intelligence,"COPYRIGHT © 2001-2022 ENERGY INTELLIGENCE GROUP, INC. / ENERGY INTELLIGENCE GROUP (UK) LIMITED.",2025 Q1,Brunei,,
Source: Energy Intelligence,"COPYRIGHT © 2001-2022 ENERGY INTELLIGENCE GROUP, INC. / ENERGY INTELLIGENCE GROUP (UK) LIMITED.",2029 Q4,Brazil,,
Source: Energy Intelligence,"COPYRIGHT © 2001-2022 ENERGY INTELLIGENCE GROUP, INC. / ENERGY INTELLIGENCE GROUP (UK) LIMITED.",2029 Q3,Brazil,,60
Source: Energy Intelligence,"COPYRIGHT © 2001-2022 ENERGY INTELLIGENCE GROUP, INC. / ENERGY INTELLIGENCE GROUP (UK) LIMITED.",2029 Q2,Brazil,,40
Source: Energy Intelligence,"COPYRIGHT © 2001-2022 ENERGY INTELLIGENCE GROUP, INC. / ENERGY INTELLIGENCE GROUP (UK) LIMITED.",2029 Q1,Brazil,,40
Source: Energy Intelligence,"COPYRIGHT © 2001-2022 ENERGY INTELLIGENCE GROUP, INC. / ENERGY INTELLIGENCE GROUP (UK) LIMITED.",2028 Q4,Brazil,,
Source: Energy Intelligence,"COPYRIGHT © 2001-2022 ENERGY INTELLIGENCE GROUP, INC. / ENERGY INTELLIGENCE GROUP (UK) LIMITED.",2028 Q3,Brazil,,276
Source: Energy Intelligence,"COPYRIGHT © 2001-2022 ENERGY INTELLIGENCE GROUP, INC. / ENERGY INTELLIGENCE GROUP (UK) LIMITED.",2028 Q2,Brazil,,180
Source: Energy Intelligence,"COPYRIGHT © 2001-2022 ENERGY INTELLIGENCE GROUP, INC. / ENERGY INTELLIGENCE GROUP (UK) LIMITED.",2028 Q1,Brazil,,315
Source: Energy Intelligence,"COPYRIGHT © 2001-2022 ENERGY INTELLIGENCE GROUP, INC. / ENERGY INTELLIGENCE GROUP (UK) LIMITED.",2027 Q4,Brazil,,130
Source: Energy Intelligence,"COPYRIGHT © 2001-2022 ENERGY INTELLIGENCE GROUP, INC. / ENERGY INTELLIGENCE GROUP (UK) LIMITED.",2027 Q3,Brazil,,235
Source: Energy Intelligence,"COPYRIGHT © 2001-2022 ENERGY INTELLIGENCE GROUP, INC. / ENERGY INTELLIGENCE GROUP (UK) LIMITED.",2027 Q2,Brazil,,110
Source: Energy Intelligence,"COPYRIGHT © 2001-2022 ENERGY INTELLIGENCE GROUP, INC. / ENERGY INTELLIGENCE GROUP (UK) LIMITED.",2027 Q1,Brazil,,70
Source: Energy Intelligence,"COPYRIGHT © 2001-2022 ENERGY INTELLIGENCE GROUP, INC. / ENERGY INTELLIGENCE GROUP (UK) LIMITED.",2026 Q4,Brazil,,
Source: Energy Intelligence,"COPYRIGHT © 2001-2022 ENERGY INTELLIGENCE GROUP, INC. / ENERGY INTELLIGENCE GROUP (UK) LIMITED.",2026 Q3,Brazil,,205
Source: Energy Intelligence,"COPYRIGHT © 2001-2022 ENERGY INTELLIGENCE GROUP, INC. / ENERGY INTELLIGENCE GROUP (UK) LIMITED.",2026 Q2,Brazil,,330
Source: Energy Intelligence,"COPYRIGHT © 2001-2022 ENERGY INTELLIGENCE GROUP, INC. / ENERGY INTELLIGENCE GROUP (UK) LIMITED.",2026 Q1,Brazil,,235
Source: Energy Intelligence,"COPYRIGHT © 2001-2022 ENERGY INTELLIGENCE GROUP, INC. / ENERGY INTELLIGENCE GROUP (UK) LIMITED.",2025 Q4,Brazil,,180
Source: Energy Intelligence,"COPYRIGHT © 2001-2022 ENERGY INTELLIGENCE GROUP, INC. / ENERGY INTELLIGENCE GROUP (UK) LIMITED.",2025 Q3,Brazil,,190
Source: Energy Intelligence,"COPYRIGHT © 2001-2022 ENERGY INTELLIGENCE GROUP, INC. / ENERGY INTELLIGENCE GROUP (UK) LIMITED.",2025 Q2,Brazil,,215
Source: Energy Intelligence,"COPYRIGHT © 2001-2022 ENERGY INTELLIGENCE GROUP, INC. / ENERGY INTELLIGENCE GROUP (UK) LIMITED.",2025 Q1,Brazil,,150
Source: Energy Intelligence,"COPYRIGHT © 2001-2022 ENERGY INTELLIGENCE GROUP, INC. / ENERGY INTELLIGENCE GROUP (UK) LIMITED.",2029 Q4,Azerbaijan,,
Source: Energy Intelligence,"COPYRIGHT © 2001-2022 ENERGY INTELLIGENCE GROUP, INC. / ENERGY INTELLIGENCE GROUP (UK) LIMITED.",2029 Q3,Azerbaijan,,10
Source: Energy Intelligence,"COPYRIGHT © 2001-2022 ENERGY INTELLIGENCE GROUP, INC. / ENERGY INTELLIGENCE GROUP (UK) LIMITED.",2029 Q2,Azerbaijan,,20
Source: Energy Intelligence,"COPYRIGHT © 2001-2022 ENERGY INTELLIGENCE GROUP, INC. / ENERGY INTELLIGENCE GROUP (UK) LIMITED.",2029 Q1,Azerbaijan,,
Source: Energy Intelligence,"COPYRIGHT © 2001-2022 ENERGY INTELLIGENCE GROUP, INC. / ENERGY INTELLIGENCE GROUP (UK) LIMITED.",2028 Q4,Azerbaijan,,16
Source: Energy Intelligence,"COPYRIGHT © 2001-2022 ENERGY INTELLIGENCE GROUP, INC. / ENERGY INTELLIGENCE GROUP (UK) LIMITED.",2028 Q3,Azerbaijan,,10
Source: Energy Intelligence,"COPYRIGHT © 2001-2022 ENERGY INTELLIGENCE GROUP, INC. / ENERGY INTELLIGENCE GROUP (UK) LIMITED.",2028 Q2,Azerbaijan,,10
Source: Energy Intelligence,"COPYRIGHT © 2001-2022 ENERGY INTELLIGENCE GROUP, INC. / ENERGY INTELLIGENCE GROUP (UK) LIMITED.",2028 Q1,Azerbaijan,,
Source: Energy Intelligence,"COPYRIGHT © 2001-2022 ENERGY INTELLIGENCE GROUP, INC. / ENERGY INTELLIGENCE GROUP (UK) LIMITED.",2027 Q4,Azerbaijan,,
Source: Energy Intelligence,"COPYRIGHT © 2001-2022 ENERGY INTELLIGENCE GROUP, INC. / ENERGY INTELLIGENCE GROUP (UK) LIMITED.",2027 Q3,Azerbaijan,,
Source: Energy Intelligence,"COPYRIGHT © 2001-2022 ENERGY INTELLIGENCE GROUP, INC. / ENERGY INTELLIGENCE GROUP (UK) LIMITED.",2027 Q2,Azerbaijan,,
Source: Energy Intelligence,"COPYRIGHT © 2001-2022 ENERGY INTELLIGENCE GROUP, INC. / ENERGY INTELLIGENCE GROUP (UK) LIMITED.",2027 Q1,Azerbaijan,,
Source: Energy Intelligence,"COPYRIGHT © 2001-2022 ENERGY INTELLIGENCE GROUP, INC. / ENERGY INTELLIGENCE GROUP (UK) LIMITED.",2026 Q4,Azerbaijan,,
Source: Energy Intelligence,"COPYRIGHT © 2001-2022 ENERGY INTELLIGENCE GROUP, INC. / ENERGY INTELLIGENCE GROUP (UK) LIMITED.",2026 Q3,Azerbaijan,,
Source: Energy Intelligence,"COPYRIGHT © 2001-2022 ENERGY INTELLIGENCE GROUP, INC. / ENERGY INTELLIGENCE GROUP (UK) LIMITED.",2026 Q2,Azerbaijan,,5
Source: Energy Intelligence,"COPYRIGHT © 2001-2022 ENERGY INTELLIGENCE GROUP, INC. / ENERGY INTELLIGENCE GROUP (UK) LIMITED.",2026 Q1,Azerbaijan,,5
Source: Energy Intelligence,"COPYRIGHT © 2001-2022 ENERGY INTELLIGENCE GROUP, INC. / ENERGY INTELLIGENCE GROUP (UK) LIMITED.",2025 Q4,Azerbaijan,,10
Source: Energy Intelligence,"COPYRIGHT © 2001-2022 ENERGY INTELLIGENCE GROUP, INC. / ENERGY INTELLIGENCE GROUP (UK) LIMITED.",2025 Q3,Azerbaijan,,10
Source: Energy Intelligence,"COPYRIGHT © 2001-2022 ENERGY INTELLIGENCE GROUP, INC. / ENERGY INTELLIGENCE GROUP (UK) LIMITED.",2025 Q2,Azerbaijan,,20
Source: Energy Intelligence,"COPYRIGHT © 2001-2022 ENERGY INTELLIGENCE GROUP, INC. / ENERGY INTELLIGENCE GROUP (UK) LIMITED.",2025 Q1,Azerbaijan,,26
Source: Energy Intelligence,"COPYRIGHT © 2001-2022 ENERGY INTELLIGENCE GROUP, INC. / ENERGY INTELLIGENCE GROUP (UK) LIMITED.",2029 Q4,Australia,,
Source: Energy Intelligence,"COPYRIGHT © 2001-2022 ENERGY INTELLIGENCE GROUP, INC. / ENERGY INTELLIGENCE GROUP (UK) LIMITED.",2029 Q3,Australia,,
Source: Energy Intelligence,"COPYRIGHT © 2001-2022 ENERGY INTELLIGENCE GROUP, INC. / ENERGY INTELLIGENCE GROUP (UK) LIMITED.",2029 Q2,Australia,,
Source: Energy Intelligence,"COPYRIGHT © 2001-2022 ENERGY INTELLIGENCE GROUP, INC. / ENERGY INTELLIGENCE GROUP (UK) LIMITED.",2029 Q1,Australia,,
Source: Energy Intelligence,"COPYRIGHT © 2001-2022 ENERGY INTELLIGENCE GROUP, INC. / ENERGY INTELLIGENCE GROUP (UK) LIMITED.",2028 Q4,Australia,,
Source: Energy Intelligence,"COPYRIGHT © 2001-2022 ENERGY INTELLIGENCE GROUP, INC. / ENERGY INTELLIGENCE GROUP (UK) LIMITED.",2028 Q3,Australia,,
Source: Energy Intelligence,"COPYRIGHT © 2001-2022 ENERGY INTELLIGENCE GROUP, INC. / ENERGY INTELLIGENCE GROUP (UK) LIMITED.",2028 Q2,Australia,,
Source: Energy Intelligence,"COPYRIGHT © 2001-2022 ENERGY INTELLIGENCE GROUP, INC. / ENERGY INTELLIGENCE GROUP (UK) LIMITED.",2028 Q1,Australia,,
Source: Energy Intelligence,"COPYRIGHT © 2001-2022 ENERGY INTELLIGENCE GROUP, INC. / ENERGY INTELLIGENCE GROUP (UK) LIMITED.",2027 Q4,Australia,,
Source: Energy Intelligence,"COPYRIGHT © 2001-2022 ENERGY INTELLIGENCE GROUP, INC. / ENERGY INTELLIGENCE GROUP (UK) LIMITED.",2027 Q3,Australia,,
Source: Energy Intelligence,"COPYRIGHT © 2001-2022 ENERGY INTELLIGENCE GROUP, INC. / ENERGY INTELLIGENCE GROUP (UK) LIMITED.",2027 Q2,Australia,,
Source: Energy Intelligence,"COPYRIGHT © 2001-2022 ENERGY INTELLIGENCE GROUP, INC. / ENERGY INTELLIGENCE GROUP (UK) LIMITED.",2027 Q1,Australia,,
Source: Energy Intelligence,"COPYRIGHT © 2001-2022 ENERGY INTELLIGENCE GROUP, INC. / ENERGY INTELLIGENCE GROUP (UK) LIMITED.",2026 Q4,Australia,,
Source: Energy Intelligence,"COPYRIGHT © 2001-2022 ENERGY INTELLIGENCE GROUP, INC. / ENERGY INTELLIGENCE GROUP (UK) LIMITED.",2026 Q3,Australia,,
Source: Energy Intelligence,"COPYRIGHT © 2001-2022 ENERGY INTELLIGENCE GROUP, INC. / ENERGY INTELLIGENCE GROUP (UK) LIMITED.",2026 Q2,Australia,,
Source: Energy Intelligence,"COPYRIGHT © 2001-2022 ENERGY INTELLIGENCE GROUP, INC. / ENERGY INTELLIGENCE GROUP (UK) LIMITED.",2026 Q1,Australia,,
Source: Energy Intelligence,"COPYRIGHT © 2001-2022 ENERGY INTELLIGENCE GROUP, INC. / ENERGY INTELLIGENCE GROUP (UK) LIMITED.",2025 Q4,Australia,,
Source: Energy Intelligence,"COPYRIGHT © 2001-2022 ENERGY INTELLIGENCE GROUP, INC. / ENERGY INTELLIGENCE GROUP (UK) LIMITED.",2025 Q3,Australia,,
Source: Energy Intelligence,"COPYRIGHT © 2001-2022 ENERGY INTELLIGENCE GROUP, INC. / ENERGY INTELLIGENCE GROUP (UK) LIMITED.",2025 Q2,Australia,,
Source: Energy Intelligence,"COPYRIGHT © 2001-2022 ENERGY INTELLIGENCE GROUP, INC. / ENERGY INTELLIGENCE GROUP (UK) LIMITED.",2025 Q1,Australia,,
Source: Energy Intelligence,"COPYRIGHT © 2001-2022 ENERGY INTELLIGENCE GROUP, INC. / ENERGY INTELLIGENCE GROUP (UK) LIMITED.",2029 Q4,Argentina,,15
Source: Energy Intelligence,"COPYRIGHT © 2001-2022 ENERGY INTELLIGENCE GROUP, INC. / ENERGY INTELLIGENCE GROUP (UK) LIMITED.",2029 Q3,Argentina,,15
Source: Energy Intelligence,"COPYRIGHT © 2001-2022 ENERGY INTELLIGENCE GROUP, INC. / ENERGY INTELLIGENCE GROUP (UK) LIMITED.",2029 Q2,Argentina,,15
Source: Energy Intelligence,"COPYRIGHT © 2001-2022 ENERGY INTELLIGENCE GROUP, INC. / ENERGY INTELLIGENCE GROUP (UK) LIMITED.",2029 Q1,Argentina,,15
Source: Energy Intelligence,"COPYRIGHT © 2001-2022 ENERGY INTELLIGENCE GROUP, INC. / ENERGY INTELLIGENCE GROUP (UK) LIMITED.",2028 Q4,Argentina,,25
Source: Energy Intelligence,"COPYRIGHT © 2001-2022 ENERGY INTELLIGENCE GROUP, INC. / ENERGY INTELLIGENCE GROUP (UK) LIMITED.",2028 Q3,Argentina,,25
Source: Energy Intelligence,"COPYRIGHT © 2001-2022 ENERGY INTELLIGENCE GROUP, INC. / ENERGY INTELLIGENCE GROUP (UK) LIMITED.",2028 Q2,Argentina,,25
Source: Energy Intelligence,"COPYRIGHT © 2001-2022 ENERGY INTELLIGENCE GROUP, INC. / ENERGY INTELLIGENCE GROUP (UK) LIMITED.",2028 Q1,Argentina,,25
Source: Energy Intelligence,"COPYRIGHT © 2001-2022 ENERGY INTELLIGENCE GROUP, INC. / ENERGY INTELLIGENCE GROUP (UK) LIMITED.",2027 Q4,Argentina,,20
Source: Energy Intelligence,"COPYRIGHT © 2001-2022 ENERGY INTELLIGENCE GROUP, INC. / ENERGY INTELLIGENCE GROUP (UK) LIMITED.",2027 Q3,Argentina,,20
Source: Energy Intelligence,"COPYRIGHT © 2001-2022 ENERGY INTELLIGENCE GROUP, INC. / ENERGY INTELLIGENCE GROUP (UK) LIMITED.",2027 Q2,Argentina,,20
Source: Energy Intelligence,"COPYRIGHT © 2001-2022 ENERGY INTELLIGENCE GROUP, INC. / ENERGY INTELLIGENCE GROUP (UK) LIMITED.",2027 Q1,Argentina,,20
Source: Energy Intelligence,"COPYRIGHT © 2001-2022 ENERGY INTELLIGENCE GROUP, INC. / ENERGY INTELLIGENCE GROUP (UK) LIMITED.",2026 Q4,Argentina,,20
Source: Energy Intelligence,"COPYRIGHT © 2001-2022 ENERGY INTELLIGENCE GROUP, INC. / ENERGY INTELLIGENCE GROUP (UK) LIMITED.",2026 Q3,Argentina,,20
Source: Energy Intelligence,"COPYRIGHT © 2001-2022 ENERGY INTELLIGENCE GROUP, INC. / ENERGY INTELLIGENCE GROUP (UK) LIMITED.",2026 Q2,Argentina,,15
Source: Energy Intelligence,"COPYRIGHT © 2001-2022 ENERGY INTELLIGENCE GROUP, INC. / ENERGY INTELLIGENCE GROUP (UK) LIMITED.",2026 Q1,Argentina,,15
Source: Energy Intelligence,"COPYRIGHT © 2001-2022 ENERGY INTELLIGENCE GROUP, INC. / ENERGY INTELLIGENCE GROUP (UK) LIMITED.",2025 Q4,Argentina,,15
Source: Energy Intelligence,"COPYRIGHT © 2001-2022 ENERGY INTELLIGENCE GROUP, INC. / ENERGY INTELLIGENCE GROUP (UK) LIMITED.",2025 Q3,Argentina,,15
Source: Energy Intelligence,"COPYRIGHT © 2001-2022 ENERGY INTELLIGENCE GROUP, INC. / ENERGY INTELLIGENCE GROUP (UK) LIMITED.",2025 Q2,Argentina,,15
Source: Energy Intelligence,"COPYRIGHT © 2001-2022 ENERGY INTELLIGENCE GROUP, INC. / ENERGY INTELLIGENCE GROUP (UK) LIMITED.",2025 Q1,Argentina,,20
Source: Energy Intelligence,"COPYRIGHT © 2001-2022 ENERGY INTELLIGENCE GROUP, INC. / ENERGY INTELLIGENCE GROUP (UK) LIMITED.",2029 Q4,Angola,,
Source: Energy Intelligence,"COPYRIGHT © 2001-2022 ENERGY INTELLIGENCE GROUP, INC. / ENERGY INTELLIGENCE GROUP (UK) LIMITED.",2029 Q3,Angola,,
Source: Energy Intelligence,"COPYRIGHT © 2001-2022 ENERGY INTELLIGENCE GROUP, INC. / ENERGY INTELLIGENCE GROUP (UK) LIMITED.",2029 Q2,Angola,,
Source: Energy Intelligence,"COPYRIGHT © 2001-2022 ENERGY INTELLIGENCE GROUP, INC. / ENERGY INTELLIGENCE GROUP (UK) LIMITED.",2029 Q1,Angola,,
Source: Energy Intelligence,"COPYRIGHT © 2001-2022 ENERGY INTELLIGENCE GROUP, INC. / ENERGY INTELLIGENCE GROUP (UK) LIMITED.",2028 Q4,Angola,,30
Source: Energy Intelligence,"COPYRIGHT © 2001-2022 ENERGY INTELLIGENCE GROUP, INC. / ENERGY INTELLIGENCE GROUP (UK) LIMITED.",2028 Q3,Angola,,20
Source: Energy Intelligence,"COPYRIGHT © 2001-2022 ENERGY INTELLIGENCE GROUP, INC. / ENERGY INTELLIGENCE GROUP (UK) LIMITED.",2028 Q2,Angola,,10
Source: Energy Intelligence,"COPYRIGHT © 2001-2022 ENERGY INTELLIGENCE GROUP, INC. / ENERGY INTELLIGENCE GROUP (UK) LIMITED.",2028 Q1,Angola,,10
Source: Energy Intelligence,"COPYRIGHT © 2001-2022 ENERGY INTELLIGENCE GROUP, INC. / ENERGY INTELLIGENCE GROUP (UK) LIMITED.",2027 Q4,Angola,,
Source: Energy Intelligence,"COPYRIGHT © 2001-2022 ENERGY INTELLIGENCE GROUP, INC. / ENERGY INTELLIGENCE GROUP (UK) LIMITED.",2027 Q3,Angola,,
Source: Energy Intelligence,"COPYRIGHT © 2001-2022 ENERGY INTELLIGENCE GROUP, INC. / ENERGY INTELLIGENCE GROUP (UK) LIMITED.",2027 Q2,Angola,,
Source: Energy Intelligence,"COPYRIGHT © 2001-2022 ENERGY INTELLIGENCE GROUP, INC. / ENERGY INTELLIGENCE GROUP (UK) LIMITED.",2027 Q1,Angola,,
Source: Energy Intelligence,"COPYRIGHT © 2001-2022 ENERGY INTELLIGENCE GROUP, INC. / ENERGY INTELLIGENCE GROUP (UK) LIMITED.",2026 Q4,Angola,,
Source: Energy Intelligence,"COPYRIGHT © 2001-2022 ENERGY INTELLIGENCE GROUP, INC. / ENERGY INTELLIGENCE GROUP (UK) LIMITED.",2026 Q3,Angola,,
Source: Energy Intelligence,"COPYRIGHT © 2001-2022 ENERGY INTELLIGENCE GROUP, INC. / ENERGY INTELLIGENCE GROUP (UK) LIMITED.",2026 Q2,Angola,,25
Source: Energy Intelligence,"COPYRIGHT © 2001-2022 ENERGY INTELLIGENCE GROUP, INC. / ENERGY INTELLIGENCE GROUP (UK) LIMITED.",2026 Q1,Angola,,60
Source: Energy Intelligence,"COPYRIGHT © 2001-2022 ENERGY INTELLIGENCE GROUP, INC. / ENERGY INTELLIGENCE GROUP (UK) LIMITED.",2025 Q4,Angola,,70
Source: Energy Intelligence,"COPYRIGHT © 2001-2022 ENERGY INTELLIGENCE GROUP, INC. / ENERGY INTELLIGENCE GROUP (UK) LIMITED.",2025 Q3,Angola,,80
Source: Energy Intelligence,"COPYRIGHT © 2001-2022 ENERGY INTELLIGENCE GROUP, INC. / ENERGY INTELLIGENCE GROUP (UK) LIMITED.",2025 Q2,Angola,,
Source: Energy Intelligence,"COPYRIGHT © 2001-2022 ENERGY INTELLIGENCE GROUP, INC. / ENERGY INTELLIGENCE GROUP (UK) LIMITED.",2025 Q1,Angola,,
Source: Energy Intelligence,"COPYRIGHT © 2001-2022 ENERGY INTELLIGENCE GROUP, INC. / ENERGY INTELLIGENCE GROUP (UK) LIMITED.",2029 Q4,Algeria,,10
Source: Energy Intelligence,"COPYRIGHT © 2001-2022 ENERGY INTELLIGENCE GROUP, INC. / ENERGY INTELLIGENCE GROUP (UK) LIMITED.",2029 Q3,Algeria,,10
Source: Energy Intelligence,"COPYRIGHT © 2001-2022 ENERGY INTELLIGENCE GROUP, INC. / ENERGY INTELLIGENCE GROUP (UK) LIMITED.",2029 Q2,Algeria,,10
Source: Energy Intelligence,"COPYRIGHT © 2001-2022 ENERGY INTELLIGENCE GROUP, INC. / ENERGY INTELLIGENCE GROUP (UK) LIMITED.",2029 Q1,Algeria,,5
Source: Energy Intelligence,"COPYRIGHT © 2001-2022 ENERGY INTELLIGENCE GROUP, INC. / ENERGY INTELLIGENCE GROUP (UK) LIMITED.",2028 Q4,Algeria,,
Source: Energy Intelligence,"COPYRIGHT © 2001-2022 ENERGY INTELLIGENCE GROUP, INC. / ENERGY INTELLIGENCE GROUP (UK) LIMITED.",2028 Q3,Algeria,,
Source: Energy Intelligence,"COPYRIGHT © 2001-2022 ENERGY INTELLIGENCE GROUP, INC. / ENERGY INTELLIGENCE GROUP (UK) LIMITED.",2028 Q2,Algeria,,
Source: Energy Intelligence,"COPYRIGHT © 2001-2022 ENERGY INTELLIGENCE GROUP, INC. / ENERGY INTELLIGENCE GROUP (UK) LIMITED.",2028 Q1,Algeria,,
Source: Energy Intelligence,"COPYRIGHT © 2001-2022 ENERGY INTELLIGENCE GROUP, INC. / ENERGY INTELLIGENCE GROUP (UK) LIMITED.",2027 Q4,Algeria,,
Source: Energy Intelligence,"COPYRIGHT © 2001-2022 ENERGY INTELLIGENCE GROUP, INC. / ENERGY INTELLIGENCE GROUP (UK) LIMITED.",2027 Q3,Algeria,,
Source: Energy Intelligence,"COPYRIGHT © 2001-2022 ENERGY INTELLIGENCE GROUP, INC. / ENERGY INTELLIGENCE GROUP (UK) LIMITED.",2027 Q2,Algeria,,
Source: Energy Intelligence,"COPYRIGHT © 2001-2022 ENERGY INTELLIGENCE GROUP, INC. / ENERGY INTELLIGENCE GROUP (UK) LIMITED.",2027 Q1,Algeria,,
Source: Energy Intelligence,"COPYRIGHT © 2001-2022 ENERGY INTELLIGENCE GROUP, INC. / ENERGY INTELLIGENCE GROUP (UK) LIMITED.",2026 Q4,Algeria,,
Source: Energy Intelligence,"COPYRIGHT © 2001-2022 ENERGY INTELLIGENCE GROUP, INC. / ENERGY INTELLIGENCE GROUP (UK) LIMITED.",2026 Q3,Algeria,,
Source: Energy Intelligence,"COPYRIGHT © 2001-2022 ENERGY INTELLIGENCE GROUP, INC. / ENERGY INTELLIGENCE GROUP (UK) LIMITED.",2026 Q2,Algeria,,
Source: Energy Intelligence,"COPYRIGHT © 2001-2022 ENERGY INTELLIGENCE GROUP, INC. / ENERGY INTELLIGENCE GROUP (UK) LIMITED.",2026 Q1,Algeria,,
Source: Energy Intelligence,"COPYRIGHT © 2001-2022 ENERGY INTELLIGENCE GROUP, INC. / ENERGY INTELLIGENCE GROUP (UK) LIMITED.",2025 Q4,Algeria,,4
Source: Energy Intelligence,"COPYRIGHT © 2001-2022 ENERGY INTELLIGENCE GROUP, INC. / ENERGY INTELLIGENCE GROUP (UK) LIMITED.",2025 Q3,Algeria,,4
Source: Energy Intelligence,"COPYRIGHT © 2001-2022 ENERGY INTELLIGENCE GROUP, INC. / ENERGY INTELLIGENCE GROUP (UK) LIMITED.",2025 Q2,Algeria,,4
Source: Energy Intelligence,"COPYRIGHT © 2001-2022 ENERGY INTELLIGENCE GROUP, INC. / ENERGY INTELLIGENCE GROUP (UK) LIMITED.",2025 Q1,Algeria,,4
