Exporting Region,Exporter,Company,Crude,Data Source,Copyright,Year of Year,Quarter of Year,Month of Year,Day of Year,DataValue
Africa,Algeria, ,Saharan Blend,Energy Intelligence,"COPYRIGHT © 2001-2021 ENERGY INTELLIGENCE GROUP, INC. / ENERGY INTELLIGENCE GROUP (UK) LIMITED.",2022,Q1,January,1,1.497492
Africa,Algeria, ,Saharan Blend,Energy Intelligence,"COPYRIGHT © 2001-2021 ENERGY INTELLIGENCE GROUP, INC. / ENERGY INTELLIGENCE GROUP (UK) LIMITED.",2021,Q1,January,1,8.373969
Africa,Algeria, ,Saharan Blend,Energy Intelligence,"COPYRIGHT © 2001-2021 ENERGY INTELLIGENCE GROUP, INC. / ENERGY INTELLIGENCE GROUP (UK) LIMITED.",2020,Q1,January,1,6.869112
Africa,Algeria, ,Saharan Blend,Energy Intelligence,"COPYRIGHT © 2001-2021 ENERGY INTELLIGENCE GROUP, INC. / ENERGY INTELLIGENCE GROUP (UK) LIMITED.",2019,Q1,January,1,8.590674
Africa,Algeria, ,Saharan Blend,Energy Intelligence,"COPYRIGHT © 2001-2021 ENERGY INTELLIGENCE GROUP, INC. / ENERGY INTELLIGENCE GROUP (UK) LIMITED.",2018,Q1,January,1,3.483676
Africa,Algeria, ,Saharan Blend,Energy Intelligence,"COPYRIGHT © 2001-2021 ENERGY INTELLIGENCE GROUP, INC. / ENERGY INTELLIGENCE GROUP (UK) LIMITED.",2017,Q1,January,1,0.463843
Africa,Algeria, ,Saharan Blend,Energy Intelligence,"COPYRIGHT © 2001-2021 ENERGY INTELLIGENCE GROUP, INC. / ENERGY INTELLIGENCE GROUP (UK) LIMITED.",2016,Q1,January,1,2.767448
Africa,Algeria, ,Saharan Blend,Energy Intelligence,"COPYRIGHT © 2001-2021 ENERGY INTELLIGENCE GROUP, INC. / ENERGY INTELLIGENCE GROUP (UK) LIMITED.",2013,Q1,January,1,2.869722
Africa,Algeria, ,Saharan Blend,Energy Intelligence,"COPYRIGHT © 2001-2021 ENERGY INTELLIGENCE GROUP, INC. / ENERGY INTELLIGENCE GROUP (UK) LIMITED.",2011,Q1,January,1,2.432016
Africa,Algeria, ,Saharan Blend,Energy Intelligence,"COPYRIGHT © 2001-2021 ENERGY INTELLIGENCE GROUP, INC. / ENERGY INTELLIGENCE GROUP (UK) LIMITED.",2010,Q1,January,1,10.849491
Africa,Algeria, ,Saharan Blend,Energy Intelligence,"COPYRIGHT © 2001-2021 ENERGY INTELLIGENCE GROUP, INC. / ENERGY INTELLIGENCE GROUP (UK) LIMITED.",2009,Q1,January,1,1.771638
Africa,Algeria, ,Saharan Blend,Energy Intelligence,"COPYRIGHT © 2001-2021 ENERGY INTELLIGENCE GROUP, INC. / ENERGY INTELLIGENCE GROUP (UK) LIMITED.",2008,Q1,January,1,2.723896
Africa,Algeria, ,Saharan Blend,Energy Intelligence,"COPYRIGHT © 2001-2021 ENERGY INTELLIGENCE GROUP, INC. / ENERGY INTELLIGENCE GROUP (UK) LIMITED.",2006,Q1,January,1,1.367764
Africa,Angola, ,Olombendo,Energy Intelligence,"COPYRIGHT © 2001-2021 ENERGY INTELLIGENCE GROUP, INC. / ENERGY INTELLIGENCE GROUP (UK) LIMITED.",2022,Q1,January,1,3.268301
Africa,Angola, ,Olombendo,Energy Intelligence,"COPYRIGHT © 2001-2021 ENERGY INTELLIGENCE GROUP, INC. / ENERGY INTELLIGENCE GROUP (UK) LIMITED.",2019,Q1,January,1,2.461866
Africa,Angola, ,Olombendo,Energy Intelligence,"COPYRIGHT © 2001-2021 ENERGY INTELLIGENCE GROUP, INC. / ENERGY INTELLIGENCE GROUP (UK) LIMITED.",2018,Q1,January,1,1.329683
Africa,Angola, ,CLOV,Energy Intelligence,"COPYRIGHT © 2001-2021 ENERGY INTELLIGENCE GROUP, INC. / ENERGY INTELLIGENCE GROUP (UK) LIMITED.",2018,Q1,January,1,5.344253
Africa,Angola, ,Nemba,Energy Intelligence,"COPYRIGHT © 2001-2021 ENERGY INTELLIGENCE GROUP, INC. / ENERGY INTELLIGENCE GROUP (UK) LIMITED.",2017,Q1,January,1,5.193212
Africa,Angola, ,Kissanje Blend,Energy Intelligence,"COPYRIGHT © 2001-2021 ENERGY INTELLIGENCE GROUP, INC. / ENERGY INTELLIGENCE GROUP (UK) LIMITED.",2017,Q1,January,1,2.602448
Africa,Angola, ,Girassol,Energy Intelligence,"COPYRIGHT © 2001-2021 ENERGY INTELLIGENCE GROUP, INC. / ENERGY INTELLIGENCE GROUP (UK) LIMITED.",2017,Q1,January,1,2.73462
Africa,Angola, ,Saturno,Energy Intelligence,"COPYRIGHT © 2001-2021 ENERGY INTELLIGENCE GROUP, INC. / ENERGY INTELLIGENCE GROUP (UK) LIMITED.",2015,Q1,January,1,2.473739
Africa,Angola, ,Nemba,Energy Intelligence,"COPYRIGHT © 2001-2021 ENERGY INTELLIGENCE GROUP, INC. / ENERGY INTELLIGENCE GROUP (UK) LIMITED.",2015,Q1,January,1,5.054026
Africa,Angola, ,Hungo,Energy Intelligence,"COPYRIGHT © 2001-2021 ENERGY INTELLIGENCE GROUP, INC. / ENERGY INTELLIGENCE GROUP (UK) LIMITED.",2015,Q1,January,1,2.718215
Africa,Angola, ,Pazflor,Energy Intelligence,"COPYRIGHT © 2001-2021 ENERGY INTELLIGENCE GROUP, INC. / ENERGY INTELLIGENCE GROUP (UK) LIMITED.",2014,Q1,January,1,2.472619
Africa,Angola, ,Nemba,Energy Intelligence,"COPYRIGHT © 2001-2021 ENERGY INTELLIGENCE GROUP, INC. / ENERGY INTELLIGENCE GROUP (UK) LIMITED.",2014,Q1,January,1,2.714561
Africa,Angola, ,Kissanje Blend,Energy Intelligence,"COPYRIGHT © 2001-2021 ENERGY INTELLIGENCE GROUP, INC. / ENERGY INTELLIGENCE GROUP (UK) LIMITED.",2014,Q1,January,1,5.19042
Africa,Angola, ,Pazflor,Energy Intelligence,"COPYRIGHT © 2001-2021 ENERGY INTELLIGENCE GROUP, INC. / ENERGY INTELLIGENCE GROUP (UK) LIMITED.",2013,Q1,January,1,2.60324
Africa,Angola, ,Nemba,Energy Intelligence,"COPYRIGHT © 2001-2021 ENERGY INTELLIGENCE GROUP, INC. / ENERGY INTELLIGENCE GROUP (UK) LIMITED.",2013,Q1,January,1,3.318297
Africa,Angola, ,Kissanje Blend,Energy Intelligence,"COPYRIGHT © 2001-2021 ENERGY INTELLIGENCE GROUP, INC. / ENERGY INTELLIGENCE GROUP (UK) LIMITED.",2012,Q1,January,1,3.064749
Africa,Angola, ,Girassol,Energy Intelligence,"COPYRIGHT © 2001-2021 ENERGY INTELLIGENCE GROUP, INC. / ENERGY INTELLIGENCE GROUP (UK) LIMITED.",2012,Q1,January,1,2.728563
Africa,Angola, ,Dalia,Energy Intelligence,"COPYRIGHT © 2001-2021 ENERGY INTELLIGENCE GROUP, INC. / ENERGY INTELLIGENCE GROUP (UK) LIMITED.",2012,Q1,January,1,1.084717
Africa,Angola, ,Cabinda,Energy Intelligence,"COPYRIGHT © 2001-2021 ENERGY INTELLIGENCE GROUP, INC. / ENERGY INTELLIGENCE GROUP (UK) LIMITED.",2012,Q1,January,1,0.82182
Africa,Angola, ,Cabinda,Energy Intelligence,"COPYRIGHT © 2001-2021 ENERGY INTELLIGENCE GROUP, INC. / ENERGY INTELLIGENCE GROUP (UK) LIMITED.",2011,Q1,January,1,0.602339
Africa,Angola, ,Girassol,Energy Intelligence,"COPYRIGHT © 2001-2021 ENERGY INTELLIGENCE GROUP, INC. / ENERGY INTELLIGENCE GROUP (UK) LIMITED.",2010,Q1,January,1,2.734788
Africa,Angola, ,Kuito,Energy Intelligence,"COPYRIGHT © 2001-2021 ENERGY INTELLIGENCE GROUP, INC. / ENERGY INTELLIGENCE GROUP (UK) LIMITED.",2009,Q1,January,1,0.887499
Africa,Angola, ,Kuito,Energy Intelligence,"COPYRIGHT © 2001-2021 ENERGY INTELLIGENCE GROUP, INC. / ENERGY INTELLIGENCE GROUP (UK) LIMITED.",2008,Q1,January,1,0.547659
Africa,Angola, ,Nemba,Energy Intelligence,"COPYRIGHT © 2001-2021 ENERGY INTELLIGENCE GROUP, INC. / ENERGY INTELLIGENCE GROUP (UK) LIMITED.",2007,Q1,January,1,2.465981
Africa,Angola, ,Kissanje Blend,Energy Intelligence,"COPYRIGHT © 2001-2021 ENERGY INTELLIGENCE GROUP, INC. / ENERGY INTELLIGENCE GROUP (UK) LIMITED.",2007,Q1,January,1,5.167062
Africa,Angola, ,Xikomba,Energy Intelligence,"COPYRIGHT © 2001-2021 ENERGY INTELLIGENCE GROUP, INC. / ENERGY INTELLIGENCE GROUP (UK) LIMITED.",2006,Q1,January,1,2.581506
Africa,Angola, ,Kissanje Blend,Energy Intelligence,"COPYRIGHT © 2001-2021 ENERGY INTELLIGENCE GROUP, INC. / ENERGY INTELLIGENCE GROUP (UK) LIMITED.",2006,Q1,January,1,21.19523
Africa,Angola, ,Hungo,Energy Intelligence,"COPYRIGHT © 2001-2021 ENERGY INTELLIGENCE GROUP, INC. / ENERGY INTELLIGENCE GROUP (UK) LIMITED.",2006,Q1,January,1,7.88155
Africa,Cameroon, ,Ebome,Energy Intelligence,"COPYRIGHT © 2001-2021 ENERGY INTELLIGENCE GROUP, INC. / ENERGY INTELLIGENCE GROUP (UK) LIMITED.",2019,Q1,January,1,1.012056
Africa,Chad, ,Doba,Energy Intelligence,"COPYRIGHT © 2001-2021 ENERGY INTELLIGENCE GROUP, INC. / ENERGY INTELLIGENCE GROUP (UK) LIMITED.",2016,Q1,January,1,1.869053
Africa,Chad, ,Doba,Energy Intelligence,"COPYRIGHT © 2001-2021 ENERGY INTELLIGENCE GROUP, INC. / ENERGY INTELLIGENCE GROUP (UK) LIMITED.",2015,Q1,January,1,11.30913
Africa,Chad, ,Doba,Energy Intelligence,"COPYRIGHT © 2001-2021 ENERGY INTELLIGENCE GROUP, INC. / ENERGY INTELLIGENCE GROUP (UK) LIMITED.",2014,Q1,January,1,8.50098
Africa,Chad, ,Doba,Energy Intelligence,"COPYRIGHT © 2001-2021 ENERGY INTELLIGENCE GROUP, INC. / ENERGY INTELLIGENCE GROUP (UK) LIMITED.",2013,Q1,January,1,5.250389
Africa,Chad, ,Doba,Energy Intelligence,"COPYRIGHT © 2001-2021 ENERGY INTELLIGENCE GROUP, INC. / ENERGY INTELLIGENCE GROUP (UK) LIMITED.",2012,Q1,January,1,0.879369
Africa,Chad, ,Doba,Energy Intelligence,"COPYRIGHT © 2001-2021 ENERGY INTELLIGENCE GROUP, INC. / ENERGY INTELLIGENCE GROUP (UK) LIMITED.",2009,Q1,January,1,0.005221
Africa,Chad, ,Doba,Energy Intelligence,"COPYRIGHT © 2001-2021 ENERGY INTELLIGENCE GROUP, INC. / ENERGY INTELLIGENCE GROUP (UK) LIMITED.",2008,Q1,January,1,5.086747
Africa,Chad, ,Doba,Energy Intelligence,"COPYRIGHT © 2001-2021 ENERGY INTELLIGENCE GROUP, INC. / ENERGY INTELLIGENCE GROUP (UK) LIMITED.",2007,Q1,January,1,4.819141
Africa,Chad, ,Doba,Energy Intelligence,"COPYRIGHT © 2001-2021 ENERGY INTELLIGENCE GROUP, INC. / ENERGY INTELLIGENCE GROUP (UK) LIMITED.",2006,Q1,January,1,1.322357
Africa,Equatorial Guinea, ,Zafiro-B,Energy Intelligence,"COPYRIGHT © 2001-2021 ENERGY INTELLIGENCE GROUP, INC. / ENERGY INTELLIGENCE GROUP (UK) LIMITED.",2012,Q1,January,1,2.476905
Africa,Equatorial Guinea, ,Aseng,Energy Intelligence,"COPYRIGHT © 2001-2021 ENERGY INTELLIGENCE GROUP, INC. / ENERGY INTELLIGENCE GROUP (UK) LIMITED.",2012,Q1,January,1,3.404647
Africa,Equatorial Guinea, ,New Zafiro,Energy Intelligence,"COPYRIGHT © 2001-2021 ENERGY INTELLIGENCE GROUP, INC. / ENERGY INTELLIGENCE GROUP (UK) LIMITED.",2008,Q1,January,1,2.591484
Africa,Equatorial Guinea, ,New Zafiro,Energy Intelligence,"COPYRIGHT © 2001-2021 ENERGY INTELLIGENCE GROUP, INC. / ENERGY INTELLIGENCE GROUP (UK) LIMITED.",2007,Q1,January,1,18.690218
Africa,Equatorial Guinea, ,New Zafiro,Energy Intelligence,"COPYRIGHT © 2001-2021 ENERGY INTELLIGENCE GROUP, INC. / ENERGY INTELLIGENCE GROUP (UK) LIMITED.",2006,Q1,January,1,13.038221
Africa,Gabon, ,Oguendjo Blend,Energy Intelligence,"COPYRIGHT © 2001-2021 ENERGY INTELLIGENCE GROUP, INC. / ENERGY INTELLIGENCE GROUP (UK) LIMITED.",2019,Q1,January,1,0.723518
Africa,Gabon, ,Rabi Blend,Energy Intelligence,"COPYRIGHT © 2001-2021 ENERGY INTELLIGENCE GROUP, INC. / ENERGY INTELLIGENCE GROUP (UK) LIMITED.",2015,Q1,January,1,10.865173
Africa,Gabon, ,Rabi Light,Energy Intelligence,"COPYRIGHT © 2001-2021 ENERGY INTELLIGENCE GROUP, INC. / ENERGY INTELLIGENCE GROUP (UK) LIMITED.",2014,Q1,January,1,10.641169
Africa,Gabon, ,Rabi Blend,Energy Intelligence,"COPYRIGHT © 2001-2021 ENERGY INTELLIGENCE GROUP, INC. / ENERGY INTELLIGENCE GROUP (UK) LIMITED.",2014,Q1,January,1,23.620839
Africa,Gabon, ,Rabi Light,Energy Intelligence,"COPYRIGHT © 2001-2021 ENERGY INTELLIGENCE GROUP, INC. / ENERGY INTELLIGENCE GROUP (UK) LIMITED.",2013,Q1,January,1,12.495009
Africa,Gabon, ,Rabi Blend,Energy Intelligence,"COPYRIGHT © 2001-2021 ENERGY INTELLIGENCE GROUP, INC. / ENERGY INTELLIGENCE GROUP (UK) LIMITED.",2013,Q1,January,1,33.081316
Africa,Gabon, ,Lucina,Energy Intelligence,"COPYRIGHT © 2001-2021 ENERGY INTELLIGENCE GROUP, INC. / ENERGY INTELLIGENCE GROUP (UK) LIMITED.",2013,Q1,January,1,1.601368
Africa,Gabon, ,Etame,Energy Intelligence,"COPYRIGHT © 2001-2021 ENERGY INTELLIGENCE GROUP, INC. / ENERGY INTELLIGENCE GROUP (UK) LIMITED.",2013,Q1,January,1,6.328031
Africa,Gabon, ,Rabi Light,Energy Intelligence,"COPYRIGHT © 2001-2021 ENERGY INTELLIGENCE GROUP, INC. / ENERGY INTELLIGENCE GROUP (UK) LIMITED.",2012,Q1,January,1,10.449806
Africa,Gabon, ,Rabi Blend,Energy Intelligence,"COPYRIGHT © 2001-2021 ENERGY INTELLIGENCE GROUP, INC. / ENERGY INTELLIGENCE GROUP (UK) LIMITED.",2012,Q1,January,1,49.089202
Africa,Gabon, ,Lucina,Energy Intelligence,"COPYRIGHT © 2001-2021 ENERGY INTELLIGENCE GROUP, INC. / ENERGY INTELLIGENCE GROUP (UK) LIMITED.",2012,Q1,January,1,2.276197
Africa,Gabon, ,Etame,Energy Intelligence,"COPYRIGHT © 2001-2021 ENERGY INTELLIGENCE GROUP, INC. / ENERGY INTELLIGENCE GROUP (UK) LIMITED.",2012,Q1,January,1,1.648108
Africa,Gabon, ,Rabi Blend,Energy Intelligence,"COPYRIGHT © 2001-2021 ENERGY INTELLIGENCE GROUP, INC. / ENERGY INTELLIGENCE GROUP (UK) LIMITED.",2011,Q1,January,1,16.085517
Africa,Gabon, ,Gabon T,Energy Intelligence,"COPYRIGHT © 2001-2021 ENERGY INTELLIGENCE GROUP, INC. / ENERGY INTELLIGENCE GROUP (UK) LIMITED.",2011,Q1,January,1,0.380938
Africa,Gabon, ,Rabi Blend,Energy Intelligence,"COPYRIGHT © 2001-2021 ENERGY INTELLIGENCE GROUP, INC. / ENERGY INTELLIGENCE GROUP (UK) LIMITED.",2009,Q1,January,1,0.092779
Africa,Gabon, ,Rabi Blend,Energy Intelligence,"COPYRIGHT © 2001-2021 ENERGY INTELLIGENCE GROUP, INC. / ENERGY INTELLIGENCE GROUP (UK) LIMITED.",2008,Q1,January,1,10.714348
Africa,Gabon, ,Rabi Blend,Energy Intelligence,"COPYRIGHT © 2001-2021 ENERGY INTELLIGENCE GROUP, INC. / ENERGY INTELLIGENCE GROUP (UK) LIMITED.",2007,Q1,January,1,2.450041
Africa,Gabon, ,Mandji,Energy Intelligence,"COPYRIGHT © 2001-2021 ENERGY INTELLIGENCE GROUP, INC. / ENERGY INTELLIGENCE GROUP (UK) LIMITED.",2007,Q1,January,1,1.855784
Africa,Gabon, ,Rabi Blend,Energy Intelligence,"COPYRIGHT © 2001-2021 ENERGY INTELLIGENCE GROUP, INC. / ENERGY INTELLIGENCE GROUP (UK) LIMITED.",2006,Q1,January,1,2.592311
Africa,Ghana, ,TEN,Energy Intelligence,"COPYRIGHT © 2001-2021 ENERGY INTELLIGENCE GROUP, INC. / ENERGY INTELLIGENCE GROUP (UK) LIMITED.",2017,Q1,January,1,2.71613
Africa,Libya, ,Abu Attifel,Energy Intelligence,"COPYRIGHT © 2001-2021 ENERGY INTELLIGENCE GROUP, INC. / ENERGY INTELLIGENCE GROUP (UK) LIMITED.",2021,Q1,January,1,1.317778
Africa,Libya, ,Amna,Energy Intelligence,"COPYRIGHT © 2001-2021 ENERGY INTELLIGENCE GROUP, INC. / ENERGY INTELLIGENCE GROUP (UK) LIMITED.",2020,Q1,January,1,0.544718
Africa,Libya, ,Abu Attifel,Energy Intelligence,"COPYRIGHT © 2001-2021 ENERGY INTELLIGENCE GROUP, INC. / ENERGY INTELLIGENCE GROUP (UK) LIMITED.",2020,Q1,January,1,0.519724
Africa,Libya, ,Mellitah Condensate,Energy Intelligence,"COPYRIGHT © 2001-2021 ENERGY INTELLIGENCE GROUP, INC. / ENERGY INTELLIGENCE GROUP (UK) LIMITED.",2014,Q1,January,1,0.980452
Africa,Libya, ,Mellitah Condensate,Energy Intelligence,"COPYRIGHT © 2001-2021 ENERGY INTELLIGENCE GROUP, INC. / ENERGY INTELLIGENCE GROUP (UK) LIMITED.",2013,Q1,January,1,1.395235
Africa,Libya, ,El-Sharara,Energy Intelligence,"COPYRIGHT © 2001-2021 ENERGY INTELLIGENCE GROUP, INC. / ENERGY INTELLIGENCE GROUP (UK) LIMITED.",2013,Q1,January,1,1.799489
Africa,Libya, ,Abu Attifel,Energy Intelligence,"COPYRIGHT © 2001-2021 ENERGY INTELLIGENCE GROUP, INC. / ENERGY INTELLIGENCE GROUP (UK) LIMITED.",2013,Q1,January,1,2.817663
Africa,Libya, ,Amna,Energy Intelligence,"COPYRIGHT © 2001-2021 ENERGY INTELLIGENCE GROUP, INC. / ENERGY INTELLIGENCE GROUP (UK) LIMITED.",2012,Q1,January,1,2.461646
Africa,Libya, ,Abu Attifel,Energy Intelligence,"COPYRIGHT © 2001-2021 ENERGY INTELLIGENCE GROUP, INC. / ENERGY INTELLIGENCE GROUP (UK) LIMITED.",2012,Q1,January,1,5.005258
Africa,Mozambique, ,Temane Condensate,Energy Intelligence,"COPYRIGHT © 2001-2021 ENERGY INTELLIGENCE GROUP, INC. / ENERGY INTELLIGENCE GROUP (UK) LIMITED.",2018,Q1,January,1,0.324951
Africa,Nigeria, ,Escravos,Energy Intelligence,"COPYRIGHT © 2001-2021 ENERGY INTELLIGENCE GROUP, INC. / ENERGY INTELLIGENCE GROUP (UK) LIMITED.",2014,Q1,January,1,1.135888
Africa,Nigeria, ,Akpo Blend,Energy Intelligence,"COPYRIGHT © 2001-2021 ENERGY INTELLIGENCE GROUP, INC. / ENERGY INTELLIGENCE GROUP (UK) LIMITED.",2014,Q1,January,1,2.80124
Africa,Nigeria, ,Bonny Light,Energy Intelligence,"COPYRIGHT © 2001-2021 ENERGY INTELLIGENCE GROUP, INC. / ENERGY INTELLIGENCE GROUP (UK) LIMITED.",2013,Q1,January,1,2.60505
Africa,Nigeria, ,Qua Iboe,Energy Intelligence,"COPYRIGHT © 2001-2021 ENERGY INTELLIGENCE GROUP, INC. / ENERGY INTELLIGENCE GROUP (UK) LIMITED.",2012,Q1,January,1,2.588239
Africa,Nigeria, ,Bonny Light,Energy Intelligence,"COPYRIGHT © 2001-2021 ENERGY INTELLIGENCE GROUP, INC. / ENERGY INTELLIGENCE GROUP (UK) LIMITED.",2012,Q1,January,1,5.230849
Africa,Nigeria, ,Akpo Blend,Energy Intelligence,"COPYRIGHT © 2001-2021 ENERGY INTELLIGENCE GROUP, INC. / ENERGY INTELLIGENCE GROUP (UK) LIMITED.",2012,Q1,January,1,2.724301
Africa,Nigeria, ,Qua Iboe,Energy Intelligence,"COPYRIGHT © 2001-2021 ENERGY INTELLIGENCE GROUP, INC. / ENERGY INTELLIGENCE GROUP (UK) LIMITED.",2011,Q1,January,1,2.465274
Africa,Nigeria, ,Akpo Blend,Energy Intelligence,"COPYRIGHT © 2001-2021 ENERGY INTELLIGENCE GROUP, INC. / ENERGY INTELLIGENCE GROUP (UK) LIMITED.",2011,Q1,January,1,1.768881
Africa,Nigeria, ,Agbami,Energy Intelligence,"COPYRIGHT © 2001-2021 ENERGY INTELLIGENCE GROUP, INC. / ENERGY INTELLIGENCE GROUP (UK) LIMITED.",2011,Q1,January,1,2.807284
Africa,Nigeria, ,Akpo Blend,Energy Intelligence,"COPYRIGHT © 2001-2021 ENERGY INTELLIGENCE GROUP, INC. / ENERGY INTELLIGENCE GROUP (UK) LIMITED.",2010,Q1,January,1,2.731772
Africa,Nigeria, ,Oso Condensate,Energy Intelligence,"COPYRIGHT © 2001-2021 ENERGY INTELLIGENCE GROUP, INC. / ENERGY INTELLIGENCE GROUP (UK) LIMITED.",2009,Q1,January,1,2.57563
Africa,Nigeria, ,Erha,Energy Intelligence,"COPYRIGHT © 2001-2021 ENERGY INTELLIGENCE GROUP, INC. / ENERGY INTELLIGENCE GROUP (UK) LIMITED.",2009,Q1,January,1,2.885174
Africa,Nigeria, ,Oso Condensate,Energy Intelligence,"COPYRIGHT © 2001-2021 ENERGY INTELLIGENCE GROUP, INC. / ENERGY INTELLIGENCE GROUP (UK) LIMITED.",2008,Q1,January,1,2.571892
Africa,Nigeria, ,Yoho,Energy Intelligence,"COPYRIGHT © 2001-2021 ENERGY INTELLIGENCE GROUP, INC. / ENERGY INTELLIGENCE GROUP (UK) LIMITED.",2007,Q1,January,1,6.072483
Africa,Nigeria, ,Oso Condensate,Energy Intelligence,"COPYRIGHT © 2001-2021 ENERGY INTELLIGENCE GROUP, INC. / ENERGY INTELLIGENCE GROUP (UK) LIMITED.",2007,Q1,January,1,2.58964
Africa,Nigeria, ,Yoho,Energy Intelligence,"COPYRIGHT © 2001-2021 ENERGY INTELLIGENCE GROUP, INC. / ENERGY INTELLIGENCE GROUP (UK) LIMITED.",2006,Q1,January,1,15.392312
Africa,Nigeria, ,Oso Condensate,Energy Intelligence,"COPYRIGHT © 2001-2021 ENERGY INTELLIGENCE GROUP, INC. / ENERGY INTELLIGENCE GROUP (UK) LIMITED.",2006,Q1,January,1,2.091298
Africa,Nigeria, ,Erha,Energy Intelligence,"COPYRIGHT © 2001-2021 ENERGY INTELLIGENCE GROUP, INC. / ENERGY INTELLIGENCE GROUP (UK) LIMITED.",2006,Q1,January,1,2.575354
Africa,Nigeria, ,Bonny Light,Energy Intelligence,"COPYRIGHT © 2001-2021 ENERGY INTELLIGENCE GROUP, INC. / ENERGY INTELLIGENCE GROUP (UK) LIMITED.",2006,Q1,January,1,5.187724
Africa,South Sudan, ,Dar Blend South Sudan,Energy Intelligence,"COPYRIGHT © 2001-2021 ENERGY INTELLIGENCE GROUP, INC. / ENERGY INTELLIGENCE GROUP (UK) LIMITED.",2016,Q1,January,1,0.813207
Africa,South Sudan, ,Dar Blend South Sudan,Energy Intelligence,"COPYRIGHT © 2001-2021 ENERGY INTELLIGENCE GROUP, INC. / ENERGY INTELLIGENCE GROUP (UK) LIMITED.",2015,Q1,January,1,2.364538
Africa,South Sudan, ,Nile Blend Sudan,Energy Intelligence,"COPYRIGHT © 2001-2021 ENERGY INTELLIGENCE GROUP, INC. / ENERGY INTELLIGENCE GROUP (UK) LIMITED.",2012,Q1,January,1,3.129
Africa,South Sudan, ,Nile Blend South Sudan,Energy Intelligence,"COPYRIGHT © 2001-2021 ENERGY INTELLIGENCE GROUP, INC. / ENERGY INTELLIGENCE GROUP (UK) LIMITED.",2011,Q1,January,1,4.013892
Africa,Sudan, ,Nile Blend Sudan,Energy Intelligence,"COPYRIGHT © 2001-2021 ENERGY INTELLIGENCE GROUP, INC. / ENERGY INTELLIGENCE GROUP (UK) LIMITED.",2025,Q1,January,1,4.97722
Africa,Sudan, ,Nile Blend Sudan,Energy Intelligence,"COPYRIGHT © 2001-2021 ENERGY INTELLIGENCE GROUP, INC. / ENERGY INTELLIGENCE GROUP (UK) LIMITED.",2024,Q1,January,1,0.478055
Africa,Sudan, ,Nile Blend Sudan,Energy Intelligence,"COPYRIGHT © 2001-2021 ENERGY INTELLIGENCE GROUP, INC. / ENERGY INTELLIGENCE GROUP (UK) LIMITED.",2023,Q1,January,1,0.467517
Africa,Sudan, ,Nile Blend Sudan,Energy Intelligence,"COPYRIGHT © 2001-2021 ENERGY INTELLIGENCE GROUP, INC. / ENERGY INTELLIGENCE GROUP (UK) LIMITED.",2022,Q1,January,1,1.830448
Africa,Sudan, ,Nile Blend Sudan,Energy Intelligence,"COPYRIGHT © 2001-2021 ENERGY INTELLIGENCE GROUP, INC. / ENERGY INTELLIGENCE GROUP (UK) LIMITED.",2021,Q1,January,1,3.085466
Africa,Sudan, ,Nile Blend Sudan,Energy Intelligence,"COPYRIGHT © 2001-2021 ENERGY INTELLIGENCE GROUP, INC. / ENERGY INTELLIGENCE GROUP (UK) LIMITED.",2015,Q1,January,1,3.995098
Africa,Sudan, ,Nile Blend Sudan,Energy Intelligence,"COPYRIGHT © 2001-2021 ENERGY INTELLIGENCE GROUP, INC. / ENERGY INTELLIGENCE GROUP (UK) LIMITED.",2014,Q1,January,1,3.431772
Africa,Sudan, ,Nile Blend Sudan,Energy Intelligence,"COPYRIGHT © 2001-2021 ENERGY INTELLIGENCE GROUP, INC. / ENERGY INTELLIGENCE GROUP (UK) LIMITED.",2013,Q1,January,1,10.549114
Africa,Sudan, ,Nile Blend Sudan,Energy Intelligence,"COPYRIGHT © 2001-2021 ENERGY INTELLIGENCE GROUP, INC. / ENERGY INTELLIGENCE GROUP (UK) LIMITED.",2012,Q1,January,1,9.175276
Africa,Sudan, ,Nile Blend Sudan,Energy Intelligence,"COPYRIGHT © 2001-2021 ENERGY INTELLIGENCE GROUP, INC. / ENERGY INTELLIGENCE GROUP (UK) LIMITED.",2011,Q1,January,1,43.478113
Africa,Sudan, ,Dar Blend Sudan,Energy Intelligence,"COPYRIGHT © 2001-2021 ENERGY INTELLIGENCE GROUP, INC. / ENERGY INTELLIGENCE GROUP (UK) LIMITED.",2011,Q1,January,1,1.250102
Africa,Sudan, ,Nile Blend Sudan,Energy Intelligence,"COPYRIGHT © 2001-2021 ENERGY INTELLIGENCE GROUP, INC. / ENERGY INTELLIGENCE GROUP (UK) LIMITED.",2010,Q1,January,1,42.954492
Africa,Sudan, ,Dar Blend Sudan,Energy Intelligence,"COPYRIGHT © 2001-2021 ENERGY INTELLIGENCE GROUP, INC. / ENERGY INTELLIGENCE GROUP (UK) LIMITED.",2010,Q1,January,1,1.339934
Africa,Sudan, ,Nile Blend Sudan,Energy Intelligence,"COPYRIGHT © 2001-2021 ENERGY INTELLIGENCE GROUP, INC. / ENERGY INTELLIGENCE GROUP (UK) LIMITED.",2009,Q1,January,1,45.017408
Africa,Sudan, ,Dar Blend Sudan,Energy Intelligence,"COPYRIGHT © 2001-2021 ENERGY INTELLIGENCE GROUP, INC. / ENERGY INTELLIGENCE GROUP (UK) LIMITED.",2009,Q1,January,1,0.781521
Africa,Sudan, ,Nile Blend Sudan,Energy Intelligence,"COPYRIGHT © 2001-2021 ENERGY INTELLIGENCE GROUP, INC. / ENERGY INTELLIGENCE GROUP (UK) LIMITED.",2008,Q1,January,1,98.891346
Africa,Sudan, ,Nile Blend Sudan,Energy Intelligence,"COPYRIGHT © 2001-2021 ENERGY INTELLIGENCE GROUP, INC. / ENERGY INTELLIGENCE GROUP (UK) LIMITED.",2007,Q1,January,1,102.792478
Africa,Sudan, ,Nile Blend Sudan,Energy Intelligence,"COPYRIGHT © 2001-2021 ENERGY INTELLIGENCE GROUP, INC. / ENERGY INTELLIGENCE GROUP (UK) LIMITED.",2006,Q1,January,1,108.133983
Africa,Tanzania, ,Songo Condensate,Energy Intelligence,"COPYRIGHT © 2001-2021 ENERGY INTELLIGENCE GROUP, INC. / ENERGY INTELLIGENCE GROUP (UK) LIMITED.",2018,Q1,January,1,0.200223
Asia-Pacific,Australia, ,Wandoo,Energy Intelligence,"COPYRIGHT © 2001-2021 ENERGY INTELLIGENCE GROUP, INC. / ENERGY INTELLIGENCE GROUP (UK) LIMITED.",2025,Q1,January,1,3.704733
Asia-Pacific,Australia, ,Cossack,Energy Intelligence,"COPYRIGHT © 2001-2021 ENERGY INTELLIGENCE GROUP, INC. / ENERGY INTELLIGENCE GROUP (UK) LIMITED.",2025,Q1,January,1,3.748866
Asia-Pacific,Australia, ,Wandoo,Energy Intelligence,"COPYRIGHT © 2001-2021 ENERGY INTELLIGENCE GROUP, INC. / ENERGY INTELLIGENCE GROUP (UK) LIMITED.",2024,Q1,January,1,2.876179
Asia-Pacific,Australia, ,Pyrenees,Energy Intelligence,"COPYRIGHT © 2001-2021 ENERGY INTELLIGENCE GROUP, INC. / ENERGY INTELLIGENCE GROUP (UK) LIMITED.",2024,Q1,January,1,0.269842
Asia-Pacific,Australia, ,Northwest Shelf Condensate,Energy Intelligence,"COPYRIGHT © 2001-2021 ENERGY INTELLIGENCE GROUP, INC. / ENERGY INTELLIGENCE GROUP (UK) LIMITED.",2024,Q1,January,1,0.833847
Asia-Pacific,Australia, ,Ichthys Condensate,Energy Intelligence,"COPYRIGHT © 2001-2021 ENERGY INTELLIGENCE GROUP, INC. / ENERGY INTELLIGENCE GROUP (UK) LIMITED.",2024,Q1,January,1,3.017101
Asia-Pacific,Australia, ,Clifhead,Energy Intelligence,"COPYRIGHT © 2001-2021 ENERGY INTELLIGENCE GROUP, INC. / ENERGY INTELLIGENCE GROUP (UK) LIMITED.",2024,Q1,January,1,0.309608
Asia-Pacific,Australia, ,Wandoo,Energy Intelligence,"COPYRIGHT © 2001-2021 ENERGY INTELLIGENCE GROUP, INC. / ENERGY INTELLIGENCE GROUP (UK) LIMITED.",2023,Q1,January,1,0.406642
Asia-Pacific,Australia, ,Stag,Energy Intelligence,"COPYRIGHT © 2001-2021 ENERGY INTELLIGENCE GROUP, INC. / ENERGY INTELLIGENCE GROUP (UK) LIMITED.",2023,Q1,January,1,0.262757
Asia-Pacific,Australia, ,Pyrenees,Energy Intelligence,"COPYRIGHT © 2001-2021 ENERGY INTELLIGENCE GROUP, INC. / ENERGY INTELLIGENCE GROUP (UK) LIMITED.",2023,Q1,January,1,2.479571
Asia-Pacific,Australia, ,Ichthys Condensate,Energy Intelligence,"COPYRIGHT © 2001-2021 ENERGY INTELLIGENCE GROUP, INC. / ENERGY INTELLIGENCE GROUP (UK) LIMITED.",2023,Q1,January,1,5.94716
Asia-Pacific,Australia, ,Cossack,Energy Intelligence,"COPYRIGHT © 2001-2021 ENERGY INTELLIGENCE GROUP, INC. / ENERGY INTELLIGENCE GROUP (UK) LIMITED.",2023,Q1,January,1,1.947468
Asia-Pacific,Australia, ,Clifhead,Energy Intelligence,"COPYRIGHT © 2001-2021 ENERGY INTELLIGENCE GROUP, INC. / ENERGY INTELLIGENCE GROUP (UK) LIMITED.",2023,Q1,January,1,0.19162
Asia-Pacific,Australia, ,Wandoo,Energy Intelligence,"COPYRIGHT © 2001-2021 ENERGY INTELLIGENCE GROUP, INC. / ENERGY INTELLIGENCE GROUP (UK) LIMITED.",2022,Q1,January,1,3.886644
Asia-Pacific,Australia, ,Van Gogh,Energy Intelligence,"COPYRIGHT © 2001-2021 ENERGY INTELLIGENCE GROUP, INC. / ENERGY INTELLIGENCE GROUP (UK) LIMITED.",2022,Q1,January,1,1.287453
Asia-Pacific,Australia, ,Stag,Energy Intelligence,"COPYRIGHT © 2001-2021 ENERGY INTELLIGENCE GROUP, INC. / ENERGY INTELLIGENCE GROUP (UK) LIMITED.",2022,Q1,January,1,0.107196
Asia-Pacific,Australia, ,Pyrenees,Energy Intelligence,"COPYRIGHT © 2001-2021 ENERGY INTELLIGENCE GROUP, INC. / ENERGY INTELLIGENCE GROUP (UK) LIMITED.",2022,Q1,January,1,0.418965
Asia-Pacific,Australia, ,Northwest Shelf Condensate,Energy Intelligence,"COPYRIGHT © 2001-2021 ENERGY INTELLIGENCE GROUP, INC. / ENERGY INTELLIGENCE GROUP (UK) LIMITED.",2022,Q1,January,1,0.998094
Asia-Pacific,Australia, ,Wandoo,Energy Intelligence,"COPYRIGHT © 2001-2021 ENERGY INTELLIGENCE GROUP, INC. / ENERGY INTELLIGENCE GROUP (UK) LIMITED.",2021,Q1,January,1,3.108181
Asia-Pacific,Australia, ,Pluto Condensate,Energy Intelligence,"COPYRIGHT © 2001-2021 ENERGY INTELLIGENCE GROUP, INC. / ENERGY INTELLIGENCE GROUP (UK) LIMITED.",2021,Q1,January,1,1.062543
Asia-Pacific,Australia, ,Wandoo,Energy Intelligence,"COPYRIGHT © 2001-2021 ENERGY INTELLIGENCE GROUP, INC. / ENERGY INTELLIGENCE GROUP (UK) LIMITED.",2020,Q1,January,1,3.363605
Asia-Pacific,Australia, ,Ichthys Condensate,Energy Intelligence,"COPYRIGHT © 2001-2021 ENERGY INTELLIGENCE GROUP, INC. / ENERGY INTELLIGENCE GROUP (UK) LIMITED.",2020,Q1,January,1,2.111623
Asia-Pacific,Australia, ,Wheatstone Condensate,Energy Intelligence,"COPYRIGHT © 2001-2021 ENERGY INTELLIGENCE GROUP, INC. / ENERGY INTELLIGENCE GROUP (UK) LIMITED.",2019,Q1,January,1,0.930754
Asia-Pacific,Australia, ,Wandoo,Energy Intelligence,"COPYRIGHT © 2001-2021 ENERGY INTELLIGENCE GROUP, INC. / ENERGY INTELLIGENCE GROUP (UK) LIMITED.",2019,Q1,January,1,4.472003
Asia-Pacific,Australia, ,Ichthys Condensate,Energy Intelligence,"COPYRIGHT © 2001-2021 ENERGY INTELLIGENCE GROUP, INC. / ENERGY INTELLIGENCE GROUP (UK) LIMITED.",2019,Q1,January,1,1.773313
Asia-Pacific,Australia, ,Wandoo,Energy Intelligence,"COPYRIGHT © 2001-2021 ENERGY INTELLIGENCE GROUP, INC. / ENERGY INTELLIGENCE GROUP (UK) LIMITED.",2018,Q1,January,1,4.889095
Asia-Pacific,Australia, ,Stag,Energy Intelligence,"COPYRIGHT © 2001-2021 ENERGY INTELLIGENCE GROUP, INC. / ENERGY INTELLIGENCE GROUP (UK) LIMITED.",2018,Q1,January,1,0.273512
Asia-Pacific,Australia, ,Pluto Condensate,Energy Intelligence,"COPYRIGHT © 2001-2021 ENERGY INTELLIGENCE GROUP, INC. / ENERGY INTELLIGENCE GROUP (UK) LIMITED.",2018,Q1,January,1,1.866178
Asia-Pacific,Australia, ,Northwest Shelf Condensate,Energy Intelligence,"COPYRIGHT © 2001-2021 ENERGY INTELLIGENCE GROUP, INC. / ENERGY INTELLIGENCE GROUP (UK) LIMITED.",2018,Q1,January,1,1.636746
Asia-Pacific,Australia, ,Enfield,Energy Intelligence,"COPYRIGHT © 2001-2021 ENERGY INTELLIGENCE GROUP, INC. / ENERGY INTELLIGENCE GROUP (UK) LIMITED.",2018,Q1,January,1,0.462068
Asia-Pacific,Australia, ,Bayu-Undan,Energy Intelligence,"COPYRIGHT © 2001-2021 ENERGY INTELLIGENCE GROUP, INC. / ENERGY INTELLIGENCE GROUP (UK) LIMITED.",2018,Q1,January,1,0.850141
Asia-Pacific,Australia, ,Wandoo,Energy Intelligence,"COPYRIGHT © 2001-2021 ENERGY INTELLIGENCE GROUP, INC. / ENERGY INTELLIGENCE GROUP (UK) LIMITED.",2017,Q1,January,1,4.421788
Asia-Pacific,Australia, ,Pluto Condensate,Energy Intelligence,"COPYRIGHT © 2001-2021 ENERGY INTELLIGENCE GROUP, INC. / ENERGY INTELLIGENCE GROUP (UK) LIMITED.",2017,Q1,January,1,0.915124
Asia-Pacific,Australia, ,Northwest Shelf Condensate,Energy Intelligence,"COPYRIGHT © 2001-2021 ENERGY INTELLIGENCE GROUP, INC. / ENERGY INTELLIGENCE GROUP (UK) LIMITED.",2017,Q1,January,1,0.83122
Asia-Pacific,Australia, ,Enfield,Energy Intelligence,"COPYRIGHT © 2001-2021 ENERGY INTELLIGENCE GROUP, INC. / ENERGY INTELLIGENCE GROUP (UK) LIMITED.",2017,Q1,January,1,0.913436
Asia-Pacific,Australia, ,Wandoo,Energy Intelligence,"COPYRIGHT © 2001-2021 ENERGY INTELLIGENCE GROUP, INC. / ENERGY INTELLIGENCE GROUP (UK) LIMITED.",2016,Q1,January,1,4.541535
Asia-Pacific,Australia, ,Varanus,Energy Intelligence,"COPYRIGHT © 2001-2021 ENERGY INTELLIGENCE GROUP, INC. / ENERGY INTELLIGENCE GROUP (UK) LIMITED.",2016,Q1,January,1,0.566083
Asia-Pacific,Australia, ,Soyu,Energy Intelligence,"COPYRIGHT © 2001-2021 ENERGY INTELLIGENCE GROUP, INC. / ENERGY INTELLIGENCE GROUP (UK) LIMITED.",2016,Q1,January,1,1.163787
Asia-Pacific,Australia, ,Pluto Condensate,Energy Intelligence,"COPYRIGHT © 2001-2021 ENERGY INTELLIGENCE GROUP, INC. / ENERGY INTELLIGENCE GROUP (UK) LIMITED.",2016,Q1,January,1,1.919131
Asia-Pacific,Australia, ,Enfield,Energy Intelligence,"COPYRIGHT © 2001-2021 ENERGY INTELLIGENCE GROUP, INC. / ENERGY INTELLIGENCE GROUP (UK) LIMITED.",2016,Q1,January,1,1.827826
Asia-Pacific,Australia, ,Wandoo,Energy Intelligence,"COPYRIGHT © 2001-2021 ENERGY INTELLIGENCE GROUP, INC. / ENERGY INTELLIGENCE GROUP (UK) LIMITED.",2015,Q1,January,1,5.070552
Asia-Pacific,Australia, ,Stybarrow,Energy Intelligence,"COPYRIGHT © 2001-2021 ENERGY INTELLIGENCE GROUP, INC. / ENERGY INTELLIGENCE GROUP (UK) LIMITED.",2015,Q1,January,1,0.46038
Asia-Pacific,Australia, ,Stag,Energy Intelligence,"COPYRIGHT © 2001-2021 ENERGY INTELLIGENCE GROUP, INC. / ENERGY INTELLIGENCE GROUP (UK) LIMITED.",2015,Q1,January,1,0.459914
Asia-Pacific,Australia, ,Pyrenees,Energy Intelligence,"COPYRIGHT © 2001-2021 ENERGY INTELLIGENCE GROUP, INC. / ENERGY INTELLIGENCE GROUP (UK) LIMITED.",2015,Q1,January,1,3.083248
Asia-Pacific,Australia, ,Pluto Condensate,Energy Intelligence,"COPYRIGHT © 2001-2021 ENERGY INTELLIGENCE GROUP, INC. / ENERGY INTELLIGENCE GROUP (UK) LIMITED.",2015,Q1,January,1,4.448895
Asia-Pacific,Australia, ,Mutineer-Exeter,Energy Intelligence,"COPYRIGHT © 2001-2021 ENERGY INTELLIGENCE GROUP, INC. / ENERGY INTELLIGENCE GROUP (UK) LIMITED.",2015,Q1,January,1,0.915366
Asia-Pacific,Australia, ,Gippsland,Energy Intelligence,"COPYRIGHT © 2001-2021 ENERGY INTELLIGENCE GROUP, INC. / ENERGY INTELLIGENCE GROUP (UK) LIMITED.",2015,Q1,January,1,1.577243
Asia-Pacific,Australia, ,Enfield,Energy Intelligence,"COPYRIGHT © 2001-2021 ENERGY INTELLIGENCE GROUP, INC. / ENERGY INTELLIGENCE GROUP (UK) LIMITED.",2015,Q1,January,1,1.383069
Asia-Pacific,Australia, ,Cossack,Energy Intelligence,"COPYRIGHT © 2001-2021 ENERGY INTELLIGENCE GROUP, INC. / ENERGY INTELLIGENCE GROUP (UK) LIMITED.",2015,Q1,January,1,3.5753
Asia-Pacific,Australia, ,Balnaves,Energy Intelligence,"COPYRIGHT © 2001-2021 ENERGY INTELLIGENCE GROUP, INC. / ENERGY INTELLIGENCE GROUP (UK) LIMITED.",2015,Q1,January,1,0.831168
Asia-Pacific,Australia, ,Wandoo,Energy Intelligence,"COPYRIGHT © 2001-2021 ENERGY INTELLIGENCE GROUP, INC. / ENERGY INTELLIGENCE GROUP (UK) LIMITED.",2014,Q1,January,1,6.274318
Asia-Pacific,Australia, ,Stag,Energy Intelligence,"COPYRIGHT © 2001-2021 ENERGY INTELLIGENCE GROUP, INC. / ENERGY INTELLIGENCE GROUP (UK) LIMITED.",2014,Q1,January,1,1.013814
Asia-Pacific,Australia, ,Mutineer-Exeter,Energy Intelligence,"COPYRIGHT © 2001-2021 ENERGY INTELLIGENCE GROUP, INC. / ENERGY INTELLIGENCE GROUP (UK) LIMITED.",2014,Q1,January,1,1.546173
Asia-Pacific,Australia, ,Laminaria,Energy Intelligence,"COPYRIGHT © 2001-2021 ENERGY INTELLIGENCE GROUP, INC. / ENERGY INTELLIGENCE GROUP (UK) LIMITED.",2014,Q1,January,1,1.143539
Asia-Pacific,Australia, ,Gippsland,Energy Intelligence,"COPYRIGHT © 2001-2021 ENERGY INTELLIGENCE GROUP, INC. / ENERGY INTELLIGENCE GROUP (UK) LIMITED.",2014,Q1,January,1,8.141685
Asia-Pacific,Australia, ,Enfield,Energy Intelligence,"COPYRIGHT © 2001-2021 ENERGY INTELLIGENCE GROUP, INC. / ENERGY INTELLIGENCE GROUP (UK) LIMITED.",2014,Q1,January,1,1.38057
Asia-Pacific,Australia, ,Cossack,Energy Intelligence,"COPYRIGHT © 2001-2021 ENERGY INTELLIGENCE GROUP, INC. / ENERGY INTELLIGENCE GROUP (UK) LIMITED.",2014,Q1,January,1,3.387416
Asia-Pacific,Australia, ,Balnaves,Energy Intelligence,"COPYRIGHT © 2001-2021 ENERGY INTELLIGENCE GROUP, INC. / ENERGY INTELLIGENCE GROUP (UK) LIMITED.",2014,Q1,January,1,2.79595
Asia-Pacific,Australia, ,Wandoo,Energy Intelligence,"COPYRIGHT © 2001-2021 ENERGY INTELLIGENCE GROUP, INC. / ENERGY INTELLIGENCE GROUP (UK) LIMITED.",2013,Q1,January,1,6.271251
Asia-Pacific,Australia, ,Stag,Energy Intelligence,"COPYRIGHT © 2001-2021 ENERGY INTELLIGENCE GROUP, INC. / ENERGY INTELLIGENCE GROUP (UK) LIMITED.",2013,Q1,January,1,1.484723
Asia-Pacific,Australia, ,Pluto Condensate,Energy Intelligence,"COPYRIGHT © 2001-2021 ENERGY INTELLIGENCE GROUP, INC. / ENERGY INTELLIGENCE GROUP (UK) LIMITED.",2013,Q1,January,1,0.857999
Asia-Pacific,Australia, ,Northwest Shelf Condensate,Energy Intelligence,"COPYRIGHT © 2001-2021 ENERGY INTELLIGENCE GROUP, INC. / ENERGY INTELLIGENCE GROUP (UK) LIMITED.",2013,Q1,January,1,1.776432
Asia-Pacific,Australia, ,Mutineer-Exeter,Energy Intelligence,"COPYRIGHT © 2001-2021 ENERGY INTELLIGENCE GROUP, INC. / ENERGY INTELLIGENCE GROUP (UK) LIMITED.",2013,Q1,January,1,2.645787
Asia-Pacific,Australia, ,Laminaria,Energy Intelligence,"COPYRIGHT © 2001-2021 ENERGY INTELLIGENCE GROUP, INC. / ENERGY INTELLIGENCE GROUP (UK) LIMITED.",2013,Q1,January,1,2.140362
Asia-Pacific,Australia, ,Gippsland,Energy Intelligence,"COPYRIGHT © 2001-2021 ENERGY INTELLIGENCE GROUP, INC. / ENERGY INTELLIGENCE GROUP (UK) LIMITED.",2013,Q1,January,1,2.81394
Asia-Pacific,Australia, ,Enfield,Energy Intelligence,"COPYRIGHT © 2001-2021 ENERGY INTELLIGENCE GROUP, INC. / ENERGY INTELLIGENCE GROUP (UK) LIMITED.",2013,Q1,January,1,1.386274
Asia-Pacific,Australia, ,Cossack,Energy Intelligence,"COPYRIGHT © 2001-2021 ENERGY INTELLIGENCE GROUP, INC. / ENERGY INTELLIGENCE GROUP (UK) LIMITED.",2013,Q1,January,1,5.176979
Asia-Pacific,Australia, ,Wandoo,Energy Intelligence,"COPYRIGHT © 2001-2021 ENERGY INTELLIGENCE GROUP, INC. / ENERGY INTELLIGENCE GROUP (UK) LIMITED.",2012,Q1,January,1,6.107863
Asia-Pacific,Australia, ,Vincent,Energy Intelligence,"COPYRIGHT © 2001-2021 ENERGY INTELLIGENCE GROUP, INC. / ENERGY INTELLIGENCE GROUP (UK) LIMITED.",2012,Q1,January,1,0.823899
Asia-Pacific,Australia, ,Van Gogh,Energy Intelligence,"COPYRIGHT © 2001-2021 ENERGY INTELLIGENCE GROUP, INC. / ENERGY INTELLIGENCE GROUP (UK) LIMITED.",2012,Q1,January,1,6.021583
Asia-Pacific,Australia, ,Stag,Energy Intelligence,"COPYRIGHT © 2001-2021 ENERGY INTELLIGENCE GROUP, INC. / ENERGY INTELLIGENCE GROUP (UK) LIMITED.",2012,Q1,January,1,3.471887
Asia-Pacific,Australia, ,Soyu,Energy Intelligence,"COPYRIGHT © 2001-2021 ENERGY INTELLIGENCE GROUP, INC. / ENERGY INTELLIGENCE GROUP (UK) LIMITED.",2012,Q1,January,1,0.170825
Asia-Pacific,Australia, ,Pyrenees,Energy Intelligence,"COPYRIGHT © 2001-2021 ENERGY INTELLIGENCE GROUP, INC. / ENERGY INTELLIGENCE GROUP (UK) LIMITED.",2012,Q1,January,1,1.456937
Asia-Pacific,Australia, ,Northwest Shelf Condensate,Energy Intelligence,"COPYRIGHT © 2001-2021 ENERGY INTELLIGENCE GROUP, INC. / ENERGY INTELLIGENCE GROUP (UK) LIMITED.",2012,Q1,January,1,4.517717
Asia-Pacific,Australia, ,Laminaria,Energy Intelligence,"COPYRIGHT © 2001-2021 ENERGY INTELLIGENCE GROUP, INC. / ENERGY INTELLIGENCE GROUP (UK) LIMITED.",2012,Q1,January,1,3.371671
Asia-Pacific,Australia, ,Kitan,Energy Intelligence,"COPYRIGHT © 2001-2021 ENERGY INTELLIGENCE GROUP, INC. / ENERGY INTELLIGENCE GROUP (UK) LIMITED.",2012,Q1,January,1,3.041344
Asia-Pacific,Australia, ,Enfield,Energy Intelligence,"COPYRIGHT © 2001-2021 ENERGY INTELLIGENCE GROUP, INC. / ENERGY INTELLIGENCE GROUP (UK) LIMITED.",2012,Q1,January,1,1.844348
Asia-Pacific,Australia, ,Cossack,Energy Intelligence,"COPYRIGHT © 2001-2021 ENERGY INTELLIGENCE GROUP, INC. / ENERGY INTELLIGENCE GROUP (UK) LIMITED.",2012,Q1,January,1,6.503506
Asia-Pacific,Australia, ,Woollybutt,Energy Intelligence,"COPYRIGHT © 2001-2021 ENERGY INTELLIGENCE GROUP, INC. / ENERGY INTELLIGENCE GROUP (UK) LIMITED.",2011,Q1,January,1,1.173211
Asia-Pacific,Australia, ,Wandoo,Energy Intelligence,"COPYRIGHT © 2001-2021 ENERGY INTELLIGENCE GROUP, INC. / ENERGY INTELLIGENCE GROUP (UK) LIMITED.",2011,Q1,January,1,8.242981
Asia-Pacific,Australia, ,Vincent,Energy Intelligence,"COPYRIGHT © 2001-2021 ENERGY INTELLIGENCE GROUP, INC. / ENERGY INTELLIGENCE GROUP (UK) LIMITED.",2011,Q1,January,1,0.528412
Asia-Pacific,Australia, ,Van Gogh,Energy Intelligence,"COPYRIGHT © 2001-2021 ENERGY INTELLIGENCE GROUP, INC. / ENERGY INTELLIGENCE GROUP (UK) LIMITED.",2011,Q1,January,1,2.189781
Asia-Pacific,Australia, ,Stag,Energy Intelligence,"COPYRIGHT © 2001-2021 ENERGY INTELLIGENCE GROUP, INC. / ENERGY INTELLIGENCE GROUP (UK) LIMITED.",2011,Q1,January,1,1.970586
Asia-Pacific,Australia, ,Pyrenees,Energy Intelligence,"COPYRIGHT © 2001-2021 ENERGY INTELLIGENCE GROUP, INC. / ENERGY INTELLIGENCE GROUP (UK) LIMITED.",2011,Q1,January,1,1.629075
Asia-Pacific,Australia, ,Northwest Shelf Condensate,Energy Intelligence,"COPYRIGHT © 2001-2021 ENERGY INTELLIGENCE GROUP, INC. / ENERGY INTELLIGENCE GROUP (UK) LIMITED.",2011,Q1,January,1,1.664643
Asia-Pacific,Australia, ,Laminaria,Energy Intelligence,"COPYRIGHT © 2001-2021 ENERGY INTELLIGENCE GROUP, INC. / ENERGY INTELLIGENCE GROUP (UK) LIMITED.",2011,Q1,January,1,1.805207
Asia-Pacific,Australia, ,Kitan,Energy Intelligence,"COPYRIGHT © 2001-2021 ENERGY INTELLIGENCE GROUP, INC. / ENERGY INTELLIGENCE GROUP (UK) LIMITED.",2011,Q1,January,1,1.502159
Asia-Pacific,Australia, ,Enfield,Energy Intelligence,"COPYRIGHT © 2001-2021 ENERGY INTELLIGENCE GROUP, INC. / ENERGY INTELLIGENCE GROUP (UK) LIMITED.",2011,Q1,January,1,1.841016
Asia-Pacific,Australia, ,Cossack,Energy Intelligence,"COPYRIGHT © 2001-2021 ENERGY INTELLIGENCE GROUP, INC. / ENERGY INTELLIGENCE GROUP (UK) LIMITED.",2011,Q1,January,1,1.500212
Asia-Pacific,Australia, ,Bayu-Undan,Energy Intelligence,"COPYRIGHT © 2001-2021 ENERGY INTELLIGENCE GROUP, INC. / ENERGY INTELLIGENCE GROUP (UK) LIMITED.",2011,Q1,January,1,0.815485
Asia-Pacific,Australia, ,Barrow,Energy Intelligence,"COPYRIGHT © 2001-2021 ENERGY INTELLIGENCE GROUP, INC. / ENERGY INTELLIGENCE GROUP (UK) LIMITED.",2011,Q1,January,1,0.57506
Asia-Pacific,Australia, ,Woollybutt,Energy Intelligence,"COPYRIGHT © 2001-2021 ENERGY INTELLIGENCE GROUP, INC. / ENERGY INTELLIGENCE GROUP (UK) LIMITED.",2010,Q1,January,1,1.290891
Asia-Pacific,Australia, ,Wandoo,Energy Intelligence,"COPYRIGHT © 2001-2021 ENERGY INTELLIGENCE GROUP, INC. / ENERGY INTELLIGENCE GROUP (UK) LIMITED.",2010,Q1,January,1,6.304241
Asia-Pacific,Australia, ,Van Gogh,Energy Intelligence,"COPYRIGHT © 2001-2021 ENERGY INTELLIGENCE GROUP, INC. / ENERGY INTELLIGENCE GROUP (UK) LIMITED.",2010,Q1,January,1,5.284414
Asia-Pacific,Australia, ,Stybarrow,Energy Intelligence,"COPYRIGHT © 2001-2021 ENERGY INTELLIGENCE GROUP, INC. / ENERGY INTELLIGENCE GROUP (UK) LIMITED.",2010,Q1,January,1,0.810747
Asia-Pacific,Australia, ,Stag,Energy Intelligence,"COPYRIGHT © 2001-2021 ENERGY INTELLIGENCE GROUP, INC. / ENERGY INTELLIGENCE GROUP (UK) LIMITED.",2010,Q1,January,1,2.439667
Asia-Pacific,Australia, ,Pyrenees,Energy Intelligence,"COPYRIGHT © 2001-2021 ENERGY INTELLIGENCE GROUP, INC. / ENERGY INTELLIGENCE GROUP (UK) LIMITED.",2010,Q1,January,1,2.953052
Asia-Pacific,Australia, ,Northwest Shelf Condensate,Energy Intelligence,"COPYRIGHT © 2001-2021 ENERGY INTELLIGENCE GROUP, INC. / ENERGY INTELLIGENCE GROUP (UK) LIMITED.",2010,Q1,January,1,1.768002
Asia-Pacific,Australia, ,Mutineer-Exeter,Energy Intelligence,"COPYRIGHT © 2001-2021 ENERGY INTELLIGENCE GROUP, INC. / ENERGY INTELLIGENCE GROUP (UK) LIMITED.",2010,Q1,January,1,1.744739
Asia-Pacific,Australia, ,Laminaria,Energy Intelligence,"COPYRIGHT © 2001-2021 ENERGY INTELLIGENCE GROUP, INC. / ENERGY INTELLIGENCE GROUP (UK) LIMITED.",2010,Q1,January,1,2.453694
Asia-Pacific,Australia, ,Enfield,Energy Intelligence,"COPYRIGHT © 2001-2021 ENERGY INTELLIGENCE GROUP, INC. / ENERGY INTELLIGENCE GROUP (UK) LIMITED.",2010,Q1,January,1,3.99809
Asia-Pacific,Australia, ,Cossack,Energy Intelligence,"COPYRIGHT © 2001-2021 ENERGY INTELLIGENCE GROUP, INC. / ENERGY INTELLIGENCE GROUP (UK) LIMITED.",2010,Q1,January,1,3.573744
Asia-Pacific,Australia, ,Bayu-Undan,Energy Intelligence,"COPYRIGHT © 2001-2021 ENERGY INTELLIGENCE GROUP, INC. / ENERGY INTELLIGENCE GROUP (UK) LIMITED.",2010,Q1,January,1,2.609492
Asia-Pacific,Australia, ,Barrow,Energy Intelligence,"COPYRIGHT © 2001-2021 ENERGY INTELLIGENCE GROUP, INC. / ENERGY INTELLIGENCE GROUP (UK) LIMITED.",2010,Q1,January,1,0.572992
Asia-Pacific,Australia, ,Wandoo,Energy Intelligence,"COPYRIGHT © 2001-2021 ENERGY INTELLIGENCE GROUP, INC. / ENERGY INTELLIGENCE GROUP (UK) LIMITED.",2009,Q1,January,1,5.510554
Asia-Pacific,Australia, ,Vincent,Energy Intelligence,"COPYRIGHT © 2001-2021 ENERGY INTELLIGENCE GROUP, INC. / ENERGY INTELLIGENCE GROUP (UK) LIMITED.",2009,Q1,January,1,3.132165
Asia-Pacific,Australia, ,Stybarrow,Energy Intelligence,"COPYRIGHT © 2001-2021 ENERGY INTELLIGENCE GROUP, INC. / ENERGY INTELLIGENCE GROUP (UK) LIMITED.",2009,Q1,January,1,2.210632
Asia-Pacific,Australia, ,Stag,Energy Intelligence,"COPYRIGHT © 2001-2021 ENERGY INTELLIGENCE GROUP, INC. / ENERGY INTELLIGENCE GROUP (UK) LIMITED.",2009,Q1,January,1,1.559147
Asia-Pacific,Australia, ,Northwest Shelf Condensate,Energy Intelligence,"COPYRIGHT © 2001-2021 ENERGY INTELLIGENCE GROUP, INC. / ENERGY INTELLIGENCE GROUP (UK) LIMITED.",2009,Q1,January,1,1.774551
Asia-Pacific,Australia, ,Laminaria,Energy Intelligence,"COPYRIGHT © 2001-2021 ENERGY INTELLIGENCE GROUP, INC. / ENERGY INTELLIGENCE GROUP (UK) LIMITED.",2009,Q1,January,1,2.191814
Asia-Pacific,Australia, ,Enfield,Energy Intelligence,"COPYRIGHT © 2001-2021 ENERGY INTELLIGENCE GROUP, INC. / ENERGY INTELLIGENCE GROUP (UK) LIMITED.",2009,Q1,January,1,1.698125
Asia-Pacific,Australia, ,Cossack,Energy Intelligence,"COPYRIGHT © 2001-2021 ENERGY INTELLIGENCE GROUP, INC. / ENERGY INTELLIGENCE GROUP (UK) LIMITED.",2009,Q1,January,1,13.498652
Asia-Pacific,Australia, ,Wandoo,Energy Intelligence,"COPYRIGHT © 2001-2021 ENERGY INTELLIGENCE GROUP, INC. / ENERGY INTELLIGENCE GROUP (UK) LIMITED.",2008,Q1,January,1,6.568081
Asia-Pacific,Australia, ,Stybarrow,Energy Intelligence,"COPYRIGHT © 2001-2021 ENERGY INTELLIGENCE GROUP, INC. / ENERGY INTELLIGENCE GROUP (UK) LIMITED.",2008,Q1,January,1,4.07115
Asia-Pacific,Australia, ,Stag,Energy Intelligence,"COPYRIGHT © 2001-2021 ENERGY INTELLIGENCE GROUP, INC. / ENERGY INTELLIGENCE GROUP (UK) LIMITED.",2008,Q1,January,1,3.650645
Asia-Pacific,Australia, ,Northwest Shelf Condensate,Energy Intelligence,"COPYRIGHT © 2001-2021 ENERGY INTELLIGENCE GROUP, INC. / ENERGY INTELLIGENCE GROUP (UK) LIMITED.",2008,Q1,January,1,4.004437
Asia-Pacific,Australia, ,Enfield,Energy Intelligence,"COPYRIGHT © 2001-2021 ENERGY INTELLIGENCE GROUP, INC. / ENERGY INTELLIGENCE GROUP (UK) LIMITED.",2008,Q1,January,1,4.292874
Asia-Pacific,Australia, ,Cossack,Energy Intelligence,"COPYRIGHT © 2001-2021 ENERGY INTELLIGENCE GROUP, INC. / ENERGY INTELLIGENCE GROUP (UK) LIMITED.",2008,Q1,January,1,17.869717
Asia-Pacific,Australia, ,Bayu-Undan,Energy Intelligence,"COPYRIGHT © 2001-2021 ENERGY INTELLIGENCE GROUP, INC. / ENERGY INTELLIGENCE GROUP (UK) LIMITED.",2008,Q1,January,1,8.357443
Asia-Pacific,Australia, ,Woollybutt,Energy Intelligence,"COPYRIGHT © 2001-2021 ENERGY INTELLIGENCE GROUP, INC. / ENERGY INTELLIGENCE GROUP (UK) LIMITED.",2007,Q1,January,1,1.242554
Asia-Pacific,Australia, ,Wandoo,Energy Intelligence,"COPYRIGHT © 2001-2021 ENERGY INTELLIGENCE GROUP, INC. / ENERGY INTELLIGENCE GROUP (UK) LIMITED.",2007,Q1,January,1,7.951893
Asia-Pacific,Australia, ,Stag,Energy Intelligence,"COPYRIGHT © 2001-2021 ENERGY INTELLIGENCE GROUP, INC. / ENERGY INTELLIGENCE GROUP (UK) LIMITED.",2007,Q1,January,1,3.128116
Asia-Pacific,Australia, ,Northwest Shelf Condensate,Energy Intelligence,"COPYRIGHT © 2001-2021 ENERGY INTELLIGENCE GROUP, INC. / ENERGY INTELLIGENCE GROUP (UK) LIMITED.",2007,Q1,January,1,4.154732
Asia-Pacific,Australia, ,Mutineer-Exeter,Energy Intelligence,"COPYRIGHT © 2001-2021 ENERGY INTELLIGENCE GROUP, INC. / ENERGY INTELLIGENCE GROUP (UK) LIMITED.",2007,Q1,January,1,1.649634
Asia-Pacific,Australia, ,Laminaria,Energy Intelligence,"COPYRIGHT © 2001-2021 ENERGY INTELLIGENCE GROUP, INC. / ENERGY INTELLIGENCE GROUP (UK) LIMITED.",2007,Q1,January,1,4.223851
Asia-Pacific,Australia, ,Griffin,Energy Intelligence,"COPYRIGHT © 2001-2021 ENERGY INTELLIGENCE GROUP, INC. / ENERGY INTELLIGENCE GROUP (UK) LIMITED.",2007,Q1,January,1,3.065511
Asia-Pacific,Australia, ,Enfield,Energy Intelligence,"COPYRIGHT © 2001-2021 ENERGY INTELLIGENCE GROUP, INC. / ENERGY INTELLIGENCE GROUP (UK) LIMITED.",2007,Q1,January,1,1.937689
Asia-Pacific,Australia, ,Cossack,Energy Intelligence,"COPYRIGHT © 2001-2021 ENERGY INTELLIGENCE GROUP, INC. / ENERGY INTELLIGENCE GROUP (UK) LIMITED.",2007,Q1,January,1,5.279107
Asia-Pacific,Australia, ,Bayu-Undan,Energy Intelligence,"COPYRIGHT © 2001-2021 ENERGY INTELLIGENCE GROUP, INC. / ENERGY INTELLIGENCE GROUP (UK) LIMITED.",2007,Q1,January,1,7.528287
Asia-Pacific,Australia, ,Woollybutt,Energy Intelligence,"COPYRIGHT © 2001-2021 ENERGY INTELLIGENCE GROUP, INC. / ENERGY INTELLIGENCE GROUP (UK) LIMITED.",2006,Q1,January,1,0.991772
Asia-Pacific,Australia, ,Wandoo,Energy Intelligence,"COPYRIGHT © 2001-2021 ENERGY INTELLIGENCE GROUP, INC. / ENERGY INTELLIGENCE GROUP (UK) LIMITED.",2006,Q1,January,1,6.150253
Asia-Pacific,Australia, ,Stag,Energy Intelligence,"COPYRIGHT © 2001-2021 ENERGY INTELLIGENCE GROUP, INC. / ENERGY INTELLIGENCE GROUP (UK) LIMITED.",2006,Q1,January,1,3.191341
Asia-Pacific,Australia, ,Northwest Shelf Condensate,Energy Intelligence,"COPYRIGHT © 2001-2021 ENERGY INTELLIGENCE GROUP, INC. / ENERGY INTELLIGENCE GROUP (UK) LIMITED.",2006,Q1,January,1,7.790874
Asia-Pacific,Australia, ,Mutineer-Exeter,Energy Intelligence,"COPYRIGHT © 2001-2021 ENERGY INTELLIGENCE GROUP, INC. / ENERGY INTELLIGENCE GROUP (UK) LIMITED.",2006,Q1,January,1,1.747427
Asia-Pacific,Australia, ,Laminaria,Energy Intelligence,"COPYRIGHT © 2001-2021 ENERGY INTELLIGENCE GROUP, INC. / ENERGY INTELLIGENCE GROUP (UK) LIMITED.",2006,Q1,January,1,1.765607
Asia-Pacific,Australia, ,Jabiru,Energy Intelligence,"COPYRIGHT © 2001-2021 ENERGY INTELLIGENCE GROUP, INC. / ENERGY INTELLIGENCE GROUP (UK) LIMITED.",2006,Q1,January,1,1.787285
Asia-Pacific,Australia, ,Griffin,Energy Intelligence,"COPYRIGHT © 2001-2021 ENERGY INTELLIGENCE GROUP, INC. / ENERGY INTELLIGENCE GROUP (UK) LIMITED.",2006,Q1,January,1,1.950234
Asia-Pacific,Australia, ,Enfield,Energy Intelligence,"COPYRIGHT © 2001-2021 ENERGY INTELLIGENCE GROUP, INC. / ENERGY INTELLIGENCE GROUP (UK) LIMITED.",2006,Q1,January,1,2.950674
Asia-Pacific,Australia, ,Cossack,Energy Intelligence,"COPYRIGHT © 2001-2021 ENERGY INTELLIGENCE GROUP, INC. / ENERGY INTELLIGENCE GROUP (UK) LIMITED.",2006,Q1,January,1,1.797194
Asia-Pacific,Australia, ,Besker,Energy Intelligence,"COPYRIGHT © 2001-2021 ENERGY INTELLIGENCE GROUP, INC. / ENERGY INTELLIGENCE GROUP (UK) LIMITED.",2006,Q1,January,1,0.784519
Asia-Pacific,Australia, ,Bayu-Undan,Energy Intelligence,"COPYRIGHT © 2001-2021 ENERGY INTELLIGENCE GROUP, INC. / ENERGY INTELLIGENCE GROUP (UK) LIMITED.",2006,Q1,January,1,2.590967
Asia-Pacific,Brunei, ,Champion,Energy Intelligence,"COPYRIGHT © 2001-2021 ENERGY INTELLIGENCE GROUP, INC. / ENERGY INTELLIGENCE GROUP (UK) LIMITED.",2025,Q1,January,1,3.316224
Asia-Pacific,Brunei, ,Seria Light,Energy Intelligence,"COPYRIGHT © 2001-2021 ENERGY INTELLIGENCE GROUP, INC. / ENERGY INTELLIGENCE GROUP (UK) LIMITED.",2024,Q1,January,1,0.432931
Asia-Pacific,Brunei, ,Champion,Energy Intelligence,"COPYRIGHT © 2001-2021 ENERGY INTELLIGENCE GROUP, INC. / ENERGY INTELLIGENCE GROUP (UK) LIMITED.",2024,Q1,January,1,3.377031
Asia-Pacific,Brunei, ,Seria Light,Energy Intelligence,"COPYRIGHT © 2001-2021 ENERGY INTELLIGENCE GROUP, INC. / ENERGY INTELLIGENCE GROUP (UK) LIMITED.",2023,Q1,January,1,1.357145
Asia-Pacific,Brunei, ,Champion,Energy Intelligence,"COPYRIGHT © 2001-2021 ENERGY INTELLIGENCE GROUP, INC. / ENERGY INTELLIGENCE GROUP (UK) LIMITED.",2023,Q1,January,1,2.831809
Asia-Pacific,Brunei, ,Seria Light,Energy Intelligence,"COPYRIGHT © 2001-2021 ENERGY INTELLIGENCE GROUP, INC. / ENERGY INTELLIGENCE GROUP (UK) LIMITED.",2022,Q1,January,1,0.865169
Asia-Pacific,Brunei, ,Champion,Energy Intelligence,"COPYRIGHT © 2001-2021 ENERGY INTELLIGENCE GROUP, INC. / ENERGY INTELLIGENCE GROUP (UK) LIMITED.",2022,Q1,January,1,1.917392
Asia-Pacific,Brunei, ,Champion,Energy Intelligence,"COPYRIGHT © 2001-2021 ENERGY INTELLIGENCE GROUP, INC. / ENERGY INTELLIGENCE GROUP (UK) LIMITED.",2021,Q1,January,1,3.1407
Asia-Pacific,Brunei, ,Champion,Energy Intelligence,"COPYRIGHT © 2001-2021 ENERGY INTELLIGENCE GROUP, INC. / ENERGY INTELLIGENCE GROUP (UK) LIMITED.",2020,Q1,January,1,1.910617
Asia-Pacific,Brunei, ,Seria Light,Energy Intelligence,"COPYRIGHT © 2001-2021 ENERGY INTELLIGENCE GROUP, INC. / ENERGY INTELLIGENCE GROUP (UK) LIMITED.",2019,Q1,January,1,1.640434
Asia-Pacific,Brunei, ,Champion,Energy Intelligence,"COPYRIGHT © 2001-2021 ENERGY INTELLIGENCE GROUP, INC. / ENERGY INTELLIGENCE GROUP (UK) LIMITED.",2019,Q1,January,1,4.708345
Asia-Pacific,Brunei, ,Champion,Energy Intelligence,"COPYRIGHT © 2001-2021 ENERGY INTELLIGENCE GROUP, INC. / ENERGY INTELLIGENCE GROUP (UK) LIMITED.",2018,Q1,January,1,2.249357
Asia-Pacific,Brunei, ,Champion,Energy Intelligence,"COPYRIGHT © 2001-2021 ENERGY INTELLIGENCE GROUP, INC. / ENERGY INTELLIGENCE GROUP (UK) LIMITED.",2017,Q1,January,1,1.575072
Asia-Pacific,Brunei, ,Seria Light,Energy Intelligence,"COPYRIGHT © 2001-2021 ENERGY INTELLIGENCE GROUP, INC. / ENERGY INTELLIGENCE GROUP (UK) LIMITED.",2016,Q1,January,1,1.803577
Asia-Pacific,Brunei, ,Champion,Energy Intelligence,"COPYRIGHT © 2001-2021 ENERGY INTELLIGENCE GROUP, INC. / ENERGY INTELLIGENCE GROUP (UK) LIMITED.",2016,Q1,January,1,3.659106
Asia-Pacific,Brunei, ,Champion,Energy Intelligence,"COPYRIGHT © 2001-2021 ENERGY INTELLIGENCE GROUP, INC. / ENERGY INTELLIGENCE GROUP (UK) LIMITED.",2015,Q1,January,1,2.428246
Asia-Pacific,Brunei, ,Seria Light,Energy Intelligence,"COPYRIGHT © 2001-2021 ENERGY INTELLIGENCE GROUP, INC. / ENERGY INTELLIGENCE GROUP (UK) LIMITED.",2014,Q1,January,1,0.278285
Asia-Pacific,Brunei, ,Champion,Energy Intelligence,"COPYRIGHT © 2001-2021 ENERGY INTELLIGENCE GROUP, INC. / ENERGY INTELLIGENCE GROUP (UK) LIMITED.",2014,Q1,January,1,3.737801
Asia-Pacific,Brunei, ,Seria Light,Energy Intelligence,"COPYRIGHT © 2001-2021 ENERGY INTELLIGENCE GROUP, INC. / ENERGY INTELLIGENCE GROUP (UK) LIMITED.",2013,Q1,January,1,2.352871
Asia-Pacific,Brunei, ,Champion,Energy Intelligence,"COPYRIGHT © 2001-2021 ENERGY INTELLIGENCE GROUP, INC. / ENERGY INTELLIGENCE GROUP (UK) LIMITED.",2013,Q1,January,1,6.675522
Asia-Pacific,Brunei, ,Seria Light,Energy Intelligence,"COPYRIGHT © 2001-2021 ENERGY INTELLIGENCE GROUP, INC. / ENERGY INTELLIGENCE GROUP (UK) LIMITED.",2012,Q1,January,1,7.479482
Asia-Pacific,Brunei, ,Champion,Energy Intelligence,"COPYRIGHT © 2001-2021 ENERGY INTELLIGENCE GROUP, INC. / ENERGY INTELLIGENCE GROUP (UK) LIMITED.",2012,Q1,January,1,5.591796
Asia-Pacific,Brunei, ,Seria Light,Energy Intelligence,"COPYRIGHT © 2001-2021 ENERGY INTELLIGENCE GROUP, INC. / ENERGY INTELLIGENCE GROUP (UK) LIMITED.",2011,Q1,January,1,8.176154
Asia-Pacific,Brunei, ,Champion,Energy Intelligence,"COPYRIGHT © 2001-2021 ENERGY INTELLIGENCE GROUP, INC. / ENERGY INTELLIGENCE GROUP (UK) LIMITED.",2011,Q1,January,1,3.684306
Asia-Pacific,Brunei, ,Seria Light,Energy Intelligence,"COPYRIGHT © 2001-2021 ENERGY INTELLIGENCE GROUP, INC. / ENERGY INTELLIGENCE GROUP (UK) LIMITED.",2010,Q1,January,1,10.455336
Asia-Pacific,Brunei, ,Champion,Energy Intelligence,"COPYRIGHT © 2001-2021 ENERGY INTELLIGENCE GROUP, INC. / ENERGY INTELLIGENCE GROUP (UK) LIMITED.",2010,Q1,January,1,2.318248
Asia-Pacific,Brunei, ,Seria Light,Energy Intelligence,"COPYRIGHT © 2001-2021 ENERGY INTELLIGENCE GROUP, INC. / ENERGY INTELLIGENCE GROUP (UK) LIMITED.",2009,Q1,January,1,3.358374
Asia-Pacific,Brunei, ,Seria Light,Energy Intelligence,"COPYRIGHT © 2001-2021 ENERGY INTELLIGENCE GROUP, INC. / ENERGY INTELLIGENCE GROUP (UK) LIMITED.",2008,Q1,January,1,8.362169
Asia-Pacific,Brunei, ,Seria Light,Energy Intelligence,"COPYRIGHT © 2001-2021 ENERGY INTELLIGENCE GROUP, INC. / ENERGY INTELLIGENCE GROUP (UK) LIMITED.",2007,Q1,January,1,15.501893
Asia-Pacific,Brunei, ,Seria Light,Energy Intelligence,"COPYRIGHT © 2001-2021 ENERGY INTELLIGENCE GROUP, INC. / ENERGY INTELLIGENCE GROUP (UK) LIMITED.",2006,Q1,January,1,14.071851
Asia-Pacific,China, ,Panyu,Energy Intelligence,"COPYRIGHT © 2001-2021 ENERGY INTELLIGENCE GROUP, INC. / ENERGY INTELLIGENCE GROUP (UK) LIMITED.",2012,Q1,January,1,1.138949
Asia-Pacific,China, ,Panyu,Energy Intelligence,"COPYRIGHT © 2001-2021 ENERGY INTELLIGENCE GROUP, INC. / ENERGY INTELLIGENCE GROUP (UK) LIMITED.",2011,Q1,January,1,1.143279
Asia-Pacific,China, ,Xinjiang,Energy Intelligence,"COPYRIGHT © 2001-2021 ENERGY INTELLIGENCE GROUP, INC. / ENERGY INTELLIGENCE GROUP (UK) LIMITED.",2010,Q1,January,1,2.803424
Asia-Pacific,China, ,Peng Lai,Energy Intelligence,"COPYRIGHT © 2001-2021 ENERGY INTELLIGENCE GROUP, INC. / ENERGY INTELLIGENCE GROUP (UK) LIMITED.",2010,Q1,January,1,0.686553
Asia-Pacific,China, ,Xinjiang,Energy Intelligence,"COPYRIGHT © 2001-2021 ENERGY INTELLIGENCE GROUP, INC. / ENERGY INTELLIGENCE GROUP (UK) LIMITED.",2009,Q1,January,1,3.880652
Asia-Pacific,China, ,Nanhai Light,Energy Intelligence,"COPYRIGHT © 2001-2021 ENERGY INTELLIGENCE GROUP, INC. / ENERGY INTELLIGENCE GROUP (UK) LIMITED.",2009,Q1,January,1,1.279087
Asia-Pacific,China, ,Xinjiang,Energy Intelligence,"COPYRIGHT © 2001-2021 ENERGY INTELLIGENCE GROUP, INC. / ENERGY INTELLIGENCE GROUP (UK) LIMITED.",2008,Q1,January,1,1.672967
Asia-Pacific,China, ,Peng Lai,Energy Intelligence,"COPYRIGHT © 2001-2021 ENERGY INTELLIGENCE GROUP, INC. / ENERGY INTELLIGENCE GROUP (UK) LIMITED.",2008,Q1,January,1,1.120736
Asia-Pacific,China, ,Panyu,Energy Intelligence,"COPYRIGHT © 2001-2021 ENERGY INTELLIGENCE GROUP, INC. / ENERGY INTELLIGENCE GROUP (UK) LIMITED.",2008,Q1,January,1,2.429255
Asia-Pacific,China, ,Nanhai Light,Energy Intelligence,"COPYRIGHT © 2001-2021 ENERGY INTELLIGENCE GROUP, INC. / ENERGY INTELLIGENCE GROUP (UK) LIMITED.",2008,Q1,January,1,2.42599
Asia-Pacific,China, ,Caofeidian,Energy Intelligence,"COPYRIGHT © 2001-2021 ENERGY INTELLIGENCE GROUP, INC. / ENERGY INTELLIGENCE GROUP (UK) LIMITED.",2008,Q1,January,1,1.532529
Asia-Pacific,China, ,Xinjiang,Energy Intelligence,"COPYRIGHT © 2001-2021 ENERGY INTELLIGENCE GROUP, INC. / ENERGY INTELLIGENCE GROUP (UK) LIMITED.",2007,Q1,January,1,1.088084
Asia-Pacific,China, ,Panyu,Energy Intelligence,"COPYRIGHT © 2001-2021 ENERGY INTELLIGENCE GROUP, INC. / ENERGY INTELLIGENCE GROUP (UK) LIMITED.",2007,Q1,January,1,2.527896
Asia-Pacific,China, ,Caofeidian,Energy Intelligence,"COPYRIGHT © 2001-2021 ENERGY INTELLIGENCE GROUP, INC. / ENERGY INTELLIGENCE GROUP (UK) LIMITED.",2007,Q1,January,1,0.789792
Asia-Pacific,China, ,Xinjiang,Energy Intelligence,"COPYRIGHT © 2001-2021 ENERGY INTELLIGENCE GROUP, INC. / ENERGY INTELLIGENCE GROUP (UK) LIMITED.",2006,Q1,January,1,5.219638
Asia-Pacific,China, ,Qinghuangdao,Energy Intelligence,"COPYRIGHT © 2001-2021 ENERGY INTELLIGENCE GROUP, INC. / ENERGY INTELLIGENCE GROUP (UK) LIMITED.",2006,Q1,January,1,0.532083
Asia-Pacific,China, ,Peng Lai,Energy Intelligence,"COPYRIGHT © 2001-2021 ENERGY INTELLIGENCE GROUP, INC. / ENERGY INTELLIGENCE GROUP (UK) LIMITED.",2006,Q1,January,1,0.628325
Asia-Pacific,China, ,Panyu,Energy Intelligence,"COPYRIGHT © 2001-2021 ENERGY INTELLIGENCE GROUP, INC. / ENERGY INTELLIGENCE GROUP (UK) LIMITED.",2006,Q1,January,1,2.709232
Asia-Pacific,China, ,Nanhai Light,Energy Intelligence,"COPYRIGHT © 2001-2021 ENERGY INTELLIGENCE GROUP, INC. / ENERGY INTELLIGENCE GROUP (UK) LIMITED.",2006,Q1,January,1,1.301868
Asia-Pacific,China, ,Nanhai Blend,Energy Intelligence,"COPYRIGHT © 2001-2021 ENERGY INTELLIGENCE GROUP, INC. / ENERGY INTELLIGENCE GROUP (UK) LIMITED.",2006,Q1,January,1,1.360544
Asia-Pacific,China, ,Lufeng,Energy Intelligence,"COPYRIGHT © 2001-2021 ENERGY INTELLIGENCE GROUP, INC. / ENERGY INTELLIGENCE GROUP (UK) LIMITED.",2006,Q1,January,1,4.28973
Asia-Pacific,China, ,Caofeidian,Energy Intelligence,"COPYRIGHT © 2001-2021 ENERGY INTELLIGENCE GROUP, INC. / ENERGY INTELLIGENCE GROUP (UK) LIMITED.",2006,Q1,January,1,1.605243
Asia-Pacific,Indonesia, ,Lalang,Energy Intelligence,"COPYRIGHT © 2001-2021 ENERGY INTELLIGENCE GROUP, INC. / ENERGY INTELLIGENCE GROUP (UK) LIMITED.",2024,Q1,January,1,0.75773
Asia-Pacific,Indonesia, ,Ketapang,Energy Intelligence,"COPYRIGHT © 2001-2021 ENERGY INTELLIGENCE GROUP, INC. / ENERGY INTELLIGENCE GROUP (UK) LIMITED.",2024,Q1,January,1,3.593964
Asia-Pacific,Indonesia, ,Lalang,Energy Intelligence,"COPYRIGHT © 2001-2021 ENERGY INTELLIGENCE GROUP, INC. / ENERGY INTELLIGENCE GROUP (UK) LIMITED.",2023,Q1,January,1,2.880914
Asia-Pacific,Indonesia, ,Ketapang,Energy Intelligence,"COPYRIGHT © 2001-2021 ENERGY INTELLIGENCE GROUP, INC. / ENERGY INTELLIGENCE GROUP (UK) LIMITED.",2023,Q1,January,1,1.593161
Asia-Pacific,Indonesia, ,Lalang,Energy Intelligence,"COPYRIGHT © 2001-2021 ENERGY INTELLIGENCE GROUP, INC. / ENERGY INTELLIGENCE GROUP (UK) LIMITED.",2022,Q1,January,1,0.663785
Asia-Pacific,Indonesia, ,Sumatra Light,Energy Intelligence,"COPYRIGHT © 2001-2021 ENERGY INTELLIGENCE GROUP, INC. / ENERGY INTELLIGENCE GROUP (UK) LIMITED.",2021,Q1,January,1,0.717728
Asia-Pacific,Indonesia, ,Lalang,Energy Intelligence,"COPYRIGHT © 2001-2021 ENERGY INTELLIGENCE GROUP, INC. / ENERGY INTELLIGENCE GROUP (UK) LIMITED.",2021,Q1,January,1,0.942347
Asia-Pacific,Indonesia, ,Ketapang,Energy Intelligence,"COPYRIGHT © 2001-2021 ENERGY INTELLIGENCE GROUP, INC. / ENERGY INTELLIGENCE GROUP (UK) LIMITED.",2021,Q1,January,1,0.72713
Asia-Pacific,Indonesia, ,Duri,Energy Intelligence,"COPYRIGHT © 2001-2021 ENERGY INTELLIGENCE GROUP, INC. / ENERGY INTELLIGENCE GROUP (UK) LIMITED.",2021,Q1,January,1,0.627361
Asia-Pacific,Indonesia, ,Sumatra Light,Energy Intelligence,"COPYRIGHT © 2001-2021 ENERGY INTELLIGENCE GROUP, INC. / ENERGY INTELLIGENCE GROUP (UK) LIMITED.",2019,Q1,January,1,0.494534
Asia-Pacific,Indonesia, ,Ketapang,Energy Intelligence,"COPYRIGHT © 2001-2021 ENERGY INTELLIGENCE GROUP, INC. / ENERGY INTELLIGENCE GROUP (UK) LIMITED.",2019,Q1,January,1,1.151018
Asia-Pacific,Indonesia, ,Kaji Semoga,Energy Intelligence,"COPYRIGHT © 2001-2021 ENERGY INTELLIGENCE GROUP, INC. / ENERGY INTELLIGENCE GROUP (UK) LIMITED.",2019,Q1,January,1,0.438098
Asia-Pacific,Indonesia, ,Sumatra Light,Energy Intelligence,"COPYRIGHT © 2001-2021 ENERGY INTELLIGENCE GROUP, INC. / ENERGY INTELLIGENCE GROUP (UK) LIMITED.",2018,Q1,January,1,11.355571
Asia-Pacific,Indonesia, ,Ketapang,Energy Intelligence,"COPYRIGHT © 2001-2021 ENERGY INTELLIGENCE GROUP, INC. / ENERGY INTELLIGENCE GROUP (UK) LIMITED.",2018,Q1,January,1,6.036288
Asia-Pacific,Indonesia, ,Kaji Semoga,Energy Intelligence,"COPYRIGHT © 2001-2021 ENERGY INTELLIGENCE GROUP, INC. / ENERGY INTELLIGENCE GROUP (UK) LIMITED.",2018,Q1,January,1,1.535317
Asia-Pacific,Indonesia, ,Duri,Energy Intelligence,"COPYRIGHT © 2001-2021 ENERGY INTELLIGENCE GROUP, INC. / ENERGY INTELLIGENCE GROUP (UK) LIMITED.",2018,Q1,January,1,6.146523
Asia-Pacific,Indonesia, ,Sumatra Light,Energy Intelligence,"COPYRIGHT © 2001-2021 ENERGY INTELLIGENCE GROUP, INC. / ENERGY INTELLIGENCE GROUP (UK) LIMITED.",2017,Q1,January,1,16.952365
Asia-Pacific,Indonesia, ,Senipah Condensate,Energy Intelligence,"COPYRIGHT © 2001-2021 ENERGY INTELLIGENCE GROUP, INC. / ENERGY INTELLIGENCE GROUP (UK) LIMITED.",2017,Q1,January,1,0.519521
Asia-Pacific,Indonesia, ,Ketapang,Energy Intelligence,"COPYRIGHT © 2001-2021 ENERGY INTELLIGENCE GROUP, INC. / ENERGY INTELLIGENCE GROUP (UK) LIMITED.",2017,Q1,January,1,7.698762
Asia-Pacific,Indonesia, ,Kaji Semoga,Energy Intelligence,"COPYRIGHT © 2001-2021 ENERGY INTELLIGENCE GROUP, INC. / ENERGY INTELLIGENCE GROUP (UK) LIMITED.",2017,Q1,January,1,1.171886
Asia-Pacific,Indonesia, ,Handil Mix,Energy Intelligence,"COPYRIGHT © 2001-2021 ENERGY INTELLIGENCE GROUP, INC. / ENERGY INTELLIGENCE GROUP (UK) LIMITED.",2017,Q1,January,1,2.225576
Asia-Pacific,Indonesia, ,Duri,Energy Intelligence,"COPYRIGHT © 2001-2021 ENERGY INTELLIGENCE GROUP, INC. / ENERGY INTELLIGENCE GROUP (UK) LIMITED.",2017,Q1,January,1,8.042616
Asia-Pacific,Indonesia, ,Bekapai,Energy Intelligence,"COPYRIGHT © 2001-2021 ENERGY INTELLIGENCE GROUP, INC. / ENERGY INTELLIGENCE GROUP (UK) LIMITED.",2017,Q1,January,1,1.097305
Asia-Pacific,Indonesia, ,Banyu Urip,Energy Intelligence,"COPYRIGHT © 2001-2021 ENERGY INTELLIGENCE GROUP, INC. / ENERGY INTELLIGENCE GROUP (UK) LIMITED.",2017,Q1,January,1,0.814143
Asia-Pacific,Indonesia, ,Widuri,Energy Intelligence,"COPYRIGHT © 2001-2021 ENERGY INTELLIGENCE GROUP, INC. / ENERGY INTELLIGENCE GROUP (UK) LIMITED.",2016,Q1,January,1,0.915064
Asia-Pacific,Indonesia, ,Tangguh Condensate,Energy Intelligence,"COPYRIGHT © 2001-2021 ENERGY INTELLIGENCE GROUP, INC. / ENERGY INTELLIGENCE GROUP (UK) LIMITED.",2016,Q1,January,1,0.230729
Asia-Pacific,Indonesia, ,Sumatra Light,Energy Intelligence,"COPYRIGHT © 2001-2021 ENERGY INTELLIGENCE GROUP, INC. / ENERGY INTELLIGENCE GROUP (UK) LIMITED.",2016,Q1,January,1,22.828041
Asia-Pacific,Indonesia, ,Senoro Condensate,Energy Intelligence,"COPYRIGHT © 2001-2021 ENERGY INTELLIGENCE GROUP, INC. / ENERGY INTELLIGENCE GROUP (UK) LIMITED.",2016,Q1,January,1,0.621471
Asia-Pacific,Indonesia, ,Senipah Condensate,Energy Intelligence,"COPYRIGHT © 2001-2021 ENERGY INTELLIGENCE GROUP, INC. / ENERGY INTELLIGENCE GROUP (UK) LIMITED.",2016,Q1,January,1,2.412623
Asia-Pacific,Indonesia, ,Ketapang,Energy Intelligence,"COPYRIGHT © 2001-2021 ENERGY INTELLIGENCE GROUP, INC. / ENERGY INTELLIGENCE GROUP (UK) LIMITED.",2016,Q1,January,1,1.367845
Asia-Pacific,Indonesia, ,Kaji Semoga,Energy Intelligence,"COPYRIGHT © 2001-2021 ENERGY INTELLIGENCE GROUP, INC. / ENERGY INTELLIGENCE GROUP (UK) LIMITED.",2016,Q1,January,1,1.835868
Asia-Pacific,Indonesia, ,Handil Mix,Energy Intelligence,"COPYRIGHT © 2001-2021 ENERGY INTELLIGENCE GROUP, INC. / ENERGY INTELLIGENCE GROUP (UK) LIMITED.",2016,Q1,January,1,2.238124
Asia-Pacific,Indonesia, ,Duri,Energy Intelligence,"COPYRIGHT © 2001-2021 ENERGY INTELLIGENCE GROUP, INC. / ENERGY INTELLIGENCE GROUP (UK) LIMITED.",2016,Q1,January,1,20.595467
Asia-Pacific,Indonesia, ,Cinta,Energy Intelligence,"COPYRIGHT © 2001-2021 ENERGY INTELLIGENCE GROUP, INC. / ENERGY INTELLIGENCE GROUP (UK) LIMITED.",2016,Q1,January,1,0.666256
Asia-Pacific,Indonesia, ,Bekapai,Energy Intelligence,"COPYRIGHT © 2001-2021 ENERGY INTELLIGENCE GROUP, INC. / ENERGY INTELLIGENCE GROUP (UK) LIMITED.",2016,Q1,January,1,1.111475
Asia-Pacific,Indonesia, ,Banyu Urip,Energy Intelligence,"COPYRIGHT © 2001-2021 ENERGY INTELLIGENCE GROUP, INC. / ENERGY INTELLIGENCE GROUP (UK) LIMITED.",2016,Q1,January,1,0.980145
Asia-Pacific,Indonesia, ,Widuri,Energy Intelligence,"COPYRIGHT © 2001-2021 ENERGY INTELLIGENCE GROUP, INC. / ENERGY INTELLIGENCE GROUP (UK) LIMITED.",2015,Q1,January,1,2.56433
Asia-Pacific,Indonesia, ,Sumatra Light,Energy Intelligence,"COPYRIGHT © 2001-2021 ENERGY INTELLIGENCE GROUP, INC. / ENERGY INTELLIGENCE GROUP (UK) LIMITED.",2015,Q1,January,1,32.346322
Asia-Pacific,Indonesia, ,Senipah Condensate,Energy Intelligence,"COPYRIGHT © 2001-2021 ENERGY INTELLIGENCE GROUP, INC. / ENERGY INTELLIGENCE GROUP (UK) LIMITED.",2015,Q1,January,1,1.51836
Asia-Pacific,Indonesia, ,Minas,Energy Intelligence,"COPYRIGHT © 2001-2021 ENERGY INTELLIGENCE GROUP, INC. / ENERGY INTELLIGENCE GROUP (UK) LIMITED.",2015,Q1,January,1,0.547834
Asia-Pacific,Indonesia, ,Kaji Semoga,Energy Intelligence,"COPYRIGHT © 2001-2021 ENERGY INTELLIGENCE GROUP, INC. / ENERGY INTELLIGENCE GROUP (UK) LIMITED.",2015,Q1,January,1,3.998768
Asia-Pacific,Indonesia, ,Handil Mix,Energy Intelligence,"COPYRIGHT © 2001-2021 ENERGY INTELLIGENCE GROUP, INC. / ENERGY INTELLIGENCE GROUP (UK) LIMITED.",2015,Q1,January,1,2.521766
Asia-Pacific,Indonesia, ,Duri,Energy Intelligence,"COPYRIGHT © 2001-2021 ENERGY INTELLIGENCE GROUP, INC. / ENERGY INTELLIGENCE GROUP (UK) LIMITED.",2015,Q1,January,1,28.371592
Asia-Pacific,Indonesia, ,Cinta,Energy Intelligence,"COPYRIGHT © 2001-2021 ENERGY INTELLIGENCE GROUP, INC. / ENERGY INTELLIGENCE GROUP (UK) LIMITED.",2015,Q1,January,1,1.221877
Asia-Pacific,Indonesia, ,Bekapai,Energy Intelligence,"COPYRIGHT © 2001-2021 ENERGY INTELLIGENCE GROUP, INC. / ENERGY INTELLIGENCE GROUP (UK) LIMITED.",2015,Q1,January,1,1.848532
Asia-Pacific,Indonesia, ,Widuri,Energy Intelligence,"COPYRIGHT © 2001-2021 ENERGY INTELLIGENCE GROUP, INC. / ENERGY INTELLIGENCE GROUP (UK) LIMITED.",2014,Q1,January,1,3.65207
Asia-Pacific,Indonesia, ,Sumatra Light,Energy Intelligence,"COPYRIGHT © 2001-2021 ENERGY INTELLIGENCE GROUP, INC. / ENERGY INTELLIGENCE GROUP (UK) LIMITED.",2014,Q1,January,1,41.476334
Asia-Pacific,Indonesia, ,Senipah Condensate,Energy Intelligence,"COPYRIGHT © 2001-2021 ENERGY INTELLIGENCE GROUP, INC. / ENERGY INTELLIGENCE GROUP (UK) LIMITED.",2014,Q1,January,1,1.566163
Asia-Pacific,Indonesia, ,Oyong,Energy Intelligence,"COPYRIGHT © 2001-2021 ENERGY INTELLIGENCE GROUP, INC. / ENERGY INTELLIGENCE GROUP (UK) LIMITED.",2014,Q1,January,1,0.553072
Asia-Pacific,Indonesia, ,Minas,Energy Intelligence,"COPYRIGHT © 2001-2021 ENERGY INTELLIGENCE GROUP, INC. / ENERGY INTELLIGENCE GROUP (UK) LIMITED.",2014,Q1,January,1,3.243302
Asia-Pacific,Indonesia, ,Lalang,Energy Intelligence,"COPYRIGHT © 2001-2021 ENERGY INTELLIGENCE GROUP, INC. / ENERGY INTELLIGENCE GROUP (UK) LIMITED.",2014,Q1,January,1,1.397751
Asia-Pacific,Indonesia, ,Kaji Semoga,Energy Intelligence,"COPYRIGHT © 2001-2021 ENERGY INTELLIGENCE GROUP, INC. / ENERGY INTELLIGENCE GROUP (UK) LIMITED.",2014,Q1,January,1,3.170547
Asia-Pacific,Indonesia, ,Handil Mix,Energy Intelligence,"COPYRIGHT © 2001-2021 ENERGY INTELLIGENCE GROUP, INC. / ENERGY INTELLIGENCE GROUP (UK) LIMITED.",2014,Q1,January,1,1.296063
Asia-Pacific,Indonesia, ,Duri,Energy Intelligence,"COPYRIGHT © 2001-2021 ENERGY INTELLIGENCE GROUP, INC. / ENERGY INTELLIGENCE GROUP (UK) LIMITED.",2014,Q1,January,1,26.261559
Asia-Pacific,Indonesia, ,Cinta,Energy Intelligence,"COPYRIGHT © 2001-2021 ENERGY INTELLIGENCE GROUP, INC. / ENERGY INTELLIGENCE GROUP (UK) LIMITED.",2014,Q1,January,1,6.979776
Asia-Pacific,Indonesia, ,Cilacap Refinery,Energy Intelligence,"COPYRIGHT © 2001-2021 ENERGY INTELLIGENCE GROUP, INC. / ENERGY INTELLIGENCE GROUP (UK) LIMITED.",2014,Q1,January,1,1.088637
Asia-Pacific,Indonesia, ,Belida,Energy Intelligence,"COPYRIGHT © 2001-2021 ENERGY INTELLIGENCE GROUP, INC. / ENERGY INTELLIGENCE GROUP (UK) LIMITED.",2014,Q1,January,1,1.369386
Asia-Pacific,Indonesia, ,Bekapai,Energy Intelligence,"COPYRIGHT © 2001-2021 ENERGY INTELLIGENCE GROUP, INC. / ENERGY INTELLIGENCE GROUP (UK) LIMITED.",2014,Q1,January,1,0.854673
Asia-Pacific,Indonesia, ,Attaka,Energy Intelligence,"COPYRIGHT © 2001-2021 ENERGY INTELLIGENCE GROUP, INC. / ENERGY INTELLIGENCE GROUP (UK) LIMITED.",2014,Q1,January,1,0.820312
Asia-Pacific,Indonesia, ,Widuri,Energy Intelligence,"COPYRIGHT © 2001-2021 ENERGY INTELLIGENCE GROUP, INC. / ENERGY INTELLIGENCE GROUP (UK) LIMITED.",2013,Q1,January,1,4.966761
Asia-Pacific,Indonesia, ,Tangguh Condensate,Energy Intelligence,"COPYRIGHT © 2001-2021 ENERGY INTELLIGENCE GROUP, INC. / ENERGY INTELLIGENCE GROUP (UK) LIMITED.",2013,Q1,January,1,0.233567
Asia-Pacific,Indonesia, ,Sumatra Light,Energy Intelligence,"COPYRIGHT © 2001-2021 ENERGY INTELLIGENCE GROUP, INC. / ENERGY INTELLIGENCE GROUP (UK) LIMITED.",2013,Q1,January,1,46.633892
Asia-Pacific,Indonesia, ,Senipah Condensate,Energy Intelligence,"COPYRIGHT © 2001-2021 ENERGY INTELLIGENCE GROUP, INC. / ENERGY INTELLIGENCE GROUP (UK) LIMITED.",2013,Q1,January,1,2.584836
Asia-Pacific,Indonesia, ,Minas,Energy Intelligence,"COPYRIGHT © 2001-2021 ENERGY INTELLIGENCE GROUP, INC. / ENERGY INTELLIGENCE GROUP (UK) LIMITED.",2013,Q1,January,1,5.691055
Asia-Pacific,Indonesia, ,Madura,Energy Intelligence,"COPYRIGHT © 2001-2021 ENERGY INTELLIGENCE GROUP, INC. / ENERGY INTELLIGENCE GROUP (UK) LIMITED.",2013,Q1,January,1,0.522399
Asia-Pacific,Indonesia, ,Lalang,Energy Intelligence,"COPYRIGHT © 2001-2021 ENERGY INTELLIGENCE GROUP, INC. / ENERGY INTELLIGENCE GROUP (UK) LIMITED.",2013,Q1,January,1,1.507452
Asia-Pacific,Indonesia, ,Kaji Semoga,Energy Intelligence,"COPYRIGHT © 2001-2021 ENERGY INTELLIGENCE GROUP, INC. / ENERGY INTELLIGENCE GROUP (UK) LIMITED.",2013,Q1,January,1,7.625679
Asia-Pacific,Indonesia, ,Handil Mix,Energy Intelligence,"COPYRIGHT © 2001-2021 ENERGY INTELLIGENCE GROUP, INC. / ENERGY INTELLIGENCE GROUP (UK) LIMITED.",2013,Q1,January,1,3.337511
Asia-Pacific,Indonesia, ,Duri,Energy Intelligence,"COPYRIGHT © 2001-2021 ENERGY INTELLIGENCE GROUP, INC. / ENERGY INTELLIGENCE GROUP (UK) LIMITED.",2013,Q1,January,1,40.285182
Asia-Pacific,Indonesia, ,Cinta,Energy Intelligence,"COPYRIGHT © 2001-2021 ENERGY INTELLIGENCE GROUP, INC. / ENERGY INTELLIGENCE GROUP (UK) LIMITED.",2013,Q1,January,1,5.034553
Asia-Pacific,Indonesia, ,Cilacap Refinery,Energy Intelligence,"COPYRIGHT © 2001-2021 ENERGY INTELLIGENCE GROUP, INC. / ENERGY INTELLIGENCE GROUP (UK) LIMITED.",2013,Q1,January,1,0.574303
Asia-Pacific,Indonesia, ,Belida,Energy Intelligence,"COPYRIGHT © 2001-2021 ENERGY INTELLIGENCE GROUP, INC. / ENERGY INTELLIGENCE GROUP (UK) LIMITED.",2013,Q1,January,1,0.559259
Asia-Pacific,Indonesia, ,Bekapai,Energy Intelligence,"COPYRIGHT © 2001-2021 ENERGY INTELLIGENCE GROUP, INC. / ENERGY INTELLIGENCE GROUP (UK) LIMITED.",2013,Q1,January,1,0.93358
Asia-Pacific,Indonesia, ,Badak,Energy Intelligence,"COPYRIGHT © 2001-2021 ENERGY INTELLIGENCE GROUP, INC. / ENERGY INTELLIGENCE GROUP (UK) LIMITED.",2013,Q1,January,1,0.409872
Asia-Pacific,Indonesia, ,Attaka,Energy Intelligence,"COPYRIGHT © 2001-2021 ENERGY INTELLIGENCE GROUP, INC. / ENERGY INTELLIGENCE GROUP (UK) LIMITED.",2013,Q1,January,1,2.252166
Asia-Pacific,Indonesia, ,Ardjuna,Energy Intelligence,"COPYRIGHT © 2001-2021 ENERGY INTELLIGENCE GROUP, INC. / ENERGY INTELLIGENCE GROUP (UK) LIMITED.",2013,Q1,January,1,0.952622
Asia-Pacific,Indonesia, ,Widuri,Energy Intelligence,"COPYRIGHT © 2001-2021 ENERGY INTELLIGENCE GROUP, INC. / ENERGY INTELLIGENCE GROUP (UK) LIMITED.",2012,Q1,January,1,4.415765
Asia-Pacific,Indonesia, ,Tangguh Condensate,Energy Intelligence,"COPYRIGHT © 2001-2021 ENERGY INTELLIGENCE GROUP, INC. / ENERGY INTELLIGENCE GROUP (UK) LIMITED.",2012,Q1,January,1,1.130202
Asia-Pacific,Indonesia, ,Sumatra Light,Energy Intelligence,"COPYRIGHT © 2001-2021 ENERGY INTELLIGENCE GROUP, INC. / ENERGY INTELLIGENCE GROUP (UK) LIMITED.",2012,Q1,January,1,57.937605
Asia-Pacific,Indonesia, ,Senipah Condensate,Energy Intelligence,"COPYRIGHT © 2001-2021 ENERGY INTELLIGENCE GROUP, INC. / ENERGY INTELLIGENCE GROUP (UK) LIMITED.",2012,Q1,January,1,4.206533
Asia-Pacific,Indonesia, ,Minas,Energy Intelligence,"COPYRIGHT © 2001-2021 ENERGY INTELLIGENCE GROUP, INC. / ENERGY INTELLIGENCE GROUP (UK) LIMITED.",2012,Q1,January,1,5.405179
Asia-Pacific,Indonesia, ,Madura,Energy Intelligence,"COPYRIGHT © 2001-2021 ENERGY INTELLIGENCE GROUP, INC. / ENERGY INTELLIGENCE GROUP (UK) LIMITED.",2012,Q1,January,1,1.112245
Asia-Pacific,Indonesia, ,Lalang,Energy Intelligence,"COPYRIGHT © 2001-2021 ENERGY INTELLIGENCE GROUP, INC. / ENERGY INTELLIGENCE GROUP (UK) LIMITED.",2012,Q1,January,1,2.16579
Asia-Pacific,Indonesia, ,Kaji Semoga,Energy Intelligence,"COPYRIGHT © 2001-2021 ENERGY INTELLIGENCE GROUP, INC. / ENERGY INTELLIGENCE GROUP (UK) LIMITED.",2012,Q1,January,1,7.948448
Asia-Pacific,Indonesia, ,Handil Mix,Energy Intelligence,"COPYRIGHT © 2001-2021 ENERGY INTELLIGENCE GROUP, INC. / ENERGY INTELLIGENCE GROUP (UK) LIMITED.",2012,Q1,January,1,3.806887
Asia-Pacific,Indonesia, ,Geragai Mix,Energy Intelligence,"COPYRIGHT © 2001-2021 ENERGY INTELLIGENCE GROUP, INC. / ENERGY INTELLIGENCE GROUP (UK) LIMITED.",2012,Q1,January,1,0.822404
Asia-Pacific,Indonesia, ,Duri,Energy Intelligence,"COPYRIGHT © 2001-2021 ENERGY INTELLIGENCE GROUP, INC. / ENERGY INTELLIGENCE GROUP (UK) LIMITED.",2012,Q1,January,1,35.384404
Asia-Pacific,Indonesia, ,Cinta,Energy Intelligence,"COPYRIGHT © 2001-2021 ENERGY INTELLIGENCE GROUP, INC. / ENERGY INTELLIGENCE GROUP (UK) LIMITED.",2012,Q1,January,1,5.950098
Asia-Pacific,Indonesia, ,Bekapai,Energy Intelligence,"COPYRIGHT © 2001-2021 ENERGY INTELLIGENCE GROUP, INC. / ENERGY INTELLIGENCE GROUP (UK) LIMITED.",2012,Q1,January,1,1.313125
Asia-Pacific,Indonesia, ,Attaka,Energy Intelligence,"COPYRIGHT © 2001-2021 ENERGY INTELLIGENCE GROUP, INC. / ENERGY INTELLIGENCE GROUP (UK) LIMITED.",2012,Q1,January,1,3.424271
Asia-Pacific,Indonesia, ,Ardjuna,Energy Intelligence,"COPYRIGHT © 2001-2021 ENERGY INTELLIGENCE GROUP, INC. / ENERGY INTELLIGENCE GROUP (UK) LIMITED.",2012,Q1,January,1,0.499502
Asia-Pacific,Indonesia, ,Widuri,Energy Intelligence,"COPYRIGHT © 2001-2021 ENERGY INTELLIGENCE GROUP, INC. / ENERGY INTELLIGENCE GROUP (UK) LIMITED.",2011,Q1,January,1,5.555858
Asia-Pacific,Indonesia, ,Udang Blend,Energy Intelligence,"COPYRIGHT © 2001-2021 ENERGY INTELLIGENCE GROUP, INC. / ENERGY INTELLIGENCE GROUP (UK) LIMITED.",2011,Q1,January,1,0.737526
Asia-Pacific,Indonesia, ,Tangguh Condensate,Energy Intelligence,"COPYRIGHT © 2001-2021 ENERGY INTELLIGENCE GROUP, INC. / ENERGY INTELLIGENCE GROUP (UK) LIMITED.",2011,Q1,January,1,2.517143
Asia-Pacific,Indonesia, ,Sumatra Light,Energy Intelligence,"COPYRIGHT © 2001-2021 ENERGY INTELLIGENCE GROUP, INC. / ENERGY INTELLIGENCE GROUP (UK) LIMITED.",2011,Q1,January,1,52.353193
Asia-Pacific,Indonesia, ,Senipah Condensate,Energy Intelligence,"COPYRIGHT © 2001-2021 ENERGY INTELLIGENCE GROUP, INC. / ENERGY INTELLIGENCE GROUP (UK) LIMITED.",2011,Q1,January,1,3.553961
Asia-Pacific,Indonesia, ,Minas,Energy Intelligence,"COPYRIGHT © 2001-2021 ENERGY INTELLIGENCE GROUP, INC. / ENERGY INTELLIGENCE GROUP (UK) LIMITED.",2011,Q1,January,1,6.089698
Asia-Pacific,Indonesia, ,Lalang,Energy Intelligence,"COPYRIGHT © 2001-2021 ENERGY INTELLIGENCE GROUP, INC. / ENERGY INTELLIGENCE GROUP (UK) LIMITED.",2011,Q1,January,1,1.117844
Asia-Pacific,Indonesia, ,Kaji Semoga,Energy Intelligence,"COPYRIGHT © 2001-2021 ENERGY INTELLIGENCE GROUP, INC. / ENERGY INTELLIGENCE GROUP (UK) LIMITED.",2011,Q1,January,1,4.305549
Asia-Pacific,Indonesia, ,Handil Mix,Energy Intelligence,"COPYRIGHT © 2001-2021 ENERGY INTELLIGENCE GROUP, INC. / ENERGY INTELLIGENCE GROUP (UK) LIMITED.",2011,Q1,January,1,2.598222
Asia-Pacific,Indonesia, ,Duri,Energy Intelligence,"COPYRIGHT © 2001-2021 ENERGY INTELLIGENCE GROUP, INC. / ENERGY INTELLIGENCE GROUP (UK) LIMITED.",2011,Q1,January,1,26.990307
Asia-Pacific,Indonesia, ,Cinta,Energy Intelligence,"COPYRIGHT © 2001-2021 ENERGY INTELLIGENCE GROUP, INC. / ENERGY INTELLIGENCE GROUP (UK) LIMITED.",2011,Q1,January,1,3.737158
Asia-Pacific,Indonesia, ,Belida,Energy Intelligence,"COPYRIGHT © 2001-2021 ENERGY INTELLIGENCE GROUP, INC. / ENERGY INTELLIGENCE GROUP (UK) LIMITED.",2011,Q1,January,1,0.973196
Asia-Pacific,Indonesia, ,Belanak,Energy Intelligence,"COPYRIGHT © 2001-2021 ENERGY INTELLIGENCE GROUP, INC. / ENERGY INTELLIGENCE GROUP (UK) LIMITED.",2011,Q1,January,1,1.55103
Asia-Pacific,Indonesia, ,Attaka,Energy Intelligence,"COPYRIGHT © 2001-2021 ENERGY INTELLIGENCE GROUP, INC. / ENERGY INTELLIGENCE GROUP (UK) LIMITED.",2011,Q1,January,1,2.208254
Asia-Pacific,Indonesia, ,Widuri,Energy Intelligence,"COPYRIGHT © 2001-2021 ENERGY INTELLIGENCE GROUP, INC. / ENERGY INTELLIGENCE GROUP (UK) LIMITED.",2010,Q1,January,1,4.627001
Asia-Pacific,Indonesia, ,Tangguh Condensate,Energy Intelligence,"COPYRIGHT © 2001-2021 ENERGY INTELLIGENCE GROUP, INC. / ENERGY INTELLIGENCE GROUP (UK) LIMITED.",2010,Q1,January,1,2.236153
Asia-Pacific,Indonesia, ,Sumatra Light,Energy Intelligence,"COPYRIGHT © 2001-2021 ENERGY INTELLIGENCE GROUP, INC. / ENERGY INTELLIGENCE GROUP (UK) LIMITED.",2010,Q1,January,1,30.446475
Asia-Pacific,Indonesia, ,Senipah Condensate,Energy Intelligence,"COPYRIGHT © 2001-2021 ENERGY INTELLIGENCE GROUP, INC. / ENERGY INTELLIGENCE GROUP (UK) LIMITED.",2010,Q1,January,1,3.394183
Asia-Pacific,Indonesia, ,Minas,Energy Intelligence,"COPYRIGHT © 2001-2021 ENERGY INTELLIGENCE GROUP, INC. / ENERGY INTELLIGENCE GROUP (UK) LIMITED.",2010,Q1,January,1,7.224533
Asia-Pacific,Indonesia, ,Kaji Semoga,Energy Intelligence,"COPYRIGHT © 2001-2021 ENERGY INTELLIGENCE GROUP, INC. / ENERGY INTELLIGENCE GROUP (UK) LIMITED.",2010,Q1,January,1,3.945807
Asia-Pacific,Indonesia, ,Handil Mix,Energy Intelligence,"COPYRIGHT © 2001-2021 ENERGY INTELLIGENCE GROUP, INC. / ENERGY INTELLIGENCE GROUP (UK) LIMITED.",2010,Q1,January,1,2.403496
Asia-Pacific,Indonesia, ,Duri,Energy Intelligence,"COPYRIGHT © 2001-2021 ENERGY INTELLIGENCE GROUP, INC. / ENERGY INTELLIGENCE GROUP (UK) LIMITED.",2010,Q1,January,1,20.795337
Asia-Pacific,Indonesia, ,Cinta,Energy Intelligence,"COPYRIGHT © 2001-2021 ENERGY INTELLIGENCE GROUP, INC. / ENERGY INTELLIGENCE GROUP (UK) LIMITED.",2010,Q1,January,1,3.996711
Asia-Pacific,Indonesia, ,Belanak,Energy Intelligence,"COPYRIGHT © 2001-2021 ENERGY INTELLIGENCE GROUP, INC. / ENERGY INTELLIGENCE GROUP (UK) LIMITED.",2010,Q1,January,1,5.80838
Asia-Pacific,Indonesia, ,Attaka,Energy Intelligence,"COPYRIGHT © 2001-2021 ENERGY INTELLIGENCE GROUP, INC. / ENERGY INTELLIGENCE GROUP (UK) LIMITED.",2010,Q1,January,1,0.544214
Asia-Pacific,Indonesia, ,Anoa,Energy Intelligence,"COPYRIGHT © 2001-2021 ENERGY INTELLIGENCE GROUP, INC. / ENERGY INTELLIGENCE GROUP (UK) LIMITED.",2010,Q1,January,1,0.427551
Asia-Pacific,Indonesia, ,Widuri,Energy Intelligence,"COPYRIGHT © 2001-2021 ENERGY INTELLIGENCE GROUP, INC. / ENERGY INTELLIGENCE GROUP (UK) LIMITED.",2009,Q1,January,1,4.768771
Asia-Pacific,Indonesia, ,Tangguh Condensate,Energy Intelligence,"COPYRIGHT © 2001-2021 ENERGY INTELLIGENCE GROUP, INC. / ENERGY INTELLIGENCE GROUP (UK) LIMITED.",2009,Q1,January,1,0.672888
Asia-Pacific,Indonesia, ,Sumatra Light,Energy Intelligence,"COPYRIGHT © 2001-2021 ENERGY INTELLIGENCE GROUP, INC. / ENERGY INTELLIGENCE GROUP (UK) LIMITED.",2009,Q1,January,1,23.895639
Asia-Pacific,Indonesia, ,Senipah Condensate,Energy Intelligence,"COPYRIGHT © 2001-2021 ENERGY INTELLIGENCE GROUP, INC. / ENERGY INTELLIGENCE GROUP (UK) LIMITED.",2009,Q1,January,1,2.286075
Asia-Pacific,Indonesia, ,Minas,Energy Intelligence,"COPYRIGHT © 2001-2021 ENERGY INTELLIGENCE GROUP, INC. / ENERGY INTELLIGENCE GROUP (UK) LIMITED.",2009,Q1,January,1,7.108818
Asia-Pacific,Indonesia, ,Lalang,Energy Intelligence,"COPYRIGHT © 2001-2021 ENERGY INTELLIGENCE GROUP, INC. / ENERGY INTELLIGENCE GROUP (UK) LIMITED.",2009,Q1,January,1,0.179957
Asia-Pacific,Indonesia, ,Kaji Semoga,Energy Intelligence,"COPYRIGHT © 2001-2021 ENERGY INTELLIGENCE GROUP, INC. / ENERGY INTELLIGENCE GROUP (UK) LIMITED.",2009,Q1,January,1,0.592103
Asia-Pacific,Indonesia, ,Handil Mix,Energy Intelligence,"COPYRIGHT © 2001-2021 ENERGY INTELLIGENCE GROUP, INC. / ENERGY INTELLIGENCE GROUP (UK) LIMITED.",2009,Q1,January,1,4.500585
Asia-Pacific,Indonesia, ,Duri,Energy Intelligence,"COPYRIGHT © 2001-2021 ENERGY INTELLIGENCE GROUP, INC. / ENERGY INTELLIGENCE GROUP (UK) LIMITED.",2009,Q1,January,1,13.995512
Asia-Pacific,Indonesia, ,Cinta,Energy Intelligence,"COPYRIGHT © 2001-2021 ENERGY INTELLIGENCE GROUP, INC. / ENERGY INTELLIGENCE GROUP (UK) LIMITED.",2009,Q1,January,1,4.412424
Asia-Pacific,Indonesia, ,Belida,Energy Intelligence,"COPYRIGHT © 2001-2021 ENERGY INTELLIGENCE GROUP, INC. / ENERGY INTELLIGENCE GROUP (UK) LIMITED.",2009,Q1,January,1,2.948607
Asia-Pacific,Indonesia, ,Belanak,Energy Intelligence,"COPYRIGHT © 2001-2021 ENERGY INTELLIGENCE GROUP, INC. / ENERGY INTELLIGENCE GROUP (UK) LIMITED.",2009,Q1,January,1,2.584574
Asia-Pacific,Indonesia, ,Bekapai,Energy Intelligence,"COPYRIGHT © 2001-2021 ENERGY INTELLIGENCE GROUP, INC. / ENERGY INTELLIGENCE GROUP (UK) LIMITED.",2009,Q1,January,1,0.189401
Asia-Pacific,Indonesia, ,Widuri,Energy Intelligence,"COPYRIGHT © 2001-2021 ENERGY INTELLIGENCE GROUP, INC. / ENERGY INTELLIGENCE GROUP (UK) LIMITED.",2008,Q1,January,1,9.695795
Asia-Pacific,Indonesia, ,Sumatra Light,Energy Intelligence,"COPYRIGHT © 2001-2021 ENERGY INTELLIGENCE GROUP, INC. / ENERGY INTELLIGENCE GROUP (UK) LIMITED.",2008,Q1,January,1,50.199891
Asia-Pacific,Indonesia, ,Senipah Condensate,Energy Intelligence,"COPYRIGHT © 2001-2021 ENERGY INTELLIGENCE GROUP, INC. / ENERGY INTELLIGENCE GROUP (UK) LIMITED.",2008,Q1,January,1,6.15084
Asia-Pacific,Indonesia, ,Pagerungan Condensate,Energy Intelligence,"COPYRIGHT © 2001-2021 ENERGY INTELLIGENCE GROUP, INC. / ENERGY INTELLIGENCE GROUP (UK) LIMITED.",2008,Q1,January,1,0.283316
Asia-Pacific,Indonesia, ,Minas,Energy Intelligence,"COPYRIGHT © 2001-2021 ENERGY INTELLIGENCE GROUP, INC. / ENERGY INTELLIGENCE GROUP (UK) LIMITED.",2008,Q1,January,1,11.287115
Asia-Pacific,Indonesia, ,Lalang,Energy Intelligence,"COPYRIGHT © 2001-2021 ENERGY INTELLIGENCE GROUP, INC. / ENERGY INTELLIGENCE GROUP (UK) LIMITED.",2008,Q1,January,1,2.661599
Asia-Pacific,Indonesia, ,Kaji Semoga,Energy Intelligence,"COPYRIGHT © 2001-2021 ENERGY INTELLIGENCE GROUP, INC. / ENERGY INTELLIGENCE GROUP (UK) LIMITED.",2008,Q1,January,1,0.582081
Asia-Pacific,Indonesia, ,Handil Mix,Energy Intelligence,"COPYRIGHT © 2001-2021 ENERGY INTELLIGENCE GROUP, INC. / ENERGY INTELLIGENCE GROUP (UK) LIMITED.",2008,Q1,January,1,2.355152
Asia-Pacific,Indonesia, ,Duri,Energy Intelligence,"COPYRIGHT © 2001-2021 ENERGY INTELLIGENCE GROUP, INC. / ENERGY INTELLIGENCE GROUP (UK) LIMITED.",2008,Q1,January,1,42.653832
Asia-Pacific,Indonesia, ,Cinta,Energy Intelligence,"COPYRIGHT © 2001-2021 ENERGY INTELLIGENCE GROUP, INC. / ENERGY INTELLIGENCE GROUP (UK) LIMITED.",2008,Q1,January,1,7.434681
Asia-Pacific,Indonesia, ,Bekapai,Energy Intelligence,"COPYRIGHT © 2001-2021 ENERGY INTELLIGENCE GROUP, INC. / ENERGY INTELLIGENCE GROUP (UK) LIMITED.",2008,Q1,January,1,0.189364
Asia-Pacific,Indonesia, ,Widuri,Energy Intelligence,"COPYRIGHT © 2001-2021 ENERGY INTELLIGENCE GROUP, INC. / ENERGY INTELLIGENCE GROUP (UK) LIMITED.",2007,Q1,January,1,5.657201
Asia-Pacific,Indonesia, ,Sumatra Light,Energy Intelligence,"COPYRIGHT © 2001-2021 ENERGY INTELLIGENCE GROUP, INC. / ENERGY INTELLIGENCE GROUP (UK) LIMITED.",2007,Q1,January,1,56.932288
Asia-Pacific,Indonesia, ,Senipah Condensate,Energy Intelligence,"COPYRIGHT © 2001-2021 ENERGY INTELLIGENCE GROUP, INC. / ENERGY INTELLIGENCE GROUP (UK) LIMITED.",2007,Q1,January,1,5.137629
Asia-Pacific,Indonesia, ,Minas,Energy Intelligence,"COPYRIGHT © 2001-2021 ENERGY INTELLIGENCE GROUP, INC. / ENERGY INTELLIGENCE GROUP (UK) LIMITED.",2007,Q1,January,1,9.879001
Asia-Pacific,Indonesia, ,Kaji Semoga,Energy Intelligence,"COPYRIGHT © 2001-2021 ENERGY INTELLIGENCE GROUP, INC. / ENERGY INTELLIGENCE GROUP (UK) LIMITED.",2007,Q1,January,1,0.544576
Asia-Pacific,Indonesia, ,Jatibarang Mix,Energy Intelligence,"COPYRIGHT © 2001-2021 ENERGY INTELLIGENCE GROUP, INC. / ENERGY INTELLIGENCE GROUP (UK) LIMITED.",2007,Q1,January,1,0.545179
Asia-Pacific,Indonesia, ,Handil Mix,Energy Intelligence,"COPYRIGHT © 2001-2021 ENERGY INTELLIGENCE GROUP, INC. / ENERGY INTELLIGENCE GROUP (UK) LIMITED.",2007,Q1,January,1,4.53691
Asia-Pacific,Indonesia, ,Geragai Mix,Energy Intelligence,"COPYRIGHT © 2001-2021 ENERGY INTELLIGENCE GROUP, INC. / ENERGY INTELLIGENCE GROUP (UK) LIMITED.",2007,Q1,January,1,0.530428
Asia-Pacific,Indonesia, ,Duri,Energy Intelligence,"COPYRIGHT © 2001-2021 ENERGY INTELLIGENCE GROUP, INC. / ENERGY INTELLIGENCE GROUP (UK) LIMITED.",2007,Q1,January,1,34.910889
Asia-Pacific,Indonesia, ,Cinta,Energy Intelligence,"COPYRIGHT © 2001-2021 ENERGY INTELLIGENCE GROUP, INC. / ENERGY INTELLIGENCE GROUP (UK) LIMITED.",2007,Q1,January,1,5.390634
Asia-Pacific,Indonesia, ,Widuri,Energy Intelligence,"COPYRIGHT © 2001-2021 ENERGY INTELLIGENCE GROUP, INC. / ENERGY INTELLIGENCE GROUP (UK) LIMITED.",2006,Q1,January,1,6.707632
Asia-Pacific,Indonesia, ,Sumatra Light,Energy Intelligence,"COPYRIGHT © 2001-2021 ENERGY INTELLIGENCE GROUP, INC. / ENERGY INTELLIGENCE GROUP (UK) LIMITED.",2006,Q1,January,1,54.745713
Asia-Pacific,Indonesia, ,Senipah Condensate,Energy Intelligence,"COPYRIGHT © 2001-2021 ENERGY INTELLIGENCE GROUP, INC. / ENERGY INTELLIGENCE GROUP (UK) LIMITED.",2006,Q1,January,1,5.638004
Asia-Pacific,Indonesia, ,Pagerungan Condensate,Energy Intelligence,"COPYRIGHT © 2001-2021 ENERGY INTELLIGENCE GROUP, INC. / ENERGY INTELLIGENCE GROUP (UK) LIMITED.",2006,Q1,January,1,0.254728
Asia-Pacific,Indonesia, ,Minas,Energy Intelligence,"COPYRIGHT © 2001-2021 ENERGY INTELLIGENCE GROUP, INC. / ENERGY INTELLIGENCE GROUP (UK) LIMITED.",2006,Q1,January,1,10.237589
Asia-Pacific,Indonesia, ,Lalang,Energy Intelligence,"COPYRIGHT © 2001-2021 ENERGY INTELLIGENCE GROUP, INC. / ENERGY INTELLIGENCE GROUP (UK) LIMITED.",2006,Q1,January,1,1.072161
Asia-Pacific,Indonesia, ,Kaji Semoga,Energy Intelligence,"COPYRIGHT © 2001-2021 ENERGY INTELLIGENCE GROUP, INC. / ENERGY INTELLIGENCE GROUP (UK) LIMITED.",2006,Q1,January,1,2.846643
Asia-Pacific,Indonesia, ,Jatibarang Mix,Energy Intelligence,"COPYRIGHT © 2001-2021 ENERGY INTELLIGENCE GROUP, INC. / ENERGY INTELLIGENCE GROUP (UK) LIMITED.",2006,Q1,January,1,0.682848
Asia-Pacific,Indonesia, ,Handil Mix,Energy Intelligence,"COPYRIGHT © 2001-2021 ENERGY INTELLIGENCE GROUP, INC. / ENERGY INTELLIGENCE GROUP (UK) LIMITED.",2006,Q1,January,1,1.783425
Asia-Pacific,Indonesia, ,Geragai Mix,Energy Intelligence,"COPYRIGHT © 2001-2021 ENERGY INTELLIGENCE GROUP, INC. / ENERGY INTELLIGENCE GROUP (UK) LIMITED.",2006,Q1,January,1,0.531996
Asia-Pacific,Indonesia, ,Duri,Energy Intelligence,"COPYRIGHT © 2001-2021 ENERGY INTELLIGENCE GROUP, INC. / ENERGY INTELLIGENCE GROUP (UK) LIMITED.",2006,Q1,January,1,28.477026
Asia-Pacific,Indonesia, ,Dumai Blend,Energy Intelligence,"COPYRIGHT © 2001-2021 ENERGY INTELLIGENCE GROUP, INC. / ENERGY INTELLIGENCE GROUP (UK) LIMITED.",2006,Q1,January,1,1.343002
Asia-Pacific,Indonesia, ,Cinta,Energy Intelligence,"COPYRIGHT © 2001-2021 ENERGY INTELLIGENCE GROUP, INC. / ENERGY INTELLIGENCE GROUP (UK) LIMITED.",2006,Q1,January,1,4.272515
Asia-Pacific,Malaysia, ,Dulang,Energy Intelligence,"COPYRIGHT © 2001-2021 ENERGY INTELLIGENCE GROUP, INC. / ENERGY INTELLIGENCE GROUP (UK) LIMITED.",2025,Q1,January,1,2.974368
Asia-Pacific,Malaysia, ,Sepat,Energy Intelligence,"COPYRIGHT © 2001-2021 ENERGY INTELLIGENCE GROUP, INC. / ENERGY INTELLIGENCE GROUP (UK) LIMITED.",2023,Q1,January,1,2.190904
Asia-Pacific,Malaysia, ,Kikeh,Energy Intelligence,"COPYRIGHT © 2001-2021 ENERGY INTELLIGENCE GROUP, INC. / ENERGY INTELLIGENCE GROUP (UK) LIMITED.",2023,Q1,January,1,1.477037
Asia-Pacific,Malaysia, ,Sepat,Energy Intelligence,"COPYRIGHT © 2001-2021 ENERGY INTELLIGENCE GROUP, INC. / ENERGY INTELLIGENCE GROUP (UK) LIMITED.",2022,Q1,January,1,4.619539
Asia-Pacific,Malaysia, ,Malaysia Fuel Oil,Energy Intelligence,"COPYRIGHT © 2001-2021 ENERGY INTELLIGENCE GROUP, INC. / ENERGY INTELLIGENCE GROUP (UK) LIMITED.",2022,Q1,January,1,0.744709
Asia-Pacific,Malaysia, ,Sepat,Energy Intelligence,"COPYRIGHT © 2001-2021 ENERGY INTELLIGENCE GROUP, INC. / ENERGY INTELLIGENCE GROUP (UK) LIMITED.",2021,Q1,January,1,5.500344
Asia-Pacific,Malaysia, ,Penara Blend,Energy Intelligence,"COPYRIGHT © 2001-2021 ENERGY INTELLIGENCE GROUP, INC. / ENERGY INTELLIGENCE GROUP (UK) LIMITED.",2021,Q1,January,1,1.699926
Asia-Pacific,Malaysia, ,Malaysia Fuel Oil,Energy Intelligence,"COPYRIGHT © 2001-2021 ENERGY INTELLIGENCE GROUP, INC. / ENERGY INTELLIGENCE GROUP (UK) LIMITED.",2021,Q1,January,1,0.94535
Asia-Pacific,Malaysia, ,Dulang,Energy Intelligence,"COPYRIGHT © 2001-2021 ENERGY INTELLIGENCE GROUP, INC. / ENERGY INTELLIGENCE GROUP (UK) LIMITED.",2021,Q1,January,1,1.318153
Asia-Pacific,Malaysia, ,Bertam,Energy Intelligence,"COPYRIGHT © 2001-2021 ENERGY INTELLIGENCE GROUP, INC. / ENERGY INTELLIGENCE GROUP (UK) LIMITED.",2021,Q1,January,1,0.816228
Asia-Pacific,Malaysia, ,Sepat,Energy Intelligence,"COPYRIGHT © 2001-2021 ENERGY INTELLIGENCE GROUP, INC. / ENERGY INTELLIGENCE GROUP (UK) LIMITED.",2020,Q1,January,1,3.123396
Asia-Pacific,Malaysia, ,Penara Blend,Energy Intelligence,"COPYRIGHT © 2001-2021 ENERGY INTELLIGENCE GROUP, INC. / ENERGY INTELLIGENCE GROUP (UK) LIMITED.",2020,Q1,January,1,4.474653
Asia-Pacific,Malaysia, ,Malaysia Fuel Oil,Energy Intelligence,"COPYRIGHT © 2001-2021 ENERGY INTELLIGENCE GROUP, INC. / ENERGY INTELLIGENCE GROUP (UK) LIMITED.",2020,Q1,January,1,1.388934
Asia-Pacific,Malaysia, ,Labuan,Energy Intelligence,"COPYRIGHT © 2001-2021 ENERGY INTELLIGENCE GROUP, INC. / ENERGY INTELLIGENCE GROUP (UK) LIMITED.",2020,Q1,January,1,1.564513
Asia-Pacific,Malaysia, ,Dulang,Energy Intelligence,"COPYRIGHT © 2001-2021 ENERGY INTELLIGENCE GROUP, INC. / ENERGY INTELLIGENCE GROUP (UK) LIMITED.",2020,Q1,January,1,2.246968
Asia-Pacific,Malaysia, ,Sepat,Energy Intelligence,"COPYRIGHT © 2001-2021 ENERGY INTELLIGENCE GROUP, INC. / ENERGY INTELLIGENCE GROUP (UK) LIMITED.",2019,Q1,January,1,4.827903
Asia-Pacific,Malaysia, ,Penara Blend,Energy Intelligence,"COPYRIGHT © 2001-2021 ENERGY INTELLIGENCE GROUP, INC. / ENERGY INTELLIGENCE GROUP (UK) LIMITED.",2019,Q1,January,1,3.000102
Asia-Pacific,Malaysia, ,Malaysia Fuel Oil,Energy Intelligence,"COPYRIGHT © 2001-2021 ENERGY INTELLIGENCE GROUP, INC. / ENERGY INTELLIGENCE GROUP (UK) LIMITED.",2019,Q1,January,1,2.148048
Asia-Pacific,Malaysia, ,Dulang,Energy Intelligence,"COPYRIGHT © 2001-2021 ENERGY INTELLIGENCE GROUP, INC. / ENERGY INTELLIGENCE GROUP (UK) LIMITED.",2019,Q1,January,1,1.683808
Asia-Pacific,Malaysia, ,Bertam,Energy Intelligence,"COPYRIGHT © 2001-2021 ENERGY INTELLIGENCE GROUP, INC. / ENERGY INTELLIGENCE GROUP (UK) LIMITED.",2019,Q1,January,1,1.297045
Asia-Pacific,Malaysia, ,Tapis,Energy Intelligence,"COPYRIGHT © 2001-2021 ENERGY INTELLIGENCE GROUP, INC. / ENERGY INTELLIGENCE GROUP (UK) LIMITED.",2018,Q1,January,1,0.853053
Asia-Pacific,Malaysia, ,Sepat,Energy Intelligence,"COPYRIGHT © 2001-2021 ENERGY INTELLIGENCE GROUP, INC. / ENERGY INTELLIGENCE GROUP (UK) LIMITED.",2018,Q1,January,1,4.107642
Asia-Pacific,Malaysia, ,Penara Blend,Energy Intelligence,"COPYRIGHT © 2001-2021 ENERGY INTELLIGENCE GROUP, INC. / ENERGY INTELLIGENCE GROUP (UK) LIMITED.",2018,Q1,January,1,1.726062
Asia-Pacific,Malaysia, ,Miri,Energy Intelligence,"COPYRIGHT © 2001-2021 ENERGY INTELLIGENCE GROUP, INC. / ENERGY INTELLIGENCE GROUP (UK) LIMITED.",2018,Q1,January,1,0.650039
Asia-Pacific,Malaysia, ,Malaysia Fuel Oil,Energy Intelligence,"COPYRIGHT © 2001-2021 ENERGY INTELLIGENCE GROUP, INC. / ENERGY INTELLIGENCE GROUP (UK) LIMITED.",2018,Q1,January,1,2.009948
Asia-Pacific,Malaysia, ,Kidurong,Energy Intelligence,"COPYRIGHT © 2001-2021 ENERGY INTELLIGENCE GROUP, INC. / ENERGY INTELLIGENCE GROUP (UK) LIMITED.",2018,Q1,January,1,0.781884
Asia-Pacific,Malaysia, ,Dulang,Energy Intelligence,"COPYRIGHT © 2001-2021 ENERGY INTELLIGENCE GROUP, INC. / ENERGY INTELLIGENCE GROUP (UK) LIMITED.",2018,Q1,January,1,3.600942
Asia-Pacific,Malaysia, ,Angsi,Energy Intelligence,"COPYRIGHT © 2001-2021 ENERGY INTELLIGENCE GROUP, INC. / ENERGY INTELLIGENCE GROUP (UK) LIMITED.",2018,Q1,January,1,0.677421
Asia-Pacific,Malaysia, ,Sepat,Energy Intelligence,"COPYRIGHT © 2001-2021 ENERGY INTELLIGENCE GROUP, INC. / ENERGY INTELLIGENCE GROUP (UK) LIMITED.",2017,Q1,January,1,1.096098
Asia-Pacific,Malaysia, ,Penara Blend,Energy Intelligence,"COPYRIGHT © 2001-2021 ENERGY INTELLIGENCE GROUP, INC. / ENERGY INTELLIGENCE GROUP (UK) LIMITED.",2017,Q1,January,1,2.268726
Asia-Pacific,Malaysia, ,Malaysia Fuel Oil,Energy Intelligence,"COPYRIGHT © 2001-2021 ENERGY INTELLIGENCE GROUP, INC. / ENERGY INTELLIGENCE GROUP (UK) LIMITED.",2017,Q1,January,1,2.80062
Asia-Pacific,Malaysia, ,Dulang,Energy Intelligence,"COPYRIGHT © 2001-2021 ENERGY INTELLIGENCE GROUP, INC. / ENERGY INTELLIGENCE GROUP (UK) LIMITED.",2017,Q1,January,1,8.505322
Asia-Pacific,Malaysia, ,Sepat,Energy Intelligence,"COPYRIGHT © 2001-2021 ENERGY INTELLIGENCE GROUP, INC. / ENERGY INTELLIGENCE GROUP (UK) LIMITED.",2016,Q1,January,1,4.451501
Asia-Pacific,Malaysia, ,Penara Blend,Energy Intelligence,"COPYRIGHT © 2001-2021 ENERGY INTELLIGENCE GROUP, INC. / ENERGY INTELLIGENCE GROUP (UK) LIMITED.",2016,Q1,January,1,0.595848
Asia-Pacific,Malaysia, ,Malaysia Fuel Oil,Energy Intelligence,"COPYRIGHT © 2001-2021 ENERGY INTELLIGENCE GROUP, INC. / ENERGY INTELLIGENCE GROUP (UK) LIMITED.",2016,Q1,January,1,3.063842
Asia-Pacific,Malaysia, ,Kidurong,Energy Intelligence,"COPYRIGHT © 2001-2021 ENERGY INTELLIGENCE GROUP, INC. / ENERGY INTELLIGENCE GROUP (UK) LIMITED.",2016,Q1,January,1,0.784456
Asia-Pacific,Malaysia, ,Dulang,Energy Intelligence,"COPYRIGHT © 2001-2021 ENERGY INTELLIGENCE GROUP, INC. / ENERGY INTELLIGENCE GROUP (UK) LIMITED.",2016,Q1,January,1,6.32229
Asia-Pacific,Malaysia, ,Cendor,Energy Intelligence,"COPYRIGHT © 2001-2021 ENERGY INTELLIGENCE GROUP, INC. / ENERGY INTELLIGENCE GROUP (UK) LIMITED.",2016,Q1,January,1,1.594415
Asia-Pacific,Malaysia, ,Bertam,Energy Intelligence,"COPYRIGHT © 2001-2021 ENERGY INTELLIGENCE GROUP, INC. / ENERGY INTELLIGENCE GROUP (UK) LIMITED.",2016,Q1,January,1,0.909359
Asia-Pacific,Malaysia, ,Tapis,Energy Intelligence,"COPYRIGHT © 2001-2021 ENERGY INTELLIGENCE GROUP, INC. / ENERGY INTELLIGENCE GROUP (UK) LIMITED.",2015,Q1,January,1,0.143339
Asia-Pacific,Malaysia, ,Sepat,Energy Intelligence,"COPYRIGHT © 2001-2021 ENERGY INTELLIGENCE GROUP, INC. / ENERGY INTELLIGENCE GROUP (UK) LIMITED.",2015,Q1,January,1,6.311057
Asia-Pacific,Malaysia, ,Penara Blend,Energy Intelligence,"COPYRIGHT © 2001-2021 ENERGY INTELLIGENCE GROUP, INC. / ENERGY INTELLIGENCE GROUP (UK) LIMITED.",2015,Q1,January,1,5.040637
Asia-Pacific,Malaysia, ,Malaysia Fuel Oil,Energy Intelligence,"COPYRIGHT © 2001-2021 ENERGY INTELLIGENCE GROUP, INC. / ENERGY INTELLIGENCE GROUP (UK) LIMITED.",2015,Q1,January,1,3.516883
Asia-Pacific,Malaysia, ,Dulang,Energy Intelligence,"COPYRIGHT © 2001-2021 ENERGY INTELLIGENCE GROUP, INC. / ENERGY INTELLIGENCE GROUP (UK) LIMITED.",2015,Q1,January,1,0.650125
Asia-Pacific,Malaysia, ,Bertam,Energy Intelligence,"COPYRIGHT © 2001-2021 ENERGY INTELLIGENCE GROUP, INC. / ENERGY INTELLIGENCE GROUP (UK) LIMITED.",2015,Q1,January,1,2.650354
Asia-Pacific,Malaysia, ,Sepat,Energy Intelligence,"COPYRIGHT © 2001-2021 ENERGY INTELLIGENCE GROUP, INC. / ENERGY INTELLIGENCE GROUP (UK) LIMITED.",2014,Q1,January,1,4.799573
Asia-Pacific,Malaysia, ,Penara Blend,Energy Intelligence,"COPYRIGHT © 2001-2021 ENERGY INTELLIGENCE GROUP, INC. / ENERGY INTELLIGENCE GROUP (UK) LIMITED.",2014,Q1,January,1,4.758784
Asia-Pacific,Malaysia, ,Malaysia Fuel Oil,Energy Intelligence,"COPYRIGHT © 2001-2021 ENERGY INTELLIGENCE GROUP, INC. / ENERGY INTELLIGENCE GROUP (UK) LIMITED.",2014,Q1,January,1,1.188981
Asia-Pacific,Malaysia, ,Kikeh,Energy Intelligence,"COPYRIGHT © 2001-2021 ENERGY INTELLIGENCE GROUP, INC. / ENERGY INTELLIGENCE GROUP (UK) LIMITED.",2014,Q1,January,1,0.819364
Asia-Pacific,Malaysia, ,Kidurong,Energy Intelligence,"COPYRIGHT © 2001-2021 ENERGY INTELLIGENCE GROUP, INC. / ENERGY INTELLIGENCE GROUP (UK) LIMITED.",2014,Q1,January,1,0.881607
Asia-Pacific,Malaysia, ,Dulang,Energy Intelligence,"COPYRIGHT © 2001-2021 ENERGY INTELLIGENCE GROUP, INC. / ENERGY INTELLIGENCE GROUP (UK) LIMITED.",2014,Q1,January,1,2.18377
Asia-Pacific,Malaysia, ,Angsi,Energy Intelligence,"COPYRIGHT © 2001-2021 ENERGY INTELLIGENCE GROUP, INC. / ENERGY INTELLIGENCE GROUP (UK) LIMITED.",2014,Q1,January,1,0.676715
Asia-Pacific,Malaysia, ,Tapis,Energy Intelligence,"COPYRIGHT © 2001-2021 ENERGY INTELLIGENCE GROUP, INC. / ENERGY INTELLIGENCE GROUP (UK) LIMITED.",2013,Q1,January,1,4.110313
Asia-Pacific,Malaysia, ,Sepat,Energy Intelligence,"COPYRIGHT © 2001-2021 ENERGY INTELLIGENCE GROUP, INC. / ENERGY INTELLIGENCE GROUP (UK) LIMITED.",2013,Q1,January,1,5.793432
Asia-Pacific,Malaysia, ,Penara Blend,Energy Intelligence,"COPYRIGHT © 2001-2021 ENERGY INTELLIGENCE GROUP, INC. / ENERGY INTELLIGENCE GROUP (UK) LIMITED.",2013,Q1,January,1,5.423953
Asia-Pacific,Malaysia, ,Muda Condensate,Energy Intelligence,"COPYRIGHT © 2001-2021 ENERGY INTELLIGENCE GROUP, INC. / ENERGY INTELLIGENCE GROUP (UK) LIMITED.",2013,Q1,January,1,2.388232
Asia-Pacific,Malaysia, ,Labuan,Energy Intelligence,"COPYRIGHT © 2001-2021 ENERGY INTELLIGENCE GROUP, INC. / ENERGY INTELLIGENCE GROUP (UK) LIMITED.",2013,Q1,January,1,0.848573
Asia-Pacific,Malaysia, ,Kikeh,Energy Intelligence,"COPYRIGHT © 2001-2021 ENERGY INTELLIGENCE GROUP, INC. / ENERGY INTELLIGENCE GROUP (UK) LIMITED.",2013,Q1,January,1,2.30643
Asia-Pacific,Malaysia, ,Dulang,Energy Intelligence,"COPYRIGHT © 2001-2021 ENERGY INTELLIGENCE GROUP, INC. / ENERGY INTELLIGENCE GROUP (UK) LIMITED.",2013,Q1,January,1,0.547817
Asia-Pacific,Malaysia, ,Berantai,Energy Intelligence,"COPYRIGHT © 2001-2021 ENERGY INTELLIGENCE GROUP, INC. / ENERGY INTELLIGENCE GROUP (UK) LIMITED.",2013,Q1,January,1,0.539752
Asia-Pacific,Malaysia, ,Angsi,Energy Intelligence,"COPYRIGHT © 2001-2021 ENERGY INTELLIGENCE GROUP, INC. / ENERGY INTELLIGENCE GROUP (UK) LIMITED.",2013,Q1,January,1,1.569196
Asia-Pacific,Malaysia, ,Tapis,Energy Intelligence,"COPYRIGHT © 2001-2021 ENERGY INTELLIGENCE GROUP, INC. / ENERGY INTELLIGENCE GROUP (UK) LIMITED.",2012,Q1,January,1,2.659209
Asia-Pacific,Malaysia, ,Sepat,Energy Intelligence,"COPYRIGHT © 2001-2021 ENERGY INTELLIGENCE GROUP, INC. / ENERGY INTELLIGENCE GROUP (UK) LIMITED.",2012,Q1,January,1,1.925851
Asia-Pacific,Malaysia, ,Penara Blend,Energy Intelligence,"COPYRIGHT © 2001-2021 ENERGY INTELLIGENCE GROUP, INC. / ENERGY INTELLIGENCE GROUP (UK) LIMITED.",2012,Q1,January,1,6.74219
Asia-Pacific,Malaysia, ,Miri,Energy Intelligence,"COPYRIGHT © 2001-2021 ENERGY INTELLIGENCE GROUP, INC. / ENERGY INTELLIGENCE GROUP (UK) LIMITED.",2012,Q1,January,1,2.042599
Asia-Pacific,Malaysia, ,Kikeh,Energy Intelligence,"COPYRIGHT © 2001-2021 ENERGY INTELLIGENCE GROUP, INC. / ENERGY INTELLIGENCE GROUP (UK) LIMITED.",2012,Q1,January,1,7.415954
Asia-Pacific,Malaysia, ,Dulang,Energy Intelligence,"COPYRIGHT © 2001-2021 ENERGY INTELLIGENCE GROUP, INC. / ENERGY INTELLIGENCE GROUP (UK) LIMITED.",2012,Q1,January,1,3.584081
Asia-Pacific,Malaysia, ,Cendor,Energy Intelligence,"COPYRIGHT © 2001-2021 ENERGY INTELLIGENCE GROUP, INC. / ENERGY INTELLIGENCE GROUP (UK) LIMITED.",2012,Q1,January,1,0.541465
Asia-Pacific,Malaysia, ,Bintulu Condensate,Energy Intelligence,"COPYRIGHT © 2001-2021 ENERGY INTELLIGENCE GROUP, INC. / ENERGY INTELLIGENCE GROUP (UK) LIMITED.",2012,Q1,January,1,0.856377
Asia-Pacific,Malaysia, ,Angsi,Energy Intelligence,"COPYRIGHT © 2001-2021 ENERGY INTELLIGENCE GROUP, INC. / ENERGY INTELLIGENCE GROUP (UK) LIMITED.",2012,Q1,January,1,0.815651
Asia-Pacific,Malaysia, ,Penara Blend,Energy Intelligence,"COPYRIGHT © 2001-2021 ENERGY INTELLIGENCE GROUP, INC. / ENERGY INTELLIGENCE GROUP (UK) LIMITED.",2011,Q1,January,1,2.580541
Asia-Pacific,Malaysia, ,Miri,Energy Intelligence,"COPYRIGHT © 2001-2021 ENERGY INTELLIGENCE GROUP, INC. / ENERGY INTELLIGENCE GROUP (UK) LIMITED.",2011,Q1,January,1,4.171602
Asia-Pacific,Malaysia, ,Kikeh,Energy Intelligence,"COPYRIGHT © 2001-2021 ENERGY INTELLIGENCE GROUP, INC. / ENERGY INTELLIGENCE GROUP (UK) LIMITED.",2011,Q1,January,1,3.108299
Asia-Pacific,Malaysia, ,Kekwa,Energy Intelligence,"COPYRIGHT © 2001-2021 ENERGY INTELLIGENCE GROUP, INC. / ENERGY INTELLIGENCE GROUP (UK) LIMITED.",2011,Q1,January,1,3.101681
Asia-Pacific,Malaysia, ,Dulang,Energy Intelligence,"COPYRIGHT © 2001-2021 ENERGY INTELLIGENCE GROUP, INC. / ENERGY INTELLIGENCE GROUP (UK) LIMITED.",2011,Q1,January,1,0.653536
Asia-Pacific,Malaysia, ,Cakerawala Condensate,Energy Intelligence,"COPYRIGHT © 2001-2021 ENERGY INTELLIGENCE GROUP, INC. / ENERGY INTELLIGENCE GROUP (UK) LIMITED.",2011,Q1,January,1,0.816675
Asia-Pacific,Malaysia, ,Bunga Orkid - Malaysia,Energy Intelligence,"COPYRIGHT © 2001-2021 ENERGY INTELLIGENCE GROUP, INC. / ENERGY INTELLIGENCE GROUP (UK) LIMITED.",2011,Q1,January,1,10.786352
Asia-Pacific,Malaysia, ,Tapis,Energy Intelligence,"COPYRIGHT © 2001-2021 ENERGY INTELLIGENCE GROUP, INC. / ENERGY INTELLIGENCE GROUP (UK) LIMITED.",2010,Q1,January,1,3.125772
Asia-Pacific,Malaysia, ,Muda Condensate,Energy Intelligence,"COPYRIGHT © 2001-2021 ENERGY INTELLIGENCE GROUP, INC. / ENERGY INTELLIGENCE GROUP (UK) LIMITED.",2010,Q1,January,1,1.743171
Asia-Pacific,Malaysia, ,Miri,Energy Intelligence,"COPYRIGHT © 2001-2021 ENERGY INTELLIGENCE GROUP, INC. / ENERGY INTELLIGENCE GROUP (UK) LIMITED.",2010,Q1,January,1,6.939218
Asia-Pacific,Malaysia, ,Masa,Energy Intelligence,"COPYRIGHT © 2001-2021 ENERGY INTELLIGENCE GROUP, INC. / ENERGY INTELLIGENCE GROUP (UK) LIMITED.",2010,Q1,January,1,0.821362
Asia-Pacific,Malaysia, ,Kekwa,Energy Intelligence,"COPYRIGHT © 2001-2021 ENERGY INTELLIGENCE GROUP, INC. / ENERGY INTELLIGENCE GROUP (UK) LIMITED.",2010,Q1,January,1,1.590854
Asia-Pacific,Malaysia, ,Dulang,Energy Intelligence,"COPYRIGHT © 2001-2021 ENERGY INTELLIGENCE GROUP, INC. / ENERGY INTELLIGENCE GROUP (UK) LIMITED.",2010,Q1,January,1,0.671733
Asia-Pacific,Malaysia, ,Bunga Orkid - Malaysia,Energy Intelligence,"COPYRIGHT © 2001-2021 ENERGY INTELLIGENCE GROUP, INC. / ENERGY INTELLIGENCE GROUP (UK) LIMITED.",2010,Q1,January,1,1.303212
Asia-Pacific,Malaysia, ,Miri,Energy Intelligence,"COPYRIGHT © 2001-2021 ENERGY INTELLIGENCE GROUP, INC. / ENERGY INTELLIGENCE GROUP (UK) LIMITED.",2009,Q1,January,1,5.50473
Asia-Pacific,Malaysia, ,Kekwa,Energy Intelligence,"COPYRIGHT © 2001-2021 ENERGY INTELLIGENCE GROUP, INC. / ENERGY INTELLIGENCE GROUP (UK) LIMITED.",2009,Q1,January,1,3.751219
Asia-Pacific,Malaysia, ,Dulang,Energy Intelligence,"COPYRIGHT © 2001-2021 ENERGY INTELLIGENCE GROUP, INC. / ENERGY INTELLIGENCE GROUP (UK) LIMITED.",2009,Q1,January,1,0.687501
Asia-Pacific,Malaysia, ,Bunga Orkid - Malaysia,Energy Intelligence,"COPYRIGHT © 2001-2021 ENERGY INTELLIGENCE GROUP, INC. / ENERGY INTELLIGENCE GROUP (UK) LIMITED.",2009,Q1,January,1,2.303204
Asia-Pacific,Malaysia, ,Bintulu Condensate,Energy Intelligence,"COPYRIGHT © 2001-2021 ENERGY INTELLIGENCE GROUP, INC. / ENERGY INTELLIGENCE GROUP (UK) LIMITED.",2009,Q1,January,1,0.781004
Asia-Pacific,Malaysia, ,Tapis Topped,Energy Intelligence,"COPYRIGHT © 2001-2021 ENERGY INTELLIGENCE GROUP, INC. / ENERGY INTELLIGENCE GROUP (UK) LIMITED.",2008,Q1,January,1,0.281013
Asia-Pacific,Malaysia, ,Tapis,Energy Intelligence,"COPYRIGHT © 2001-2021 ENERGY INTELLIGENCE GROUP, INC. / ENERGY INTELLIGENCE GROUP (UK) LIMITED.",2008,Q1,January,1,2.291738
Asia-Pacific,Malaysia, ,Penara Blend,Energy Intelligence,"COPYRIGHT © 2001-2021 ENERGY INTELLIGENCE GROUP, INC. / ENERGY INTELLIGENCE GROUP (UK) LIMITED.",2008,Q1,January,1,0.573317
Asia-Pacific,Malaysia, ,Miri,Energy Intelligence,"COPYRIGHT © 2001-2021 ENERGY INTELLIGENCE GROUP, INC. / ENERGY INTELLIGENCE GROUP (UK) LIMITED.",2008,Q1,January,1,7.143116
Asia-Pacific,Malaysia, ,Kikeh,Energy Intelligence,"COPYRIGHT © 2001-2021 ENERGY INTELLIGENCE GROUP, INC. / ENERGY INTELLIGENCE GROUP (UK) LIMITED.",2008,Q1,January,1,1.039776
Asia-Pacific,Malaysia, ,Dulang,Energy Intelligence,"COPYRIGHT © 2001-2021 ENERGY INTELLIGENCE GROUP, INC. / ENERGY INTELLIGENCE GROUP (UK) LIMITED.",2008,Q1,January,1,0.684007
Asia-Pacific,Malaysia, ,Bintulu Condensate,Energy Intelligence,"COPYRIGHT © 2001-2021 ENERGY INTELLIGENCE GROUP, INC. / ENERGY INTELLIGENCE GROUP (UK) LIMITED.",2008,Q1,January,1,1.584961
Asia-Pacific,Malaysia, ,Abu,Energy Intelligence,"COPYRIGHT © 2001-2021 ENERGY INTELLIGENCE GROUP, INC. / ENERGY INTELLIGENCE GROUP (UK) LIMITED.",2008,Q1,January,1,0.806607
Asia-Pacific,Malaysia, ,Tapis,Energy Intelligence,"COPYRIGHT © 2001-2021 ENERGY INTELLIGENCE GROUP, INC. / ENERGY INTELLIGENCE GROUP (UK) LIMITED.",2007,Q1,January,1,3.129753
Asia-Pacific,Malaysia, ,Miri,Energy Intelligence,"COPYRIGHT © 2001-2021 ENERGY INTELLIGENCE GROUP, INC. / ENERGY INTELLIGENCE GROUP (UK) LIMITED.",2007,Q1,January,1,13.863047
Asia-Pacific,Malaysia, ,Dulang,Energy Intelligence,"COPYRIGHT © 2001-2021 ENERGY INTELLIGENCE GROUP, INC. / ENERGY INTELLIGENCE GROUP (UK) LIMITED.",2007,Q1,January,1,0.684382
Asia-Pacific,Malaysia, ,Bintulu Condensate,Energy Intelligence,"COPYRIGHT © 2001-2021 ENERGY INTELLIGENCE GROUP, INC. / ENERGY INTELLIGENCE GROUP (UK) LIMITED.",2007,Q1,January,1,0.755775
Asia-Pacific,Malaysia, ,Abu,Energy Intelligence,"COPYRIGHT © 2001-2021 ENERGY INTELLIGENCE GROUP, INC. / ENERGY INTELLIGENCE GROUP (UK) LIMITED.",2007,Q1,January,1,0.703475
Asia-Pacific,Malaysia, ,Terengganu Condensate,Energy Intelligence,"COPYRIGHT © 2001-2021 ENERGY INTELLIGENCE GROUP, INC. / ENERGY INTELLIGENCE GROUP (UK) LIMITED.",2006,Q1,January,1,10.207001
Asia-Pacific,Malaysia, ,Tapis,Energy Intelligence,"COPYRIGHT © 2001-2021 ENERGY INTELLIGENCE GROUP, INC. / ENERGY INTELLIGENCE GROUP (UK) LIMITED.",2006,Q1,January,1,1.576913
Asia-Pacific,Malaysia, ,Penara Blend,Energy Intelligence,"COPYRIGHT © 2001-2021 ENERGY INTELLIGENCE GROUP, INC. / ENERGY INTELLIGENCE GROUP (UK) LIMITED.",2006,Q1,January,1,0.905369
Asia-Pacific,Malaysia, ,Miri,Energy Intelligence,"COPYRIGHT © 2001-2021 ENERGY INTELLIGENCE GROUP, INC. / ENERGY INTELLIGENCE GROUP (UK) LIMITED.",2006,Q1,January,1,1.761782
Asia-Pacific,Malaysia, ,Labuan,Energy Intelligence,"COPYRIGHT © 2001-2021 ENERGY INTELLIGENCE GROUP, INC. / ENERGY INTELLIGENCE GROUP (UK) LIMITED.",2006,Q1,January,1,0.780125
Asia-Pacific,Malaysia, ,Kekwa,Energy Intelligence,"COPYRIGHT © 2001-2021 ENERGY INTELLIGENCE GROUP, INC. / ENERGY INTELLIGENCE GROUP (UK) LIMITED.",2006,Q1,January,1,1.297905
Asia-Pacific,Malaysia, ,Dulang,Energy Intelligence,"COPYRIGHT © 2001-2021 ENERGY INTELLIGENCE GROUP, INC. / ENERGY INTELLIGENCE GROUP (UK) LIMITED.",2006,Q1,January,1,0.426965
Asia-Pacific,Malaysia, ,Bintulu Condensate,Energy Intelligence,"COPYRIGHT © 2001-2021 ENERGY INTELLIGENCE GROUP, INC. / ENERGY INTELLIGENCE GROUP (UK) LIMITED.",2006,Q1,January,1,1.711101
Asia-Pacific,Malaysia, ,Angsi,Energy Intelligence,"COPYRIGHT © 2001-2021 ENERGY INTELLIGENCE GROUP, INC. / ENERGY INTELLIGENCE GROUP (UK) LIMITED.",2006,Q1,January,1,2.16588
Asia-Pacific,Papua New Guinea, ,Papua Fuel Oil,Energy Intelligence,"COPYRIGHT © 2001-2021 ENERGY INTELLIGENCE GROUP, INC. / ENERGY INTELLIGENCE GROUP (UK) LIMITED.",2022,Q1,January,1,1.253058
Asia-Pacific,Papua New Guinea, ,Papua Fuel Oil,Energy Intelligence,"COPYRIGHT © 2001-2021 ENERGY INTELLIGENCE GROUP, INC. / ENERGY INTELLIGENCE GROUP (UK) LIMITED.",2021,Q1,January,1,1.277176
Asia-Pacific,Papua New Guinea, ,Papua Fuel Oil,Energy Intelligence,"COPYRIGHT © 2001-2021 ENERGY INTELLIGENCE GROUP, INC. / ENERGY INTELLIGENCE GROUP (UK) LIMITED.",2020,Q1,January,1,0.549771
Asia-Pacific,Papua New Guinea, ,Papua Fuel Oil,Energy Intelligence,"COPYRIGHT © 2001-2021 ENERGY INTELLIGENCE GROUP, INC. / ENERGY INTELLIGENCE GROUP (UK) LIMITED.",2019,Q1,January,1,0.583195
Asia-Pacific,Papua New Guinea, ,Papua Fuel Oil,Energy Intelligence,"COPYRIGHT © 2001-2021 ENERGY INTELLIGENCE GROUP, INC. / ENERGY INTELLIGENCE GROUP (UK) LIMITED.",2018,Q1,January,1,0.500996
Asia-Pacific,Papua New Guinea, ,Papua Fuel Oil,Energy Intelligence,"COPYRIGHT © 2001-2021 ENERGY INTELLIGENCE GROUP, INC. / ENERGY INTELLIGENCE GROUP (UK) LIMITED.",2017,Q1,January,1,0.515902
Asia-Pacific,Papua New Guinea, ,Kutubu,Energy Intelligence,"COPYRIGHT © 2001-2021 ENERGY INTELLIGENCE GROUP, INC. / ENERGY INTELLIGENCE GROUP (UK) LIMITED.",2015,Q1,January,1,8.917779
Asia-Pacific,Papua New Guinea, ,Kutubu,Energy Intelligence,"COPYRIGHT © 2001-2021 ENERGY INTELLIGENCE GROUP, INC. / ENERGY INTELLIGENCE GROUP (UK) LIMITED.",2014,Q1,January,1,1.710811
Asia-Pacific,Papua New Guinea, ,Kutubu,Energy Intelligence,"COPYRIGHT © 2001-2021 ENERGY INTELLIGENCE GROUP, INC. / ENERGY INTELLIGENCE GROUP (UK) LIMITED.",2012,Q1,January,1,1.567808
Asia-Pacific,Papua New Guinea, ,Kutubu,Energy Intelligence,"COPYRIGHT © 2001-2021 ENERGY INTELLIGENCE GROUP, INC. / ENERGY INTELLIGENCE GROUP (UK) LIMITED.",2011,Q1,January,1,1.701107
Asia-Pacific,Papua New Guinea, ,Kutubu,Energy Intelligence,"COPYRIGHT © 2001-2021 ENERGY INTELLIGENCE GROUP, INC. / ENERGY INTELLIGENCE GROUP (UK) LIMITED.",2010,Q1,January,1,1.779479
Asia-Pacific,Papua New Guinea, ,Kutubu,Energy Intelligence,"COPYRIGHT © 2001-2021 ENERGY INTELLIGENCE GROUP, INC. / ENERGY INTELLIGENCE GROUP (UK) LIMITED.",2009,Q1,January,1,1.691956
Asia-Pacific,Papua New Guinea, ,Kutubu,Energy Intelligence,"COPYRIGHT © 2001-2021 ENERGY INTELLIGENCE GROUP, INC. / ENERGY INTELLIGENCE GROUP (UK) LIMITED.",2008,Q1,January,1,4.240339
Asia-Pacific,Papua New Guinea, ,Kutubu,Energy Intelligence,"COPYRIGHT © 2001-2021 ENERGY INTELLIGENCE GROUP, INC. / ENERGY INTELLIGENCE GROUP (UK) LIMITED.",2006,Q1,January,1,1.85973
Asia-Pacific,Philippines, ,Palawan Light,Energy Intelligence,"COPYRIGHT © 2001-2021 ENERGY INTELLIGENCE GROUP, INC. / ENERGY INTELLIGENCE GROUP (UK) LIMITED.",2010,Q1,January,1,0.961771
Asia-Pacific,Philippines, ,Palawan Light,Energy Intelligence,"COPYRIGHT © 2001-2021 ENERGY INTELLIGENCE GROUP, INC. / ENERGY INTELLIGENCE GROUP (UK) LIMITED.",2009,Q1,January,1,0.938817
Asia-Pacific,Singapore, ,Tapis Bt - Singapore,Energy Intelligence,"COPYRIGHT © 2001-2021 ENERGY INTELLIGENCE GROUP, INC. / ENERGY INTELLIGENCE GROUP (UK) LIMITED.",2012,Q1,January,1,0.156889
Asia-Pacific,Singapore, ,Tapis,Energy Intelligence,"COPYRIGHT © 2001-2021 ENERGY INTELLIGENCE GROUP, INC. / ENERGY INTELLIGENCE GROUP (UK) LIMITED.",2007,Q1,January,1,0.227501
Asia-Pacific,Singapore, ,Tapis,Energy Intelligence,"COPYRIGHT © 2001-2021 ENERGY INTELLIGENCE GROUP, INC. / ENERGY INTELLIGENCE GROUP (UK) LIMITED.",2006,Q1,January,1,0.701976
Asia-Pacific,South Korea, ,Korea Fuel Oil,Energy Intelligence,"COPYRIGHT © 2001-2021 ENERGY INTELLIGENCE GROUP, INC. / ENERGY INTELLIGENCE GROUP (UK) LIMITED.",2011,Q1,January,1,5.822769
Asia-Pacific,South Korea, ,Korea Fuel Oil,Energy Intelligence,"COPYRIGHT © 2001-2021 ENERGY INTELLIGENCE GROUP, INC. / ENERGY INTELLIGENCE GROUP (UK) LIMITED.",2010,Q1,January,1,3.035888
Asia-Pacific,South Korea, ,Korea Fuel Oil,Energy Intelligence,"COPYRIGHT © 2001-2021 ENERGY INTELLIGENCE GROUP, INC. / ENERGY INTELLIGENCE GROUP (UK) LIMITED.",2009,Q1,January,1,0.443233
Asia-Pacific,Sri Lanka, ,Sri Lankan Fuel Oil,Energy Intelligence,"COPYRIGHT © 2001-2021 ENERGY INTELLIGENCE GROUP, INC. / ENERGY INTELLIGENCE GROUP (UK) LIMITED.",2015,Q1,January,1,0.272375
Asia-Pacific,Thailand, ,Thailand Fuel Oil,Energy Intelligence,"COPYRIGHT © 2001-2021 ENERGY INTELLIGENCE GROUP, INC. / ENERGY INTELLIGENCE GROUP (UK) LIMITED.",2022,Q1,January,1,0.72578
Asia-Pacific,Thailand, ,Thailand Fuel Oil,Energy Intelligence,"COPYRIGHT © 2001-2021 ENERGY INTELLIGENCE GROUP, INC. / ENERGY INTELLIGENCE GROUP (UK) LIMITED.",2021,Q1,January,1,1.49941
Asia-Pacific,Thailand, ,Thailand Fuel Oil,Energy Intelligence,"COPYRIGHT © 2001-2021 ENERGY INTELLIGENCE GROUP, INC. / ENERGY INTELLIGENCE GROUP (UK) LIMITED.",2020,Q1,January,1,0.230496
Asia-Pacific,Thailand, ,Msl SRFO,Energy Intelligence,"COPYRIGHT © 2001-2021 ENERGY INTELLIGENCE GROUP, INC. / ENERGY INTELLIGENCE GROUP (UK) LIMITED.",2008,Q1,January,1,0.963542
Asia-Pacific,Thailand, ,Tapis,Energy Intelligence,"COPYRIGHT © 2001-2021 ENERGY INTELLIGENCE GROUP, INC. / ENERGY INTELLIGENCE GROUP (UK) LIMITED.",2007,Q1,January,1,0.577731
Asia-Pacific,Vietnam, ,Thang Long,Energy Intelligence,"COPYRIGHT © 2001-2021 ENERGY INTELLIGENCE GROUP, INC. / ENERGY INTELLIGENCE GROUP (UK) LIMITED.",2024,Q1,January,1,0.81485
Asia-Pacific,Vietnam, ,Su Tu Den,Energy Intelligence,"COPYRIGHT © 2001-2021 ENERGY INTELLIGENCE GROUP, INC. / ENERGY INTELLIGENCE GROUP (UK) LIMITED.",2024,Q1,January,1,1.854915
Asia-Pacific,Vietnam, ,Bach Ho,Energy Intelligence,"COPYRIGHT © 2001-2021 ENERGY INTELLIGENCE GROUP, INC. / ENERGY INTELLIGENCE GROUP (UK) LIMITED.",2024,Q1,January,1,2.48267
Asia-Pacific,Vietnam, ,Thang Long,Energy Intelligence,"COPYRIGHT © 2001-2021 ENERGY INTELLIGENCE GROUP, INC. / ENERGY INTELLIGENCE GROUP (UK) LIMITED.",2023,Q1,January,1,1.061735
Asia-Pacific,Vietnam, ,Ruby,Energy Intelligence,"COPYRIGHT © 2001-2021 ENERGY INTELLIGENCE GROUP, INC. / ENERGY INTELLIGENCE GROUP (UK) LIMITED.",2023,Q1,January,1,2.735008
Asia-Pacific,Vietnam, ,Bach Ho,Energy Intelligence,"COPYRIGHT © 2001-2021 ENERGY INTELLIGENCE GROUP, INC. / ENERGY INTELLIGENCE GROUP (UK) LIMITED.",2023,Q1,January,1,2.50293
Asia-Pacific,Vietnam, ,Thang Long,Energy Intelligence,"COPYRIGHT © 2001-2021 ENERGY INTELLIGENCE GROUP, INC. / ENERGY INTELLIGENCE GROUP (UK) LIMITED.",2022,Q1,January,1,0.909903
Asia-Pacific,Vietnam, ,Su Tu Den,Energy Intelligence,"COPYRIGHT © 2001-2021 ENERGY INTELLIGENCE GROUP, INC. / ENERGY INTELLIGENCE GROUP (UK) LIMITED.",2022,Q1,January,1,7.39399
Asia-Pacific,Vietnam, ,Chimsao,Energy Intelligence,"COPYRIGHT © 2001-2021 ENERGY INTELLIGENCE GROUP, INC. / ENERGY INTELLIGENCE GROUP (UK) LIMITED.",2022,Q1,January,1,2.803327
Asia-Pacific,Vietnam, ,Thang Long,Energy Intelligence,"COPYRIGHT © 2001-2021 ENERGY INTELLIGENCE GROUP, INC. / ENERGY INTELLIGENCE GROUP (UK) LIMITED.",2021,Q1,January,1,0.909534
Asia-Pacific,Vietnam, ,Su Tu Den,Energy Intelligence,"COPYRIGHT © 2001-2021 ENERGY INTELLIGENCE GROUP, INC. / ENERGY INTELLIGENCE GROUP (UK) LIMITED.",2021,Q1,January,1,2.189683
Asia-Pacific,Vietnam, ,Ruby,Energy Intelligence,"COPYRIGHT © 2001-2021 ENERGY INTELLIGENCE GROUP, INC. / ENERGY INTELLIGENCE GROUP (UK) LIMITED.",2021,Q1,January,1,3.285587
Asia-Pacific,Vietnam, ,Chimsao,Energy Intelligence,"COPYRIGHT © 2001-2021 ENERGY INTELLIGENCE GROUP, INC. / ENERGY INTELLIGENCE GROUP (UK) LIMITED.",2021,Q1,January,1,0.818244
Asia-Pacific,Vietnam, ,Su Tu Den,Energy Intelligence,"COPYRIGHT © 2001-2021 ENERGY INTELLIGENCE GROUP, INC. / ENERGY INTELLIGENCE GROUP (UK) LIMITED.",2020,Q1,January,1,0.977086
Asia-Pacific,Vietnam, ,Ruby,Energy Intelligence,"COPYRIGHT © 2001-2021 ENERGY INTELLIGENCE GROUP, INC. / ENERGY INTELLIGENCE GROUP (UK) LIMITED.",2020,Q1,January,1,0.949782
Asia-Pacific,Vietnam, ,Dai Hung,Energy Intelligence,"COPYRIGHT © 2001-2021 ENERGY INTELLIGENCE GROUP, INC. / ENERGY INTELLIGENCE GROUP (UK) LIMITED.",2020,Q1,January,1,2.304896
Asia-Pacific,Vietnam, ,Chimsao,Energy Intelligence,"COPYRIGHT © 2001-2021 ENERGY INTELLIGENCE GROUP, INC. / ENERGY INTELLIGENCE GROUP (UK) LIMITED.",2020,Q1,January,1,0.977354
Asia-Pacific,Vietnam, ,Bach Ho,Energy Intelligence,"COPYRIGHT © 2001-2021 ENERGY INTELLIGENCE GROUP, INC. / ENERGY INTELLIGENCE GROUP (UK) LIMITED.",2020,Q1,January,1,2.987825
Asia-Pacific,Vietnam, ,Su Tu Den,Energy Intelligence,"COPYRIGHT © 2001-2021 ENERGY INTELLIGENCE GROUP, INC. / ENERGY INTELLIGENCE GROUP (UK) LIMITED.",2019,Q1,January,1,4.080432
Asia-Pacific,Vietnam, ,Dai Hung,Energy Intelligence,"COPYRIGHT © 2001-2021 ENERGY INTELLIGENCE GROUP, INC. / ENERGY INTELLIGENCE GROUP (UK) LIMITED.",2019,Q1,January,1,2.184322
Asia-Pacific,Vietnam, ,Chimsao,Energy Intelligence,"COPYRIGHT © 2001-2021 ENERGY INTELLIGENCE GROUP, INC. / ENERGY INTELLIGENCE GROUP (UK) LIMITED.",2019,Q1,January,1,3.191622
Asia-Pacific,Vietnam, ,Bach Ho,Energy Intelligence,"COPYRIGHT © 2001-2021 ENERGY INTELLIGENCE GROUP, INC. / ENERGY INTELLIGENCE GROUP (UK) LIMITED.",2019,Q1,January,1,0.652624
Asia-Pacific,Vietnam, ,Ruby,Energy Intelligence,"COPYRIGHT © 2001-2021 ENERGY INTELLIGENCE GROUP, INC. / ENERGY INTELLIGENCE GROUP (UK) LIMITED.",2018,Q1,January,1,1.928232
Asia-Pacific,Vietnam, ,Chimsao,Energy Intelligence,"COPYRIGHT © 2001-2021 ENERGY INTELLIGENCE GROUP, INC. / ENERGY INTELLIGENCE GROUP (UK) LIMITED.",2018,Q1,January,1,4.967003
Asia-Pacific,Vietnam, ,Bach Ho,Energy Intelligence,"COPYRIGHT © 2001-2021 ENERGY INTELLIGENCE GROUP, INC. / ENERGY INTELLIGENCE GROUP (UK) LIMITED.",2018,Q1,January,1,2.000694
Asia-Pacific,Vietnam, ,Su Tu Den,Energy Intelligence,"COPYRIGHT © 2001-2021 ENERGY INTELLIGENCE GROUP, INC. / ENERGY INTELLIGENCE GROUP (UK) LIMITED.",2017,Q1,January,1,6.258258
Asia-Pacific,Vietnam, ,Ruby,Energy Intelligence,"COPYRIGHT © 2001-2021 ENERGY INTELLIGENCE GROUP, INC. / ENERGY INTELLIGENCE GROUP (UK) LIMITED.",2017,Q1,January,1,4.185963
Asia-Pacific,Vietnam, ,Chimsao,Energy Intelligence,"COPYRIGHT © 2001-2021 ENERGY INTELLIGENCE GROUP, INC. / ENERGY INTELLIGENCE GROUP (UK) LIMITED.",2017,Q1,January,1,5.799308
Asia-Pacific,Vietnam, ,Bach Ho,Energy Intelligence,"COPYRIGHT © 2001-2021 ENERGY INTELLIGENCE GROUP, INC. / ENERGY INTELLIGENCE GROUP (UK) LIMITED.",2017,Q1,January,1,1.430182
Asia-Pacific,Vietnam, ,Su Tu Den,Energy Intelligence,"COPYRIGHT © 2001-2021 ENERGY INTELLIGENCE GROUP, INC. / ENERGY INTELLIGENCE GROUP (UK) LIMITED.",2016,Q1,January,1,4.718973
Asia-Pacific,Vietnam, ,Ruby,Energy Intelligence,"COPYRIGHT © 2001-2021 ENERGY INTELLIGENCE GROUP, INC. / ENERGY INTELLIGENCE GROUP (UK) LIMITED.",2016,Q1,January,1,2.111795
Asia-Pacific,Vietnam, ,Chimsao,Energy Intelligence,"COPYRIGHT © 2001-2021 ENERGY INTELLIGENCE GROUP, INC. / ENERGY INTELLIGENCE GROUP (UK) LIMITED.",2016,Q1,January,1,2.476071
Asia-Pacific,Vietnam, ,Bach Ho,Energy Intelligence,"COPYRIGHT © 2001-2021 ENERGY INTELLIGENCE GROUP, INC. / ENERGY INTELLIGENCE GROUP (UK) LIMITED.",2016,Q1,January,1,0.775056
Asia-Pacific,Vietnam, ,Thang Long,Energy Intelligence,"COPYRIGHT © 2001-2021 ENERGY INTELLIGENCE GROUP, INC. / ENERGY INTELLIGENCE GROUP (UK) LIMITED.",2015,Q1,January,1,0.547179
Asia-Pacific,Vietnam, ,Su Tu Den,Energy Intelligence,"COPYRIGHT © 2001-2021 ENERGY INTELLIGENCE GROUP, INC. / ENERGY INTELLIGENCE GROUP (UK) LIMITED.",2015,Q1,January,1,15.640914
Asia-Pacific,Vietnam, ,Song Doc,Energy Intelligence,"COPYRIGHT © 2001-2021 ENERGY INTELLIGENCE GROUP, INC. / ENERGY INTELLIGENCE GROUP (UK) LIMITED.",2015,Q1,January,1,0.543922
Asia-Pacific,Vietnam, ,Ruby,Energy Intelligence,"COPYRIGHT © 2001-2021 ENERGY INTELLIGENCE GROUP, INC. / ENERGY INTELLIGENCE GROUP (UK) LIMITED.",2015,Q1,January,1,4.44824
Asia-Pacific,Vietnam, ,Rang Dong,Energy Intelligence,"COPYRIGHT © 2001-2021 ENERGY INTELLIGENCE GROUP, INC. / ENERGY INTELLIGENCE GROUP (UK) LIMITED.",2015,Q1,January,1,5.407651
Asia-Pacific,Vietnam, ,Chimsao,Energy Intelligence,"COPYRIGHT © 2001-2021 ENERGY INTELLIGENCE GROUP, INC. / ENERGY INTELLIGENCE GROUP (UK) LIMITED.",2015,Q1,January,1,2.256232
Asia-Pacific,Vietnam, ,Bach Ho,Energy Intelligence,"COPYRIGHT © 2001-2021 ENERGY INTELLIGENCE GROUP, INC. / ENERGY INTELLIGENCE GROUP (UK) LIMITED.",2015,Q1,January,1,0.887363
Asia-Pacific,Vietnam, ,Te Giac Trang,Energy Intelligence,"COPYRIGHT © 2001-2021 ENERGY INTELLIGENCE GROUP, INC. / ENERGY INTELLIGENCE GROUP (UK) LIMITED.",2014,Q1,January,1,2.38856
Asia-Pacific,Vietnam, ,Su Tu Den,Energy Intelligence,"COPYRIGHT © 2001-2021 ENERGY INTELLIGENCE GROUP, INC. / ENERGY INTELLIGENCE GROUP (UK) LIMITED.",2014,Q1,January,1,22.866854
Asia-Pacific,Vietnam, ,Song Doc,Energy Intelligence,"COPYRIGHT © 2001-2021 ENERGY INTELLIGENCE GROUP, INC. / ENERGY INTELLIGENCE GROUP (UK) LIMITED.",2014,Q1,January,1,0.816917
Asia-Pacific,Vietnam, ,Ruby,Energy Intelligence,"COPYRIGHT © 2001-2021 ENERGY INTELLIGENCE GROUP, INC. / ENERGY INTELLIGENCE GROUP (UK) LIMITED.",2014,Q1,January,1,0.656536
Asia-Pacific,Vietnam, ,Rang Dong,Energy Intelligence,"COPYRIGHT © 2001-2021 ENERGY INTELLIGENCE GROUP, INC. / ENERGY INTELLIGENCE GROUP (UK) LIMITED.",2014,Q1,January,1,1.719513
Asia-Pacific,Vietnam, ,Dai Hung,Energy Intelligence,"COPYRIGHT © 2001-2021 ENERGY INTELLIGENCE GROUP, INC. / ENERGY INTELLIGENCE GROUP (UK) LIMITED.",2014,Q1,January,1,3.769319
Asia-Pacific,Vietnam, ,Chimsao,Energy Intelligence,"COPYRIGHT © 2001-2021 ENERGY INTELLIGENCE GROUP, INC. / ENERGY INTELLIGENCE GROUP (UK) LIMITED.",2014,Q1,January,1,4.970914
Asia-Pacific,Vietnam, ,Bach Ho,Energy Intelligence,"COPYRIGHT © 2001-2021 ENERGY INTELLIGENCE GROUP, INC. / ENERGY INTELLIGENCE GROUP (UK) LIMITED.",2014,Q1,January,1,4.911962
Asia-Pacific,Vietnam, ,Te Giac Trang,Energy Intelligence,"COPYRIGHT © 2001-2021 ENERGY INTELLIGENCE GROUP, INC. / ENERGY INTELLIGENCE GROUP (UK) LIMITED.",2013,Q1,January,1,4.929419
Asia-Pacific,Vietnam, ,Su Tu Den,Energy Intelligence,"COPYRIGHT © 2001-2021 ENERGY INTELLIGENCE GROUP, INC. / ENERGY INTELLIGENCE GROUP (UK) LIMITED.",2013,Q1,January,1,28.699903
Asia-Pacific,Vietnam, ,Ruby,Energy Intelligence,"COPYRIGHT © 2001-2021 ENERGY INTELLIGENCE GROUP, INC. / ENERGY INTELLIGENCE GROUP (UK) LIMITED.",2013,Q1,January,1,2.358713
Asia-Pacific,Vietnam, ,Rang Dong,Energy Intelligence,"COPYRIGHT © 2001-2021 ENERGY INTELLIGENCE GROUP, INC. / ENERGY INTELLIGENCE GROUP (UK) LIMITED.",2013,Q1,January,1,5.379511
Asia-Pacific,Vietnam, ,Dai Hung,Energy Intelligence,"COPYRIGHT © 2001-2021 ENERGY INTELLIGENCE GROUP, INC. / ENERGY INTELLIGENCE GROUP (UK) LIMITED.",2013,Q1,January,1,1.100458
Asia-Pacific,Vietnam, ,Chimsao,Energy Intelligence,"COPYRIGHT © 2001-2021 ENERGY INTELLIGENCE GROUP, INC. / ENERGY INTELLIGENCE GROUP (UK) LIMITED.",2013,Q1,January,1,3.795444
Asia-Pacific,Vietnam, ,Bach Ho,Energy Intelligence,"COPYRIGHT © 2001-2021 ENERGY INTELLIGENCE GROUP, INC. / ENERGY INTELLIGENCE GROUP (UK) LIMITED.",2013,Q1,January,1,3.243767
Asia-Pacific,Vietnam, ,Te Giac Trang,Energy Intelligence,"COPYRIGHT © 2001-2021 ENERGY INTELLIGENCE GROUP, INC. / ENERGY INTELLIGENCE GROUP (UK) LIMITED.",2012,Q1,January,1,0.676032
Asia-Pacific,Vietnam, ,Su Tu Den,Energy Intelligence,"COPYRIGHT © 2001-2021 ENERGY INTELLIGENCE GROUP, INC. / ENERGY INTELLIGENCE GROUP (UK) LIMITED.",2012,Q1,January,1,40.875657
Asia-Pacific,Vietnam, ,Song Doc,Energy Intelligence,"COPYRIGHT © 2001-2021 ENERGY INTELLIGENCE GROUP, INC. / ENERGY INTELLIGENCE GROUP (UK) LIMITED.",2012,Q1,January,1,2.083497
Asia-Pacific,Vietnam, ,Ruby,Energy Intelligence,"COPYRIGHT © 2001-2021 ENERGY INTELLIGENCE GROUP, INC. / ENERGY INTELLIGENCE GROUP (UK) LIMITED.",2012,Q1,January,1,6.709317
Asia-Pacific,Vietnam, ,Rang Dong,Energy Intelligence,"COPYRIGHT © 2001-2021 ENERGY INTELLIGENCE GROUP, INC. / ENERGY INTELLIGENCE GROUP (UK) LIMITED.",2012,Q1,January,1,14.542513
Asia-Pacific,Vietnam, ,Chimsao,Energy Intelligence,"COPYRIGHT © 2001-2021 ENERGY INTELLIGENCE GROUP, INC. / ENERGY INTELLIGENCE GROUP (UK) LIMITED.",2012,Q1,January,1,8.527065
Asia-Pacific,Vietnam, ,Bach Ho,Energy Intelligence,"COPYRIGHT © 2001-2021 ENERGY INTELLIGENCE GROUP, INC. / ENERGY INTELLIGENCE GROUP (UK) LIMITED.",2012,Q1,January,1,9.439495
Asia-Pacific,Vietnam, ,Te Giac Trang,Energy Intelligence,"COPYRIGHT © 2001-2021 ENERGY INTELLIGENCE GROUP, INC. / ENERGY INTELLIGENCE GROUP (UK) LIMITED.",2011,Q1,January,1,0.813107
Asia-Pacific,Vietnam, ,Su Tu Den,Energy Intelligence,"COPYRIGHT © 2001-2021 ENERGY INTELLIGENCE GROUP, INC. / ENERGY INTELLIGENCE GROUP (UK) LIMITED.",2011,Q1,January,1,23.551475
Asia-Pacific,Vietnam, ,Ruby,Energy Intelligence,"COPYRIGHT © 2001-2021 ENERGY INTELLIGENCE GROUP, INC. / ENERGY INTELLIGENCE GROUP (UK) LIMITED.",2011,Q1,January,1,4.109807
Asia-Pacific,Vietnam, ,Rang Dong,Energy Intelligence,"COPYRIGHT © 2001-2021 ENERGY INTELLIGENCE GROUP, INC. / ENERGY INTELLIGENCE GROUP (UK) LIMITED.",2011,Q1,January,1,4.390177
Asia-Pacific,Vietnam, ,Nam Con Son Condensate,Energy Intelligence,"COPYRIGHT © 2001-2021 ENERGY INTELLIGENCE GROUP, INC. / ENERGY INTELLIGENCE GROUP (UK) LIMITED.",2011,Q1,January,1,0.403685
Asia-Pacific,Vietnam, ,Dai Hung,Energy Intelligence,"COPYRIGHT © 2001-2021 ENERGY INTELLIGENCE GROUP, INC. / ENERGY INTELLIGENCE GROUP (UK) LIMITED.",2011,Q1,January,1,1.078503
Asia-Pacific,Vietnam, ,Chimsao,Energy Intelligence,"COPYRIGHT © 2001-2021 ENERGY INTELLIGENCE GROUP, INC. / ENERGY INTELLIGENCE GROUP (UK) LIMITED.",2011,Q1,January,1,0.782606
Asia-Pacific,Vietnam, ,Bach Ho,Energy Intelligence,"COPYRIGHT © 2001-2021 ENERGY INTELLIGENCE GROUP, INC. / ENERGY INTELLIGENCE GROUP (UK) LIMITED.",2011,Q1,January,1,8.277825
Asia-Pacific,Vietnam, ,Su Tu Den,Energy Intelligence,"COPYRIGHT © 2001-2021 ENERGY INTELLIGENCE GROUP, INC. / ENERGY INTELLIGENCE GROUP (UK) LIMITED.",2010,Q1,January,1,5.179538
Asia-Pacific,Vietnam, ,Rang Dong,Energy Intelligence,"COPYRIGHT © 2001-2021 ENERGY INTELLIGENCE GROUP, INC. / ENERGY INTELLIGENCE GROUP (UK) LIMITED.",2010,Q1,January,1,0.526241
Asia-Pacific,Vietnam, ,Su Tu Den,Energy Intelligence,"COPYRIGHT © 2001-2021 ENERGY INTELLIGENCE GROUP, INC. / ENERGY INTELLIGENCE GROUP (UK) LIMITED.",2009,Q1,January,1,15.400911
Asia-Pacific,Vietnam, ,Ruby,Energy Intelligence,"COPYRIGHT © 2001-2021 ENERGY INTELLIGENCE GROUP, INC. / ENERGY INTELLIGENCE GROUP (UK) LIMITED.",2009,Q1,January,1,1.092426
Asia-Pacific,Vietnam, ,Rong Doi Condensate,Energy Intelligence,"COPYRIGHT © 2001-2021 ENERGY INTELLIGENCE GROUP, INC. / ENERGY INTELLIGENCE GROUP (UK) LIMITED.",2009,Q1,January,1,1.086068
Asia-Pacific,Vietnam, ,Rang Dong,Energy Intelligence,"COPYRIGHT © 2001-2021 ENERGY INTELLIGENCE GROUP, INC. / ENERGY INTELLIGENCE GROUP (UK) LIMITED.",2009,Q1,January,1,1.36175
Asia-Pacific,Vietnam, ,Bach Ho,Energy Intelligence,"COPYRIGHT © 2001-2021 ENERGY INTELLIGENCE GROUP, INC. / ENERGY INTELLIGENCE GROUP (UK) LIMITED.",2009,Q1,January,1,6.989071
Asia-Pacific,Vietnam, ,Su Tu Den,Energy Intelligence,"COPYRIGHT © 2001-2021 ENERGY INTELLIGENCE GROUP, INC. / ENERGY INTELLIGENCE GROUP (UK) LIMITED.",2008,Q1,January,1,32.648977
Asia-Pacific,Vietnam, ,Ruby,Energy Intelligence,"COPYRIGHT © 2001-2021 ENERGY INTELLIGENCE GROUP, INC. / ENERGY INTELLIGENCE GROUP (UK) LIMITED.",2008,Q1,January,1,0.539376
Asia-Pacific,Vietnam, ,Rong Doi Condensate,Energy Intelligence,"COPYRIGHT © 2001-2021 ENERGY INTELLIGENCE GROUP, INC. / ENERGY INTELLIGENCE GROUP (UK) LIMITED.",2008,Q1,January,1,1.030702
Asia-Pacific,Vietnam, ,Rang Dong,Energy Intelligence,"COPYRIGHT © 2001-2021 ENERGY INTELLIGENCE GROUP, INC. / ENERGY INTELLIGENCE GROUP (UK) LIMITED.",2008,Q1,January,1,5.388829
Asia-Pacific,Vietnam, ,Bach Ho,Energy Intelligence,"COPYRIGHT © 2001-2021 ENERGY INTELLIGENCE GROUP, INC. / ENERGY INTELLIGENCE GROUP (UK) LIMITED.",2008,Q1,January,1,21.615585
Asia-Pacific,Vietnam, ,Su Tu Den,Energy Intelligence,"COPYRIGHT © 2001-2021 ENERGY INTELLIGENCE GROUP, INC. / ENERGY INTELLIGENCE GROUP (UK) LIMITED.",2007,Q1,January,1,17.24558
Asia-Pacific,Vietnam, ,Ruby,Energy Intelligence,"COPYRIGHT © 2001-2021 ENERGY INTELLIGENCE GROUP, INC. / ENERGY INTELLIGENCE GROUP (UK) LIMITED.",2007,Q1,January,1,2.84971
Asia-Pacific,Vietnam, ,Rang Dong,Energy Intelligence,"COPYRIGHT © 2001-2021 ENERGY INTELLIGENCE GROUP, INC. / ENERGY INTELLIGENCE GROUP (UK) LIMITED.",2007,Q1,January,1,0.529825
Asia-Pacific,Vietnam, ,Bach Ho,Energy Intelligence,"COPYRIGHT © 2001-2021 ENERGY INTELLIGENCE GROUP, INC. / ENERGY INTELLIGENCE GROUP (UK) LIMITED.",2007,Q1,January,1,14.669089
Asia-Pacific,Vietnam, ,Su Tu Den,Energy Intelligence,"COPYRIGHT © 2001-2021 ENERGY INTELLIGENCE GROUP, INC. / ENERGY INTELLIGENCE GROUP (UK) LIMITED.",2006,Q1,January,1,12.384892
Asia-Pacific,Vietnam, ,Ruby,Energy Intelligence,"COPYRIGHT © 2001-2021 ENERGY INTELLIGENCE GROUP, INC. / ENERGY INTELLIGENCE GROUP (UK) LIMITED.",2006,Q1,January,1,2.06669
Asia-Pacific,Vietnam, ,Rang Dong,Energy Intelligence,"COPYRIGHT © 2001-2021 ENERGY INTELLIGENCE GROUP, INC. / ENERGY INTELLIGENCE GROUP (UK) LIMITED.",2006,Q1,January,1,4.215441
Asia-Pacific,Vietnam, ,Bach Ho,Energy Intelligence,"COPYRIGHT © 2001-2021 ENERGY INTELLIGENCE GROUP, INC. / ENERGY INTELLIGENCE GROUP (UK) LIMITED.",2006,Q1,January,1,11.516538
Europe,Norway, ,Alvheim,Energy Intelligence,"COPYRIGHT © 2001-2021 ENERGY INTELLIGENCE GROUP, INC. / ENERGY INTELLIGENCE GROUP (UK) LIMITED.",2014,Q1,January,1,1.011264
Europe,Norway, ,Alvheim,Energy Intelligence,"COPYRIGHT © 2001-2021 ENERGY INTELLIGENCE GROUP, INC. / ENERGY INTELLIGENCE GROUP (UK) LIMITED.",2013,Q1,January,1,1.257324
Europe,Norway, ,Asgard Blend,Energy Intelligence,"COPYRIGHT © 2001-2021 ENERGY INTELLIGENCE GROUP, INC. / ENERGY INTELLIGENCE GROUP (UK) LIMITED.",2010,Q1,January,1,1.088411
Europe,Norway, ,Sleipner Condensate,Energy Intelligence,"COPYRIGHT © 2001-2021 ENERGY INTELLIGENCE GROUP, INC. / ENERGY INTELLIGENCE GROUP (UK) LIMITED.",2009,Q1,January,1,1.722078
Europe,United Kingdom, ,Forties Blend,Energy Intelligence,"COPYRIGHT © 2001-2021 ENERGY INTELLIGENCE GROUP, INC. / ENERGY INTELLIGENCE GROUP (UK) LIMITED.",2021,Q1,January,1,0.000172
Europe,United Kingdom, ,Forties Blend,Energy Intelligence,"COPYRIGHT © 2001-2021 ENERGY INTELLIGENCE GROUP, INC. / ENERGY INTELLIGENCE GROUP (UK) LIMITED.",2017,Q1,January,1,1.664628
Europe,United Kingdom, ,Forties Blend,Energy Intelligence,"COPYRIGHT © 2001-2021 ENERGY INTELLIGENCE GROUP, INC. / ENERGY INTELLIGENCE GROUP (UK) LIMITED.",2012,Q1,January,1,2.791181
Europe,United Kingdom, ,Forties Blend,Energy Intelligence,"COPYRIGHT © 2001-2021 ENERGY INTELLIGENCE GROUP, INC. / ENERGY INTELLIGENCE GROUP (UK) LIMITED.",2011,Q1,January,1,1.639432
FSU,Azerbaijan, ,Azeri Light,Energy Intelligence,"COPYRIGHT © 2001-2021 ENERGY INTELLIGENCE GROUP, INC. / ENERGY INTELLIGENCE GROUP (UK) LIMITED.",2012,Q1,January,1,0.544128
FSU,Azerbaijan, ,Azeri Light,Energy Intelligence,"COPYRIGHT © 2001-2021 ENERGY INTELLIGENCE GROUP, INC. / ENERGY INTELLIGENCE GROUP (UK) LIMITED.",2010,Q1,January,1,1.201128
FSU,Azerbaijan, ,Azeri Light,Energy Intelligence,"COPYRIGHT © 2001-2021 ENERGY INTELLIGENCE GROUP, INC. / ENERGY INTELLIGENCE GROUP (UK) LIMITED.",2009,Q1,January,1,5.22884
FSU,Azerbaijan, ,Azeri Light,Energy Intelligence,"COPYRIGHT © 2001-2021 ENERGY INTELLIGENCE GROUP, INC. / ENERGY INTELLIGENCE GROUP (UK) LIMITED.",2007,Q1,January,1,9.140596
FSU,Kazakhstan, ,CPC Blend - Kazakhstan,Energy Intelligence,"COPYRIGHT © 2001-2021 ENERGY INTELLIGENCE GROUP, INC. / ENERGY INTELLIGENCE GROUP (UK) LIMITED.",2022,Q1,January,1,2.969738
FSU,Kazakhstan, ,CPC Blend - Kazakhstan,Energy Intelligence,"COPYRIGHT © 2001-2021 ENERGY INTELLIGENCE GROUP, INC. / ENERGY INTELLIGENCE GROUP (UK) LIMITED.",2021,Q1,January,1,2.86064
FSU,Kazakhstan, ,CPC Blend - Kazakhstan,Energy Intelligence,"COPYRIGHT © 2001-2021 ENERGY INTELLIGENCE GROUP, INC. / ENERGY INTELLIGENCE GROUP (UK) LIMITED.",2020,Q1,January,1,17.16649
FSU,Kazakhstan, ,CPC Blend - Kazakhstan,Energy Intelligence,"COPYRIGHT © 2001-2021 ENERGY INTELLIGENCE GROUP, INC. / ENERGY INTELLIGENCE GROUP (UK) LIMITED.",2019,Q1,January,1,18.825625
FSU,Kazakhstan, ,CPC Blend - Kazakhstan,Energy Intelligence,"COPYRIGHT © 2001-2021 ENERGY INTELLIGENCE GROUP, INC. / ENERGY INTELLIGENCE GROUP (UK) LIMITED.",2018,Q1,January,1,34.803587
FSU,Kazakhstan, ,Zhaikmunai Condensate,Energy Intelligence,"COPYRIGHT © 2001-2021 ENERGY INTELLIGENCE GROUP, INC. / ENERGY INTELLIGENCE GROUP (UK) LIMITED.",2017,Q1,January,1,1.405936
FSU,Kazakhstan, ,CPC Blend - Kazakhstan,Energy Intelligence,"COPYRIGHT © 2001-2021 ENERGY INTELLIGENCE GROUP, INC. / ENERGY INTELLIGENCE GROUP (UK) LIMITED.",2017,Q1,January,1,30.429463
FSU,Kazakhstan, ,CPC Blend - Kazakhstan,Energy Intelligence,"COPYRIGHT © 2001-2021 ENERGY INTELLIGENCE GROUP, INC. / ENERGY INTELLIGENCE GROUP (UK) LIMITED.",2016,Q1,January,1,13.10793
FSU,Kazakhstan, ,CPC Blend - Kazakhstan,Energy Intelligence,"COPYRIGHT © 2001-2021 ENERGY INTELLIGENCE GROUP, INC. / ENERGY INTELLIGENCE GROUP (UK) LIMITED.",2015,Q1,January,1,20.445398
FSU,Kazakhstan, ,CPC Blend - Kazakhstan,Energy Intelligence,"COPYRIGHT © 2001-2021 ENERGY INTELLIGENCE GROUP, INC. / ENERGY INTELLIGENCE GROUP (UK) LIMITED.",2014,Q1,January,1,5.824019
FSU,Kazakhstan, ,CPC Blend - Kazakhstan,Energy Intelligence,"COPYRIGHT © 2001-2021 ENERGY INTELLIGENCE GROUP, INC. / ENERGY INTELLIGENCE GROUP (UK) LIMITED.",2013,Q1,January,1,2.871652
FSU,Russia, ,Sakhalin Blend,Energy Intelligence,"COPYRIGHT © 2001-2021 ENERGY INTELLIGENCE GROUP, INC. / ENERGY INTELLIGENCE GROUP (UK) LIMITED.",2025,Q1,January,1,3.311707
FSU,Russia, ,Sakhalin Blend,Energy Intelligence,"COPYRIGHT © 2001-2021 ENERGY INTELLIGENCE GROUP, INC. / ENERGY INTELLIGENCE GROUP (UK) LIMITED.",2023,Q1,January,1,2.459564
FSU,Russia, ,Sokol,Energy Intelligence,"COPYRIGHT © 2001-2021 ENERGY INTELLIGENCE GROUP, INC. / ENERGY INTELLIGENCE GROUP (UK) LIMITED.",2022,Q1,January,1,10.552926
FSU,Russia, ,Sakhalin Blend,Energy Intelligence,"COPYRIGHT © 2001-2021 ENERGY INTELLIGENCE GROUP, INC. / ENERGY INTELLIGENCE GROUP (UK) LIMITED.",2022,Q1,January,1,6.175671
FSU,Russia, ,Espo Blend,Energy Intelligence,"COPYRIGHT © 2001-2021 ENERGY INTELLIGENCE GROUP, INC. / ENERGY INTELLIGENCE GROUP (UK) LIMITED.",2022,Q1,January,1,20.240453
FSU,Russia, ,Sokol,Energy Intelligence,"COPYRIGHT © 2001-2021 ENERGY INTELLIGENCE GROUP, INC. / ENERGY INTELLIGENCE GROUP (UK) LIMITED.",2021,Q1,January,1,30.980537
FSU,Russia, ,Sakhalin Blend,Energy Intelligence,"COPYRIGHT © 2001-2021 ENERGY INTELLIGENCE GROUP, INC. / ENERGY INTELLIGENCE GROUP (UK) LIMITED.",2021,Q1,January,1,6.955061
FSU,Russia, ,Espo Blend,Energy Intelligence,"COPYRIGHT © 2001-2021 ENERGY INTELLIGENCE GROUP, INC. / ENERGY INTELLIGENCE GROUP (UK) LIMITED.",2021,Q1,January,1,50.537331
FSU,Russia, ,Sokol,Energy Intelligence,"COPYRIGHT © 2001-2021 ENERGY INTELLIGENCE GROUP, INC. / ENERGY INTELLIGENCE GROUP (UK) LIMITED.",2020,Q1,January,1,34.577096
FSU,Russia, ,Sakhalin Blend,Energy Intelligence,"COPYRIGHT © 2001-2021 ENERGY INTELLIGENCE GROUP, INC. / ENERGY INTELLIGENCE GROUP (UK) LIMITED.",2020,Q1,January,1,11.813109
FSU,Russia, ,Espo Blend,Energy Intelligence,"COPYRIGHT © 2001-2021 ENERGY INTELLIGENCE GROUP, INC. / ENERGY INTELLIGENCE GROUP (UK) LIMITED.",2020,Q1,January,1,38.524055
FSU,Russia, ,Sokol,Energy Intelligence,"COPYRIGHT © 2001-2021 ENERGY INTELLIGENCE GROUP, INC. / ENERGY INTELLIGENCE GROUP (UK) LIMITED.",2019,Q1,January,1,75.442635
FSU,Russia, ,Sakhalin Blend,Energy Intelligence,"COPYRIGHT © 2001-2021 ENERGY INTELLIGENCE GROUP, INC. / ENERGY INTELLIGENCE GROUP (UK) LIMITED.",2019,Q1,January,1,29.001452
FSU,Russia, ,Espo Blend,Energy Intelligence,"COPYRIGHT © 2001-2021 ENERGY INTELLIGENCE GROUP, INC. / ENERGY INTELLIGENCE GROUP (UK) LIMITED.",2019,Q1,January,1,49.187641
FSU,Russia, ,Yamal,Energy Intelligence,"COPYRIGHT © 2001-2021 ENERGY INTELLIGENCE GROUP, INC. / ENERGY INTELLIGENCE GROUP (UK) LIMITED.",2018,Q1,January,1,0.838199
FSU,Russia, ,Sokol,Energy Intelligence,"COPYRIGHT © 2001-2021 ENERGY INTELLIGENCE GROUP, INC. / ENERGY INTELLIGENCE GROUP (UK) LIMITED.",2018,Q1,January,1,54.214767
FSU,Russia, ,Sakhalin Blend,Energy Intelligence,"COPYRIGHT © 2001-2021 ENERGY INTELLIGENCE GROUP, INC. / ENERGY INTELLIGENCE GROUP (UK) LIMITED.",2018,Q1,January,1,27.048027
FSU,Russia, ,Espo Blend,Energy Intelligence,"COPYRIGHT © 2001-2021 ENERGY INTELLIGENCE GROUP, INC. / ENERGY INTELLIGENCE GROUP (UK) LIMITED.",2018,Q1,January,1,53.509757
FSU,Russia, ,Sokol,Energy Intelligence,"COPYRIGHT © 2001-2021 ENERGY INTELLIGENCE GROUP, INC. / ENERGY INTELLIGENCE GROUP (UK) LIMITED.",2017,Q1,January,1,52.575692
FSU,Russia, ,Sakhalin Blend,Energy Intelligence,"COPYRIGHT © 2001-2021 ENERGY INTELLIGENCE GROUP, INC. / ENERGY INTELLIGENCE GROUP (UK) LIMITED.",2017,Q1,January,1,39.489892
FSU,Russia, ,Espo Blend,Energy Intelligence,"COPYRIGHT © 2001-2021 ENERGY INTELLIGENCE GROUP, INC. / ENERGY INTELLIGENCE GROUP (UK) LIMITED.",2017,Q1,January,1,90.748623
FSU,Russia, ,Sokol,Energy Intelligence,"COPYRIGHT © 2001-2021 ENERGY INTELLIGENCE GROUP, INC. / ENERGY INTELLIGENCE GROUP (UK) LIMITED.",2016,Q1,January,1,73.416243
FSU,Russia, ,Sakhalin Blend,Energy Intelligence,"COPYRIGHT © 2001-2021 ENERGY INTELLIGENCE GROUP, INC. / ENERGY INTELLIGENCE GROUP (UK) LIMITED.",2016,Q1,January,1,45.227085
FSU,Russia, ,Espo Blend,Energy Intelligence,"COPYRIGHT © 2001-2021 ENERGY INTELLIGENCE GROUP, INC. / ENERGY INTELLIGENCE GROUP (UK) LIMITED.",2016,Q1,January,1,79.830251
FSU,Russia, ,Sokol,Energy Intelligence,"COPYRIGHT © 2001-2021 ENERGY INTELLIGENCE GROUP, INC. / ENERGY INTELLIGENCE GROUP (UK) LIMITED.",2015,Q1,January,1,62.081579
FSU,Russia, ,Sakhalin Vityaz,Energy Intelligence,"COPYRIGHT © 2001-2021 ENERGY INTELLIGENCE GROUP, INC. / ENERGY INTELLIGENCE GROUP (UK) LIMITED.",2015,Q1,January,1,11.299583
FSU,Russia, ,Sakhalin Blend,Energy Intelligence,"COPYRIGHT © 2001-2021 ENERGY INTELLIGENCE GROUP, INC. / ENERGY INTELLIGENCE GROUP (UK) LIMITED.",2015,Q1,January,1,37.785525
FSU,Russia, ,M100 Fuel Oil,Energy Intelligence,"COPYRIGHT © 2001-2021 ENERGY INTELLIGENCE GROUP, INC. / ENERGY INTELLIGENCE GROUP (UK) LIMITED.",2015,Q1,January,1,1.338041
FSU,Russia, ,Espo Blend,Energy Intelligence,"COPYRIGHT © 2001-2021 ENERGY INTELLIGENCE GROUP, INC. / ENERGY INTELLIGENCE GROUP (UK) LIMITED.",2015,Q1,January,1,173.627879
FSU,Russia, ,Sokol,Energy Intelligence,"COPYRIGHT © 2001-2021 ENERGY INTELLIGENCE GROUP, INC. / ENERGY INTELLIGENCE GROUP (UK) LIMITED.",2014,Q1,January,1,52.298926
FSU,Russia, ,Sakhalin Vityaz,Energy Intelligence,"COPYRIGHT © 2001-2021 ENERGY INTELLIGENCE GROUP, INC. / ENERGY INTELLIGENCE GROUP (UK) LIMITED.",2014,Q1,January,1,34.702743
FSU,Russia, ,Sakhalin Blend,Energy Intelligence,"COPYRIGHT © 2001-2021 ENERGY INTELLIGENCE GROUP, INC. / ENERGY INTELLIGENCE GROUP (UK) LIMITED.",2014,Q1,January,1,2.611529
FSU,Russia, ,Russian Fuel Oil,Energy Intelligence,"COPYRIGHT © 2001-2021 ENERGY INTELLIGENCE GROUP, INC. / ENERGY INTELLIGENCE GROUP (UK) LIMITED.",2014,Q1,January,1,4.289633
FSU,Russia, ,M100 Fuel Oil,Energy Intelligence,"COPYRIGHT © 2001-2021 ENERGY INTELLIGENCE GROUP, INC. / ENERGY INTELLIGENCE GROUP (UK) LIMITED.",2014,Q1,January,1,0.497446
FSU,Russia, ,Espo Blend,Energy Intelligence,"COPYRIGHT © 2001-2021 ENERGY INTELLIGENCE GROUP, INC. / ENERGY INTELLIGENCE GROUP (UK) LIMITED.",2014,Q1,January,1,187.762219
FSU,Russia, ,Sokol,Energy Intelligence,"COPYRIGHT © 2001-2021 ENERGY INTELLIGENCE GROUP, INC. / ENERGY INTELLIGENCE GROUP (UK) LIMITED.",2013,Q1,January,1,44.609555
FSU,Russia, ,Sakhalin Vityaz,Energy Intelligence,"COPYRIGHT © 2001-2021 ENERGY INTELLIGENCE GROUP, INC. / ENERGY INTELLIGENCE GROUP (UK) LIMITED.",2013,Q1,January,1,35.763601
FSU,Russia, ,M100 Fuel Oil,Energy Intelligence,"COPYRIGHT © 2001-2021 ENERGY INTELLIGENCE GROUP, INC. / ENERGY INTELLIGENCE GROUP (UK) LIMITED.",2013,Q1,January,1,0.492604
FSU,Russia, ,Espo Blend,Energy Intelligence,"COPYRIGHT © 2001-2021 ENERGY INTELLIGENCE GROUP, INC. / ENERGY INTELLIGENCE GROUP (UK) LIMITED.",2013,Q1,January,1,171.264495
FSU,Russia, ,Vityaz,Energy Intelligence,"COPYRIGHT © 2001-2021 ENERGY INTELLIGENCE GROUP, INC. / ENERGY INTELLIGENCE GROUP (UK) LIMITED.",2012,Q1,January,1,27.699918
FSU,Russia, ,Sokol,Energy Intelligence,"COPYRIGHT © 2001-2021 ENERGY INTELLIGENCE GROUP, INC. / ENERGY INTELLIGENCE GROUP (UK) LIMITED.",2012,Q1,January,1,30.468244
FSU,Russia, ,Russian Fuel Oil,Energy Intelligence,"COPYRIGHT © 2001-2021 ENERGY INTELLIGENCE GROUP, INC. / ENERGY INTELLIGENCE GROUP (UK) LIMITED.",2012,Q1,January,1,0.795391
FSU,Russia, ,M100 Fuel Oil,Energy Intelligence,"COPYRIGHT © 2001-2021 ENERGY INTELLIGENCE GROUP, INC. / ENERGY INTELLIGENCE GROUP (UK) LIMITED.",2012,Q1,January,1,2.257552
FSU,Russia, ,Espo Blend,Energy Intelligence,"COPYRIGHT © 2001-2021 ENERGY INTELLIGENCE GROUP, INC. / ENERGY INTELLIGENCE GROUP (UK) LIMITED.",2012,Q1,January,1,106.116146
FSU,Russia, ,Vityaz,Energy Intelligence,"COPYRIGHT © 2001-2021 ENERGY INTELLIGENCE GROUP, INC. / ENERGY INTELLIGENCE GROUP (UK) LIMITED.",2011,Q1,January,1,27.721372
FSU,Russia, ,Sokol,Energy Intelligence,"COPYRIGHT © 2001-2021 ENERGY INTELLIGENCE GROUP, INC. / ENERGY INTELLIGENCE GROUP (UK) LIMITED.",2011,Q1,January,1,38.484822
FSU,Russia, ,Russian Fuel Oil,Energy Intelligence,"COPYRIGHT © 2001-2021 ENERGY INTELLIGENCE GROUP, INC. / ENERGY INTELLIGENCE GROUP (UK) LIMITED.",2011,Q1,January,1,14.172436
FSU,Russia, ,Mix-G Condensate,Energy Intelligence,"COPYRIGHT © 2001-2021 ENERGY INTELLIGENCE GROUP, INC. / ENERGY INTELLIGENCE GROUP (UK) LIMITED.",2011,Q1,January,1,0.335031
FSU,Russia, ,Espo Blend,Energy Intelligence,"COPYRIGHT © 2001-2021 ENERGY INTELLIGENCE GROUP, INC. / ENERGY INTELLIGENCE GROUP (UK) LIMITED.",2011,Q1,January,1,69.323091
FSU,Russia, ,Vityaz,Energy Intelligence,"COPYRIGHT © 2001-2021 ENERGY INTELLIGENCE GROUP, INC. / ENERGY INTELLIGENCE GROUP (UK) LIMITED.",2010,Q1,January,1,49.838893
FSU,Russia, ,Urals,Energy Intelligence,"COPYRIGHT © 2001-2021 ENERGY INTELLIGENCE GROUP, INC. / ENERGY INTELLIGENCE GROUP (UK) LIMITED.",2010,Q1,January,1,10.252253
FSU,Russia, ,Sokol,Energy Intelligence,"COPYRIGHT © 2001-2021 ENERGY INTELLIGENCE GROUP, INC. / ENERGY INTELLIGENCE GROUP (UK) LIMITED.",2010,Q1,January,1,67.079959
FSU,Russia, ,Russian Fuel Oil,Energy Intelligence,"COPYRIGHT © 2001-2021 ENERGY INTELLIGENCE GROUP, INC. / ENERGY INTELLIGENCE GROUP (UK) LIMITED.",2010,Q1,January,1,47.02525
FSU,Russia, ,Mix-G Condensate,Energy Intelligence,"COPYRIGHT © 2001-2021 ENERGY INTELLIGENCE GROUP, INC. / ENERGY INTELLIGENCE GROUP (UK) LIMITED.",2010,Q1,January,1,0.956773
FSU,Russia, ,Espo Blend,Energy Intelligence,"COPYRIGHT © 2001-2021 ENERGY INTELLIGENCE GROUP, INC. / ENERGY INTELLIGENCE GROUP (UK) LIMITED.",2010,Q1,January,1,88.443325
FSU,Russia, ,Vityaz,Energy Intelligence,"COPYRIGHT © 2001-2021 ENERGY INTELLIGENCE GROUP, INC. / ENERGY INTELLIGENCE GROUP (UK) LIMITED.",2009,Q1,January,1,18.621634
FSU,Russia, ,Urals,Energy Intelligence,"COPYRIGHT © 2001-2021 ENERGY INTELLIGENCE GROUP, INC. / ENERGY INTELLIGENCE GROUP (UK) LIMITED.",2009,Q1,January,1,2.752003
FSU,Russia, ,SRFO - Russia,Energy Intelligence,"COPYRIGHT © 2001-2021 ENERGY INTELLIGENCE GROUP, INC. / ENERGY INTELLIGENCE GROUP (UK) LIMITED.",2009,Q1,January,1,36.141863
FSU,Russia, ,Sokol,Energy Intelligence,"COPYRIGHT © 2001-2021 ENERGY INTELLIGENCE GROUP, INC. / ENERGY INTELLIGENCE GROUP (UK) LIMITED.",2009,Q1,January,1,93.368945
FSU,Russia, ,Russian Fuel Oil,Energy Intelligence,"COPYRIGHT © 2001-2021 ENERGY INTELLIGENCE GROUP, INC. / ENERGY INTELLIGENCE GROUP (UK) LIMITED.",2009,Q1,January,1,8.287837
FSU,Russia, ,Mix-G Condensate,Energy Intelligence,"COPYRIGHT © 2001-2021 ENERGY INTELLIGENCE GROUP, INC. / ENERGY INTELLIGENCE GROUP (UK) LIMITED.",2009,Q1,January,1,0.648229
FSU,Russia, ,M100 Fuel Oil,Energy Intelligence,"COPYRIGHT © 2001-2021 ENERGY INTELLIGENCE GROUP, INC. / ENERGY INTELLIGENCE GROUP (UK) LIMITED.",2009,Q1,January,1,1.199077
FSU,Russia, ,E4 Residue Fuel Oil,Energy Intelligence,"COPYRIGHT © 2001-2021 ENERGY INTELLIGENCE GROUP, INC. / ENERGY INTELLIGENCE GROUP (UK) LIMITED.",2009,Q1,January,1,0.894392
FSU,Russia, ,Vityaz,Energy Intelligence,"COPYRIGHT © 2001-2021 ENERGY INTELLIGENCE GROUP, INC. / ENERGY INTELLIGENCE GROUP (UK) LIMITED.",2008,Q1,January,1,8.943649
FSU,Russia, ,SRFO - Russia,Energy Intelligence,"COPYRIGHT © 2001-2021 ENERGY INTELLIGENCE GROUP, INC. / ENERGY INTELLIGENCE GROUP (UK) LIMITED.",2008,Q1,January,1,44.70697
FSU,Russia, ,Sokol,Energy Intelligence,"COPYRIGHT © 2001-2021 ENERGY INTELLIGENCE GROUP, INC. / ENERGY INTELLIGENCE GROUP (UK) LIMITED.",2008,Q1,January,1,84.292772
FSU,Russia, ,Mix-G Condensate,Energy Intelligence,"COPYRIGHT © 2001-2021 ENERGY INTELLIGENCE GROUP, INC. / ENERGY INTELLIGENCE GROUP (UK) LIMITED.",2008,Q1,January,1,2.100381
FSU,Russia, ,M100 Fuel Oil,Energy Intelligence,"COPYRIGHT © 2001-2021 ENERGY INTELLIGENCE GROUP, INC. / ENERGY INTELLIGENCE GROUP (UK) LIMITED.",2008,Q1,January,1,0.365186
FSU,Russia, ,Vityaz,Energy Intelligence,"COPYRIGHT © 2001-2021 ENERGY INTELLIGENCE GROUP, INC. / ENERGY INTELLIGENCE GROUP (UK) LIMITED.",2007,Q1,January,1,21.853815
FSU,Russia, ,Urals,Energy Intelligence,"COPYRIGHT © 2001-2021 ENERGY INTELLIGENCE GROUP, INC. / ENERGY INTELLIGENCE GROUP (UK) LIMITED.",2007,Q1,January,1,2.744007
FSU,Russia, ,SRFO - Russia,Energy Intelligence,"COPYRIGHT © 2001-2021 ENERGY INTELLIGENCE GROUP, INC. / ENERGY INTELLIGENCE GROUP (UK) LIMITED.",2007,Q1,January,1,20.96866
FSU,Russia, ,Sokol,Energy Intelligence,"COPYRIGHT © 2001-2021 ENERGY INTELLIGENCE GROUP, INC. / ENERGY INTELLIGENCE GROUP (UK) LIMITED.",2007,Q1,January,1,95.902114
FSU,Russia, ,Orsk,Energy Intelligence,"COPYRIGHT © 2001-2021 ENERGY INTELLIGENCE GROUP, INC. / ENERGY INTELLIGENCE GROUP (UK) LIMITED.",2007,Q1,January,1,0.499152
FSU,Russia, ,Okruzh,Energy Intelligence,"COPYRIGHT © 2001-2021 ENERGY INTELLIGENCE GROUP, INC. / ENERGY INTELLIGENCE GROUP (UK) LIMITED.",2007,Q1,January,1,0.549401
FSU,Russia, ,Mix-G Condensate,Energy Intelligence,"COPYRIGHT © 2001-2021 ENERGY INTELLIGENCE GROUP, INC. / ENERGY INTELLIGENCE GROUP (UK) LIMITED.",2007,Q1,January,1,0.120971
FSU,Russia, ,Kirishi Norsi Fuel Oil,Energy Intelligence,"COPYRIGHT © 2001-2021 ENERGY INTELLIGENCE GROUP, INC. / ENERGY INTELLIGENCE GROUP (UK) LIMITED.",2007,Q1,January,1,0.800648
FSU,Russia, ,Kirishi,Energy Intelligence,"COPYRIGHT © 2001-2021 ENERGY INTELLIGENCE GROUP, INC. / ENERGY INTELLIGENCE GROUP (UK) LIMITED.",2007,Q1,January,1,1.003214
FSU,Russia, ,Vityaz,Energy Intelligence,"COPYRIGHT © 2001-2021 ENERGY INTELLIGENCE GROUP, INC. / ENERGY INTELLIGENCE GROUP (UK) LIMITED.",2006,Q1,January,1,19.820073
FSU,Russia, ,SRFO - Russia,Energy Intelligence,"COPYRIGHT © 2001-2021 ENERGY INTELLIGENCE GROUP, INC. / ENERGY INTELLIGENCE GROUP (UK) LIMITED.",2006,Q1,January,1,1.506864
FSU,Russia, ,Sokol,Energy Intelligence,"COPYRIGHT © 2001-2021 ENERGY INTELLIGENCE GROUP, INC. / ENERGY INTELLIGENCE GROUP (UK) LIMITED.",2006,Q1,January,1,9.645572
Latin America,Argentina, ,Escalante,Energy Intelligence,"COPYRIGHT © 2001-2021 ENERGY INTELLIGENCE GROUP, INC. / ENERGY INTELLIGENCE GROUP (UK) LIMITED.",2012,Q1,January,1,0.406829
Latin America,Brazil, ,Tupi,Energy Intelligence,"COPYRIGHT © 2001-2021 ENERGY INTELLIGENCE GROUP, INC. / ENERGY INTELLIGENCE GROUP (UK) LIMITED.",2021,Q1,January,1,0.002774
Latin America,Brazil, ,Buzios,Energy Intelligence,"COPYRIGHT © 2001-2021 ENERGY INTELLIGENCE GROUP, INC. / ENERGY INTELLIGENCE GROUP (UK) LIMITED.",2021,Q1,January,1,0.002705
Latin America,Brazil, ,Roncador,Energy Intelligence,"COPYRIGHT © 2001-2021 ENERGY INTELLIGENCE GROUP, INC. / ENERGY INTELLIGENCE GROUP (UK) LIMITED.",2010,Q1,January,1,2.584711
Latin America,Colombia, ,Mares Blend,Energy Intelligence,"COPYRIGHT © 2001-2021 ENERGY INTELLIGENCE GROUP, INC. / ENERGY INTELLIGENCE GROUP (UK) LIMITED.",2023,Q1,January,1,0.655899
Latin America,Colombia, ,Castilla,Energy Intelligence,"COPYRIGHT © 2001-2021 ENERGY INTELLIGENCE GROUP, INC. / ENERGY INTELLIGENCE GROUP (UK) LIMITED.",2019,Q1,January,1,2.737825
Latin America,Colombia, ,Castilla,Energy Intelligence,"COPYRIGHT © 2001-2021 ENERGY INTELLIGENCE GROUP, INC. / ENERGY INTELLIGENCE GROUP (UK) LIMITED.",2018,Q1,January,1,3.202082
Latin America,Colombia, ,South Blend,Energy Intelligence,"COPYRIGHT © 2001-2021 ENERGY INTELLIGENCE GROUP, INC. / ENERGY INTELLIGENCE GROUP (UK) LIMITED.",2017,Q1,January,1,1.099752
Latin America,Colombia, ,Castilla,Energy Intelligence,"COPYRIGHT © 2001-2021 ENERGY INTELLIGENCE GROUP, INC. / ENERGY INTELLIGENCE GROUP (UK) LIMITED.",2017,Q1,January,1,6.550191
Latin America,Colombia, ,Castilla,Energy Intelligence,"COPYRIGHT © 2001-2021 ENERGY INTELLIGENCE GROUP, INC. / ENERGY INTELLIGENCE GROUP (UK) LIMITED.",2016,Q1,January,1,9.429731
Latin America,Colombia, ,Castilla,Energy Intelligence,"COPYRIGHT © 2001-2021 ENERGY INTELLIGENCE GROUP, INC. / ENERGY INTELLIGENCE GROUP (UK) LIMITED.",2015,Q1,January,1,27.954483
Latin America,Colombia, ,Castilla,Energy Intelligence,"COPYRIGHT © 2001-2021 ENERGY INTELLIGENCE GROUP, INC. / ENERGY INTELLIGENCE GROUP (UK) LIMITED.",2014,Q1,January,1,10.169554
Latin America,Colombia, ,Castilla,Energy Intelligence,"COPYRIGHT © 2001-2021 ENERGY INTELLIGENCE GROUP, INC. / ENERGY INTELLIGENCE GROUP (UK) LIMITED.",2011,Q1,January,1,1.314741
Latin America,Ecuador, ,Napo,Energy Intelligence,"COPYRIGHT © 2001-2021 ENERGY INTELLIGENCE GROUP, INC. / ENERGY INTELLIGENCE GROUP (UK) LIMITED.",2025,Q1,January,1,24.024137
Latin America,Ecuador, ,Oriente,Energy Intelligence,"COPYRIGHT © 2001-2021 ENERGY INTELLIGENCE GROUP, INC. / ENERGY INTELLIGENCE GROUP (UK) LIMITED.",2024,Q1,January,1,1.880151
Latin America,Ecuador, ,Napo,Energy Intelligence,"COPYRIGHT © 2001-2021 ENERGY INTELLIGENCE GROUP, INC. / ENERGY INTELLIGENCE GROUP (UK) LIMITED.",2024,Q1,January,1,26.631743
Latin America,Ecuador, ,Oriente,Energy Intelligence,"COPYRIGHT © 2001-2021 ENERGY INTELLIGENCE GROUP, INC. / ENERGY INTELLIGENCE GROUP (UK) LIMITED.",2023,Q1,January,1,3.039065
Latin America,Ecuador, ,Napo,Energy Intelligence,"COPYRIGHT © 2001-2021 ENERGY INTELLIGENCE GROUP, INC. / ENERGY INTELLIGENCE GROUP (UK) LIMITED.",2023,Q1,January,1,33.40394
Latin America,Ecuador, ,Oriente,Energy Intelligence,"COPYRIGHT © 2001-2021 ENERGY INTELLIGENCE GROUP, INC. / ENERGY INTELLIGENCE GROUP (UK) LIMITED.",2022,Q1,January,1,3.608047
Latin America,Ecuador, ,Napo,Energy Intelligence,"COPYRIGHT © 2001-2021 ENERGY INTELLIGENCE GROUP, INC. / ENERGY INTELLIGENCE GROUP (UK) LIMITED.",2022,Q1,January,1,49.073907
Latin America,Ecuador, ,Oriente,Energy Intelligence,"COPYRIGHT © 2001-2021 ENERGY INTELLIGENCE GROUP, INC. / ENERGY INTELLIGENCE GROUP (UK) LIMITED.",2021,Q1,January,1,3.258828
Latin America,Ecuador, ,Napo,Energy Intelligence,"COPYRIGHT © 2001-2021 ENERGY INTELLIGENCE GROUP, INC. / ENERGY INTELLIGENCE GROUP (UK) LIMITED.",2021,Q1,January,1,36.264587
Latin America,Ecuador, ,Oriente,Energy Intelligence,"COPYRIGHT © 2001-2021 ENERGY INTELLIGENCE GROUP, INC. / ENERGY INTELLIGENCE GROUP (UK) LIMITED.",2020,Q1,January,1,1.204035
Latin America,Ecuador, ,Napo,Energy Intelligence,"COPYRIGHT © 2001-2021 ENERGY INTELLIGENCE GROUP, INC. / ENERGY INTELLIGENCE GROUP (UK) LIMITED.",2020,Q1,January,1,41.129748
Latin America,Ecuador, ,Oriente,Energy Intelligence,"COPYRIGHT © 2001-2021 ENERGY INTELLIGENCE GROUP, INC. / ENERGY INTELLIGENCE GROUP (UK) LIMITED.",2019,Q1,January,1,2.065177
Latin America,Ecuador, ,Napo,Energy Intelligence,"COPYRIGHT © 2001-2021 ENERGY INTELLIGENCE GROUP, INC. / ENERGY INTELLIGENCE GROUP (UK) LIMITED.",2019,Q1,January,1,35.859654
Latin America,Ecuador, ,Napo,Energy Intelligence,"COPYRIGHT © 2001-2021 ENERGY INTELLIGENCE GROUP, INC. / ENERGY INTELLIGENCE GROUP (UK) LIMITED.",2018,Q1,January,1,29.256646
Latin America,Ecuador, ,Napo,Energy Intelligence,"COPYRIGHT © 2001-2021 ENERGY INTELLIGENCE GROUP, INC. / ENERGY INTELLIGENCE GROUP (UK) LIMITED.",2017,Q1,January,1,26.785561
Latin America,Ecuador, ,Napo,Energy Intelligence,"COPYRIGHT © 2001-2021 ENERGY INTELLIGENCE GROUP, INC. / ENERGY INTELLIGENCE GROUP (UK) LIMITED.",2016,Q1,January,1,17.046313
Latin America,Ecuador, ,Oriente,Energy Intelligence,"COPYRIGHT © 2001-2021 ENERGY INTELLIGENCE GROUP, INC. / ENERGY INTELLIGENCE GROUP (UK) LIMITED.",2015,Q1,January,1,1.080641
Latin America,Ecuador, ,Napo,Energy Intelligence,"COPYRIGHT © 2001-2021 ENERGY INTELLIGENCE GROUP, INC. / ENERGY INTELLIGENCE GROUP (UK) LIMITED.",2015,Q1,January,1,26.756059
Latin America,Ecuador, ,Oriente,Energy Intelligence,"COPYRIGHT © 2001-2021 ENERGY INTELLIGENCE GROUP, INC. / ENERGY INTELLIGENCE GROUP (UK) LIMITED.",2014,Q1,January,1,0.892119
Latin America,Ecuador, ,Napo,Energy Intelligence,"COPYRIGHT © 2001-2021 ENERGY INTELLIGENCE GROUP, INC. / ENERGY INTELLIGENCE GROUP (UK) LIMITED.",2014,Q1,January,1,27.949882
Latin America,Ecuador, ,Oriente,Energy Intelligence,"COPYRIGHT © 2001-2021 ENERGY INTELLIGENCE GROUP, INC. / ENERGY INTELLIGENCE GROUP (UK) LIMITED.",2013,Q1,January,1,6.191241
Latin America,Ecuador, ,Napo,Energy Intelligence,"COPYRIGHT © 2001-2021 ENERGY INTELLIGENCE GROUP, INC. / ENERGY INTELLIGENCE GROUP (UK) LIMITED.",2013,Q1,January,1,18.475154
Latin America,Ecuador, ,Oriente,Energy Intelligence,"COPYRIGHT © 2001-2021 ENERGY INTELLIGENCE GROUP, INC. / ENERGY INTELLIGENCE GROUP (UK) LIMITED.",2012,Q1,January,1,1.970375
Latin America,Ecuador, ,Napo,Energy Intelligence,"COPYRIGHT © 2001-2021 ENERGY INTELLIGENCE GROUP, INC. / ENERGY INTELLIGENCE GROUP (UK) LIMITED.",2012,Q1,January,1,19.607021
Latin America,Ecuador, ,Oriente,Energy Intelligence,"COPYRIGHT © 2001-2021 ENERGY INTELLIGENCE GROUP, INC. / ENERGY INTELLIGENCE GROUP (UK) LIMITED.",2011,Q1,January,1,0.965665
Latin America,Ecuador, ,Napo,Energy Intelligence,"COPYRIGHT © 2001-2021 ENERGY INTELLIGENCE GROUP, INC. / ENERGY INTELLIGENCE GROUP (UK) LIMITED.",2011,Q1,January,1,9.78605
Latin America,Ecuador, ,Napo,Energy Intelligence,"COPYRIGHT © 2001-2021 ENERGY INTELLIGENCE GROUP, INC. / ENERGY INTELLIGENCE GROUP (UK) LIMITED.",2010,Q1,January,1,5.948652
Latin America,Ecuador, ,Napo,Energy Intelligence,"COPYRIGHT © 2001-2021 ENERGY INTELLIGENCE GROUP, INC. / ENERGY INTELLIGENCE GROUP (UK) LIMITED.",2008,Q1,January,1,1.205975
Latin America,Ecuador, ,Napo,Energy Intelligence,"COPYRIGHT © 2001-2021 ENERGY INTELLIGENCE GROUP, INC. / ENERGY INTELLIGENCE GROUP (UK) LIMITED.",2007,Q1,January,1,2.191625
Latin America,Ecuador, ,Napo,Energy Intelligence,"COPYRIGHT © 2001-2021 ENERGY INTELLIGENCE GROUP, INC. / ENERGY INTELLIGENCE GROUP (UK) LIMITED.",2006,Q1,January,1,1.959143
Latin America,Venezuela, ,Santa Barbara,Energy Intelligence,"COPYRIGHT © 2001-2021 ENERGY INTELLIGENCE GROUP, INC. / ENERGY INTELLIGENCE GROUP (UK) LIMITED.",2017,Q1,January,1,8.18947
Latin America,Venezuela, ,Santa Barbara,Energy Intelligence,"COPYRIGHT © 2001-2021 ENERGY INTELLIGENCE GROUP, INC. / ENERGY INTELLIGENCE GROUP (UK) LIMITED.",2016,Q1,January,1,2.758769
Latin America,Venezuela, ,Santa Barbara,Energy Intelligence,"COPYRIGHT © 2001-2021 ENERGY INTELLIGENCE GROUP, INC. / ENERGY INTELLIGENCE GROUP (UK) LIMITED.",2015,Q1,January,1,8.083733
Latin America,Venezuela, ,Santa Barbara,Energy Intelligence,"COPYRIGHT © 2001-2021 ENERGY INTELLIGENCE GROUP, INC. / ENERGY INTELLIGENCE GROUP (UK) LIMITED.",2014,Q1,January,1,7.806395
Latin America,Venezuela, ,Santa Barbara,Energy Intelligence,"COPYRIGHT © 2001-2021 ENERGY INTELLIGENCE GROUP, INC. / ENERGY INTELLIGENCE GROUP (UK) LIMITED.",2013,Q1,January,1,13.421438
Latin America,Venezuela, ,Santa Barbara,Energy Intelligence,"COPYRIGHT © 2001-2021 ENERGY INTELLIGENCE GROUP, INC. / ENERGY INTELLIGENCE GROUP (UK) LIMITED.",2012,Q1,January,1,5.560178
Latin America,Venezuela, ,Santa Barbara,Energy Intelligence,"COPYRIGHT © 2001-2021 ENERGY INTELLIGENCE GROUP, INC. / ENERGY INTELLIGENCE GROUP (UK) LIMITED.",2007,Q1,January,1,5.548775
Middle East,Bahrain, ,Banoco Arab Medium,Energy Intelligence,"COPYRIGHT © 2001-2021 ENERGY INTELLIGENCE GROUP, INC. / ENERGY INTELLIGENCE GROUP (UK) LIMITED.",2024,Q1,January,1,2.226209
Middle East,Bahrain, ,Banoco Arab Medium,Energy Intelligence,"COPYRIGHT © 2001-2021 ENERGY INTELLIGENCE GROUP, INC. / ENERGY INTELLIGENCE GROUP (UK) LIMITED.",2023,Q1,January,1,9.415622
Middle East,Bahrain, ,Banoco Arab Medium,Energy Intelligence,"COPYRIGHT © 2001-2021 ENERGY INTELLIGENCE GROUP, INC. / ENERGY INTELLIGENCE GROUP (UK) LIMITED.",2022,Q1,January,1,34.95711
Middle East,Bahrain, ,Banoco Arab Medium,Energy Intelligence,"COPYRIGHT © 2001-2021 ENERGY INTELLIGENCE GROUP, INC. / ENERGY INTELLIGENCE GROUP (UK) LIMITED.",2021,Q1,January,1,35.335101
Middle East,Bahrain, ,Banoco Arab Medium,Energy Intelligence,"COPYRIGHT © 2001-2021 ENERGY INTELLIGENCE GROUP, INC. / ENERGY INTELLIGENCE GROUP (UK) LIMITED.",2020,Q1,January,1,35.070881
Middle East,Bahrain, ,Banoco Arab Medium,Energy Intelligence,"COPYRIGHT © 2001-2021 ENERGY INTELLIGENCE GROUP, INC. / ENERGY INTELLIGENCE GROUP (UK) LIMITED.",2019,Q1,January,1,50.169265
Middle East,Bahrain, ,Banoco Arab Medium,Energy Intelligence,"COPYRIGHT © 2001-2021 ENERGY INTELLIGENCE GROUP, INC. / ENERGY INTELLIGENCE GROUP (UK) LIMITED.",2018,Q1,January,1,42.886974
Middle East,Dubai, ,Dubai,Energy Intelligence,"COPYRIGHT © 2001-2021 ENERGY INTELLIGENCE GROUP, INC. / ENERGY INTELLIGENCE GROUP (UK) LIMITED.",2025,Q1,January,1,9.408577
Middle East,Dubai, ,Dubai,Energy Intelligence,"COPYRIGHT © 2001-2021 ENERGY INTELLIGENCE GROUP, INC. / ENERGY INTELLIGENCE GROUP (UK) LIMITED.",2024,Q1,January,1,2.337683
Middle East,Dubai, ,Dubai,Energy Intelligence,"COPYRIGHT © 2001-2021 ENERGY INTELLIGENCE GROUP, INC. / ENERGY INTELLIGENCE GROUP (UK) LIMITED.",2023,Q1,January,1,14.140165
Middle East,Iran, ,South Pars Condensate,Energy Intelligence,"COPYRIGHT © 2001-2021 ENERGY INTELLIGENCE GROUP, INC. / ENERGY INTELLIGENCE GROUP (UK) LIMITED.",2019,Q1,January,1,1.313898
Middle East,Iran, ,Soroosh,Energy Intelligence,"COPYRIGHT © 2001-2021 ENERGY INTELLIGENCE GROUP, INC. / ENERGY INTELLIGENCE GROUP (UK) LIMITED.",2019,Q1,January,1,1.35386
Middle East,Iran, ,Sirri,Energy Intelligence,"COPYRIGHT © 2001-2021 ENERGY INTELLIGENCE GROUP, INC. / ENERGY INTELLIGENCE GROUP (UK) LIMITED.",2019,Q1,January,1,0.688639
Middle East,Iran, ,Iran Light,Energy Intelligence,"COPYRIGHT © 2001-2021 ENERGY INTELLIGENCE GROUP, INC. / ENERGY INTELLIGENCE GROUP (UK) LIMITED.",2019,Q1,January,1,2.212962
Middle East,Iran, ,Iran Heavy,Energy Intelligence,"COPYRIGHT © 2001-2021 ENERGY INTELLIGENCE GROUP, INC. / ENERGY INTELLIGENCE GROUP (UK) LIMITED.",2019,Q1,January,1,32.582095
Middle East,Iran, ,Foroozan Blend,Energy Intelligence,"COPYRIGHT © 2001-2021 ENERGY INTELLIGENCE GROUP, INC. / ENERGY INTELLIGENCE GROUP (UK) LIMITED.",2019,Q1,January,1,8.708388
Middle East,Iran, ,South Pars Condensate,Energy Intelligence,"COPYRIGHT © 2001-2021 ENERGY INTELLIGENCE GROUP, INC. / ENERGY INTELLIGENCE GROUP (UK) LIMITED.",2018,Q1,January,1,10.644133
Middle East,Iran, ,Kangan Condensate,Energy Intelligence,"COPYRIGHT © 2001-2021 ENERGY INTELLIGENCE GROUP, INC. / ENERGY INTELLIGENCE GROUP (UK) LIMITED.",2018,Q1,January,1,1.304334
Middle East,Iran, ,Iran Light,Energy Intelligence,"COPYRIGHT © 2001-2021 ENERGY INTELLIGENCE GROUP, INC. / ENERGY INTELLIGENCE GROUP (UK) LIMITED.",2018,Q1,January,1,8.749419
Middle East,Iran, ,Iran Heavy,Energy Intelligence,"COPYRIGHT © 2001-2021 ENERGY INTELLIGENCE GROUP, INC. / ENERGY INTELLIGENCE GROUP (UK) LIMITED.",2018,Q1,January,1,68.692895
Middle East,Iran, ,Foroozan Blend,Energy Intelligence,"COPYRIGHT © 2001-2021 ENERGY INTELLIGENCE GROUP, INC. / ENERGY INTELLIGENCE GROUP (UK) LIMITED.",2018,Q1,January,1,38.024831
Middle East,Iran, ,South Pars Condensate,Energy Intelligence,"COPYRIGHT © 2001-2021 ENERGY INTELLIGENCE GROUP, INC. / ENERGY INTELLIGENCE GROUP (UK) LIMITED.",2017,Q1,January,1,33.839557
Middle East,Iran, ,Iran Light,Energy Intelligence,"COPYRIGHT © 2001-2021 ENERGY INTELLIGENCE GROUP, INC. / ENERGY INTELLIGENCE GROUP (UK) LIMITED.",2017,Q1,January,1,9.978568
Middle East,Iran, ,Iran Heavy,Energy Intelligence,"COPYRIGHT © 2001-2021 ENERGY INTELLIGENCE GROUP, INC. / ENERGY INTELLIGENCE GROUP (UK) LIMITED.",2017,Q1,January,1,81.089987
Middle East,Iran, ,Foroozan Blend,Energy Intelligence,"COPYRIGHT © 2001-2021 ENERGY INTELLIGENCE GROUP, INC. / ENERGY INTELLIGENCE GROUP (UK) LIMITED.",2017,Q1,January,1,42.955697
Middle East,Iran, ,Bahregan,Energy Intelligence,"COPYRIGHT © 2001-2021 ENERGY INTELLIGENCE GROUP, INC. / ENERGY INTELLIGENCE GROUP (UK) LIMITED.",2017,Q1,January,1,4.352773
Middle East,Iran, ,South Pars Condensate,Energy Intelligence,"COPYRIGHT © 2001-2021 ENERGY INTELLIGENCE GROUP, INC. / ENERGY INTELLIGENCE GROUP (UK) LIMITED.",2016,Q1,January,1,64.348846
Middle East,Iran, ,Soroosh,Energy Intelligence,"COPYRIGHT © 2001-2021 ENERGY INTELLIGENCE GROUP, INC. / ENERGY INTELLIGENCE GROUP (UK) LIMITED.",2016,Q1,January,1,4.801686
Middle East,Iran, ,Iran Light,Energy Intelligence,"COPYRIGHT © 2001-2021 ENERGY INTELLIGENCE GROUP, INC. / ENERGY INTELLIGENCE GROUP (UK) LIMITED.",2016,Q1,January,1,11.917523
Middle East,Iran, ,Iran Heavy,Energy Intelligence,"COPYRIGHT © 2001-2021 ENERGY INTELLIGENCE GROUP, INC. / ENERGY INTELLIGENCE GROUP (UK) LIMITED.",2016,Q1,January,1,84.371065
Middle East,Iran, ,Foroozan Blend,Energy Intelligence,"COPYRIGHT © 2001-2021 ENERGY INTELLIGENCE GROUP, INC. / ENERGY INTELLIGENCE GROUP (UK) LIMITED.",2016,Q1,January,1,41.272651
Middle East,Iran, ,Bahregan,Energy Intelligence,"COPYRIGHT © 2001-2021 ENERGY INTELLIGENCE GROUP, INC. / ENERGY INTELLIGENCE GROUP (UK) LIMITED.",2016,Q1,January,1,20.430162
Middle East,Iran, ,South Pars Condensate,Energy Intelligence,"COPYRIGHT © 2001-2021 ENERGY INTELLIGENCE GROUP, INC. / ENERGY INTELLIGENCE GROUP (UK) LIMITED.",2015,Q1,January,1,67.366622
Middle East,Iran, ,Soroosh,Energy Intelligence,"COPYRIGHT © 2001-2021 ENERGY INTELLIGENCE GROUP, INC. / ENERGY INTELLIGENCE GROUP (UK) LIMITED.",2015,Q1,January,1,5.384388
Middle East,Iran, ,Iran Light,Energy Intelligence,"COPYRIGHT © 2001-2021 ENERGY INTELLIGENCE GROUP, INC. / ENERGY INTELLIGENCE GROUP (UK) LIMITED.",2015,Q1,January,1,7.072142
Middle East,Iran, ,Iran Heavy,Energy Intelligence,"COPYRIGHT © 2001-2021 ENERGY INTELLIGENCE GROUP, INC. / ENERGY INTELLIGENCE GROUP (UK) LIMITED.",2015,Q1,January,1,34.893522
Middle East,Iran, ,Foroozan Blend,Energy Intelligence,"COPYRIGHT © 2001-2021 ENERGY INTELLIGENCE GROUP, INC. / ENERGY INTELLIGENCE GROUP (UK) LIMITED.",2015,Q1,January,1,30.153677
Middle East,Iran, ,Bahregan,Energy Intelligence,"COPYRIGHT © 2001-2021 ENERGY INTELLIGENCE GROUP, INC. / ENERGY INTELLIGENCE GROUP (UK) LIMITED.",2015,Q1,January,1,25.490239
Middle East,Iran, ,South Pars Condensate,Energy Intelligence,"COPYRIGHT © 2001-2021 ENERGY INTELLIGENCE GROUP, INC. / ENERGY INTELLIGENCE GROUP (UK) LIMITED.",2014,Q1,January,1,61.985044
Middle East,Iran, ,Soroosh,Energy Intelligence,"COPYRIGHT © 2001-2021 ENERGY INTELLIGENCE GROUP, INC. / ENERGY INTELLIGENCE GROUP (UK) LIMITED.",2014,Q1,January,1,4.007626
Middle East,Iran, ,Iran Light,Energy Intelligence,"COPYRIGHT © 2001-2021 ENERGY INTELLIGENCE GROUP, INC. / ENERGY INTELLIGENCE GROUP (UK) LIMITED.",2014,Q1,January,1,8.990603
Middle East,Iran, ,Iran Heavy,Energy Intelligence,"COPYRIGHT © 2001-2021 ENERGY INTELLIGENCE GROUP, INC. / ENERGY INTELLIGENCE GROUP (UK) LIMITED.",2014,Q1,January,1,41.487225
Middle East,Iran, ,Foroozan Blend,Energy Intelligence,"COPYRIGHT © 2001-2021 ENERGY INTELLIGENCE GROUP, INC. / ENERGY INTELLIGENCE GROUP (UK) LIMITED.",2014,Q1,January,1,27.651435
Middle East,Iran, ,Bahregan,Energy Intelligence,"COPYRIGHT © 2001-2021 ENERGY INTELLIGENCE GROUP, INC. / ENERGY INTELLIGENCE GROUP (UK) LIMITED.",2014,Q1,January,1,24.654901
Middle East,Iran, ,South Pars Condensate,Energy Intelligence,"COPYRIGHT © 2001-2021 ENERGY INTELLIGENCE GROUP, INC. / ENERGY INTELLIGENCE GROUP (UK) LIMITED.",2013,Q1,January,1,31.985442
Middle East,Iran, ,Soroosh,Energy Intelligence,"COPYRIGHT © 2001-2021 ENERGY INTELLIGENCE GROUP, INC. / ENERGY INTELLIGENCE GROUP (UK) LIMITED.",2013,Q1,January,1,15.264283
Middle East,Iran, ,Iran Light,Energy Intelligence,"COPYRIGHT © 2001-2021 ENERGY INTELLIGENCE GROUP, INC. / ENERGY INTELLIGENCE GROUP (UK) LIMITED.",2013,Q1,January,1,3.403132
Middle East,Iran, ,Iran Heavy,Energy Intelligence,"COPYRIGHT © 2001-2021 ENERGY INTELLIGENCE GROUP, INC. / ENERGY INTELLIGENCE GROUP (UK) LIMITED.",2013,Q1,January,1,52.253708
Middle East,Iran, ,Foroozan Blend,Energy Intelligence,"COPYRIGHT © 2001-2021 ENERGY INTELLIGENCE GROUP, INC. / ENERGY INTELLIGENCE GROUP (UK) LIMITED.",2013,Q1,January,1,49.437114
Middle East,Iran, ,Bahregan,Energy Intelligence,"COPYRIGHT © 2001-2021 ENERGY INTELLIGENCE GROUP, INC. / ENERGY INTELLIGENCE GROUP (UK) LIMITED.",2013,Q1,January,1,25.070976
Middle East,Iran, ,South Pars Condensate,Energy Intelligence,"COPYRIGHT © 2001-2021 ENERGY INTELLIGENCE GROUP, INC. / ENERGY INTELLIGENCE GROUP (UK) LIMITED.",2012,Q1,January,1,27.674881
Middle East,Iran, ,Soroosh,Energy Intelligence,"COPYRIGHT © 2001-2021 ENERGY INTELLIGENCE GROUP, INC. / ENERGY INTELLIGENCE GROUP (UK) LIMITED.",2012,Q1,January,1,11.035004
Middle East,Iran, ,Kangan Condensate,Energy Intelligence,"COPYRIGHT © 2001-2021 ENERGY INTELLIGENCE GROUP, INC. / ENERGY INTELLIGENCE GROUP (UK) LIMITED.",2012,Q1,January,1,1.426006
Middle East,Iran, ,Iran Light,Energy Intelligence,"COPYRIGHT © 2001-2021 ENERGY INTELLIGENCE GROUP, INC. / ENERGY INTELLIGENCE GROUP (UK) LIMITED.",2012,Q1,January,1,15.990394
Middle East,Iran, ,Iran Heavy,Energy Intelligence,"COPYRIGHT © 2001-2021 ENERGY INTELLIGENCE GROUP, INC. / ENERGY INTELLIGENCE GROUP (UK) LIMITED.",2012,Q1,January,1,60.341427
Middle East,Iran, ,Foroozan Blend,Energy Intelligence,"COPYRIGHT © 2001-2021 ENERGY INTELLIGENCE GROUP, INC. / ENERGY INTELLIGENCE GROUP (UK) LIMITED.",2012,Q1,January,1,57.807454
Middle East,Iran, ,Bahregan,Energy Intelligence,"COPYRIGHT © 2001-2021 ENERGY INTELLIGENCE GROUP, INC. / ENERGY INTELLIGENCE GROUP (UK) LIMITED.",2012,Q1,January,1,14.785871
Middle East,Iran, ,South Pars Condensate,Energy Intelligence,"COPYRIGHT © 2001-2021 ENERGY INTELLIGENCE GROUP, INC. / ENERGY INTELLIGENCE GROUP (UK) LIMITED.",2011,Q1,January,1,48.916429
Middle East,Iran, ,Sirri,Energy Intelligence,"COPYRIGHT © 2001-2021 ENERGY INTELLIGENCE GROUP, INC. / ENERGY INTELLIGENCE GROUP (UK) LIMITED.",2011,Q1,January,1,2.28287
Middle East,Iran, ,Nowruz-Soroush,Energy Intelligence,"COPYRIGHT © 2001-2021 ENERGY INTELLIGENCE GROUP, INC. / ENERGY INTELLIGENCE GROUP (UK) LIMITED.",2011,Q1,January,1,17.958947
Middle East,Iran, ,Iran Light,Energy Intelligence,"COPYRIGHT © 2001-2021 ENERGY INTELLIGENCE GROUP, INC. / ENERGY INTELLIGENCE GROUP (UK) LIMITED.",2011,Q1,January,1,34.540876
Middle East,Iran, ,Iran Heavy,Energy Intelligence,"COPYRIGHT © 2001-2021 ENERGY INTELLIGENCE GROUP, INC. / ENERGY INTELLIGENCE GROUP (UK) LIMITED.",2011,Q1,January,1,141.773298
Middle East,Iran, ,Foroozan Blend,Energy Intelligence,"COPYRIGHT © 2001-2021 ENERGY INTELLIGENCE GROUP, INC. / ENERGY INTELLIGENCE GROUP (UK) LIMITED.",2011,Q1,January,1,68.007334
Middle East,Iran, ,South Pars Condensate,Energy Intelligence,"COPYRIGHT © 2001-2021 ENERGY INTELLIGENCE GROUP, INC. / ENERGY INTELLIGENCE GROUP (UK) LIMITED.",2010,Q1,January,1,46.13794
Middle East,Iran, ,Sirri,Energy Intelligence,"COPYRIGHT © 2001-2021 ENERGY INTELLIGENCE GROUP, INC. / ENERGY INTELLIGENCE GROUP (UK) LIMITED.",2010,Q1,January,1,20.225774
Middle East,Iran, ,Parsia Condensate,Energy Intelligence,"COPYRIGHT © 2001-2021 ENERGY INTELLIGENCE GROUP, INC. / ENERGY INTELLIGENCE GROUP (UK) LIMITED.",2010,Q1,January,1,0.927392
Middle East,Iran, ,Nowruz-Soroush,Energy Intelligence,"COPYRIGHT © 2001-2021 ENERGY INTELLIGENCE GROUP, INC. / ENERGY INTELLIGENCE GROUP (UK) LIMITED.",2010,Q1,January,1,13.580247
Middle East,Iran, ,Kangan Condensate,Energy Intelligence,"COPYRIGHT © 2001-2021 ENERGY INTELLIGENCE GROUP, INC. / ENERGY INTELLIGENCE GROUP (UK) LIMITED.",2010,Q1,January,1,3.274177
Middle East,Iran, ,Iran Light,Energy Intelligence,"COPYRIGHT © 2001-2021 ENERGY INTELLIGENCE GROUP, INC. / ENERGY INTELLIGENCE GROUP (UK) LIMITED.",2010,Q1,January,1,42.514998
Middle East,Iran, ,Iran Heavy,Energy Intelligence,"COPYRIGHT © 2001-2021 ENERGY INTELLIGENCE GROUP, INC. / ENERGY INTELLIGENCE GROUP (UK) LIMITED.",2010,Q1,January,1,156.066033
Middle East,Iran, ,Foroozan Blend,Energy Intelligence,"COPYRIGHT © 2001-2021 ENERGY INTELLIGENCE GROUP, INC. / ENERGY INTELLIGENCE GROUP (UK) LIMITED.",2010,Q1,January,1,72.420447
Middle East,Iran, ,South Pars Condensate,Energy Intelligence,"COPYRIGHT © 2001-2021 ENERGY INTELLIGENCE GROUP, INC. / ENERGY INTELLIGENCE GROUP (UK) LIMITED.",2009,Q1,January,1,50.010855
Middle East,Iran, ,Sirri,Energy Intelligence,"COPYRIGHT © 2001-2021 ENERGY INTELLIGENCE GROUP, INC. / ENERGY INTELLIGENCE GROUP (UK) LIMITED.",2009,Q1,January,1,29.909602
Middle East,Iran, ,Nowruz-Soroush,Energy Intelligence,"COPYRIGHT © 2001-2021 ENERGY INTELLIGENCE GROUP, INC. / ENERGY INTELLIGENCE GROUP (UK) LIMITED.",2009,Q1,January,1,2.828394
Middle East,Iran, ,Kangan Condensate,Energy Intelligence,"COPYRIGHT © 2001-2021 ENERGY INTELLIGENCE GROUP, INC. / ENERGY INTELLIGENCE GROUP (UK) LIMITED.",2009,Q1,January,1,7.576693
Middle East,Iran, ,Iran Light,Energy Intelligence,"COPYRIGHT © 2001-2021 ENERGY INTELLIGENCE GROUP, INC. / ENERGY INTELLIGENCE GROUP (UK) LIMITED.",2009,Q1,January,1,72.006957
Middle East,Iran, ,Iran Heavy,Energy Intelligence,"COPYRIGHT © 2001-2021 ENERGY INTELLIGENCE GROUP, INC. / ENERGY INTELLIGENCE GROUP (UK) LIMITED.",2009,Q1,January,1,174.625665
Middle East,Iran, ,Foroozan Blend,Energy Intelligence,"COPYRIGHT © 2001-2021 ENERGY INTELLIGENCE GROUP, INC. / ENERGY INTELLIGENCE GROUP (UK) LIMITED.",2009,Q1,January,1,83.922699
Middle East,Iran, ,South Pars Condensate,Energy Intelligence,"COPYRIGHT © 2001-2021 ENERGY INTELLIGENCE GROUP, INC. / ENERGY INTELLIGENCE GROUP (UK) LIMITED.",2008,Q1,January,1,42.922764
Middle East,Iran, ,Sirri,Energy Intelligence,"COPYRIGHT © 2001-2021 ENERGY INTELLIGENCE GROUP, INC. / ENERGY INTELLIGENCE GROUP (UK) LIMITED.",2008,Q1,January,1,26.304923
Middle East,Iran, ,Nowruz-Soroush,Energy Intelligence,"COPYRIGHT © 2001-2021 ENERGY INTELLIGENCE GROUP, INC. / ENERGY INTELLIGENCE GROUP (UK) LIMITED.",2008,Q1,January,1,2.727161
Middle East,Iran, ,Kangan Condensate,Energy Intelligence,"COPYRIGHT © 2001-2021 ENERGY INTELLIGENCE GROUP, INC. / ENERGY INTELLIGENCE GROUP (UK) LIMITED.",2008,Q1,January,1,13.410782
Middle East,Iran, ,Iran Light,Energy Intelligence,"COPYRIGHT © 2001-2021 ENERGY INTELLIGENCE GROUP, INC. / ENERGY INTELLIGENCE GROUP (UK) LIMITED.",2008,Q1,January,1,76.164494
Middle East,Iran, ,Iran Heavy,Energy Intelligence,"COPYRIGHT © 2001-2021 ENERGY INTELLIGENCE GROUP, INC. / ENERGY INTELLIGENCE GROUP (UK) LIMITED.",2008,Q1,January,1,196.550544
Middle East,Iran, ,Foroozan Blend,Energy Intelligence,"COPYRIGHT © 2001-2021 ENERGY INTELLIGENCE GROUP, INC. / ENERGY INTELLIGENCE GROUP (UK) LIMITED.",2008,Q1,January,1,136.361438
Middle East,Iran, ,South Pars Condensate,Energy Intelligence,"COPYRIGHT © 2001-2021 ENERGY INTELLIGENCE GROUP, INC. / ENERGY INTELLIGENCE GROUP (UK) LIMITED.",2007,Q1,January,1,27.559302
Middle East,Iran, ,Sirri,Energy Intelligence,"COPYRIGHT © 2001-2021 ENERGY INTELLIGENCE GROUP, INC. / ENERGY INTELLIGENCE GROUP (UK) LIMITED.",2007,Q1,January,1,28.985621
Middle East,Iran, ,Nowruz-Soroush,Energy Intelligence,"COPYRIGHT © 2001-2021 ENERGY INTELLIGENCE GROUP, INC. / ENERGY INTELLIGENCE GROUP (UK) LIMITED.",2007,Q1,January,1,1.070558
Middle East,Iran, ,Kangan Condensate,Energy Intelligence,"COPYRIGHT © 2001-2021 ENERGY INTELLIGENCE GROUP, INC. / ENERGY INTELLIGENCE GROUP (UK) LIMITED.",2007,Q1,January,1,12.325199
Middle East,Iran, ,Iran Light,Energy Intelligence,"COPYRIGHT © 2001-2021 ENERGY INTELLIGENCE GROUP, INC. / ENERGY INTELLIGENCE GROUP (UK) LIMITED.",2007,Q1,January,1,211.455459
Middle East,Iran, ,Iran Heavy,Energy Intelligence,"COPYRIGHT © 2001-2021 ENERGY INTELLIGENCE GROUP, INC. / ENERGY INTELLIGENCE GROUP (UK) LIMITED.",2007,Q1,January,1,92.175709
Middle East,Iran, ,Foroozan Blend,Energy Intelligence,"COPYRIGHT © 2001-2021 ENERGY INTELLIGENCE GROUP, INC. / ENERGY INTELLIGENCE GROUP (UK) LIMITED.",2007,Q1,January,1,125.896309
Middle East,Iran, ,South Pars Condensate,Energy Intelligence,"COPYRIGHT © 2001-2021 ENERGY INTELLIGENCE GROUP, INC. / ENERGY INTELLIGENCE GROUP (UK) LIMITED.",2006,Q1,January,1,17.201397
Middle East,Iran, ,Sirri,Energy Intelligence,"COPYRIGHT © 2001-2021 ENERGY INTELLIGENCE GROUP, INC. / ENERGY INTELLIGENCE GROUP (UK) LIMITED.",2006,Q1,January,1,26.2747
Middle East,Iran, ,Kangan Condensate,Energy Intelligence,"COPYRIGHT © 2001-2021 ENERGY INTELLIGENCE GROUP, INC. / ENERGY INTELLIGENCE GROUP (UK) LIMITED.",2006,Q1,January,1,13.924325
Middle East,Iran, ,Iran Light,Energy Intelligence,"COPYRIGHT © 2001-2021 ENERGY INTELLIGENCE GROUP, INC. / ENERGY INTELLIGENCE GROUP (UK) LIMITED.",2006,Q1,January,1,127.482338
Middle East,Iran, ,Iran Heavy,Energy Intelligence,"COPYRIGHT © 2001-2021 ENERGY INTELLIGENCE GROUP, INC. / ENERGY INTELLIGENCE GROUP (UK) LIMITED.",2006,Q1,January,1,164.126162
Middle East,Iran, ,Foroozan Blend,Energy Intelligence,"COPYRIGHT © 2001-2021 ENERGY INTELLIGENCE GROUP, INC. / ENERGY INTELLIGENCE GROUP (UK) LIMITED.",2006,Q1,January,1,134.152904
Middle East,Iraq, ,Basrah Light,Energy Intelligence,"COPYRIGHT © 2001-2021 ENERGY INTELLIGENCE GROUP, INC. / ENERGY INTELLIGENCE GROUP (UK) LIMITED.",2021,Q1,January,1,2.722023
Middle East,Iraq, ,Basrah Light,Energy Intelligence,"COPYRIGHT © 2001-2021 ENERGY INTELLIGENCE GROUP, INC. / ENERGY INTELLIGENCE GROUP (UK) LIMITED.",2020,Q1,January,1,13.556104
Middle East,Iraq, ,Basrah Light,Energy Intelligence,"COPYRIGHT © 2001-2021 ENERGY INTELLIGENCE GROUP, INC. / ENERGY INTELLIGENCE GROUP (UK) LIMITED.",2019,Q1,January,1,34.657163
Middle East,Iraq, ,Basrah Heavy,Energy Intelligence,"COPYRIGHT © 2001-2021 ENERGY INTELLIGENCE GROUP, INC. / ENERGY INTELLIGENCE GROUP (UK) LIMITED.",2019,Q1,January,1,7.826436
Middle East,Iraq, ,Basrah Light,Energy Intelligence,"COPYRIGHT © 2001-2021 ENERGY INTELLIGENCE GROUP, INC. / ENERGY INTELLIGENCE GROUP (UK) LIMITED.",2018,Q1,January,1,53.349427
Middle East,Iraq, ,Basrah Heavy,Energy Intelligence,"COPYRIGHT © 2001-2021 ENERGY INTELLIGENCE GROUP, INC. / ENERGY INTELLIGENCE GROUP (UK) LIMITED.",2018,Q1,January,1,2.729898
Middle East,Iraq, ,Basrah Light,Energy Intelligence,"COPYRIGHT © 2001-2021 ENERGY INTELLIGENCE GROUP, INC. / ENERGY INTELLIGENCE GROUP (UK) LIMITED.",2017,Q1,January,1,53.029699
Middle East,Iraq, ,Basrah Heavy,Energy Intelligence,"COPYRIGHT © 2001-2021 ENERGY INTELLIGENCE GROUP, INC. / ENERGY INTELLIGENCE GROUP (UK) LIMITED.",2017,Q1,January,1,2.85871
Middle East,Iraq, ,Iraq Fuel Oil,Energy Intelligence,"COPYRIGHT © 2001-2021 ENERGY INTELLIGENCE GROUP, INC. / ENERGY INTELLIGENCE GROUP (UK) LIMITED.",2016,Q1,January,1,0.479727
Middle East,Iraq, ,Exboiror,Energy Intelligence,"COPYRIGHT © 2001-2021 ENERGY INTELLIGENCE GROUP, INC. / ENERGY INTELLIGENCE GROUP (UK) LIMITED.",2016,Q1,January,1,2.769665
Middle East,Iraq, ,Basrah Light,Energy Intelligence,"COPYRIGHT © 2001-2021 ENERGY INTELLIGENCE GROUP, INC. / ENERGY INTELLIGENCE GROUP (UK) LIMITED.",2016,Q1,January,1,66.121164
Middle East,Iraq, ,Basrah Heavy,Energy Intelligence,"COPYRIGHT © 2001-2021 ENERGY INTELLIGENCE GROUP, INC. / ENERGY INTELLIGENCE GROUP (UK) LIMITED.",2016,Q1,January,1,8.951121
Middle East,Iraq, ,Iraq Fuel Oil,Energy Intelligence,"COPYRIGHT © 2001-2021 ENERGY INTELLIGENCE GROUP, INC. / ENERGY INTELLIGENCE GROUP (UK) LIMITED.",2015,Q1,January,1,1.365233
Middle East,Iraq, ,Basrah Light,Energy Intelligence,"COPYRIGHT © 2001-2021 ENERGY INTELLIGENCE GROUP, INC. / ENERGY INTELLIGENCE GROUP (UK) LIMITED.",2015,Q1,January,1,46.016629
Middle East,Iraq, ,Basrah Heavy,Energy Intelligence,"COPYRIGHT © 2001-2021 ENERGY INTELLIGENCE GROUP, INC. / ENERGY INTELLIGENCE GROUP (UK) LIMITED.",2015,Q1,January,1,8.065208
Middle East,Iraq, ,Iraq Fuel Oil,Energy Intelligence,"COPYRIGHT © 2001-2021 ENERGY INTELLIGENCE GROUP, INC. / ENERGY INTELLIGENCE GROUP (UK) LIMITED.",2014,Q1,January,1,1.139783
Middle East,Iraq, ,Basrah Light,Energy Intelligence,"COPYRIGHT © 2001-2021 ENERGY INTELLIGENCE GROUP, INC. / ENERGY INTELLIGENCE GROUP (UK) LIMITED.",2014,Q1,January,1,38.888775
Middle East,Iraq, ,Iraq Fuel Oil,Energy Intelligence,"COPYRIGHT © 2001-2021 ENERGY INTELLIGENCE GROUP, INC. / ENERGY INTELLIGENCE GROUP (UK) LIMITED.",2013,Q1,January,1,0.759482
Middle East,Iraq, ,Basrah Light,Energy Intelligence,"COPYRIGHT © 2001-2021 ENERGY INTELLIGENCE GROUP, INC. / ENERGY INTELLIGENCE GROUP (UK) LIMITED.",2013,Q1,January,1,62.611974
Middle East,Iraq, ,Basrah Light,Energy Intelligence,"COPYRIGHT © 2001-2021 ENERGY INTELLIGENCE GROUP, INC. / ENERGY INTELLIGENCE GROUP (UK) LIMITED.",2012,Q1,January,1,75.676341
Middle East,Iraq, ,Basrah Light,Energy Intelligence,"COPYRIGHT © 2001-2021 ENERGY INTELLIGENCE GROUP, INC. / ENERGY INTELLIGENCE GROUP (UK) LIMITED.",2011,Q1,January,1,98.501266
Middle East,Iraq, ,Basrah Light,Energy Intelligence,"COPYRIGHT © 2001-2021 ENERGY INTELLIGENCE GROUP, INC. / ENERGY INTELLIGENCE GROUP (UK) LIMITED.",2010,Q1,January,1,119.886052
Middle East,Iraq, ,Basrah Light,Energy Intelligence,"COPYRIGHT © 2001-2021 ENERGY INTELLIGENCE GROUP, INC. / ENERGY INTELLIGENCE GROUP (UK) LIMITED.",2009,Q1,January,1,62.725211
Middle East,Iraq, ,SRFO - Iraq,Energy Intelligence,"COPYRIGHT © 2001-2021 ENERGY INTELLIGENCE GROUP, INC. / ENERGY INTELLIGENCE GROUP (UK) LIMITED.",2008,Q1,January,1,0.910492
Middle East,Iraq, ,Basrah Light,Energy Intelligence,"COPYRIGHT © 2001-2021 ENERGY INTELLIGENCE GROUP, INC. / ENERGY INTELLIGENCE GROUP (UK) LIMITED.",2008,Q1,January,1,41.974705
Middle East,Iraq, ,Basrah Light,Energy Intelligence,"COPYRIGHT © 2001-2021 ENERGY INTELLIGENCE GROUP, INC. / ENERGY INTELLIGENCE GROUP (UK) LIMITED.",2007,Q1,January,1,42.458735
Middle East,Iraq, ,Basrah Light,Energy Intelligence,"COPYRIGHT © 2001-2021 ENERGY INTELLIGENCE GROUP, INC. / ENERGY INTELLIGENCE GROUP (UK) LIMITED.",2006,Q1,January,1,41.821931
Middle East,Jordan, ,SRFO - Jordan,Energy Intelligence,"COPYRIGHT © 2001-2021 ENERGY INTELLIGENCE GROUP, INC. / ENERGY INTELLIGENCE GROUP (UK) LIMITED.",2007,Q1,January,1,0.67418
Middle East,Kuwait, ,Kuwait,Energy Intelligence,"COPYRIGHT © 2001-2021 ENERGY INTELLIGENCE GROUP, INC. / ENERGY INTELLIGENCE GROUP (UK) LIMITED.",2025,Q1,January,1,138.844945
Middle East,Kuwait, ,Kuwait Super Light,Energy Intelligence,"COPYRIGHT © 2001-2021 ENERGY INTELLIGENCE GROUP, INC. / ENERGY INTELLIGENCE GROUP (UK) LIMITED.",2024,Q1,January,1,7.546861
Middle East,Kuwait, ,Kuwait,Energy Intelligence,"COPYRIGHT © 2001-2021 ENERGY INTELLIGENCE GROUP, INC. / ENERGY INTELLIGENCE GROUP (UK) LIMITED.",2024,Q1,January,1,146.744687
Middle East,Kuwait, ,Kuwait Super Light,Energy Intelligence,"COPYRIGHT © 2001-2021 ENERGY INTELLIGENCE GROUP, INC. / ENERGY INTELLIGENCE GROUP (UK) LIMITED.",2023,Q1,January,1,33.0796
Middle East,Kuwait, ,Kuwait,Energy Intelligence,"COPYRIGHT © 2001-2021 ENERGY INTELLIGENCE GROUP, INC. / ENERGY INTELLIGENCE GROUP (UK) LIMITED.",2023,Q1,January,1,190.516553
Middle East,Kuwait, ,Kuwait Super Light,Energy Intelligence,"COPYRIGHT © 2001-2021 ENERGY INTELLIGENCE GROUP, INC. / ENERGY INTELLIGENCE GROUP (UK) LIMITED.",2022,Q1,January,1,22.193827
Middle East,Kuwait, ,Kuwait,Energy Intelligence,"COPYRIGHT © 2001-2021 ENERGY INTELLIGENCE GROUP, INC. / ENERGY INTELLIGENCE GROUP (UK) LIMITED.",2022,Q1,January,1,198.793202
Middle East,Kuwait, ,Kuwait Super Light,Energy Intelligence,"COPYRIGHT © 2001-2021 ENERGY INTELLIGENCE GROUP, INC. / ENERGY INTELLIGENCE GROUP (UK) LIMITED.",2021,Q1,January,1,9.570868
Middle East,Kuwait, ,Kuwait,Energy Intelligence,"COPYRIGHT © 2001-2021 ENERGY INTELLIGENCE GROUP, INC. / ENERGY INTELLIGENCE GROUP (UK) LIMITED.",2021,Q1,January,1,199.041744
Middle East,Kuwait, ,Kuwait Super Light,Energy Intelligence,"COPYRIGHT © 2001-2021 ENERGY INTELLIGENCE GROUP, INC. / ENERGY INTELLIGENCE GROUP (UK) LIMITED.",2020,Q1,January,1,31.835017
Middle East,Kuwait, ,Kuwait,Energy Intelligence,"COPYRIGHT © 2001-2021 ENERGY INTELLIGENCE GROUP, INC. / ENERGY INTELLIGENCE GROUP (UK) LIMITED.",2020,Q1,January,1,195.280934
Middle East,Kuwait, ,Kuwait Super Light,Energy Intelligence,"COPYRIGHT © 2001-2021 ENERGY INTELLIGENCE GROUP, INC. / ENERGY INTELLIGENCE GROUP (UK) LIMITED.",2019,Q1,January,1,51.462708
Middle East,Kuwait, ,Kuwait,Energy Intelligence,"COPYRIGHT © 2001-2021 ENERGY INTELLIGENCE GROUP, INC. / ENERGY INTELLIGENCE GROUP (UK) LIMITED.",2019,Q1,January,1,201.72608
Middle East,Kuwait, ,Kuwait Super Light,Energy Intelligence,"COPYRIGHT © 2001-2021 ENERGY INTELLIGENCE GROUP, INC. / ENERGY INTELLIGENCE GROUP (UK) LIMITED.",2018,Q1,January,1,19.320883
Middle East,Kuwait, ,Kuwait,Energy Intelligence,"COPYRIGHT © 2001-2021 ENERGY INTELLIGENCE GROUP, INC. / ENERGY INTELLIGENCE GROUP (UK) LIMITED.",2018,Q1,January,1,213.73705
Middle East,Kuwait, ,Kuwait,Energy Intelligence,"COPYRIGHT © 2001-2021 ENERGY INTELLIGENCE GROUP, INC. / ENERGY INTELLIGENCE GROUP (UK) LIMITED.",2017,Q1,January,1,236.222864
Middle East,Kuwait, ,Kuwait Fuel Oil,Energy Intelligence,"COPYRIGHT © 2001-2021 ENERGY INTELLIGENCE GROUP, INC. / ENERGY INTELLIGENCE GROUP (UK) LIMITED.",2016,Q1,January,1,0.460548
Middle East,Kuwait, ,Kuwait,Energy Intelligence,"COPYRIGHT © 2001-2021 ENERGY INTELLIGENCE GROUP, INC. / ENERGY INTELLIGENCE GROUP (UK) LIMITED.",2016,Q1,January,1,225.677695
Middle East,Kuwait, ,Kuwait Fuel Oil,Energy Intelligence,"COPYRIGHT © 2001-2021 ENERGY INTELLIGENCE GROUP, INC. / ENERGY INTELLIGENCE GROUP (UK) LIMITED.",2015,Q1,January,1,0.789483
Middle East,Kuwait, ,Kuwait,Energy Intelligence,"COPYRIGHT © 2001-2021 ENERGY INTELLIGENCE GROUP, INC. / ENERGY INTELLIGENCE GROUP (UK) LIMITED.",2015,Q1,January,1,249.369081
Middle East,Kuwait, ,Kuwait,Energy Intelligence,"COPYRIGHT © 2001-2021 ENERGY INTELLIGENCE GROUP, INC. / ENERGY INTELLIGENCE GROUP (UK) LIMITED.",2014,Q1,January,1,244.566923
Middle East,Kuwait, ,Kuwait,Energy Intelligence,"COPYRIGHT © 2001-2021 ENERGY INTELLIGENCE GROUP, INC. / ENERGY INTELLIGENCE GROUP (UK) LIMITED.",2013,Q1,January,1,253.340485
Middle East,Kuwait, ,Kuwait,Energy Intelligence,"COPYRIGHT © 2001-2021 ENERGY INTELLIGENCE GROUP, INC. / ENERGY INTELLIGENCE GROUP (UK) LIMITED.",2012,Q1,January,1,267.939324
Middle East,Kuwait, ,Kuwait Fuel Oil,Energy Intelligence,"COPYRIGHT © 2001-2021 ENERGY INTELLIGENCE GROUP, INC. / ENERGY INTELLIGENCE GROUP (UK) LIMITED.",2011,Q1,January,1,2.502548
Middle East,Kuwait, ,Kuwait,Energy Intelligence,"COPYRIGHT © 2001-2021 ENERGY INTELLIGENCE GROUP, INC. / ENERGY INTELLIGENCE GROUP (UK) LIMITED.",2011,Q1,January,1,236.005221
Middle East,Kuwait, ,Kuwait,Energy Intelligence,"COPYRIGHT © 2001-2021 ENERGY INTELLIGENCE GROUP, INC. / ENERGY INTELLIGENCE GROUP (UK) LIMITED.",2010,Q1,January,1,264.939197
Middle East,Kuwait, ,Kuwait,Energy Intelligence,"COPYRIGHT © 2001-2021 ENERGY INTELLIGENCE GROUP, INC. / ENERGY INTELLIGENCE GROUP (UK) LIMITED.",2009,Q1,January,1,305.024506
Middle East,Kuwait, ,Kuwait Special,Energy Intelligence,"COPYRIGHT © 2001-2021 ENERGY INTELLIGENCE GROUP, INC. / ENERGY INTELLIGENCE GROUP (UK) LIMITED.",2008,Q1,January,1,4.204594
Middle East,Kuwait, ,Kuwait Fuel Oil,Energy Intelligence,"COPYRIGHT © 2001-2021 ENERGY INTELLIGENCE GROUP, INC. / ENERGY INTELLIGENCE GROUP (UK) LIMITED.",2008,Q1,January,1,0.426366
Middle East,Kuwait, ,Kuwait,Energy Intelligence,"COPYRIGHT © 2001-2021 ENERGY INTELLIGENCE GROUP, INC. / ENERGY INTELLIGENCE GROUP (UK) LIMITED.",2008,Q1,January,1,313.720238
Middle East,Kuwait, ,Kuwait Fuel Oil,Energy Intelligence,"COPYRIGHT © 2001-2021 ENERGY INTELLIGENCE GROUP, INC. / ENERGY INTELLIGENCE GROUP (UK) LIMITED.",2007,Q1,January,1,0.618055
Middle East,Kuwait, ,Kuwait,Energy Intelligence,"COPYRIGHT © 2001-2021 ENERGY INTELLIGENCE GROUP, INC. / ENERGY INTELLIGENCE GROUP (UK) LIMITED.",2007,Q1,January,1,296.37896
Middle East,Kuwait, ,Kuwait,Energy Intelligence,"COPYRIGHT © 2001-2021 ENERGY INTELLIGENCE GROUP, INC. / ENERGY INTELLIGENCE GROUP (UK) LIMITED.",2006,Q1,January,1,297.244695
Middle East,Neutral Zone, ,Khafji,Energy Intelligence,"COPYRIGHT © 2001-2021 ENERGY INTELLIGENCE GROUP, INC. / ENERGY INTELLIGENCE GROUP (UK) LIMITED.",2025,Q1,January,1,13.609309
Middle East,Neutral Zone, ,Khafji,Energy Intelligence,"COPYRIGHT © 2001-2021 ENERGY INTELLIGENCE GROUP, INC. / ENERGY INTELLIGENCE GROUP (UK) LIMITED.",2024,Q1,January,1,12.717523
Middle East,Neutral Zone, ,Khafji,Energy Intelligence,"COPYRIGHT © 2001-2021 ENERGY INTELLIGENCE GROUP, INC. / ENERGY INTELLIGENCE GROUP (UK) LIMITED.",2023,Q1,January,1,11.030801
Middle East,Neutral Zone, ,Khafji,Energy Intelligence,"COPYRIGHT © 2001-2021 ENERGY INTELLIGENCE GROUP, INC. / ENERGY INTELLIGENCE GROUP (UK) LIMITED.",2022,Q1,January,1,8.82627
Middle East,Neutral Zone, ,Khafji,Energy Intelligence,"COPYRIGHT © 2001-2021 ENERGY INTELLIGENCE GROUP, INC. / ENERGY INTELLIGENCE GROUP (UK) LIMITED.",2021,Q1,January,1,7.862679
Middle East,Neutral Zone, ,Khafji,Energy Intelligence,"COPYRIGHT © 2001-2021 ENERGY INTELLIGENCE GROUP, INC. / ENERGY INTELLIGENCE GROUP (UK) LIMITED.",2020,Q1,January,1,3.387338
Middle East,Neutral Zone, ,Wafra,Energy Intelligence,"COPYRIGHT © 2001-2021 ENERGY INTELLIGENCE GROUP, INC. / ENERGY INTELLIGENCE GROUP (UK) LIMITED.",2015,Q1,January,1,6.056243
Middle East,Neutral Zone, ,Eocene,Energy Intelligence,"COPYRIGHT © 2001-2021 ENERGY INTELLIGENCE GROUP, INC. / ENERGY INTELLIGENCE GROUP (UK) LIMITED.",2015,Q1,January,1,0.280302
Middle East,Neutral Zone, ,Wafra,Energy Intelligence,"COPYRIGHT © 2001-2021 ENERGY INTELLIGENCE GROUP, INC. / ENERGY INTELLIGENCE GROUP (UK) LIMITED.",2014,Q1,January,1,10.537844
Middle East,Neutral Zone, ,Khafji,Energy Intelligence,"COPYRIGHT © 2001-2021 ENERGY INTELLIGENCE GROUP, INC. / ENERGY INTELLIGENCE GROUP (UK) LIMITED.",2014,Q1,January,1,45.865243
Middle East,Neutral Zone, ,Eocene,Energy Intelligence,"COPYRIGHT © 2001-2021 ENERGY INTELLIGENCE GROUP, INC. / ENERGY INTELLIGENCE GROUP (UK) LIMITED.",2014,Q1,January,1,0.964598
Middle East,Neutral Zone, ,Wafra,Energy Intelligence,"COPYRIGHT © 2001-2021 ENERGY INTELLIGENCE GROUP, INC. / ENERGY INTELLIGENCE GROUP (UK) LIMITED.",2013,Q1,January,1,7.365178
Middle East,Neutral Zone, ,Khafji,Energy Intelligence,"COPYRIGHT © 2001-2021 ENERGY INTELLIGENCE GROUP, INC. / ENERGY INTELLIGENCE GROUP (UK) LIMITED.",2013,Q1,January,1,49.968026
Middle East,Neutral Zone, ,Eocene,Energy Intelligence,"COPYRIGHT © 2001-2021 ENERGY INTELLIGENCE GROUP, INC. / ENERGY INTELLIGENCE GROUP (UK) LIMITED.",2013,Q1,January,1,0.416575
Middle East,Neutral Zone, ,Wafra,Energy Intelligence,"COPYRIGHT © 2001-2021 ENERGY INTELLIGENCE GROUP, INC. / ENERGY INTELLIGENCE GROUP (UK) LIMITED.",2012,Q1,January,1,9.54064
Middle East,Neutral Zone, ,Khafji,Energy Intelligence,"COPYRIGHT © 2001-2021 ENERGY INTELLIGENCE GROUP, INC. / ENERGY INTELLIGENCE GROUP (UK) LIMITED.",2012,Q1,January,1,69.799962
Middle East,Neutral Zone, ,Wafra,Energy Intelligence,"COPYRIGHT © 2001-2021 ENERGY INTELLIGENCE GROUP, INC. / ENERGY INTELLIGENCE GROUP (UK) LIMITED.",2011,Q1,January,1,7.313331
Middle East,Neutral Zone, ,Khafji,Energy Intelligence,"COPYRIGHT © 2001-2021 ENERGY INTELLIGENCE GROUP, INC. / ENERGY INTELLIGENCE GROUP (UK) LIMITED.",2011,Q1,January,1,61.50692
Middle East,Neutral Zone, ,Wafra,Energy Intelligence,"COPYRIGHT © 2001-2021 ENERGY INTELLIGENCE GROUP, INC. / ENERGY INTELLIGENCE GROUP (UK) LIMITED.",2010,Q1,January,1,11.603371
Middle East,Neutral Zone, ,Khafji,Energy Intelligence,"COPYRIGHT © 2001-2021 ENERGY INTELLIGENCE GROUP, INC. / ENERGY INTELLIGENCE GROUP (UK) LIMITED.",2010,Q1,January,1,61.403733
Middle East,Neutral Zone, ,Eocene,Energy Intelligence,"COPYRIGHT © 2001-2021 ENERGY INTELLIGENCE GROUP, INC. / ENERGY INTELLIGENCE GROUP (UK) LIMITED.",2010,Q1,January,1,0.389761
Middle East,Neutral Zone, ,Wafra,Energy Intelligence,"COPYRIGHT © 2001-2021 ENERGY INTELLIGENCE GROUP, INC. / ENERGY INTELLIGENCE GROUP (UK) LIMITED.",2009,Q1,January,1,5.303111
Middle East,Neutral Zone, ,Khafji,Energy Intelligence,"COPYRIGHT © 2001-2021 ENERGY INTELLIGENCE GROUP, INC. / ENERGY INTELLIGENCE GROUP (UK) LIMITED.",2009,Q1,January,1,67.91602
Middle East,Neutral Zone, ,Wafra,Energy Intelligence,"COPYRIGHT © 2001-2021 ENERGY INTELLIGENCE GROUP, INC. / ENERGY INTELLIGENCE GROUP (UK) LIMITED.",2008,Q1,January,1,3.578295
Middle East,Neutral Zone, ,Khafji,Energy Intelligence,"COPYRIGHT © 2001-2021 ENERGY INTELLIGENCE GROUP, INC. / ENERGY INTELLIGENCE GROUP (UK) LIMITED.",2008,Q1,January,1,62.853611
Middle East,Neutral Zone, ,Eocene,Energy Intelligence,"COPYRIGHT © 2001-2021 ENERGY INTELLIGENCE GROUP, INC. / ENERGY INTELLIGENCE GROUP (UK) LIMITED.",2008,Q1,January,1,0.396859
Middle East,Neutral Zone, ,Wafra,Energy Intelligence,"COPYRIGHT © 2001-2021 ENERGY INTELLIGENCE GROUP, INC. / ENERGY INTELLIGENCE GROUP (UK) LIMITED.",2007,Q1,January,1,6.761483
Middle East,Neutral Zone, ,Khafji,Energy Intelligence,"COPYRIGHT © 2001-2021 ENERGY INTELLIGENCE GROUP, INC. / ENERGY INTELLIGENCE GROUP (UK) LIMITED.",2007,Q1,January,1,73.213306
Middle East,Neutral Zone, ,Eocene,Energy Intelligence,"COPYRIGHT © 2001-2021 ENERGY INTELLIGENCE GROUP, INC. / ENERGY INTELLIGENCE GROUP (UK) LIMITED.",2007,Q1,January,1,4.459434
Middle East,Neutral Zone, ,Wafra,Energy Intelligence,"COPYRIGHT © 2001-2021 ENERGY INTELLIGENCE GROUP, INC. / ENERGY INTELLIGENCE GROUP (UK) LIMITED.",2006,Q1,January,1,5.090637
Middle East,Neutral Zone, ,Khafji,Energy Intelligence,"COPYRIGHT © 2001-2021 ENERGY INTELLIGENCE GROUP, INC. / ENERGY INTELLIGENCE GROUP (UK) LIMITED.",2006,Q1,January,1,77.413221
Middle East,Neutral Zone, ,Eocene,Energy Intelligence,"COPYRIGHT © 2001-2021 ENERGY INTELLIGENCE GROUP, INC. / ENERGY INTELLIGENCE GROUP (UK) LIMITED.",2006,Q1,January,1,10.104727
Middle East,Oman, ,Oman,Energy Intelligence,"COPYRIGHT © 2001-2021 ENERGY INTELLIGENCE GROUP, INC. / ENERGY INTELLIGENCE GROUP (UK) LIMITED.",2025,Q1,January,1,28.829908
Middle East,Oman, ,Oman,Energy Intelligence,"COPYRIGHT © 2001-2021 ENERGY INTELLIGENCE GROUP, INC. / ENERGY INTELLIGENCE GROUP (UK) LIMITED.",2024,Q1,January,1,13.474406
Middle East,Oman, ,Oman,Energy Intelligence,"COPYRIGHT © 2001-2021 ENERGY INTELLIGENCE GROUP, INC. / ENERGY INTELLIGENCE GROUP (UK) LIMITED.",2023,Q1,January,1,29.951002
Middle East,Oman, ,Oman,Energy Intelligence,"COPYRIGHT © 2001-2021 ENERGY INTELLIGENCE GROUP, INC. / ENERGY INTELLIGENCE GROUP (UK) LIMITED.",2022,Q1,January,1,30.592947
Middle East,Oman, ,West Bukha,Energy Intelligence,"COPYRIGHT © 2001-2021 ENERGY INTELLIGENCE GROUP, INC. / ENERGY INTELLIGENCE GROUP (UK) LIMITED.",2021,Q1,January,1,0.875628
Middle East,Oman, ,Oman,Energy Intelligence,"COPYRIGHT © 2001-2021 ENERGY INTELLIGENCE GROUP, INC. / ENERGY INTELLIGENCE GROUP (UK) LIMITED.",2021,Q1,January,1,13.343548
Middle East,Oman, ,Oman,Energy Intelligence,"COPYRIGHT © 2001-2021 ENERGY INTELLIGENCE GROUP, INC. / ENERGY INTELLIGENCE GROUP (UK) LIMITED.",2020,Q1,January,1,12.143973
Middle East,Oman, ,Oman,Energy Intelligence,"COPYRIGHT © 2001-2021 ENERGY INTELLIGENCE GROUP, INC. / ENERGY INTELLIGENCE GROUP (UK) LIMITED.",2019,Q1,January,1,57.772146
Middle East,Oman, ,West Bukha,Energy Intelligence,"COPYRIGHT © 2001-2021 ENERGY INTELLIGENCE GROUP, INC. / ENERGY INTELLIGENCE GROUP (UK) LIMITED.",2018,Q1,January,1,1.80228
Middle East,Oman, ,Oman,Energy Intelligence,"COPYRIGHT © 2001-2021 ENERGY INTELLIGENCE GROUP, INC. / ENERGY INTELLIGENCE GROUP (UK) LIMITED.",2018,Q1,January,1,49.699994
Middle East,Oman, ,Oman,Energy Intelligence,"COPYRIGHT © 2001-2021 ENERGY INTELLIGENCE GROUP, INC. / ENERGY INTELLIGENCE GROUP (UK) LIMITED.",2017,Q1,January,1,30.105305
Middle East,Oman, ,West Bukha,Energy Intelligence,"COPYRIGHT © 2001-2021 ENERGY INTELLIGENCE GROUP, INC. / ENERGY INTELLIGENCE GROUP (UK) LIMITED.",2016,Q1,January,1,0.824154
Middle East,Oman, ,Oman,Energy Intelligence,"COPYRIGHT © 2001-2021 ENERGY INTELLIGENCE GROUP, INC. / ENERGY INTELLIGENCE GROUP (UK) LIMITED.",2016,Q1,January,1,40.477282
Middle East,Oman, ,Sohar Condensate,Energy Intelligence,"COPYRIGHT © 2001-2021 ENERGY INTELLIGENCE GROUP, INC. / ENERGY INTELLIGENCE GROUP (UK) LIMITED.",2015,Q1,January,1,7.707016
Middle East,Oman, ,Oman,Energy Intelligence,"COPYRIGHT © 2001-2021 ENERGY INTELLIGENCE GROUP, INC. / ENERGY INTELLIGENCE GROUP (UK) LIMITED.",2015,Q1,January,1,14.997061
Middle East,Oman, ,Oman,Energy Intelligence,"COPYRIGHT © 2001-2021 ENERGY INTELLIGENCE GROUP, INC. / ENERGY INTELLIGENCE GROUP (UK) LIMITED.",2014,Q1,January,1,45.448134
Middle East,Oman, ,Oman,Energy Intelligence,"COPYRIGHT © 2001-2021 ENERGY INTELLIGENCE GROUP, INC. / ENERGY INTELLIGENCE GROUP (UK) LIMITED.",2013,Q1,January,1,78.592348
Middle East,Oman, ,Oman,Energy Intelligence,"COPYRIGHT © 2001-2021 ENERGY INTELLIGENCE GROUP, INC. / ENERGY INTELLIGENCE GROUP (UK) LIMITED.",2012,Q1,January,1,106.94563
Middle East,Oman, ,Oman,Energy Intelligence,"COPYRIGHT © 2001-2021 ENERGY INTELLIGENCE GROUP, INC. / ENERGY INTELLIGENCE GROUP (UK) LIMITED.",2011,Q1,January,1,78.251505
Middle East,Oman, ,Oman,Energy Intelligence,"COPYRIGHT © 2001-2021 ENERGY INTELLIGENCE GROUP, INC. / ENERGY INTELLIGENCE GROUP (UK) LIMITED.",2010,Q1,January,1,121.429879
Middle East,Oman, ,Oman,Energy Intelligence,"COPYRIGHT © 2001-2021 ENERGY INTELLIGENCE GROUP, INC. / ENERGY INTELLIGENCE GROUP (UK) LIMITED.",2009,Q1,January,1,98.513846
Middle East,Oman, ,Oman,Energy Intelligence,"COPYRIGHT © 2001-2021 ENERGY INTELLIGENCE GROUP, INC. / ENERGY INTELLIGENCE GROUP (UK) LIMITED.",2008,Q1,January,1,87.977804
Middle East,Oman, ,Oman,Energy Intelligence,"COPYRIGHT © 2001-2021 ENERGY INTELLIGENCE GROUP, INC. / ENERGY INTELLIGENCE GROUP (UK) LIMITED.",2007,Q1,January,1,87.807056
Middle East,Oman, ,Oman,Energy Intelligence,"COPYRIGHT © 2001-2021 ENERGY INTELLIGENCE GROUP, INC. / ENERGY INTELLIGENCE GROUP (UK) LIMITED.",2006,Q1,January,1,63.461153
Middle East,Qatar, ,Qatar Marine,Energy Intelligence,"COPYRIGHT © 2001-2021 ENERGY INTELLIGENCE GROUP, INC. / ENERGY INTELLIGENCE GROUP (UK) LIMITED.",2025,Q1,January,1,30.037967
Middle East,Qatar, ,Qatar Land,Energy Intelligence,"COPYRIGHT © 2001-2021 ENERGY INTELLIGENCE GROUP, INC. / ENERGY INTELLIGENCE GROUP (UK) LIMITED.",2025,Q1,January,1,45.210324
Middle East,Qatar, ,Al-Shaheen,Energy Intelligence,"COPYRIGHT © 2001-2021 ENERGY INTELLIGENCE GROUP, INC. / ENERGY INTELLIGENCE GROUP (UK) LIMITED.",2025,Q1,January,1,30.477215
Middle East,Qatar, ,Qatar Marine,Energy Intelligence,"COPYRIGHT © 2001-2021 ENERGY INTELLIGENCE GROUP, INC. / ENERGY INTELLIGENCE GROUP (UK) LIMITED.",2024,Q1,January,1,23.940581
Middle East,Qatar, ,Qatar Low Sulphur Field Condensate,Energy Intelligence,"COPYRIGHT © 2001-2021 ENERGY INTELLIGENCE GROUP, INC. / ENERGY INTELLIGENCE GROUP (UK) LIMITED.",2024,Q1,January,1,0.923638
Middle East,Qatar, ,Qatar Land,Energy Intelligence,"COPYRIGHT © 2001-2021 ENERGY INTELLIGENCE GROUP, INC. / ENERGY INTELLIGENCE GROUP (UK) LIMITED.",2024,Q1,January,1,51.752717
Middle East,Qatar, ,Al-Shaheen,Energy Intelligence,"COPYRIGHT © 2001-2021 ENERGY INTELLIGENCE GROUP, INC. / ENERGY INTELLIGENCE GROUP (UK) LIMITED.",2024,Q1,January,1,12.786606
Middle East,Qatar, ,Qatar Marine,Energy Intelligence,"COPYRIGHT © 2001-2021 ENERGY INTELLIGENCE GROUP, INC. / ENERGY INTELLIGENCE GROUP (UK) LIMITED.",2023,Q1,January,1,42.717167
Middle East,Qatar, ,Qatar Low Sulphur Field Condensate,Energy Intelligence,"COPYRIGHT © 2001-2021 ENERGY INTELLIGENCE GROUP, INC. / ENERGY INTELLIGENCE GROUP (UK) LIMITED.",2023,Q1,January,1,0.913866
Middle East,Qatar, ,Qatar Land,Energy Intelligence,"COPYRIGHT © 2001-2021 ENERGY INTELLIGENCE GROUP, INC. / ENERGY INTELLIGENCE GROUP (UK) LIMITED.",2023,Q1,January,1,52.039101
Middle East,Qatar, ,Deodorized Field Condensate,Energy Intelligence,"COPYRIGHT © 2001-2021 ENERGY INTELLIGENCE GROUP, INC. / ENERGY INTELLIGENCE GROUP (UK) LIMITED.",2023,Q1,January,1,2.70607
Middle East,Qatar, ,Al-Shaheen,Energy Intelligence,"COPYRIGHT © 2001-2021 ENERGY INTELLIGENCE GROUP, INC. / ENERGY INTELLIGENCE GROUP (UK) LIMITED.",2023,Q1,January,1,30.110169
Middle East,Qatar, ,Qatar Marine,Energy Intelligence,"COPYRIGHT © 2001-2021 ENERGY INTELLIGENCE GROUP, INC. / ENERGY INTELLIGENCE GROUP (UK) LIMITED.",2022,Q1,January,1,54.680851
Middle East,Qatar, ,Qatar Low Sulphur Field Condensate,Energy Intelligence,"COPYRIGHT © 2001-2021 ENERGY INTELLIGENCE GROUP, INC. / ENERGY INTELLIGENCE GROUP (UK) LIMITED.",2022,Q1,January,1,1.21512
Middle East,Qatar, ,Qatar Land,Energy Intelligence,"COPYRIGHT © 2001-2021 ENERGY INTELLIGENCE GROUP, INC. / ENERGY INTELLIGENCE GROUP (UK) LIMITED.",2022,Q1,January,1,80.710411
Middle East,Qatar, ,Deodorized Field Condensate,Energy Intelligence,"COPYRIGHT © 2001-2021 ENERGY INTELLIGENCE GROUP, INC. / ENERGY INTELLIGENCE GROUP (UK) LIMITED.",2022,Q1,January,1,2.965269
Middle East,Qatar, ,Al-Shaheen,Energy Intelligence,"COPYRIGHT © 2001-2021 ENERGY INTELLIGENCE GROUP, INC. / ENERGY INTELLIGENCE GROUP (UK) LIMITED.",2022,Q1,January,1,60.668181
Middle East,Qatar, ,Qatar Marine,Energy Intelligence,"COPYRIGHT © 2001-2021 ENERGY INTELLIGENCE GROUP, INC. / ENERGY INTELLIGENCE GROUP (UK) LIMITED.",2021,Q1,January,1,35.863606
Middle East,Qatar, ,Qatar Low Sulphur Field Condensate,Energy Intelligence,"COPYRIGHT © 2001-2021 ENERGY INTELLIGENCE GROUP, INC. / ENERGY INTELLIGENCE GROUP (UK) LIMITED.",2021,Q1,January,1,12.099975
Middle East,Qatar, ,Qatar Land,Energy Intelligence,"COPYRIGHT © 2001-2021 ENERGY INTELLIGENCE GROUP, INC. / ENERGY INTELLIGENCE GROUP (UK) LIMITED.",2021,Q1,January,1,64.969739
Middle East,Qatar, ,Deodorized Field Condensate,Energy Intelligence,"COPYRIGHT © 2001-2021 ENERGY INTELLIGENCE GROUP, INC. / ENERGY INTELLIGENCE GROUP (UK) LIMITED.",2021,Q1,January,1,2.671894
Middle East,Qatar, ,Al-Shaheen,Energy Intelligence,"COPYRIGHT © 2001-2021 ENERGY INTELLIGENCE GROUP, INC. / ENERGY INTELLIGENCE GROUP (UK) LIMITED.",2021,Q1,January,1,79.11118
Middle East,Qatar, ,Qatar Marine,Energy Intelligence,"COPYRIGHT © 2001-2021 ENERGY INTELLIGENCE GROUP, INC. / ENERGY INTELLIGENCE GROUP (UK) LIMITED.",2020,Q1,January,1,45.619868
Middle East,Qatar, ,Qatar Low Sulphur Field Condensate,Energy Intelligence,"COPYRIGHT © 2001-2021 ENERGY INTELLIGENCE GROUP, INC. / ENERGY INTELLIGENCE GROUP (UK) LIMITED.",2020,Q1,January,1,17.755247
Middle East,Qatar, ,Qatar Land,Energy Intelligence,"COPYRIGHT © 2001-2021 ENERGY INTELLIGENCE GROUP, INC. / ENERGY INTELLIGENCE GROUP (UK) LIMITED.",2020,Q1,January,1,72.684288
Middle East,Qatar, ,Deodorized Field Condensate,Energy Intelligence,"COPYRIGHT © 2001-2021 ENERGY INTELLIGENCE GROUP, INC. / ENERGY INTELLIGENCE GROUP (UK) LIMITED.",2020,Q1,January,1,8.152852
Middle East,Qatar, ,Al-Shaheen,Energy Intelligence,"COPYRIGHT © 2001-2021 ENERGY INTELLIGENCE GROUP, INC. / ENERGY INTELLIGENCE GROUP (UK) LIMITED.",2020,Q1,January,1,68.237994
Middle East,Qatar, ,Qatar Marine,Energy Intelligence,"COPYRIGHT © 2001-2021 ENERGY INTELLIGENCE GROUP, INC. / ENERGY INTELLIGENCE GROUP (UK) LIMITED.",2019,Q1,January,1,59.06845
Middle East,Qatar, ,Qatar Low Sulphur Field Condensate,Energy Intelligence,"COPYRIGHT © 2001-2021 ENERGY INTELLIGENCE GROUP, INC. / ENERGY INTELLIGENCE GROUP (UK) LIMITED.",2019,Q1,January,1,22.783708
Middle East,Qatar, ,Qatar Land,Energy Intelligence,"COPYRIGHT © 2001-2021 ENERGY INTELLIGENCE GROUP, INC. / ENERGY INTELLIGENCE GROUP (UK) LIMITED.",2019,Q1,January,1,86.101192
Middle East,Qatar, ,Deodorized Field Condensate,Energy Intelligence,"COPYRIGHT © 2001-2021 ENERGY INTELLIGENCE GROUP, INC. / ENERGY INTELLIGENCE GROUP (UK) LIMITED.",2019,Q1,January,1,27.166465
Middle East,Qatar, ,Al-Shaheen,Energy Intelligence,"COPYRIGHT © 2001-2021 ENERGY INTELLIGENCE GROUP, INC. / ENERGY INTELLIGENCE GROUP (UK) LIMITED.",2019,Q1,January,1,73.140651
Middle East,Qatar, ,Qatar Marine,Energy Intelligence,"COPYRIGHT © 2001-2021 ENERGY INTELLIGENCE GROUP, INC. / ENERGY INTELLIGENCE GROUP (UK) LIMITED.",2018,Q1,January,1,74.749619
Middle East,Qatar, ,Qatar Low Sulphur Field Condensate,Energy Intelligence,"COPYRIGHT © 2001-2021 ENERGY INTELLIGENCE GROUP, INC. / ENERGY INTELLIGENCE GROUP (UK) LIMITED.",2018,Q1,January,1,11.838439
Middle East,Qatar, ,Qatar Land,Energy Intelligence,"COPYRIGHT © 2001-2021 ENERGY INTELLIGENCE GROUP, INC. / ENERGY INTELLIGENCE GROUP (UK) LIMITED.",2018,Q1,January,1,77.401937
Middle East,Qatar, ,Deodorized Field Condensate,Energy Intelligence,"COPYRIGHT © 2001-2021 ENERGY INTELLIGENCE GROUP, INC. / ENERGY INTELLIGENCE GROUP (UK) LIMITED.",2018,Q1,January,1,12.66878
Middle East,Qatar, ,Al-Shaheen,Energy Intelligence,"COPYRIGHT © 2001-2021 ENERGY INTELLIGENCE GROUP, INC. / ENERGY INTELLIGENCE GROUP (UK) LIMITED.",2018,Q1,January,1,66.592045
Middle East,Qatar, ,Al-Rayyan,Energy Intelligence,"COPYRIGHT © 2001-2021 ENERGY INTELLIGENCE GROUP, INC. / ENERGY INTELLIGENCE GROUP (UK) LIMITED.",2018,Q1,January,1,3.822068
Middle East,Qatar, ,Qatar Marine,Energy Intelligence,"COPYRIGHT © 2001-2021 ENERGY INTELLIGENCE GROUP, INC. / ENERGY INTELLIGENCE GROUP (UK) LIMITED.",2017,Q1,January,1,90.687977
Middle East,Qatar, ,Qatar Low Sulphur Field Condensate,Energy Intelligence,"COPYRIGHT © 2001-2021 ENERGY INTELLIGENCE GROUP, INC. / ENERGY INTELLIGENCE GROUP (UK) LIMITED.",2017,Q1,January,1,7.553976
Middle East,Qatar, ,Qatar Land,Energy Intelligence,"COPYRIGHT © 2001-2021 ENERGY INTELLIGENCE GROUP, INC. / ENERGY INTELLIGENCE GROUP (UK) LIMITED.",2017,Q1,January,1,65.485038
Middle East,Qatar, ,Deodorized Field Condensate,Energy Intelligence,"COPYRIGHT © 2001-2021 ENERGY INTELLIGENCE GROUP, INC. / ENERGY INTELLIGENCE GROUP (UK) LIMITED.",2017,Q1,January,1,21.815749
Middle East,Qatar, ,Al-Shaheen,Energy Intelligence,"COPYRIGHT © 2001-2021 ENERGY INTELLIGENCE GROUP, INC. / ENERGY INTELLIGENCE GROUP (UK) LIMITED.",2017,Q1,January,1,47.900195
Middle East,Qatar, ,Al-Rayyan,Energy Intelligence,"COPYRIGHT © 2001-2021 ENERGY INTELLIGENCE GROUP, INC. / ENERGY INTELLIGENCE GROUP (UK) LIMITED.",2017,Q1,January,1,2.755953
Middle East,Qatar, ,Qatar Marine,Energy Intelligence,"COPYRIGHT © 2001-2021 ENERGY INTELLIGENCE GROUP, INC. / ENERGY INTELLIGENCE GROUP (UK) LIMITED.",2016,Q1,January,1,86.664663
Middle East,Qatar, ,Qatar Low Sulphur Field Condensate,Energy Intelligence,"COPYRIGHT © 2001-2021 ENERGY INTELLIGENCE GROUP, INC. / ENERGY INTELLIGENCE GROUP (UK) LIMITED.",2016,Q1,January,1,8.014283
Middle East,Qatar, ,Qatar Land,Energy Intelligence,"COPYRIGHT © 2001-2021 ENERGY INTELLIGENCE GROUP, INC. / ENERGY INTELLIGENCE GROUP (UK) LIMITED.",2016,Q1,January,1,74.252169
Middle East,Qatar, ,Deodorized Field Condensate,Energy Intelligence,"COPYRIGHT © 2001-2021 ENERGY INTELLIGENCE GROUP, INC. / ENERGY INTELLIGENCE GROUP (UK) LIMITED.",2016,Q1,January,1,75.910634
Middle East,Qatar, ,Al-Shaheen,Energy Intelligence,"COPYRIGHT © 2001-2021 ENERGY INTELLIGENCE GROUP, INC. / ENERGY INTELLIGENCE GROUP (UK) LIMITED.",2016,Q1,January,1,61.020987
Middle East,Qatar, ,Qatar Marine,Energy Intelligence,"COPYRIGHT © 2001-2021 ENERGY INTELLIGENCE GROUP, INC. / ENERGY INTELLIGENCE GROUP (UK) LIMITED.",2015,Q1,January,1,79.363944
Middle East,Qatar, ,Qatar Low Sulphur Field Condensate,Energy Intelligence,"COPYRIGHT © 2001-2021 ENERGY INTELLIGENCE GROUP, INC. / ENERGY INTELLIGENCE GROUP (UK) LIMITED.",2015,Q1,January,1,18.407999
Middle East,Qatar, ,Qatar Land,Energy Intelligence,"COPYRIGHT © 2001-2021 ENERGY INTELLIGENCE GROUP, INC. / ENERGY INTELLIGENCE GROUP (UK) LIMITED.",2015,Q1,January,1,62.26731
Middle East,Qatar, ,Deodorized Field Condensate,Energy Intelligence,"COPYRIGHT © 2001-2021 ENERGY INTELLIGENCE GROUP, INC. / ENERGY INTELLIGENCE GROUP (UK) LIMITED.",2015,Q1,January,1,56.28215
Middle East,Qatar, ,Al-Shaheen,Energy Intelligence,"COPYRIGHT © 2001-2021 ENERGY INTELLIGENCE GROUP, INC. / ENERGY INTELLIGENCE GROUP (UK) LIMITED.",2015,Q1,January,1,60.163773
Middle East,Qatar, ,Untreated Field Condensate,Energy Intelligence,"COPYRIGHT © 2001-2021 ENERGY INTELLIGENCE GROUP, INC. / ENERGY INTELLIGENCE GROUP (UK) LIMITED.",2014,Q1,January,1,1.379381
Middle East,Qatar, ,Qatar Marine,Energy Intelligence,"COPYRIGHT © 2001-2021 ENERGY INTELLIGENCE GROUP, INC. / ENERGY INTELLIGENCE GROUP (UK) LIMITED.",2014,Q1,January,1,106.957151
Middle East,Qatar, ,Qatar Low Sulphur Field Condensate,Energy Intelligence,"COPYRIGHT © 2001-2021 ENERGY INTELLIGENCE GROUP, INC. / ENERGY INTELLIGENCE GROUP (UK) LIMITED.",2014,Q1,January,1,28.513398
Middle East,Qatar, ,Qatar Land,Energy Intelligence,"COPYRIGHT © 2001-2021 ENERGY INTELLIGENCE GROUP, INC. / ENERGY INTELLIGENCE GROUP (UK) LIMITED.",2014,Q1,January,1,57.830305
Middle East,Qatar, ,Deodorized Field Condensate,Energy Intelligence,"COPYRIGHT © 2001-2021 ENERGY INTELLIGENCE GROUP, INC. / ENERGY INTELLIGENCE GROUP (UK) LIMITED.",2014,Q1,January,1,99.728849
Middle East,Qatar, ,Al-Shaheen,Energy Intelligence,"COPYRIGHT © 2001-2021 ENERGY INTELLIGENCE GROUP, INC. / ENERGY INTELLIGENCE GROUP (UK) LIMITED.",2014,Q1,January,1,75.146376
Middle East,Qatar, ,Al-Rayyan,Energy Intelligence,"COPYRIGHT © 2001-2021 ENERGY INTELLIGENCE GROUP, INC. / ENERGY INTELLIGENCE GROUP (UK) LIMITED.",2014,Q1,January,1,2.963724
Middle East,Qatar, ,Qatar Marine,Energy Intelligence,"COPYRIGHT © 2001-2021 ENERGY INTELLIGENCE GROUP, INC. / ENERGY INTELLIGENCE GROUP (UK) LIMITED.",2013,Q1,January,1,127.632893
Middle East,Qatar, ,Qatar Low Sulphur Field Condensate,Energy Intelligence,"COPYRIGHT © 2001-2021 ENERGY INTELLIGENCE GROUP, INC. / ENERGY INTELLIGENCE GROUP (UK) LIMITED.",2013,Q1,January,1,47.134802
Middle East,Qatar, ,Qatar Land,Energy Intelligence,"COPYRIGHT © 2001-2021 ENERGY INTELLIGENCE GROUP, INC. / ENERGY INTELLIGENCE GROUP (UK) LIMITED.",2013,Q1,January,1,89.35778
Middle East,Qatar, ,Deodorized Field Condensate,Energy Intelligence,"COPYRIGHT © 2001-2021 ENERGY INTELLIGENCE GROUP, INC. / ENERGY INTELLIGENCE GROUP (UK) LIMITED.",2013,Q1,January,1,135.301413
Middle East,Qatar, ,Al-Shaheen,Energy Intelligence,"COPYRIGHT © 2001-2021 ENERGY INTELLIGENCE GROUP, INC. / ENERGY INTELLIGENCE GROUP (UK) LIMITED.",2013,Q1,January,1,62.694431
Middle East,Qatar, ,Al-Rayyan,Energy Intelligence,"COPYRIGHT © 2001-2021 ENERGY INTELLIGENCE GROUP, INC. / ENERGY INTELLIGENCE GROUP (UK) LIMITED.",2013,Q1,January,1,1.500697
Middle East,Qatar, ,Qatar Marine,Energy Intelligence,"COPYRIGHT © 2001-2021 ENERGY INTELLIGENCE GROUP, INC. / ENERGY INTELLIGENCE GROUP (UK) LIMITED.",2012,Q1,January,1,104.378596
Middle East,Qatar, ,Qatar Low Sulphur Field Condensate,Energy Intelligence,"COPYRIGHT © 2001-2021 ENERGY INTELLIGENCE GROUP, INC. / ENERGY INTELLIGENCE GROUP (UK) LIMITED.",2012,Q1,January,1,44.450717
Middle East,Qatar, ,Deodorized Field Condensate,Energy Intelligence,"COPYRIGHT © 2001-2021 ENERGY INTELLIGENCE GROUP, INC. / ENERGY INTELLIGENCE GROUP (UK) LIMITED.",2012,Q1,January,1,124.537289
Middle East,Qatar, ,Al-Shaheen,Energy Intelligence,"COPYRIGHT © 2001-2021 ENERGY INTELLIGENCE GROUP, INC. / ENERGY INTELLIGENCE GROUP (UK) LIMITED.",2012,Q1,January,1,47.922844
Middle East,Qatar, ,Al-Rayyan,Energy Intelligence,"COPYRIGHT © 2001-2021 ENERGY INTELLIGENCE GROUP, INC. / ENERGY INTELLIGENCE GROUP (UK) LIMITED.",2012,Q1,January,1,1.426298
Middle East,Qatar, ,Untreated Field Condensate,Energy Intelligence,"COPYRIGHT © 2001-2021 ENERGY INTELLIGENCE GROUP, INC. / ENERGY INTELLIGENCE GROUP (UK) LIMITED.",2011,Q1,January,1,0.660791
Middle East,Qatar, ,Ras Gas (DFC) Condensate,Energy Intelligence,"COPYRIGHT © 2001-2021 ENERGY INTELLIGENCE GROUP, INC. / ENERGY INTELLIGENCE GROUP (UK) LIMITED.",2011,Q1,January,1,129.07514
Middle East,Qatar, ,Qatar Marine,Energy Intelligence,"COPYRIGHT © 2001-2021 ENERGY INTELLIGENCE GROUP, INC. / ENERGY INTELLIGENCE GROUP (UK) LIMITED.",2011,Q1,January,1,116.731037
Middle East,Qatar, ,Qatar Low Sulphur Field Condensate,Energy Intelligence,"COPYRIGHT © 2001-2021 ENERGY INTELLIGENCE GROUP, INC. / ENERGY INTELLIGENCE GROUP (UK) LIMITED.",2011,Q1,January,1,24.596461
Middle East,Qatar, ,Dukhan,Energy Intelligence,"COPYRIGHT © 2001-2021 ENERGY INTELLIGENCE GROUP, INC. / ENERGY INTELLIGENCE GROUP (UK) LIMITED.",2011,Q1,January,1,76.792254
Middle East,Qatar, ,Al-Shaheen,Energy Intelligence,"COPYRIGHT © 2001-2021 ENERGY INTELLIGENCE GROUP, INC. / ENERGY INTELLIGENCE GROUP (UK) LIMITED.",2011,Q1,January,1,30.645836
Middle East,Qatar, ,Untreated Field Condensate,Energy Intelligence,"COPYRIGHT © 2001-2021 ENERGY INTELLIGENCE GROUP, INC. / ENERGY INTELLIGENCE GROUP (UK) LIMITED.",2010,Q1,January,1,1.633694
Middle East,Qatar, ,Ras Gas (DFC) Condensate,Energy Intelligence,"COPYRIGHT © 2001-2021 ENERGY INTELLIGENCE GROUP, INC. / ENERGY INTELLIGENCE GROUP (UK) LIMITED.",2010,Q1,January,1,125.423506
Middle East,Qatar, ,Qatar Marine,Energy Intelligence,"COPYRIGHT © 2001-2021 ENERGY INTELLIGENCE GROUP, INC. / ENERGY INTELLIGENCE GROUP (UK) LIMITED.",2010,Q1,January,1,129.550545
Middle East,Qatar, ,Qatar Low Sulphur Field Condensate,Energy Intelligence,"COPYRIGHT © 2001-2021 ENERGY INTELLIGENCE GROUP, INC. / ENERGY INTELLIGENCE GROUP (UK) LIMITED.",2010,Q1,January,1,22.184486
Middle East,Qatar, ,Qatar Dukhan Condensate,Energy Intelligence,"COPYRIGHT © 2001-2021 ENERGY INTELLIGENCE GROUP, INC. / ENERGY INTELLIGENCE GROUP (UK) LIMITED.",2010,Q1,January,1,0.50651
Middle East,Qatar, ,Dukhan,Energy Intelligence,"COPYRIGHT © 2001-2021 ENERGY INTELLIGENCE GROUP, INC. / ENERGY INTELLIGENCE GROUP (UK) LIMITED.",2010,Q1,January,1,99.421662
Middle East,Qatar, ,Al-Shaheen,Energy Intelligence,"COPYRIGHT © 2001-2021 ENERGY INTELLIGENCE GROUP, INC. / ENERGY INTELLIGENCE GROUP (UK) LIMITED.",2010,Q1,January,1,59.461615
Middle East,Qatar, ,Untreated Field Condensate,Energy Intelligence,"COPYRIGHT © 2001-2021 ENERGY INTELLIGENCE GROUP, INC. / ENERGY INTELLIGENCE GROUP (UK) LIMITED.",2009,Q1,January,1,17.527157
Middle East,Qatar, ,Ras Gas (DFC) Condensate,Energy Intelligence,"COPYRIGHT © 2001-2021 ENERGY INTELLIGENCE GROUP, INC. / ENERGY INTELLIGENCE GROUP (UK) LIMITED.",2009,Q1,January,1,106.134326
Middle East,Qatar, ,Qatar Marine,Energy Intelligence,"COPYRIGHT © 2001-2021 ENERGY INTELLIGENCE GROUP, INC. / ENERGY INTELLIGENCE GROUP (UK) LIMITED.",2009,Q1,January,1,118.725972
Middle East,Qatar, ,Qatar Low Sulphur Field Condensate,Energy Intelligence,"COPYRIGHT © 2001-2021 ENERGY INTELLIGENCE GROUP, INC. / ENERGY INTELLIGENCE GROUP (UK) LIMITED.",2009,Q1,January,1,21.999222
Middle East,Qatar, ,Qatar Dukhan Condensate,Energy Intelligence,"COPYRIGHT © 2001-2021 ENERGY INTELLIGENCE GROUP, INC. / ENERGY INTELLIGENCE GROUP (UK) LIMITED.",2009,Q1,January,1,52.523363
Middle East,Qatar, ,Dukhan,Energy Intelligence,"COPYRIGHT © 2001-2021 ENERGY INTELLIGENCE GROUP, INC. / ENERGY INTELLIGENCE GROUP (UK) LIMITED.",2009,Q1,January,1,115.628616
Middle East,Qatar, ,Al-Shaheen,Energy Intelligence,"COPYRIGHT © 2001-2021 ENERGY INTELLIGENCE GROUP, INC. / ENERGY INTELLIGENCE GROUP (UK) LIMITED.",2009,Q1,January,1,51.267402
Middle East,Qatar, ,Untreated Field Condensate,Energy Intelligence,"COPYRIGHT © 2001-2021 ENERGY INTELLIGENCE GROUP, INC. / ENERGY INTELLIGENCE GROUP (UK) LIMITED.",2008,Q1,January,1,8.019907
Middle East,Qatar, ,Ras Gas (DFC) Condensate,Energy Intelligence,"COPYRIGHT © 2001-2021 ENERGY INTELLIGENCE GROUP, INC. / ENERGY INTELLIGENCE GROUP (UK) LIMITED.",2008,Q1,January,1,62.549157
Middle East,Qatar, ,Qatar Marine,Energy Intelligence,"COPYRIGHT © 2001-2021 ENERGY INTELLIGENCE GROUP, INC. / ENERGY INTELLIGENCE GROUP (UK) LIMITED.",2008,Q1,January,1,133.110522
Middle East,Qatar, ,Qatar Low Sulphur Field Condensate,Energy Intelligence,"COPYRIGHT © 2001-2021 ENERGY INTELLIGENCE GROUP, INC. / ENERGY INTELLIGENCE GROUP (UK) LIMITED.",2008,Q1,January,1,23.624317
Middle East,Qatar, ,Qatar Dukhan Condensate,Energy Intelligence,"COPYRIGHT © 2001-2021 ENERGY INTELLIGENCE GROUP, INC. / ENERGY INTELLIGENCE GROUP (UK) LIMITED.",2008,Q1,January,1,6.20023
Middle East,Qatar, ,Dukhan,Energy Intelligence,"COPYRIGHT © 2001-2021 ENERGY INTELLIGENCE GROUP, INC. / ENERGY INTELLIGENCE GROUP (UK) LIMITED.",2008,Q1,January,1,124.683565
Middle East,Qatar, ,Deodorized Field Condensate,Energy Intelligence,"COPYRIGHT © 2001-2021 ENERGY INTELLIGENCE GROUP, INC. / ENERGY INTELLIGENCE GROUP (UK) LIMITED.",2008,Q1,January,1,9.648639
Middle East,Qatar, ,Al-Shaheen,Energy Intelligence,"COPYRIGHT © 2001-2021 ENERGY INTELLIGENCE GROUP, INC. / ENERGY INTELLIGENCE GROUP (UK) LIMITED.",2008,Q1,January,1,84.223842
Middle East,Qatar, ,Qatar Marine,Energy Intelligence,"COPYRIGHT © 2001-2021 ENERGY INTELLIGENCE GROUP, INC. / ENERGY INTELLIGENCE GROUP (UK) LIMITED.",2007,Q1,January,1,160.986242
Middle East,Qatar, ,Qatar Low Sulphur Field Condensate,Energy Intelligence,"COPYRIGHT © 2001-2021 ENERGY INTELLIGENCE GROUP, INC. / ENERGY INTELLIGENCE GROUP (UK) LIMITED.",2007,Q1,January,1,0.506872
Middle East,Qatar, ,Qatar Dukhan Condensate,Energy Intelligence,"COPYRIGHT © 2001-2021 ENERGY INTELLIGENCE GROUP, INC. / ENERGY INTELLIGENCE GROUP (UK) LIMITED.",2007,Q1,January,1,3.268094
Middle East,Qatar, ,Dukhan,Energy Intelligence,"COPYRIGHT © 2001-2021 ENERGY INTELLIGENCE GROUP, INC. / ENERGY INTELLIGENCE GROUP (UK) LIMITED.",2007,Q1,January,1,139.644037
Middle East,Qatar, ,Deodorized Field Condensate,Energy Intelligence,"COPYRIGHT © 2001-2021 ENERGY INTELLIGENCE GROUP, INC. / ENERGY INTELLIGENCE GROUP (UK) LIMITED.",2007,Q1,January,1,66.526387
Middle East,Qatar, ,Al-Shaheen,Energy Intelligence,"COPYRIGHT © 2001-2021 ENERGY INTELLIGENCE GROUP, INC. / ENERGY INTELLIGENCE GROUP (UK) LIMITED.",2007,Q1,January,1,55.522994
Middle East,Qatar, ,Qatar Marine,Energy Intelligence,"COPYRIGHT © 2001-2021 ENERGY INTELLIGENCE GROUP, INC. / ENERGY INTELLIGENCE GROUP (UK) LIMITED.",2006,Q1,January,1,149.995084
Middle East,Qatar, ,Qatar Dukhan Condensate,Energy Intelligence,"COPYRIGHT © 2001-2021 ENERGY INTELLIGENCE GROUP, INC. / ENERGY INTELLIGENCE GROUP (UK) LIMITED.",2006,Q1,January,1,10.352287
Middle East,Qatar, ,Dukhan,Energy Intelligence,"COPYRIGHT © 2001-2021 ENERGY INTELLIGENCE GROUP, INC. / ENERGY INTELLIGENCE GROUP (UK) LIMITED.",2006,Q1,January,1,172.232611
Middle East,Qatar, ,Deodorized Field Condensate,Energy Intelligence,"COPYRIGHT © 2001-2021 ENERGY INTELLIGENCE GROUP, INC. / ENERGY INTELLIGENCE GROUP (UK) LIMITED.",2006,Q1,January,1,51.712237
Middle East,Qatar, ,Al-Shaheen,Energy Intelligence,"COPYRIGHT © 2001-2021 ENERGY INTELLIGENCE GROUP, INC. / ENERGY INTELLIGENCE GROUP (UK) LIMITED.",2006,Q1,January,1,44.903968
Middle East,Saudi Arabia, ,Arab Super Light,Energy Intelligence,"COPYRIGHT © 2001-2021 ENERGY INTELLIGENCE GROUP, INC. / ENERGY INTELLIGENCE GROUP (UK) LIMITED.",2025,Q1,January,1,27.232296
Middle East,Saudi Arabia, ,Arab Medium,Energy Intelligence,"COPYRIGHT © 2001-2021 ENERGY INTELLIGENCE GROUP, INC. / ENERGY INTELLIGENCE GROUP (UK) LIMITED.",2025,Q1,January,1,50.517113
Middle East,Saudi Arabia, ,Arab Light,Energy Intelligence,"COPYRIGHT © 2001-2021 ENERGY INTELLIGENCE GROUP, INC. / ENERGY INTELLIGENCE GROUP (UK) LIMITED.",2025,Q1,January,1,309.823491
Middle East,Saudi Arabia, ,Arab Heavy,Energy Intelligence,"COPYRIGHT © 2001-2021 ENERGY INTELLIGENCE GROUP, INC. / ENERGY INTELLIGENCE GROUP (UK) LIMITED.",2025,Q1,January,1,163.745027
Middle East,Saudi Arabia, ,Arab Extra Light,Energy Intelligence,"COPYRIGHT © 2001-2021 ENERGY INTELLIGENCE GROUP, INC. / ENERGY INTELLIGENCE GROUP (UK) LIMITED.",2025,Q1,January,1,366.400688
Middle East,Saudi Arabia, ,Arab Super Light,Energy Intelligence,"COPYRIGHT © 2001-2021 ENERGY INTELLIGENCE GROUP, INC. / ENERGY INTELLIGENCE GROUP (UK) LIMITED.",2024,Q1,January,1,31.528858
Middle East,Saudi Arabia, ,Arab Medium,Energy Intelligence,"COPYRIGHT © 2001-2021 ENERGY INTELLIGENCE GROUP, INC. / ENERGY INTELLIGENCE GROUP (UK) LIMITED.",2024,Q1,January,1,41.395147
Middle East,Saudi Arabia, ,Arab Light,Energy Intelligence,"COPYRIGHT © 2001-2021 ENERGY INTELLIGENCE GROUP, INC. / ENERGY INTELLIGENCE GROUP (UK) LIMITED.",2024,Q1,January,1,337.912343
Middle East,Saudi Arabia, ,Arab Heavy,Energy Intelligence,"COPYRIGHT © 2001-2021 ENERGY INTELLIGENCE GROUP, INC. / ENERGY INTELLIGENCE GROUP (UK) LIMITED.",2024,Q1,January,1,139.198771
Middle East,Saudi Arabia, ,Arab Extra Light,Energy Intelligence,"COPYRIGHT © 2001-2021 ENERGY INTELLIGENCE GROUP, INC. / ENERGY INTELLIGENCE GROUP (UK) LIMITED.",2024,Q1,January,1,364.670295
Middle East,Saudi Arabia, ,Arab Super Light,Energy Intelligence,"COPYRIGHT © 2001-2021 ENERGY INTELLIGENCE GROUP, INC. / ENERGY INTELLIGENCE GROUP (UK) LIMITED.",2023,Q1,January,1,36.819658
Middle East,Saudi Arabia, ,Arab Medium,Energy Intelligence,"COPYRIGHT © 2001-2021 ENERGY INTELLIGENCE GROUP, INC. / ENERGY INTELLIGENCE GROUP (UK) LIMITED.",2023,Q1,January,1,25.079751
Middle East,Saudi Arabia, ,Arab Light,Energy Intelligence,"COPYRIGHT © 2001-2021 ENERGY INTELLIGENCE GROUP, INC. / ENERGY INTELLIGENCE GROUP (UK) LIMITED.",2023,Q1,January,1,362.152147
Middle East,Saudi Arabia, ,Arab Heavy,Energy Intelligence,"COPYRIGHT © 2001-2021 ENERGY INTELLIGENCE GROUP, INC. / ENERGY INTELLIGENCE GROUP (UK) LIMITED.",2023,Q1,January,1,144.991438
Middle East,Saudi Arabia, ,Arab Extra Light,Energy Intelligence,"COPYRIGHT © 2001-2021 ENERGY INTELLIGENCE GROUP, INC. / ENERGY INTELLIGENCE GROUP (UK) LIMITED.",2023,Q1,January,1,458.572763
Middle East,Saudi Arabia, ,Arab Super Light,Energy Intelligence,"COPYRIGHT © 2001-2021 ENERGY INTELLIGENCE GROUP, INC. / ENERGY INTELLIGENCE GROUP (UK) LIMITED.",2022,Q1,January,1,30.333513
Middle East,Saudi Arabia, ,Arab Medium,Energy Intelligence,"COPYRIGHT © 2001-2021 ENERGY INTELLIGENCE GROUP, INC. / ENERGY INTELLIGENCE GROUP (UK) LIMITED.",2022,Q1,January,1,30.008442
Middle East,Saudi Arabia, ,Arab Light,Energy Intelligence,"COPYRIGHT © 2001-2021 ENERGY INTELLIGENCE GROUP, INC. / ENERGY INTELLIGENCE GROUP (UK) LIMITED.",2022,Q1,January,1,424.031556
Middle East,Saudi Arabia, ,Arab Heavy,Energy Intelligence,"COPYRIGHT © 2001-2021 ENERGY INTELLIGENCE GROUP, INC. / ENERGY INTELLIGENCE GROUP (UK) LIMITED.",2022,Q1,January,1,155.979551
Middle East,Saudi Arabia, ,Arab Extra Light,Energy Intelligence,"COPYRIGHT © 2001-2021 ENERGY INTELLIGENCE GROUP, INC. / ENERGY INTELLIGENCE GROUP (UK) LIMITED.",2022,Q1,January,1,399.877721
Middle East,Saudi Arabia, ,Arab Super Light,Energy Intelligence,"COPYRIGHT © 2001-2021 ENERGY INTELLIGENCE GROUP, INC. / ENERGY INTELLIGENCE GROUP (UK) LIMITED.",2021,Q1,January,1,34.889194
Middle East,Saudi Arabia, ,Arab Medium,Energy Intelligence,"COPYRIGHT © 2001-2021 ENERGY INTELLIGENCE GROUP, INC. / ENERGY INTELLIGENCE GROUP (UK) LIMITED.",2021,Q1,January,1,32.988887
Middle East,Saudi Arabia, ,Arab Light,Energy Intelligence,"COPYRIGHT © 2001-2021 ENERGY INTELLIGENCE GROUP, INC. / ENERGY INTELLIGENCE GROUP (UK) LIMITED.",2021,Q1,January,1,378.610443
Middle East,Saudi Arabia, ,Arab Heavy,Energy Intelligence,"COPYRIGHT © 2001-2021 ENERGY INTELLIGENCE GROUP, INC. / ENERGY INTELLIGENCE GROUP (UK) LIMITED.",2021,Q1,January,1,142.330353
Middle East,Saudi Arabia, ,Arab Extra Light,Energy Intelligence,"COPYRIGHT © 2001-2021 ENERGY INTELLIGENCE GROUP, INC. / ENERGY INTELLIGENCE GROUP (UK) LIMITED.",2021,Q1,January,1,386.127317
Middle East,Saudi Arabia, ,Arab Super Light,Energy Intelligence,"COPYRIGHT © 2001-2021 ENERGY INTELLIGENCE GROUP, INC. / ENERGY INTELLIGENCE GROUP (UK) LIMITED.",2020,Q1,January,1,36.736532
Middle East,Saudi Arabia, ,Arab Medium,Energy Intelligence,"COPYRIGHT © 2001-2021 ENERGY INTELLIGENCE GROUP, INC. / ENERGY INTELLIGENCE GROUP (UK) LIMITED.",2020,Q1,January,1,39.554897
Middle East,Saudi Arabia, ,Arab Light,Energy Intelligence,"COPYRIGHT © 2001-2021 ENERGY INTELLIGENCE GROUP, INC. / ENERGY INTELLIGENCE GROUP (UK) LIMITED.",2020,Q1,January,1,396.035618
Middle East,Saudi Arabia, ,Arab Heavy,Energy Intelligence,"COPYRIGHT © 2001-2021 ENERGY INTELLIGENCE GROUP, INC. / ENERGY INTELLIGENCE GROUP (UK) LIMITED.",2020,Q1,January,1,101.731817
Middle East,Saudi Arabia, ,Arab Extra Light,Energy Intelligence,"COPYRIGHT © 2001-2021 ENERGY INTELLIGENCE GROUP, INC. / ENERGY INTELLIGENCE GROUP (UK) LIMITED.",2020,Q1,January,1,400.763407
Middle East,Saudi Arabia, ,Arab Super Light,Energy Intelligence,"COPYRIGHT © 2001-2021 ENERGY INTELLIGENCE GROUP, INC. / ENERGY INTELLIGENCE GROUP (UK) LIMITED.",2019,Q1,January,1,42.388805
Middle East,Saudi Arabia, ,Arab Medium,Energy Intelligence,"COPYRIGHT © 2001-2021 ENERGY INTELLIGENCE GROUP, INC. / ENERGY INTELLIGENCE GROUP (UK) LIMITED.",2019,Q1,January,1,38.955861
Middle East,Saudi Arabia, ,Arab Light,Energy Intelligence,"COPYRIGHT © 2001-2021 ENERGY INTELLIGENCE GROUP, INC. / ENERGY INTELLIGENCE GROUP (UK) LIMITED.",2019,Q1,January,1,395.81938
Middle East,Saudi Arabia, ,Arab Heavy,Energy Intelligence,"COPYRIGHT © 2001-2021 ENERGY INTELLIGENCE GROUP, INC. / ENERGY INTELLIGENCE GROUP (UK) LIMITED.",2019,Q1,January,1,131.988285
Middle East,Saudi Arabia, ,Arab Extra Light,Energy Intelligence,"COPYRIGHT © 2001-2021 ENERGY INTELLIGENCE GROUP, INC. / ENERGY INTELLIGENCE GROUP (UK) LIMITED.",2019,Q1,January,1,458.695957
Middle East,Saudi Arabia, ,Arab Super Light,Energy Intelligence,"COPYRIGHT © 2001-2021 ENERGY INTELLIGENCE GROUP, INC. / ENERGY INTELLIGENCE GROUP (UK) LIMITED.",2018,Q1,January,1,37.516304
Middle East,Saudi Arabia, ,Arab Medium,Energy Intelligence,"COPYRIGHT © 2001-2021 ENERGY INTELLIGENCE GROUP, INC. / ENERGY INTELLIGENCE GROUP (UK) LIMITED.",2018,Q1,January,1,127.449025
Middle East,Saudi Arabia, ,Arab Light,Energy Intelligence,"COPYRIGHT © 2001-2021 ENERGY INTELLIGENCE GROUP, INC. / ENERGY INTELLIGENCE GROUP (UK) LIMITED.",2018,Q1,January,1,370.983313
Middle East,Saudi Arabia, ,Arab Heavy,Energy Intelligence,"COPYRIGHT © 2001-2021 ENERGY INTELLIGENCE GROUP, INC. / ENERGY INTELLIGENCE GROUP (UK) LIMITED.",2018,Q1,January,1,92.360157
Middle East,Saudi Arabia, ,Arab Extra Light,Energy Intelligence,"COPYRIGHT © 2001-2021 ENERGY INTELLIGENCE GROUP, INC. / ENERGY INTELLIGENCE GROUP (UK) LIMITED.",2018,Q1,January,1,535.302551
Middle East,Saudi Arabia, ,Arab Super Light,Energy Intelligence,"COPYRIGHT © 2001-2021 ENERGY INTELLIGENCE GROUP, INC. / ENERGY INTELLIGENCE GROUP (UK) LIMITED.",2017,Q1,January,1,44.068959
Middle East,Saudi Arabia, ,Arab Medium,Energy Intelligence,"COPYRIGHT © 2001-2021 ENERGY INTELLIGENCE GROUP, INC. / ENERGY INTELLIGENCE GROUP (UK) LIMITED.",2017,Q1,January,1,133.60923
Middle East,Saudi Arabia, ,Arab Light,Energy Intelligence,"COPYRIGHT © 2001-2021 ENERGY INTELLIGENCE GROUP, INC. / ENERGY INTELLIGENCE GROUP (UK) LIMITED.",2017,Q1,January,1,401.338781
Middle East,Saudi Arabia, ,Arab Heavy,Energy Intelligence,"COPYRIGHT © 2001-2021 ENERGY INTELLIGENCE GROUP, INC. / ENERGY INTELLIGENCE GROUP (UK) LIMITED.",2017,Q1,January,1,128.084002
Middle East,Saudi Arabia, ,Arab Extra Light,Energy Intelligence,"COPYRIGHT © 2001-2021 ENERGY INTELLIGENCE GROUP, INC. / ENERGY INTELLIGENCE GROUP (UK) LIMITED.",2017,Q1,January,1,588.368675
Middle East,Saudi Arabia, ,Arab Super Light,Energy Intelligence,"COPYRIGHT © 2001-2021 ENERGY INTELLIGENCE GROUP, INC. / ENERGY INTELLIGENCE GROUP (UK) LIMITED.",2016,Q1,January,1,39.091358
Middle East,Saudi Arabia, ,Arab Medium,Energy Intelligence,"COPYRIGHT © 2001-2021 ENERGY INTELLIGENCE GROUP, INC. / ENERGY INTELLIGENCE GROUP (UK) LIMITED.",2016,Q1,January,1,158.658498
Middle East,Saudi Arabia, ,Arab Light Fuel Oil,Energy Intelligence,"COPYRIGHT © 2001-2021 ENERGY INTELLIGENCE GROUP, INC. / ENERGY INTELLIGENCE GROUP (UK) LIMITED.",2016,Q1,January,1,0.486635
Middle East,Saudi Arabia, ,Arab Light,Energy Intelligence,"COPYRIGHT © 2001-2021 ENERGY INTELLIGENCE GROUP, INC. / ENERGY INTELLIGENCE GROUP (UK) LIMITED.",2016,Q1,January,1,418.564068
Middle East,Saudi Arabia, ,Arab Heavy,Energy Intelligence,"COPYRIGHT © 2001-2021 ENERGY INTELLIGENCE GROUP, INC. / ENERGY INTELLIGENCE GROUP (UK) LIMITED.",2016,Q1,January,1,143.877857
Middle East,Saudi Arabia, ,Arab Extra Light,Energy Intelligence,"COPYRIGHT © 2001-2021 ENERGY INTELLIGENCE GROUP, INC. / ENERGY INTELLIGENCE GROUP (UK) LIMITED.",2016,Q1,January,1,422.155652
Middle East,Saudi Arabia, ,Arab Super Light,Energy Intelligence,"COPYRIGHT © 2001-2021 ENERGY INTELLIGENCE GROUP, INC. / ENERGY INTELLIGENCE GROUP (UK) LIMITED.",2015,Q1,January,1,42.419116
Middle East,Saudi Arabia, ,Arab Medium,Energy Intelligence,"COPYRIGHT © 2001-2021 ENERGY INTELLIGENCE GROUP, INC. / ENERGY INTELLIGENCE GROUP (UK) LIMITED.",2015,Q1,January,1,167.203312
Middle East,Saudi Arabia, ,Arab Light,Energy Intelligence,"COPYRIGHT © 2001-2021 ENERGY INTELLIGENCE GROUP, INC. / ENERGY INTELLIGENCE GROUP (UK) LIMITED.",2015,Q1,January,1,387.239046
Middle East,Saudi Arabia, ,Arab Heavy,Energy Intelligence,"COPYRIGHT © 2001-2021 ENERGY INTELLIGENCE GROUP, INC. / ENERGY INTELLIGENCE GROUP (UK) LIMITED.",2015,Q1,January,1,132.178255
Middle East,Saudi Arabia, ,Arab Extra Light,Energy Intelligence,"COPYRIGHT © 2001-2021 ENERGY INTELLIGENCE GROUP, INC. / ENERGY INTELLIGENCE GROUP (UK) LIMITED.",2015,Q1,January,1,401.063738
Middle East,Saudi Arabia, ,Arab Super Light,Energy Intelligence,"COPYRIGHT © 2001-2021 ENERGY INTELLIGENCE GROUP, INC. / ENERGY INTELLIGENCE GROUP (UK) LIMITED.",2014,Q1,January,1,35.998806
Middle East,Saudi Arabia, ,Arab Medium,Energy Intelligence,"COPYRIGHT © 2001-2021 ENERGY INTELLIGENCE GROUP, INC. / ENERGY INTELLIGENCE GROUP (UK) LIMITED.",2014,Q1,January,1,177.517532
Middle East,Saudi Arabia, ,Arab Light,Energy Intelligence,"COPYRIGHT © 2001-2021 ENERGY INTELLIGENCE GROUP, INC. / ENERGY INTELLIGENCE GROUP (UK) LIMITED.",2014,Q1,January,1,350.86149
Middle East,Saudi Arabia, ,Arab Heavy,Energy Intelligence,"COPYRIGHT © 2001-2021 ENERGY INTELLIGENCE GROUP, INC. / ENERGY INTELLIGENCE GROUP (UK) LIMITED.",2014,Q1,January,1,111.866218
Middle East,Saudi Arabia, ,Arab Extra Light,Energy Intelligence,"COPYRIGHT © 2001-2021 ENERGY INTELLIGENCE GROUP, INC. / ENERGY INTELLIGENCE GROUP (UK) LIMITED.",2014,Q1,January,1,409.523308
Middle East,Saudi Arabia, ,Arab Super Light,Energy Intelligence,"COPYRIGHT © 2001-2021 ENERGY INTELLIGENCE GROUP, INC. / ENERGY INTELLIGENCE GROUP (UK) LIMITED.",2013,Q1,January,1,47.731886
Middle East,Saudi Arabia, ,Arab Medium,Energy Intelligence,"COPYRIGHT © 2001-2021 ENERGY INTELLIGENCE GROUP, INC. / ENERGY INTELLIGENCE GROUP (UK) LIMITED.",2013,Q1,January,1,167.282029
Middle East,Saudi Arabia, ,Arab Light Fuel Oil,Energy Intelligence,"COPYRIGHT © 2001-2021 ENERGY INTELLIGENCE GROUP, INC. / ENERGY INTELLIGENCE GROUP (UK) LIMITED.",2013,Q1,January,1,0.746385
Middle East,Saudi Arabia, ,Arab Light,Energy Intelligence,"COPYRIGHT © 2001-2021 ENERGY INTELLIGENCE GROUP, INC. / ENERGY INTELLIGENCE GROUP (UK) LIMITED.",2013,Q1,January,1,349.598617
Middle East,Saudi Arabia, ,Arab Heavy,Energy Intelligence,"COPYRIGHT © 2001-2021 ENERGY INTELLIGENCE GROUP, INC. / ENERGY INTELLIGENCE GROUP (UK) LIMITED.",2013,Q1,January,1,108.184663
Middle East,Saudi Arabia, ,Arab Extra Light,Energy Intelligence,"COPYRIGHT © 2001-2021 ENERGY INTELLIGENCE GROUP, INC. / ENERGY INTELLIGENCE GROUP (UK) LIMITED.",2013,Q1,January,1,431.262684
Middle East,Saudi Arabia, ,Arab Super Light,Energy Intelligence,"COPYRIGHT © 2001-2021 ENERGY INTELLIGENCE GROUP, INC. / ENERGY INTELLIGENCE GROUP (UK) LIMITED.",2012,Q1,January,1,50.986356
Middle East,Saudi Arabia, ,Arab Medium,Energy Intelligence,"COPYRIGHT © 2001-2021 ENERGY INTELLIGENCE GROUP, INC. / ENERGY INTELLIGENCE GROUP (UK) LIMITED.",2012,Q1,January,1,166.624893
Middle East,Saudi Arabia, ,Arab Light,Energy Intelligence,"COPYRIGHT © 2001-2021 ENERGY INTELLIGENCE GROUP, INC. / ENERGY INTELLIGENCE GROUP (UK) LIMITED.",2012,Q1,January,1,380.386913
Middle East,Saudi Arabia, ,Arab Heavy,Energy Intelligence,"COPYRIGHT © 2001-2021 ENERGY INTELLIGENCE GROUP, INC. / ENERGY INTELLIGENCE GROUP (UK) LIMITED.",2012,Q1,January,1,106.707685
Middle East,Saudi Arabia, ,Arab Extra Light,Energy Intelligence,"COPYRIGHT © 2001-2021 ENERGY INTELLIGENCE GROUP, INC. / ENERGY INTELLIGENCE GROUP (UK) LIMITED.",2012,Q1,January,1,432.882342
Middle East,Saudi Arabia, ,Khuff Condensate,Energy Intelligence,"COPYRIGHT © 2001-2021 ENERGY INTELLIGENCE GROUP, INC. / ENERGY INTELLIGENCE GROUP (UK) LIMITED.",2011,Q1,January,1,1.586908
Middle East,Saudi Arabia, ,Arab Super Light,Energy Intelligence,"COPYRIGHT © 2001-2021 ENERGY INTELLIGENCE GROUP, INC. / ENERGY INTELLIGENCE GROUP (UK) LIMITED.",2011,Q1,January,1,49.949542
Middle East,Saudi Arabia, ,Arab Medium,Energy Intelligence,"COPYRIGHT © 2001-2021 ENERGY INTELLIGENCE GROUP, INC. / ENERGY INTELLIGENCE GROUP (UK) LIMITED.",2011,Q1,January,1,112.17231
Middle East,Saudi Arabia, ,Arab Light,Energy Intelligence,"COPYRIGHT © 2001-2021 ENERGY INTELLIGENCE GROUP, INC. / ENERGY INTELLIGENCE GROUP (UK) LIMITED.",2011,Q1,January,1,364.64533
Middle East,Saudi Arabia, ,Arab Heavy,Energy Intelligence,"COPYRIGHT © 2001-2021 ENERGY INTELLIGENCE GROUP, INC. / ENERGY INTELLIGENCE GROUP (UK) LIMITED.",2011,Q1,January,1,111.963265
Middle East,Saudi Arabia, ,Arab Extra Light,Energy Intelligence,"COPYRIGHT © 2001-2021 ENERGY INTELLIGENCE GROUP, INC. / ENERGY INTELLIGENCE GROUP (UK) LIMITED.",2011,Q1,January,1,446.621707
Middle East,Saudi Arabia, ,Khuff Condensate,Energy Intelligence,"COPYRIGHT © 2001-2021 ENERGY INTELLIGENCE GROUP, INC. / ENERGY INTELLIGENCE GROUP (UK) LIMITED.",2010,Q1,January,1,2.686348
Middle East,Saudi Arabia, ,Arab Super Light,Energy Intelligence,"COPYRIGHT © 2001-2021 ENERGY INTELLIGENCE GROUP, INC. / ENERGY INTELLIGENCE GROUP (UK) LIMITED.",2010,Q1,January,1,31.747791
Middle East,Saudi Arabia, ,Arab Medium,Energy Intelligence,"COPYRIGHT © 2001-2021 ENERGY INTELLIGENCE GROUP, INC. / ENERGY INTELLIGENCE GROUP (UK) LIMITED.",2010,Q1,January,1,97.5254
Middle East,Saudi Arabia, ,Arab Light,Energy Intelligence,"COPYRIGHT © 2001-2021 ENERGY INTELLIGENCE GROUP, INC. / ENERGY INTELLIGENCE GROUP (UK) LIMITED.",2010,Q1,January,1,333.026437
Middle East,Saudi Arabia, ,Arab Heavy,Energy Intelligence,"COPYRIGHT © 2001-2021 ENERGY INTELLIGENCE GROUP, INC. / ENERGY INTELLIGENCE GROUP (UK) LIMITED.",2010,Q1,January,1,130.107253
Middle East,Saudi Arabia, ,Arab Extra Light,Energy Intelligence,"COPYRIGHT © 2001-2021 ENERGY INTELLIGENCE GROUP, INC. / ENERGY INTELLIGENCE GROUP (UK) LIMITED.",2010,Q1,January,1,471.210482
Middle East,Saudi Arabia, ,Arab Condensate,Energy Intelligence,"COPYRIGHT © 2001-2021 ENERGY INTELLIGENCE GROUP, INC. / ENERGY INTELLIGENCE GROUP (UK) LIMITED.",2010,Q1,January,1,0.909901
Middle East,Saudi Arabia, ,Khuff Condensate,Energy Intelligence,"COPYRIGHT © 2001-2021 ENERGY INTELLIGENCE GROUP, INC. / ENERGY INTELLIGENCE GROUP (UK) LIMITED.",2009,Q1,January,1,5.832868
Middle East,Saudi Arabia, ,Arab Super Light,Energy Intelligence,"COPYRIGHT © 2001-2021 ENERGY INTELLIGENCE GROUP, INC. / ENERGY INTELLIGENCE GROUP (UK) LIMITED.",2009,Q1,January,1,38.45613
Middle East,Saudi Arabia, ,Arab Medium,Energy Intelligence,"COPYRIGHT © 2001-2021 ENERGY INTELLIGENCE GROUP, INC. / ENERGY INTELLIGENCE GROUP (UK) LIMITED.",2009,Q1,January,1,65.535649
Middle East,Saudi Arabia, ,Arab Light,Energy Intelligence,"COPYRIGHT © 2001-2021 ENERGY INTELLIGENCE GROUP, INC. / ENERGY INTELLIGENCE GROUP (UK) LIMITED.",2009,Q1,January,1,331.039239
Middle East,Saudi Arabia, ,Arab Heavy,Energy Intelligence,"COPYRIGHT © 2001-2021 ENERGY INTELLIGENCE GROUP, INC. / ENERGY INTELLIGENCE GROUP (UK) LIMITED.",2009,Q1,January,1,95.546732
Middle East,Saudi Arabia, ,Arab Extra Light,Energy Intelligence,"COPYRIGHT © 2001-2021 ENERGY INTELLIGENCE GROUP, INC. / ENERGY INTELLIGENCE GROUP (UK) LIMITED.",2009,Q1,January,1,554.85207
Middle East,Saudi Arabia, ,Arab Condensate,Energy Intelligence,"COPYRIGHT © 2001-2021 ENERGY INTELLIGENCE GROUP, INC. / ENERGY INTELLIGENCE GROUP (UK) LIMITED.",2009,Q1,January,1,0.580592
Middle East,Saudi Arabia, ,Khuff Condensate,Energy Intelligence,"COPYRIGHT © 2001-2021 ENERGY INTELLIGENCE GROUP, INC. / ENERGY INTELLIGENCE GROUP (UK) LIMITED.",2008,Q1,January,1,4.01059
Middle East,Saudi Arabia, ,Arab Super Light,Energy Intelligence,"COPYRIGHT © 2001-2021 ENERGY INTELLIGENCE GROUP, INC. / ENERGY INTELLIGENCE GROUP (UK) LIMITED.",2008,Q1,January,1,37.599342
Middle East,Saudi Arabia, ,Arab Medium,Energy Intelligence,"COPYRIGHT © 2001-2021 ENERGY INTELLIGENCE GROUP, INC. / ENERGY INTELLIGENCE GROUP (UK) LIMITED.",2008,Q1,January,1,104.536785
Middle East,Saudi Arabia, ,Arab Light,Energy Intelligence,"COPYRIGHT © 2001-2021 ENERGY INTELLIGENCE GROUP, INC. / ENERGY INTELLIGENCE GROUP (UK) LIMITED.",2008,Q1,January,1,356.923912
Middle East,Saudi Arabia, ,Arab Heavy,Energy Intelligence,"COPYRIGHT © 2001-2021 ENERGY INTELLIGENCE GROUP, INC. / ENERGY INTELLIGENCE GROUP (UK) LIMITED.",2008,Q1,January,1,152.44834
Middle East,Saudi Arabia, ,Arab Extra Light,Energy Intelligence,"COPYRIGHT © 2001-2021 ENERGY INTELLIGENCE GROUP, INC. / ENERGY INTELLIGENCE GROUP (UK) LIMITED.",2008,Q1,January,1,505.990368
Middle East,Saudi Arabia, ,Khuff Condensate,Energy Intelligence,"COPYRIGHT © 2001-2021 ENERGY INTELLIGENCE GROUP, INC. / ENERGY INTELLIGENCE GROUP (UK) LIMITED.",2007,Q1,January,1,6.046238
Middle East,Saudi Arabia, ,Arab Super Light,Energy Intelligence,"COPYRIGHT © 2001-2021 ENERGY INTELLIGENCE GROUP, INC. / ENERGY INTELLIGENCE GROUP (UK) LIMITED.",2007,Q1,January,1,39.805197
Middle East,Saudi Arabia, ,Arab Medium,Energy Intelligence,"COPYRIGHT © 2001-2021 ENERGY INTELLIGENCE GROUP, INC. / ENERGY INTELLIGENCE GROUP (UK) LIMITED.",2007,Q1,January,1,81.852269
Middle East,Saudi Arabia, ,Arab Light,Energy Intelligence,"COPYRIGHT © 2001-2021 ENERGY INTELLIGENCE GROUP, INC. / ENERGY INTELLIGENCE GROUP (UK) LIMITED.",2007,Q1,January,1,321.218914
Middle East,Saudi Arabia, ,Arab Heavy,Energy Intelligence,"COPYRIGHT © 2001-2021 ENERGY INTELLIGENCE GROUP, INC. / ENERGY INTELLIGENCE GROUP (UK) LIMITED.",2007,Q1,January,1,148.074575
Middle East,Saudi Arabia, ,Arab Extra Light,Energy Intelligence,"COPYRIGHT © 2001-2021 ENERGY INTELLIGENCE GROUP, INC. / ENERGY INTELLIGENCE GROUP (UK) LIMITED.",2007,Q1,January,1,507.760527
Middle East,Saudi Arabia, ,Arab Condensate,Energy Intelligence,"COPYRIGHT © 2001-2021 ENERGY INTELLIGENCE GROUP, INC. / ENERGY INTELLIGENCE GROUP (UK) LIMITED.",2007,Q1,January,1,0.755517
Middle East,Saudi Arabia, ,Khuff Condensate,Energy Intelligence,"COPYRIGHT © 2001-2021 ENERGY INTELLIGENCE GROUP, INC. / ENERGY INTELLIGENCE GROUP (UK) LIMITED.",2006,Q1,January,1,1.910152
Middle East,Saudi Arabia, ,Arab Super Light,Energy Intelligence,"COPYRIGHT © 2001-2021 ENERGY INTELLIGENCE GROUP, INC. / ENERGY INTELLIGENCE GROUP (UK) LIMITED.",2006,Q1,January,1,37.203202
Middle East,Saudi Arabia, ,Arab Medium,Energy Intelligence,"COPYRIGHT © 2001-2021 ENERGY INTELLIGENCE GROUP, INC. / ENERGY INTELLIGENCE GROUP (UK) LIMITED.",2006,Q1,January,1,95.067277
Middle East,Saudi Arabia, ,Arab Light,Energy Intelligence,"COPYRIGHT © 2001-2021 ENERGY INTELLIGENCE GROUP, INC. / ENERGY INTELLIGENCE GROUP (UK) LIMITED.",2006,Q1,January,1,346.31768
Middle East,Saudi Arabia, ,Arab Heavy,Energy Intelligence,"COPYRIGHT © 2001-2021 ENERGY INTELLIGENCE GROUP, INC. / ENERGY INTELLIGENCE GROUP (UK) LIMITED.",2006,Q1,January,1,153.132918
Middle East,Saudi Arabia, ,Arab Extra Light,Energy Intelligence,"COPYRIGHT © 2001-2021 ENERGY INTELLIGENCE GROUP, INC. / ENERGY INTELLIGENCE GROUP (UK) LIMITED.",2006,Q1,January,1,622.709948
Middle East,United Arab Emirates, ,Upper Zakum,Energy Intelligence,"COPYRIGHT © 2001-2021 ENERGY INTELLIGENCE GROUP, INC. / ENERGY INTELLIGENCE GROUP (UK) LIMITED.",2025,Q1,January,1,21.045645
Middle East,United Arab Emirates, ,Umm Lulu,Energy Intelligence,"COPYRIGHT © 2001-2021 ENERGY INTELLIGENCE GROUP, INC. / ENERGY INTELLIGENCE GROUP (UK) LIMITED.",2025,Q1,January,1,9.368108
Middle East,United Arab Emirates, ,Murban,Energy Intelligence,"COPYRIGHT © 2001-2021 ENERGY INTELLIGENCE GROUP, INC. / ENERGY INTELLIGENCE GROUP (UK) LIMITED.",2025,Q1,January,1,538.295439
Middle East,United Arab Emirates, ,Mubarras Blend,Energy Intelligence,"COPYRIGHT © 2001-2021 ENERGY INTELLIGENCE GROUP, INC. / ENERGY INTELLIGENCE GROUP (UK) LIMITED.",2025,Q1,January,1,36.496534
Middle East,United Arab Emirates, ,Das Blend,Energy Intelligence,"COPYRIGHT © 2001-2021 ENERGY INTELLIGENCE GROUP, INC. / ENERGY INTELLIGENCE GROUP (UK) LIMITED.",2025,Q1,January,1,404.075403
Middle East,United Arab Emirates, ,Upper Zakum,Energy Intelligence,"COPYRIGHT © 2001-2021 ENERGY INTELLIGENCE GROUP, INC. / ENERGY INTELLIGENCE GROUP (UK) LIMITED.",2024,Q1,January,1,43.573673
Middle East,United Arab Emirates, ,Umm Lulu,Energy Intelligence,"COPYRIGHT © 2001-2021 ENERGY INTELLIGENCE GROUP, INC. / ENERGY INTELLIGENCE GROUP (UK) LIMITED.",2024,Q1,January,1,14.30971
Middle East,United Arab Emirates, ,Murban,Energy Intelligence,"COPYRIGHT © 2001-2021 ENERGY INTELLIGENCE GROUP, INC. / ENERGY INTELLIGENCE GROUP (UK) LIMITED.",2024,Q1,January,1,554.517142
Middle East,United Arab Emirates, ,Mubarras Blend,Energy Intelligence,"COPYRIGHT © 2001-2021 ENERGY INTELLIGENCE GROUP, INC. / ENERGY INTELLIGENCE GROUP (UK) LIMITED.",2024,Q1,January,1,30.469025
Middle East,United Arab Emirates, ,Das Blend,Energy Intelligence,"COPYRIGHT © 2001-2021 ENERGY INTELLIGENCE GROUP, INC. / ENERGY INTELLIGENCE GROUP (UK) LIMITED.",2024,Q1,January,1,382.895648
Middle East,United Arab Emirates, ,Upper Zakum,Energy Intelligence,"COPYRIGHT © 2001-2021 ENERGY INTELLIGENCE GROUP, INC. / ENERGY INTELLIGENCE GROUP (UK) LIMITED.",2023,Q1,January,1,76.716006
Middle East,United Arab Emirates, ,Umm Lulu,Energy Intelligence,"COPYRIGHT © 2001-2021 ENERGY INTELLIGENCE GROUP, INC. / ENERGY INTELLIGENCE GROUP (UK) LIMITED.",2023,Q1,January,1,28.525994
Middle East,United Arab Emirates, ,Murban,Energy Intelligence,"COPYRIGHT © 2001-2021 ENERGY INTELLIGENCE GROUP, INC. / ENERGY INTELLIGENCE GROUP (UK) LIMITED.",2023,Q1,January,1,515.309245
Middle East,United Arab Emirates, ,Mubarras Blend,Energy Intelligence,"COPYRIGHT © 2001-2021 ENERGY INTELLIGENCE GROUP, INC. / ENERGY INTELLIGENCE GROUP (UK) LIMITED.",2023,Q1,January,1,27.885138
Middle East,United Arab Emirates, ,Dubai,Energy Intelligence,"COPYRIGHT © 2001-2021 ENERGY INTELLIGENCE GROUP, INC. / ENERGY INTELLIGENCE GROUP (UK) LIMITED.",2023,Q1,January,1,5.521998
Middle East,United Arab Emirates, ,Das Blend,Energy Intelligence,"COPYRIGHT © 2001-2021 ENERGY INTELLIGENCE GROUP, INC. / ENERGY INTELLIGENCE GROUP (UK) LIMITED.",2023,Q1,January,1,328.504773
Middle East,United Arab Emirates, ,Upper Zakum,Energy Intelligence,"COPYRIGHT © 2001-2021 ENERGY INTELLIGENCE GROUP, INC. / ENERGY INTELLIGENCE GROUP (UK) LIMITED.",2022,Q1,January,1,149.860772
Middle East,United Arab Emirates, ,Umm Lulu,Energy Intelligence,"COPYRIGHT © 2001-2021 ENERGY INTELLIGENCE GROUP, INC. / ENERGY INTELLIGENCE GROUP (UK) LIMITED.",2022,Q1,January,1,29.367876
Middle East,United Arab Emirates, ,Murban,Energy Intelligence,"COPYRIGHT © 2001-2021 ENERGY INTELLIGENCE GROUP, INC. / ENERGY INTELLIGENCE GROUP (UK) LIMITED.",2022,Q1,January,1,513.636224
Middle East,United Arab Emirates, ,Mubarras Blend,Energy Intelligence,"COPYRIGHT © 2001-2021 ENERGY INTELLIGENCE GROUP, INC. / ENERGY INTELLIGENCE GROUP (UK) LIMITED.",2022,Q1,January,1,26.679168
Middle East,United Arab Emirates, ,Dubai,Energy Intelligence,"COPYRIGHT © 2001-2021 ENERGY INTELLIGENCE GROUP, INC. / ENERGY INTELLIGENCE GROUP (UK) LIMITED.",2022,Q1,January,1,16.416517
Middle East,United Arab Emirates, ,Das Blend,Energy Intelligence,"COPYRIGHT © 2001-2021 ENERGY INTELLIGENCE GROUP, INC. / ENERGY INTELLIGENCE GROUP (UK) LIMITED.",2022,Q1,January,1,300.643164
Middle East,United Arab Emirates, ,Upper Zakum,Energy Intelligence,"COPYRIGHT © 2001-2021 ENERGY INTELLIGENCE GROUP, INC. / ENERGY INTELLIGENCE GROUP (UK) LIMITED.",2021,Q1,January,1,84.559396
Middle East,United Arab Emirates, ,Umm Lulu,Energy Intelligence,"COPYRIGHT © 2001-2021 ENERGY INTELLIGENCE GROUP, INC. / ENERGY INTELLIGENCE GROUP (UK) LIMITED.",2021,Q1,January,1,22.00372
Middle East,United Arab Emirates, ,Sharjah Condensate,Energy Intelligence,"COPYRIGHT © 2001-2021 ENERGY INTELLIGENCE GROUP, INC. / ENERGY INTELLIGENCE GROUP (UK) LIMITED.",2021,Q1,January,1,0.853064
Middle East,United Arab Emirates, ,Murban,Energy Intelligence,"COPYRIGHT © 2001-2021 ENERGY INTELLIGENCE GROUP, INC. / ENERGY INTELLIGENCE GROUP (UK) LIMITED.",2021,Q1,January,1,462.327935
Middle East,United Arab Emirates, ,Mubarras Blend,Energy Intelligence,"COPYRIGHT © 2001-2021 ENERGY INTELLIGENCE GROUP, INC. / ENERGY INTELLIGENCE GROUP (UK) LIMITED.",2021,Q1,January,1,32.629294
Middle East,United Arab Emirates, ,Dubai,Energy Intelligence,"COPYRIGHT © 2001-2021 ENERGY INTELLIGENCE GROUP, INC. / ENERGY INTELLIGENCE GROUP (UK) LIMITED.",2021,Q1,January,1,16.39739
Middle East,United Arab Emirates, ,Das Blend,Energy Intelligence,"COPYRIGHT © 2001-2021 ENERGY INTELLIGENCE GROUP, INC. / ENERGY INTELLIGENCE GROUP (UK) LIMITED.",2021,Q1,January,1,254.040601
Middle East,United Arab Emirates, ,Upper Zakum,Energy Intelligence,"COPYRIGHT © 2001-2021 ENERGY INTELLIGENCE GROUP, INC. / ENERGY INTELLIGENCE GROUP (UK) LIMITED.",2020,Q1,January,1,118.36735
Middle East,United Arab Emirates, ,Umm Lulu,Energy Intelligence,"COPYRIGHT © 2001-2021 ENERGY INTELLIGENCE GROUP, INC. / ENERGY INTELLIGENCE GROUP (UK) LIMITED.",2020,Q1,January,1,9.42857
Middle East,United Arab Emirates, ,Murban,Energy Intelligence,"COPYRIGHT © 2001-2021 ENERGY INTELLIGENCE GROUP, INC. / ENERGY INTELLIGENCE GROUP (UK) LIMITED.",2020,Q1,January,1,325.22205
Middle East,United Arab Emirates, ,Mubarras Blend,Energy Intelligence,"COPYRIGHT © 2001-2021 ENERGY INTELLIGENCE GROUP, INC. / ENERGY INTELLIGENCE GROUP (UK) LIMITED.",2020,Q1,January,1,33.157421
Middle East,United Arab Emirates, ,Dubai,Energy Intelligence,"COPYRIGHT © 2001-2021 ENERGY INTELLIGENCE GROUP, INC. / ENERGY INTELLIGENCE GROUP (UK) LIMITED.",2020,Q1,January,1,24.508881
Middle East,United Arab Emirates, ,Das Blend,Energy Intelligence,"COPYRIGHT © 2001-2021 ENERGY INTELLIGENCE GROUP, INC. / ENERGY INTELLIGENCE GROUP (UK) LIMITED.",2020,Q1,January,1,285.013013
Middle East,United Arab Emirates, ,Upper Zakum,Energy Intelligence,"COPYRIGHT © 2001-2021 ENERGY INTELLIGENCE GROUP, INC. / ENERGY INTELLIGENCE GROUP (UK) LIMITED.",2019,Q1,January,1,132.131676
Middle East,United Arab Emirates, ,Umm Lulu,Energy Intelligence,"COPYRIGHT © 2001-2021 ENERGY INTELLIGENCE GROUP, INC. / ENERGY INTELLIGENCE GROUP (UK) LIMITED.",2019,Q1,January,1,13.315269
Middle East,United Arab Emirates, ,Murban,Energy Intelligence,"COPYRIGHT © 2001-2021 ENERGY INTELLIGENCE GROUP, INC. / ENERGY INTELLIGENCE GROUP (UK) LIMITED.",2019,Q1,January,1,360.803819
Middle East,United Arab Emirates, ,Mubarras Blend,Energy Intelligence,"COPYRIGHT © 2001-2021 ENERGY INTELLIGENCE GROUP, INC. / ENERGY INTELLIGENCE GROUP (UK) LIMITED.",2019,Q1,January,1,33.181729
Middle East,United Arab Emirates, ,Dubai,Energy Intelligence,"COPYRIGHT © 2001-2021 ENERGY INTELLIGENCE GROUP, INC. / ENERGY INTELLIGENCE GROUP (UK) LIMITED.",2019,Q1,January,1,17.761269
Middle East,United Arab Emirates, ,Das Blend,Energy Intelligence,"COPYRIGHT © 2001-2021 ENERGY INTELLIGENCE GROUP, INC. / ENERGY INTELLIGENCE GROUP (UK) LIMITED.",2019,Q1,January,1,345.212844
Middle East,United Arab Emirates, ,Upper Zakum,Energy Intelligence,"COPYRIGHT © 2001-2021 ENERGY INTELLIGENCE GROUP, INC. / ENERGY INTELLIGENCE GROUP (UK) LIMITED.",2018,Q1,January,1,183.588287
Middle East,United Arab Emirates, ,Murban,Energy Intelligence,"COPYRIGHT © 2001-2021 ENERGY INTELLIGENCE GROUP, INC. / ENERGY INTELLIGENCE GROUP (UK) LIMITED.",2018,Q1,January,1,225.83885
Middle East,United Arab Emirates, ,Mubarras Blend,Energy Intelligence,"COPYRIGHT © 2001-2021 ENERGY INTELLIGENCE GROUP, INC. / ENERGY INTELLIGENCE GROUP (UK) LIMITED.",2018,Q1,January,1,33.08633
Middle East,United Arab Emirates, ,Dubai,Energy Intelligence,"COPYRIGHT © 2001-2021 ENERGY INTELLIGENCE GROUP, INC. / ENERGY INTELLIGENCE GROUP (UK) LIMITED.",2018,Q1,January,1,24.570669
Middle East,United Arab Emirates, ,Das Blend,Energy Intelligence,"COPYRIGHT © 2001-2021 ENERGY INTELLIGENCE GROUP, INC. / ENERGY INTELLIGENCE GROUP (UK) LIMITED.",2018,Q1,January,1,308.117686
Middle East,United Arab Emirates, ,Upper Zakum,Energy Intelligence,"COPYRIGHT © 2001-2021 ENERGY INTELLIGENCE GROUP, INC. / ENERGY INTELLIGENCE GROUP (UK) LIMITED.",2017,Q1,January,1,211.14234
Middle East,United Arab Emirates, ,Sharjah Condensate,Energy Intelligence,"COPYRIGHT © 2001-2021 ENERGY INTELLIGENCE GROUP, INC. / ENERGY INTELLIGENCE GROUP (UK) LIMITED.",2017,Q1,January,1,0.65016
Middle East,United Arab Emirates, ,Murban,Energy Intelligence,"COPYRIGHT © 2001-2021 ENERGY INTELLIGENCE GROUP, INC. / ENERGY INTELLIGENCE GROUP (UK) LIMITED.",2017,Q1,January,1,226.495797
Middle East,United Arab Emirates, ,Mubarras Blend,Energy Intelligence,"COPYRIGHT © 2001-2021 ENERGY INTELLIGENCE GROUP, INC. / ENERGY INTELLIGENCE GROUP (UK) LIMITED.",2017,Q1,January,1,20.810069
Middle East,United Arab Emirates, ,Dubai,Energy Intelligence,"COPYRIGHT © 2001-2021 ENERGY INTELLIGENCE GROUP, INC. / ENERGY INTELLIGENCE GROUP (UK) LIMITED.",2017,Q1,January,1,12.679327
Middle East,United Arab Emirates, ,Das Blend,Energy Intelligence,"COPYRIGHT © 2001-2021 ENERGY INTELLIGENCE GROUP, INC. / ENERGY INTELLIGENCE GROUP (UK) LIMITED.",2017,Q1,January,1,308.000106
Middle East,United Arab Emirates, ,Upper Zakum,Energy Intelligence,"COPYRIGHT © 2001-2021 ENERGY INTELLIGENCE GROUP, INC. / ENERGY INTELLIGENCE GROUP (UK) LIMITED.",2016,Q1,January,1,211.259526
Middle East,United Arab Emirates, ,Murban Fuel Oil,Energy Intelligence,"COPYRIGHT © 2001-2021 ENERGY INTELLIGENCE GROUP, INC. / ENERGY INTELLIGENCE GROUP (UK) LIMITED.",2016,Q1,January,1,4.186728
Middle East,United Arab Emirates, ,Murban,Energy Intelligence,"COPYRIGHT © 2001-2021 ENERGY INTELLIGENCE GROUP, INC. / ENERGY INTELLIGENCE GROUP (UK) LIMITED.",2016,Q1,January,1,222.369668
Middle East,United Arab Emirates, ,Mubarras Blend,Energy Intelligence,"COPYRIGHT © 2001-2021 ENERGY INTELLIGENCE GROUP, INC. / ENERGY INTELLIGENCE GROUP (UK) LIMITED.",2016,Q1,January,1,22.615029
Middle East,United Arab Emirates, ,Dubai,Energy Intelligence,"COPYRIGHT © 2001-2021 ENERGY INTELLIGENCE GROUP, INC. / ENERGY INTELLIGENCE GROUP (UK) LIMITED.",2016,Q1,January,1,8.239548
Middle East,United Arab Emirates, ,Das Blend,Energy Intelligence,"COPYRIGHT © 2001-2021 ENERGY INTELLIGENCE GROUP, INC. / ENERGY INTELLIGENCE GROUP (UK) LIMITED.",2016,Q1,January,1,338.766915
Middle East,United Arab Emirates, ,Upper Zakum,Energy Intelligence,"COPYRIGHT © 2001-2021 ENERGY INTELLIGENCE GROUP, INC. / ENERGY INTELLIGENCE GROUP (UK) LIMITED.",2015,Q1,January,1,226.745755
Middle East,United Arab Emirates, ,Murban Fuel Oil,Energy Intelligence,"COPYRIGHT © 2001-2021 ENERGY INTELLIGENCE GROUP, INC. / ENERGY INTELLIGENCE GROUP (UK) LIMITED.",2015,Q1,January,1,7.300057
Middle East,United Arab Emirates, ,Murban,Energy Intelligence,"COPYRIGHT © 2001-2021 ENERGY INTELLIGENCE GROUP, INC. / ENERGY INTELLIGENCE GROUP (UK) LIMITED.",2015,Q1,January,1,266.364234
Middle East,United Arab Emirates, ,Mubarras Blend,Energy Intelligence,"COPYRIGHT © 2001-2021 ENERGY INTELLIGENCE GROUP, INC. / ENERGY INTELLIGENCE GROUP (UK) LIMITED.",2015,Q1,January,1,18.02744
Middle East,United Arab Emirates, ,Dubai,Energy Intelligence,"COPYRIGHT © 2001-2021 ENERGY INTELLIGENCE GROUP, INC. / ENERGY INTELLIGENCE GROUP (UK) LIMITED.",2015,Q1,January,1,8.229656
Middle East,United Arab Emirates, ,Das Blend,Energy Intelligence,"COPYRIGHT © 2001-2021 ENERGY INTELLIGENCE GROUP, INC. / ENERGY INTELLIGENCE GROUP (UK) LIMITED.",2015,Q1,January,1,323.75315
Middle East,United Arab Emirates, ,Zakum,Energy Intelligence,"COPYRIGHT © 2001-2021 ENERGY INTELLIGENCE GROUP, INC. / ENERGY INTELLIGENCE GROUP (UK) LIMITED.",2014,Q1,January,1,77.036645
Middle East,United Arab Emirates, ,Upper Zakum,Energy Intelligence,"COPYRIGHT © 2001-2021 ENERGY INTELLIGENCE GROUP, INC. / ENERGY INTELLIGENCE GROUP (UK) LIMITED.",2014,Q1,January,1,202.649355
Middle East,United Arab Emirates, ,Umm Shaif,Energy Intelligence,"COPYRIGHT © 2001-2021 ENERGY INTELLIGENCE GROUP, INC. / ENERGY INTELLIGENCE GROUP (UK) LIMITED.",2014,Q1,January,1,66.549619
Middle East,United Arab Emirates, ,Sharjah Condensate,Energy Intelligence,"COPYRIGHT © 2001-2021 ENERGY INTELLIGENCE GROUP, INC. / ENERGY INTELLIGENCE GROUP (UK) LIMITED.",2014,Q1,January,1,0.780695
Middle East,United Arab Emirates, ,Murban Fuel Oil,Energy Intelligence,"COPYRIGHT © 2001-2021 ENERGY INTELLIGENCE GROUP, INC. / ENERGY INTELLIGENCE GROUP (UK) LIMITED.",2014,Q1,January,1,4.516687
Middle East,United Arab Emirates, ,Murban,Energy Intelligence,"COPYRIGHT © 2001-2021 ENERGY INTELLIGENCE GROUP, INC. / ENERGY INTELLIGENCE GROUP (UK) LIMITED.",2014,Q1,January,1,318.998019
Middle East,United Arab Emirates, ,Mubarras Blend,Energy Intelligence,"COPYRIGHT © 2001-2021 ENERGY INTELLIGENCE GROUP, INC. / ENERGY INTELLIGENCE GROUP (UK) LIMITED.",2014,Q1,January,1,16.132828
Middle East,United Arab Emirates, ,Fujairah Refined Crude,Energy Intelligence,"COPYRIGHT © 2001-2021 ENERGY INTELLIGENCE GROUP, INC. / ENERGY INTELLIGENCE GROUP (UK) LIMITED.",2014,Q1,January,1,0.770769
Middle East,United Arab Emirates, ,Dubai,Energy Intelligence,"COPYRIGHT © 2001-2021 ENERGY INTELLIGENCE GROUP, INC. / ENERGY INTELLIGENCE GROUP (UK) LIMITED.",2014,Q1,January,1,12.335317
Middle East,United Arab Emirates, ,Das Blend,Energy Intelligence,"COPYRIGHT © 2001-2021 ENERGY INTELLIGENCE GROUP, INC. / ENERGY INTELLIGENCE GROUP (UK) LIMITED.",2014,Q1,January,1,139.51674
Middle East,United Arab Emirates, ,Zakum,Energy Intelligence,"COPYRIGHT © 2001-2021 ENERGY INTELLIGENCE GROUP, INC. / ENERGY INTELLIGENCE GROUP (UK) LIMITED.",2013,Q1,January,1,118.919818
Middle East,United Arab Emirates, ,Upper Zakum,Energy Intelligence,"COPYRIGHT © 2001-2021 ENERGY INTELLIGENCE GROUP, INC. / ENERGY INTELLIGENCE GROUP (UK) LIMITED.",2013,Q1,January,1,215.582324
Middle East,United Arab Emirates, ,Umm Shaif,Energy Intelligence,"COPYRIGHT © 2001-2021 ENERGY INTELLIGENCE GROUP, INC. / ENERGY INTELLIGENCE GROUP (UK) LIMITED.",2013,Q1,January,1,119.271547
Middle East,United Arab Emirates, ,Sharjah Condensate,Energy Intelligence,"COPYRIGHT © 2001-2021 ENERGY INTELLIGENCE GROUP, INC. / ENERGY INTELLIGENCE GROUP (UK) LIMITED.",2013,Q1,January,1,0.651004
Middle East,United Arab Emirates, ,Murban Fuel Oil,Energy Intelligence,"COPYRIGHT © 2001-2021 ENERGY INTELLIGENCE GROUP, INC. / ENERGY INTELLIGENCE GROUP (UK) LIMITED.",2013,Q1,January,1,1.118432
Middle East,United Arab Emirates, ,Murban,Energy Intelligence,"COPYRIGHT © 2001-2021 ENERGY INTELLIGENCE GROUP, INC. / ENERGY INTELLIGENCE GROUP (UK) LIMITED.",2013,Q1,January,1,341.205253
Middle East,United Arab Emirates, ,Mubarras Blend,Energy Intelligence,"COPYRIGHT © 2001-2021 ENERGY INTELLIGENCE GROUP, INC. / ENERGY INTELLIGENCE GROUP (UK) LIMITED.",2013,Q1,January,1,10.336312
Middle East,United Arab Emirates, ,Dubai,Energy Intelligence,"COPYRIGHT © 2001-2021 ENERGY INTELLIGENCE GROUP, INC. / ENERGY INTELLIGENCE GROUP (UK) LIMITED.",2013,Q1,January,1,8.336187
Middle East,United Arab Emirates, ,Zakum,Energy Intelligence,"COPYRIGHT © 2001-2021 ENERGY INTELLIGENCE GROUP, INC. / ENERGY INTELLIGENCE GROUP (UK) LIMITED.",2012,Q1,January,1,109.502732
Middle East,United Arab Emirates, ,Upper Zakum,Energy Intelligence,"COPYRIGHT © 2001-2021 ENERGY INTELLIGENCE GROUP, INC. / ENERGY INTELLIGENCE GROUP (UK) LIMITED.",2012,Q1,January,1,211.489209
Middle East,United Arab Emirates, ,Umm Shaif,Energy Intelligence,"COPYRIGHT © 2001-2021 ENERGY INTELLIGENCE GROUP, INC. / ENERGY INTELLIGENCE GROUP (UK) LIMITED.",2012,Q1,January,1,162.013507
Middle East,United Arab Emirates, ,Murban,Energy Intelligence,"COPYRIGHT © 2001-2021 ENERGY INTELLIGENCE GROUP, INC. / ENERGY INTELLIGENCE GROUP (UK) LIMITED.",2012,Q1,January,1,287.577413
Middle East,United Arab Emirates, ,Mubarras Blend,Energy Intelligence,"COPYRIGHT © 2001-2021 ENERGY INTELLIGENCE GROUP, INC. / ENERGY INTELLIGENCE GROUP (UK) LIMITED.",2012,Q1,January,1,18.494175
Middle East,United Arab Emirates, ,Fujairah Blend,Energy Intelligence,"COPYRIGHT © 2001-2021 ENERGY INTELLIGENCE GROUP, INC. / ENERGY INTELLIGENCE GROUP (UK) LIMITED.",2012,Q1,January,1,0.752328
Middle East,United Arab Emirates, ,Dubai,Energy Intelligence,"COPYRIGHT © 2001-2021 ENERGY INTELLIGENCE GROUP, INC. / ENERGY INTELLIGENCE GROUP (UK) LIMITED.",2012,Q1,January,1,2.733804
Middle East,United Arab Emirates, ,Zakum,Energy Intelligence,"COPYRIGHT © 2001-2021 ENERGY INTELLIGENCE GROUP, INC. / ENERGY INTELLIGENCE GROUP (UK) LIMITED.",2011,Q1,January,1,98.738659
Middle East,United Arab Emirates, ,Uweint Condensate,Energy Intelligence,"COPYRIGHT © 2001-2021 ENERGY INTELLIGENCE GROUP, INC. / ENERGY INTELLIGENCE GROUP (UK) LIMITED.",2011,Q1,January,1,2.42533
Middle East,United Arab Emirates, ,Upper Zakum,Energy Intelligence,"COPYRIGHT © 2001-2021 ENERGY INTELLIGENCE GROUP, INC. / ENERGY INTELLIGENCE GROUP (UK) LIMITED.",2011,Q1,January,1,250.739689
Middle East,United Arab Emirates, ,Umm Shaif,Energy Intelligence,"COPYRIGHT © 2001-2021 ENERGY INTELLIGENCE GROUP, INC. / ENERGY INTELLIGENCE GROUP (UK) LIMITED.",2011,Q1,January,1,148.236076
Middle East,United Arab Emirates, ,Murban,Energy Intelligence,"COPYRIGHT © 2001-2021 ENERGY INTELLIGENCE GROUP, INC. / ENERGY INTELLIGENCE GROUP (UK) LIMITED.",2011,Q1,January,1,304.395422
Middle East,United Arab Emirates, ,Mubarras Blend,Energy Intelligence,"COPYRIGHT © 2001-2021 ENERGY INTELLIGENCE GROUP, INC. / ENERGY INTELLIGENCE GROUP (UK) LIMITED.",2011,Q1,January,1,22.102719
Middle East,United Arab Emirates, ,Fujairah Blend,Energy Intelligence,"COPYRIGHT © 2001-2021 ENERGY INTELLIGENCE GROUP, INC. / ENERGY INTELLIGENCE GROUP (UK) LIMITED.",2011,Q1,January,1,0.627515
Middle East,United Arab Emirates, ,Dubai,Energy Intelligence,"COPYRIGHT © 2001-2021 ENERGY INTELLIGENCE GROUP, INC. / ENERGY INTELLIGENCE GROUP (UK) LIMITED.",2011,Q1,January,1,1.432679
Middle East,United Arab Emirates, ,Zakum,Energy Intelligence,"COPYRIGHT © 2001-2021 ENERGY INTELLIGENCE GROUP, INC. / ENERGY INTELLIGENCE GROUP (UK) LIMITED.",2010,Q1,January,1,98.328547
Middle East,United Arab Emirates, ,Uweint Condensate,Energy Intelligence,"COPYRIGHT © 2001-2021 ENERGY INTELLIGENCE GROUP, INC. / ENERGY INTELLIGENCE GROUP (UK) LIMITED.",2010,Q1,January,1,3.522822
Middle East,United Arab Emirates, ,Upper Zakum,Energy Intelligence,"COPYRIGHT © 2001-2021 ENERGY INTELLIGENCE GROUP, INC. / ENERGY INTELLIGENCE GROUP (UK) LIMITED.",2010,Q1,January,1,196.916199
Middle East,United Arab Emirates, ,Umm Shaif,Energy Intelligence,"COPYRIGHT © 2001-2021 ENERGY INTELLIGENCE GROUP, INC. / ENERGY INTELLIGENCE GROUP (UK) LIMITED.",2010,Q1,January,1,121.336945
Middle East,United Arab Emirates, ,Sharjah Condensate,Energy Intelligence,"COPYRIGHT © 2001-2021 ENERGY INTELLIGENCE GROUP, INC. / ENERGY INTELLIGENCE GROUP (UK) LIMITED.",2010,Q1,January,1,2.054869
Middle East,United Arab Emirates, ,Murban,Energy Intelligence,"COPYRIGHT © 2001-2021 ENERGY INTELLIGENCE GROUP, INC. / ENERGY INTELLIGENCE GROUP (UK) LIMITED.",2010,Q1,January,1,308.830007
Middle East,United Arab Emirates, ,Mubarras Blend,Energy Intelligence,"COPYRIGHT © 2001-2021 ENERGY INTELLIGENCE GROUP, INC. / ENERGY INTELLIGENCE GROUP (UK) LIMITED.",2010,Q1,January,1,23.640463
Middle East,United Arab Emirates, ,Fujairah Blend,Energy Intelligence,"COPYRIGHT © 2001-2021 ENERGY INTELLIGENCE GROUP, INC. / ENERGY INTELLIGENCE GROUP (UK) LIMITED.",2010,Q1,January,1,1.601693
Middle East,United Arab Emirates, ,Dubai,Energy Intelligence,"COPYRIGHT © 2001-2021 ENERGY INTELLIGENCE GROUP, INC. / ENERGY INTELLIGENCE GROUP (UK) LIMITED.",2010,Q1,January,1,1.296302
Middle East,United Arab Emirates, ,Zakum,Energy Intelligence,"COPYRIGHT © 2001-2021 ENERGY INTELLIGENCE GROUP, INC. / ENERGY INTELLIGENCE GROUP (UK) LIMITED.",2009,Q1,January,1,119.322814
Middle East,United Arab Emirates, ,Upper Zakum,Energy Intelligence,"COPYRIGHT © 2001-2021 ENERGY INTELLIGENCE GROUP, INC. / ENERGY INTELLIGENCE GROUP (UK) LIMITED.",2009,Q1,January,1,210.780917
Middle East,United Arab Emirates, ,Umm Shaif,Energy Intelligence,"COPYRIGHT © 2001-2021 ENERGY INTELLIGENCE GROUP, INC. / ENERGY INTELLIGENCE GROUP (UK) LIMITED.",2009,Q1,January,1,117.520329
Middle East,United Arab Emirates, ,Thamama Condensate,Energy Intelligence,"COPYRIGHT © 2001-2021 ENERGY INTELLIGENCE GROUP, INC. / ENERGY INTELLIGENCE GROUP (UK) LIMITED.",2009,Q1,January,1,0.325812
Middle East,United Arab Emirates, ,Murban,Energy Intelligence,"COPYRIGHT © 2001-2021 ENERGY INTELLIGENCE GROUP, INC. / ENERGY INTELLIGENCE GROUP (UK) LIMITED.",2009,Q1,January,1,305.222143
Middle East,United Arab Emirates, ,Mubarras Blend,Energy Intelligence,"COPYRIGHT © 2001-2021 ENERGY INTELLIGENCE GROUP, INC. / ENERGY INTELLIGENCE GROUP (UK) LIMITED.",2009,Q1,January,1,23.971255
Middle East,United Arab Emirates, ,Dubai,Energy Intelligence,"COPYRIGHT © 2001-2021 ENERGY INTELLIGENCE GROUP, INC. / ENERGY INTELLIGENCE GROUP (UK) LIMITED.",2009,Q1,January,1,2.732996
Middle East,United Arab Emirates, ,Zakum,Energy Intelligence,"COPYRIGHT © 2001-2021 ENERGY INTELLIGENCE GROUP, INC. / ENERGY INTELLIGENCE GROUP (UK) LIMITED.",2008,Q1,January,1,124.993449
Middle East,United Arab Emirates, ,Uweint Condensate,Energy Intelligence,"COPYRIGHT © 2001-2021 ENERGY INTELLIGENCE GROUP, INC. / ENERGY INTELLIGENCE GROUP (UK) LIMITED.",2008,Q1,January,1,1.336136
Middle East,United Arab Emirates, ,Upper Zakum,Energy Intelligence,"COPYRIGHT © 2001-2021 ENERGY INTELLIGENCE GROUP, INC. / ENERGY INTELLIGENCE GROUP (UK) LIMITED.",2008,Q1,January,1,259.031768
Middle East,United Arab Emirates, ,Umm Shaif,Energy Intelligence,"COPYRIGHT © 2001-2021 ENERGY INTELLIGENCE GROUP, INC. / ENERGY INTELLIGENCE GROUP (UK) LIMITED.",2008,Q1,January,1,175.793895
Middle East,United Arab Emirates, ,Murban,Energy Intelligence,"COPYRIGHT © 2001-2021 ENERGY INTELLIGENCE GROUP, INC. / ENERGY INTELLIGENCE GROUP (UK) LIMITED.",2008,Q1,January,1,411.683513
Middle East,United Arab Emirates, ,Mubarras Blend,Energy Intelligence,"COPYRIGHT © 2001-2021 ENERGY INTELLIGENCE GROUP, INC. / ENERGY INTELLIGENCE GROUP (UK) LIMITED.",2008,Q1,January,1,22.025367
Middle East,United Arab Emirates, ,Margham,Energy Intelligence,"COPYRIGHT © 2001-2021 ENERGY INTELLIGENCE GROUP, INC. / ENERGY INTELLIGENCE GROUP (UK) LIMITED.",2008,Q1,January,1,0.596792
Middle East,United Arab Emirates, ,Dubai,Energy Intelligence,"COPYRIGHT © 2001-2021 ENERGY INTELLIGENCE GROUP, INC. / ENERGY INTELLIGENCE GROUP (UK) LIMITED.",2008,Q1,January,1,1.341772
Middle East,United Arab Emirates, ,Zakum,Energy Intelligence,"COPYRIGHT © 2001-2021 ENERGY INTELLIGENCE GROUP, INC. / ENERGY INTELLIGENCE GROUP (UK) LIMITED.",2007,Q1,January,1,133.102404
Middle East,United Arab Emirates, ,Uweint Condensate,Energy Intelligence,"COPYRIGHT © 2001-2021 ENERGY INTELLIGENCE GROUP, INC. / ENERGY INTELLIGENCE GROUP (UK) LIMITED.",2007,Q1,January,1,8.948404
Middle East,United Arab Emirates, ,Upper Zakum,Energy Intelligence,"COPYRIGHT © 2001-2021 ENERGY INTELLIGENCE GROUP, INC. / ENERGY INTELLIGENCE GROUP (UK) LIMITED.",2007,Q1,January,1,240.403687
Middle East,United Arab Emirates, ,Umm Shaif,Energy Intelligence,"COPYRIGHT © 2001-2021 ENERGY INTELLIGENCE GROUP, INC. / ENERGY INTELLIGENCE GROUP (UK) LIMITED.",2007,Q1,January,1,169.237184
Middle East,United Arab Emirates, ,Thamama Condensate,Energy Intelligence,"COPYRIGHT © 2001-2021 ENERGY INTELLIGENCE GROUP, INC. / ENERGY INTELLIGENCE GROUP (UK) LIMITED.",2007,Q1,January,1,1.315395
Middle East,United Arab Emirates, ,Sharjah Condensate,Energy Intelligence,"COPYRIGHT © 2001-2021 ENERGY INTELLIGENCE GROUP, INC. / ENERGY INTELLIGENCE GROUP (UK) LIMITED.",2007,Q1,January,1,4.304808
Middle East,United Arab Emirates, ,Murban,Energy Intelligence,"COPYRIGHT © 2001-2021 ENERGY INTELLIGENCE GROUP, INC. / ENERGY INTELLIGENCE GROUP (UK) LIMITED.",2007,Q1,January,1,420.634063
Middle East,United Arab Emirates, ,Mubarras Blend,Energy Intelligence,"COPYRIGHT © 2001-2021 ENERGY INTELLIGENCE GROUP, INC. / ENERGY INTELLIGENCE GROUP (UK) LIMITED.",2007,Q1,January,1,22.688136
Middle East,United Arab Emirates, ,Dubai,Energy Intelligence,"COPYRIGHT © 2001-2021 ENERGY INTELLIGENCE GROUP, INC. / ENERGY INTELLIGENCE GROUP (UK) LIMITED.",2007,Q1,January,1,8.184667
Middle East,United Arab Emirates, ,Zakum,Energy Intelligence,"COPYRIGHT © 2001-2021 ENERGY INTELLIGENCE GROUP, INC. / ENERGY INTELLIGENCE GROUP (UK) LIMITED.",2006,Q1,January,1,159.46623
Middle East,United Arab Emirates, ,Uweint Condensate,Energy Intelligence,"COPYRIGHT © 2001-2021 ENERGY INTELLIGENCE GROUP, INC. / ENERGY INTELLIGENCE GROUP (UK) LIMITED.",2006,Q1,January,1,6.644114
Middle East,United Arab Emirates, ,Upper Zakum,Energy Intelligence,"COPYRIGHT © 2001-2021 ENERGY INTELLIGENCE GROUP, INC. / ENERGY INTELLIGENCE GROUP (UK) LIMITED.",2006,Q1,January,1,202.859474
Middle East,United Arab Emirates, ,Umm Shaif,Energy Intelligence,"COPYRIGHT © 2001-2021 ENERGY INTELLIGENCE GROUP, INC. / ENERGY INTELLIGENCE GROUP (UK) LIMITED.",2006,Q1,January,1,201.43293
Middle East,United Arab Emirates, ,Sharjah Condensate,Energy Intelligence,"COPYRIGHT © 2001-2021 ENERGY INTELLIGENCE GROUP, INC. / ENERGY INTELLIGENCE GROUP (UK) LIMITED.",2006,Q1,January,1,2.843059
Middle East,United Arab Emirates, ,Murban,Energy Intelligence,"COPYRIGHT © 2001-2021 ENERGY INTELLIGENCE GROUP, INC. / ENERGY INTELLIGENCE GROUP (UK) LIMITED.",2006,Q1,January,1,448.607802
Middle East,United Arab Emirates, ,Mubarras Blend,Energy Intelligence,"COPYRIGHT © 2001-2021 ENERGY INTELLIGENCE GROUP, INC. / ENERGY INTELLIGENCE GROUP (UK) LIMITED.",2006,Q1,January,1,24.407543
Middle East,United Arab Emirates, ,Dubai,Energy Intelligence,"COPYRIGHT © 2001-2021 ENERGY INTELLIGENCE GROUP, INC. / ENERGY INTELLIGENCE GROUP (UK) LIMITED.",2006,Q1,January,1,16.487427
Middle East,Yemen, ,Shabwa,Energy Intelligence,"COPYRIGHT © 2001-2021 ENERGY INTELLIGENCE GROUP, INC. / ENERGY INTELLIGENCE GROUP (UK) LIMITED.",2018,Q1,January,1,1.436351
Middle East,Yemen, ,Yemen Refined Crude,Energy Intelligence,"COPYRIGHT © 2001-2021 ENERGY INTELLIGENCE GROUP, INC. / ENERGY INTELLIGENCE GROUP (UK) LIMITED.",2015,Q1,January,1,0.640337
Middle East,Yemen, ,Yemen Refined Crude,Energy Intelligence,"COPYRIGHT © 2001-2021 ENERGY INTELLIGENCE GROUP, INC. / ENERGY INTELLIGENCE GROUP (UK) LIMITED.",2014,Q1,January,1,0.274012
Middle East,Yemen, ,Masila,Energy Intelligence,"COPYRIGHT © 2001-2021 ENERGY INTELLIGENCE GROUP, INC. / ENERGY INTELLIGENCE GROUP (UK) LIMITED.",2014,Q1,January,1,0.922724
Middle East,Yemen, ,Masila,Energy Intelligence,"COPYRIGHT © 2001-2021 ENERGY INTELLIGENCE GROUP, INC. / ENERGY INTELLIGENCE GROUP (UK) LIMITED.",2013,Q1,January,1,1.885961
Middle East,Yemen, ,Marib Light,Energy Intelligence,"COPYRIGHT © 2001-2021 ENERGY INTELLIGENCE GROUP, INC. / ENERGY INTELLIGENCE GROUP (UK) LIMITED.",2013,Q1,January,1,0.410492
Middle East,Yemen, ,Masila,Energy Intelligence,"COPYRIGHT © 2001-2021 ENERGY INTELLIGENCE GROUP, INC. / ENERGY INTELLIGENCE GROUP (UK) LIMITED.",2012,Q1,January,1,1.766471
Middle East,Yemen, ,Marib Light,Energy Intelligence,"COPYRIGHT © 2001-2021 ENERGY INTELLIGENCE GROUP, INC. / ENERGY INTELLIGENCE GROUP (UK) LIMITED.",2012,Q1,January,1,0.499828
Middle East,Yemen, ,Marib Light,Energy Intelligence,"COPYRIGHT © 2001-2021 ENERGY INTELLIGENCE GROUP, INC. / ENERGY INTELLIGENCE GROUP (UK) LIMITED.",2011,Q1,January,1,6.479614
Middle East,Yemen, ,Marib Light,Energy Intelligence,"COPYRIGHT © 2001-2021 ENERGY INTELLIGENCE GROUP, INC. / ENERGY INTELLIGENCE GROUP (UK) LIMITED.",2010,Q1,January,1,11.972316
Middle East,Yemen, ,Marib Light,Energy Intelligence,"COPYRIGHT © 2001-2021 ENERGY INTELLIGENCE GROUP, INC. / ENERGY INTELLIGENCE GROUP (UK) LIMITED.",2009,Q1,January,1,13.135704
Middle East,Yemen, ,Marib Light,Energy Intelligence,"COPYRIGHT © 2001-2021 ENERGY INTELLIGENCE GROUP, INC. / ENERGY INTELLIGENCE GROUP (UK) LIMITED.",2008,Q1,January,1,12.065246
Middle East,Yemen, ,Marib Light,Energy Intelligence,"COPYRIGHT © 2001-2021 ENERGY INTELLIGENCE GROUP, INC. / ENERGY INTELLIGENCE GROUP (UK) LIMITED.",2007,Q1,January,1,15.149767
Middle East,Yemen, ,Marib Light,Energy Intelligence,"COPYRIGHT © 2001-2021 ENERGY INTELLIGENCE GROUP, INC. / ENERGY INTELLIGENCE GROUP (UK) LIMITED.",2006,Q1,January,1,8.974407
North America,Canada, ,Cold Lake Blend,Energy Intelligence,"COPYRIGHT © 2001-2021 ENERGY INTELLIGENCE GROUP, INC. / ENERGY INTELLIGENCE GROUP (UK) LIMITED.",2025,Q1,January,1,3.036345
North America,Canada, ,Cold Lake Blend,Energy Intelligence,"COPYRIGHT © 2001-2021 ENERGY INTELLIGENCE GROUP, INC. / ENERGY INTELLIGENCE GROUP (UK) LIMITED.",2024,Q1,January,1,0.963603
North America,Canada, ,Cold Lake Blend,Energy Intelligence,"COPYRIGHT © 2001-2021 ENERGY INTELLIGENCE GROUP, INC. / ENERGY INTELLIGENCE GROUP (UK) LIMITED.",2019,Q1,January,1,0.811506
North America,Canada, ,Cold Lake Blend,Energy Intelligence,"COPYRIGHT © 2001-2021 ENERGY INTELLIGENCE GROUP, INC. / ENERGY INTELLIGENCE GROUP (UK) LIMITED.",2011,Q1,January,1,0.556949
North America,Canada, ,Strathcona SS,Energy Intelligence,"COPYRIGHT © 2001-2021 ENERGY INTELLIGENCE GROUP, INC. / ENERGY INTELLIGENCE GROUP (UK) LIMITED.",2006,Q1,January,1,0.613609
North America,Mexico, ,Isthmus,Energy Intelligence,"COPYRIGHT © 2001-2021 ENERGY INTELLIGENCE GROUP, INC. / ENERGY INTELLIGENCE GROUP (UK) LIMITED.",2023,Q1,January,1,2.175706
North America,Mexico, ,Isthmus,Energy Intelligence,"COPYRIGHT © 2001-2021 ENERGY INTELLIGENCE GROUP, INC. / ENERGY INTELLIGENCE GROUP (UK) LIMITED.",2022,Q1,January,1,11.2016
North America,Mexico, ,Isthmus,Energy Intelligence,"COPYRIGHT © 2001-2021 ENERGY INTELLIGENCE GROUP, INC. / ENERGY INTELLIGENCE GROUP (UK) LIMITED.",2021,Q1,January,1,2.376679
North America,Mexico, ,Maya,Energy Intelligence,"COPYRIGHT © 2001-2021 ENERGY INTELLIGENCE GROUP, INC. / ENERGY INTELLIGENCE GROUP (UK) LIMITED.",2020,Q1,January,1,1.672512
North America,Mexico, ,Maya,Energy Intelligence,"COPYRIGHT © 2001-2021 ENERGY INTELLIGENCE GROUP, INC. / ENERGY INTELLIGENCE GROUP (UK) LIMITED.",2019,Q1,January,1,5.499655
North America,Mexico, ,Maya,Energy Intelligence,"COPYRIGHT © 2001-2021 ENERGY INTELLIGENCE GROUP, INC. / ENERGY INTELLIGENCE GROUP (UK) LIMITED.",2018,Q1,January,1,22.672663
North America,Mexico, ,Isthmus,Energy Intelligence,"COPYRIGHT © 2001-2021 ENERGY INTELLIGENCE GROUP, INC. / ENERGY INTELLIGENCE GROUP (UK) LIMITED.",2018,Q1,January,1,10.217857
North America,Mexico, ,Maya,Energy Intelligence,"COPYRIGHT © 2001-2021 ENERGY INTELLIGENCE GROUP, INC. / ENERGY INTELLIGENCE GROUP (UK) LIMITED.",2017,Q1,January,1,13.815714
North America,Mexico, ,Isthmus,Energy Intelligence,"COPYRIGHT © 2001-2021 ENERGY INTELLIGENCE GROUP, INC. / ENERGY INTELLIGENCE GROUP (UK) LIMITED.",2017,Q1,January,1,29.82266
North America,Mexico, ,Maya,Energy Intelligence,"COPYRIGHT © 2001-2021 ENERGY INTELLIGENCE GROUP, INC. / ENERGY INTELLIGENCE GROUP (UK) LIMITED.",2016,Q1,January,1,11.792998
North America,Mexico, ,Isthmus,Energy Intelligence,"COPYRIGHT © 2001-2021 ENERGY INTELLIGENCE GROUP, INC. / ENERGY INTELLIGENCE GROUP (UK) LIMITED.",2016,Q1,January,1,76.944981
North America,Mexico, ,Maya,Energy Intelligence,"COPYRIGHT © 2001-2021 ENERGY INTELLIGENCE GROUP, INC. / ENERGY INTELLIGENCE GROUP (UK) LIMITED.",2015,Q1,January,1,0.853226
North America,Mexico, ,Isthmus,Energy Intelligence,"COPYRIGHT © 2001-2021 ENERGY INTELLIGENCE GROUP, INC. / ENERGY INTELLIGENCE GROUP (UK) LIMITED.",2015,Q1,January,1,43.536445
North America,Mexico, ,Isthmus,Energy Intelligence,"COPYRIGHT © 2001-2021 ENERGY INTELLIGENCE GROUP, INC. / ENERGY INTELLIGENCE GROUP (UK) LIMITED.",2014,Q1,January,1,5.627467
North America,United States, ,West Texas Light,Energy Intelligence,"COPYRIGHT © 2001-2021 ENERGY INTELLIGENCE GROUP, INC. / ENERGY INTELLIGENCE GROUP (UK) LIMITED.",2025,Q1,January,1,20.760891
North America,United States, ,West Texas Intermediate (Midland),Energy Intelligence,"COPYRIGHT © 2001-2021 ENERGY INTELLIGENCE GROUP, INC. / ENERGY INTELLIGENCE GROUP (UK) LIMITED.",2025,Q1,January,1,56.973959
North America,United States, ,Mars Blend,Energy Intelligence,"COPYRIGHT © 2001-2021 ENERGY INTELLIGENCE GROUP, INC. / ENERGY INTELLIGENCE GROUP (UK) LIMITED.",2025,Q1,January,1,10.217589
North America,United States, ,West Texas Light,Energy Intelligence,"COPYRIGHT © 2001-2021 ENERGY INTELLIGENCE GROUP, INC. / ENERGY INTELLIGENCE GROUP (UK) LIMITED.",2024,Q1,January,1,8.48217
North America,United States, ,West Texas Intermediate (Midland),Energy Intelligence,"COPYRIGHT © 2001-2021 ENERGY INTELLIGENCE GROUP, INC. / ENERGY INTELLIGENCE GROUP (UK) LIMITED.",2024,Q1,January,1,43.360232
North America,United States, ,Mars Blend,Energy Intelligence,"COPYRIGHT © 2001-2021 ENERGY INTELLIGENCE GROUP, INC. / ENERGY INTELLIGENCE GROUP (UK) LIMITED.",2024,Q1,January,1,5.846327
North America,United States, ,West Texas Light,Energy Intelligence,"COPYRIGHT © 2001-2021 ENERGY INTELLIGENCE GROUP, INC. / ENERGY INTELLIGENCE GROUP (UK) LIMITED.",2023,Q1,January,1,13.469568
North America,United States, ,West Texas Intermediate (Midland),Energy Intelligence,"COPYRIGHT © 2001-2021 ENERGY INTELLIGENCE GROUP, INC. / ENERGY INTELLIGENCE GROUP (UK) LIMITED.",2023,Q1,January,1,25.081281
North America,United States, ,Mars Blend,Energy Intelligence,"COPYRIGHT © 2001-2021 ENERGY INTELLIGENCE GROUP, INC. / ENERGY INTELLIGENCE GROUP (UK) LIMITED.",2023,Q1,January,1,14.920739
North America,United States, ,West Texas Light,Energy Intelligence,"COPYRIGHT © 2001-2021 ENERGY INTELLIGENCE GROUP, INC. / ENERGY INTELLIGENCE GROUP (UK) LIMITED.",2022,Q1,January,1,9.816463
North America,United States, ,West Texas Intermediate (Midland),Energy Intelligence,"COPYRIGHT © 2001-2021 ENERGY INTELLIGENCE GROUP, INC. / ENERGY INTELLIGENCE GROUP (UK) LIMITED.",2022,Q1,January,1,10.265349
North America,United States, ,Mars Blend,Energy Intelligence,"COPYRIGHT © 2001-2021 ENERGY INTELLIGENCE GROUP, INC. / ENERGY INTELLIGENCE GROUP (UK) LIMITED.",2022,Q1,January,1,7.36878
North America,United States, ,West Texas Light,Energy Intelligence,"COPYRIGHT © 2001-2021 ENERGY INTELLIGENCE GROUP, INC. / ENERGY INTELLIGENCE GROUP (UK) LIMITED.",2021,Q1,January,1,0.001034
North America,United States, ,West Texas Intermediate (Midland),Energy Intelligence,"COPYRIGHT © 2001-2021 ENERGY INTELLIGENCE GROUP, INC. / ENERGY INTELLIGENCE GROUP (UK) LIMITED.",2021,Q1,January,1,1.418137
North America,United States, ,Mars Blend,Energy Intelligence,"COPYRIGHT © 2001-2021 ENERGY INTELLIGENCE GROUP, INC. / ENERGY INTELLIGENCE GROUP (UK) LIMITED.",2021,Q1,January,1,2.810459
North America,United States, ,Eagle Ford,Energy Intelligence,"COPYRIGHT © 2001-2021 ENERGY INTELLIGENCE GROUP, INC. / ENERGY INTELLIGENCE GROUP (UK) LIMITED.",2021,Q1,January,1,3.857997
North America,United States, ,West Texas Intermediate (Midland),Energy Intelligence,"COPYRIGHT © 2001-2021 ENERGY INTELLIGENCE GROUP, INC. / ENERGY INTELLIGENCE GROUP (UK) LIMITED.",2020,Q1,January,1,13.001986
North America,United States, ,Utica,Energy Intelligence,"COPYRIGHT © 2001-2021 ENERGY INTELLIGENCE GROUP, INC. / ENERGY INTELLIGENCE GROUP (UK) LIMITED.",2020,Q1,January,1,2.928907
North America,United States, ,Mars Blend,Energy Intelligence,"COPYRIGHT © 2001-2021 ENERGY INTELLIGENCE GROUP, INC. / ENERGY INTELLIGENCE GROUP (UK) LIMITED.",2020,Q1,January,1,4.953999
North America,United States, ,West Texas Intermediate (Midland),Energy Intelligence,"COPYRIGHT © 2001-2021 ENERGY INTELLIGENCE GROUP, INC. / ENERGY INTELLIGENCE GROUP (UK) LIMITED.",2019,Q1,January,1,47.721874
North America,United States, ,West Texas Intermediate,Energy Intelligence,"COPYRIGHT © 2001-2021 ENERGY INTELLIGENCE GROUP, INC. / ENERGY INTELLIGENCE GROUP (UK) LIMITED.",2019,Q1,January,1,1.768057
North America,United States, ,Mars Blend,Energy Intelligence,"COPYRIGHT © 2001-2021 ENERGY INTELLIGENCE GROUP, INC. / ENERGY INTELLIGENCE GROUP (UK) LIMITED.",2019,Q1,January,1,2.727848
North America,United States, ,Eagle Ford,Energy Intelligence,"COPYRIGHT © 2001-2021 ENERGY INTELLIGENCE GROUP, INC. / ENERGY INTELLIGENCE GROUP (UK) LIMITED.",2019,Q1,January,1,11.403305
North America,United States, ,White Cliffs,Energy Intelligence,"COPYRIGHT © 2001-2021 ENERGY INTELLIGENCE GROUP, INC. / ENERGY INTELLIGENCE GROUP (UK) LIMITED.",2018,Q1,January,1,1.363321
North America,United States, ,West Texas Intermediate (Midland),Energy Intelligence,"COPYRIGHT © 2001-2021 ENERGY INTELLIGENCE GROUP, INC. / ENERGY INTELLIGENCE GROUP (UK) LIMITED.",2018,Q1,January,1,30.456328
North America,United States, ,West Texas Intermediate (Cushing),Energy Intelligence,"COPYRIGHT © 2001-2021 ENERGY INTELLIGENCE GROUP, INC. / ENERGY INTELLIGENCE GROUP (UK) LIMITED.",2018,Q1,January,1,1.340712
North America,United States, ,Southern Green Canyon,Energy Intelligence,"COPYRIGHT © 2001-2021 ENERGY INTELLIGENCE GROUP, INC. / ENERGY INTELLIGENCE GROUP (UK) LIMITED.",2018,Q1,January,1,5.046547
North America,United States, ,Mars Blend,Energy Intelligence,"COPYRIGHT © 2001-2021 ENERGY INTELLIGENCE GROUP, INC. / ENERGY INTELLIGENCE GROUP (UK) LIMITED.",2018,Q1,January,1,5.47615
North America,United States, ,Eagle Ford,Energy Intelligence,"COPYRIGHT © 2001-2021 ENERGY INTELLIGENCE GROUP, INC. / ENERGY INTELLIGENCE GROUP (UK) LIMITED.",2018,Q1,January,1,6.953807
North America,United States, ,Bakken,Energy Intelligence,"COPYRIGHT © 2001-2021 ENERGY INTELLIGENCE GROUP, INC. / ENERGY INTELLIGENCE GROUP (UK) LIMITED.",2018,Q1,January,1,1.348794
North America,United States, ,West Texas Intermediate (Midland),Energy Intelligence,"COPYRIGHT © 2001-2021 ENERGY INTELLIGENCE GROUP, INC. / ENERGY INTELLIGENCE GROUP (UK) LIMITED.",2017,Q1,January,1,1.626114
North America,United States, ,West Texas Intermediate (Cushing),Energy Intelligence,"COPYRIGHT © 2001-2021 ENERGY INTELLIGENCE GROUP, INC. / ENERGY INTELLIGENCE GROUP (UK) LIMITED.",2017,Q1,January,1,0.286023
North America,United States, ,West Texas Intermediate,Energy Intelligence,"COPYRIGHT © 2001-2021 ENERGY INTELLIGENCE GROUP, INC. / ENERGY INTELLIGENCE GROUP (UK) LIMITED.",2017,Q1,January,1,9.26196
North America,United States, ,Southern Green Canyon,Energy Intelligence,"COPYRIGHT © 2001-2021 ENERGY INTELLIGENCE GROUP, INC. / ENERGY INTELLIGENCE GROUP (UK) LIMITED.",2017,Q1,January,1,4.797006
North America,United States, ,Mars Blend,Energy Intelligence,"COPYRIGHT © 2001-2021 ENERGY INTELLIGENCE GROUP, INC. / ENERGY INTELLIGENCE GROUP (UK) LIMITED.",2017,Q1,January,1,11.059606
North America,United States, ,Eagle Ford,Energy Intelligence,"COPYRIGHT © 2001-2021 ENERGY INTELLIGENCE GROUP, INC. / ENERGY INTELLIGENCE GROUP (UK) LIMITED.",2017,Q1,January,1,4.220032
North America,United States, ,West Texas Intermediate,Energy Intelligence,"COPYRIGHT © 2001-2021 ENERGY INTELLIGENCE GROUP, INC. / ENERGY INTELLIGENCE GROUP (UK) LIMITED.",2016,Q1,January,1,3.703753
North America,United States, ,Processed Condensate,Energy Intelligence,"COPYRIGHT © 2001-2021 ENERGY INTELLIGENCE GROUP, INC. / ENERGY INTELLIGENCE GROUP (UK) LIMITED.",2016,Q1,January,1,0.855964
North America,United States, ,BHP processed condensate,Energy Intelligence,"COPYRIGHT © 2001-2021 ENERGY INTELLIGENCE GROUP, INC. / ENERGY INTELLIGENCE GROUP (UK) LIMITED.",2016,Q1,January,1,1.852366
North America,United States, ,Alaska North Slope,Energy Intelligence,"COPYRIGHT © 2001-2021 ENERGY INTELLIGENCE GROUP, INC. / ENERGY INTELLIGENCE GROUP (UK) LIMITED.",2016,Q1,January,1,2.467771
North America,United States, ,Processed Condensate,Energy Intelligence,"COPYRIGHT © 2001-2021 ENERGY INTELLIGENCE GROUP, INC. / ENERGY INTELLIGENCE GROUP (UK) LIMITED.",2015,Q1,January,1,0.873353
North America,United States, ,BHP processed condensate,Energy Intelligence,"COPYRIGHT © 2001-2021 ENERGY INTELLIGENCE GROUP, INC. / ENERGY INTELLIGENCE GROUP (UK) LIMITED.",2015,Q1,January,1,1.798351
North America,United States, ,Processed Condensate,Energy Intelligence,"COPYRIGHT © 2001-2021 ENERGY INTELLIGENCE GROUP, INC. / ENERGY INTELLIGENCE GROUP (UK) LIMITED.",2014,Q1,January,1,0.812626
Others,Others, ,Temane Condensate,Energy Intelligence,"COPYRIGHT © 2001-2021 ENERGY INTELLIGENCE GROUP, INC. / ENERGY INTELLIGENCE GROUP (UK) LIMITED.",2021,Q1,January,1,0.603253
