Source,Copyright,Year of Year,Country,Crude,Avg. Value
Source: Energy Intelligence,"COPYRIGHT © 2001-2021 ENERGY INTELLIGENCE GROUP, INC. / ENERGY INTELLIGENCE GROUP (UK) LIMITED.",2024,Saudi Arabia,Arab Light,3036.5
Source: Energy Intelligence,"COPYRIGHT © 2001-2021 ENERGY INTELLIGENCE GROUP, INC. / ENERGY INTELLIGENCE GROUP (UK) LIMITED.",2023,Saudi Arabia,Arab Light,3422
Source: Energy Intelligence,"COPYRIGHT © 2001-2021 ENERGY INTELLIGENCE GROUP, INC. / ENERGY INTELLIGENCE GROUP (UK) LIMITED.",2022,Saudi Arabia,Arab Light,4061
Source: Energy Intelligence,"COPYRIGHT © 2001-2021 ENERGY INTELLIGENCE GROUP, INC. / ENERGY INTELLIGENCE GROUP (UK) LIMITED.",2021,Saudi Arabia,Arab Light,2917
Source: Energy Intelligence,"COPYRIGHT © 2001-2021 ENERGY INTELLIGENCE GROUP, INC. / ENERGY INTELLIGENCE GROUP (UK) LIMITED.",2020,Saudi Arabia,Arab Light,3706
Source: Energy Intelligence,"COPYRIGHT © 2001-2021 ENERGY INTELLIGENCE GROUP, INC. / ENERGY INTELLIGENCE GROUP (UK) LIMITED.",2019,Saudi Arabia,Arab Light,4217
Source: Energy Intelligence,"COPYRIGHT © 2001-2021 ENERGY INTELLIGENCE GROUP, INC. / ENERGY INTELLIGENCE GROUP (UK) LIMITED.",2018,Saudi Arabia,Arab Light,4188
Source: Energy Intelligence,"COPYRIGHT © 2001-2021 ENERGY INTELLIGENCE GROUP, INC. / ENERGY INTELLIGENCE GROUP (UK) LIMITED.",2017,Saudi Arabia,Arab Light,3863
Source: Energy Intelligence,"COPYRIGHT © 2001-2021 ENERGY INTELLIGENCE GROUP, INC. / ENERGY INTELLIGENCE GROUP (UK) LIMITED.",2016,Saudi Arabia,Arab Light,3899
Source: Energy Intelligence,"COPYRIGHT © 2001-2021 ENERGY INTELLIGENCE GROUP, INC. / ENERGY INTELLIGENCE GROUP (UK) LIMITED.",2015,Saudi Arabia,Arab Light,3532
Source: Energy Intelligence,"COPYRIGHT © 2001-2021 ENERGY INTELLIGENCE GROUP, INC. / ENERGY INTELLIGENCE GROUP (UK) LIMITED.",2014,Saudi Arabia,Arab Light,3670
Source: Energy Intelligence,"COPYRIGHT © 2001-2021 ENERGY INTELLIGENCE GROUP, INC. / ENERGY INTELLIGENCE GROUP (UK) LIMITED.",2013,Saudi Arabia,Arab Light,4104
Source: Energy Intelligence,"COPYRIGHT © 2001-2021 ENERGY INTELLIGENCE GROUP, INC. / ENERGY INTELLIGENCE GROUP (UK) LIMITED.",2012,Saudi Arabia,Arab Light,3757
Source: Energy Intelligence,"COPYRIGHT © 2001-2021 ENERGY INTELLIGENCE GROUP, INC. / ENERGY INTELLIGENCE GROUP (UK) LIMITED.",2011,Saudi Arabia,Arab Light,3283
Source: Energy Intelligence,"COPYRIGHT © 2001-2021 ENERGY INTELLIGENCE GROUP, INC. / ENERGY INTELLIGENCE GROUP (UK) LIMITED.",2010,Saudi Arabia,Arab Light,2184
Source: Energy Intelligence,"COPYRIGHT © 2001-2021 ENERGY INTELLIGENCE GROUP, INC. / ENERGY INTELLIGENCE GROUP (UK) LIMITED.",2009,Saudi Arabia,Arab Light,2416
Source: Energy Intelligence,"COPYRIGHT © 2001-2021 ENERGY INTELLIGENCE GROUP, INC. / ENERGY INTELLIGENCE GROUP (UK) LIMITED.",2008,Saudi Arabia,Arab Light,3576
Source: Energy Intelligence,"COPYRIGHT © 2001-2021 ENERGY INTELLIGENCE GROUP, INC. / ENERGY INTELLIGENCE GROUP (UK) LIMITED.",2007,Saudi Arabia,Arab Light,3297
Source: Energy Intelligence,"COPYRIGHT © 2001-2021 ENERGY INTELLIGENCE GROUP, INC. / ENERGY INTELLIGENCE GROUP (UK) LIMITED.",2006,Saudi Arabia,Arab Light,3664
Source: Energy Intelligence,"COPYRIGHT © 2001-2021 ENERGY INTELLIGENCE GROUP, INC. / ENERGY INTELLIGENCE GROUP (UK) LIMITED.",2024,Russia,Urals,2373
Source: Energy Intelligence,"COPYRIGHT © 2001-2021 ENERGY INTELLIGENCE GROUP, INC. / ENERGY INTELLIGENCE GROUP (UK) LIMITED.",2023,Russia,Urals,2534.9
Source: Energy Intelligence,"COPYRIGHT © 2001-2021 ENERGY INTELLIGENCE GROUP, INC. / ENERGY INTELLIGENCE GROUP (UK) LIMITED.",2022,Russia,Urals,2628.46
Source: Energy Intelligence,"COPYRIGHT © 2001-2021 ENERGY INTELLIGENCE GROUP, INC. / ENERGY INTELLIGENCE GROUP (UK) LIMITED.",2021,Russia,Urals,2225.33
Source: Energy Intelligence,"COPYRIGHT © 2001-2021 ENERGY INTELLIGENCE GROUP, INC. / ENERGY INTELLIGENCE GROUP (UK) LIMITED.",2020,Russia,Urals,2335.8
Source: Energy Intelligence,"COPYRIGHT © 2001-2021 ENERGY INTELLIGENCE GROUP, INC. / ENERGY INTELLIGENCE GROUP (UK) LIMITED.",2019,Russia,Urals,2836.9
Source: Energy Intelligence,"COPYRIGHT © 2001-2021 ENERGY INTELLIGENCE GROUP, INC. / ENERGY INTELLIGENCE GROUP (UK) LIMITED.",2018,Russia,Urals,2990.17
Source: Energy Intelligence,"COPYRIGHT © 2001-2021 ENERGY INTELLIGENCE GROUP, INC. / ENERGY INTELLIGENCE GROUP (UK) LIMITED.",2017,Russia,Urals,3263.64
Source: Energy Intelligence,"COPYRIGHT © 2001-2021 ENERGY INTELLIGENCE GROUP, INC. / ENERGY INTELLIGENCE GROUP (UK) LIMITED.",2016,Russia,Urals,3355.9
Source: Energy Intelligence,"COPYRIGHT © 2001-2021 ENERGY INTELLIGENCE GROUP, INC. / ENERGY INTELLIGENCE GROUP (UK) LIMITED.",2015,Russia,Urals,3180
Source: Energy Intelligence,"COPYRIGHT © 2001-2021 ENERGY INTELLIGENCE GROUP, INC. / ENERGY INTELLIGENCE GROUP (UK) LIMITED.",2014,Russia,Urals,3031.99
Source: Energy Intelligence,"COPYRIGHT © 2001-2021 ENERGY INTELLIGENCE GROUP, INC. / ENERGY INTELLIGENCE GROUP (UK) LIMITED.",2013,Russia,Urals,3309.63
Source: Energy Intelligence,"COPYRIGHT © 2001-2021 ENERGY INTELLIGENCE GROUP, INC. / ENERGY INTELLIGENCE GROUP (UK) LIMITED.",2012,Russia,Urals,3690.7
Source: Energy Intelligence,"COPYRIGHT © 2001-2021 ENERGY INTELLIGENCE GROUP, INC. / ENERGY INTELLIGENCE GROUP (UK) LIMITED.",2011,Russia,Urals,3694.48
Source: Energy Intelligence,"COPYRIGHT © 2001-2021 ENERGY INTELLIGENCE GROUP, INC. / ENERGY INTELLIGENCE GROUP (UK) LIMITED.",2010,Russia,Urals,3771
Source: Energy Intelligence,"COPYRIGHT © 2001-2021 ENERGY INTELLIGENCE GROUP, INC. / ENERGY INTELLIGENCE GROUP (UK) LIMITED.",2009,Russia,Urals,3640
Source: Energy Intelligence,"COPYRIGHT © 2001-2021 ENERGY INTELLIGENCE GROUP, INC. / ENERGY INTELLIGENCE GROUP (UK) LIMITED.",2008,Russia,Urals,3416
Source: Energy Intelligence,"COPYRIGHT © 2001-2021 ENERGY INTELLIGENCE GROUP, INC. / ENERGY INTELLIGENCE GROUP (UK) LIMITED.",2007,Russia,Urals,3616
Source: Energy Intelligence,"COPYRIGHT © 2001-2021 ENERGY INTELLIGENCE GROUP, INC. / ENERGY INTELLIGENCE GROUP (UK) LIMITED.",2006,Russia,Urals,3716
Source: Energy Intelligence,"COPYRIGHT © 2001-2021 ENERGY INTELLIGENCE GROUP, INC. / ENERGY INTELLIGENCE GROUP (UK) LIMITED.",2024,United States,West Texas Intermediate (Midland),2438
Source: Energy Intelligence,"COPYRIGHT © 2001-2021 ENERGY INTELLIGENCE GROUP, INC. / ENERGY INTELLIGENCE GROUP (UK) LIMITED.",2023,United States,West Texas Intermediate (Midland),2315
Source: Energy Intelligence,"COPYRIGHT © 2001-2021 ENERGY INTELLIGENCE GROUP, INC. / ENERGY INTELLIGENCE GROUP (UK) LIMITED.",2022,United States,West Texas Intermediate (Midland),2238
Source: Energy Intelligence,"COPYRIGHT © 2001-2021 ENERGY INTELLIGENCE GROUP, INC. / ENERGY INTELLIGENCE GROUP (UK) LIMITED.",2021,United States,West Texas Intermediate (Midland),1796
Source: Energy Intelligence,"COPYRIGHT © 2001-2021 ENERGY INTELLIGENCE GROUP, INC. / ENERGY INTELLIGENCE GROUP (UK) LIMITED.",2020,United States,West Texas Intermediate (Midland),1784
Source: Energy Intelligence,"COPYRIGHT © 2001-2021 ENERGY INTELLIGENCE GROUP, INC. / ENERGY INTELLIGENCE GROUP (UK) LIMITED.",2019,United States,West Texas Intermediate (Midland),1489
Source: Energy Intelligence,"COPYRIGHT © 2001-2021 ENERGY INTELLIGENCE GROUP, INC. / ENERGY INTELLIGENCE GROUP (UK) LIMITED.",2018,United States,West Texas Intermediate (Midland),950
Source: Energy Intelligence,"COPYRIGHT © 2001-2021 ENERGY INTELLIGENCE GROUP, INC. / ENERGY INTELLIGENCE GROUP (UK) LIMITED.",2022,Iraq,Basrah Light,0
Source: Energy Intelligence,"COPYRIGHT © 2001-2021 ENERGY INTELLIGENCE GROUP, INC. / ENERGY INTELLIGENCE GROUP (UK) LIMITED.",2021,Iraq,Basrah Light,893
Source: Energy Intelligence,"COPYRIGHT © 2001-2021 ENERGY INTELLIGENCE GROUP, INC. / ENERGY INTELLIGENCE GROUP (UK) LIMITED.",2020,Iraq,Basrah Light,2114
Source: Energy Intelligence,"COPYRIGHT © 2001-2021 ENERGY INTELLIGENCE GROUP, INC. / ENERGY INTELLIGENCE GROUP (UK) LIMITED.",2019,Iraq,Basrah Light,2530
Source: Energy Intelligence,"COPYRIGHT © 2001-2021 ENERGY INTELLIGENCE GROUP, INC. / ENERGY INTELLIGENCE GROUP (UK) LIMITED.",2018,Iraq,Basrah Light,2654
Source: Energy Intelligence,"COPYRIGHT © 2001-2021 ENERGY INTELLIGENCE GROUP, INC. / ENERGY INTELLIGENCE GROUP (UK) LIMITED.",2017,Iraq,Basrah Light,2492.36
Source: Energy Intelligence,"COPYRIGHT © 2001-2021 ENERGY INTELLIGENCE GROUP, INC. / ENERGY INTELLIGENCE GROUP (UK) LIMITED.",2016,Iraq,Basrah Light,2457.32
Source: Energy Intelligence,"COPYRIGHT © 2001-2021 ENERGY INTELLIGENCE GROUP, INC. / ENERGY INTELLIGENCE GROUP (UK) LIMITED.",2015,Iraq,Basrah Light,2309
Source: Energy Intelligence,"COPYRIGHT © 2001-2021 ENERGY INTELLIGENCE GROUP, INC. / ENERGY INTELLIGENCE GROUP (UK) LIMITED.",2014,Iraq,Basrah Light,2455.58
Source: Energy Intelligence,"COPYRIGHT © 2001-2021 ENERGY INTELLIGENCE GROUP, INC. / ENERGY INTELLIGENCE GROUP (UK) LIMITED.",2013,Iraq,Basrah Light,2127.25
Source: Energy Intelligence,"COPYRIGHT © 2001-2021 ENERGY INTELLIGENCE GROUP, INC. / ENERGY INTELLIGENCE GROUP (UK) LIMITED.",2012,Iraq,Basrah Light,2049.32
Source: Energy Intelligence,"COPYRIGHT © 2001-2021 ENERGY INTELLIGENCE GROUP, INC. / ENERGY INTELLIGENCE GROUP (UK) LIMITED.",2011,Iraq,Basrah Light,1717.18
Source: Energy Intelligence,"COPYRIGHT © 2001-2021 ENERGY INTELLIGENCE GROUP, INC. / ENERGY INTELLIGENCE GROUP (UK) LIMITED.",2010,Iraq,Basrah Light,1479
Source: Energy Intelligence,"COPYRIGHT © 2001-2021 ENERGY INTELLIGENCE GROUP, INC. / ENERGY INTELLIGENCE GROUP (UK) LIMITED.",2009,Iraq,Basrah Light,1436
Source: Energy Intelligence,"COPYRIGHT © 2001-2021 ENERGY INTELLIGENCE GROUP, INC. / ENERGY INTELLIGENCE GROUP (UK) LIMITED.",2008,Iraq,Basrah Light,1488.99
Source: Energy Intelligence,"COPYRIGHT © 2001-2021 ENERGY INTELLIGENCE GROUP, INC. / ENERGY INTELLIGENCE GROUP (UK) LIMITED.",2007,Iraq,Basrah Light,1561.33
Source: Energy Intelligence,"COPYRIGHT © 2001-2021 ENERGY INTELLIGENCE GROUP, INC. / ENERGY INTELLIGENCE GROUP (UK) LIMITED.",2006,Iraq,Basrah Light,1486.37
Source: Energy Intelligence,"COPYRIGHT © 2001-2021 ENERGY INTELLIGENCE GROUP, INC. / ENERGY INTELLIGENCE GROUP (UK) LIMITED.",2024,Kuwait,Kuwait,1274
Source: Energy Intelligence,"COPYRIGHT © 2001-2021 ENERGY INTELLIGENCE GROUP, INC. / ENERGY INTELLIGENCE GROUP (UK) LIMITED.",2023,Kuwait,Kuwait,1511.33
Source: Energy Intelligence,"COPYRIGHT © 2001-2021 ENERGY INTELLIGENCE GROUP, INC. / ENERGY INTELLIGENCE GROUP (UK) LIMITED.",2022,Kuwait,Kuwait,1788.63
Source: Energy Intelligence,"COPYRIGHT © 2001-2021 ENERGY INTELLIGENCE GROUP, INC. / ENERGY INTELLIGENCE GROUP (UK) LIMITED.",2021,Kuwait,Kuwait,1603
Source: Energy Intelligence,"COPYRIGHT © 2001-2021 ENERGY INTELLIGENCE GROUP, INC. / ENERGY INTELLIGENCE GROUP (UK) LIMITED.",2020,Kuwait,Kuwait,1673
Source: Energy Intelligence,"COPYRIGHT © 2001-2021 ENERGY INTELLIGENCE GROUP, INC. / ENERGY INTELLIGENCE GROUP (UK) LIMITED.",2019,Kuwait,Kuwait,1929.78
Source: Energy Intelligence,"COPYRIGHT © 2001-2021 ENERGY INTELLIGENCE GROUP, INC. / ENERGY INTELLIGENCE GROUP (UK) LIMITED.",2018,Kuwait,Kuwait,2032.76
Source: Energy Intelligence,"COPYRIGHT © 2001-2021 ENERGY INTELLIGENCE GROUP, INC. / ENERGY INTELLIGENCE GROUP (UK) LIMITED.",2017,Kuwait,Kuwait,2010
Source: Energy Intelligence,"COPYRIGHT © 2001-2021 ENERGY INTELLIGENCE GROUP, INC. / ENERGY INTELLIGENCE GROUP (UK) LIMITED.",2016,Kuwait,Kuwait,2128.19
Source: Energy Intelligence,"COPYRIGHT © 2001-2021 ENERGY INTELLIGENCE GROUP, INC. / ENERGY INTELLIGENCE GROUP (UK) LIMITED.",2015,Kuwait,Kuwait,1963.8
Source: Energy Intelligence,"COPYRIGHT © 2001-2021 ENERGY INTELLIGENCE GROUP, INC. / ENERGY INTELLIGENCE GROUP (UK) LIMITED.",2014,Kuwait,Kuwait,1995
Source: Energy Intelligence,"COPYRIGHT © 2001-2021 ENERGY INTELLIGENCE GROUP, INC. / ENERGY INTELLIGENCE GROUP (UK) LIMITED.",2013,Kuwait,Kuwait,2058
Source: Energy Intelligence,"COPYRIGHT © 2001-2021 ENERGY INTELLIGENCE GROUP, INC. / ENERGY INTELLIGENCE GROUP (UK) LIMITED.",2012,Kuwait,Kuwait,2070
Source: Energy Intelligence,"COPYRIGHT © 2001-2021 ENERGY INTELLIGENCE GROUP, INC. / ENERGY INTELLIGENCE GROUP (UK) LIMITED.",2011,Kuwait,Kuwait,1816
Source: Energy Intelligence,"COPYRIGHT © 2001-2021 ENERGY INTELLIGENCE GROUP, INC. / ENERGY INTELLIGENCE GROUP (UK) LIMITED.",2010,Kuwait,Kuwait,1350
Source: Energy Intelligence,"COPYRIGHT © 2001-2021 ENERGY INTELLIGENCE GROUP, INC. / ENERGY INTELLIGENCE GROUP (UK) LIMITED.",2009,Kuwait,Kuwait,1348
Source: Energy Intelligence,"COPYRIGHT © 2001-2021 ENERGY INTELLIGENCE GROUP, INC. / ENERGY INTELLIGENCE GROUP (UK) LIMITED.",2008,Kuwait,Kuwait,1738
Source: Energy Intelligence,"COPYRIGHT © 2001-2021 ENERGY INTELLIGENCE GROUP, INC. / ENERGY INTELLIGENCE GROUP (UK) LIMITED.",2007,Kuwait,Kuwait,1596
Source: Energy Intelligence,"COPYRIGHT © 2001-2021 ENERGY INTELLIGENCE GROUP, INC. / ENERGY INTELLIGENCE GROUP (UK) LIMITED.",2006,Kuwait,Kuwait,1725
Source: Energy Intelligence,"COPYRIGHT © 2001-2021 ENERGY INTELLIGENCE GROUP, INC. / ENERGY INTELLIGENCE GROUP (UK) LIMITED.",2024,Canada,Other Crudes - Canada,2923
Source: Energy Intelligence,"COPYRIGHT © 2001-2021 ENERGY INTELLIGENCE GROUP, INC. / ENERGY INTELLIGENCE GROUP (UK) LIMITED.",2023,Canada,Other Crudes - Canada,2726.5
Source: Energy Intelligence,"COPYRIGHT © 2001-2021 ENERGY INTELLIGENCE GROUP, INC. / ENERGY INTELLIGENCE GROUP (UK) LIMITED.",2022,Canada,Other Crudes - Canada,2492.07
Source: Energy Intelligence,"COPYRIGHT © 2001-2021 ENERGY INTELLIGENCE GROUP, INC. / ENERGY INTELLIGENCE GROUP (UK) LIMITED.",2021,Canada,Other Crudes - Canada,2408.42
Source: Energy Intelligence,"COPYRIGHT © 2001-2021 ENERGY INTELLIGENCE GROUP, INC. / ENERGY INTELLIGENCE GROUP (UK) LIMITED.",2020,Canada,Other Crudes - Canada,2302.31
Source: Energy Intelligence,"COPYRIGHT © 2001-2021 ENERGY INTELLIGENCE GROUP, INC. / ENERGY INTELLIGENCE GROUP (UK) LIMITED.",2019,Canada,Other Crudes - Canada,2408.06
Source: Energy Intelligence,"COPYRIGHT © 2001-2021 ENERGY INTELLIGENCE GROUP, INC. / ENERGY INTELLIGENCE GROUP (UK) LIMITED.",2018,Canada,Other Crudes - Canada,2307.16
Source: Energy Intelligence,"COPYRIGHT © 2001-2021 ENERGY INTELLIGENCE GROUP, INC. / ENERGY INTELLIGENCE GROUP (UK) LIMITED.",2017,Canada,Other Crudes - Canada,2006.06
Source: Energy Intelligence,"COPYRIGHT © 2001-2021 ENERGY INTELLIGENCE GROUP, INC. / ENERGY INTELLIGENCE GROUP (UK) LIMITED.",2016,Canada,Other Crudes - Canada,1944.39
Source: Energy Intelligence,"COPYRIGHT © 2001-2021 ENERGY INTELLIGENCE GROUP, INC. / ENERGY INTELLIGENCE GROUP (UK) LIMITED.",2015,Canada,Other Crudes - Canada,1852.5
Source: Energy Intelligence,"COPYRIGHT © 2001-2021 ENERGY INTELLIGENCE GROUP, INC. / ENERGY INTELLIGENCE GROUP (UK) LIMITED.",2014,Canada,Other Crudes - Canada,1731.94
Source: Energy Intelligence,"COPYRIGHT © 2001-2021 ENERGY INTELLIGENCE GROUP, INC. / ENERGY INTELLIGENCE GROUP (UK) LIMITED.",2013,Canada,Other Crudes - Canada,1524.24
Source: Energy Intelligence,"COPYRIGHT © 2001-2021 ENERGY INTELLIGENCE GROUP, INC. / ENERGY INTELLIGENCE GROUP (UK) LIMITED.",2012,Canada,Other Crudes - Canada,1235.69
Source: Energy Intelligence,"COPYRIGHT © 2001-2021 ENERGY INTELLIGENCE GROUP, INC. / ENERGY INTELLIGENCE GROUP (UK) LIMITED.",2011,Canada,Other Crudes - Canada,1030.94
Source: Energy Intelligence,"COPYRIGHT © 2001-2021 ENERGY INTELLIGENCE GROUP, INC. / ENERGY INTELLIGENCE GROUP (UK) LIMITED.",2010,Canada,Other Crudes - Canada,983.2
Source: Energy Intelligence,"COPYRIGHT © 2001-2021 ENERGY INTELLIGENCE GROUP, INC. / ENERGY INTELLIGENCE GROUP (UK) LIMITED.",2009,Canada,Other Crudes - Canada,954.58
Source: Energy Intelligence,"COPYRIGHT © 2001-2021 ENERGY INTELLIGENCE GROUP, INC. / ENERGY INTELLIGENCE GROUP (UK) LIMITED.",2008,Canada,Other Crudes - Canada,883.38
Source: Energy Intelligence,"COPYRIGHT © 2001-2021 ENERGY INTELLIGENCE GROUP, INC. / ENERGY INTELLIGENCE GROUP (UK) LIMITED.",2007,Canada,Other Crudes - Canada,820.36
Source: Energy Intelligence,"COPYRIGHT © 2001-2021 ENERGY INTELLIGENCE GROUP, INC. / ENERGY INTELLIGENCE GROUP (UK) LIMITED.",2006,Canada,Other Crudes - Canada,890.39
Source: Energy Intelligence,"COPYRIGHT © 2001-2021 ENERGY INTELLIGENCE GROUP, INC. / ENERGY INTELLIGENCE GROUP (UK) LIMITED.",2024,Iraq,Basrah Medium,2229
Source: Energy Intelligence,"COPYRIGHT © 2001-2021 ENERGY INTELLIGENCE GROUP, INC. / ENERGY INTELLIGENCE GROUP (UK) LIMITED.",2023,Iraq,Basrah Medium,2246
Source: Energy Intelligence,"COPYRIGHT © 2001-2021 ENERGY INTELLIGENCE GROUP, INC. / ENERGY INTELLIGENCE GROUP (UK) LIMITED.",2022,Iraq,Basrah Medium,2165
Source: Energy Intelligence,"COPYRIGHT © 2001-2021 ENERGY INTELLIGENCE GROUP, INC. / ENERGY INTELLIGENCE GROUP (UK) LIMITED.",2021,Iraq,Basrah Medium,1082
Source: Energy Intelligence,"COPYRIGHT © 2001-2021 ENERGY INTELLIGENCE GROUP, INC. / ENERGY INTELLIGENCE GROUP (UK) LIMITED.",2020,Iraq,Basrah Medium,0
Source: Energy Intelligence,"COPYRIGHT © 2001-2021 ENERGY INTELLIGENCE GROUP, INC. / ENERGY INTELLIGENCE GROUP (UK) LIMITED.",2024,Saudi Arabia,Arab Extra Light,1025
Source: Energy Intelligence,"COPYRIGHT © 2001-2021 ENERGY INTELLIGENCE GROUP, INC. / ENERGY INTELLIGENCE GROUP (UK) LIMITED.",2023,Saudi Arabia,Arab Extra Light,1193
Source: Energy Intelligence,"COPYRIGHT © 2001-2021 ENERGY INTELLIGENCE GROUP, INC. / ENERGY INTELLIGENCE GROUP (UK) LIMITED.",2022,Saudi Arabia,Arab Extra Light,1117
Source: Energy Intelligence,"COPYRIGHT © 2001-2021 ENERGY INTELLIGENCE GROUP, INC. / ENERGY INTELLIGENCE GROUP (UK) LIMITED.",2021,Saudi Arabia,Arab Extra Light,1137
Source: Energy Intelligence,"COPYRIGHT © 2001-2021 ENERGY INTELLIGENCE GROUP, INC. / ENERGY INTELLIGENCE GROUP (UK) LIMITED.",2020,Saudi Arabia,Arab Extra Light,1021
Source: Energy Intelligence,"COPYRIGHT © 2001-2021 ENERGY INTELLIGENCE GROUP, INC. / ENERGY INTELLIGENCE GROUP (UK) LIMITED.",2019,Saudi Arabia,Arab Extra Light,977
Source: Energy Intelligence,"COPYRIGHT © 2001-2021 ENERGY INTELLIGENCE GROUP, INC. / ENERGY INTELLIGENCE GROUP (UK) LIMITED.",2018,Saudi Arabia,Arab Extra Light,1350
Source: Energy Intelligence,"COPYRIGHT © 2001-2021 ENERGY INTELLIGENCE GROUP, INC. / ENERGY INTELLIGENCE GROUP (UK) LIMITED.",2017,Saudi Arabia,Arab Extra Light,1310
Source: Energy Intelligence,"COPYRIGHT © 2001-2021 ENERGY INTELLIGENCE GROUP, INC. / ENERGY INTELLIGENCE GROUP (UK) LIMITED.",2016,Saudi Arabia,Arab Extra Light,1310
Source: Energy Intelligence,"COPYRIGHT © 2001-2021 ENERGY INTELLIGENCE GROUP, INC. / ENERGY INTELLIGENCE GROUP (UK) LIMITED.",2015,Saudi Arabia,Arab Extra Light,1350
Source: Energy Intelligence,"COPYRIGHT © 2001-2021 ENERGY INTELLIGENCE GROUP, INC. / ENERGY INTELLIGENCE GROUP (UK) LIMITED.",2014,Saudi Arabia,Arab Extra Light,1250
Source: Energy Intelligence,"COPYRIGHT © 2001-2021 ENERGY INTELLIGENCE GROUP, INC. / ENERGY INTELLIGENCE GROUP (UK) LIMITED.",2013,Saudi Arabia,Arab Extra Light,1250
Source: Energy Intelligence,"COPYRIGHT © 2001-2021 ENERGY INTELLIGENCE GROUP, INC. / ENERGY INTELLIGENCE GROUP (UK) LIMITED.",2012,Saudi Arabia,Arab Extra Light,1250
Source: Energy Intelligence,"COPYRIGHT © 2001-2021 ENERGY INTELLIGENCE GROUP, INC. / ENERGY INTELLIGENCE GROUP (UK) LIMITED.",2011,Saudi Arabia,Arab Extra Light,1500
Source: Energy Intelligence,"COPYRIGHT © 2001-2021 ENERGY INTELLIGENCE GROUP, INC. / ENERGY INTELLIGENCE GROUP (UK) LIMITED.",2010,Saudi Arabia,Arab Extra Light,1500
Source: Energy Intelligence,"COPYRIGHT © 2001-2021 ENERGY INTELLIGENCE GROUP, INC. / ENERGY INTELLIGENCE GROUP (UK) LIMITED.",2009,Saudi Arabia,Arab Extra Light,1400
Source: Energy Intelligence,"COPYRIGHT © 2001-2021 ENERGY INTELLIGENCE GROUP, INC. / ENERGY INTELLIGENCE GROUP (UK) LIMITED.",2008,Saudi Arabia,Arab Extra Light,1300
Source: Energy Intelligence,"COPYRIGHT © 2001-2021 ENERGY INTELLIGENCE GROUP, INC. / ENERGY INTELLIGENCE GROUP (UK) LIMITED.",2007,Saudi Arabia,Arab Extra Light,1300
Source: Energy Intelligence,"COPYRIGHT © 2001-2021 ENERGY INTELLIGENCE GROUP, INC. / ENERGY INTELLIGENCE GROUP (UK) LIMITED.",2006,Saudi Arabia,Arab Extra Light,1300
Source: Energy Intelligence,"COPYRIGHT © 2001-2021 ENERGY INTELLIGENCE GROUP, INC. / ENERGY INTELLIGENCE GROUP (UK) LIMITED.",2024,Abu Dhabi,Murban,1106
Source: Energy Intelligence,"COPYRIGHT © 2001-2021 ENERGY INTELLIGENCE GROUP, INC. / ENERGY INTELLIGENCE GROUP (UK) LIMITED.",2023,Abu Dhabi,Murban,1030
Source: Energy Intelligence,"COPYRIGHT © 2001-2021 ENERGY INTELLIGENCE GROUP, INC. / ENERGY INTELLIGENCE GROUP (UK) LIMITED.",2022,Abu Dhabi,Murban,1084
Source: Energy Intelligence,"COPYRIGHT © 2001-2021 ENERGY INTELLIGENCE GROUP, INC. / ENERGY INTELLIGENCE GROUP (UK) LIMITED.",2021,Abu Dhabi,Murban,819
Source: Energy Intelligence,"COPYRIGHT © 2001-2021 ENERGY INTELLIGENCE GROUP, INC. / ENERGY INTELLIGENCE GROUP (UK) LIMITED.",2020,Abu Dhabi,Murban,1020
Source: Energy Intelligence,"COPYRIGHT © 2001-2021 ENERGY INTELLIGENCE GROUP, INC. / ENERGY INTELLIGENCE GROUP (UK) LIMITED.",2019,Abu Dhabi,Murban,965
Source: Energy Intelligence,"COPYRIGHT © 2001-2021 ENERGY INTELLIGENCE GROUP, INC. / ENERGY INTELLIGENCE GROUP (UK) LIMITED.",2018,Abu Dhabi,Murban,944
Source: Energy Intelligence,"COPYRIGHT © 2001-2021 ENERGY INTELLIGENCE GROUP, INC. / ENERGY INTELLIGENCE GROUP (UK) LIMITED.",2017,Abu Dhabi,Murban,1060.72
Source: Energy Intelligence,"COPYRIGHT © 2001-2021 ENERGY INTELLIGENCE GROUP, INC. / ENERGY INTELLIGENCE GROUP (UK) LIMITED.",2016,Abu Dhabi,Murban,1060
Source: Energy Intelligence,"COPYRIGHT © 2001-2021 ENERGY INTELLIGENCE GROUP, INC. / ENERGY INTELLIGENCE GROUP (UK) LIMITED.",2015,Abu Dhabi,Murban,1121
Source: Energy Intelligence,"COPYRIGHT © 2001-2021 ENERGY INTELLIGENCE GROUP, INC. / ENERGY INTELLIGENCE GROUP (UK) LIMITED.",2014,Abu Dhabi,Murban,1109
Source: Energy Intelligence,"COPYRIGHT © 2001-2021 ENERGY INTELLIGENCE GROUP, INC. / ENERGY INTELLIGENCE GROUP (UK) LIMITED.",2013,Abu Dhabi,Murban,1304
Source: Energy Intelligence,"COPYRIGHT © 2001-2021 ENERGY INTELLIGENCE GROUP, INC. / ENERGY INTELLIGENCE GROUP (UK) LIMITED.",2012,Abu Dhabi,Murban,1138
Source: Energy Intelligence,"COPYRIGHT © 2001-2021 ENERGY INTELLIGENCE GROUP, INC. / ENERGY INTELLIGENCE GROUP (UK) LIMITED.",2011,Abu Dhabi,Murban,1143
Source: Energy Intelligence,"COPYRIGHT © 2001-2021 ENERGY INTELLIGENCE GROUP, INC. / ENERGY INTELLIGENCE GROUP (UK) LIMITED.",2010,Abu Dhabi,Murban,1000
Source: Energy Intelligence,"COPYRIGHT © 2001-2021 ENERGY INTELLIGENCE GROUP, INC. / ENERGY INTELLIGENCE GROUP (UK) LIMITED.",2009,Abu Dhabi,Murban,1000
Source: Energy Intelligence,"COPYRIGHT © 2001-2021 ENERGY INTELLIGENCE GROUP, INC. / ENERGY INTELLIGENCE GROUP (UK) LIMITED.",2008,Abu Dhabi,Murban,1200
Source: Energy Intelligence,"COPYRIGHT © 2001-2021 ENERGY INTELLIGENCE GROUP, INC. / ENERGY INTELLIGENCE GROUP (UK) LIMITED.",2007,Abu Dhabi,Murban,1200
Source: Energy Intelligence,"COPYRIGHT © 2001-2021 ENERGY INTELLIGENCE GROUP, INC. / ENERGY INTELLIGENCE GROUP (UK) LIMITED.",2006,Abu Dhabi,Murban,930
Source: Energy Intelligence,"COPYRIGHT © 2001-2021 ENERGY INTELLIGENCE GROUP, INC. / ENERGY INTELLIGENCE GROUP (UK) LIMITED.",2024,Russia,Espo Blend,1688
Source: Energy Intelligence,"COPYRIGHT © 2001-2021 ENERGY INTELLIGENCE GROUP, INC. / ENERGY INTELLIGENCE GROUP (UK) LIMITED.",2023,Russia,Espo Blend,1659.83
Source: Energy Intelligence,"COPYRIGHT © 2001-2021 ENERGY INTELLIGENCE GROUP, INC. / ENERGY INTELLIGENCE GROUP (UK) LIMITED.",2022,Russia,Espo Blend,1585.25
Source: Energy Intelligence,"COPYRIGHT © 2001-2021 ENERGY INTELLIGENCE GROUP, INC. / ENERGY INTELLIGENCE GROUP (UK) LIMITED.",2021,Russia,Espo Blend,1506.11
Source: Energy Intelligence,"COPYRIGHT © 2001-2021 ENERGY INTELLIGENCE GROUP, INC. / ENERGY INTELLIGENCE GROUP (UK) LIMITED.",2020,Russia,Espo Blend,1459.18
Source: Energy Intelligence,"COPYRIGHT © 2001-2021 ENERGY INTELLIGENCE GROUP, INC. / ENERGY INTELLIGENCE GROUP (UK) LIMITED.",2019,Russia,Espo Blend,1467.74
Source: Energy Intelligence,"COPYRIGHT © 2001-2021 ENERGY INTELLIGENCE GROUP, INC. / ENERGY INTELLIGENCE GROUP (UK) LIMITED.",2018,Russia,Espo Blend,1178.55
Source: Energy Intelligence,"COPYRIGHT © 2001-2021 ENERGY INTELLIGENCE GROUP, INC. / ENERGY INTELLIGENCE GROUP (UK) LIMITED.",2017,Russia,Espo Blend,968.18
Source: Energy Intelligence,"COPYRIGHT © 2001-2021 ENERGY INTELLIGENCE GROUP, INC. / ENERGY INTELLIGENCE GROUP (UK) LIMITED.",2016,Russia,Espo Blend,968.17
Source: Energy Intelligence,"COPYRIGHT © 2001-2021 ENERGY INTELLIGENCE GROUP, INC. / ENERGY INTELLIGENCE GROUP (UK) LIMITED.",2015,Russia,Espo Blend,932.53
Source: Energy Intelligence,"COPYRIGHT © 2001-2021 ENERGY INTELLIGENCE GROUP, INC. / ENERGY INTELLIGENCE GROUP (UK) LIMITED.",2014,Russia,Espo Blend,813.38
Source: Energy Intelligence,"COPYRIGHT © 2001-2021 ENERGY INTELLIGENCE GROUP, INC. / ENERGY INTELLIGENCE GROUP (UK) LIMITED.",2013,Russia,Espo Blend,743.96
Source: Energy Intelligence,"COPYRIGHT © 2001-2021 ENERGY INTELLIGENCE GROUP, INC. / ENERGY INTELLIGENCE GROUP (UK) LIMITED.",2012,Russia,Espo Blend,627
Source: Energy Intelligence,"COPYRIGHT © 2001-2021 ENERGY INTELLIGENCE GROUP, INC. / ENERGY INTELLIGENCE GROUP (UK) LIMITED.",2011,Russia,Espo Blend,606.4
Source: Energy Intelligence,"COPYRIGHT © 2001-2021 ENERGY INTELLIGENCE GROUP, INC. / ENERGY INTELLIGENCE GROUP (UK) LIMITED.",2010,Russia,Espo Blend,308
Source: Energy Intelligence,"COPYRIGHT © 2001-2021 ENERGY INTELLIGENCE GROUP, INC. / ENERGY INTELLIGENCE GROUP (UK) LIMITED.",2009,Russia,Espo Blend,10
Source: Energy Intelligence,"COPYRIGHT © 2001-2021 ENERGY INTELLIGENCE GROUP, INC. / ENERGY INTELLIGENCE GROUP (UK) LIMITED.",2024,Mexico,Maya,477
Source: Energy Intelligence,"COPYRIGHT © 2001-2021 ENERGY INTELLIGENCE GROUP, INC. / ENERGY INTELLIGENCE GROUP (UK) LIMITED.",2023,Mexico,Maya,589
Source: Energy Intelligence,"COPYRIGHT © 2001-2021 ENERGY INTELLIGENCE GROUP, INC. / ENERGY INTELLIGENCE GROUP (UK) LIMITED.",2022,Mexico,Maya,664
Source: Energy Intelligence,"COPYRIGHT © 2001-2021 ENERGY INTELLIGENCE GROUP, INC. / ENERGY INTELLIGENCE GROUP (UK) LIMITED.",2021,Mexico,Maya,837
Source: Energy Intelligence,"COPYRIGHT © 2001-2021 ENERGY INTELLIGENCE GROUP, INC. / ENERGY INTELLIGENCE GROUP (UK) LIMITED.",2020,Mexico,Maya,980
Source: Energy Intelligence,"COPYRIGHT © 2001-2021 ENERGY INTELLIGENCE GROUP, INC. / ENERGY INTELLIGENCE GROUP (UK) LIMITED.",2019,Mexico,Maya,1099
Source: Energy Intelligence,"COPYRIGHT © 2001-2021 ENERGY INTELLIGENCE GROUP, INC. / ENERGY INTELLIGENCE GROUP (UK) LIMITED.",2018,Mexico,Maya,1153.49
Source: Energy Intelligence,"COPYRIGHT © 2001-2021 ENERGY INTELLIGENCE GROUP, INC. / ENERGY INTELLIGENCE GROUP (UK) LIMITED.",2017,Mexico,Maya,1069
Source: Energy Intelligence,"COPYRIGHT © 2001-2021 ENERGY INTELLIGENCE GROUP, INC. / ENERGY INTELLIGENCE GROUP (UK) LIMITED.",2016,Mexico,Maya,934
Source: Energy Intelligence,"COPYRIGHT © 2001-2021 ENERGY INTELLIGENCE GROUP, INC. / ENERGY INTELLIGENCE GROUP (UK) LIMITED.",2015,Mexico,Maya,854
Source: Energy Intelligence,"COPYRIGHT © 2001-2021 ENERGY INTELLIGENCE GROUP, INC. / ENERGY INTELLIGENCE GROUP (UK) LIMITED.",2014,Mexico,Maya,917
Source: Energy Intelligence,"COPYRIGHT © 2001-2021 ENERGY INTELLIGENCE GROUP, INC. / ENERGY INTELLIGENCE GROUP (UK) LIMITED.",2013,Mexico,Maya,987
Source: Energy Intelligence,"COPYRIGHT © 2001-2021 ENERGY INTELLIGENCE GROUP, INC. / ENERGY INTELLIGENCE GROUP (UK) LIMITED.",2012,Mexico,Maya,962.43
Source: Energy Intelligence,"COPYRIGHT © 2001-2021 ENERGY INTELLIGENCE GROUP, INC. / ENERGY INTELLIGENCE GROUP (UK) LIMITED.",2011,Mexico,Maya,1035.6
Source: Energy Intelligence,"COPYRIGHT © 2001-2021 ENERGY INTELLIGENCE GROUP, INC. / ENERGY INTELLIGENCE GROUP (UK) LIMITED.",2010,Mexico,Maya,1073.96
Source: Energy Intelligence,"COPYRIGHT © 2001-2021 ENERGY INTELLIGENCE GROUP, INC. / ENERGY INTELLIGENCE GROUP (UK) LIMITED.",2009,Mexico,Maya,1064.53
Source: Energy Intelligence,"COPYRIGHT © 2001-2021 ENERGY INTELLIGENCE GROUP, INC. / ENERGY INTELLIGENCE GROUP (UK) LIMITED.",2008,Mexico,Maya,1250.79
Source: Energy Intelligence,"COPYRIGHT © 2001-2021 ENERGY INTELLIGENCE GROUP, INC. / ENERGY INTELLIGENCE GROUP (UK) LIMITED.",2007,Mexico,Maya,1472.3
Source: Energy Intelligence,"COPYRIGHT © 2001-2021 ENERGY INTELLIGENCE GROUP, INC. / ENERGY INTELLIGENCE GROUP (UK) LIMITED.",2006,Mexico,Maya,1493.79
Source: Energy Intelligence,"COPYRIGHT © 2001-2021 ENERGY INTELLIGENCE GROUP, INC. / ENERGY INTELLIGENCE GROUP (UK) LIMITED.",2024,Kazakhstan,CPC Blend - Kazakhstan,1190.99
Source: Energy Intelligence,"COPYRIGHT © 2001-2021 ENERGY INTELLIGENCE GROUP, INC. / ENERGY INTELLIGENCE GROUP (UK) LIMITED.",2023,Kazakhstan,CPC Blend - Kazakhstan,1244.5
Source: Energy Intelligence,"COPYRIGHT © 2001-2021 ENERGY INTELLIGENCE GROUP, INC. / ENERGY INTELLIGENCE GROUP (UK) LIMITED.",2022,Kazakhstan,CPC Blend - Kazakhstan,1270.73
Source: Energy Intelligence,"COPYRIGHT © 2001-2021 ENERGY INTELLIGENCE GROUP, INC. / ENERGY INTELLIGENCE GROUP (UK) LIMITED.",2021,Kazakhstan,CPC Blend - Kazakhstan,1320.62
Source: Energy Intelligence,"COPYRIGHT © 2001-2021 ENERGY INTELLIGENCE GROUP, INC. / ENERGY INTELLIGENCE GROUP (UK) LIMITED.",2020,Kazakhstan,CPC Blend - Kazakhstan,1278
Source: Energy Intelligence,"COPYRIGHT © 2001-2021 ENERGY INTELLIGENCE GROUP, INC. / ENERGY INTELLIGENCE GROUP (UK) LIMITED.",2019,Kazakhstan,CPC Blend - Kazakhstan,1372.77
Source: Energy Intelligence,"COPYRIGHT © 2001-2021 ENERGY INTELLIGENCE GROUP, INC. / ENERGY INTELLIGENCE GROUP (UK) LIMITED.",2018,Kazakhstan,CPC Blend - Kazakhstan,1323.77
Source: Energy Intelligence,"COPYRIGHT © 2001-2021 ENERGY INTELLIGENCE GROUP, INC. / ENERGY INTELLIGENCE GROUP (UK) LIMITED.",2017,Kazakhstan,CPC Blend - Kazakhstan,1193.15
Source: Energy Intelligence,"COPYRIGHT © 2001-2021 ENERGY INTELLIGENCE GROUP, INC. / ENERGY INTELLIGENCE GROUP (UK) LIMITED.",2016,Kazakhstan,CPC Blend - Kazakhstan,958.45
Source: Energy Intelligence,"COPYRIGHT © 2001-2021 ENERGY INTELLIGENCE GROUP, INC. / ENERGY INTELLIGENCE GROUP (UK) LIMITED.",2015,Kazakhstan,CPC Blend - Kazakhstan,858.69
Source: Energy Intelligence,"COPYRIGHT © 2001-2021 ENERGY INTELLIGENCE GROUP, INC. / ENERGY INTELLIGENCE GROUP (UK) LIMITED.",2014,Kazakhstan,CPC Blend - Kazakhstan,864.87
Source: Energy Intelligence,"COPYRIGHT © 2001-2021 ENERGY INTELLIGENCE GROUP, INC. / ENERGY INTELLIGENCE GROUP (UK) LIMITED.",2013,Kazakhstan,CPC Blend - Kazakhstan,704.6
Source: Energy Intelligence,"COPYRIGHT © 2001-2021 ENERGY INTELLIGENCE GROUP, INC. / ENERGY INTELLIGENCE GROUP (UK) LIMITED.",2012,Kazakhstan,CPC Blend - Kazakhstan,645
Source: Energy Intelligence,"COPYRIGHT © 2001-2021 ENERGY INTELLIGENCE GROUP, INC. / ENERGY INTELLIGENCE GROUP (UK) LIMITED.",2011,Kazakhstan,CPC Blend - Kazakhstan,671
Source: Energy Intelligence,"COPYRIGHT © 2001-2021 ENERGY INTELLIGENCE GROUP, INC. / ENERGY INTELLIGENCE GROUP (UK) LIMITED.",2010,Kazakhstan,CPC Blend - Kazakhstan,750
Source: Energy Intelligence,"COPYRIGHT © 2001-2021 ENERGY INTELLIGENCE GROUP, INC. / ENERGY INTELLIGENCE GROUP (UK) LIMITED.",2009,Kazakhstan,CPC Blend - Kazakhstan,739
Source: Energy Intelligence,"COPYRIGHT © 2001-2021 ENERGY INTELLIGENCE GROUP, INC. / ENERGY INTELLIGENCE GROUP (UK) LIMITED.",2008,Kazakhstan,CPC Blend - Kazakhstan,672
Source: Energy Intelligence,"COPYRIGHT © 2001-2021 ENERGY INTELLIGENCE GROUP, INC. / ENERGY INTELLIGENCE GROUP (UK) LIMITED.",2007,Kazakhstan,CPC Blend - Kazakhstan,700
Source: Energy Intelligence,"COPYRIGHT © 2001-2021 ENERGY INTELLIGENCE GROUP, INC. / ENERGY INTELLIGENCE GROUP (UK) LIMITED.",2006,Kazakhstan,CPC Blend - Kazakhstan,650
Source: Energy Intelligence,"COPYRIGHT © 2001-2021 ENERGY INTELLIGENCE GROUP, INC. / ENERGY INTELLIGENCE GROUP (UK) LIMITED.",2024,Saudi Arabia,Arab Medium,944
Source: Energy Intelligence,"COPYRIGHT © 2001-2021 ENERGY INTELLIGENCE GROUP, INC. / ENERGY INTELLIGENCE GROUP (UK) LIMITED.",2023,Saudi Arabia,Arab Medium,890
Source: Energy Intelligence,"COPYRIGHT © 2001-2021 ENERGY INTELLIGENCE GROUP, INC. / ENERGY INTELLIGENCE GROUP (UK) LIMITED.",2022,Saudi Arabia,Arab Medium,1139
Source: Energy Intelligence,"COPYRIGHT © 2001-2021 ENERGY INTELLIGENCE GROUP, INC. / ENERGY INTELLIGENCE GROUP (UK) LIMITED.",2021,Saudi Arabia,Arab Medium,1112
Source: Energy Intelligence,"COPYRIGHT © 2001-2021 ENERGY INTELLIGENCE GROUP, INC. / ENERGY INTELLIGENCE GROUP (UK) LIMITED.",2020,Saudi Arabia,Arab Medium,1098
Source: Energy Intelligence,"COPYRIGHT © 2001-2021 ENERGY INTELLIGENCE GROUP, INC. / ENERGY INTELLIGENCE GROUP (UK) LIMITED.",2019,Saudi Arabia,Arab Medium,1076
Source: Energy Intelligence,"COPYRIGHT © 2001-2021 ENERGY INTELLIGENCE GROUP, INC. / ENERGY INTELLIGENCE GROUP (UK) LIMITED.",2018,Saudi Arabia,Arab Medium,900
Source: Energy Intelligence,"COPYRIGHT © 2001-2021 ENERGY INTELLIGENCE GROUP, INC. / ENERGY INTELLIGENCE GROUP (UK) LIMITED.",2017,Saudi Arabia,Arab Medium,1100
Source: Energy Intelligence,"COPYRIGHT © 2001-2021 ENERGY INTELLIGENCE GROUP, INC. / ENERGY INTELLIGENCE GROUP (UK) LIMITED.",2016,Saudi Arabia,Arab Medium,1100
Source: Energy Intelligence,"COPYRIGHT © 2001-2021 ENERGY INTELLIGENCE GROUP, INC. / ENERGY INTELLIGENCE GROUP (UK) LIMITED.",2015,Saudi Arabia,Arab Medium,1000
Source: Energy Intelligence,"COPYRIGHT © 2001-2021 ENERGY INTELLIGENCE GROUP, INC. / ENERGY INTELLIGENCE GROUP (UK) LIMITED.",2014,Saudi Arabia,Arab Medium,850
Source: Energy Intelligence,"COPYRIGHT © 2001-2021 ENERGY INTELLIGENCE GROUP, INC. / ENERGY INTELLIGENCE GROUP (UK) LIMITED.",2013,Saudi Arabia,Arab Medium,850
Source: Energy Intelligence,"COPYRIGHT © 2001-2021 ENERGY INTELLIGENCE GROUP, INC. / ENERGY INTELLIGENCE GROUP (UK) LIMITED.",2012,Saudi Arabia,Arab Medium,850
Source: Energy Intelligence,"COPYRIGHT © 2001-2021 ENERGY INTELLIGENCE GROUP, INC. / ENERGY INTELLIGENCE GROUP (UK) LIMITED.",2011,Saudi Arabia,Arab Medium,800
Source: Energy Intelligence,"COPYRIGHT © 2001-2021 ENERGY INTELLIGENCE GROUP, INC. / ENERGY INTELLIGENCE GROUP (UK) LIMITED.",2010,Saudi Arabia,Arab Medium,800
Source: Energy Intelligence,"COPYRIGHT © 2001-2021 ENERGY INTELLIGENCE GROUP, INC. / ENERGY INTELLIGENCE GROUP (UK) LIMITED.",2009,Saudi Arabia,Arab Medium,800
Source: Energy Intelligence,"COPYRIGHT © 2001-2021 ENERGY INTELLIGENCE GROUP, INC. / ENERGY INTELLIGENCE GROUP (UK) LIMITED.",2008,Saudi Arabia,Arab Medium,950
Source: Energy Intelligence,"COPYRIGHT © 2001-2021 ENERGY INTELLIGENCE GROUP, INC. / ENERGY INTELLIGENCE GROUP (UK) LIMITED.",2007,Saudi Arabia,Arab Medium,950
Source: Energy Intelligence,"COPYRIGHT © 2001-2021 ENERGY INTELLIGENCE GROUP, INC. / ENERGY INTELLIGENCE GROUP (UK) LIMITED.",2006,Saudi Arabia,Arab Medium,950
Source: Energy Intelligence,"COPYRIGHT © 2001-2021 ENERGY INTELLIGENCE GROUP, INC. / ENERGY INTELLIGENCE GROUP (UK) LIMITED.",2024,Iraq,Basrah Heavy,1138
Source: Energy Intelligence,"COPYRIGHT © 2001-2021 ENERGY INTELLIGENCE GROUP, INC. / ENERGY INTELLIGENCE GROUP (UK) LIMITED.",2023,Iraq,Basrah Heavy,1087
Source: Energy Intelligence,"COPYRIGHT © 2001-2021 ENERGY INTELLIGENCE GROUP, INC. / ENERGY INTELLIGENCE GROUP (UK) LIMITED.",2022,Iraq,Basrah Heavy,1071
Source: Energy Intelligence,"COPYRIGHT © 2001-2021 ENERGY INTELLIGENCE GROUP, INC. / ENERGY INTELLIGENCE GROUP (UK) LIMITED.",2021,Iraq,Basrah Heavy,974
Source: Energy Intelligence,"COPYRIGHT © 2001-2021 ENERGY INTELLIGENCE GROUP, INC. / ENERGY INTELLIGENCE GROUP (UK) LIMITED.",2020,Iraq,Basrah Heavy,784
Source: Energy Intelligence,"COPYRIGHT © 2001-2021 ENERGY INTELLIGENCE GROUP, INC. / ENERGY INTELLIGENCE GROUP (UK) LIMITED.",2019,Iraq,Basrah Heavy,868
Source: Energy Intelligence,"COPYRIGHT © 2001-2021 ENERGY INTELLIGENCE GROUP, INC. / ENERGY INTELLIGENCE GROUP (UK) LIMITED.",2018,Iraq,Basrah Heavy,829
Source: Energy Intelligence,"COPYRIGHT © 2001-2021 ENERGY INTELLIGENCE GROUP, INC. / ENERGY INTELLIGENCE GROUP (UK) LIMITED.",2017,Iraq,Basrah Heavy,810
Source: Energy Intelligence,"COPYRIGHT © 2001-2021 ENERGY INTELLIGENCE GROUP, INC. / ENERGY INTELLIGENCE GROUP (UK) LIMITED.",2016,Iraq,Basrah Heavy,838
Source: Energy Intelligence,"COPYRIGHT © 2001-2021 ENERGY INTELLIGENCE GROUP, INC. / ENERGY INTELLIGENCE GROUP (UK) LIMITED.",2015,Iraq,Basrah Heavy,535
Source: Energy Intelligence,"COPYRIGHT © 2001-2021 ENERGY INTELLIGENCE GROUP, INC. / ENERGY INTELLIGENCE GROUP (UK) LIMITED.",2024,Saudi Arabia,Arab Heavy,881
Source: Energy Intelligence,"COPYRIGHT © 2001-2021 ENERGY INTELLIGENCE GROUP, INC. / ENERGY INTELLIGENCE GROUP (UK) LIMITED.",2023,Saudi Arabia,Arab Heavy,1091
Source: Energy Intelligence,"COPYRIGHT © 2001-2021 ENERGY INTELLIGENCE GROUP, INC. / ENERGY INTELLIGENCE GROUP (UK) LIMITED.",2022,Saudi Arabia,Arab Heavy,969
Source: Energy Intelligence,"COPYRIGHT © 2001-2021 ENERGY INTELLIGENCE GROUP, INC. / ENERGY INTELLIGENCE GROUP (UK) LIMITED.",2021,Saudi Arabia,Arab Heavy,997
Source: Energy Intelligence,"COPYRIGHT © 2001-2021 ENERGY INTELLIGENCE GROUP, INC. / ENERGY INTELLIGENCE GROUP (UK) LIMITED.",2020,Saudi Arabia,Arab Heavy,778
Source: Energy Intelligence,"COPYRIGHT © 2001-2021 ENERGY INTELLIGENCE GROUP, INC. / ENERGY INTELLIGENCE GROUP (UK) LIMITED.",2019,Saudi Arabia,Arab Heavy,816
Source: Energy Intelligence,"COPYRIGHT © 2001-2021 ENERGY INTELLIGENCE GROUP, INC. / ENERGY INTELLIGENCE GROUP (UK) LIMITED.",2018,Saudi Arabia,Arab Heavy,622
Source: Energy Intelligence,"COPYRIGHT © 2001-2021 ENERGY INTELLIGENCE GROUP, INC. / ENERGY INTELLIGENCE GROUP (UK) LIMITED.",2017,Saudi Arabia,Arab Heavy,822
Source: Energy Intelligence,"COPYRIGHT © 2001-2021 ENERGY INTELLIGENCE GROUP, INC. / ENERGY INTELLIGENCE GROUP (UK) LIMITED.",2016,Saudi Arabia,Arab Heavy,1111
Source: Energy Intelligence,"COPYRIGHT © 2001-2021 ENERGY INTELLIGENCE GROUP, INC. / ENERGY INTELLIGENCE GROUP (UK) LIMITED.",2015,Saudi Arabia,Arab Heavy,1000
Source: Energy Intelligence,"COPYRIGHT © 2001-2021 ENERGY INTELLIGENCE GROUP, INC. / ENERGY INTELLIGENCE GROUP (UK) LIMITED.",2014,Saudi Arabia,Arab Heavy,950
Source: Energy Intelligence,"COPYRIGHT © 2001-2021 ENERGY INTELLIGENCE GROUP, INC. / ENERGY INTELLIGENCE GROUP (UK) LIMITED.",2013,Saudi Arabia,Arab Heavy,880
Source: Energy Intelligence,"COPYRIGHT © 2001-2021 ENERGY INTELLIGENCE GROUP, INC. / ENERGY INTELLIGENCE GROUP (UK) LIMITED.",2012,Saudi Arabia,Arab Heavy,800
Source: Energy Intelligence,"COPYRIGHT © 2001-2021 ENERGY INTELLIGENCE GROUP, INC. / ENERGY INTELLIGENCE GROUP (UK) LIMITED.",2011,Saudi Arabia,Arab Heavy,800
Source: Energy Intelligence,"COPYRIGHT © 2001-2021 ENERGY INTELLIGENCE GROUP, INC. / ENERGY INTELLIGENCE GROUP (UK) LIMITED.",2010,Saudi Arabia,Arab Heavy,800
Source: Energy Intelligence,"COPYRIGHT © 2001-2021 ENERGY INTELLIGENCE GROUP, INC. / ENERGY INTELLIGENCE GROUP (UK) LIMITED.",2009,Saudi Arabia,Arab Heavy,800
Source: Energy Intelligence,"COPYRIGHT © 2001-2021 ENERGY INTELLIGENCE GROUP, INC. / ENERGY INTELLIGENCE GROUP (UK) LIMITED.",2008,Saudi Arabia,Arab Heavy,900
Source: Energy Intelligence,"COPYRIGHT © 2001-2021 ENERGY INTELLIGENCE GROUP, INC. / ENERGY INTELLIGENCE GROUP (UK) LIMITED.",2007,Saudi Arabia,Arab Heavy,900
Source: Energy Intelligence,"COPYRIGHT © 2001-2021 ENERGY INTELLIGENCE GROUP, INC. / ENERGY INTELLIGENCE GROUP (UK) LIMITED.",2006,Saudi Arabia,Arab Heavy,900
Source: Energy Intelligence,"COPYRIGHT © 2001-2021 ENERGY INTELLIGENCE GROUP, INC. / ENERGY INTELLIGENCE GROUP (UK) LIMITED.",2024,Oman,Oman,845
Source: Energy Intelligence,"COPYRIGHT © 2001-2021 ENERGY INTELLIGENCE GROUP, INC. / ENERGY INTELLIGENCE GROUP (UK) LIMITED.",2023,Oman,Oman,850
Source: Energy Intelligence,"COPYRIGHT © 2001-2021 ENERGY INTELLIGENCE GROUP, INC. / ENERGY INTELLIGENCE GROUP (UK) LIMITED.",2022,Oman,Oman,875.57
Source: Energy Intelligence,"COPYRIGHT © 2001-2021 ENERGY INTELLIGENCE GROUP, INC. / ENERGY INTELLIGENCE GROUP (UK) LIMITED.",2021,Oman,Oman,790.95
Source: Energy Intelligence,"COPYRIGHT © 2001-2021 ENERGY INTELLIGENCE GROUP, INC. / ENERGY INTELLIGENCE GROUP (UK) LIMITED.",2020,Oman,Oman,780.87
Source: Energy Intelligence,"COPYRIGHT © 2001-2021 ENERGY INTELLIGENCE GROUP, INC. / ENERGY INTELLIGENCE GROUP (UK) LIMITED.",2019,Oman,Oman,849
Source: Energy Intelligence,"COPYRIGHT © 2001-2021 ENERGY INTELLIGENCE GROUP, INC. / ENERGY INTELLIGENCE GROUP (UK) LIMITED.",2018,Oman,Oman,793
Source: Energy Intelligence,"COPYRIGHT © 2001-2021 ENERGY INTELLIGENCE GROUP, INC. / ENERGY INTELLIGENCE GROUP (UK) LIMITED.",2017,Oman,Oman,806.11
Source: Energy Intelligence,"COPYRIGHT © 2001-2021 ENERGY INTELLIGENCE GROUP, INC. / ENERGY INTELLIGENCE GROUP (UK) LIMITED.",2016,Oman,Oman,882
Source: Energy Intelligence,"COPYRIGHT © 2001-2021 ENERGY INTELLIGENCE GROUP, INC. / ENERGY INTELLIGENCE GROUP (UK) LIMITED.",2015,Oman,Oman,788
Source: Energy Intelligence,"COPYRIGHT © 2001-2021 ENERGY INTELLIGENCE GROUP, INC. / ENERGY INTELLIGENCE GROUP (UK) LIMITED.",2014,Oman,Oman,800
Source: Energy Intelligence,"COPYRIGHT © 2001-2021 ENERGY INTELLIGENCE GROUP, INC. / ENERGY INTELLIGENCE GROUP (UK) LIMITED.",2013,Oman,Oman,838
Source: Energy Intelligence,"COPYRIGHT © 2001-2021 ENERGY INTELLIGENCE GROUP, INC. / ENERGY INTELLIGENCE GROUP (UK) LIMITED.",2012,Oman,Oman,768
Source: Energy Intelligence,"COPYRIGHT © 2001-2021 ENERGY INTELLIGENCE GROUP, INC. / ENERGY INTELLIGENCE GROUP (UK) LIMITED.",2011,Oman,Oman,738
Source: Energy Intelligence,"COPYRIGHT © 2001-2021 ENERGY INTELLIGENCE GROUP, INC. / ENERGY INTELLIGENCE GROUP (UK) LIMITED.",2010,Oman,Oman,736
Source: Energy Intelligence,"COPYRIGHT © 2001-2021 ENERGY INTELLIGENCE GROUP, INC. / ENERGY INTELLIGENCE GROUP (UK) LIMITED.",2009,Oman,Oman,665
Source: Energy Intelligence,"COPYRIGHT © 2001-2021 ENERGY INTELLIGENCE GROUP, INC. / ENERGY INTELLIGENCE GROUP (UK) LIMITED.",2008,Oman,Oman,596
Source: Energy Intelligence,"COPYRIGHT © 2001-2021 ENERGY INTELLIGENCE GROUP, INC. / ENERGY INTELLIGENCE GROUP (UK) LIMITED.",2007,Oman,Oman,608.22
Source: Energy Intelligence,"COPYRIGHT © 2001-2021 ENERGY INTELLIGENCE GROUP, INC. / ENERGY INTELLIGENCE GROUP (UK) LIMITED.",2006,Oman,Oman,638.36
Source: Energy Intelligence,"COPYRIGHT © 2001-2021 ENERGY INTELLIGENCE GROUP, INC. / ENERGY INTELLIGENCE GROUP (UK) LIMITED.",2024,Iran,Iran Heavy,782.46
Source: Energy Intelligence,"COPYRIGHT © 2001-2021 ENERGY INTELLIGENCE GROUP, INC. / ENERGY INTELLIGENCE GROUP (UK) LIMITED.",2023,Iran,Iran Heavy,652.05
Source: Energy Intelligence,"COPYRIGHT © 2001-2021 ENERGY INTELLIGENCE GROUP, INC. / ENERGY INTELLIGENCE GROUP (UK) LIMITED.",2022,Iran,Iran Heavy,465.75
Source: Energy Intelligence,"COPYRIGHT © 2001-2021 ENERGY INTELLIGENCE GROUP, INC. / ENERGY INTELLIGENCE GROUP (UK) LIMITED.",2021,Iran,Iran Heavy,345
Source: Energy Intelligence,"COPYRIGHT © 2001-2021 ENERGY INTELLIGENCE GROUP, INC. / ENERGY INTELLIGENCE GROUP (UK) LIMITED.",2020,Iran,Iran Heavy,215
Source: Energy Intelligence,"COPYRIGHT © 2001-2021 ENERGY INTELLIGENCE GROUP, INC. / ENERGY INTELLIGENCE GROUP (UK) LIMITED.",2019,Iran,Iran Heavy,300
Source: Energy Intelligence,"COPYRIGHT © 2001-2021 ENERGY INTELLIGENCE GROUP, INC. / ENERGY INTELLIGENCE GROUP (UK) LIMITED.",2018,Iran,Iran Heavy,862
Source: Energy Intelligence,"COPYRIGHT © 2001-2021 ENERGY INTELLIGENCE GROUP, INC. / ENERGY INTELLIGENCE GROUP (UK) LIMITED.",2017,Iran,Iran Heavy,1120
Source: Energy Intelligence,"COPYRIGHT © 2001-2021 ENERGY INTELLIGENCE GROUP, INC. / ENERGY INTELLIGENCE GROUP (UK) LIMITED.",2016,Iran,Iran Heavy,900
Source: Energy Intelligence,"COPYRIGHT © 2001-2021 ENERGY INTELLIGENCE GROUP, INC. / ENERGY INTELLIGENCE GROUP (UK) LIMITED.",2015,Iran,Iran Heavy,560
Source: Energy Intelligence,"COPYRIGHT © 2001-2021 ENERGY INTELLIGENCE GROUP, INC. / ENERGY INTELLIGENCE GROUP (UK) LIMITED.",2014,Iran,Iran Heavy,600
Source: Energy Intelligence,"COPYRIGHT © 2001-2021 ENERGY INTELLIGENCE GROUP, INC. / ENERGY INTELLIGENCE GROUP (UK) LIMITED.",2013,Iran,Iran Heavy,560
Source: Energy Intelligence,"COPYRIGHT © 2001-2021 ENERGY INTELLIGENCE GROUP, INC. / ENERGY INTELLIGENCE GROUP (UK) LIMITED.",2012,Iran,Iran Heavy,750
Source: Energy Intelligence,"COPYRIGHT © 2001-2021 ENERGY INTELLIGENCE GROUP, INC. / ENERGY INTELLIGENCE GROUP (UK) LIMITED.",2011,Iran,Iran Heavy,1235
Source: Energy Intelligence,"COPYRIGHT © 2001-2021 ENERGY INTELLIGENCE GROUP, INC. / ENERGY INTELLIGENCE GROUP (UK) LIMITED.",2010,Iran,Iran Heavy,1000
Source: Energy Intelligence,"COPYRIGHT © 2001-2021 ENERGY INTELLIGENCE GROUP, INC. / ENERGY INTELLIGENCE GROUP (UK) LIMITED.",2009,Iran,Iran Heavy,1000
Source: Energy Intelligence,"COPYRIGHT © 2001-2021 ENERGY INTELLIGENCE GROUP, INC. / ENERGY INTELLIGENCE GROUP (UK) LIMITED.",2008,Iran,Iran Heavy,1000
Source: Energy Intelligence,"COPYRIGHT © 2001-2021 ENERGY INTELLIGENCE GROUP, INC. / ENERGY INTELLIGENCE GROUP (UK) LIMITED.",2007,Iran,Iran Heavy,1000
Source: Energy Intelligence,"COPYRIGHT © 2001-2021 ENERGY INTELLIGENCE GROUP, INC. / ENERGY INTELLIGENCE GROUP (UK) LIMITED.",2006,Iran,Iran Heavy,1000
Source: Energy Intelligence,"COPYRIGHT © 2001-2021 ENERGY INTELLIGENCE GROUP, INC. / ENERGY INTELLIGENCE GROUP (UK) LIMITED.",2024,Abu Dhabi,Upper Zakum,839
Source: Energy Intelligence,"COPYRIGHT © 2001-2021 ENERGY INTELLIGENCE GROUP, INC. / ENERGY INTELLIGENCE GROUP (UK) LIMITED.",2023,Abu Dhabi,Upper Zakum,900
Source: Energy Intelligence,"COPYRIGHT © 2001-2021 ENERGY INTELLIGENCE GROUP, INC. / ENERGY INTELLIGENCE GROUP (UK) LIMITED.",2022,Abu Dhabi,Upper Zakum,890
Source: Energy Intelligence,"COPYRIGHT © 2001-2021 ENERGY INTELLIGENCE GROUP, INC. / ENERGY INTELLIGENCE GROUP (UK) LIMITED.",2021,Abu Dhabi,Upper Zakum,750
Source: Energy Intelligence,"COPYRIGHT © 2001-2021 ENERGY INTELLIGENCE GROUP, INC. / ENERGY INTELLIGENCE GROUP (UK) LIMITED.",2020,Abu Dhabi,Upper Zakum,640
Source: Energy Intelligence,"COPYRIGHT © 2001-2021 ENERGY INTELLIGENCE GROUP, INC. / ENERGY INTELLIGENCE GROUP (UK) LIMITED.",2019,Abu Dhabi,Upper Zakum,695
Source: Energy Intelligence,"COPYRIGHT © 2001-2021 ENERGY INTELLIGENCE GROUP, INC. / ENERGY INTELLIGENCE GROUP (UK) LIMITED.",2018,Abu Dhabi,Upper Zakum,675
Source: Energy Intelligence,"COPYRIGHT © 2001-2021 ENERGY INTELLIGENCE GROUP, INC. / ENERGY INTELLIGENCE GROUP (UK) LIMITED.",2017,Abu Dhabi,Upper Zakum,675
Source: Energy Intelligence,"COPYRIGHT © 2001-2021 ENERGY INTELLIGENCE GROUP, INC. / ENERGY INTELLIGENCE GROUP (UK) LIMITED.",2016,Abu Dhabi,Upper Zakum,635
Source: Energy Intelligence,"COPYRIGHT © 2001-2021 ENERGY INTELLIGENCE GROUP, INC. / ENERGY INTELLIGENCE GROUP (UK) LIMITED.",2015,Abu Dhabi,Upper Zakum,614
Source: Energy Intelligence,"COPYRIGHT © 2001-2021 ENERGY INTELLIGENCE GROUP, INC. / ENERGY INTELLIGENCE GROUP (UK) LIMITED.",2014,Abu Dhabi,Upper Zakum,590
Source: Energy Intelligence,"COPYRIGHT © 2001-2021 ENERGY INTELLIGENCE GROUP, INC. / ENERGY INTELLIGENCE GROUP (UK) LIMITED.",2013,Abu Dhabi,Upper Zakum,550
Source: Energy Intelligence,"COPYRIGHT © 2001-2021 ENERGY INTELLIGENCE GROUP, INC. / ENERGY INTELLIGENCE GROUP (UK) LIMITED.",2012,Abu Dhabi,Upper Zakum,525
Source: Energy Intelligence,"COPYRIGHT © 2001-2021 ENERGY INTELLIGENCE GROUP, INC. / ENERGY INTELLIGENCE GROUP (UK) LIMITED.",2011,Abu Dhabi,Upper Zakum,500
Source: Energy Intelligence,"COPYRIGHT © 2001-2021 ENERGY INTELLIGENCE GROUP, INC. / ENERGY INTELLIGENCE GROUP (UK) LIMITED.",2010,Abu Dhabi,Upper Zakum,500
Source: Energy Intelligence,"COPYRIGHT © 2001-2021 ENERGY INTELLIGENCE GROUP, INC. / ENERGY INTELLIGENCE GROUP (UK) LIMITED.",2009,Abu Dhabi,Upper Zakum,455
Source: Energy Intelligence,"COPYRIGHT © 2001-2021 ENERGY INTELLIGENCE GROUP, INC. / ENERGY INTELLIGENCE GROUP (UK) LIMITED.",2008,Abu Dhabi,Upper Zakum,520
Source: Energy Intelligence,"COPYRIGHT © 2001-2021 ENERGY INTELLIGENCE GROUP, INC. / ENERGY INTELLIGENCE GROUP (UK) LIMITED.",2007,Abu Dhabi,Upper Zakum,520
Source: Energy Intelligence,"COPYRIGHT © 2001-2021 ENERGY INTELLIGENCE GROUP, INC. / ENERGY INTELLIGENCE GROUP (UK) LIMITED.",2006,Abu Dhabi,Upper Zakum,535
Source: Energy Intelligence,"COPYRIGHT © 2001-2021 ENERGY INTELLIGENCE GROUP, INC. / ENERGY INTELLIGENCE GROUP (UK) LIMITED.",2024,Abu Dhabi,Das Blend,648
Source: Energy Intelligence,"COPYRIGHT © 2001-2021 ENERGY INTELLIGENCE GROUP, INC. / ENERGY INTELLIGENCE GROUP (UK) LIMITED.",2023,Abu Dhabi,Das Blend,663
Source: Energy Intelligence,"COPYRIGHT © 2001-2021 ENERGY INTELLIGENCE GROUP, INC. / ENERGY INTELLIGENCE GROUP (UK) LIMITED.",2022,Abu Dhabi,Das Blend,672.4
Source: Energy Intelligence,"COPYRIGHT © 2001-2021 ENERGY INTELLIGENCE GROUP, INC. / ENERGY INTELLIGENCE GROUP (UK) LIMITED.",2021,Abu Dhabi,Das Blend,595
Source: Energy Intelligence,"COPYRIGHT © 2001-2021 ENERGY INTELLIGENCE GROUP, INC. / ENERGY INTELLIGENCE GROUP (UK) LIMITED.",2020,Abu Dhabi,Das Blend,604.92
Source: Energy Intelligence,"COPYRIGHT © 2001-2021 ENERGY INTELLIGENCE GROUP, INC. / ENERGY INTELLIGENCE GROUP (UK) LIMITED.",2019,Abu Dhabi,Das Blend,620
Source: Energy Intelligence,"COPYRIGHT © 2001-2021 ENERGY INTELLIGENCE GROUP, INC. / ENERGY INTELLIGENCE GROUP (UK) LIMITED.",2018,Abu Dhabi,Das Blend,600
Source: Energy Intelligence,"COPYRIGHT © 2001-2021 ENERGY INTELLIGENCE GROUP, INC. / ENERGY INTELLIGENCE GROUP (UK) LIMITED.",2017,Abu Dhabi,Das Blend,600
Source: Energy Intelligence,"COPYRIGHT © 2001-2021 ENERGY INTELLIGENCE GROUP, INC. / ENERGY INTELLIGENCE GROUP (UK) LIMITED.",2016,Abu Dhabi,Das Blend,600
Source: Energy Intelligence,"COPYRIGHT © 2001-2021 ENERGY INTELLIGENCE GROUP, INC. / ENERGY INTELLIGENCE GROUP (UK) LIMITED.",2015,Abu Dhabi,Das Blend,582
Source: Energy Intelligence,"COPYRIGHT © 2001-2021 ENERGY INTELLIGENCE GROUP, INC. / ENERGY INTELLIGENCE GROUP (UK) LIMITED.",2014,Abu Dhabi,Das Blend,318
Source: Energy Intelligence,"COPYRIGHT © 2001-2021 ENERGY INTELLIGENCE GROUP, INC. / ENERGY INTELLIGENCE GROUP (UK) LIMITED.",2024,Azerbaijan,Azeri (BTC),438
Source: Energy Intelligence,"COPYRIGHT © 2001-2021 ENERGY INTELLIGENCE GROUP, INC. / ENERGY INTELLIGENCE GROUP (UK) LIMITED.",2023,Azerbaijan,Azeri (BTC),456.15
Source: Energy Intelligence,"COPYRIGHT © 2001-2021 ENERGY INTELLIGENCE GROUP, INC. / ENERGY INTELLIGENCE GROUP (UK) LIMITED.",2022,Azerbaijan,Azeri (BTC),486.7
Source: Energy Intelligence,"COPYRIGHT © 2001-2021 ENERGY INTELLIGENCE GROUP, INC. / ENERGY INTELLIGENCE GROUP (UK) LIMITED.",2021,Azerbaijan,Azeri (BTC),444.3
Source: Energy Intelligence,"COPYRIGHT © 2001-2021 ENERGY INTELLIGENCE GROUP, INC. / ENERGY INTELLIGENCE GROUP (UK) LIMITED.",2020,Azerbaijan,Azeri (BTC),459.5
Source: Energy Intelligence,"COPYRIGHT © 2001-2021 ENERGY INTELLIGENCE GROUP, INC. / ENERGY INTELLIGENCE GROUP (UK) LIMITED.",2019,Azerbaijan,Azeri (BTC),520.1
Source: Energy Intelligence,"COPYRIGHT © 2001-2021 ENERGY INTELLIGENCE GROUP, INC. / ENERGY INTELLIGENCE GROUP (UK) LIMITED.",2018,Azerbaijan,Azeri (BTC),539.1
Source: Energy Intelligence,"COPYRIGHT © 2001-2021 ENERGY INTELLIGENCE GROUP, INC. / ENERGY INTELLIGENCE GROUP (UK) LIMITED.",2017,Azerbaijan,Azeri (BTC),531.6
Source: Energy Intelligence,"COPYRIGHT © 2001-2021 ENERGY INTELLIGENCE GROUP, INC. / ENERGY INTELLIGENCE GROUP (UK) LIMITED.",2016,Azerbaijan,Azeri (BTC),558.2
Source: Energy Intelligence,"COPYRIGHT © 2001-2021 ENERGY INTELLIGENCE GROUP, INC. / ENERGY INTELLIGENCE GROUP (UK) LIMITED.",2015,Azerbaijan,Azeri (BTC),565.5
Source: Energy Intelligence,"COPYRIGHT © 2001-2021 ENERGY INTELLIGENCE GROUP, INC. / ENERGY INTELLIGENCE GROUP (UK) LIMITED.",2014,Azerbaijan,Azeri (BTC),565
Source: Energy Intelligence,"COPYRIGHT © 2001-2021 ENERGY INTELLIGENCE GROUP, INC. / ENERGY INTELLIGENCE GROUP (UK) LIMITED.",2013,Azerbaijan,Azeri (BTC),572.6
Source: Energy Intelligence,"COPYRIGHT © 2001-2021 ENERGY INTELLIGENCE GROUP, INC. / ENERGY INTELLIGENCE GROUP (UK) LIMITED.",2012,Azerbaijan,Azeri (BTC),672
Source: Energy Intelligence,"COPYRIGHT © 2001-2021 ENERGY INTELLIGENCE GROUP, INC. / ENERGY INTELLIGENCE GROUP (UK) LIMITED.",2011,Azerbaijan,Azeri (BTC),646.65
Source: Energy Intelligence,"COPYRIGHT © 2001-2021 ENERGY INTELLIGENCE GROUP, INC. / ENERGY INTELLIGENCE GROUP (UK) LIMITED.",2010,Azerbaijan,Azeri (BTC),783
Source: Energy Intelligence,"COPYRIGHT © 2001-2021 ENERGY INTELLIGENCE GROUP, INC. / ENERGY INTELLIGENCE GROUP (UK) LIMITED.",2009,Azerbaijan,Azeri (BTC),780
Source: Energy Intelligence,"COPYRIGHT © 2001-2021 ENERGY INTELLIGENCE GROUP, INC. / ENERGY INTELLIGENCE GROUP (UK) LIMITED.",2008,Azerbaijan,Azeri (BTC),648
Source: Energy Intelligence,"COPYRIGHT © 2001-2021 ENERGY INTELLIGENCE GROUP, INC. / ENERGY INTELLIGENCE GROUP (UK) LIMITED.",2007,Azerbaijan,Azeri (BTC),608
Source: Energy Intelligence,"COPYRIGHT © 2001-2021 ENERGY INTELLIGENCE GROUP, INC. / ENERGY INTELLIGENCE GROUP (UK) LIMITED.",2006,Azerbaijan,Azeri (BTC),200
Source: Energy Intelligence,"COPYRIGHT © 2001-2021 ENERGY INTELLIGENCE GROUP, INC. / ENERGY INTELLIGENCE GROUP (UK) LIMITED.",2024,Venezuela,Other Crudes - Venezuela,0
Source: Energy Intelligence,"COPYRIGHT © 2001-2021 ENERGY INTELLIGENCE GROUP, INC. / ENERGY INTELLIGENCE GROUP (UK) LIMITED.",2023,Venezuela,Other Crudes - Venezuela,0
Source: Energy Intelligence,"COPYRIGHT © 2001-2021 ENERGY INTELLIGENCE GROUP, INC. / ENERGY INTELLIGENCE GROUP (UK) LIMITED.",2022,Venezuela,Other Crudes - Venezuela,15
Source: Energy Intelligence,"COPYRIGHT © 2001-2021 ENERGY INTELLIGENCE GROUP, INC. / ENERGY INTELLIGENCE GROUP (UK) LIMITED.",2021,Venezuela,Other Crudes - Venezuela,21
Source: Energy Intelligence,"COPYRIGHT © 2001-2021 ENERGY INTELLIGENCE GROUP, INC. / ENERGY INTELLIGENCE GROUP (UK) LIMITED.",2020,Venezuela,Other Crudes - Venezuela,7.56
Source: Energy Intelligence,"COPYRIGHT © 2001-2021 ENERGY INTELLIGENCE GROUP, INC. / ENERGY INTELLIGENCE GROUP (UK) LIMITED.",2019,Venezuela,Other Crudes - Venezuela,157.85
Source: Energy Intelligence,"COPYRIGHT © 2001-2021 ENERGY INTELLIGENCE GROUP, INC. / ENERGY INTELLIGENCE GROUP (UK) LIMITED.",2018,Venezuela,Other Crudes - Venezuela,235.57
Source: Energy Intelligence,"COPYRIGHT © 2001-2021 ENERGY INTELLIGENCE GROUP, INC. / ENERGY INTELLIGENCE GROUP (UK) LIMITED.",2017,Venezuela,Other Crudes - Venezuela,584.57
Source: Energy Intelligence,"COPYRIGHT © 2001-2021 ENERGY INTELLIGENCE GROUP, INC. / ENERGY INTELLIGENCE GROUP (UK) LIMITED.",2016,Venezuela,Other Crudes - Venezuela,824.13
Source: Energy Intelligence,"COPYRIGHT © 2001-2021 ENERGY INTELLIGENCE GROUP, INC. / ENERGY INTELLIGENCE GROUP (UK) LIMITED.",2015,Venezuela,Other Crudes - Venezuela,785.02
Source: Energy Intelligence,"COPYRIGHT © 2001-2021 ENERGY INTELLIGENCE GROUP, INC. / ENERGY INTELLIGENCE GROUP (UK) LIMITED.",2014,Venezuela,Other Crudes - Venezuela,603.84
Source: Energy Intelligence,"COPYRIGHT © 2001-2021 ENERGY INTELLIGENCE GROUP, INC. / ENERGY INTELLIGENCE GROUP (UK) LIMITED.",2013,Venezuela,Other Crudes - Venezuela,586.32
Source: Energy Intelligence,"COPYRIGHT © 2001-2021 ENERGY INTELLIGENCE GROUP, INC. / ENERGY INTELLIGENCE GROUP (UK) LIMITED.",2012,Venezuela,Other Crudes - Venezuela,406.6
Source: Energy Intelligence,"COPYRIGHT © 2001-2021 ENERGY INTELLIGENCE GROUP, INC. / ENERGY INTELLIGENCE GROUP (UK) LIMITED.",2011,Venezuela,Other Crudes - Venezuela,242.97
Source: Energy Intelligence,"COPYRIGHT © 2001-2021 ENERGY INTELLIGENCE GROUP, INC. / ENERGY INTELLIGENCE GROUP (UK) LIMITED.",2010,Venezuela,Other Crudes - Venezuela,658
Source: Energy Intelligence,"COPYRIGHT © 2001-2021 ENERGY INTELLIGENCE GROUP, INC. / ENERGY INTELLIGENCE GROUP (UK) LIMITED.",2009,Venezuela,Other Crudes - Venezuela,848.21
Source: Energy Intelligence,"COPYRIGHT © 2001-2021 ENERGY INTELLIGENCE GROUP, INC. / ENERGY INTELLIGENCE GROUP (UK) LIMITED.",2008,Venezuela,Other Crudes - Venezuela,791.11
Source: Energy Intelligence,"COPYRIGHT © 2001-2021 ENERGY INTELLIGENCE GROUP, INC. / ENERGY INTELLIGENCE GROUP (UK) LIMITED.",2007,Venezuela,Other Crudes - Venezuela,1414.8
Source: Energy Intelligence,"COPYRIGHT © 2001-2021 ENERGY INTELLIGENCE GROUP, INC. / ENERGY INTELLIGENCE GROUP (UK) LIMITED.",2006,Venezuela,Other Crudes - Venezuela,2104
Source: Energy Intelligence,"COPYRIGHT © 2001-2021 ENERGY INTELLIGENCE GROUP, INC. / ENERGY INTELLIGENCE GROUP (UK) LIMITED.",2024,Algeria,Saharan Blend,339.4
Source: Energy Intelligence,"COPYRIGHT © 2001-2021 ENERGY INTELLIGENCE GROUP, INC. / ENERGY INTELLIGENCE GROUP (UK) LIMITED.",2023,Algeria,Saharan Blend,367.1
Source: Energy Intelligence,"COPYRIGHT © 2001-2021 ENERGY INTELLIGENCE GROUP, INC. / ENERGY INTELLIGENCE GROUP (UK) LIMITED.",2022,Algeria,Saharan Blend,384.38
Source: Energy Intelligence,"COPYRIGHT © 2001-2021 ENERGY INTELLIGENCE GROUP, INC. / ENERGY INTELLIGENCE GROUP (UK) LIMITED.",2021,Algeria,Saharan Blend,342.19
Source: Energy Intelligence,"COPYRIGHT © 2001-2021 ENERGY INTELLIGENCE GROUP, INC. / ENERGY INTELLIGENCE GROUP (UK) LIMITED.",2020,Algeria,Saharan Blend,357.35
Source: Energy Intelligence,"COPYRIGHT © 2001-2021 ENERGY INTELLIGENCE GROUP, INC. / ENERGY INTELLIGENCE GROUP (UK) LIMITED.",2019,Algeria,Saharan Blend,406.64
Source: Energy Intelligence,"COPYRIGHT © 2001-2021 ENERGY INTELLIGENCE GROUP, INC. / ENERGY INTELLIGENCE GROUP (UK) LIMITED.",2018,Algeria,Saharan Blend,402.91
Source: Energy Intelligence,"COPYRIGHT © 2001-2021 ENERGY INTELLIGENCE GROUP, INC. / ENERGY INTELLIGENCE GROUP (UK) LIMITED.",2017,Algeria,Saharan Blend,414.91
Source: Energy Intelligence,"COPYRIGHT © 2001-2021 ENERGY INTELLIGENCE GROUP, INC. / ENERGY INTELLIGENCE GROUP (UK) LIMITED.",2016,Algeria,Saharan Blend,421.35
Source: Energy Intelligence,"COPYRIGHT © 2001-2021 ENERGY INTELLIGENCE GROUP, INC. / ENERGY INTELLIGENCE GROUP (UK) LIMITED.",2015,Algeria,Saharan Blend,463.04
Source: Energy Intelligence,"COPYRIGHT © 2001-2021 ENERGY INTELLIGENCE GROUP, INC. / ENERGY INTELLIGENCE GROUP (UK) LIMITED.",2014,Algeria,Saharan Blend,465.54
Source: Energy Intelligence,"COPYRIGHT © 2001-2021 ENERGY INTELLIGENCE GROUP, INC. / ENERGY INTELLIGENCE GROUP (UK) LIMITED.",2013,Algeria,Saharan Blend,588
Source: Energy Intelligence,"COPYRIGHT © 2001-2021 ENERGY INTELLIGENCE GROUP, INC. / ENERGY INTELLIGENCE GROUP (UK) LIMITED.",2012,Algeria,Saharan Blend,635
Source: Energy Intelligence,"COPYRIGHT © 2001-2021 ENERGY INTELLIGENCE GROUP, INC. / ENERGY INTELLIGENCE GROUP (UK) LIMITED.",2011,Algeria,Saharan Blend,618
Source: Energy Intelligence,"COPYRIGHT © 2001-2021 ENERGY INTELLIGENCE GROUP, INC. / ENERGY INTELLIGENCE GROUP (UK) LIMITED.",2010,Algeria,Saharan Blend,630
Source: Energy Intelligence,"COPYRIGHT © 2001-2021 ENERGY INTELLIGENCE GROUP, INC. / ENERGY INTELLIGENCE GROUP (UK) LIMITED.",2009,Algeria,Saharan Blend,730
Source: Energy Intelligence,"COPYRIGHT © 2001-2021 ENERGY INTELLIGENCE GROUP, INC. / ENERGY INTELLIGENCE GROUP (UK) LIMITED.",2008,Algeria,Saharan Blend,820
Source: Energy Intelligence,"COPYRIGHT © 2001-2021 ENERGY INTELLIGENCE GROUP, INC. / ENERGY INTELLIGENCE GROUP (UK) LIMITED.",2007,Algeria,Saharan Blend,875
Source: Energy Intelligence,"COPYRIGHT © 2001-2021 ENERGY INTELLIGENCE GROUP, INC. / ENERGY INTELLIGENCE GROUP (UK) LIMITED.",2006,Algeria,Saharan Blend,910
Source: Energy Intelligence,"COPYRIGHT © 2001-2021 ENERGY INTELLIGENCE GROUP, INC. / ENERGY INTELLIGENCE GROUP (UK) LIMITED.",2024,Iran,Iran Light,625.48
Source: Energy Intelligence,"COPYRIGHT © 2001-2021 ENERGY INTELLIGENCE GROUP, INC. / ENERGY INTELLIGENCE GROUP (UK) LIMITED.",2023,Iran,Iran Light,521.24
Source: Energy Intelligence,"COPYRIGHT © 2001-2021 ENERGY INTELLIGENCE GROUP, INC. / ENERGY INTELLIGENCE GROUP (UK) LIMITED.",2022,Iran,Iran Light,364.5
Source: Energy Intelligence,"COPYRIGHT © 2001-2021 ENERGY INTELLIGENCE GROUP, INC. / ENERGY INTELLIGENCE GROUP (UK) LIMITED.",2021,Iran,Iran Light,270
Source: Energy Intelligence,"COPYRIGHT © 2001-2021 ENERGY INTELLIGENCE GROUP, INC. / ENERGY INTELLIGENCE GROUP (UK) LIMITED.",2020,Iran,Iran Light,75
Source: Energy Intelligence,"COPYRIGHT © 2001-2021 ENERGY INTELLIGENCE GROUP, INC. / ENERGY INTELLIGENCE GROUP (UK) LIMITED.",2019,Iran,Iran Light,140
Source: Energy Intelligence,"COPYRIGHT © 2001-2021 ENERGY INTELLIGENCE GROUP, INC. / ENERGY INTELLIGENCE GROUP (UK) LIMITED.",2018,Iran,Iran Light,589
Source: Energy Intelligence,"COPYRIGHT © 2001-2021 ENERGY INTELLIGENCE GROUP, INC. / ENERGY INTELLIGENCE GROUP (UK) LIMITED.",2017,Iran,Iran Light,837
Source: Energy Intelligence,"COPYRIGHT © 2001-2021 ENERGY INTELLIGENCE GROUP, INC. / ENERGY INTELLIGENCE GROUP (UK) LIMITED.",2016,Iran,Iran Light,750
Source: Energy Intelligence,"COPYRIGHT © 2001-2021 ENERGY INTELLIGENCE GROUP, INC. / ENERGY INTELLIGENCE GROUP (UK) LIMITED.",2015,Iran,Iran Light,300
Source: Energy Intelligence,"COPYRIGHT © 2001-2021 ENERGY INTELLIGENCE GROUP, INC. / ENERGY INTELLIGENCE GROUP (UK) LIMITED.",2014,Iran,Iran Light,330
Source: Energy Intelligence,"COPYRIGHT © 2001-2021 ENERGY INTELLIGENCE GROUP, INC. / ENERGY INTELLIGENCE GROUP (UK) LIMITED.",2013,Iran,Iran Light,310
Source: Energy Intelligence,"COPYRIGHT © 2001-2021 ENERGY INTELLIGENCE GROUP, INC. / ENERGY INTELLIGENCE GROUP (UK) LIMITED.",2012,Iran,Iran Light,428
Source: Energy Intelligence,"COPYRIGHT © 2001-2021 ENERGY INTELLIGENCE GROUP, INC. / ENERGY INTELLIGENCE GROUP (UK) LIMITED.",2011,Iran,Iran Light,730
Source: Energy Intelligence,"COPYRIGHT © 2001-2021 ENERGY INTELLIGENCE GROUP, INC. / ENERGY INTELLIGENCE GROUP (UK) LIMITED.",2010,Iran,Iran Light,700
Source: Energy Intelligence,"COPYRIGHT © 2001-2021 ENERGY INTELLIGENCE GROUP, INC. / ENERGY INTELLIGENCE GROUP (UK) LIMITED.",2009,Iran,Iran Light,700
Source: Energy Intelligence,"COPYRIGHT © 2001-2021 ENERGY INTELLIGENCE GROUP, INC. / ENERGY INTELLIGENCE GROUP (UK) LIMITED.",2008,Iran,Iran Light,800
Source: Energy Intelligence,"COPYRIGHT © 2001-2021 ENERGY INTELLIGENCE GROUP, INC. / ENERGY INTELLIGENCE GROUP (UK) LIMITED.",2007,Iran,Iran Light,800
Source: Energy Intelligence,"COPYRIGHT © 2001-2021 ENERGY INTELLIGENCE GROUP, INC. / ENERGY INTELLIGENCE GROUP (UK) LIMITED.",2006,Iran,Iran Light,815
Source: Energy Intelligence,"COPYRIGHT © 2001-2021 ENERGY INTELLIGENCE GROUP, INC. / ENERGY INTELLIGENCE GROUP (UK) LIMITED.",2024,Norway,Johan Sverdrup,714
Source: Energy Intelligence,"COPYRIGHT © 2001-2021 ENERGY INTELLIGENCE GROUP, INC. / ENERGY INTELLIGENCE GROUP (UK) LIMITED.",2023,Norway,Johan Sverdrup,711
Source: Energy Intelligence,"COPYRIGHT © 2001-2021 ENERGY INTELLIGENCE GROUP, INC. / ENERGY INTELLIGENCE GROUP (UK) LIMITED.",2022,Norway,Johan Sverdrup,503.4
Source: Energy Intelligence,"COPYRIGHT © 2001-2021 ENERGY INTELLIGENCE GROUP, INC. / ENERGY INTELLIGENCE GROUP (UK) LIMITED.",2021,Norway,Johan Sverdrup,510.71
Source: Energy Intelligence,"COPYRIGHT © 2001-2021 ENERGY INTELLIGENCE GROUP, INC. / ENERGY INTELLIGENCE GROUP (UK) LIMITED.",2020,Norway,Johan Sverdrup,420.45
Source: Energy Intelligence,"COPYRIGHT © 2001-2021 ENERGY INTELLIGENCE GROUP, INC. / ENERGY INTELLIGENCE GROUP (UK) LIMITED.",2019,Norway,Johan Sverdrup,64.17
Source: Energy Intelligence,"COPYRIGHT © 2001-2021 ENERGY INTELLIGENCE GROUP, INC. / ENERGY INTELLIGENCE GROUP (UK) LIMITED.",2024,Venezuela,Merey-16,420
Source: Energy Intelligence,"COPYRIGHT © 2001-2021 ENERGY INTELLIGENCE GROUP, INC. / ENERGY INTELLIGENCE GROUP (UK) LIMITED.",2023,Venezuela,Merey-16,350
Source: Energy Intelligence,"COPYRIGHT © 2001-2021 ENERGY INTELLIGENCE GROUP, INC. / ENERGY INTELLIGENCE GROUP (UK) LIMITED.",2022,Venezuela,Merey-16,330
Source: Energy Intelligence,"COPYRIGHT © 2001-2021 ENERGY INTELLIGENCE GROUP, INC. / ENERGY INTELLIGENCE GROUP (UK) LIMITED.",2021,Venezuela,Merey-16,330
Source: Energy Intelligence,"COPYRIGHT © 2001-2021 ENERGY INTELLIGENCE GROUP, INC. / ENERGY INTELLIGENCE GROUP (UK) LIMITED.",2020,Venezuela,Merey-16,410
Source: Energy Intelligence,"COPYRIGHT © 2001-2021 ENERGY INTELLIGENCE GROUP, INC. / ENERGY INTELLIGENCE GROUP (UK) LIMITED.",2019,Venezuela,Merey-16,516
Source: Energy Intelligence,"COPYRIGHT © 2001-2021 ENERGY INTELLIGENCE GROUP, INC. / ENERGY INTELLIGENCE GROUP (UK) LIMITED.",2018,Venezuela,Merey-16,401.24
Source: Energy Intelligence,"COPYRIGHT © 2001-2021 ENERGY INTELLIGENCE GROUP, INC. / ENERGY INTELLIGENCE GROUP (UK) LIMITED.",2017,Venezuela,Merey-16,401.24
Source: Energy Intelligence,"COPYRIGHT © 2001-2021 ENERGY INTELLIGENCE GROUP, INC. / ENERGY INTELLIGENCE GROUP (UK) LIMITED.",2016,Venezuela,Merey-16,424.87
Source: Energy Intelligence,"COPYRIGHT © 2001-2021 ENERGY INTELLIGENCE GROUP, INC. / ENERGY INTELLIGENCE GROUP (UK) LIMITED.",2015,Venezuela,Merey-16,431.31
Source: Energy Intelligence,"COPYRIGHT © 2001-2021 ENERGY INTELLIGENCE GROUP, INC. / ENERGY INTELLIGENCE GROUP (UK) LIMITED.",2014,Venezuela,Merey-16,455.71
Source: Energy Intelligence,"COPYRIGHT © 2001-2021 ENERGY INTELLIGENCE GROUP, INC. / ENERGY INTELLIGENCE GROUP (UK) LIMITED.",2013,Venezuela,Merey-16,504
Source: Energy Intelligence,"COPYRIGHT © 2001-2021 ENERGY INTELLIGENCE GROUP, INC. / ENERGY INTELLIGENCE GROUP (UK) LIMITED.",2012,Venezuela,Merey-16,450
Source: Energy Intelligence,"COPYRIGHT © 2001-2021 ENERGY INTELLIGENCE GROUP, INC. / ENERGY INTELLIGENCE GROUP (UK) LIMITED.",2011,Venezuela,Merey-16,450
Source: Energy Intelligence,"COPYRIGHT © 2001-2021 ENERGY INTELLIGENCE GROUP, INC. / ENERGY INTELLIGENCE GROUP (UK) LIMITED.",2010,Venezuela,Merey-16,450
Source: Energy Intelligence,"COPYRIGHT © 2001-2021 ENERGY INTELLIGENCE GROUP, INC. / ENERGY INTELLIGENCE GROUP (UK) LIMITED.",2009,Venezuela,Merey-16,450
Source: Energy Intelligence,"COPYRIGHT © 2001-2021 ENERGY INTELLIGENCE GROUP, INC. / ENERGY INTELLIGENCE GROUP (UK) LIMITED.",2008,Venezuela,Merey-16,500
Source: Energy Intelligence,"COPYRIGHT © 2001-2021 ENERGY INTELLIGENCE GROUP, INC. / ENERGY INTELLIGENCE GROUP (UK) LIMITED.",2024,Russia,Other Crudes - Russia,177.6
Source: Energy Intelligence,"COPYRIGHT © 2001-2021 ENERGY INTELLIGENCE GROUP, INC. / ENERGY INTELLIGENCE GROUP (UK) LIMITED.",2023,Russia,Other Crudes - Russia,171.8
Source: Energy Intelligence,"COPYRIGHT © 2001-2021 ENERGY INTELLIGENCE GROUP, INC. / ENERGY INTELLIGENCE GROUP (UK) LIMITED.",2022,Russia,Other Crudes - Russia,148.79
Source: Energy Intelligence,"COPYRIGHT © 2001-2021 ENERGY INTELLIGENCE GROUP, INC. / ENERGY INTELLIGENCE GROUP (UK) LIMITED.",2021,Russia,Other Crudes - Russia,472.63
Source: Energy Intelligence,"COPYRIGHT © 2001-2021 ENERGY INTELLIGENCE GROUP, INC. / ENERGY INTELLIGENCE GROUP (UK) LIMITED.",2020,Russia,Other Crudes - Russia,562.56
Source: Energy Intelligence,"COPYRIGHT © 2001-2021 ENERGY INTELLIGENCE GROUP, INC. / ENERGY INTELLIGENCE GROUP (UK) LIMITED.",2019,Russia,Other Crudes - Russia,653.09
Source: Energy Intelligence,"COPYRIGHT © 2001-2021 ENERGY INTELLIGENCE GROUP, INC. / ENERGY INTELLIGENCE GROUP (UK) LIMITED.",2018,Russia,Other Crudes - Russia,274.76
Source: Energy Intelligence,"COPYRIGHT © 2001-2021 ENERGY INTELLIGENCE GROUP, INC. / ENERGY INTELLIGENCE GROUP (UK) LIMITED.",2017,Russia,Other Crudes - Russia,233.29
Source: Energy Intelligence,"COPYRIGHT © 2001-2021 ENERGY INTELLIGENCE GROUP, INC. / ENERGY INTELLIGENCE GROUP (UK) LIMITED.",2016,Russia,Other Crudes - Russia,135.37
Source: Energy Intelligence,"COPYRIGHT © 2001-2021 ENERGY INTELLIGENCE GROUP, INC. / ENERGY INTELLIGENCE GROUP (UK) LIMITED.",2015,Russia,Other Crudes - Russia,176.33
Source: Energy Intelligence,"COPYRIGHT © 2001-2021 ENERGY INTELLIGENCE GROUP, INC. / ENERGY INTELLIGENCE GROUP (UK) LIMITED.",2014,Russia,Other Crudes - Russia,127.87
Source: Energy Intelligence,"COPYRIGHT © 2001-2021 ENERGY INTELLIGENCE GROUP, INC. / ENERGY INTELLIGENCE GROUP (UK) LIMITED.",2013,Russia,Other Crudes - Russia,317.26
Source: Energy Intelligence,"COPYRIGHT © 2001-2021 ENERGY INTELLIGENCE GROUP, INC. / ENERGY INTELLIGENCE GROUP (UK) LIMITED.",2012,Russia,Other Crudes - Russia,102.34
Source: Energy Intelligence,"COPYRIGHT © 2001-2021 ENERGY INTELLIGENCE GROUP, INC. / ENERGY INTELLIGENCE GROUP (UK) LIMITED.",2011,Russia,Other Crudes - Russia,124.66
Source: Energy Intelligence,"COPYRIGHT © 2001-2021 ENERGY INTELLIGENCE GROUP, INC. / ENERGY INTELLIGENCE GROUP (UK) LIMITED.",2010,Russia,Other Crudes - Russia,272.2
Source: Energy Intelligence,"COPYRIGHT © 2001-2021 ENERGY INTELLIGENCE GROUP, INC. / ENERGY INTELLIGENCE GROUP (UK) LIMITED.",2009,Russia,Other Crudes - Russia,698.55
Source: Energy Intelligence,"COPYRIGHT © 2001-2021 ENERGY INTELLIGENCE GROUP, INC. / ENERGY INTELLIGENCE GROUP (UK) LIMITED.",2008,Russia,Other Crudes - Russia,941.8
Source: Energy Intelligence,"COPYRIGHT © 2001-2021 ENERGY INTELLIGENCE GROUP, INC. / ENERGY INTELLIGENCE GROUP (UK) LIMITED.",2007,Russia,Other Crudes - Russia,974.83
Source: Energy Intelligence,"COPYRIGHT © 2001-2021 ENERGY INTELLIGENCE GROUP, INC. / ENERGY INTELLIGENCE GROUP (UK) LIMITED.",2006,Russia,Other Crudes - Russia,907.77
Source: Energy Intelligence,"COPYRIGHT © 2001-2021 ENERGY INTELLIGENCE GROUP, INC. / ENERGY INTELLIGENCE GROUP (UK) LIMITED.",2024,United States,West Texas Light,451
Source: Energy Intelligence,"COPYRIGHT © 2001-2021 ENERGY INTELLIGENCE GROUP, INC. / ENERGY INTELLIGENCE GROUP (UK) LIMITED.",2023,United States,West Texas Light,442
Source: Energy Intelligence,"COPYRIGHT © 2001-2021 ENERGY INTELLIGENCE GROUP, INC. / ENERGY INTELLIGENCE GROUP (UK) LIMITED.",2022,United States,West Texas Light,413
Source: Energy Intelligence,"COPYRIGHT © 2001-2021 ENERGY INTELLIGENCE GROUP, INC. / ENERGY INTELLIGENCE GROUP (UK) LIMITED.",2021,United States,West Texas Light,346
Source: Energy Intelligence,"COPYRIGHT © 2001-2021 ENERGY INTELLIGENCE GROUP, INC. / ENERGY INTELLIGENCE GROUP (UK) LIMITED.",2020,United States,West Texas Light,385
Source: Energy Intelligence,"COPYRIGHT © 2001-2021 ENERGY INTELLIGENCE GROUP, INC. / ENERGY INTELLIGENCE GROUP (UK) LIMITED.",2019,United States,West Texas Light,258
Source: Energy Intelligence,"COPYRIGHT © 2001-2021 ENERGY INTELLIGENCE GROUP, INC. / ENERGY INTELLIGENCE GROUP (UK) LIMITED.",2024,Canada,Cold Lake Blend,344.41
Source: Energy Intelligence,"COPYRIGHT © 2001-2021 ENERGY INTELLIGENCE GROUP, INC. / ENERGY INTELLIGENCE GROUP (UK) LIMITED.",2023,Canada,Cold Lake Blend,327.6
Source: Energy Intelligence,"COPYRIGHT © 2001-2021 ENERGY INTELLIGENCE GROUP, INC. / ENERGY INTELLIGENCE GROUP (UK) LIMITED.",2022,Canada,Cold Lake Blend,488.5
Source: Energy Intelligence,"COPYRIGHT © 2001-2021 ENERGY INTELLIGENCE GROUP, INC. / ENERGY INTELLIGENCE GROUP (UK) LIMITED.",2021,Canada,Cold Lake Blend,485.03
Source: Energy Intelligence,"COPYRIGHT © 2001-2021 ENERGY INTELLIGENCE GROUP, INC. / ENERGY INTELLIGENCE GROUP (UK) LIMITED.",2020,Canada,Cold Lake Blend,478.71
Source: Energy Intelligence,"COPYRIGHT © 2001-2021 ENERGY INTELLIGENCE GROUP, INC. / ENERGY INTELLIGENCE GROUP (UK) LIMITED.",2019,Canada,Cold Lake Blend,433.12
Source: Energy Intelligence,"COPYRIGHT © 2001-2021 ENERGY INTELLIGENCE GROUP, INC. / ENERGY INTELLIGENCE GROUP (UK) LIMITED.",2018,Canada,Cold Lake Blend,436.3
Source: Energy Intelligence,"COPYRIGHT © 2001-2021 ENERGY INTELLIGENCE GROUP, INC. / ENERGY INTELLIGENCE GROUP (UK) LIMITED.",2017,Canada,Cold Lake Blend,447
Source: Energy Intelligence,"COPYRIGHT © 2001-2021 ENERGY INTELLIGENCE GROUP, INC. / ENERGY INTELLIGENCE GROUP (UK) LIMITED.",2016,Canada,Cold Lake Blend,415.9
Source: Energy Intelligence,"COPYRIGHT © 2001-2021 ENERGY INTELLIGENCE GROUP, INC. / ENERGY INTELLIGENCE GROUP (UK) LIMITED.",2015,Canada,Cold Lake Blend,418.8
Source: Energy Intelligence,"COPYRIGHT © 2001-2021 ENERGY INTELLIGENCE GROUP, INC. / ENERGY INTELLIGENCE GROUP (UK) LIMITED.",2014,Canada,Cold Lake Blend,361.5
Source: Energy Intelligence,"COPYRIGHT © 2001-2021 ENERGY INTELLIGENCE GROUP, INC. / ENERGY INTELLIGENCE GROUP (UK) LIMITED.",2013,Canada,Cold Lake Blend,335.6
Source: Energy Intelligence,"COPYRIGHT © 2001-2021 ENERGY INTELLIGENCE GROUP, INC. / ENERGY INTELLIGENCE GROUP (UK) LIMITED.",2012,Canada,Cold Lake Blend,351.8
Source: Energy Intelligence,"COPYRIGHT © 2001-2021 ENERGY INTELLIGENCE GROUP, INC. / ENERGY INTELLIGENCE GROUP (UK) LIMITED.",2011,Canada,Cold Lake Blend,347.8
Source: Energy Intelligence,"COPYRIGHT © 2001-2021 ENERGY INTELLIGENCE GROUP, INC. / ENERGY INTELLIGENCE GROUP (UK) LIMITED.",2010,Canada,Cold Lake Blend,305
Source: Energy Intelligence,"COPYRIGHT © 2001-2021 ENERGY INTELLIGENCE GROUP, INC. / ENERGY INTELLIGENCE GROUP (UK) LIMITED.",2009,Canada,Cold Lake Blend,231.66
Source: Energy Intelligence,"COPYRIGHT © 2001-2021 ENERGY INTELLIGENCE GROUP, INC. / ENERGY INTELLIGENCE GROUP (UK) LIMITED.",2008,Canada,Cold Lake Blend,217.74
Source: Energy Intelligence,"COPYRIGHT © 2001-2021 ENERGY INTELLIGENCE GROUP, INC. / ENERGY INTELLIGENCE GROUP (UK) LIMITED.",2007,Canada,Cold Lake Blend,213.1
Source: Energy Intelligence,"COPYRIGHT © 2001-2021 ENERGY INTELLIGENCE GROUP, INC. / ENERGY INTELLIGENCE GROUP (UK) LIMITED.",2006,Canada,Cold Lake Blend,189.31
Source: Energy Intelligence,"COPYRIGHT © 2001-2021 ENERGY INTELLIGENCE GROUP, INC. / ENERGY INTELLIGENCE GROUP (UK) LIMITED.",2024,Kazakhstan,Tengiz,602.2
Source: Energy Intelligence,"COPYRIGHT © 2001-2021 ENERGY INTELLIGENCE GROUP, INC. / ENERGY INTELLIGENCE GROUP (UK) LIMITED.",2023,Kazakhstan,Tengiz,627.03
Source: Energy Intelligence,"COPYRIGHT © 2001-2021 ENERGY INTELLIGENCE GROUP, INC. / ENERGY INTELLIGENCE GROUP (UK) LIMITED.",2022,Kazakhstan,Tengiz,633.29
Source: Energy Intelligence,"COPYRIGHT © 2001-2021 ENERGY INTELLIGENCE GROUP, INC. / ENERGY INTELLIGENCE GROUP (UK) LIMITED.",2021,Kazakhstan,Tengiz,576.65
Source: Energy Intelligence,"COPYRIGHT © 2001-2021 ENERGY INTELLIGENCE GROUP, INC. / ENERGY INTELLIGENCE GROUP (UK) LIMITED.",2020,Kazakhstan,Tengiz,572.87
Source: Energy Intelligence,"COPYRIGHT © 2001-2021 ENERGY INTELLIGENCE GROUP, INC. / ENERGY INTELLIGENCE GROUP (UK) LIMITED.",2019,Kazakhstan,Tengiz,646.61
Source: Energy Intelligence,"COPYRIGHT © 2001-2021 ENERGY INTELLIGENCE GROUP, INC. / ENERGY INTELLIGENCE GROUP (UK) LIMITED.",2018,Kazakhstan,Tengiz,621.43
Source: Energy Intelligence,"COPYRIGHT © 2001-2021 ENERGY INTELLIGENCE GROUP, INC. / ENERGY INTELLIGENCE GROUP (UK) LIMITED.",2017,Kazakhstan,Tengiz,623.07
Source: Energy Intelligence,"COPYRIGHT © 2001-2021 ENERGY INTELLIGENCE GROUP, INC. / ENERGY INTELLIGENCE GROUP (UK) LIMITED.",2016,Kazakhstan,Tengiz,24.71
Source: Energy Intelligence,"COPYRIGHT © 2001-2021 ENERGY INTELLIGENCE GROUP, INC. / ENERGY INTELLIGENCE GROUP (UK) LIMITED.",2015,Kazakhstan,Tengiz,73.48
Source: Energy Intelligence,"COPYRIGHT © 2001-2021 ENERGY INTELLIGENCE GROUP, INC. / ENERGY INTELLIGENCE GROUP (UK) LIMITED.",2014,Kazakhstan,Tengiz,60.04
Source: Energy Intelligence,"COPYRIGHT © 2001-2021 ENERGY INTELLIGENCE GROUP, INC. / ENERGY INTELLIGENCE GROUP (UK) LIMITED.",2013,Kazakhstan,Tengiz,157.19
Source: Energy Intelligence,"COPYRIGHT © 2001-2021 ENERGY INTELLIGENCE GROUP, INC. / ENERGY INTELLIGENCE GROUP (UK) LIMITED.",2012,Kazakhstan,Tengiz,120
Source: Energy Intelligence,"COPYRIGHT © 2001-2021 ENERGY INTELLIGENCE GROUP, INC. / ENERGY INTELLIGENCE GROUP (UK) LIMITED.",2011,Kazakhstan,Tengiz,135
Source: Energy Intelligence,"COPYRIGHT © 2001-2021 ENERGY INTELLIGENCE GROUP, INC. / ENERGY INTELLIGENCE GROUP (UK) LIMITED.",2010,Kazakhstan,Tengiz,130
Source: Energy Intelligence,"COPYRIGHT © 2001-2021 ENERGY INTELLIGENCE GROUP, INC. / ENERGY INTELLIGENCE GROUP (UK) LIMITED.",2009,Kazakhstan,Tengiz,62
Source: Energy Intelligence,"COPYRIGHT © 2001-2021 ENERGY INTELLIGENCE GROUP, INC. / ENERGY INTELLIGENCE GROUP (UK) LIMITED.",2008,Kazakhstan,Tengiz,
Source: Energy Intelligence,"COPYRIGHT © 2001-2021 ENERGY INTELLIGENCE GROUP, INC. / ENERGY INTELLIGENCE GROUP (UK) LIMITED.",2007,Kazakhstan,Tengiz,
Source: Energy Intelligence,"COPYRIGHT © 2001-2021 ENERGY INTELLIGENCE GROUP, INC. / ENERGY INTELLIGENCE GROUP (UK) LIMITED.",2006,Kazakhstan,Tengiz,
Source: Energy Intelligence,"COPYRIGHT © 2001-2021 ENERGY INTELLIGENCE GROUP, INC. / ENERGY INTELLIGENCE GROUP (UK) LIMITED.",2024,Brazil,Tupi,550.23
Source: Energy Intelligence,"COPYRIGHT © 2001-2021 ENERGY INTELLIGENCE GROUP, INC. / ENERGY INTELLIGENCE GROUP (UK) LIMITED.",2023,Brazil,Tupi,618.24
Source: Energy Intelligence,"COPYRIGHT © 2001-2021 ENERGY INTELLIGENCE GROUP, INC. / ENERGY INTELLIGENCE GROUP (UK) LIMITED.",2022,Brazil,Tupi,552
Source: Energy Intelligence,"COPYRIGHT © 2001-2021 ENERGY INTELLIGENCE GROUP, INC. / ENERGY INTELLIGENCE GROUP (UK) LIMITED.",2021,Brazil,Tupi,600
Source: Energy Intelligence,"COPYRIGHT © 2001-2021 ENERGY INTELLIGENCE GROUP, INC. / ENERGY INTELLIGENCE GROUP (UK) LIMITED.",2020,Brazil,Tupi,675
Source: Energy Intelligence,"COPYRIGHT © 2001-2021 ENERGY INTELLIGENCE GROUP, INC. / ENERGY INTELLIGENCE GROUP (UK) LIMITED.",2019,Brazil,Tupi,650
Source: Energy Intelligence,"COPYRIGHT © 2001-2021 ENERGY INTELLIGENCE GROUP, INC. / ENERGY INTELLIGENCE GROUP (UK) LIMITED.",2018,Brazil,Tupi,500
Source: Energy Intelligence,"COPYRIGHT © 2001-2021 ENERGY INTELLIGENCE GROUP, INC. / ENERGY INTELLIGENCE GROUP (UK) LIMITED.",2017,Brazil,Tupi,481.27
Source: Energy Intelligence,"COPYRIGHT © 2001-2021 ENERGY INTELLIGENCE GROUP, INC. / ENERGY INTELLIGENCE GROUP (UK) LIMITED.",2016,Brazil,Tupi,290.05
Source: Energy Intelligence,"COPYRIGHT © 2001-2021 ENERGY INTELLIGENCE GROUP, INC. / ENERGY INTELLIGENCE GROUP (UK) LIMITED.",2015,Brazil,Tupi,179.87
Source: Energy Intelligence,"COPYRIGHT © 2001-2021 ENERGY INTELLIGENCE GROUP, INC. / ENERGY INTELLIGENCE GROUP (UK) LIMITED.",2014,Brazil,Tupi,83.36
Source: Energy Intelligence,"COPYRIGHT © 2001-2021 ENERGY INTELLIGENCE GROUP, INC. / ENERGY INTELLIGENCE GROUP (UK) LIMITED.",2013,Brazil,Tupi,53.96
Source: Energy Intelligence,"COPYRIGHT © 2001-2021 ENERGY INTELLIGENCE GROUP, INC. / ENERGY INTELLIGENCE GROUP (UK) LIMITED.",2012,Brazil,Tupi,42.36
Source: Energy Intelligence,"COPYRIGHT © 2001-2021 ENERGY INTELLIGENCE GROUP, INC. / ENERGY INTELLIGENCE GROUP (UK) LIMITED.",2011,Brazil,Tupi,18.05
Source: Energy Intelligence,"COPYRIGHT © 2001-2021 ENERGY INTELLIGENCE GROUP, INC. / ENERGY INTELLIGENCE GROUP (UK) LIMITED.",2010,Brazil,Tupi,0
Source: Energy Intelligence,"COPYRIGHT © 2001-2021 ENERGY INTELLIGENCE GROUP, INC. / ENERGY INTELLIGENCE GROUP (UK) LIMITED.",2009,Brazil,Tupi,0
Source: Energy Intelligence,"COPYRIGHT © 2001-2021 ENERGY INTELLIGENCE GROUP, INC. / ENERGY INTELLIGENCE GROUP (UK) LIMITED.",2024,Canada,Western Canadian Select,462.5
Source: Energy Intelligence,"COPYRIGHT © 2001-2021 ENERGY INTELLIGENCE GROUP, INC. / ENERGY INTELLIGENCE GROUP (UK) LIMITED.",2023,Canada,Western Canadian Select,473.45
Source: Energy Intelligence,"COPYRIGHT © 2001-2021 ENERGY INTELLIGENCE GROUP, INC. / ENERGY INTELLIGENCE GROUP (UK) LIMITED.",2022,Canada,Western Canadian Select,389.45
Source: Energy Intelligence,"COPYRIGHT © 2001-2021 ENERGY INTELLIGENCE GROUP, INC. / ENERGY INTELLIGENCE GROUP (UK) LIMITED.",2021,Canada,Western Canadian Select,331.36
Source: Energy Intelligence,"COPYRIGHT © 2001-2021 ENERGY INTELLIGENCE GROUP, INC. / ENERGY INTELLIGENCE GROUP (UK) LIMITED.",2020,Canada,Western Canadian Select,316.46
Source: Energy Intelligence,"COPYRIGHT © 2001-2021 ENERGY INTELLIGENCE GROUP, INC. / ENERGY INTELLIGENCE GROUP (UK) LIMITED.",2019,Canada,Western Canadian Select,381.16
Source: Energy Intelligence,"COPYRIGHT © 2001-2021 ENERGY INTELLIGENCE GROUP, INC. / ENERGY INTELLIGENCE GROUP (UK) LIMITED.",2018,Canada,Western Canadian Select,382.03
Source: Energy Intelligence,"COPYRIGHT © 2001-2021 ENERGY INTELLIGENCE GROUP, INC. / ENERGY INTELLIGENCE GROUP (UK) LIMITED.",2017,Canada,Western Canadian Select,427.2
Source: Energy Intelligence,"COPYRIGHT © 2001-2021 ENERGY INTELLIGENCE GROUP, INC. / ENERGY INTELLIGENCE GROUP (UK) LIMITED.",2016,Canada,Western Canadian Select,457.12
Source: Energy Intelligence,"COPYRIGHT © 2001-2021 ENERGY INTELLIGENCE GROUP, INC. / ENERGY INTELLIGENCE GROUP (UK) LIMITED.",2015,Canada,Western Canadian Select,318.72
Source: Energy Intelligence,"COPYRIGHT © 2001-2021 ENERGY INTELLIGENCE GROUP, INC. / ENERGY INTELLIGENCE GROUP (UK) LIMITED.",2014,Canada,Western Canadian Select,296.3
Source: Energy Intelligence,"COPYRIGHT © 2001-2021 ENERGY INTELLIGENCE GROUP, INC. / ENERGY INTELLIGENCE GROUP (UK) LIMITED.",2013,Canada,Western Canadian Select,273.9
Source: Energy Intelligence,"COPYRIGHT © 2001-2021 ENERGY INTELLIGENCE GROUP, INC. / ENERGY INTELLIGENCE GROUP (UK) LIMITED.",2012,Canada,Western Canadian Select,284.69
Source: Energy Intelligence,"COPYRIGHT © 2001-2021 ENERGY INTELLIGENCE GROUP, INC. / ENERGY INTELLIGENCE GROUP (UK) LIMITED.",2011,Canada,Western Canadian Select,269.98
Source: Energy Intelligence,"COPYRIGHT © 2001-2021 ENERGY INTELLIGENCE GROUP, INC. / ENERGY INTELLIGENCE GROUP (UK) LIMITED.",2010,Canada,Western Canadian Select,250.3
Source: Energy Intelligence,"COPYRIGHT © 2001-2021 ENERGY INTELLIGENCE GROUP, INC. / ENERGY INTELLIGENCE GROUP (UK) LIMITED.",2009,Canada,Western Canadian Select,233.13
Source: Energy Intelligence,"COPYRIGHT © 2001-2021 ENERGY INTELLIGENCE GROUP, INC. / ENERGY INTELLIGENCE GROUP (UK) LIMITED.",2008,Canada,Western Canadian Select,258.97
Source: Energy Intelligence,"COPYRIGHT © 2001-2021 ENERGY INTELLIGENCE GROUP, INC. / ENERGY INTELLIGENCE GROUP (UK) LIMITED.",2007,Canada,Western Canadian Select,234.5
Source: Energy Intelligence,"COPYRIGHT © 2001-2021 ENERGY INTELLIGENCE GROUP, INC. / ENERGY INTELLIGENCE GROUP (UK) LIMITED.",2006,Canada,Western Canadian Select,234.5
Source: Energy Intelligence,"COPYRIGHT © 2001-2021 ENERGY INTELLIGENCE GROUP, INC. / ENERGY INTELLIGENCE GROUP (UK) LIMITED.",2024,Iraq,Kirkuk,0
Source: Energy Intelligence,"COPYRIGHT © 2001-2021 ENERGY INTELLIGENCE GROUP, INC. / ENERGY INTELLIGENCE GROUP (UK) LIMITED.",2023,Iraq,Kirkuk,23
Source: Energy Intelligence,"COPYRIGHT © 2001-2021 ENERGY INTELLIGENCE GROUP, INC. / ENERGY INTELLIGENCE GROUP (UK) LIMITED.",2022,Iraq,Kirkuk,82
Source: Energy Intelligence,"COPYRIGHT © 2001-2021 ENERGY INTELLIGENCE GROUP, INC. / ENERGY INTELLIGENCE GROUP (UK) LIMITED.",2021,Iraq,Kirkuk,433
Source: Energy Intelligence,"COPYRIGHT © 2001-2021 ENERGY INTELLIGENCE GROUP, INC. / ENERGY INTELLIGENCE GROUP (UK) LIMITED.",2020,Iraq,Kirkuk,468.66
Source: Energy Intelligence,"COPYRIGHT © 2001-2021 ENERGY INTELLIGENCE GROUP, INC. / ENERGY INTELLIGENCE GROUP (UK) LIMITED.",2019,Iraq,Kirkuk,484.35
Source: Energy Intelligence,"COPYRIGHT © 2001-2021 ENERGY INTELLIGENCE GROUP, INC. / ENERGY INTELLIGENCE GROUP (UK) LIMITED.",2018,Iraq,Kirkuk,296.68
Source: Energy Intelligence,"COPYRIGHT © 2001-2021 ENERGY INTELLIGENCE GROUP, INC. / ENERGY INTELLIGENCE GROUP (UK) LIMITED.",2017,Iraq,Kirkuk,505
Source: Energy Intelligence,"COPYRIGHT © 2001-2021 ENERGY INTELLIGENCE GROUP, INC. / ENERGY INTELLIGENCE GROUP (UK) LIMITED.",2016,Iraq,Kirkuk,494
Source: Energy Intelligence,"COPYRIGHT © 2001-2021 ENERGY INTELLIGENCE GROUP, INC. / ENERGY INTELLIGENCE GROUP (UK) LIMITED.",2015,Iraq,Kirkuk,560
Source: Energy Intelligence,"COPYRIGHT © 2001-2021 ENERGY INTELLIGENCE GROUP, INC. / ENERGY INTELLIGENCE GROUP (UK) LIMITED.",2014,Iraq,Kirkuk,62
Source: Energy Intelligence,"COPYRIGHT © 2001-2021 ENERGY INTELLIGENCE GROUP, INC. / ENERGY INTELLIGENCE GROUP (UK) LIMITED.",2013,Iraq,Kirkuk,263.92
Source: Energy Intelligence,"COPYRIGHT © 2001-2021 ENERGY INTELLIGENCE GROUP, INC. / ENERGY INTELLIGENCE GROUP (UK) LIMITED.",2012,Iraq,Kirkuk,373.36
Source: Energy Intelligence,"COPYRIGHT © 2001-2021 ENERGY INTELLIGENCE GROUP, INC. / ENERGY INTELLIGENCE GROUP (UK) LIMITED.",2011,Iraq,Kirkuk,449.66
Source: Energy Intelligence,"COPYRIGHT © 2001-2021 ENERGY INTELLIGENCE GROUP, INC. / ENERGY INTELLIGENCE GROUP (UK) LIMITED.",2010,Iraq,Kirkuk,412.7
Source: Energy Intelligence,"COPYRIGHT © 2001-2021 ENERGY INTELLIGENCE GROUP, INC. / ENERGY INTELLIGENCE GROUP (UK) LIMITED.",2009,Iraq,Kirkuk,483
Source: Energy Intelligence,"COPYRIGHT © 2001-2021 ENERGY INTELLIGENCE GROUP, INC. / ENERGY INTELLIGENCE GROUP (UK) LIMITED.",2008,Iraq,Kirkuk,341
Source: Energy Intelligence,"COPYRIGHT © 2001-2021 ENERGY INTELLIGENCE GROUP, INC. / ENERGY INTELLIGENCE GROUP (UK) LIMITED.",2007,Iraq,Kirkuk,112.19
Source: Energy Intelligence,"COPYRIGHT © 2001-2021 ENERGY INTELLIGENCE GROUP, INC. / ENERGY INTELLIGENCE GROUP (UK) LIMITED.",2006,Iraq,Kirkuk,17
Source: Energy Intelligence,"COPYRIGHT © 2001-2021 ENERGY INTELLIGENCE GROUP, INC. / ENERGY INTELLIGENCE GROUP (UK) LIMITED.",2024,United Kingdom,Other Crudes - United Kingdom,228.33
Source: Energy Intelligence,"COPYRIGHT © 2001-2021 ENERGY INTELLIGENCE GROUP, INC. / ENERGY INTELLIGENCE GROUP (UK) LIMITED.",2023,United Kingdom,Other Crudes - United Kingdom,248.95
Source: Energy Intelligence,"COPYRIGHT © 2001-2021 ENERGY INTELLIGENCE GROUP, INC. / ENERGY INTELLIGENCE GROUP (UK) LIMITED.",2022,United Kingdom,Other Crudes - United Kingdom,139.64
Source: Energy Intelligence,"COPYRIGHT © 2001-2021 ENERGY INTELLIGENCE GROUP, INC. / ENERGY INTELLIGENCE GROUP (UK) LIMITED.",2021,United Kingdom,Other Crudes - United Kingdom,318.24
Source: Energy Intelligence,"COPYRIGHT © 2001-2021 ENERGY INTELLIGENCE GROUP, INC. / ENERGY INTELLIGENCE GROUP (UK) LIMITED.",2020,United Kingdom,Other Crudes - United Kingdom,216.06
Source: Energy Intelligence,"COPYRIGHT © 2001-2021 ENERGY INTELLIGENCE GROUP, INC. / ENERGY INTELLIGENCE GROUP (UK) LIMITED.",2019,United Kingdom,Other Crudes - United Kingdom,316.77
Source: Energy Intelligence,"COPYRIGHT © 2001-2021 ENERGY INTELLIGENCE GROUP, INC. / ENERGY INTELLIGENCE GROUP (UK) LIMITED.",2018,United Kingdom,Other Crudes - United Kingdom,351.63
Source: Energy Intelligence,"COPYRIGHT © 2001-2021 ENERGY INTELLIGENCE GROUP, INC. / ENERGY INTELLIGENCE GROUP (UK) LIMITED.",2017,United Kingdom,Other Crudes - United Kingdom,262.04
Source: Energy Intelligence,"COPYRIGHT © 2001-2021 ENERGY INTELLIGENCE GROUP, INC. / ENERGY INTELLIGENCE GROUP (UK) LIMITED.",2016,United Kingdom,Other Crudes - United Kingdom,168.38
Source: Energy Intelligence,"COPYRIGHT © 2001-2021 ENERGY INTELLIGENCE GROUP, INC. / ENERGY INTELLIGENCE GROUP (UK) LIMITED.",2015,United Kingdom,Other Crudes - United Kingdom,232.04
Source: Energy Intelligence,"COPYRIGHT © 2001-2021 ENERGY INTELLIGENCE GROUP, INC. / ENERGY INTELLIGENCE GROUP (UK) LIMITED.",2014,United Kingdom,Other Crudes - United Kingdom,208.45
Source: Energy Intelligence,"COPYRIGHT © 2001-2021 ENERGY INTELLIGENCE GROUP, INC. / ENERGY INTELLIGENCE GROUP (UK) LIMITED.",2013,United Kingdom,Other Crudes - United Kingdom,250.16
Source: Energy Intelligence,"COPYRIGHT © 2001-2021 ENERGY INTELLIGENCE GROUP, INC. / ENERGY INTELLIGENCE GROUP (UK) LIMITED.",2012,United Kingdom,Other Crudes - United Kingdom,344.89
Source: Energy Intelligence,"COPYRIGHT © 2001-2021 ENERGY INTELLIGENCE GROUP, INC. / ENERGY INTELLIGENCE GROUP (UK) LIMITED.",2011,United Kingdom,Other Crudes - United Kingdom,355
Source: Energy Intelligence,"COPYRIGHT © 2001-2021 ENERGY INTELLIGENCE GROUP, INC. / ENERGY INTELLIGENCE GROUP (UK) LIMITED.",2010,United Kingdom,Other Crudes - United Kingdom,367.21
Source: Energy Intelligence,"COPYRIGHT © 2001-2021 ENERGY INTELLIGENCE GROUP, INC. / ENERGY INTELLIGENCE GROUP (UK) LIMITED.",2009,United Kingdom,Other Crudes - United Kingdom,380.54
Source: Energy Intelligence,"COPYRIGHT © 2001-2021 ENERGY INTELLIGENCE GROUP, INC. / ENERGY INTELLIGENCE GROUP (UK) LIMITED.",2008,United Kingdom,Other Crudes - United Kingdom,430.65
Source: Energy Intelligence,"COPYRIGHT © 2001-2021 ENERGY INTELLIGENCE GROUP, INC. / ENERGY INTELLIGENCE GROUP (UK) LIMITED.",2007,United Kingdom,Other Crudes - United Kingdom,515.23
Source: Energy Intelligence,"COPYRIGHT © 2001-2021 ENERGY INTELLIGENCE GROUP, INC. / ENERGY INTELLIGENCE GROUP (UK) LIMITED.",2006,United Kingdom,Other Crudes - United Kingdom,493.42
Source: Energy Intelligence,"COPYRIGHT © 2001-2021 ENERGY INTELLIGENCE GROUP, INC. / ENERGY INTELLIGENCE GROUP (UK) LIMITED.",2024,Colombia,Castilla,270
Source: Energy Intelligence,"COPYRIGHT © 2001-2021 ENERGY INTELLIGENCE GROUP, INC. / ENERGY INTELLIGENCE GROUP (UK) LIMITED.",2023,Colombia,Castilla,279.3
Source: Energy Intelligence,"COPYRIGHT © 2001-2021 ENERGY INTELLIGENCE GROUP, INC. / ENERGY INTELLIGENCE GROUP (UK) LIMITED.",2022,Colombia,Castilla,281.2
Source: Energy Intelligence,"COPYRIGHT © 2001-2021 ENERGY INTELLIGENCE GROUP, INC. / ENERGY INTELLIGENCE GROUP (UK) LIMITED.",2021,Colombia,Castilla,297.9
Source: Energy Intelligence,"COPYRIGHT © 2001-2021 ENERGY INTELLIGENCE GROUP, INC. / ENERGY INTELLIGENCE GROUP (UK) LIMITED.",2020,Colombia,Castilla,371
Source: Energy Intelligence,"COPYRIGHT © 2001-2021 ENERGY INTELLIGENCE GROUP, INC. / ENERGY INTELLIGENCE GROUP (UK) LIMITED.",2019,Colombia,Castilla,367
Source: Energy Intelligence,"COPYRIGHT © 2001-2021 ENERGY INTELLIGENCE GROUP, INC. / ENERGY INTELLIGENCE GROUP (UK) LIMITED.",2018,Colombia,Castilla,334
Source: Energy Intelligence,"COPYRIGHT © 2001-2021 ENERGY INTELLIGENCE GROUP, INC. / ENERGY INTELLIGENCE GROUP (UK) LIMITED.",2017,Colombia,Castilla,315.1
Source: Energy Intelligence,"COPYRIGHT © 2001-2021 ENERGY INTELLIGENCE GROUP, INC. / ENERGY INTELLIGENCE GROUP (UK) LIMITED.",2016,Colombia,Castilla,330.8
Source: Energy Intelligence,"COPYRIGHT © 2001-2021 ENERGY INTELLIGENCE GROUP, INC. / ENERGY INTELLIGENCE GROUP (UK) LIMITED.",2015,Colombia,Castilla,348
Source: Energy Intelligence,"COPYRIGHT © 2001-2021 ENERGY INTELLIGENCE GROUP, INC. / ENERGY INTELLIGENCE GROUP (UK) LIMITED.",2014,Colombia,Castilla,337
Source: Energy Intelligence,"COPYRIGHT © 2001-2021 ENERGY INTELLIGENCE GROUP, INC. / ENERGY INTELLIGENCE GROUP (UK) LIMITED.",2013,Colombia,Castilla,338.6
Source: Energy Intelligence,"COPYRIGHT © 2001-2021 ENERGY INTELLIGENCE GROUP, INC. / ENERGY INTELLIGENCE GROUP (UK) LIMITED.",2012,Colombia,Castilla,267.6
Source: Energy Intelligence,"COPYRIGHT © 2001-2021 ENERGY INTELLIGENCE GROUP, INC. / ENERGY INTELLIGENCE GROUP (UK) LIMITED.",2011,Colombia,Castilla,314.8
Source: Energy Intelligence,"COPYRIGHT © 2001-2021 ENERGY INTELLIGENCE GROUP, INC. / ENERGY INTELLIGENCE GROUP (UK) LIMITED.",2010,Colombia,Castilla,249
Source: Energy Intelligence,"COPYRIGHT © 2001-2021 ENERGY INTELLIGENCE GROUP, INC. / ENERGY INTELLIGENCE GROUP (UK) LIMITED.",2009,Colombia,Castilla,188
Source: Energy Intelligence,"COPYRIGHT © 2001-2021 ENERGY INTELLIGENCE GROUP, INC. / ENERGY INTELLIGENCE GROUP (UK) LIMITED.",2024,Norway,Ekofisk Blend,202
Source: Energy Intelligence,"COPYRIGHT © 2001-2021 ENERGY INTELLIGENCE GROUP, INC. / ENERGY INTELLIGENCE GROUP (UK) LIMITED.",2023,Norway,Ekofisk Blend,204
Source: Energy Intelligence,"COPYRIGHT © 2001-2021 ENERGY INTELLIGENCE GROUP, INC. / ENERGY INTELLIGENCE GROUP (UK) LIMITED.",2022,Norway,Ekofisk Blend,196
Source: Energy Intelligence,"COPYRIGHT © 2001-2021 ENERGY INTELLIGENCE GROUP, INC. / ENERGY INTELLIGENCE GROUP (UK) LIMITED.",2021,Norway,Ekofisk Blend,200.7
Source: Energy Intelligence,"COPYRIGHT © 2001-2021 ENERGY INTELLIGENCE GROUP, INC. / ENERGY INTELLIGENCE GROUP (UK) LIMITED.",2020,Norway,Ekofisk Blend,246.6
Source: Energy Intelligence,"COPYRIGHT © 2001-2021 ENERGY INTELLIGENCE GROUP, INC. / ENERGY INTELLIGENCE GROUP (UK) LIMITED.",2019,Norway,Ekofisk Blend,235.34
Source: Energy Intelligence,"COPYRIGHT © 2001-2021 ENERGY INTELLIGENCE GROUP, INC. / ENERGY INTELLIGENCE GROUP (UK) LIMITED.",2018,Norway,Ekofisk Blend,245.1
Source: Energy Intelligence,"COPYRIGHT © 2001-2021 ENERGY INTELLIGENCE GROUP, INC. / ENERGY INTELLIGENCE GROUP (UK) LIMITED.",2017,Norway,Ekofisk Blend,246
Source: Energy Intelligence,"COPYRIGHT © 2001-2021 ENERGY INTELLIGENCE GROUP, INC. / ENERGY INTELLIGENCE GROUP (UK) LIMITED.",2016,Norway,Ekofisk Blend,256.6
Source: Energy Intelligence,"COPYRIGHT © 2001-2021 ENERGY INTELLIGENCE GROUP, INC. / ENERGY INTELLIGENCE GROUP (UK) LIMITED.",2015,Norway,Ekofisk Blend,278.87
Source: Energy Intelligence,"COPYRIGHT © 2001-2021 ENERGY INTELLIGENCE GROUP, INC. / ENERGY INTELLIGENCE GROUP (UK) LIMITED.",2014,Norway,Ekofisk Blend,285.69
Source: Energy Intelligence,"COPYRIGHT © 2001-2021 ENERGY INTELLIGENCE GROUP, INC. / ENERGY INTELLIGENCE GROUP (UK) LIMITED.",2013,Norway,Ekofisk Blend,233.96
Source: Energy Intelligence,"COPYRIGHT © 2001-2021 ENERGY INTELLIGENCE GROUP, INC. / ENERGY INTELLIGENCE GROUP (UK) LIMITED.",2012,Norway,Ekofisk Blend,262.03
Source: Energy Intelligence,"COPYRIGHT © 2001-2021 ENERGY INTELLIGENCE GROUP, INC. / ENERGY INTELLIGENCE GROUP (UK) LIMITED.",2011,Norway,Ekofisk Blend,314.04
Source: Energy Intelligence,"COPYRIGHT © 2001-2021 ENERGY INTELLIGENCE GROUP, INC. / ENERGY INTELLIGENCE GROUP (UK) LIMITED.",2010,Norway,Ekofisk Blend,342.4
Source: Energy Intelligence,"COPYRIGHT © 2001-2021 ENERGY INTELLIGENCE GROUP, INC. / ENERGY INTELLIGENCE GROUP (UK) LIMITED.",2009,Norway,Ekofisk Blend,382.77
Source: Energy Intelligence,"COPYRIGHT © 2001-2021 ENERGY INTELLIGENCE GROUP, INC. / ENERGY INTELLIGENCE GROUP (UK) LIMITED.",2008,Norway,Ekofisk Blend,419.82
Source: Energy Intelligence,"COPYRIGHT © 2001-2021 ENERGY INTELLIGENCE GROUP, INC. / ENERGY INTELLIGENCE GROUP (UK) LIMITED.",2007,Norway,Ekofisk Blend,453.07
Source: Energy Intelligence,"COPYRIGHT © 2001-2021 ENERGY INTELLIGENCE GROUP, INC. / ENERGY INTELLIGENCE GROUP (UK) LIMITED.",2006,Norway,Ekofisk Blend,548.31
Source: Energy Intelligence,"COPYRIGHT © 2001-2021 ENERGY INTELLIGENCE GROUP, INC. / ENERGY INTELLIGENCE GROUP (UK) LIMITED.",2024,Kazakhstan,Other Crudes - Kazakhstan,254.08
Source: Energy Intelligence,"COPYRIGHT © 2001-2021 ENERGY INTELLIGENCE GROUP, INC. / ENERGY INTELLIGENCE GROUP (UK) LIMITED.",2023,Kazakhstan,Other Crudes - Kazakhstan,246.93
Source: Energy Intelligence,"COPYRIGHT © 2001-2021 ENERGY INTELLIGENCE GROUP, INC. / ENERGY INTELLIGENCE GROUP (UK) LIMITED.",2022,Kazakhstan,Other Crudes - Kazakhstan,82.67
Source: Energy Intelligence,"COPYRIGHT © 2001-2021 ENERGY INTELLIGENCE GROUP, INC. / ENERGY INTELLIGENCE GROUP (UK) LIMITED.",2021,Kazakhstan,Other Crudes - Kazakhstan,204.06
Source: Energy Intelligence,"COPYRIGHT © 2001-2021 ENERGY INTELLIGENCE GROUP, INC. / ENERGY INTELLIGENCE GROUP (UK) LIMITED.",2020,Kazakhstan,Other Crudes - Kazakhstan,256.42
Source: Energy Intelligence,"COPYRIGHT © 2001-2021 ENERGY INTELLIGENCE GROUP, INC. / ENERGY INTELLIGENCE GROUP (UK) LIMITED.",2019,Kazakhstan,Other Crudes - Kazakhstan,224
Source: Energy Intelligence,"COPYRIGHT © 2001-2021 ENERGY INTELLIGENCE GROUP, INC. / ENERGY INTELLIGENCE GROUP (UK) LIMITED.",2018,Kazakhstan,Other Crudes - Kazakhstan,260.76
Source: Energy Intelligence,"COPYRIGHT © 2001-2021 ENERGY INTELLIGENCE GROUP, INC. / ENERGY INTELLIGENCE GROUP (UK) LIMITED.",2017,Kazakhstan,Other Crudes - Kazakhstan,172.04
Source: Energy Intelligence,"COPYRIGHT © 2001-2021 ENERGY INTELLIGENCE GROUP, INC. / ENERGY INTELLIGENCE GROUP (UK) LIMITED.",2016,Kazakhstan,Other Crudes - Kazakhstan,11.13
Source: Energy Intelligence,"COPYRIGHT © 2001-2021 ENERGY INTELLIGENCE GROUP, INC. / ENERGY INTELLIGENCE GROUP (UK) LIMITED.",2015,Kazakhstan,Other Crudes - Kazakhstan,120.83
Source: Energy Intelligence,"COPYRIGHT © 2001-2021 ENERGY INTELLIGENCE GROUP, INC. / ENERGY INTELLIGENCE GROUP (UK) LIMITED.",2014,Kazakhstan,Other Crudes - Kazakhstan,210.45
Source: Energy Intelligence,"COPYRIGHT © 2001-2021 ENERGY INTELLIGENCE GROUP, INC. / ENERGY INTELLIGENCE GROUP (UK) LIMITED.",2013,Kazakhstan,Other Crudes - Kazakhstan,254.44
Source: Energy Intelligence,"COPYRIGHT © 2001-2021 ENERGY INTELLIGENCE GROUP, INC. / ENERGY INTELLIGENCE GROUP (UK) LIMITED.",2012,Kazakhstan,Other Crudes - Kazakhstan,274.6
Source: Energy Intelligence,"COPYRIGHT © 2001-2021 ENERGY INTELLIGENCE GROUP, INC. / ENERGY INTELLIGENCE GROUP (UK) LIMITED.",2011,Kazakhstan,Other Crudes - Kazakhstan,306.2
Source: Energy Intelligence,"COPYRIGHT © 2001-2021 ENERGY INTELLIGENCE GROUP, INC. / ENERGY INTELLIGENCE GROUP (UK) LIMITED.",2010,Kazakhstan,Other Crudes - Kazakhstan,366.9
Source: Energy Intelligence,"COPYRIGHT © 2001-2021 ENERGY INTELLIGENCE GROUP, INC. / ENERGY INTELLIGENCE GROUP (UK) LIMITED.",2009,Kazakhstan,Other Crudes - Kazakhstan,457
Source: Energy Intelligence,"COPYRIGHT © 2001-2021 ENERGY INTELLIGENCE GROUP, INC. / ENERGY INTELLIGENCE GROUP (UK) LIMITED.",2008,Kazakhstan,Other Crudes - Kazakhstan,612
Source: Energy Intelligence,"COPYRIGHT © 2001-2021 ENERGY INTELLIGENCE GROUP, INC. / ENERGY INTELLIGENCE GROUP (UK) LIMITED.",2007,Kazakhstan,Other Crudes - Kazakhstan,517
Source: Energy Intelligence,"COPYRIGHT © 2001-2021 ENERGY INTELLIGENCE GROUP, INC. / ENERGY INTELLIGENCE GROUP (UK) LIMITED.",2006,Kazakhstan,Other Crudes - Kazakhstan,495.19
Source: Energy Intelligence,"COPYRIGHT © 2001-2021 ENERGY INTELLIGENCE GROUP, INC. / ENERGY INTELLIGENCE GROUP (UK) LIMITED.",2024,United States,West Texas Intermediate,382
Source: Energy Intelligence,"COPYRIGHT © 2001-2021 ENERGY INTELLIGENCE GROUP, INC. / ENERGY INTELLIGENCE GROUP (UK) LIMITED.",2023,United States,West Texas Intermediate,500
Source: Energy Intelligence,"COPYRIGHT © 2001-2021 ENERGY INTELLIGENCE GROUP, INC. / ENERGY INTELLIGENCE GROUP (UK) LIMITED.",2022,United States,West Texas Intermediate,237
Source: Energy Intelligence,"COPYRIGHT © 2001-2021 ENERGY INTELLIGENCE GROUP, INC. / ENERGY INTELLIGENCE GROUP (UK) LIMITED.",2021,United States,West Texas Intermediate,167
Source: Energy Intelligence,"COPYRIGHT © 2001-2021 ENERGY INTELLIGENCE GROUP, INC. / ENERGY INTELLIGENCE GROUP (UK) LIMITED.",2020,United States,West Texas Intermediate,298
Source: Energy Intelligence,"COPYRIGHT © 2001-2021 ENERGY INTELLIGENCE GROUP, INC. / ENERGY INTELLIGENCE GROUP (UK) LIMITED.",2019,United States,West Texas Intermediate,348
Source: Energy Intelligence,"COPYRIGHT © 2001-2021 ENERGY INTELLIGENCE GROUP, INC. / ENERGY INTELLIGENCE GROUP (UK) LIMITED.",2018,United States,West Texas Intermediate,255
Source: Energy Intelligence,"COPYRIGHT © 2001-2021 ENERGY INTELLIGENCE GROUP, INC. / ENERGY INTELLIGENCE GROUP (UK) LIMITED.",2017,United States,West Texas Intermediate,355
Source: Energy Intelligence,"COPYRIGHT © 2001-2021 ENERGY INTELLIGENCE GROUP, INC. / ENERGY INTELLIGENCE GROUP (UK) LIMITED.",2016,United States,West Texas Intermediate,110
Source: Energy Intelligence,"COPYRIGHT © 2001-2021 ENERGY INTELLIGENCE GROUP, INC. / ENERGY INTELLIGENCE GROUP (UK) LIMITED.",2015,United States,West Texas Intermediate,65
Source: Energy Intelligence,"COPYRIGHT © 2001-2021 ENERGY INTELLIGENCE GROUP, INC. / ENERGY INTELLIGENCE GROUP (UK) LIMITED.",2014,United States,West Texas Intermediate,
Source: Energy Intelligence,"COPYRIGHT © 2001-2021 ENERGY INTELLIGENCE GROUP, INC. / ENERGY INTELLIGENCE GROUP (UK) LIMITED.",2013,United States,West Texas Intermediate,
Source: Energy Intelligence,"COPYRIGHT © 2001-2021 ENERGY INTELLIGENCE GROUP, INC. / ENERGY INTELLIGENCE GROUP (UK) LIMITED.",2012,United States,West Texas Intermediate,
Source: Energy Intelligence,"COPYRIGHT © 2001-2021 ENERGY INTELLIGENCE GROUP, INC. / ENERGY INTELLIGENCE GROUP (UK) LIMITED.",2011,United States,West Texas Intermediate,
Source: Energy Intelligence,"COPYRIGHT © 2001-2021 ENERGY INTELLIGENCE GROUP, INC. / ENERGY INTELLIGENCE GROUP (UK) LIMITED.",2010,United States,West Texas Intermediate,
Source: Energy Intelligence,"COPYRIGHT © 2001-2021 ENERGY INTELLIGENCE GROUP, INC. / ENERGY INTELLIGENCE GROUP (UK) LIMITED.",2009,United States,West Texas Intermediate,
Source: Energy Intelligence,"COPYRIGHT © 2001-2021 ENERGY INTELLIGENCE GROUP, INC. / ENERGY INTELLIGENCE GROUP (UK) LIMITED.",2008,United States,West Texas Intermediate,
Source: Energy Intelligence,"COPYRIGHT © 2001-2021 ENERGY INTELLIGENCE GROUP, INC. / ENERGY INTELLIGENCE GROUP (UK) LIMITED.",2007,United States,West Texas Intermediate,
Source: Energy Intelligence,"COPYRIGHT © 2001-2021 ENERGY INTELLIGENCE GROUP, INC. / ENERGY INTELLIGENCE GROUP (UK) LIMITED.",2006,United States,West Texas Intermediate,
Source: Energy Intelligence,"COPYRIGHT © 2001-2021 ENERGY INTELLIGENCE GROUP, INC. / ENERGY INTELLIGENCE GROUP (UK) LIMITED.",2024,Nigeria,Qua Iboe,115
Source: Energy Intelligence,"COPYRIGHT © 2001-2021 ENERGY INTELLIGENCE GROUP, INC. / ENERGY INTELLIGENCE GROUP (UK) LIMITED.",2023,Nigeria,Qua Iboe,132.74
Source: Energy Intelligence,"COPYRIGHT © 2001-2021 ENERGY INTELLIGENCE GROUP, INC. / ENERGY INTELLIGENCE GROUP (UK) LIMITED.",2022,Nigeria,Qua Iboe,148.36
Source: Energy Intelligence,"COPYRIGHT © 2001-2021 ENERGY INTELLIGENCE GROUP, INC. / ENERGY INTELLIGENCE GROUP (UK) LIMITED.",2021,Nigeria,Qua Iboe,153.56
Source: Energy Intelligence,"COPYRIGHT © 2001-2021 ENERGY INTELLIGENCE GROUP, INC. / ENERGY INTELLIGENCE GROUP (UK) LIMITED.",2020,Nigeria,Qua Iboe,184.79
Source: Energy Intelligence,"COPYRIGHT © 2001-2021 ENERGY INTELLIGENCE GROUP, INC. / ENERGY INTELLIGENCE GROUP (UK) LIMITED.",2019,Nigeria,Qua Iboe,223.8
Source: Energy Intelligence,"COPYRIGHT © 2001-2021 ENERGY INTELLIGENCE GROUP, INC. / ENERGY INTELLIGENCE GROUP (UK) LIMITED.",2018,Nigeria,Qua Iboe,236.8
Source: Energy Intelligence,"COPYRIGHT © 2001-2021 ENERGY INTELLIGENCE GROUP, INC. / ENERGY INTELLIGENCE GROUP (UK) LIMITED.",2017,Nigeria,Qua Iboe,225.9
Source: Energy Intelligence,"COPYRIGHT © 2001-2021 ENERGY INTELLIGENCE GROUP, INC. / ENERGY INTELLIGENCE GROUP (UK) LIMITED.",2016,Nigeria,Qua Iboe,216.41
Source: Energy Intelligence,"COPYRIGHT © 2001-2021 ENERGY INTELLIGENCE GROUP, INC. / ENERGY INTELLIGENCE GROUP (UK) LIMITED.",2015,Nigeria,Qua Iboe,347.3
Source: Energy Intelligence,"COPYRIGHT © 2001-2021 ENERGY INTELLIGENCE GROUP, INC. / ENERGY INTELLIGENCE GROUP (UK) LIMITED.",2014,Nigeria,Qua Iboe,349.9
Source: Energy Intelligence,"COPYRIGHT © 2001-2021 ENERGY INTELLIGENCE GROUP, INC. / ENERGY INTELLIGENCE GROUP (UK) LIMITED.",2013,Nigeria,Qua Iboe,344.17
Source: Energy Intelligence,"COPYRIGHT © 2001-2021 ENERGY INTELLIGENCE GROUP, INC. / ENERGY INTELLIGENCE GROUP (UK) LIMITED.",2012,Nigeria,Qua Iboe,339.76
Source: Energy Intelligence,"COPYRIGHT © 2001-2021 ENERGY INTELLIGENCE GROUP, INC. / ENERGY INTELLIGENCE GROUP (UK) LIMITED.",2011,Nigeria,Qua Iboe,351.71
Source: Energy Intelligence,"COPYRIGHT © 2001-2021 ENERGY INTELLIGENCE GROUP, INC. / ENERGY INTELLIGENCE GROUP (UK) LIMITED.",2010,Nigeria,Qua Iboe,335.75
Source: Energy Intelligence,"COPYRIGHT © 2001-2021 ENERGY INTELLIGENCE GROUP, INC. / ENERGY INTELLIGENCE GROUP (UK) LIMITED.",2009,Nigeria,Qua Iboe,295.23
Source: Energy Intelligence,"COPYRIGHT © 2001-2021 ENERGY INTELLIGENCE GROUP, INC. / ENERGY INTELLIGENCE GROUP (UK) LIMITED.",2008,Nigeria,Qua Iboe,302
Source: Energy Intelligence,"COPYRIGHT © 2001-2021 ENERGY INTELLIGENCE GROUP, INC. / ENERGY INTELLIGENCE GROUP (UK) LIMITED.",2007,Nigeria,Qua Iboe,369.73
Source: Energy Intelligence,"COPYRIGHT © 2001-2021 ENERGY INTELLIGENCE GROUP, INC. / ENERGY INTELLIGENCE GROUP (UK) LIMITED.",2006,Nigeria,Qua Iboe,383
Source: Energy Intelligence,"COPYRIGHT © 2001-2021 ENERGY INTELLIGENCE GROUP, INC. / ENERGY INTELLIGENCE GROUP (UK) LIMITED.",2024,United Kingdom,Forties Blend,150.55
Source: Energy Intelligence,"COPYRIGHT © 2001-2021 ENERGY INTELLIGENCE GROUP, INC. / ENERGY INTELLIGENCE GROUP (UK) LIMITED.",2023,United Kingdom,Forties Blend,182.74
Source: Energy Intelligence,"COPYRIGHT © 2001-2021 ENERGY INTELLIGENCE GROUP, INC. / ENERGY INTELLIGENCE GROUP (UK) LIMITED.",2022,United Kingdom,Forties Blend,228.67
Source: Energy Intelligence,"COPYRIGHT © 2001-2021 ENERGY INTELLIGENCE GROUP, INC. / ENERGY INTELLIGENCE GROUP (UK) LIMITED.",2021,United Kingdom,Forties Blend,160.03
Source: Energy Intelligence,"COPYRIGHT © 2001-2021 ENERGY INTELLIGENCE GROUP, INC. / ENERGY INTELLIGENCE GROUP (UK) LIMITED.",2020,United Kingdom,Forties Blend,220.29
Source: Energy Intelligence,"COPYRIGHT © 2001-2021 ENERGY INTELLIGENCE GROUP, INC. / ENERGY INTELLIGENCE GROUP (UK) LIMITED.",2019,United Kingdom,Forties Blend,247.02
Source: Energy Intelligence,"COPYRIGHT © 2001-2021 ENERGY INTELLIGENCE GROUP, INC. / ENERGY INTELLIGENCE GROUP (UK) LIMITED.",2018,United Kingdom,Forties Blend,259.56
Source: Energy Intelligence,"COPYRIGHT © 2001-2021 ENERGY INTELLIGENCE GROUP, INC. / ENERGY INTELLIGENCE GROUP (UK) LIMITED.",2017,United Kingdom,Forties Blend,272.86
Source: Energy Intelligence,"COPYRIGHT © 2001-2021 ENERGY INTELLIGENCE GROUP, INC. / ENERGY INTELLIGENCE GROUP (UK) LIMITED.",2016,United Kingdom,Forties Blend,288.4
Source: Energy Intelligence,"COPYRIGHT © 2001-2021 ENERGY INTELLIGENCE GROUP, INC. / ENERGY INTELLIGENCE GROUP (UK) LIMITED.",2015,United Kingdom,Forties Blend,290.18
Source: Energy Intelligence,"COPYRIGHT © 2001-2021 ENERGY INTELLIGENCE GROUP, INC. / ENERGY INTELLIGENCE GROUP (UK) LIMITED.",2014,United Kingdom,Forties Blend,230.79
Source: Energy Intelligence,"COPYRIGHT © 2001-2021 ENERGY INTELLIGENCE GROUP, INC. / ENERGY INTELLIGENCE GROUP (UK) LIMITED.",2013,United Kingdom,Forties Blend,262.09
Source: Energy Intelligence,"COPYRIGHT © 2001-2021 ENERGY INTELLIGENCE GROUP, INC. / ENERGY INTELLIGENCE GROUP (UK) LIMITED.",2012,United Kingdom,Forties Blend,227.89
Source: Energy Intelligence,"COPYRIGHT © 2001-2021 ENERGY INTELLIGENCE GROUP, INC. / ENERGY INTELLIGENCE GROUP (UK) LIMITED.",2011,United Kingdom,Forties Blend,185.81
Source: Energy Intelligence,"COPYRIGHT © 2001-2021 ENERGY INTELLIGENCE GROUP, INC. / ENERGY INTELLIGENCE GROUP (UK) LIMITED.",2010,United Kingdom,Forties Blend,340.73
Source: Energy Intelligence,"COPYRIGHT © 2001-2021 ENERGY INTELLIGENCE GROUP, INC. / ENERGY INTELLIGENCE GROUP (UK) LIMITED.",2009,United Kingdom,Forties Blend,377.32
Source: Energy Intelligence,"COPYRIGHT © 2001-2021 ENERGY INTELLIGENCE GROUP, INC. / ENERGY INTELLIGENCE GROUP (UK) LIMITED.",2008,United Kingdom,Forties Blend,380.96
Source: Energy Intelligence,"COPYRIGHT © 2001-2021 ENERGY INTELLIGENCE GROUP, INC. / ENERGY INTELLIGENCE GROUP (UK) LIMITED.",2007,United Kingdom,Forties Blend,360.45
Source: Energy Intelligence,"COPYRIGHT © 2001-2021 ENERGY INTELLIGENCE GROUP, INC. / ENERGY INTELLIGENCE GROUP (UK) LIMITED.",2006,United Kingdom,Forties Blend,329.12
Source: Energy Intelligence,"COPYRIGHT © 2001-2021 ENERGY INTELLIGENCE GROUP, INC. / ENERGY INTELLIGENCE GROUP (UK) LIMITED.",2024,Qatar,Al-Shaheen,280
Source: Energy Intelligence,"COPYRIGHT © 2001-2021 ENERGY INTELLIGENCE GROUP, INC. / ENERGY INTELLIGENCE GROUP (UK) LIMITED.",2023,Qatar,Al-Shaheen,270
Source: Energy Intelligence,"COPYRIGHT © 2001-2021 ENERGY INTELLIGENCE GROUP, INC. / ENERGY INTELLIGENCE GROUP (UK) LIMITED.",2022,Qatar,Al-Shaheen,250
Source: Energy Intelligence,"COPYRIGHT © 2001-2021 ENERGY INTELLIGENCE GROUP, INC. / ENERGY INTELLIGENCE GROUP (UK) LIMITED.",2021,Qatar,Al-Shaheen,221
Source: Energy Intelligence,"COPYRIGHT © 2001-2021 ENERGY INTELLIGENCE GROUP, INC. / ENERGY INTELLIGENCE GROUP (UK) LIMITED.",2020,Qatar,Al-Shaheen,192
Source: Energy Intelligence,"COPYRIGHT © 2001-2021 ENERGY INTELLIGENCE GROUP, INC. / ENERGY INTELLIGENCE GROUP (UK) LIMITED.",2019,Qatar,Al-Shaheen,203.54
Source: Energy Intelligence,"COPYRIGHT © 2001-2021 ENERGY INTELLIGENCE GROUP, INC. / ENERGY INTELLIGENCE GROUP (UK) LIMITED.",2018,Qatar,Al-Shaheen,210.1
Source: Energy Intelligence,"COPYRIGHT © 2001-2021 ENERGY INTELLIGENCE GROUP, INC. / ENERGY INTELLIGENCE GROUP (UK) LIMITED.",2017,Qatar,Al-Shaheen,225.6
Source: Energy Intelligence,"COPYRIGHT © 2001-2021 ENERGY INTELLIGENCE GROUP, INC. / ENERGY INTELLIGENCE GROUP (UK) LIMITED.",2016,Qatar,Al-Shaheen,240
Source: Energy Intelligence,"COPYRIGHT © 2001-2021 ENERGY INTELLIGENCE GROUP, INC. / ENERGY INTELLIGENCE GROUP (UK) LIMITED.",2015,Qatar,Al-Shaheen,240
Source: Energy Intelligence,"COPYRIGHT © 2001-2021 ENERGY INTELLIGENCE GROUP, INC. / ENERGY INTELLIGENCE GROUP (UK) LIMITED.",2014,Qatar,Al-Shaheen,268
Source: Energy Intelligence,"COPYRIGHT © 2001-2021 ENERGY INTELLIGENCE GROUP, INC. / ENERGY INTELLIGENCE GROUP (UK) LIMITED.",2013,Qatar,Al-Shaheen,270
Source: Energy Intelligence,"COPYRIGHT © 2001-2021 ENERGY INTELLIGENCE GROUP, INC. / ENERGY INTELLIGENCE GROUP (UK) LIMITED.",2012,Qatar,Al-Shaheen,268.4
Source: Energy Intelligence,"COPYRIGHT © 2001-2021 ENERGY INTELLIGENCE GROUP, INC. / ENERGY INTELLIGENCE GROUP (UK) LIMITED.",2011,Qatar,Al-Shaheen,221
Source: Energy Intelligence,"COPYRIGHT © 2001-2021 ENERGY INTELLIGENCE GROUP, INC. / ENERGY INTELLIGENCE GROUP (UK) LIMITED.",2010,Qatar,Al-Shaheen,257
Source: Energy Intelligence,"COPYRIGHT © 2001-2021 ENERGY INTELLIGENCE GROUP, INC. / ENERGY INTELLIGENCE GROUP (UK) LIMITED.",2009,Qatar,Al-Shaheen,195
Source: Energy Intelligence,"COPYRIGHT © 2001-2021 ENERGY INTELLIGENCE GROUP, INC. / ENERGY INTELLIGENCE GROUP (UK) LIMITED.",2008,Qatar,Al-Shaheen,300
Source: Energy Intelligence,"COPYRIGHT © 2001-2021 ENERGY INTELLIGENCE GROUP, INC. / ENERGY INTELLIGENCE GROUP (UK) LIMITED.",2007,Qatar,Al-Shaheen,300
Source: Energy Intelligence,"COPYRIGHT © 2001-2021 ENERGY INTELLIGENCE GROUP, INC. / ENERGY INTELLIGENCE GROUP (UK) LIMITED.",2006,Qatar,Al-Shaheen,180
Source: Energy Intelligence,"COPYRIGHT © 2001-2021 ENERGY INTELLIGENCE GROUP, INC. / ENERGY INTELLIGENCE GROUP (UK) LIMITED.",2015,Abu Dhabi,Zakum,0
Source: Energy Intelligence,"COPYRIGHT © 2001-2021 ENERGY INTELLIGENCE GROUP, INC. / ENERGY INTELLIGENCE GROUP (UK) LIMITED.",2014,Abu Dhabi,Zakum,175.1
Source: Energy Intelligence,"COPYRIGHT © 2001-2021 ENERGY INTELLIGENCE GROUP, INC. / ENERGY INTELLIGENCE GROUP (UK) LIMITED.",2013,Abu Dhabi,Zakum,350
Source: Energy Intelligence,"COPYRIGHT © 2001-2021 ENERGY INTELLIGENCE GROUP, INC. / ENERGY INTELLIGENCE GROUP (UK) LIMITED.",2012,Abu Dhabi,Zakum,300
Source: Energy Intelligence,"COPYRIGHT © 2001-2021 ENERGY INTELLIGENCE GROUP, INC. / ENERGY INTELLIGENCE GROUP (UK) LIMITED.",2011,Abu Dhabi,Zakum,300
Source: Energy Intelligence,"COPYRIGHT © 2001-2021 ENERGY INTELLIGENCE GROUP, INC. / ENERGY INTELLIGENCE GROUP (UK) LIMITED.",2010,Abu Dhabi,Zakum,225
Source: Energy Intelligence,"COPYRIGHT © 2001-2021 ENERGY INTELLIGENCE GROUP, INC. / ENERGY INTELLIGENCE GROUP (UK) LIMITED.",2009,Abu Dhabi,Zakum,225
Source: Energy Intelligence,"COPYRIGHT © 2001-2021 ENERGY INTELLIGENCE GROUP, INC. / ENERGY INTELLIGENCE GROUP (UK) LIMITED.",2008,Abu Dhabi,Zakum,300
Source: Energy Intelligence,"COPYRIGHT © 2001-2021 ENERGY INTELLIGENCE GROUP, INC. / ENERGY INTELLIGENCE GROUP (UK) LIMITED.",2007,Abu Dhabi,Zakum,290
Source: Energy Intelligence,"COPYRIGHT © 2001-2021 ENERGY INTELLIGENCE GROUP, INC. / ENERGY INTELLIGENCE GROUP (UK) LIMITED.",2006,Abu Dhabi,Zakum,215
Source: Energy Intelligence,"COPYRIGHT © 2001-2021 ENERGY INTELLIGENCE GROUP, INC. / ENERGY INTELLIGENCE GROUP (UK) LIMITED.",2024,Kazakhstan,Karachaganak Condensate,263
Source: Energy Intelligence,"COPYRIGHT © 2001-2021 ENERGY INTELLIGENCE GROUP, INC. / ENERGY INTELLIGENCE GROUP (UK) LIMITED.",2023,Kazakhstan,Karachaganak Condensate,261.25
Source: Energy Intelligence,"COPYRIGHT © 2001-2021 ENERGY INTELLIGENCE GROUP, INC. / ENERGY INTELLIGENCE GROUP (UK) LIMITED.",2022,Kazakhstan,Karachaganak Condensate,243.67
Source: Energy Intelligence,"COPYRIGHT © 2001-2021 ENERGY INTELLIGENCE GROUP, INC. / ENERGY INTELLIGENCE GROUP (UK) LIMITED.",2021,Kazakhstan,Karachaganak Condensate,248.69
Source: Energy Intelligence,"COPYRIGHT © 2001-2021 ENERGY INTELLIGENCE GROUP, INC. / ENERGY INTELLIGENCE GROUP (UK) LIMITED.",2020,Kazakhstan,Karachaganak Condensate,262.41
Source: Energy Intelligence,"COPYRIGHT © 2001-2021 ENERGY INTELLIGENCE GROUP, INC. / ENERGY INTELLIGENCE GROUP (UK) LIMITED.",2019,Kazakhstan,Karachaganak Condensate,244.05
Source: Energy Intelligence,"COPYRIGHT © 2001-2021 ENERGY INTELLIGENCE GROUP, INC. / ENERGY INTELLIGENCE GROUP (UK) LIMITED.",2018,Kazakhstan,Karachaganak Condensate,263.54
Source: Energy Intelligence,"COPYRIGHT © 2001-2021 ENERGY INTELLIGENCE GROUP, INC. / ENERGY INTELLIGENCE GROUP (UK) LIMITED.",2017,Kazakhstan,Karachaganak Condensate,270.51
Source: Energy Intelligence,"COPYRIGHT © 2001-2021 ENERGY INTELLIGENCE GROUP, INC. / ENERGY INTELLIGENCE GROUP (UK) LIMITED.",2016,Kazakhstan,Karachaganak Condensate,232.91
Source: Energy Intelligence,"COPYRIGHT © 2001-2021 ENERGY INTELLIGENCE GROUP, INC. / ENERGY INTELLIGENCE GROUP (UK) LIMITED.",2015,Kazakhstan,Karachaganak Condensate,240.91
Source: Energy Intelligence,"COPYRIGHT © 2001-2021 ENERGY INTELLIGENCE GROUP, INC. / ENERGY INTELLIGENCE GROUP (UK) LIMITED.",2014,Kazakhstan,Karachaganak Condensate,245.53
Source: Energy Intelligence,"COPYRIGHT © 2001-2021 ENERGY INTELLIGENCE GROUP, INC. / ENERGY INTELLIGENCE GROUP (UK) LIMITED.",2013,Kazakhstan,Karachaganak Condensate,234.23
Source: Energy Intelligence,"COPYRIGHT © 2001-2021 ENERGY INTELLIGENCE GROUP, INC. / ENERGY INTELLIGENCE GROUP (UK) LIMITED.",2012,Kazakhstan,Karachaganak Condensate,225.4
Source: Energy Intelligence,"COPYRIGHT © 2001-2021 ENERGY INTELLIGENCE GROUP, INC. / ENERGY INTELLIGENCE GROUP (UK) LIMITED.",2011,Kazakhstan,Karachaganak Condensate,217.8
Source: Energy Intelligence,"COPYRIGHT © 2001-2021 ENERGY INTELLIGENCE GROUP, INC. / ENERGY INTELLIGENCE GROUP (UK) LIMITED.",2010,Kazakhstan,Karachaganak Condensate,88
Source: Energy Intelligence,"COPYRIGHT © 2001-2021 ENERGY INTELLIGENCE GROUP, INC. / ENERGY INTELLIGENCE GROUP (UK) LIMITED.",2009,Kazakhstan,Karachaganak Condensate,99
Source: Energy Intelligence,"COPYRIGHT © 2001-2021 ENERGY INTELLIGENCE GROUP, INC. / ENERGY INTELLIGENCE GROUP (UK) LIMITED.",2008,Kazakhstan,Karachaganak Condensate,
Source: Energy Intelligence,"COPYRIGHT © 2001-2021 ENERGY INTELLIGENCE GROUP, INC. / ENERGY INTELLIGENCE GROUP (UK) LIMITED.",2007,Kazakhstan,Karachaganak Condensate,
Source: Energy Intelligence,"COPYRIGHT © 2001-2021 ENERGY INTELLIGENCE GROUP, INC. / ENERGY INTELLIGENCE GROUP (UK) LIMITED.",2006,Kazakhstan,Karachaganak Condensate,
Source: Energy Intelligence,"COPYRIGHT © 2001-2021 ENERGY INTELLIGENCE GROUP, INC. / ENERGY INTELLIGENCE GROUP (UK) LIMITED.",2024,Ecuador,Oriente,205
Source: Energy Intelligence,"COPYRIGHT © 2001-2021 ENERGY INTELLIGENCE GROUP, INC. / ENERGY INTELLIGENCE GROUP (UK) LIMITED.",2023,Ecuador,Oriente,183.8
Source: Energy Intelligence,"COPYRIGHT © 2001-2021 ENERGY INTELLIGENCE GROUP, INC. / ENERGY INTELLIGENCE GROUP (UK) LIMITED.",2022,Ecuador,Oriente,191.2
Source: Energy Intelligence,"COPYRIGHT © 2001-2021 ENERGY INTELLIGENCE GROUP, INC. / ENERGY INTELLIGENCE GROUP (UK) LIMITED.",2021,Ecuador,Oriente,186.6
Source: Energy Intelligence,"COPYRIGHT © 2001-2021 ENERGY INTELLIGENCE GROUP, INC. / ENERGY INTELLIGENCE GROUP (UK) LIMITED.",2020,Ecuador,Oriente,223.5
Source: Energy Intelligence,"COPYRIGHT © 2001-2021 ENERGY INTELLIGENCE GROUP, INC. / ENERGY INTELLIGENCE GROUP (UK) LIMITED.",2019,Ecuador,Oriente,225.6
Source: Energy Intelligence,"COPYRIGHT © 2001-2021 ENERGY INTELLIGENCE GROUP, INC. / ENERGY INTELLIGENCE GROUP (UK) LIMITED.",2018,Ecuador,Oriente,215.43
Source: Energy Intelligence,"COPYRIGHT © 2001-2021 ENERGY INTELLIGENCE GROUP, INC. / ENERGY INTELLIGENCE GROUP (UK) LIMITED.",2017,Ecuador,Oriente,233.3
Source: Energy Intelligence,"COPYRIGHT © 2001-2021 ENERGY INTELLIGENCE GROUP, INC. / ENERGY INTELLIGENCE GROUP (UK) LIMITED.",2016,Ecuador,Oriente,248.61
Source: Energy Intelligence,"COPYRIGHT © 2001-2021 ENERGY INTELLIGENCE GROUP, INC. / ENERGY INTELLIGENCE GROUP (UK) LIMITED.",2015,Ecuador,Oriente,282.03
Source: Energy Intelligence,"COPYRIGHT © 2001-2021 ENERGY INTELLIGENCE GROUP, INC. / ENERGY INTELLIGENCE GROUP (UK) LIMITED.",2014,Ecuador,Oriente,265.46
Source: Energy Intelligence,"COPYRIGHT © 2001-2021 ENERGY INTELLIGENCE GROUP, INC. / ENERGY INTELLIGENCE GROUP (UK) LIMITED.",2013,Ecuador,Oriente,245.64
Source: Energy Intelligence,"COPYRIGHT © 2001-2021 ENERGY INTELLIGENCE GROUP, INC. / ENERGY INTELLIGENCE GROUP (UK) LIMITED.",2012,Ecuador,Oriente,229.57
Source: Energy Intelligence,"COPYRIGHT © 2001-2021 ENERGY INTELLIGENCE GROUP, INC. / ENERGY INTELLIGENCE GROUP (UK) LIMITED.",2011,Ecuador,Oriente,214.08
Source: Energy Intelligence,"COPYRIGHT © 2001-2021 ENERGY INTELLIGENCE GROUP, INC. / ENERGY INTELLIGENCE GROUP (UK) LIMITED.",2010,Ecuador,Oriente,221.82
Source: Energy Intelligence,"COPYRIGHT © 2001-2021 ENERGY INTELLIGENCE GROUP, INC. / ENERGY INTELLIGENCE GROUP (UK) LIMITED.",2009,Ecuador,Oriente,204.85
Source: Energy Intelligence,"COPYRIGHT © 2001-2021 ENERGY INTELLIGENCE GROUP, INC. / ENERGY INTELLIGENCE GROUP (UK) LIMITED.",2008,Ecuador,Oriente,217.96
Source: Energy Intelligence,"COPYRIGHT © 2001-2021 ENERGY INTELLIGENCE GROUP, INC. / ENERGY INTELLIGENCE GROUP (UK) LIMITED.",2007,Ecuador,Oriente,192.79
Source: Energy Intelligence,"COPYRIGHT © 2001-2021 ENERGY INTELLIGENCE GROUP, INC. / ENERGY INTELLIGENCE GROUP (UK) LIMITED.",2006,Ecuador,Oriente,215.59
Source: Energy Intelligence,"COPYRIGHT © 2001-2021 ENERGY INTELLIGENCE GROUP, INC. / ENERGY INTELLIGENCE GROUP (UK) LIMITED.",2024,Qatar,Deodorized Field Condensate,140
Source: Energy Intelligence,"COPYRIGHT © 2001-2021 ENERGY INTELLIGENCE GROUP, INC. / ENERGY INTELLIGENCE GROUP (UK) LIMITED.",2023,Qatar,Deodorized Field Condensate,150
Source: Energy Intelligence,"COPYRIGHT © 2001-2021 ENERGY INTELLIGENCE GROUP, INC. / ENERGY INTELLIGENCE GROUP (UK) LIMITED.",2022,Qatar,Deodorized Field Condensate,140
Source: Energy Intelligence,"COPYRIGHT © 2001-2021 ENERGY INTELLIGENCE GROUP, INC. / ENERGY INTELLIGENCE GROUP (UK) LIMITED.",2021,Qatar,Deodorized Field Condensate,160
Source: Energy Intelligence,"COPYRIGHT © 2001-2021 ENERGY INTELLIGENCE GROUP, INC. / ENERGY INTELLIGENCE GROUP (UK) LIMITED.",2020,Qatar,Deodorized Field Condensate,220
Source: Energy Intelligence,"COPYRIGHT © 2001-2021 ENERGY INTELLIGENCE GROUP, INC. / ENERGY INTELLIGENCE GROUP (UK) LIMITED.",2019,Qatar,Deodorized Field Condensate,220
Source: Energy Intelligence,"COPYRIGHT © 2001-2021 ENERGY INTELLIGENCE GROUP, INC. / ENERGY INTELLIGENCE GROUP (UK) LIMITED.",2018,Qatar,Deodorized Field Condensate,220
Source: Energy Intelligence,"COPYRIGHT © 2001-2021 ENERGY INTELLIGENCE GROUP, INC. / ENERGY INTELLIGENCE GROUP (UK) LIMITED.",2017,Qatar,Deodorized Field Condensate,220
Source: Energy Intelligence,"COPYRIGHT © 2001-2021 ENERGY INTELLIGENCE GROUP, INC. / ENERGY INTELLIGENCE GROUP (UK) LIMITED.",2016,Qatar,Deodorized Field Condensate,370
Source: Energy Intelligence,"COPYRIGHT © 2001-2021 ENERGY INTELLIGENCE GROUP, INC. / ENERGY INTELLIGENCE GROUP (UK) LIMITED.",2015,Qatar,Deodorized Field Condensate,370
Source: Energy Intelligence,"COPYRIGHT © 2001-2021 ENERGY INTELLIGENCE GROUP, INC. / ENERGY INTELLIGENCE GROUP (UK) LIMITED.",2014,Qatar,Deodorized Field Condensate,370
Source: Energy Intelligence,"COPYRIGHT © 2001-2021 ENERGY INTELLIGENCE GROUP, INC. / ENERGY INTELLIGENCE GROUP (UK) LIMITED.",2013,Qatar,Deodorized Field Condensate,312
Source: Energy Intelligence,"COPYRIGHT © 2001-2021 ENERGY INTELLIGENCE GROUP, INC. / ENERGY INTELLIGENCE GROUP (UK) LIMITED.",2012,Qatar,Deodorized Field Condensate,312
Source: Energy Intelligence,"COPYRIGHT © 2001-2021 ENERGY INTELLIGENCE GROUP, INC. / ENERGY INTELLIGENCE GROUP (UK) LIMITED.",2011,Qatar,Deodorized Field Condensate,270
Source: Energy Intelligence,"COPYRIGHT © 2001-2021 ENERGY INTELLIGENCE GROUP, INC. / ENERGY INTELLIGENCE GROUP (UK) LIMITED.",2010,Qatar,Deodorized Field Condensate,133
Source: Energy Intelligence,"COPYRIGHT © 2001-2021 ENERGY INTELLIGENCE GROUP, INC. / ENERGY INTELLIGENCE GROUP (UK) LIMITED.",2009,Qatar,Deodorized Field Condensate,100
Source: Energy Intelligence,"COPYRIGHT © 2001-2021 ENERGY INTELLIGENCE GROUP, INC. / ENERGY INTELLIGENCE GROUP (UK) LIMITED.",2008,Qatar,Deodorized Field Condensate,100
Source: Energy Intelligence,"COPYRIGHT © 2001-2021 ENERGY INTELLIGENCE GROUP, INC. / ENERGY INTELLIGENCE GROUP (UK) LIMITED.",2007,Qatar,Deodorized Field Condensate,20
Source: Energy Intelligence,"COPYRIGHT © 2001-2021 ENERGY INTELLIGENCE GROUP, INC. / ENERGY INTELLIGENCE GROUP (UK) LIMITED.",2024,Guyana,Unity Gold,231.6
Source: Energy Intelligence,"COPYRIGHT © 2001-2021 ENERGY INTELLIGENCE GROUP, INC. / ENERGY INTELLIGENCE GROUP (UK) LIMITED.",2023,Guyana,Unity Gold,235
Source: Energy Intelligence,"COPYRIGHT © 2001-2021 ENERGY INTELLIGENCE GROUP, INC. / ENERGY INTELLIGENCE GROUP (UK) LIMITED.",2022,Guyana,Unity Gold,150
Source: Energy Intelligence,"COPYRIGHT © 2001-2021 ENERGY INTELLIGENCE GROUP, INC. / ENERGY INTELLIGENCE GROUP (UK) LIMITED.",2024,Iran,South Pars Condensate,200
Source: Energy Intelligence,"COPYRIGHT © 2001-2021 ENERGY INTELLIGENCE GROUP, INC. / ENERGY INTELLIGENCE GROUP (UK) LIMITED.",2023,Iran,South Pars Condensate,200
Source: Energy Intelligence,"COPYRIGHT © 2001-2021 ENERGY INTELLIGENCE GROUP, INC. / ENERGY INTELLIGENCE GROUP (UK) LIMITED.",2022,Iran,South Pars Condensate,200
Source: Energy Intelligence,"COPYRIGHT © 2001-2021 ENERGY INTELLIGENCE GROUP, INC. / ENERGY INTELLIGENCE GROUP (UK) LIMITED.",2021,Iran,South Pars Condensate,100
Source: Energy Intelligence,"COPYRIGHT © 2001-2021 ENERGY INTELLIGENCE GROUP, INC. / ENERGY INTELLIGENCE GROUP (UK) LIMITED.",2020,Iran,South Pars Condensate,60
Source: Energy Intelligence,"COPYRIGHT © 2001-2021 ENERGY INTELLIGENCE GROUP, INC. / ENERGY INTELLIGENCE GROUP (UK) LIMITED.",2019,Iran,South Pars Condensate,50
Source: Energy Intelligence,"COPYRIGHT © 2001-2021 ENERGY INTELLIGENCE GROUP, INC. / ENERGY INTELLIGENCE GROUP (UK) LIMITED.",2018,Iran,South Pars Condensate,135
Source: Energy Intelligence,"COPYRIGHT © 2001-2021 ENERGY INTELLIGENCE GROUP, INC. / ENERGY INTELLIGENCE GROUP (UK) LIMITED.",2017,Iran,South Pars Condensate,300
Source: Energy Intelligence,"COPYRIGHT © 2001-2021 ENERGY INTELLIGENCE GROUP, INC. / ENERGY INTELLIGENCE GROUP (UK) LIMITED.",2016,Iran,South Pars Condensate,400
Source: Energy Intelligence,"COPYRIGHT © 2001-2021 ENERGY INTELLIGENCE GROUP, INC. / ENERGY INTELLIGENCE GROUP (UK) LIMITED.",2015,Iran,South Pars Condensate,300
Source: Energy Intelligence,"COPYRIGHT © 2001-2021 ENERGY INTELLIGENCE GROUP, INC. / ENERGY INTELLIGENCE GROUP (UK) LIMITED.",2014,Iran,South Pars Condensate,250
Source: Energy Intelligence,"COPYRIGHT © 2001-2021 ENERGY INTELLIGENCE GROUP, INC. / ENERGY INTELLIGENCE GROUP (UK) LIMITED.",2013,Iran,South Pars Condensate,200
Source: Energy Intelligence,"COPYRIGHT © 2001-2021 ENERGY INTELLIGENCE GROUP, INC. / ENERGY INTELLIGENCE GROUP (UK) LIMITED.",2012,Iran,South Pars Condensate,180
Source: Energy Intelligence,"COPYRIGHT © 2001-2021 ENERGY INTELLIGENCE GROUP, INC. / ENERGY INTELLIGENCE GROUP (UK) LIMITED.",2011,Iran,South Pars Condensate,240
Source: Energy Intelligence,"COPYRIGHT © 2001-2021 ENERGY INTELLIGENCE GROUP, INC. / ENERGY INTELLIGENCE GROUP (UK) LIMITED.",2010,Iran,South Pars Condensate,244
Source: Energy Intelligence,"COPYRIGHT © 2001-2021 ENERGY INTELLIGENCE GROUP, INC. / ENERGY INTELLIGENCE GROUP (UK) LIMITED.",2009,Iran,South Pars Condensate,200
Source: Energy Intelligence,"COPYRIGHT © 2001-2021 ENERGY INTELLIGENCE GROUP, INC. / ENERGY INTELLIGENCE GROUP (UK) LIMITED.",2024,Libya,Es Sider,293.4
Source: Energy Intelligence,"COPYRIGHT © 2001-2021 ENERGY INTELLIGENCE GROUP, INC. / ENERGY INTELLIGENCE GROUP (UK) LIMITED.",2023,Libya,Es Sider,324.2
Source: Energy Intelligence,"COPYRIGHT © 2001-2021 ENERGY INTELLIGENCE GROUP, INC. / ENERGY INTELLIGENCE GROUP (UK) LIMITED.",2022,Libya,Es Sider,284.6
Source: Energy Intelligence,"COPYRIGHT © 2001-2021 ENERGY INTELLIGENCE GROUP, INC. / ENERGY INTELLIGENCE GROUP (UK) LIMITED.",2021,Libya,Es Sider,315
Source: Energy Intelligence,"COPYRIGHT © 2001-2021 ENERGY INTELLIGENCE GROUP, INC. / ENERGY INTELLIGENCE GROUP (UK) LIMITED.",2020,Libya,Es Sider,85
Source: Energy Intelligence,"COPYRIGHT © 2001-2021 ENERGY INTELLIGENCE GROUP, INC. / ENERGY INTELLIGENCE GROUP (UK) LIMITED.",2019,Libya,Es Sider,330
Source: Energy Intelligence,"COPYRIGHT © 2001-2021 ENERGY INTELLIGENCE GROUP, INC. / ENERGY INTELLIGENCE GROUP (UK) LIMITED.",2018,Libya,Es Sider,113
Source: Energy Intelligence,"COPYRIGHT © 2001-2021 ENERGY INTELLIGENCE GROUP, INC. / ENERGY INTELLIGENCE GROUP (UK) LIMITED.",2017,Libya,Es Sider,103
Source: Energy Intelligence,"COPYRIGHT © 2001-2021 ENERGY INTELLIGENCE GROUP, INC. / ENERGY INTELLIGENCE GROUP (UK) LIMITED.",2016,Libya,Es Sider,14
Source: Energy Intelligence,"COPYRIGHT © 2001-2021 ENERGY INTELLIGENCE GROUP, INC. / ENERGY INTELLIGENCE GROUP (UK) LIMITED.",2015,Libya,Es Sider,0
Source: Energy Intelligence,"COPYRIGHT © 2001-2021 ENERGY INTELLIGENCE GROUP, INC. / ENERGY INTELLIGENCE GROUP (UK) LIMITED.",2014,Libya,Es Sider,35
Source: Energy Intelligence,"COPYRIGHT © 2001-2021 ENERGY INTELLIGENCE GROUP, INC. / ENERGY INTELLIGENCE GROUP (UK) LIMITED.",2013,Libya,Es Sider,190
Source: Energy Intelligence,"COPYRIGHT © 2001-2021 ENERGY INTELLIGENCE GROUP, INC. / ENERGY INTELLIGENCE GROUP (UK) LIMITED.",2012,Libya,Es Sider,299
Source: Energy Intelligence,"COPYRIGHT © 2001-2021 ENERGY INTELLIGENCE GROUP, INC. / ENERGY INTELLIGENCE GROUP (UK) LIMITED.",2011,Libya,Es Sider,0
Source: Energy Intelligence,"COPYRIGHT © 2001-2021 ENERGY INTELLIGENCE GROUP, INC. / ENERGY INTELLIGENCE GROUP (UK) LIMITED.",2010,Libya,Es Sider,300
Source: Energy Intelligence,"COPYRIGHT © 2001-2021 ENERGY INTELLIGENCE GROUP, INC. / ENERGY INTELLIGENCE GROUP (UK) LIMITED.",2009,Libya,Es Sider,300
Source: Energy Intelligence,"COPYRIGHT © 2001-2021 ENERGY INTELLIGENCE GROUP, INC. / ENERGY INTELLIGENCE GROUP (UK) LIMITED.",2008,Libya,Es Sider,285
Source: Energy Intelligence,"COPYRIGHT © 2001-2021 ENERGY INTELLIGENCE GROUP, INC. / ENERGY INTELLIGENCE GROUP (UK) LIMITED.",2007,Libya,Es Sider,280
Source: Energy Intelligence,"COPYRIGHT © 2001-2021 ENERGY INTELLIGENCE GROUP, INC. / ENERGY INTELLIGENCE GROUP (UK) LIMITED.",2006,Libya,Es Sider,285
Source: Energy Intelligence,"COPYRIGHT © 2001-2021 ENERGY INTELLIGENCE GROUP, INC. / ENERGY INTELLIGENCE GROUP (UK) LIMITED.",2024,Kazakhstan,Kashagan,378.39
Source: Energy Intelligence,"COPYRIGHT © 2001-2021 ENERGY INTELLIGENCE GROUP, INC. / ENERGY INTELLIGENCE GROUP (UK) LIMITED.",2023,Kazakhstan,Kashagan,408.47
Source: Energy Intelligence,"COPYRIGHT © 2001-2021 ENERGY INTELLIGENCE GROUP, INC. / ENERGY INTELLIGENCE GROUP (UK) LIMITED.",2022,Kazakhstan,Kashagan,276.28
Source: Energy Intelligence,"COPYRIGHT © 2001-2021 ENERGY INTELLIGENCE GROUP, INC. / ENERGY INTELLIGENCE GROUP (UK) LIMITED.",2021,Kazakhstan,Kashagan,353.03
Source: Energy Intelligence,"COPYRIGHT © 2001-2021 ENERGY INTELLIGENCE GROUP, INC. / ENERGY INTELLIGENCE GROUP (UK) LIMITED.",2020,Kazakhstan,Kashagan,328.77
Source: Energy Intelligence,"COPYRIGHT © 2001-2021 ENERGY INTELLIGENCE GROUP, INC. / ENERGY INTELLIGENCE GROUP (UK) LIMITED.",2019,Kazakhstan,Kashagan,307.21
Source: Energy Intelligence,"COPYRIGHT © 2001-2021 ENERGY INTELLIGENCE GROUP, INC. / ENERGY INTELLIGENCE GROUP (UK) LIMITED.",2018,Kazakhstan,Kashagan,287.71
Source: Energy Intelligence,"COPYRIGHT © 2001-2021 ENERGY INTELLIGENCE GROUP, INC. / ENERGY INTELLIGENCE GROUP (UK) LIMITED.",2017,Kazakhstan,Kashagan,181.81
Source: Energy Intelligence,"COPYRIGHT © 2001-2021 ENERGY INTELLIGENCE GROUP, INC. / ENERGY INTELLIGENCE GROUP (UK) LIMITED.",2016,Kazakhstan,Kashagan,19.34
Source: Energy Intelligence,"COPYRIGHT © 2001-2021 ENERGY INTELLIGENCE GROUP, INC. / ENERGY INTELLIGENCE GROUP (UK) LIMITED.",2015,Kazakhstan,Kashagan,0
Source: Energy Intelligence,"COPYRIGHT © 2001-2021 ENERGY INTELLIGENCE GROUP, INC. / ENERGY INTELLIGENCE GROUP (UK) LIMITED.",2014,Kazakhstan,Kashagan,0
Source: Energy Intelligence,"COPYRIGHT © 2001-2021 ENERGY INTELLIGENCE GROUP, INC. / ENERGY INTELLIGENCE GROUP (UK) LIMITED.",2013,Kazakhstan,Kashagan,0
Source: Energy Intelligence,"COPYRIGHT © 2001-2021 ENERGY INTELLIGENCE GROUP, INC. / ENERGY INTELLIGENCE GROUP (UK) LIMITED.",2012,Kazakhstan,Kashagan,0
Source: Energy Intelligence,"COPYRIGHT © 2001-2021 ENERGY INTELLIGENCE GROUP, INC. / ENERGY INTELLIGENCE GROUP (UK) LIMITED.",2024,Congo (Brazzaville),Djeno,208
Source: Energy Intelligence,"COPYRIGHT © 2001-2021 ENERGY INTELLIGENCE GROUP, INC. / ENERGY INTELLIGENCE GROUP (UK) LIMITED.",2023,Congo (Brazzaville),Djeno,199.7
Source: Energy Intelligence,"COPYRIGHT © 2001-2021 ENERGY INTELLIGENCE GROUP, INC. / ENERGY INTELLIGENCE GROUP (UK) LIMITED.",2022,Congo (Brazzaville),Djeno,189.3
Source: Energy Intelligence,"COPYRIGHT © 2001-2021 ENERGY INTELLIGENCE GROUP, INC. / ENERGY INTELLIGENCE GROUP (UK) LIMITED.",2021,Congo (Brazzaville),Djeno,204.4
Source: Energy Intelligence,"COPYRIGHT © 2001-2021 ENERGY INTELLIGENCE GROUP, INC. / ENERGY INTELLIGENCE GROUP (UK) LIMITED.",2020,Congo (Brazzaville),Djeno,226.23
Source: Energy Intelligence,"COPYRIGHT © 2001-2021 ENERGY INTELLIGENCE GROUP, INC. / ENERGY INTELLIGENCE GROUP (UK) LIMITED.",2019,Congo (Brazzaville),Djeno,252.05
Source: Energy Intelligence,"COPYRIGHT © 2001-2021 ENERGY INTELLIGENCE GROUP, INC. / ENERGY INTELLIGENCE GROUP (UK) LIMITED.",2018,Congo (Brazzaville),Djeno,249.53
Source: Energy Intelligence,"COPYRIGHT © 2001-2021 ENERGY INTELLIGENCE GROUP, INC. / ENERGY INTELLIGENCE GROUP (UK) LIMITED.",2017,Congo (Brazzaville),Djeno,189.04
Source: Energy Intelligence,"COPYRIGHT © 2001-2021 ENERGY INTELLIGENCE GROUP, INC. / ENERGY INTELLIGENCE GROUP (UK) LIMITED.",2016,Congo (Brazzaville),Djeno,153.42
Source: Energy Intelligence,"COPYRIGHT © 2001-2021 ENERGY INTELLIGENCE GROUP, INC. / ENERGY INTELLIGENCE GROUP (UK) LIMITED.",2015,Congo (Brazzaville),Djeno,156.68
Source: Energy Intelligence,"COPYRIGHT © 2001-2021 ENERGY INTELLIGENCE GROUP, INC. / ENERGY INTELLIGENCE GROUP (UK) LIMITED.",2014,Congo (Brazzaville),Djeno,168.88
Source: Energy Intelligence,"COPYRIGHT © 2001-2021 ENERGY INTELLIGENCE GROUP, INC. / ENERGY INTELLIGENCE GROUP (UK) LIMITED.",2013,Congo (Brazzaville),Djeno,163.84
Source: Energy Intelligence,"COPYRIGHT © 2001-2021 ENERGY INTELLIGENCE GROUP, INC. / ENERGY INTELLIGENCE GROUP (UK) LIMITED.",2012,Congo (Brazzaville),Djeno,175.68
Source: Energy Intelligence,"COPYRIGHT © 2001-2021 ENERGY INTELLIGENCE GROUP, INC. / ENERGY INTELLIGENCE GROUP (UK) LIMITED.",2011,Congo (Brazzaville),Djeno,175.2
Source: Energy Intelligence,"COPYRIGHT © 2001-2021 ENERGY INTELLIGENCE GROUP, INC. / ENERGY INTELLIGENCE GROUP (UK) LIMITED.",2010,Congo (Brazzaville),Djeno,185
Source: Energy Intelligence,"COPYRIGHT © 2001-2021 ENERGY INTELLIGENCE GROUP, INC. / ENERGY INTELLIGENCE GROUP (UK) LIMITED.",2009,Congo (Brazzaville),Djeno,190
Source: Energy Intelligence,"COPYRIGHT © 2001-2021 ENERGY INTELLIGENCE GROUP, INC. / ENERGY INTELLIGENCE GROUP (UK) LIMITED.",2008,Congo (Brazzaville),Djeno,160
Source: Energy Intelligence,"COPYRIGHT © 2001-2021 ENERGY INTELLIGENCE GROUP, INC. / ENERGY INTELLIGENCE GROUP (UK) LIMITED.",2007,Congo (Brazzaville),Djeno,140
Source: Energy Intelligence,"COPYRIGHT © 2001-2021 ENERGY INTELLIGENCE GROUP, INC. / ENERGY INTELLIGENCE GROUP (UK) LIMITED.",2006,Congo (Brazzaville),Djeno,145
Source: Energy Intelligence,"COPYRIGHT © 2001-2021 ENERGY INTELLIGENCE GROUP, INC. / ENERGY INTELLIGENCE GROUP (UK) LIMITED.",2024,Kazakhstan,Kebco,212.4
Source: Energy Intelligence,"COPYRIGHT © 2001-2021 ENERGY INTELLIGENCE GROUP, INC. / ENERGY INTELLIGENCE GROUP (UK) LIMITED.",2023,Kazakhstan,Kebco,226.89
Source: Energy Intelligence,"COPYRIGHT © 2001-2021 ENERGY INTELLIGENCE GROUP, INC. / ENERGY INTELLIGENCE GROUP (UK) LIMITED.",2022,Kazakhstan,Kebco,117
Source: Energy Intelligence,"COPYRIGHT © 2001-2021 ENERGY INTELLIGENCE GROUP, INC. / ENERGY INTELLIGENCE GROUP (UK) LIMITED.",2024,Iran,Foroozan Blend,0
Source: Energy Intelligence,"COPYRIGHT © 2001-2021 ENERGY INTELLIGENCE GROUP, INC. / ENERGY INTELLIGENCE GROUP (UK) LIMITED.",2023,Iran,Foroozan Blend,0
Source: Energy Intelligence,"COPYRIGHT © 2001-2021 ENERGY INTELLIGENCE GROUP, INC. / ENERGY INTELLIGENCE GROUP (UK) LIMITED.",2022,Iran,Foroozan Blend,25
Source: Energy Intelligence,"COPYRIGHT © 2001-2021 ENERGY INTELLIGENCE GROUP, INC. / ENERGY INTELLIGENCE GROUP (UK) LIMITED.",2021,Iran,Foroozan Blend,25
Source: Energy Intelligence,"COPYRIGHT © 2001-2021 ENERGY INTELLIGENCE GROUP, INC. / ENERGY INTELLIGENCE GROUP (UK) LIMITED.",2020,Iran,Foroozan Blend,0
Source: Energy Intelligence,"COPYRIGHT © 2001-2021 ENERGY INTELLIGENCE GROUP, INC. / ENERGY INTELLIGENCE GROUP (UK) LIMITED.",2019,Iran,Foroozan Blend,0
Source: Energy Intelligence,"COPYRIGHT © 2001-2021 ENERGY INTELLIGENCE GROUP, INC. / ENERGY INTELLIGENCE GROUP (UK) LIMITED.",2018,Iran,Foroozan Blend,154
Source: Energy Intelligence,"COPYRIGHT © 2001-2021 ENERGY INTELLIGENCE GROUP, INC. / ENERGY INTELLIGENCE GROUP (UK) LIMITED.",2017,Iran,Foroozan Blend,200
Source: Energy Intelligence,"COPYRIGHT © 2001-2021 ENERGY INTELLIGENCE GROUP, INC. / ENERGY INTELLIGENCE GROUP (UK) LIMITED.",2016,Iran,Foroozan Blend,200
Source: Energy Intelligence,"COPYRIGHT © 2001-2021 ENERGY INTELLIGENCE GROUP, INC. / ENERGY INTELLIGENCE GROUP (UK) LIMITED.",2015,Iran,Foroozan Blend,165
Source: Energy Intelligence,"COPYRIGHT © 2001-2021 ENERGY INTELLIGENCE GROUP, INC. / ENERGY INTELLIGENCE GROUP (UK) LIMITED.",2014,Iran,Foroozan Blend,210
Source: Energy Intelligence,"COPYRIGHT © 2001-2021 ENERGY INTELLIGENCE GROUP, INC. / ENERGY INTELLIGENCE GROUP (UK) LIMITED.",2013,Iran,Foroozan Blend,200
Source: Energy Intelligence,"COPYRIGHT © 2001-2021 ENERGY INTELLIGENCE GROUP, INC. / ENERGY INTELLIGENCE GROUP (UK) LIMITED.",2012,Iran,Foroozan Blend,230
Source: Energy Intelligence,"COPYRIGHT © 2001-2021 ENERGY INTELLIGENCE GROUP, INC. / ENERGY INTELLIGENCE GROUP (UK) LIMITED.",2011,Iran,Foroozan Blend,260
Source: Energy Intelligence,"COPYRIGHT © 2001-2021 ENERGY INTELLIGENCE GROUP, INC. / ENERGY INTELLIGENCE GROUP (UK) LIMITED.",2010,Iran,Foroozan Blend,290
Source: Energy Intelligence,"COPYRIGHT © 2001-2021 ENERGY INTELLIGENCE GROUP, INC. / ENERGY INTELLIGENCE GROUP (UK) LIMITED.",2009,Iran,Foroozan Blend,300
Source: Energy Intelligence,"COPYRIGHT © 2001-2021 ENERGY INTELLIGENCE GROUP, INC. / ENERGY INTELLIGENCE GROUP (UK) LIMITED.",2008,Iran,Foroozan Blend,335
Source: Energy Intelligence,"COPYRIGHT © 2001-2021 ENERGY INTELLIGENCE GROUP, INC. / ENERGY INTELLIGENCE GROUP (UK) LIMITED.",2007,Iran,Foroozan Blend,400
Source: Energy Intelligence,"COPYRIGHT © 2001-2021 ENERGY INTELLIGENCE GROUP, INC. / ENERGY INTELLIGENCE GROUP (UK) LIMITED.",2006,Iran,Foroozan Blend,500
Source: Energy Intelligence,"COPYRIGHT © 2001-2021 ENERGY INTELLIGENCE GROUP, INC. / ENERGY INTELLIGENCE GROUP (UK) LIMITED.",2024,Colombia,Other Crudes - Colombia,49
Source: Energy Intelligence,"COPYRIGHT © 2001-2021 ENERGY INTELLIGENCE GROUP, INC. / ENERGY INTELLIGENCE GROUP (UK) LIMITED.",2023,Colombia,Other Crudes - Colombia,44.6
Source: Energy Intelligence,"COPYRIGHT © 2001-2021 ENERGY INTELLIGENCE GROUP, INC. / ENERGY INTELLIGENCE GROUP (UK) LIMITED.",2022,Colombia,Other Crudes - Colombia,21.1
Source: Energy Intelligence,"COPYRIGHT © 2001-2021 ENERGY INTELLIGENCE GROUP, INC. / ENERGY INTELLIGENCE GROUP (UK) LIMITED.",2021,Colombia,Other Crudes - Colombia,39.99
Source: Energy Intelligence,"COPYRIGHT © 2001-2021 ENERGY INTELLIGENCE GROUP, INC. / ENERGY INTELLIGENCE GROUP (UK) LIMITED.",2020,Colombia,Other Crudes - Colombia,26
Source: Energy Intelligence,"COPYRIGHT © 2001-2021 ENERGY INTELLIGENCE GROUP, INC. / ENERGY INTELLIGENCE GROUP (UK) LIMITED.",2019,Colombia,Other Crudes - Colombia,21.6
Source: Energy Intelligence,"COPYRIGHT © 2001-2021 ENERGY INTELLIGENCE GROUP, INC. / ENERGY INTELLIGENCE GROUP (UK) LIMITED.",2018,Colombia,Other Crudes - Colombia,28.68
Source: Energy Intelligence,"COPYRIGHT © 2001-2021 ENERGY INTELLIGENCE GROUP, INC. / ENERGY INTELLIGENCE GROUP (UK) LIMITED.",2017,Colombia,Other Crudes - Colombia,93.5
Source: Energy Intelligence,"COPYRIGHT © 2001-2021 ENERGY INTELLIGENCE GROUP, INC. / ENERGY INTELLIGENCE GROUP (UK) LIMITED.",2016,Colombia,Other Crudes - Colombia,282.7
Source: Energy Intelligence,"COPYRIGHT © 2001-2021 ENERGY INTELLIGENCE GROUP, INC. / ENERGY INTELLIGENCE GROUP (UK) LIMITED.",2015,Colombia,Other Crudes - Colombia,388.1
Source: Energy Intelligence,"COPYRIGHT © 2001-2021 ENERGY INTELLIGENCE GROUP, INC. / ENERGY INTELLIGENCE GROUP (UK) LIMITED.",2014,Colombia,Other Crudes - Colombia,385
Source: Energy Intelligence,"COPYRIGHT © 2001-2021 ENERGY INTELLIGENCE GROUP, INC. / ENERGY INTELLIGENCE GROUP (UK) LIMITED.",2013,Colombia,Other Crudes - Colombia,364.5
Source: Energy Intelligence,"COPYRIGHT © 2001-2021 ENERGY INTELLIGENCE GROUP, INC. / ENERGY INTELLIGENCE GROUP (UK) LIMITED.",2012,Colombia,Other Crudes - Colombia,355
Source: Energy Intelligence,"COPYRIGHT © 2001-2021 ENERGY INTELLIGENCE GROUP, INC. / ENERGY INTELLIGENCE GROUP (UK) LIMITED.",2011,Colombia,Other Crudes - Colombia,283.1
Source: Energy Intelligence,"COPYRIGHT © 2001-2021 ENERGY INTELLIGENCE GROUP, INC. / ENERGY INTELLIGENCE GROUP (UK) LIMITED.",2010,Colombia,Other Crudes - Colombia,194.6
Source: Energy Intelligence,"COPYRIGHT © 2001-2021 ENERGY INTELLIGENCE GROUP, INC. / ENERGY INTELLIGENCE GROUP (UK) LIMITED.",2009,Colombia,Other Crudes - Colombia,162.8
Source: Energy Intelligence,"COPYRIGHT © 2001-2021 ENERGY INTELLIGENCE GROUP, INC. / ENERGY INTELLIGENCE GROUP (UK) LIMITED.",2008,Colombia,Other Crudes - Colombia,274.7
Source: Energy Intelligence,"COPYRIGHT © 2001-2021 ENERGY INTELLIGENCE GROUP, INC. / ENERGY INTELLIGENCE GROUP (UK) LIMITED.",2007,Colombia,Other Crudes - Colombia,242.5
Source: Energy Intelligence,"COPYRIGHT © 2001-2021 ENERGY INTELLIGENCE GROUP, INC. / ENERGY INTELLIGENCE GROUP (UK) LIMITED.",2006,Colombia,Other Crudes - Colombia,219.2
Source: Energy Intelligence,"COPYRIGHT © 2001-2021 ENERGY INTELLIGENCE GROUP, INC. / ENERGY INTELLIGENCE GROUP (UK) LIMITED.",2024,Angola,Dalia,112.1
Source: Energy Intelligence,"COPYRIGHT © 2001-2021 ENERGY INTELLIGENCE GROUP, INC. / ENERGY INTELLIGENCE GROUP (UK) LIMITED.",2023,Angola,Dalia,101.5
Source: Energy Intelligence,"COPYRIGHT © 2001-2021 ENERGY INTELLIGENCE GROUP, INC. / ENERGY INTELLIGENCE GROUP (UK) LIMITED.",2022,Angola,Dalia,114.52
Source: Energy Intelligence,"COPYRIGHT © 2001-2021 ENERGY INTELLIGENCE GROUP, INC. / ENERGY INTELLIGENCE GROUP (UK) LIMITED.",2021,Angola,Dalia,119.73
Source: Energy Intelligence,"COPYRIGHT © 2001-2021 ENERGY INTELLIGENCE GROUP, INC. / ENERGY INTELLIGENCE GROUP (UK) LIMITED.",2020,Angola,Dalia,134.97
Source: Energy Intelligence,"COPYRIGHT © 2001-2021 ENERGY INTELLIGENCE GROUP, INC. / ENERGY INTELLIGENCE GROUP (UK) LIMITED.",2019,Angola,Dalia,132.74
Source: Energy Intelligence,"COPYRIGHT © 2001-2021 ENERGY INTELLIGENCE GROUP, INC. / ENERGY INTELLIGENCE GROUP (UK) LIMITED.",2018,Angola,Dalia,176.99
Source: Energy Intelligence,"COPYRIGHT © 2001-2021 ENERGY INTELLIGENCE GROUP, INC. / ENERGY INTELLIGENCE GROUP (UK) LIMITED.",2017,Angola,Dalia,203
Source: Energy Intelligence,"COPYRIGHT © 2001-2021 ENERGY INTELLIGENCE GROUP, INC. / ENERGY INTELLIGENCE GROUP (UK) LIMITED.",2016,Angola,Dalia,194.67
Source: Energy Intelligence,"COPYRIGHT © 2001-2021 ENERGY INTELLIGENCE GROUP, INC. / ENERGY INTELLIGENCE GROUP (UK) LIMITED.",2015,Angola,Dalia,208.22
Source: Energy Intelligence,"COPYRIGHT © 2001-2021 ENERGY INTELLIGENCE GROUP, INC. / ENERGY INTELLIGENCE GROUP (UK) LIMITED.",2014,Angola,Dalia,179.59
Source: Energy Intelligence,"COPYRIGHT © 2001-2021 ENERGY INTELLIGENCE GROUP, INC. / ENERGY INTELLIGENCE GROUP (UK) LIMITED.",2013,Angola,Dalia,193.07
Source: Energy Intelligence,"COPYRIGHT © 2001-2021 ENERGY INTELLIGENCE GROUP, INC. / ENERGY INTELLIGENCE GROUP (UK) LIMITED.",2012,Angola,Dalia,224.32
Source: Energy Intelligence,"COPYRIGHT © 2001-2021 ENERGY INTELLIGENCE GROUP, INC. / ENERGY INTELLIGENCE GROUP (UK) LIMITED.",2011,Angola,Dalia,236.85
Source: Energy Intelligence,"COPYRIGHT © 2001-2021 ENERGY INTELLIGENCE GROUP, INC. / ENERGY INTELLIGENCE GROUP (UK) LIMITED.",2010,Angola,Dalia,242.68
Source: Energy Intelligence,"COPYRIGHT © 2001-2021 ENERGY INTELLIGENCE GROUP, INC. / ENERGY INTELLIGENCE GROUP (UK) LIMITED.",2009,Angola,Dalia,236.36
Source: Energy Intelligence,"COPYRIGHT © 2001-2021 ENERGY INTELLIGENCE GROUP, INC. / ENERGY INTELLIGENCE GROUP (UK) LIMITED.",2008,Angola,Dalia,251.04
Source: Energy Intelligence,"COPYRIGHT © 2001-2021 ENERGY INTELLIGENCE GROUP, INC. / ENERGY INTELLIGENCE GROUP (UK) LIMITED.",2007,Angola,Dalia,217.49
Source: Energy Intelligence,"COPYRIGHT © 2001-2021 ENERGY INTELLIGENCE GROUP, INC. / ENERGY INTELLIGENCE GROUP (UK) LIMITED.",2024,Russia,Sokol,178.33
Source: Energy Intelligence,"COPYRIGHT © 2001-2021 ENERGY INTELLIGENCE GROUP, INC. / ENERGY INTELLIGENCE GROUP (UK) LIMITED.",2023,Russia,Sokol,189
Source: Energy Intelligence,"COPYRIGHT © 2001-2021 ENERGY INTELLIGENCE GROUP, INC. / ENERGY INTELLIGENCE GROUP (UK) LIMITED.",2022,Russia,Sokol,98
Source: Energy Intelligence,"COPYRIGHT © 2001-2021 ENERGY INTELLIGENCE GROUP, INC. / ENERGY INTELLIGENCE GROUP (UK) LIMITED.",2021,Russia,Sokol,233.69
Source: Energy Intelligence,"COPYRIGHT © 2001-2021 ENERGY INTELLIGENCE GROUP, INC. / ENERGY INTELLIGENCE GROUP (UK) LIMITED.",2020,Russia,Sokol,259.18
Source: Energy Intelligence,"COPYRIGHT © 2001-2021 ENERGY INTELLIGENCE GROUP, INC. / ENERGY INTELLIGENCE GROUP (UK) LIMITED.",2019,Russia,Sokol,268.9
Source: Energy Intelligence,"COPYRIGHT © 2001-2021 ENERGY INTELLIGENCE GROUP, INC. / ENERGY INTELLIGENCE GROUP (UK) LIMITED.",2018,Russia,Sokol,245.01
Source: Energy Intelligence,"COPYRIGHT © 2001-2021 ENERGY INTELLIGENCE GROUP, INC. / ENERGY INTELLIGENCE GROUP (UK) LIMITED.",2017,Russia,Sokol,211.74
Source: Energy Intelligence,"COPYRIGHT © 2001-2021 ENERGY INTELLIGENCE GROUP, INC. / ENERGY INTELLIGENCE GROUP (UK) LIMITED.",2016,Russia,Sokol,219.85
Source: Energy Intelligence,"COPYRIGHT © 2001-2021 ENERGY INTELLIGENCE GROUP, INC. / ENERGY INTELLIGENCE GROUP (UK) LIMITED.",2015,Russia,Sokol,186
Source: Energy Intelligence,"COPYRIGHT © 2001-2021 ENERGY INTELLIGENCE GROUP, INC. / ENERGY INTELLIGENCE GROUP (UK) LIMITED.",2014,Russia,Sokol,157.54
Source: Energy Intelligence,"COPYRIGHT © 2001-2021 ENERGY INTELLIGENCE GROUP, INC. / ENERGY INTELLIGENCE GROUP (UK) LIMITED.",2013,Russia,Sokol,141.01
Source: Energy Intelligence,"COPYRIGHT © 2001-2021 ENERGY INTELLIGENCE GROUP, INC. / ENERGY INTELLIGENCE GROUP (UK) LIMITED.",2012,Russia,Sokol,142.1
Source: Energy Intelligence,"COPYRIGHT © 2001-2021 ENERGY INTELLIGENCE GROUP, INC. / ENERGY INTELLIGENCE GROUP (UK) LIMITED.",2011,Russia,Sokol,158.6
Source: Energy Intelligence,"COPYRIGHT © 2001-2021 ENERGY INTELLIGENCE GROUP, INC. / ENERGY INTELLIGENCE GROUP (UK) LIMITED.",2010,Russia,Sokol,141
Source: Energy Intelligence,"COPYRIGHT © 2001-2021 ENERGY INTELLIGENCE GROUP, INC. / ENERGY INTELLIGENCE GROUP (UK) LIMITED.",2009,Russia,Sokol,165
Source: Energy Intelligence,"COPYRIGHT © 2001-2021 ENERGY INTELLIGENCE GROUP, INC. / ENERGY INTELLIGENCE GROUP (UK) LIMITED.",2008,Russia,Sokol,192
Source: Energy Intelligence,"COPYRIGHT © 2001-2021 ENERGY INTELLIGENCE GROUP, INC. / ENERGY INTELLIGENCE GROUP (UK) LIMITED.",2007,Russia,Sokol,224
Source: Energy Intelligence,"COPYRIGHT © 2001-2021 ENERGY INTELLIGENCE GROUP, INC. / ENERGY INTELLIGENCE GROUP (UK) LIMITED.",2006,Russia,Sokol,40
Source: Energy Intelligence,"COPYRIGHT © 2001-2021 ENERGY INTELLIGENCE GROUP, INC. / ENERGY INTELLIGENCE GROUP (UK) LIMITED.",2024,Nigeria,Agbami,83
Source: Energy Intelligence,"COPYRIGHT © 2001-2021 ENERGY INTELLIGENCE GROUP, INC. / ENERGY INTELLIGENCE GROUP (UK) LIMITED.",2023,Nigeria,Agbami,101
Source: Energy Intelligence,"COPYRIGHT © 2001-2021 ENERGY INTELLIGENCE GROUP, INC. / ENERGY INTELLIGENCE GROUP (UK) LIMITED.",2022,Nigeria,Agbami,106.92
Source: Energy Intelligence,"COPYRIGHT © 2001-2021 ENERGY INTELLIGENCE GROUP, INC. / ENERGY INTELLIGENCE GROUP (UK) LIMITED.",2021,Nigeria,Agbami,120.21
Source: Energy Intelligence,"COPYRIGHT © 2001-2021 ENERGY INTELLIGENCE GROUP, INC. / ENERGY INTELLIGENCE GROUP (UK) LIMITED.",2020,Nigeria,Agbami,149.73
Source: Energy Intelligence,"COPYRIGHT © 2001-2021 ENERGY INTELLIGENCE GROUP, INC. / ENERGY INTELLIGENCE GROUP (UK) LIMITED.",2019,Nigeria,Agbami,176.3
Source: Energy Intelligence,"COPYRIGHT © 2001-2021 ENERGY INTELLIGENCE GROUP, INC. / ENERGY INTELLIGENCE GROUP (UK) LIMITED.",2018,Nigeria,Agbami,205.68
Source: Energy Intelligence,"COPYRIGHT © 2001-2021 ENERGY INTELLIGENCE GROUP, INC. / ENERGY INTELLIGENCE GROUP (UK) LIMITED.",2017,Nigeria,Agbami,234.79
Source: Energy Intelligence,"COPYRIGHT © 2001-2021 ENERGY INTELLIGENCE GROUP, INC. / ENERGY INTELLIGENCE GROUP (UK) LIMITED.",2016,Nigeria,Agbami,229.06
Source: Energy Intelligence,"COPYRIGHT © 2001-2021 ENERGY INTELLIGENCE GROUP, INC. / ENERGY INTELLIGENCE GROUP (UK) LIMITED.",2015,Nigeria,Agbami,233.8
Source: Energy Intelligence,"COPYRIGHT © 2001-2021 ENERGY INTELLIGENCE GROUP, INC. / ENERGY INTELLIGENCE GROUP (UK) LIMITED.",2014,Nigeria,Agbami,239.12
Source: Energy Intelligence,"COPYRIGHT © 2001-2021 ENERGY INTELLIGENCE GROUP, INC. / ENERGY INTELLIGENCE GROUP (UK) LIMITED.",2013,Nigeria,Agbami,232.52
Source: Energy Intelligence,"COPYRIGHT © 2001-2021 ENERGY INTELLIGENCE GROUP, INC. / ENERGY INTELLIGENCE GROUP (UK) LIMITED.",2012,Nigeria,Agbami,232.36
Source: Energy Intelligence,"COPYRIGHT © 2001-2021 ENERGY INTELLIGENCE GROUP, INC. / ENERGY INTELLIGENCE GROUP (UK) LIMITED.",2011,Nigeria,Agbami,241.93
Source: Energy Intelligence,"COPYRIGHT © 2001-2021 ENERGY INTELLIGENCE GROUP, INC. / ENERGY INTELLIGENCE GROUP (UK) LIMITED.",2010,Nigeria,Agbami,237.67
Source: Energy Intelligence,"COPYRIGHT © 2001-2021 ENERGY INTELLIGENCE GROUP, INC. / ENERGY INTELLIGENCE GROUP (UK) LIMITED.",2009,Nigeria,Agbami,196.63
Source: Energy Intelligence,"COPYRIGHT © 2001-2021 ENERGY INTELLIGENCE GROUP, INC. / ENERGY INTELLIGENCE GROUP (UK) LIMITED.",2008,Nigeria,Agbami,39.4
Source: Energy Intelligence,"COPYRIGHT © 2001-2021 ENERGY INTELLIGENCE GROUP, INC. / ENERGY INTELLIGENCE GROUP (UK) LIMITED.",2024,Angola,Nemba,99.2
Source: Energy Intelligence,"COPYRIGHT © 2001-2021 ENERGY INTELLIGENCE GROUP, INC. / ENERGY INTELLIGENCE GROUP (UK) LIMITED.",2023,Angola,Nemba,98.9
Source: Energy Intelligence,"COPYRIGHT © 2001-2021 ENERGY INTELLIGENCE GROUP, INC. / ENERGY INTELLIGENCE GROUP (UK) LIMITED.",2022,Angola,Nemba,93.7
Source: Energy Intelligence,"COPYRIGHT © 2001-2021 ENERGY INTELLIGENCE GROUP, INC. / ENERGY INTELLIGENCE GROUP (UK) LIMITED.",2021,Angola,Nemba,98.9
Source: Energy Intelligence,"COPYRIGHT © 2001-2021 ENERGY INTELLIGENCE GROUP, INC. / ENERGY INTELLIGENCE GROUP (UK) LIMITED.",2020,Angola,Nemba,108.61
Source: Energy Intelligence,"COPYRIGHT © 2001-2021 ENERGY INTELLIGENCE GROUP, INC. / ENERGY INTELLIGENCE GROUP (UK) LIMITED.",2019,Angola,Nemba,119.73
Source: Energy Intelligence,"COPYRIGHT © 2001-2021 ENERGY INTELLIGENCE GROUP, INC. / ENERGY INTELLIGENCE GROUP (UK) LIMITED.",2018,Angola,Nemba,145.75
Source: Energy Intelligence,"COPYRIGHT © 2001-2021 ENERGY INTELLIGENCE GROUP, INC. / ENERGY INTELLIGENCE GROUP (UK) LIMITED.",2017,Angola,Nemba,166.58
Source: Energy Intelligence,"COPYRIGHT © 2001-2021 ENERGY INTELLIGENCE GROUP, INC. / ENERGY INTELLIGENCE GROUP (UK) LIMITED.",2016,Angola,Nemba,205.05
Source: Energy Intelligence,"COPYRIGHT © 2001-2021 ENERGY INTELLIGENCE GROUP, INC. / ENERGY INTELLIGENCE GROUP (UK) LIMITED.",2015,Angola,Nemba,205.7
Source: Energy Intelligence,"COPYRIGHT © 2001-2021 ENERGY INTELLIGENCE GROUP, INC. / ENERGY INTELLIGENCE GROUP (UK) LIMITED.",2014,Angola,Nemba,200.41
Source: Energy Intelligence,"COPYRIGHT © 2001-2021 ENERGY INTELLIGENCE GROUP, INC. / ENERGY INTELLIGENCE GROUP (UK) LIMITED.",2013,Angola,Nemba,174.4
Source: Energy Intelligence,"COPYRIGHT © 2001-2021 ENERGY INTELLIGENCE GROUP, INC. / ENERGY INTELLIGENCE GROUP (UK) LIMITED.",2012,Angola,Nemba,214.31
Source: Energy Intelligence,"COPYRIGHT © 2001-2021 ENERGY INTELLIGENCE GROUP, INC. / ENERGY INTELLIGENCE GROUP (UK) LIMITED.",2011,Angola,Nemba,226.7
Source: Energy Intelligence,"COPYRIGHT © 2001-2021 ENERGY INTELLIGENCE GROUP, INC. / ENERGY INTELLIGENCE GROUP (UK) LIMITED.",2010,Angola,Nemba,257.67
Source: Energy Intelligence,"COPYRIGHT © 2001-2021 ENERGY INTELLIGENCE GROUP, INC. / ENERGY INTELLIGENCE GROUP (UK) LIMITED.",2009,Angola,Nemba,217.36
Source: Energy Intelligence,"COPYRIGHT © 2001-2021 ENERGY INTELLIGENCE GROUP, INC. / ENERGY INTELLIGENCE GROUP (UK) LIMITED.",2008,Angola,Nemba,244.84
Source: Energy Intelligence,"COPYRIGHT © 2001-2021 ENERGY INTELLIGENCE GROUP, INC. / ENERGY INTELLIGENCE GROUP (UK) LIMITED.",2007,Angola,Nemba,302
Source: Energy Intelligence,"COPYRIGHT © 2001-2021 ENERGY INTELLIGENCE GROUP, INC. / ENERGY INTELLIGENCE GROUP (UK) LIMITED.",2006,Angola,Nemba,223.86
Source: Energy Intelligence,"COPYRIGHT © 2001-2021 ENERGY INTELLIGENCE GROUP, INC. / ENERGY INTELLIGENCE GROUP (UK) LIMITED.",2024,Nigeria,Bonny Light,122
Source: Energy Intelligence,"COPYRIGHT © 2001-2021 ENERGY INTELLIGENCE GROUP, INC. / ENERGY INTELLIGENCE GROUP (UK) LIMITED.",2023,Nigeria,Bonny Light,106.6
Source: Energy Intelligence,"COPYRIGHT © 2001-2021 ENERGY INTELLIGENCE GROUP, INC. / ENERGY INTELLIGENCE GROUP (UK) LIMITED.",2022,Nigeria,Bonny Light,57.63
Source: Energy Intelligence,"COPYRIGHT © 2001-2021 ENERGY INTELLIGENCE GROUP, INC. / ENERGY INTELLIGENCE GROUP (UK) LIMITED.",2021,Nigeria,Bonny Light,97.18
Source: Energy Intelligence,"COPYRIGHT © 2001-2021 ENERGY INTELLIGENCE GROUP, INC. / ENERGY INTELLIGENCE GROUP (UK) LIMITED.",2020,Nigeria,Bonny Light,179.51
Source: Energy Intelligence,"COPYRIGHT © 2001-2021 ENERGY INTELLIGENCE GROUP, INC. / ENERGY INTELLIGENCE GROUP (UK) LIMITED.",2019,Nigeria,Bonny Light,210.8
Source: Energy Intelligence,"COPYRIGHT © 2001-2021 ENERGY INTELLIGENCE GROUP, INC. / ENERGY INTELLIGENCE GROUP (UK) LIMITED.",2018,Nigeria,Bonny Light,182.45
Source: Energy Intelligence,"COPYRIGHT © 2001-2021 ENERGY INTELLIGENCE GROUP, INC. / ENERGY INTELLIGENCE GROUP (UK) LIMITED.",2017,Nigeria,Bonny Light,138.92
Source: Energy Intelligence,"COPYRIGHT © 2001-2021 ENERGY INTELLIGENCE GROUP, INC. / ENERGY INTELLIGENCE GROUP (UK) LIMITED.",2016,Nigeria,Bonny Light,153.88
Source: Energy Intelligence,"COPYRIGHT © 2001-2021 ENERGY INTELLIGENCE GROUP, INC. / ENERGY INTELLIGENCE GROUP (UK) LIMITED.",2015,Nigeria,Bonny Light,176
Source: Energy Intelligence,"COPYRIGHT © 2001-2021 ENERGY INTELLIGENCE GROUP, INC. / ENERGY INTELLIGENCE GROUP (UK) LIMITED.",2014,Nigeria,Bonny Light,162.3
Source: Energy Intelligence,"COPYRIGHT © 2001-2021 ENERGY INTELLIGENCE GROUP, INC. / ENERGY INTELLIGENCE GROUP (UK) LIMITED.",2013,Nigeria,Bonny Light,158.84
Source: Energy Intelligence,"COPYRIGHT © 2001-2021 ENERGY INTELLIGENCE GROUP, INC. / ENERGY INTELLIGENCE GROUP (UK) LIMITED.",2012,Nigeria,Bonny Light,179.85
Source: Energy Intelligence,"COPYRIGHT © 2001-2021 ENERGY INTELLIGENCE GROUP, INC. / ENERGY INTELLIGENCE GROUP (UK) LIMITED.",2011,Nigeria,Bonny Light,224.39
Source: Energy Intelligence,"COPYRIGHT © 2001-2021 ENERGY INTELLIGENCE GROUP, INC. / ENERGY INTELLIGENCE GROUP (UK) LIMITED.",2010,Nigeria,Bonny Light,189.77
Source: Energy Intelligence,"COPYRIGHT © 2001-2021 ENERGY INTELLIGENCE GROUP, INC. / ENERGY INTELLIGENCE GROUP (UK) LIMITED.",2009,Nigeria,Bonny Light,139.64
Source: Energy Intelligence,"COPYRIGHT © 2001-2021 ENERGY INTELLIGENCE GROUP, INC. / ENERGY INTELLIGENCE GROUP (UK) LIMITED.",2008,Nigeria,Bonny Light,187.49
Source: Energy Intelligence,"COPYRIGHT © 2001-2021 ENERGY INTELLIGENCE GROUP, INC. / ENERGY INTELLIGENCE GROUP (UK) LIMITED.",2007,Nigeria,Bonny Light,313.21
Source: Energy Intelligence,"COPYRIGHT © 2001-2021 ENERGY INTELLIGENCE GROUP, INC. / ENERGY INTELLIGENCE GROUP (UK) LIMITED.",2006,Nigeria,Bonny Light,344.66
Source: Energy Intelligence,"COPYRIGHT © 2001-2021 ENERGY INTELLIGENCE GROUP, INC. / ENERGY INTELLIGENCE GROUP (UK) LIMITED.",2024,Saudi Arabia,Arab Super Light,31.55
Source: Energy Intelligence,"COPYRIGHT © 2001-2021 ENERGY INTELLIGENCE GROUP, INC. / ENERGY INTELLIGENCE GROUP (UK) LIMITED.",2023,Saudi Arabia,Arab Super Light,62.47
Source: Energy Intelligence,"COPYRIGHT © 2001-2021 ENERGY INTELLIGENCE GROUP, INC. / ENERGY INTELLIGENCE GROUP (UK) LIMITED.",2022,Saudi Arabia,Arab Super Light,77.67
Source: Energy Intelligence,"COPYRIGHT © 2001-2021 ENERGY INTELLIGENCE GROUP, INC. / ENERGY INTELLIGENCE GROUP (UK) LIMITED.",2021,Saudi Arabia,Arab Super Light,63.72
Source: Energy Intelligence,"COPYRIGHT © 2001-2021 ENERGY INTELLIGENCE GROUP, INC. / ENERGY INTELLIGENCE GROUP (UK) LIMITED.",2020,Saudi Arabia,Arab Super Light,56.47
Source: Energy Intelligence,"COPYRIGHT © 2001-2021 ENERGY INTELLIGENCE GROUP, INC. / ENERGY INTELLIGENCE GROUP (UK) LIMITED.",2019,Saudi Arabia,Arab Super Light,61.46
Source: Energy Intelligence,"COPYRIGHT © 2001-2021 ENERGY INTELLIGENCE GROUP, INC. / ENERGY INTELLIGENCE GROUP (UK) LIMITED.",2018,Saudi Arabia,Arab Super Light,250
Source: Energy Intelligence,"COPYRIGHT © 2001-2021 ENERGY INTELLIGENCE GROUP, INC. / ENERGY INTELLIGENCE GROUP (UK) LIMITED.",2017,Saudi Arabia,Arab Super Light,250
Source: Energy Intelligence,"COPYRIGHT © 2001-2021 ENERGY INTELLIGENCE GROUP, INC. / ENERGY INTELLIGENCE GROUP (UK) LIMITED.",2016,Saudi Arabia,Arab Super Light,250
Source: Energy Intelligence,"COPYRIGHT © 2001-2021 ENERGY INTELLIGENCE GROUP, INC. / ENERGY INTELLIGENCE GROUP (UK) LIMITED.",2015,Saudi Arabia,Arab Super Light,250
Source: Energy Intelligence,"COPYRIGHT © 2001-2021 ENERGY INTELLIGENCE GROUP, INC. / ENERGY INTELLIGENCE GROUP (UK) LIMITED.",2014,Saudi Arabia,Arab Super Light,250
Source: Energy Intelligence,"COPYRIGHT © 2001-2021 ENERGY INTELLIGENCE GROUP, INC. / ENERGY INTELLIGENCE GROUP (UK) LIMITED.",2013,Saudi Arabia,Arab Super Light,250
Source: Energy Intelligence,"COPYRIGHT © 2001-2021 ENERGY INTELLIGENCE GROUP, INC. / ENERGY INTELLIGENCE GROUP (UK) LIMITED.",2012,Saudi Arabia,Arab Super Light,250
Source: Energy Intelligence,"COPYRIGHT © 2001-2021 ENERGY INTELLIGENCE GROUP, INC. / ENERGY INTELLIGENCE GROUP (UK) LIMITED.",2011,Saudi Arabia,Arab Super Light,250
Source: Energy Intelligence,"COPYRIGHT © 2001-2021 ENERGY INTELLIGENCE GROUP, INC. / ENERGY INTELLIGENCE GROUP (UK) LIMITED.",2010,Saudi Arabia,Arab Super Light,250
Source: Energy Intelligence,"COPYRIGHT © 2001-2021 ENERGY INTELLIGENCE GROUP, INC. / ENERGY INTELLIGENCE GROUP (UK) LIMITED.",2009,Saudi Arabia,Arab Super Light,230
Source: Energy Intelligence,"COPYRIGHT © 2001-2021 ENERGY INTELLIGENCE GROUP, INC. / ENERGY INTELLIGENCE GROUP (UK) LIMITED.",2008,Saudi Arabia,Arab Super Light,150
Source: Energy Intelligence,"COPYRIGHT © 2001-2021 ENERGY INTELLIGENCE GROUP, INC. / ENERGY INTELLIGENCE GROUP (UK) LIMITED.",2007,Saudi Arabia,Arab Super Light,150
Source: Energy Intelligence,"COPYRIGHT © 2001-2021 ENERGY INTELLIGENCE GROUP, INC. / ENERGY INTELLIGENCE GROUP (UK) LIMITED.",2006,Saudi Arabia,Arab Super Light,150
Source: Energy Intelligence,"COPYRIGHT © 2001-2021 ENERGY INTELLIGENCE GROUP, INC. / ENERGY INTELLIGENCE GROUP (UK) LIMITED.",2024,Neutral Zone,Khafji,270
Source: Energy Intelligence,"COPYRIGHT © 2001-2021 ENERGY INTELLIGENCE GROUP, INC. / ENERGY INTELLIGENCE GROUP (UK) LIMITED.",2023,Neutral Zone,Khafji,205
Source: Energy Intelligence,"COPYRIGHT © 2001-2021 ENERGY INTELLIGENCE GROUP, INC. / ENERGY INTELLIGENCE GROUP (UK) LIMITED.",2022,Neutral Zone,Khafji,150
Source: Energy Intelligence,"COPYRIGHT © 2001-2021 ENERGY INTELLIGENCE GROUP, INC. / ENERGY INTELLIGENCE GROUP (UK) LIMITED.",2021,Neutral Zone,Khafji,119.8
Source: Energy Intelligence,"COPYRIGHT © 2001-2021 ENERGY INTELLIGENCE GROUP, INC. / ENERGY INTELLIGENCE GROUP (UK) LIMITED.",2020,Neutral Zone,Khafji,82
Source: Energy Intelligence,"COPYRIGHT © 2001-2021 ENERGY INTELLIGENCE GROUP, INC. / ENERGY INTELLIGENCE GROUP (UK) LIMITED.",2019,Neutral Zone,Khafji,0
Source: Energy Intelligence,"COPYRIGHT © 2001-2021 ENERGY INTELLIGENCE GROUP, INC. / ENERGY INTELLIGENCE GROUP (UK) LIMITED.",2018,Neutral Zone,Khafji,0
Source: Energy Intelligence,"COPYRIGHT © 2001-2021 ENERGY INTELLIGENCE GROUP, INC. / ENERGY INTELLIGENCE GROUP (UK) LIMITED.",2017,Neutral Zone,Khafji,0
Source: Energy Intelligence,"COPYRIGHT © 2001-2021 ENERGY INTELLIGENCE GROUP, INC. / ENERGY INTELLIGENCE GROUP (UK) LIMITED.",2016,Neutral Zone,Khafji,0
Source: Energy Intelligence,"COPYRIGHT © 2001-2021 ENERGY INTELLIGENCE GROUP, INC. / ENERGY INTELLIGENCE GROUP (UK) LIMITED.",2015,Neutral Zone,Khafji,0
Source: Energy Intelligence,"COPYRIGHT © 2001-2021 ENERGY INTELLIGENCE GROUP, INC. / ENERGY INTELLIGENCE GROUP (UK) LIMITED.",2014,Neutral Zone,Khafji,170
Source: Energy Intelligence,"COPYRIGHT © 2001-2021 ENERGY INTELLIGENCE GROUP, INC. / ENERGY INTELLIGENCE GROUP (UK) LIMITED.",2013,Neutral Zone,Khafji,270
Source: Energy Intelligence,"COPYRIGHT © 2001-2021 ENERGY INTELLIGENCE GROUP, INC. / ENERGY INTELLIGENCE GROUP (UK) LIMITED.",2012,Neutral Zone,Khafji,355
Source: Energy Intelligence,"COPYRIGHT © 2001-2021 ENERGY INTELLIGENCE GROUP, INC. / ENERGY INTELLIGENCE GROUP (UK) LIMITED.",2011,Neutral Zone,Khafji,368
Source: Energy Intelligence,"COPYRIGHT © 2001-2021 ENERGY INTELLIGENCE GROUP, INC. / ENERGY INTELLIGENCE GROUP (UK) LIMITED.",2010,Neutral Zone,Khafji,267
Source: Energy Intelligence,"COPYRIGHT © 2001-2021 ENERGY INTELLIGENCE GROUP, INC. / ENERGY INTELLIGENCE GROUP (UK) LIMITED.",2009,Neutral Zone,Khafji,236
Source: Energy Intelligence,"COPYRIGHT © 2001-2021 ENERGY INTELLIGENCE GROUP, INC. / ENERGY INTELLIGENCE GROUP (UK) LIMITED.",2008,Neutral Zone,Khafji,240
Source: Energy Intelligence,"COPYRIGHT © 2001-2021 ENERGY INTELLIGENCE GROUP, INC. / ENERGY INTELLIGENCE GROUP (UK) LIMITED.",2007,Neutral Zone,Khafji,265
Source: Energy Intelligence,"COPYRIGHT © 2001-2021 ENERGY INTELLIGENCE GROUP, INC. / ENERGY INTELLIGENCE GROUP (UK) LIMITED.",2006,Neutral Zone,Khafji,280
Source: Energy Intelligence,"COPYRIGHT © 2001-2021 ENERGY INTELLIGENCE GROUP, INC. / ENERGY INTELLIGENCE GROUP (UK) LIMITED.",2024,Nigeria,Forcados,213
Source: Energy Intelligence,"COPYRIGHT © 2001-2021 ENERGY INTELLIGENCE GROUP, INC. / ENERGY INTELLIGENCE GROUP (UK) LIMITED.",2023,Nigeria,Forcados,217.3
Source: Energy Intelligence,"COPYRIGHT © 2001-2021 ENERGY INTELLIGENCE GROUP, INC. / ENERGY INTELLIGENCE GROUP (UK) LIMITED.",2022,Nigeria,Forcados,144.87
Source: Energy Intelligence,"COPYRIGHT © 2001-2021 ENERGY INTELLIGENCE GROUP, INC. / ENERGY INTELLIGENCE GROUP (UK) LIMITED.",2021,Nigeria,Forcados,197.62
Source: Energy Intelligence,"COPYRIGHT © 2001-2021 ENERGY INTELLIGENCE GROUP, INC. / ENERGY INTELLIGENCE GROUP (UK) LIMITED.",2020,Nigeria,Forcados,230.45
Source: Energy Intelligence,"COPYRIGHT © 2001-2021 ENERGY INTELLIGENCE GROUP, INC. / ENERGY INTELLIGENCE GROUP (UK) LIMITED.",2019,Nigeria,Forcados,205.25
Source: Energy Intelligence,"COPYRIGHT © 2001-2021 ENERGY INTELLIGENCE GROUP, INC. / ENERGY INTELLIGENCE GROUP (UK) LIMITED.",2018,Nigeria,Forcados,220.7
Source: Energy Intelligence,"COPYRIGHT © 2001-2021 ENERGY INTELLIGENCE GROUP, INC. / ENERGY INTELLIGENCE GROUP (UK) LIMITED.",2017,Nigeria,Forcados,141.3
Source: Energy Intelligence,"COPYRIGHT © 2001-2021 ENERGY INTELLIGENCE GROUP, INC. / ENERGY INTELLIGENCE GROUP (UK) LIMITED.",2016,Nigeria,Forcados,29
Source: Energy Intelligence,"COPYRIGHT © 2001-2021 ENERGY INTELLIGENCE GROUP, INC. / ENERGY INTELLIGENCE GROUP (UK) LIMITED.",2015,Nigeria,Forcados,188.4
Source: Energy Intelligence,"COPYRIGHT © 2001-2021 ENERGY INTELLIGENCE GROUP, INC. / ENERGY INTELLIGENCE GROUP (UK) LIMITED.",2014,Nigeria,Forcados,187.1
Source: Energy Intelligence,"COPYRIGHT © 2001-2021 ENERGY INTELLIGENCE GROUP, INC. / ENERGY INTELLIGENCE GROUP (UK) LIMITED.",2013,Nigeria,Forcados,192.96
Source: Energy Intelligence,"COPYRIGHT © 2001-2021 ENERGY INTELLIGENCE GROUP, INC. / ENERGY INTELLIGENCE GROUP (UK) LIMITED.",2012,Nigeria,Forcados,191.81
Source: Energy Intelligence,"COPYRIGHT © 2001-2021 ENERGY INTELLIGENCE GROUP, INC. / ENERGY INTELLIGENCE GROUP (UK) LIMITED.",2011,Nigeria,Forcados,193.23
Source: Energy Intelligence,"COPYRIGHT © 2001-2021 ENERGY INTELLIGENCE GROUP, INC. / ENERGY INTELLIGENCE GROUP (UK) LIMITED.",2010,Nigeria,Forcados,162.68
Source: Energy Intelligence,"COPYRIGHT © 2001-2021 ENERGY INTELLIGENCE GROUP, INC. / ENERGY INTELLIGENCE GROUP (UK) LIMITED.",2009,Nigeria,Forcados,145.89
Source: Energy Intelligence,"COPYRIGHT © 2001-2021 ENERGY INTELLIGENCE GROUP, INC. / ENERGY INTELLIGENCE GROUP (UK) LIMITED.",2008,Nigeria,Forcados,182.38
Source: Energy Intelligence,"COPYRIGHT © 2001-2021 ENERGY INTELLIGENCE GROUP, INC. / ENERGY INTELLIGENCE GROUP (UK) LIMITED.",2007,Nigeria,Forcados,48.77
Source: Energy Intelligence,"COPYRIGHT © 2001-2021 ENERGY INTELLIGENCE GROUP, INC. / ENERGY INTELLIGENCE GROUP (UK) LIMITED.",2006,Nigeria,Forcados,81.99
Source: Energy Intelligence,"COPYRIGHT © 2001-2021 ENERGY INTELLIGENCE GROUP, INC. / ENERGY INTELLIGENCE GROUP (UK) LIMITED.",2015,Abu Dhabi,Umm Shaif,0
Source: Energy Intelligence,"COPYRIGHT © 2001-2021 ENERGY INTELLIGENCE GROUP, INC. / ENERGY INTELLIGENCE GROUP (UK) LIMITED.",2014,Abu Dhabi,Umm Shaif,107
Source: Energy Intelligence,"COPYRIGHT © 2001-2021 ENERGY INTELLIGENCE GROUP, INC. / ENERGY INTELLIGENCE GROUP (UK) LIMITED.",2013,Abu Dhabi,Umm Shaif,250
Source: Energy Intelligence,"COPYRIGHT © 2001-2021 ENERGY INTELLIGENCE GROUP, INC. / ENERGY INTELLIGENCE GROUP (UK) LIMITED.",2012,Abu Dhabi,Umm Shaif,225
Source: Energy Intelligence,"COPYRIGHT © 2001-2021 ENERGY INTELLIGENCE GROUP, INC. / ENERGY INTELLIGENCE GROUP (UK) LIMITED.",2011,Abu Dhabi,Umm Shaif,225
Source: Energy Intelligence,"COPYRIGHT © 2001-2021 ENERGY INTELLIGENCE GROUP, INC. / ENERGY INTELLIGENCE GROUP (UK) LIMITED.",2010,Abu Dhabi,Umm Shaif,180
Source: Energy Intelligence,"COPYRIGHT © 2001-2021 ENERGY INTELLIGENCE GROUP, INC. / ENERGY INTELLIGENCE GROUP (UK) LIMITED.",2009,Abu Dhabi,Umm Shaif,140
Source: Energy Intelligence,"COPYRIGHT © 2001-2021 ENERGY INTELLIGENCE GROUP, INC. / ENERGY INTELLIGENCE GROUP (UK) LIMITED.",2008,Abu Dhabi,Umm Shaif,160
Source: Energy Intelligence,"COPYRIGHT © 2001-2021 ENERGY INTELLIGENCE GROUP, INC. / ENERGY INTELLIGENCE GROUP (UK) LIMITED.",2007,Abu Dhabi,Umm Shaif,170
Source: Energy Intelligence,"COPYRIGHT © 2001-2021 ENERGY INTELLIGENCE GROUP, INC. / ENERGY INTELLIGENCE GROUP (UK) LIMITED.",2006,Abu Dhabi,Umm Shaif,200
Source: Energy Intelligence,"COPYRIGHT © 2001-2021 ENERGY INTELLIGENCE GROUP, INC. / ENERGY INTELLIGENCE GROUP (UK) LIMITED.",2024,Qatar,Qatar Marine,130
Source: Energy Intelligence,"COPYRIGHT © 2001-2021 ENERGY INTELLIGENCE GROUP, INC. / ENERGY INTELLIGENCE GROUP (UK) LIMITED.",2023,Qatar,Qatar Marine,120
Source: Energy Intelligence,"COPYRIGHT © 2001-2021 ENERGY INTELLIGENCE GROUP, INC. / ENERGY INTELLIGENCE GROUP (UK) LIMITED.",2022,Qatar,Qatar Marine,130
Source: Energy Intelligence,"COPYRIGHT © 2001-2021 ENERGY INTELLIGENCE GROUP, INC. / ENERGY INTELLIGENCE GROUP (UK) LIMITED.",2021,Qatar,Qatar Marine,105
Source: Energy Intelligence,"COPYRIGHT © 2001-2021 ENERGY INTELLIGENCE GROUP, INC. / ENERGY INTELLIGENCE GROUP (UK) LIMITED.",2020,Qatar,Qatar Marine,110.82
Source: Energy Intelligence,"COPYRIGHT © 2001-2021 ENERGY INTELLIGENCE GROUP, INC. / ENERGY INTELLIGENCE GROUP (UK) LIMITED.",2019,Qatar,Qatar Marine,110.82
Source: Energy Intelligence,"COPYRIGHT © 2001-2021 ENERGY INTELLIGENCE GROUP, INC. / ENERGY INTELLIGENCE GROUP (UK) LIMITED.",2018,Qatar,Qatar Marine,120.62
Source: Energy Intelligence,"COPYRIGHT © 2001-2021 ENERGY INTELLIGENCE GROUP, INC. / ENERGY INTELLIGENCE GROUP (UK) LIMITED.",2017,Qatar,Qatar Marine,122.54
Source: Energy Intelligence,"COPYRIGHT © 2001-2021 ENERGY INTELLIGENCE GROUP, INC. / ENERGY INTELLIGENCE GROUP (UK) LIMITED.",2016,Qatar,Qatar Marine,123.77
Source: Energy Intelligence,"COPYRIGHT © 2001-2021 ENERGY INTELLIGENCE GROUP, INC. / ENERGY INTELLIGENCE GROUP (UK) LIMITED.",2015,Qatar,Qatar Marine,140
Source: Energy Intelligence,"COPYRIGHT © 2001-2021 ENERGY INTELLIGENCE GROUP, INC. / ENERGY INTELLIGENCE GROUP (UK) LIMITED.",2014,Qatar,Qatar Marine,187
Source: Energy Intelligence,"COPYRIGHT © 2001-2021 ENERGY INTELLIGENCE GROUP, INC. / ENERGY INTELLIGENCE GROUP (UK) LIMITED.",2013,Qatar,Qatar Marine,187
Source: Energy Intelligence,"COPYRIGHT © 2001-2021 ENERGY INTELLIGENCE GROUP, INC. / ENERGY INTELLIGENCE GROUP (UK) LIMITED.",2012,Qatar,Qatar Marine,184
Source: Energy Intelligence,"COPYRIGHT © 2001-2021 ENERGY INTELLIGENCE GROUP, INC. / ENERGY INTELLIGENCE GROUP (UK) LIMITED.",2011,Qatar,Qatar Marine,165
Source: Energy Intelligence,"COPYRIGHT © 2001-2021 ENERGY INTELLIGENCE GROUP, INC. / ENERGY INTELLIGENCE GROUP (UK) LIMITED.",2010,Qatar,Qatar Marine,238
Source: Energy Intelligence,"COPYRIGHT © 2001-2021 ENERGY INTELLIGENCE GROUP, INC. / ENERGY INTELLIGENCE GROUP (UK) LIMITED.",2009,Qatar,Qatar Marine,225
Source: Energy Intelligence,"COPYRIGHT © 2001-2021 ENERGY INTELLIGENCE GROUP, INC. / ENERGY INTELLIGENCE GROUP (UK) LIMITED.",2008,Qatar,Qatar Marine,245
Source: Energy Intelligence,"COPYRIGHT © 2001-2021 ENERGY INTELLIGENCE GROUP, INC. / ENERGY INTELLIGENCE GROUP (UK) LIMITED.",2007,Qatar,Qatar Marine,240
Source: Energy Intelligence,"COPYRIGHT © 2001-2021 ENERGY INTELLIGENCE GROUP, INC. / ENERGY INTELLIGENCE GROUP (UK) LIMITED.",2006,Qatar,Qatar Marine,230
Source: Energy Intelligence,"COPYRIGHT © 2001-2021 ENERGY INTELLIGENCE GROUP, INC. / ENERGY INTELLIGENCE GROUP (UK) LIMITED.",2024,Norway,Troll,48
Source: Energy Intelligence,"COPYRIGHT © 2001-2021 ENERGY INTELLIGENCE GROUP, INC. / ENERGY INTELLIGENCE GROUP (UK) LIMITED.",2023,Norway,Troll,84
Source: Energy Intelligence,"COPYRIGHT © 2001-2021 ENERGY INTELLIGENCE GROUP, INC. / ENERGY INTELLIGENCE GROUP (UK) LIMITED.",2022,Norway,Troll,98
Source: Energy Intelligence,"COPYRIGHT © 2001-2021 ENERGY INTELLIGENCE GROUP, INC. / ENERGY INTELLIGENCE GROUP (UK) LIMITED.",2021,Norway,Troll,92.78
Source: Energy Intelligence,"COPYRIGHT © 2001-2021 ENERGY INTELLIGENCE GROUP, INC. / ENERGY INTELLIGENCE GROUP (UK) LIMITED.",2020,Norway,Troll,111.6
Source: Energy Intelligence,"COPYRIGHT © 2001-2021 ENERGY INTELLIGENCE GROUP, INC. / ENERGY INTELLIGENCE GROUP (UK) LIMITED.",2019,Norway,Troll,146.35
Source: Energy Intelligence,"COPYRIGHT © 2001-2021 ENERGY INTELLIGENCE GROUP, INC. / ENERGY INTELLIGENCE GROUP (UK) LIMITED.",2018,Norway,Troll,156.24
Source: Energy Intelligence,"COPYRIGHT © 2001-2021 ENERGY INTELLIGENCE GROUP, INC. / ENERGY INTELLIGENCE GROUP (UK) LIMITED.",2017,Norway,Troll,175.38
Source: Energy Intelligence,"COPYRIGHT © 2001-2021 ENERGY INTELLIGENCE GROUP, INC. / ENERGY INTELLIGENCE GROUP (UK) LIMITED.",2016,Norway,Troll,191.62
Source: Energy Intelligence,"COPYRIGHT © 2001-2021 ENERGY INTELLIGENCE GROUP, INC. / ENERGY INTELLIGENCE GROUP (UK) LIMITED.",2015,Norway,Troll,191.13
Source: Energy Intelligence,"COPYRIGHT © 2001-2021 ENERGY INTELLIGENCE GROUP, INC. / ENERGY INTELLIGENCE GROUP (UK) LIMITED.",2014,Norway,Troll,201.11
Source: Energy Intelligence,"COPYRIGHT © 2001-2021 ENERGY INTELLIGENCE GROUP, INC. / ENERGY INTELLIGENCE GROUP (UK) LIMITED.",2013,Norway,Troll,200.73
Source: Energy Intelligence,"COPYRIGHT © 2001-2021 ENERGY INTELLIGENCE GROUP, INC. / ENERGY INTELLIGENCE GROUP (UK) LIMITED.",2012,Norway,Troll,215.11
Source: Energy Intelligence,"COPYRIGHT © 2001-2021 ENERGY INTELLIGENCE GROUP, INC. / ENERGY INTELLIGENCE GROUP (UK) LIMITED.",2011,Norway,Troll,237.52
Source: Energy Intelligence,"COPYRIGHT © 2001-2021 ENERGY INTELLIGENCE GROUP, INC. / ENERGY INTELLIGENCE GROUP (UK) LIMITED.",2010,Norway,Troll,197.82
Source: Energy Intelligence,"COPYRIGHT © 2001-2021 ENERGY INTELLIGENCE GROUP, INC. / ENERGY INTELLIGENCE GROUP (UK) LIMITED.",2009,Norway,Troll,201
Source: Energy Intelligence,"COPYRIGHT © 2001-2021 ENERGY INTELLIGENCE GROUP, INC. / ENERGY INTELLIGENCE GROUP (UK) LIMITED.",2008,Norway,Troll,177.21
Source: Energy Intelligence,"COPYRIGHT © 2001-2021 ENERGY INTELLIGENCE GROUP, INC. / ENERGY INTELLIGENCE GROUP (UK) LIMITED.",2007,Norway,Troll,171.19
Source: Energy Intelligence,"COPYRIGHT © 2001-2021 ENERGY INTELLIGENCE GROUP, INC. / ENERGY INTELLIGENCE GROUP (UK) LIMITED.",2006,Norway,Troll,207.22
Source: Energy Intelligence,"COPYRIGHT © 2001-2021 ENERGY INTELLIGENCE GROUP, INC. / ENERGY INTELLIGENCE GROUP (UK) LIMITED.",2024,Nigeria,Escravos,102
Source: Energy Intelligence,"COPYRIGHT © 2001-2021 ENERGY INTELLIGENCE GROUP, INC. / ENERGY INTELLIGENCE GROUP (UK) LIMITED.",2023,Nigeria,Escravos,114.52
Source: Energy Intelligence,"COPYRIGHT © 2001-2021 ENERGY INTELLIGENCE GROUP, INC. / ENERGY INTELLIGENCE GROUP (UK) LIMITED.",2022,Nigeria,Escravos,133.16
Source: Energy Intelligence,"COPYRIGHT © 2001-2021 ENERGY INTELLIGENCE GROUP, INC. / ENERGY INTELLIGENCE GROUP (UK) LIMITED.",2021,Nigeria,Escravos,135.08
Source: Energy Intelligence,"COPYRIGHT © 2001-2021 ENERGY INTELLIGENCE GROUP, INC. / ENERGY INTELLIGENCE GROUP (UK) LIMITED.",2020,Nigeria,Escravos,148.36
Source: Energy Intelligence,"COPYRIGHT © 2001-2021 ENERGY INTELLIGENCE GROUP, INC. / ENERGY INTELLIGENCE GROUP (UK) LIMITED.",2019,Nigeria,Escravos,162.19
Source: Energy Intelligence,"COPYRIGHT © 2001-2021 ENERGY INTELLIGENCE GROUP, INC. / ENERGY INTELLIGENCE GROUP (UK) LIMITED.",2018,Nigeria,Escravos,153.7
Source: Energy Intelligence,"COPYRIGHT © 2001-2021 ENERGY INTELLIGENCE GROUP, INC. / ENERGY INTELLIGENCE GROUP (UK) LIMITED.",2017,Nigeria,Escravos,148.84
Source: Energy Intelligence,"COPYRIGHT © 2001-2021 ENERGY INTELLIGENCE GROUP, INC. / ENERGY INTELLIGENCE GROUP (UK) LIMITED.",2016,Nigeria,Escravos,132.38
Source: Energy Intelligence,"COPYRIGHT © 2001-2021 ENERGY INTELLIGENCE GROUP, INC. / ENERGY INTELLIGENCE GROUP (UK) LIMITED.",2015,Nigeria,Escravos,160.5
Source: Energy Intelligence,"COPYRIGHT © 2001-2021 ENERGY INTELLIGENCE GROUP, INC. / ENERGY INTELLIGENCE GROUP (UK) LIMITED.",2014,Nigeria,Escravos,94
Source: Energy Intelligence,"COPYRIGHT © 2001-2021 ENERGY INTELLIGENCE GROUP, INC. / ENERGY INTELLIGENCE GROUP (UK) LIMITED.",2013,Nigeria,Escravos,141.57
Source: Energy Intelligence,"COPYRIGHT © 2001-2021 ENERGY INTELLIGENCE GROUP, INC. / ENERGY INTELLIGENCE GROUP (UK) LIMITED.",2012,Nigeria,Escravos,137.57
Source: Energy Intelligence,"COPYRIGHT © 2001-2021 ENERGY INTELLIGENCE GROUP, INC. / ENERGY INTELLIGENCE GROUP (UK) LIMITED.",2011,Nigeria,Escravos,166.58
Source: Energy Intelligence,"COPYRIGHT © 2001-2021 ENERGY INTELLIGENCE GROUP, INC. / ENERGY INTELLIGENCE GROUP (UK) LIMITED.",2010,Nigeria,Escravos,176.99
Source: Energy Intelligence,"COPYRIGHT © 2001-2021 ENERGY INTELLIGENCE GROUP, INC. / ENERGY INTELLIGENCE GROUP (UK) LIMITED.",2009,Nigeria,Escravos,148.03
Source: Energy Intelligence,"COPYRIGHT © 2001-2021 ENERGY INTELLIGENCE GROUP, INC. / ENERGY INTELLIGENCE GROUP (UK) LIMITED.",2008,Nigeria,Escravos,213.06
Source: Energy Intelligence,"COPYRIGHT © 2001-2021 ENERGY INTELLIGENCE GROUP, INC. / ENERGY INTELLIGENCE GROUP (UK) LIMITED.",2007,Nigeria,Escravos,312.33
Source: Energy Intelligence,"COPYRIGHT © 2001-2021 ENERGY INTELLIGENCE GROUP, INC. / ENERGY INTELLIGENCE GROUP (UK) LIMITED.",2006,Nigeria,Escravos,322.74
Source: Energy Intelligence,"COPYRIGHT © 2001-2021 ENERGY INTELLIGENCE GROUP, INC. / ENERGY INTELLIGENCE GROUP (UK) LIMITED.",2024,Colombia,Vasconia,92.5
Source: Energy Intelligence,"COPYRIGHT © 2001-2021 ENERGY INTELLIGENCE GROUP, INC. / ENERGY INTELLIGENCE GROUP (UK) LIMITED.",2023,Colombia,Vasconia,108.3
Source: Energy Intelligence,"COPYRIGHT © 2001-2021 ENERGY INTELLIGENCE GROUP, INC. / ENERGY INTELLIGENCE GROUP (UK) LIMITED.",2022,Colombia,Vasconia,135.7
Source: Energy Intelligence,"COPYRIGHT © 2001-2021 ENERGY INTELLIGENCE GROUP, INC. / ENERGY INTELLIGENCE GROUP (UK) LIMITED.",2021,Colombia,Vasconia,110.03
Source: Energy Intelligence,"COPYRIGHT © 2001-2021 ENERGY INTELLIGENCE GROUP, INC. / ENERGY INTELLIGENCE GROUP (UK) LIMITED.",2020,Colombia,Vasconia,144
Source: Energy Intelligence,"COPYRIGHT © 2001-2021 ENERGY INTELLIGENCE GROUP, INC. / ENERGY INTELLIGENCE GROUP (UK) LIMITED.",2019,Colombia,Vasconia,223
Source: Energy Intelligence,"COPYRIGHT © 2001-2021 ENERGY INTELLIGENCE GROUP, INC. / ENERGY INTELLIGENCE GROUP (UK) LIMITED.",2018,Colombia,Vasconia,227.62
Source: Energy Intelligence,"COPYRIGHT © 2001-2021 ENERGY INTELLIGENCE GROUP, INC. / ENERGY INTELLIGENCE GROUP (UK) LIMITED.",2017,Colombia,Vasconia,232.4
Source: Energy Intelligence,"COPYRIGHT © 2001-2021 ENERGY INTELLIGENCE GROUP, INC. / ENERGY INTELLIGENCE GROUP (UK) LIMITED.",2024,Iraq,Kurdish crude,0
Source: Energy Intelligence,"COPYRIGHT © 2001-2021 ENERGY INTELLIGENCE GROUP, INC. / ENERGY INTELLIGENCE GROUP (UK) LIMITED.",2023,Iraq,Kurdish crude,88
Source: Energy Intelligence,"COPYRIGHT © 2001-2021 ENERGY INTELLIGENCE GROUP, INC. / ENERGY INTELLIGENCE GROUP (UK) LIMITED.",2022,Iraq,Kurdish crude,389
Source: Energy Intelligence,"COPYRIGHT © 2001-2021 ENERGY INTELLIGENCE GROUP, INC. / ENERGY INTELLIGENCE GROUP (UK) LIMITED.",2024,Brazil,Buzios,313.45
Source: Energy Intelligence,"COPYRIGHT © 2001-2021 ENERGY INTELLIGENCE GROUP, INC. / ENERGY INTELLIGENCE GROUP (UK) LIMITED.",2023,Brazil,Buzios,256.3
Source: Energy Intelligence,"COPYRIGHT © 2001-2021 ENERGY INTELLIGENCE GROUP, INC. / ENERGY INTELLIGENCE GROUP (UK) LIMITED.",2022,Brazil,Buzios,282.6
Source: Energy Intelligence,"COPYRIGHT © 2001-2021 ENERGY INTELLIGENCE GROUP, INC. / ENERGY INTELLIGENCE GROUP (UK) LIMITED.",2021,Brazil,Buzios,332
Source: Energy Intelligence,"COPYRIGHT © 2001-2021 ENERGY INTELLIGENCE GROUP, INC. / ENERGY INTELLIGENCE GROUP (UK) LIMITED.",2020,Brazil,Buzios,341.75
Source: Energy Intelligence,"COPYRIGHT © 2001-2021 ENERGY INTELLIGENCE GROUP, INC. / ENERGY INTELLIGENCE GROUP (UK) LIMITED.",2019,Brazil,Buzios,60
Source: Energy Intelligence,"COPYRIGHT © 2001-2021 ENERGY INTELLIGENCE GROUP, INC. / ENERGY INTELLIGENCE GROUP (UK) LIMITED.",2018,Brazil,Buzios,2.5
Source: Energy Intelligence,"COPYRIGHT © 2001-2021 ENERGY INTELLIGENCE GROUP, INC. / ENERGY INTELLIGENCE GROUP (UK) LIMITED.",2017,Brazil,Buzios,0
Source: Energy Intelligence,"COPYRIGHT © 2001-2021 ENERGY INTELLIGENCE GROUP, INC. / ENERGY INTELLIGENCE GROUP (UK) LIMITED.",2016,Brazil,Buzios,0
Source: Energy Intelligence,"COPYRIGHT © 2001-2021 ENERGY INTELLIGENCE GROUP, INC. / ENERGY INTELLIGENCE GROUP (UK) LIMITED.",2015,Brazil,Buzios,0
Source: Energy Intelligence,"COPYRIGHT © 2001-2021 ENERGY INTELLIGENCE GROUP, INC. / ENERGY INTELLIGENCE GROUP (UK) LIMITED.",2024,Angola,Cabinda,73.1
Source: Energy Intelligence,"COPYRIGHT © 2001-2021 ENERGY INTELLIGENCE GROUP, INC. / ENERGY INTELLIGENCE GROUP (UK) LIMITED.",2023,Angola,Cabinda,72.88
Source: Energy Intelligence,"COPYRIGHT © 2001-2021 ENERGY INTELLIGENCE GROUP, INC. / ENERGY INTELLIGENCE GROUP (UK) LIMITED.",2022,Angola,Cabinda,72.88
Source: Energy Intelligence,"COPYRIGHT © 2001-2021 ENERGY INTELLIGENCE GROUP, INC. / ENERGY INTELLIGENCE GROUP (UK) LIMITED.",2021,Angola,Cabinda,101.51
Source: Energy Intelligence,"COPYRIGHT © 2001-2021 ENERGY INTELLIGENCE GROUP, INC. / ENERGY INTELLIGENCE GROUP (UK) LIMITED.",2020,Angola,Cabinda,121.99
Source: Energy Intelligence,"COPYRIGHT © 2001-2021 ENERGY INTELLIGENCE GROUP, INC. / ENERGY INTELLIGENCE GROUP (UK) LIMITED.",2019,Angola,Cabinda,152.36
Source: Energy Intelligence,"COPYRIGHT © 2001-2021 ENERGY INTELLIGENCE GROUP, INC. / ENERGY INTELLIGENCE GROUP (UK) LIMITED.",2018,Angola,Cabinda,166.6
Source: Energy Intelligence,"COPYRIGHT © 2001-2021 ENERGY INTELLIGENCE GROUP, INC. / ENERGY INTELLIGENCE GROUP (UK) LIMITED.",2017,Angola,Cabinda,171.92
Source: Energy Intelligence,"COPYRIGHT © 2001-2021 ENERGY INTELLIGENCE GROUP, INC. / ENERGY INTELLIGENCE GROUP (UK) LIMITED.",2016,Angola,Cabinda,153.14
Source: Energy Intelligence,"COPYRIGHT © 2001-2021 ENERGY INTELLIGENCE GROUP, INC. / ENERGY INTELLIGENCE GROUP (UK) LIMITED.",2015,Angola,Cabinda,161.37
Source: Energy Intelligence,"COPYRIGHT © 2001-2021 ENERGY INTELLIGENCE GROUP, INC. / ENERGY INTELLIGENCE GROUP (UK) LIMITED.",2014,Angola,Cabinda,163.97
Source: Energy Intelligence,"COPYRIGHT © 2001-2021 ENERGY INTELLIGENCE GROUP, INC. / ENERGY INTELLIGENCE GROUP (UK) LIMITED.",2013,Angola,Cabinda,176.37
Source: Energy Intelligence,"COPYRIGHT © 2001-2021 ENERGY INTELLIGENCE GROUP, INC. / ENERGY INTELLIGENCE GROUP (UK) LIMITED.",2012,Angola,Cabinda,192.08
Source: Energy Intelligence,"COPYRIGHT © 2001-2021 ENERGY INTELLIGENCE GROUP, INC. / ENERGY INTELLIGENCE GROUP (UK) LIMITED.",2011,Angola,Cabinda,216.05
Source: Energy Intelligence,"COPYRIGHT © 2001-2021 ENERGY INTELLIGENCE GROUP, INC. / ENERGY INTELLIGENCE GROUP (UK) LIMITED.",2010,Angola,Cabinda,218.63
Source: Energy Intelligence,"COPYRIGHT © 2001-2021 ENERGY INTELLIGENCE GROUP, INC. / ENERGY INTELLIGENCE GROUP (UK) LIMITED.",2009,Angola,Cabinda,175
Source: Energy Intelligence,"COPYRIGHT © 2001-2021 ENERGY INTELLIGENCE GROUP, INC. / ENERGY INTELLIGENCE GROUP (UK) LIMITED.",2008,Angola,Cabinda,183.1
Source: Energy Intelligence,"COPYRIGHT © 2001-2021 ENERGY INTELLIGENCE GROUP, INC. / ENERGY INTELLIGENCE GROUP (UK) LIMITED.",2007,Angola,Cabinda,203.01
Source: Energy Intelligence,"COPYRIGHT © 2001-2021 ENERGY INTELLIGENCE GROUP, INC. / ENERGY INTELLIGENCE GROUP (UK) LIMITED.",2006,Angola,Cabinda,210.96
Source: Energy Intelligence,"COPYRIGHT © 2001-2021 ENERGY INTELLIGENCE GROUP, INC. / ENERGY INTELLIGENCE GROUP (UK) LIMITED.",2024,Qatar,Dukhan,125
Source: Energy Intelligence,"COPYRIGHT © 2001-2021 ENERGY INTELLIGENCE GROUP, INC. / ENERGY INTELLIGENCE GROUP (UK) LIMITED.",2023,Qatar,Dukhan,128
Source: Energy Intelligence,"COPYRIGHT © 2001-2021 ENERGY INTELLIGENCE GROUP, INC. / ENERGY INTELLIGENCE GROUP (UK) LIMITED.",2022,Qatar,Dukhan,125
Source: Energy Intelligence,"COPYRIGHT © 2001-2021 ENERGY INTELLIGENCE GROUP, INC. / ENERGY INTELLIGENCE GROUP (UK) LIMITED.",2021,Qatar,Dukhan,112
Source: Energy Intelligence,"COPYRIGHT © 2001-2021 ENERGY INTELLIGENCE GROUP, INC. / ENERGY INTELLIGENCE GROUP (UK) LIMITED.",2020,Qatar,Dukhan,112
Source: Energy Intelligence,"COPYRIGHT © 2001-2021 ENERGY INTELLIGENCE GROUP, INC. / ENERGY INTELLIGENCE GROUP (UK) LIMITED.",2019,Qatar,Dukhan,101
Source: Energy Intelligence,"COPYRIGHT © 2001-2021 ENERGY INTELLIGENCE GROUP, INC. / ENERGY INTELLIGENCE GROUP (UK) LIMITED.",2018,Qatar,Dukhan,101
Source: Energy Intelligence,"COPYRIGHT © 2001-2021 ENERGY INTELLIGENCE GROUP, INC. / ENERGY INTELLIGENCE GROUP (UK) LIMITED.",2017,Qatar,Dukhan,101
Source: Energy Intelligence,"COPYRIGHT © 2001-2021 ENERGY INTELLIGENCE GROUP, INC. / ENERGY INTELLIGENCE GROUP (UK) LIMITED.",2016,Qatar,Dukhan,102.1
Source: Energy Intelligence,"COPYRIGHT © 2001-2021 ENERGY INTELLIGENCE GROUP, INC. / ENERGY INTELLIGENCE GROUP (UK) LIMITED.",2015,Qatar,Dukhan,110
Source: Energy Intelligence,"COPYRIGHT © 2001-2021 ENERGY INTELLIGENCE GROUP, INC. / ENERGY INTELLIGENCE GROUP (UK) LIMITED.",2014,Qatar,Dukhan,128
Source: Energy Intelligence,"COPYRIGHT © 2001-2021 ENERGY INTELLIGENCE GROUP, INC. / ENERGY INTELLIGENCE GROUP (UK) LIMITED.",2013,Qatar,Dukhan,128
Source: Energy Intelligence,"COPYRIGHT © 2001-2021 ENERGY INTELLIGENCE GROUP, INC. / ENERGY INTELLIGENCE GROUP (UK) LIMITED.",2012,Qatar,Dukhan,128
Source: Energy Intelligence,"COPYRIGHT © 2001-2021 ENERGY INTELLIGENCE GROUP, INC. / ENERGY INTELLIGENCE GROUP (UK) LIMITED.",2011,Qatar,Dukhan,187
Source: Energy Intelligence,"COPYRIGHT © 2001-2021 ENERGY INTELLIGENCE GROUP, INC. / ENERGY INTELLIGENCE GROUP (UK) LIMITED.",2010,Qatar,Dukhan,235
Source: Energy Intelligence,"COPYRIGHT © 2001-2021 ENERGY INTELLIGENCE GROUP, INC. / ENERGY INTELLIGENCE GROUP (UK) LIMITED.",2009,Qatar,Dukhan,235
Source: Energy Intelligence,"COPYRIGHT © 2001-2021 ENERGY INTELLIGENCE GROUP, INC. / ENERGY INTELLIGENCE GROUP (UK) LIMITED.",2008,Qatar,Dukhan,280
Source: Energy Intelligence,"COPYRIGHT © 2001-2021 ENERGY INTELLIGENCE GROUP, INC. / ENERGY INTELLIGENCE GROUP (UK) LIMITED.",2007,Qatar,Dukhan,248
Source: Energy Intelligence,"COPYRIGHT © 2001-2021 ENERGY INTELLIGENCE GROUP, INC. / ENERGY INTELLIGENCE GROUP (UK) LIMITED.",2006,Qatar,Dukhan,280
Source: Energy Intelligence,"COPYRIGHT © 2001-2021 ENERGY INTELLIGENCE GROUP, INC. / ENERGY INTELLIGENCE GROUP (UK) LIMITED.",2024,Norway,Grane,156
Source: Energy Intelligence,"COPYRIGHT © 2001-2021 ENERGY INTELLIGENCE GROUP, INC. / ENERGY INTELLIGENCE GROUP (UK) LIMITED.",2023,Norway,Grane,136
Source: Energy Intelligence,"COPYRIGHT © 2001-2021 ENERGY INTELLIGENCE GROUP, INC. / ENERGY INTELLIGENCE GROUP (UK) LIMITED.",2022,Norway,Grane,143
Source: Energy Intelligence,"COPYRIGHT © 2001-2021 ENERGY INTELLIGENCE GROUP, INC. / ENERGY INTELLIGENCE GROUP (UK) LIMITED.",2021,Norway,Grane,167.28
Source: Energy Intelligence,"COPYRIGHT © 2001-2021 ENERGY INTELLIGENCE GROUP, INC. / ENERGY INTELLIGENCE GROUP (UK) LIMITED.",2020,Norway,Grane,179.8
Source: Energy Intelligence,"COPYRIGHT © 2001-2021 ENERGY INTELLIGENCE GROUP, INC. / ENERGY INTELLIGENCE GROUP (UK) LIMITED.",2019,Norway,Grane,212.63
Source: Energy Intelligence,"COPYRIGHT © 2001-2021 ENERGY INTELLIGENCE GROUP, INC. / ENERGY INTELLIGENCE GROUP (UK) LIMITED.",2018,Norway,Grane,225.45
Source: Energy Intelligence,"COPYRIGHT © 2001-2021 ENERGY INTELLIGENCE GROUP, INC. / ENERGY INTELLIGENCE GROUP (UK) LIMITED.",2017,Norway,Grane,225.18
Source: Energy Intelligence,"COPYRIGHT © 2001-2021 ENERGY INTELLIGENCE GROUP, INC. / ENERGY INTELLIGENCE GROUP (UK) LIMITED.",2016,Norway,Grane,150.09
Source: Energy Intelligence,"COPYRIGHT © 2001-2021 ENERGY INTELLIGENCE GROUP, INC. / ENERGY INTELLIGENCE GROUP (UK) LIMITED.",2015,Norway,Grane,90.46
Source: Energy Intelligence,"COPYRIGHT © 2001-2021 ENERGY INTELLIGENCE GROUP, INC. / ENERGY INTELLIGENCE GROUP (UK) LIMITED.",2014,Norway,Grane,77.35
Source: Energy Intelligence,"COPYRIGHT © 2001-2021 ENERGY INTELLIGENCE GROUP, INC. / ENERGY INTELLIGENCE GROUP (UK) LIMITED.",2013,Norway,Grane,83.48
Source: Energy Intelligence,"COPYRIGHT © 2001-2021 ENERGY INTELLIGENCE GROUP, INC. / ENERGY INTELLIGENCE GROUP (UK) LIMITED.",2012,Norway,Grane,107.5
Source: Energy Intelligence,"COPYRIGHT © 2001-2021 ENERGY INTELLIGENCE GROUP, INC. / ENERGY INTELLIGENCE GROUP (UK) LIMITED.",2011,Norway,Grane,130.8
Source: Energy Intelligence,"COPYRIGHT © 2001-2021 ENERGY INTELLIGENCE GROUP, INC. / ENERGY INTELLIGENCE GROUP (UK) LIMITED.",2010,Norway,Grane,156.37
Source: Energy Intelligence,"COPYRIGHT © 2001-2021 ENERGY INTELLIGENCE GROUP, INC. / ENERGY INTELLIGENCE GROUP (UK) LIMITED.",2009,Norway,Grane,169.8
Source: Energy Intelligence,"COPYRIGHT © 2001-2021 ENERGY INTELLIGENCE GROUP, INC. / ENERGY INTELLIGENCE GROUP (UK) LIMITED.",2008,Norway,Grane,157.5
Source: Energy Intelligence,"COPYRIGHT © 2001-2021 ENERGY INTELLIGENCE GROUP, INC. / ENERGY INTELLIGENCE GROUP (UK) LIMITED.",2007,Norway,Grane,189.66
Source: Energy Intelligence,"COPYRIGHT © 2001-2021 ENERGY INTELLIGENCE GROUP, INC. / ENERGY INTELLIGENCE GROUP (UK) LIMITED.",2006,Norway,Grane,197.37
Source: Energy Intelligence,"COPYRIGHT © 2001-2021 ENERGY INTELLIGENCE GROUP, INC. / ENERGY INTELLIGENCE GROUP (UK) LIMITED.",2024,Angola,Girassol,74.7
Source: Energy Intelligence,"COPYRIGHT © 2001-2021 ENERGY INTELLIGENCE GROUP, INC. / ENERGY INTELLIGENCE GROUP (UK) LIMITED.",2023,Angola,Girassol,76.6
Source: Energy Intelligence,"COPYRIGHT © 2001-2021 ENERGY INTELLIGENCE GROUP, INC. / ENERGY INTELLIGENCE GROUP (UK) LIMITED.",2022,Angola,Girassol,87.67
Source: Energy Intelligence,"COPYRIGHT © 2001-2021 ENERGY INTELLIGENCE GROUP, INC. / ENERGY INTELLIGENCE GROUP (UK) LIMITED.",2021,Angola,Girassol,90.41
Source: Energy Intelligence,"COPYRIGHT © 2001-2021 ENERGY INTELLIGENCE GROUP, INC. / ENERGY INTELLIGENCE GROUP (UK) LIMITED.",2020,Angola,Girassol,91.8
Source: Energy Intelligence,"COPYRIGHT © 2001-2021 ENERGY INTELLIGENCE GROUP, INC. / ENERGY INTELLIGENCE GROUP (UK) LIMITED.",2019,Angola,Girassol,87.26
Source: Energy Intelligence,"COPYRIGHT © 2001-2021 ENERGY INTELLIGENCE GROUP, INC. / ENERGY INTELLIGENCE GROUP (UK) LIMITED.",2018,Angola,Girassol,120.55
Source: Energy Intelligence,"COPYRIGHT © 2001-2021 ENERGY INTELLIGENCE GROUP, INC. / ENERGY INTELLIGENCE GROUP (UK) LIMITED.",2017,Angola,Girassol,128.8
Source: Energy Intelligence,"COPYRIGHT © 2001-2021 ENERGY INTELLIGENCE GROUP, INC. / ENERGY INTELLIGENCE GROUP (UK) LIMITED.",2016,Angola,Girassol,139.34
Source: Energy Intelligence,"COPYRIGHT © 2001-2021 ENERGY INTELLIGENCE GROUP, INC. / ENERGY INTELLIGENCE GROUP (UK) LIMITED.",2015,Angola,Girassol,156.16
Source: Energy Intelligence,"COPYRIGHT © 2001-2021 ENERGY INTELLIGENCE GROUP, INC. / ENERGY INTELLIGENCE GROUP (UK) LIMITED.",2014,Angola,Girassol,147.95
Source: Energy Intelligence,"COPYRIGHT © 2001-2021 ENERGY INTELLIGENCE GROUP, INC. / ENERGY INTELLIGENCE GROUP (UK) LIMITED.",2013,Angola,Girassol,181.88
Source: Energy Intelligence,"COPYRIGHT © 2001-2021 ENERGY INTELLIGENCE GROUP, INC. / ENERGY INTELLIGENCE GROUP (UK) LIMITED.",2012,Angola,Girassol,191.26
Source: Energy Intelligence,"COPYRIGHT © 2001-2021 ENERGY INTELLIGENCE GROUP, INC. / ENERGY INTELLIGENCE GROUP (UK) LIMITED.",2011,Angola,Girassol,216.44
Source: Energy Intelligence,"COPYRIGHT © 2001-2021 ENERGY INTELLIGENCE GROUP, INC. / ENERGY INTELLIGENCE GROUP (UK) LIMITED.",2010,Angola,Girassol,198.03
Source: Energy Intelligence,"COPYRIGHT © 2001-2021 ENERGY INTELLIGENCE GROUP, INC. / ENERGY INTELLIGENCE GROUP (UK) LIMITED.",2009,Angola,Girassol,215.4
Source: Energy Intelligence,"COPYRIGHT © 2001-2021 ENERGY INTELLIGENCE GROUP, INC. / ENERGY INTELLIGENCE GROUP (UK) LIMITED.",2008,Angola,Girassol,276.01
Source: Energy Intelligence,"COPYRIGHT © 2001-2021 ENERGY INTELLIGENCE GROUP, INC. / ENERGY INTELLIGENCE GROUP (UK) LIMITED.",2007,Angola,Girassol,260.68
Source: Energy Intelligence,"COPYRIGHT © 2001-2021 ENERGY INTELLIGENCE GROUP, INC. / ENERGY INTELLIGENCE GROUP (UK) LIMITED.",2006,Angola,Girassol,206.99
Source: Energy Intelligence,"COPYRIGHT © 2001-2021 ENERGY INTELLIGENCE GROUP, INC. / ENERGY INTELLIGENCE GROUP (UK) LIMITED.",2024,Nigeria,Bonga,109
Source: Energy Intelligence,"COPYRIGHT © 2001-2021 ENERGY INTELLIGENCE GROUP, INC. / ENERGY INTELLIGENCE GROUP (UK) LIMITED.",2023,Nigeria,Bonga,118.9
Source: Energy Intelligence,"COPYRIGHT © 2001-2021 ENERGY INTELLIGENCE GROUP, INC. / ENERGY INTELLIGENCE GROUP (UK) LIMITED.",2022,Nigeria,Bonga,91.37
Source: Energy Intelligence,"COPYRIGHT © 2001-2021 ENERGY INTELLIGENCE GROUP, INC. / ENERGY INTELLIGENCE GROUP (UK) LIMITED.",2021,Nigeria,Bonga,102.05
Source: Energy Intelligence,"COPYRIGHT © 2001-2021 ENERGY INTELLIGENCE GROUP, INC. / ENERGY INTELLIGENCE GROUP (UK) LIMITED.",2020,Nigeria,Bonga,114.52
Source: Energy Intelligence,"COPYRIGHT © 2001-2021 ENERGY INTELLIGENCE GROUP, INC. / ENERGY INTELLIGENCE GROUP (UK) LIMITED.",2019,Nigeria,Bonga,156.8
Source: Energy Intelligence,"COPYRIGHT © 2001-2021 ENERGY INTELLIGENCE GROUP, INC. / ENERGY INTELLIGENCE GROUP (UK) LIMITED.",2018,Nigeria,Bonga,162.8
Source: Energy Intelligence,"COPYRIGHT © 2001-2021 ENERGY INTELLIGENCE GROUP, INC. / ENERGY INTELLIGENCE GROUP (UK) LIMITED.",2017,Nigeria,Bonga,167.66
Source: Energy Intelligence,"COPYRIGHT © 2001-2021 ENERGY INTELLIGENCE GROUP, INC. / ENERGY INTELLIGENCE GROUP (UK) LIMITED.",2016,Nigeria,Bonga,203.42
Source: Energy Intelligence,"COPYRIGHT © 2001-2021 ENERGY INTELLIGENCE GROUP, INC. / ENERGY INTELLIGENCE GROUP (UK) LIMITED.",2015,Nigeria,Bonga,191.8
Source: Energy Intelligence,"COPYRIGHT © 2001-2021 ENERGY INTELLIGENCE GROUP, INC. / ENERGY INTELLIGENCE GROUP (UK) LIMITED.",2014,Nigeria,Bonga,159.5
Source: Energy Intelligence,"COPYRIGHT © 2001-2021 ENERGY INTELLIGENCE GROUP, INC. / ENERGY INTELLIGENCE GROUP (UK) LIMITED.",2013,Nigeria,Bonga,139.58
Source: Energy Intelligence,"COPYRIGHT © 2001-2021 ENERGY INTELLIGENCE GROUP, INC. / ENERGY INTELLIGENCE GROUP (UK) LIMITED.",2012,Nigeria,Bonga,160.48
Source: Energy Intelligence,"COPYRIGHT © 2001-2021 ENERGY INTELLIGENCE GROUP, INC. / ENERGY INTELLIGENCE GROUP (UK) LIMITED.",2011,Nigeria,Bonga,143.42
Source: Energy Intelligence,"COPYRIGHT © 2001-2021 ENERGY INTELLIGENCE GROUP, INC. / ENERGY INTELLIGENCE GROUP (UK) LIMITED.",2010,Nigeria,Bonga,177.09
Source: Energy Intelligence,"COPYRIGHT © 2001-2021 ENERGY INTELLIGENCE GROUP, INC. / ENERGY INTELLIGENCE GROUP (UK) LIMITED.",2009,Nigeria,Bonga,160.69
Source: Energy Intelligence,"COPYRIGHT © 2001-2021 ENERGY INTELLIGENCE GROUP, INC. / ENERGY INTELLIGENCE GROUP (UK) LIMITED.",2008,Nigeria,Bonga,167.9
Source: Energy Intelligence,"COPYRIGHT © 2001-2021 ENERGY INTELLIGENCE GROUP, INC. / ENERGY INTELLIGENCE GROUP (UK) LIMITED.",2007,Nigeria,Bonga,178.29
Source: Energy Intelligence,"COPYRIGHT © 2001-2021 ENERGY INTELLIGENCE GROUP, INC. / ENERGY INTELLIGENCE GROUP (UK) LIMITED.",2006,Nigeria,Bonga,192.49
Source: Energy Intelligence,"COPYRIGHT © 2001-2021 ENERGY INTELLIGENCE GROUP, INC. / ENERGY INTELLIGENCE GROUP (UK) LIMITED.",2012,Sudan,Dar Blend Sudan,0
Source: Energy Intelligence,"COPYRIGHT © 2001-2021 ENERGY INTELLIGENCE GROUP, INC. / ENERGY INTELLIGENCE GROUP (UK) LIMITED.",2011,Sudan,Dar Blend Sudan,112.82
Source: Energy Intelligence,"COPYRIGHT © 2001-2021 ENERGY INTELLIGENCE GROUP, INC. / ENERGY INTELLIGENCE GROUP (UK) LIMITED.",2010,Sudan,Dar Blend Sudan,254
Source: Energy Intelligence,"COPYRIGHT © 2001-2021 ENERGY INTELLIGENCE GROUP, INC. / ENERGY INTELLIGENCE GROUP (UK) LIMITED.",2009,Sudan,Dar Blend Sudan,242
Source: Energy Intelligence,"COPYRIGHT © 2001-2021 ENERGY INTELLIGENCE GROUP, INC. / ENERGY INTELLIGENCE GROUP (UK) LIMITED.",2008,Sudan,Dar Blend Sudan,194.11
Source: Energy Intelligence,"COPYRIGHT © 2001-2021 ENERGY INTELLIGENCE GROUP, INC. / ENERGY INTELLIGENCE GROUP (UK) LIMITED.",2007,Sudan,Dar Blend Sudan,174.69
Source: Energy Intelligence,"COPYRIGHT © 2001-2021 ENERGY INTELLIGENCE GROUP, INC. / ENERGY INTELLIGENCE GROUP (UK) LIMITED.",2006,Sudan,Dar Blend Sudan,65.88
Source: Energy Intelligence,"COPYRIGHT © 2001-2021 ENERGY INTELLIGENCE GROUP, INC. / ENERGY INTELLIGENCE GROUP (UK) LIMITED.",2024,Norway,Gullfaks Blend,69
Source: Energy Intelligence,"COPYRIGHT © 2001-2021 ENERGY INTELLIGENCE GROUP, INC. / ENERGY INTELLIGENCE GROUP (UK) LIMITED.",2023,Norway,Gullfaks Blend,83
Source: Energy Intelligence,"COPYRIGHT © 2001-2021 ENERGY INTELLIGENCE GROUP, INC. / ENERGY INTELLIGENCE GROUP (UK) LIMITED.",2022,Norway,Gullfaks Blend,98
Source: Energy Intelligence,"COPYRIGHT © 2001-2021 ENERGY INTELLIGENCE GROUP, INC. / ENERGY INTELLIGENCE GROUP (UK) LIMITED.",2021,Norway,Gullfaks Blend,101.1
Source: Energy Intelligence,"COPYRIGHT © 2001-2021 ENERGY INTELLIGENCE GROUP, INC. / ENERGY INTELLIGENCE GROUP (UK) LIMITED.",2020,Norway,Gullfaks Blend,94.22
Source: Energy Intelligence,"COPYRIGHT © 2001-2021 ENERGY INTELLIGENCE GROUP, INC. / ENERGY INTELLIGENCE GROUP (UK) LIMITED.",2019,Norway,Gullfaks Blend,122.63
Source: Energy Intelligence,"COPYRIGHT © 2001-2021 ENERGY INTELLIGENCE GROUP, INC. / ENERGY INTELLIGENCE GROUP (UK) LIMITED.",2018,Norway,Gullfaks Blend,128.52
Source: Energy Intelligence,"COPYRIGHT © 2001-2021 ENERGY INTELLIGENCE GROUP, INC. / ENERGY INTELLIGENCE GROUP (UK) LIMITED.",2017,Norway,Gullfaks Blend,135.47
Source: Energy Intelligence,"COPYRIGHT © 2001-2021 ENERGY INTELLIGENCE GROUP, INC. / ENERGY INTELLIGENCE GROUP (UK) LIMITED.",2016,Norway,Gullfaks Blend,164.66
Source: Energy Intelligence,"COPYRIGHT © 2001-2021 ENERGY INTELLIGENCE GROUP, INC. / ENERGY INTELLIGENCE GROUP (UK) LIMITED.",2015,Norway,Gullfaks Blend,164.04
Source: Energy Intelligence,"COPYRIGHT © 2001-2021 ENERGY INTELLIGENCE GROUP, INC. / ENERGY INTELLIGENCE GROUP (UK) LIMITED.",2014,Norway,Gullfaks Blend,135
Source: Energy Intelligence,"COPYRIGHT © 2001-2021 ENERGY INTELLIGENCE GROUP, INC. / ENERGY INTELLIGENCE GROUP (UK) LIMITED.",2013,Norway,Gullfaks Blend,135.45
Source: Energy Intelligence,"COPYRIGHT © 2001-2021 ENERGY INTELLIGENCE GROUP, INC. / ENERGY INTELLIGENCE GROUP (UK) LIMITED.",2012,Norway,Gullfaks Blend,108.58
Source: Energy Intelligence,"COPYRIGHT © 2001-2021 ENERGY INTELLIGENCE GROUP, INC. / ENERGY INTELLIGENCE GROUP (UK) LIMITED.",2011,Norway,Gullfaks Blend,108.39
Source: Energy Intelligence,"COPYRIGHT © 2001-2021 ENERGY INTELLIGENCE GROUP, INC. / ENERGY INTELLIGENCE GROUP (UK) LIMITED.",2010,Norway,Gullfaks Blend,152.8
Source: Energy Intelligence,"COPYRIGHT © 2001-2021 ENERGY INTELLIGENCE GROUP, INC. / ENERGY INTELLIGENCE GROUP (UK) LIMITED.",2009,Norway,Gullfaks Blend,189.28
Source: Energy Intelligence,"COPYRIGHT © 2001-2021 ENERGY INTELLIGENCE GROUP, INC. / ENERGY INTELLIGENCE GROUP (UK) LIMITED.",2008,Norway,Gullfaks Blend,214.96
Source: Energy Intelligence,"COPYRIGHT © 2001-2021 ENERGY INTELLIGENCE GROUP, INC. / ENERGY INTELLIGENCE GROUP (UK) LIMITED.",2007,Norway,Gullfaks Blend,239.66
Source: Energy Intelligence,"COPYRIGHT © 2001-2021 ENERGY INTELLIGENCE GROUP, INC. / ENERGY INTELLIGENCE GROUP (UK) LIMITED.",2006,Norway,Gullfaks Blend,233.7
Source: Energy Intelligence,"COPYRIGHT © 2001-2021 ENERGY INTELLIGENCE GROUP, INC. / ENERGY INTELLIGENCE GROUP (UK) LIMITED.",2024,Libya,El-Sharara,181
Source: Energy Intelligence,"COPYRIGHT © 2001-2021 ENERGY INTELLIGENCE GROUP, INC. / ENERGY INTELLIGENCE GROUP (UK) LIMITED.",2023,Libya,El-Sharara,230
Source: Energy Intelligence,"COPYRIGHT © 2001-2021 ENERGY INTELLIGENCE GROUP, INC. / ENERGY INTELLIGENCE GROUP (UK) LIMITED.",2022,Libya,El-Sharara,135
Source: Energy Intelligence,"COPYRIGHT © 2001-2021 ENERGY INTELLIGENCE GROUP, INC. / ENERGY INTELLIGENCE GROUP (UK) LIMITED.",2021,Libya,El-Sharara,225.16
Source: Energy Intelligence,"COPYRIGHT © 2001-2021 ENERGY INTELLIGENCE GROUP, INC. / ENERGY INTELLIGENCE GROUP (UK) LIMITED.",2020,Libya,El-Sharara,27.35
Source: Energy Intelligence,"COPYRIGHT © 2001-2021 ENERGY INTELLIGENCE GROUP, INC. / ENERGY INTELLIGENCE GROUP (UK) LIMITED.",2019,Libya,El-Sharara,167
Source: Energy Intelligence,"COPYRIGHT © 2001-2021 ENERGY INTELLIGENCE GROUP, INC. / ENERGY INTELLIGENCE GROUP (UK) LIMITED.",2018,Libya,El-Sharara,234
Source: Energy Intelligence,"COPYRIGHT © 2001-2021 ENERGY INTELLIGENCE GROUP, INC. / ENERGY INTELLIGENCE GROUP (UK) LIMITED.",2017,Libya,El-Sharara,218
Source: Energy Intelligence,"COPYRIGHT © 2001-2021 ENERGY INTELLIGENCE GROUP, INC. / ENERGY INTELLIGENCE GROUP (UK) LIMITED.",2016,Libya,El-Sharara,0
Source: Energy Intelligence,"COPYRIGHT © 2001-2021 ENERGY INTELLIGENCE GROUP, INC. / ENERGY INTELLIGENCE GROUP (UK) LIMITED.",2015,Libya,El-Sharara,0
Source: Energy Intelligence,"COPYRIGHT © 2001-2021 ENERGY INTELLIGENCE GROUP, INC. / ENERGY INTELLIGENCE GROUP (UK) LIMITED.",2014,Libya,El-Sharara,40
Source: Energy Intelligence,"COPYRIGHT © 2001-2021 ENERGY INTELLIGENCE GROUP, INC. / ENERGY INTELLIGENCE GROUP (UK) LIMITED.",2013,Libya,El-Sharara,90
Source: Energy Intelligence,"COPYRIGHT © 2001-2021 ENERGY INTELLIGENCE GROUP, INC. / ENERGY INTELLIGENCE GROUP (UK) LIMITED.",2012,Libya,El-Sharara,192
Source: Energy Intelligence,"COPYRIGHT © 2001-2021 ENERGY INTELLIGENCE GROUP, INC. / ENERGY INTELLIGENCE GROUP (UK) LIMITED.",2011,Libya,El-Sharara,30
Source: Energy Intelligence,"COPYRIGHT © 2001-2021 ENERGY INTELLIGENCE GROUP, INC. / ENERGY INTELLIGENCE GROUP (UK) LIMITED.",2010,Libya,El-Sharara,200
Source: Energy Intelligence,"COPYRIGHT © 2001-2021 ENERGY INTELLIGENCE GROUP, INC. / ENERGY INTELLIGENCE GROUP (UK) LIMITED.",2009,Libya,El-Sharara,175
Source: Energy Intelligence,"COPYRIGHT © 2001-2021 ENERGY INTELLIGENCE GROUP, INC. / ENERGY INTELLIGENCE GROUP (UK) LIMITED.",2008,Libya,El-Sharara,215
Source: Energy Intelligence,"COPYRIGHT © 2001-2021 ENERGY INTELLIGENCE GROUP, INC. / ENERGY INTELLIGENCE GROUP (UK) LIMITED.",2007,Libya,El-Sharara,105
Source: Energy Intelligence,"COPYRIGHT © 2001-2021 ENERGY INTELLIGENCE GROUP, INC. / ENERGY INTELLIGENCE GROUP (UK) LIMITED.",2006,Libya,El-Sharara,150
Source: Energy Intelligence,"COPYRIGHT © 2001-2021 ENERGY INTELLIGENCE GROUP, INC. / ENERGY INTELLIGENCE GROUP (UK) LIMITED.",2024,Ecuador,Napo,141
Source: Energy Intelligence,"COPYRIGHT © 2001-2021 ENERGY INTELLIGENCE GROUP, INC. / ENERGY INTELLIGENCE GROUP (UK) LIMITED.",2023,Ecuador,Napo,130.91
Source: Energy Intelligence,"COPYRIGHT © 2001-2021 ENERGY INTELLIGENCE GROUP, INC. / ENERGY INTELLIGENCE GROUP (UK) LIMITED.",2022,Ecuador,Napo,128
Source: Energy Intelligence,"COPYRIGHT © 2001-2021 ENERGY INTELLIGENCE GROUP, INC. / ENERGY INTELLIGENCE GROUP (UK) LIMITED.",2021,Ecuador,Napo,135
Source: Energy Intelligence,"COPYRIGHT © 2001-2021 ENERGY INTELLIGENCE GROUP, INC. / ENERGY INTELLIGENCE GROUP (UK) LIMITED.",2020,Ecuador,Napo,135.88
Source: Energy Intelligence,"COPYRIGHT © 2001-2021 ENERGY INTELLIGENCE GROUP, INC. / ENERGY INTELLIGENCE GROUP (UK) LIMITED.",2019,Ecuador,Napo,159.29
Source: Energy Intelligence,"COPYRIGHT © 2001-2021 ENERGY INTELLIGENCE GROUP, INC. / ENERGY INTELLIGENCE GROUP (UK) LIMITED.",2018,Ecuador,Napo,139.89
Source: Energy Intelligence,"COPYRIGHT © 2001-2021 ENERGY INTELLIGENCE GROUP, INC. / ENERGY INTELLIGENCE GROUP (UK) LIMITED.",2017,Ecuador,Napo,137.78
Source: Energy Intelligence,"COPYRIGHT © 2001-2021 ENERGY INTELLIGENCE GROUP, INC. / ENERGY INTELLIGENCE GROUP (UK) LIMITED.",2016,Ecuador,Napo,146.5
Source: Energy Intelligence,"COPYRIGHT © 2001-2021 ENERGY INTELLIGENCE GROUP, INC. / ENERGY INTELLIGENCE GROUP (UK) LIMITED.",2015,Ecuador,Napo,133.76
Source: Energy Intelligence,"COPYRIGHT © 2001-2021 ENERGY INTELLIGENCE GROUP, INC. / ENERGY INTELLIGENCE GROUP (UK) LIMITED.",2014,Ecuador,Napo,158.26
Source: Energy Intelligence,"COPYRIGHT © 2001-2021 ENERGY INTELLIGENCE GROUP, INC. / ENERGY INTELLIGENCE GROUP (UK) LIMITED.",2013,Ecuador,Napo,138.59
Source: Energy Intelligence,"COPYRIGHT © 2001-2021 ENERGY INTELLIGENCE GROUP, INC. / ENERGY INTELLIGENCE GROUP (UK) LIMITED.",2012,Ecuador,Napo,124.3
Source: Energy Intelligence,"COPYRIGHT © 2001-2021 ENERGY INTELLIGENCE GROUP, INC. / ENERGY INTELLIGENCE GROUP (UK) LIMITED.",2011,Ecuador,Napo,119.43
Source: Energy Intelligence,"COPYRIGHT © 2001-2021 ENERGY INTELLIGENCE GROUP, INC. / ENERGY INTELLIGENCE GROUP (UK) LIMITED.",2010,Ecuador,Napo,106.12
Source: Energy Intelligence,"COPYRIGHT © 2001-2021 ENERGY INTELLIGENCE GROUP, INC. / ENERGY INTELLIGENCE GROUP (UK) LIMITED.",2009,Ecuador,Napo,112.92
Source: Energy Intelligence,"COPYRIGHT © 2001-2021 ENERGY INTELLIGENCE GROUP, INC. / ENERGY INTELLIGENCE GROUP (UK) LIMITED.",2008,Ecuador,Napo,131.4
Source: Energy Intelligence,"COPYRIGHT © 2001-2021 ENERGY INTELLIGENCE GROUP, INC. / ENERGY INTELLIGENCE GROUP (UK) LIMITED.",2007,Ecuador,Napo,146.65
Source: Energy Intelligence,"COPYRIGHT © 2001-2021 ENERGY INTELLIGENCE GROUP, INC. / ENERGY INTELLIGENCE GROUP (UK) LIMITED.",2006,Ecuador,Napo,158.78
Source: Energy Intelligence,"COPYRIGHT © 2001-2021 ENERGY INTELLIGENCE GROUP, INC. / ENERGY INTELLIGENCE GROUP (UK) LIMITED.",2024,Nigeria,Other Crudes - Nigeria,191
Source: Energy Intelligence,"COPYRIGHT © 2001-2021 ENERGY INTELLIGENCE GROUP, INC. / ENERGY INTELLIGENCE GROUP (UK) LIMITED.",2023,Nigeria,Other Crudes - Nigeria,109.39
Source: Energy Intelligence,"COPYRIGHT © 2001-2021 ENERGY INTELLIGENCE GROUP, INC. / ENERGY INTELLIGENCE GROUP (UK) LIMITED.",2022,Nigeria,Other Crudes - Nigeria,103.89
Source: Energy Intelligence,"COPYRIGHT © 2001-2021 ENERGY INTELLIGENCE GROUP, INC. / ENERGY INTELLIGENCE GROUP (UK) LIMITED.",2021,Nigeria,Other Crudes - Nigeria,142.45
Source: Energy Intelligence,"COPYRIGHT © 2001-2021 ENERGY INTELLIGENCE GROUP, INC. / ENERGY INTELLIGENCE GROUP (UK) LIMITED.",2020,Nigeria,Other Crudes - Nigeria,145.58
Source: Energy Intelligence,"COPYRIGHT © 2001-2021 ENERGY INTELLIGENCE GROUP, INC. / ENERGY INTELLIGENCE GROUP (UK) LIMITED.",2019,Nigeria,Other Crudes - Nigeria,173.44
Source: Energy Intelligence,"COPYRIGHT © 2001-2021 ENERGY INTELLIGENCE GROUP, INC. / ENERGY INTELLIGENCE GROUP (UK) LIMITED.",2018,Nigeria,Other Crudes - Nigeria,134.96
Source: Energy Intelligence,"COPYRIGHT © 2001-2021 ENERGY INTELLIGENCE GROUP, INC. / ENERGY INTELLIGENCE GROUP (UK) LIMITED.",2017,Nigeria,Other Crudes - Nigeria,118.14
Source: Energy Intelligence,"COPYRIGHT © 2001-2021 ENERGY INTELLIGENCE GROUP, INC. / ENERGY INTELLIGENCE GROUP (UK) LIMITED.",2016,Nigeria,Other Crudes - Nigeria,114.95
Source: Energy Intelligence,"COPYRIGHT © 2001-2021 ENERGY INTELLIGENCE GROUP, INC. / ENERGY INTELLIGENCE GROUP (UK) LIMITED.",2015,Nigeria,Other Crudes - Nigeria,119.8
Source: Energy Intelligence,"COPYRIGHT © 2001-2021 ENERGY INTELLIGENCE GROUP, INC. / ENERGY INTELLIGENCE GROUP (UK) LIMITED.",2014,Nigeria,Other Crudes - Nigeria,239.79
Source: Energy Intelligence,"COPYRIGHT © 2001-2021 ENERGY INTELLIGENCE GROUP, INC. / ENERGY INTELLIGENCE GROUP (UK) LIMITED.",2013,Nigeria,Other Crudes - Nigeria,127.63
Source: Energy Intelligence,"COPYRIGHT © 2001-2021 ENERGY INTELLIGENCE GROUP, INC. / ENERGY INTELLIGENCE GROUP (UK) LIMITED.",2012,Nigeria,Other Crudes - Nigeria,179.3
Source: Energy Intelligence,"COPYRIGHT © 2001-2021 ENERGY INTELLIGENCE GROUP, INC. / ENERGY INTELLIGENCE GROUP (UK) LIMITED.",2011,Nigeria,Other Crudes - Nigeria,180.79
Source: Energy Intelligence,"COPYRIGHT © 2001-2021 ENERGY INTELLIGENCE GROUP, INC. / ENERGY INTELLIGENCE GROUP (UK) LIMITED.",2010,Nigeria,Other Crudes - Nigeria,131.63
Source: Energy Intelligence,"COPYRIGHT © 2001-2021 ENERGY INTELLIGENCE GROUP, INC. / ENERGY INTELLIGENCE GROUP (UK) LIMITED.",2009,Nigeria,Other Crudes - Nigeria,129.5
Source: Energy Intelligence,"COPYRIGHT © 2001-2021 ENERGY INTELLIGENCE GROUP, INC. / ENERGY INTELLIGENCE GROUP (UK) LIMITED.",2008,Nigeria,Other Crudes - Nigeria,61.38
Source: Energy Intelligence,"COPYRIGHT © 2001-2021 ENERGY INTELLIGENCE GROUP, INC. / ENERGY INTELLIGENCE GROUP (UK) LIMITED.",2007,Nigeria,Other Crudes - Nigeria,90.71
Source: Energy Intelligence,"COPYRIGHT © 2001-2021 ENERGY INTELLIGENCE GROUP, INC. / ENERGY INTELLIGENCE GROUP (UK) LIMITED.",2006,Nigeria,Other Crudes - Nigeria,80.64
Source: Energy Intelligence,"COPYRIGHT © 2001-2021 ENERGY INTELLIGENCE GROUP, INC. / ENERGY INTELLIGENCE GROUP (UK) LIMITED.",2024,Malaysia,Kimanis,71.7
Source: Energy Intelligence,"COPYRIGHT © 2001-2021 ENERGY INTELLIGENCE GROUP, INC. / ENERGY INTELLIGENCE GROUP (UK) LIMITED.",2023,Malaysia,Kimanis,78.4
Source: Energy Intelligence,"COPYRIGHT © 2001-2021 ENERGY INTELLIGENCE GROUP, INC. / ENERGY INTELLIGENCE GROUP (UK) LIMITED.",2022,Malaysia,Kimanis,86
Source: Energy Intelligence,"COPYRIGHT © 2001-2021 ENERGY INTELLIGENCE GROUP, INC. / ENERGY INTELLIGENCE GROUP (UK) LIMITED.",2021,Malaysia,Kimanis,130
Source: Energy Intelligence,"COPYRIGHT © 2001-2021 ENERGY INTELLIGENCE GROUP, INC. / ENERGY INTELLIGENCE GROUP (UK) LIMITED.",2020,Malaysia,Kimanis,114.38
Source: Energy Intelligence,"COPYRIGHT © 2001-2021 ENERGY INTELLIGENCE GROUP, INC. / ENERGY INTELLIGENCE GROUP (UK) LIMITED.",2019,Malaysia,Kimanis,189.47
Source: Energy Intelligence,"COPYRIGHT © 2001-2021 ENERGY INTELLIGENCE GROUP, INC. / ENERGY INTELLIGENCE GROUP (UK) LIMITED.",2018,Malaysia,Kimanis,200
Source: Energy Intelligence,"COPYRIGHT © 2001-2021 ENERGY INTELLIGENCE GROUP, INC. / ENERGY INTELLIGENCE GROUP (UK) LIMITED.",2017,Malaysia,Kimanis,200
Source: Energy Intelligence,"COPYRIGHT © 2001-2021 ENERGY INTELLIGENCE GROUP, INC. / ENERGY INTELLIGENCE GROUP (UK) LIMITED.",2016,Malaysia,Kimanis,156
Source: Energy Intelligence,"COPYRIGHT © 2001-2021 ENERGY INTELLIGENCE GROUP, INC. / ENERGY INTELLIGENCE GROUP (UK) LIMITED.",2015,Malaysia,Kimanis,115
Source: Energy Intelligence,"COPYRIGHT © 2001-2021 ENERGY INTELLIGENCE GROUP, INC. / ENERGY INTELLIGENCE GROUP (UK) LIMITED.",2024,United States,Other Crudes - United States,591
Source: Energy Intelligence,"COPYRIGHT © 2001-2021 ENERGY INTELLIGENCE GROUP, INC. / ENERGY INTELLIGENCE GROUP (UK) LIMITED.",2023,United States,Other Crudes - United States,458
Source: Energy Intelligence,"COPYRIGHT © 2001-2021 ENERGY INTELLIGENCE GROUP, INC. / ENERGY INTELLIGENCE GROUP (UK) LIMITED.",2022,United States,Other Crudes - United States,366
Source: Energy Intelligence,"COPYRIGHT © 2001-2021 ENERGY INTELLIGENCE GROUP, INC. / ENERGY INTELLIGENCE GROUP (UK) LIMITED.",2021,United States,Other Crudes - United States,261
Source: Energy Intelligence,"COPYRIGHT © 2001-2021 ENERGY INTELLIGENCE GROUP, INC. / ENERGY INTELLIGENCE GROUP (UK) LIMITED.",2020,United States,Other Crudes - United States,129
Source: Energy Intelligence,"COPYRIGHT © 2001-2021 ENERGY INTELLIGENCE GROUP, INC. / ENERGY INTELLIGENCE GROUP (UK) LIMITED.",2019,United States,Other Crudes - United States,176
Source: Energy Intelligence,"COPYRIGHT © 2001-2021 ENERGY INTELLIGENCE GROUP, INC. / ENERGY INTELLIGENCE GROUP (UK) LIMITED.",2018,United States,Other Crudes - United States,61
Source: Energy Intelligence,"COPYRIGHT © 2001-2021 ENERGY INTELLIGENCE GROUP, INC. / ENERGY INTELLIGENCE GROUP (UK) LIMITED.",2017,United States,Other Crudes - United States,27
Source: Energy Intelligence,"COPYRIGHT © 2001-2021 ENERGY INTELLIGENCE GROUP, INC. / ENERGY INTELLIGENCE GROUP (UK) LIMITED.",2016,United States,Other Crudes - United States,184
Source: Energy Intelligence,"COPYRIGHT © 2001-2021 ENERGY INTELLIGENCE GROUP, INC. / ENERGY INTELLIGENCE GROUP (UK) LIMITED.",2015,United States,Other Crudes - United States,109.7
Source: Energy Intelligence,"COPYRIGHT © 2001-2021 ENERGY INTELLIGENCE GROUP, INC. / ENERGY INTELLIGENCE GROUP (UK) LIMITED.",2014,United States,Other Crudes - United States,56.6
Source: Energy Intelligence,"COPYRIGHT © 2001-2021 ENERGY INTELLIGENCE GROUP, INC. / ENERGY INTELLIGENCE GROUP (UK) LIMITED.",2013,United States,Other Crudes - United States,45.2
Source: Energy Intelligence,"COPYRIGHT © 2001-2021 ENERGY INTELLIGENCE GROUP, INC. / ENERGY INTELLIGENCE GROUP (UK) LIMITED.",2012,United States,Other Crudes - United States,8.5
Source: Energy Intelligence,"COPYRIGHT © 2001-2021 ENERGY INTELLIGENCE GROUP, INC. / ENERGY INTELLIGENCE GROUP (UK) LIMITED.",2011,United States,Other Crudes - United States,7
Source: Energy Intelligence,"COPYRIGHT © 2001-2021 ENERGY INTELLIGENCE GROUP, INC. / ENERGY INTELLIGENCE GROUP (UK) LIMITED.",2010,United States,Other Crudes - United States,5.6
Source: Energy Intelligence,"COPYRIGHT © 2001-2021 ENERGY INTELLIGENCE GROUP, INC. / ENERGY INTELLIGENCE GROUP (UK) LIMITED.",2009,United States,Other Crudes - United States,7.8
Source: Energy Intelligence,"COPYRIGHT © 2001-2021 ENERGY INTELLIGENCE GROUP, INC. / ENERGY INTELLIGENCE GROUP (UK) LIMITED.",2008,United States,Other Crudes - United States,0.01
Source: Energy Intelligence,"COPYRIGHT © 2001-2021 ENERGY INTELLIGENCE GROUP, INC. / ENERGY INTELLIGENCE GROUP (UK) LIMITED.",2007,United States,Other Crudes - United States,11.4
Source: Energy Intelligence,"COPYRIGHT © 2001-2021 ENERGY INTELLIGENCE GROUP, INC. / ENERGY INTELLIGENCE GROUP (UK) LIMITED.",2006,United States,Other Crudes - United States,23.7
Source: Energy Intelligence,"COPYRIGHT © 2001-2021 ENERGY INTELLIGENCE GROUP, INC. / ENERGY INTELLIGENCE GROUP (UK) LIMITED.",2024,Russia,Novy Port,123.75
Source: Energy Intelligence,"COPYRIGHT © 2001-2021 ENERGY INTELLIGENCE GROUP, INC. / ENERGY INTELLIGENCE GROUP (UK) LIMITED.",2023,Russia,Novy Port,129.58
Source: Energy Intelligence,"COPYRIGHT © 2001-2021 ENERGY INTELLIGENCE GROUP, INC. / ENERGY INTELLIGENCE GROUP (UK) LIMITED.",2022,Russia,Novy Port,139
Source: Energy Intelligence,"COPYRIGHT © 2001-2021 ENERGY INTELLIGENCE GROUP, INC. / ENERGY INTELLIGENCE GROUP (UK) LIMITED.",2024,Angola,Kissanje Blend,50.8
Source: Energy Intelligence,"COPYRIGHT © 2001-2021 ENERGY INTELLIGENCE GROUP, INC. / ENERGY INTELLIGENCE GROUP (UK) LIMITED.",2023,Angola,Kissanje Blend,46.8
Source: Energy Intelligence,"COPYRIGHT © 2001-2021 ENERGY INTELLIGENCE GROUP, INC. / ENERGY INTELLIGENCE GROUP (UK) LIMITED.",2022,Angola,Kissanje Blend,49.45
Source: Energy Intelligence,"COPYRIGHT © 2001-2021 ENERGY INTELLIGENCE GROUP, INC. / ENERGY INTELLIGENCE GROUP (UK) LIMITED.",2021,Angola,Kissanje Blend,46.85
Source: Energy Intelligence,"COPYRIGHT © 2001-2021 ENERGY INTELLIGENCE GROUP, INC. / ENERGY INTELLIGENCE GROUP (UK) LIMITED.",2020,Angola,Kissanje Blend,59.7
Source: Energy Intelligence,"COPYRIGHT © 2001-2021 ENERGY INTELLIGENCE GROUP, INC. / ENERGY INTELLIGENCE GROUP (UK) LIMITED.",2019,Angola,Kissanje Blend,80.68
Source: Energy Intelligence,"COPYRIGHT © 2001-2021 ENERGY INTELLIGENCE GROUP, INC. / ENERGY INTELLIGENCE GROUP (UK) LIMITED.",2018,Angola,Kissanje Blend,86.16
Source: Energy Intelligence,"COPYRIGHT © 2001-2021 ENERGY INTELLIGENCE GROUP, INC. / ENERGY INTELLIGENCE GROUP (UK) LIMITED.",2017,Angola,Kissanje Blend,104.1
Source: Energy Intelligence,"COPYRIGHT © 2001-2021 ENERGY INTELLIGENCE GROUP, INC. / ENERGY INTELLIGENCE GROUP (UK) LIMITED.",2016,Angola,Kissanje Blend,116.8
Source: Energy Intelligence,"COPYRIGHT © 2001-2021 ENERGY INTELLIGENCE GROUP, INC. / ENERGY INTELLIGENCE GROUP (UK) LIMITED.",2015,Angola,Kissanje Blend,143.29
Source: Energy Intelligence,"COPYRIGHT © 2001-2021 ENERGY INTELLIGENCE GROUP, INC. / ENERGY INTELLIGENCE GROUP (UK) LIMITED.",2014,Angola,Kissanje Blend,119.73
Source: Energy Intelligence,"COPYRIGHT © 2001-2021 ENERGY INTELLIGENCE GROUP, INC. / ENERGY INTELLIGENCE GROUP (UK) LIMITED.",2013,Angola,Kissanje Blend,142.26
Source: Energy Intelligence,"COPYRIGHT © 2001-2021 ENERGY INTELLIGENCE GROUP, INC. / ENERGY INTELLIGENCE GROUP (UK) LIMITED.",2012,Angola,Kissanje Blend,134.72
Source: Energy Intelligence,"COPYRIGHT © 2001-2021 ENERGY INTELLIGENCE GROUP, INC. / ENERGY INTELLIGENCE GROUP (UK) LIMITED.",2011,Angola,Kissanje Blend,148.36
Source: Energy Intelligence,"COPYRIGHT © 2001-2021 ENERGY INTELLIGENCE GROUP, INC. / ENERGY INTELLIGENCE GROUP (UK) LIMITED.",2010,Angola,Kissanje Blend,175.91
Source: Energy Intelligence,"COPYRIGHT © 2001-2021 ENERGY INTELLIGENCE GROUP, INC. / ENERGY INTELLIGENCE GROUP (UK) LIMITED.",2009,Angola,Kissanje Blend,205.75
Source: Energy Intelligence,"COPYRIGHT © 2001-2021 ENERGY INTELLIGENCE GROUP, INC. / ENERGY INTELLIGENCE GROUP (UK) LIMITED.",2008,Angola,Kissanje Blend,256.13
Source: Energy Intelligence,"COPYRIGHT © 2001-2021 ENERGY INTELLIGENCE GROUP, INC. / ENERGY INTELLIGENCE GROUP (UK) LIMITED.",2007,Angola,Kissanje Blend,242.05
Source: Energy Intelligence,"COPYRIGHT © 2001-2021 ENERGY INTELLIGENCE GROUP, INC. / ENERGY INTELLIGENCE GROUP (UK) LIMITED.",2006,Angola,Kissanje Blend,262.88
Source: Energy Intelligence,"COPYRIGHT © 2001-2021 ENERGY INTELLIGENCE GROUP, INC. / ENERGY INTELLIGENCE GROUP (UK) LIMITED.",2024,Algeria,Algerian Condensate,66.65
Source: Energy Intelligence,"COPYRIGHT © 2001-2021 ENERGY INTELLIGENCE GROUP, INC. / ENERGY INTELLIGENCE GROUP (UK) LIMITED.",2023,Algeria,Algerian Condensate,68.3
Source: Energy Intelligence,"COPYRIGHT © 2001-2021 ENERGY INTELLIGENCE GROUP, INC. / ENERGY INTELLIGENCE GROUP (UK) LIMITED.",2022,Algeria,Algerian Condensate,65
Source: Energy Intelligence,"COPYRIGHT © 2001-2021 ENERGY INTELLIGENCE GROUP, INC. / ENERGY INTELLIGENCE GROUP (UK) LIMITED.",2021,Algeria,Algerian Condensate,71.4
Source: Energy Intelligence,"COPYRIGHT © 2001-2021 ENERGY INTELLIGENCE GROUP, INC. / ENERGY INTELLIGENCE GROUP (UK) LIMITED.",2020,Algeria,Algerian Condensate,79.7
Source: Energy Intelligence,"COPYRIGHT © 2001-2021 ENERGY INTELLIGENCE GROUP, INC. / ENERGY INTELLIGENCE GROUP (UK) LIMITED.",2019,Algeria,Algerian Condensate,86.35
Source: Energy Intelligence,"COPYRIGHT © 2001-2021 ENERGY INTELLIGENCE GROUP, INC. / ENERGY INTELLIGENCE GROUP (UK) LIMITED.",2018,Algeria,Algerian Condensate,86.35
Source: Energy Intelligence,"COPYRIGHT © 2001-2021 ENERGY INTELLIGENCE GROUP, INC. / ENERGY INTELLIGENCE GROUP (UK) LIMITED.",2017,Algeria,Algerian Condensate,84
Source: Energy Intelligence,"COPYRIGHT © 2001-2021 ENERGY INTELLIGENCE GROUP, INC. / ENERGY INTELLIGENCE GROUP (UK) LIMITED.",2016,Algeria,Algerian Condensate,104.9
Source: Energy Intelligence,"COPYRIGHT © 2001-2021 ENERGY INTELLIGENCE GROUP, INC. / ENERGY INTELLIGENCE GROUP (UK) LIMITED.",2015,Algeria,Algerian Condensate,114.03
Source: Energy Intelligence,"COPYRIGHT © 2001-2021 ENERGY INTELLIGENCE GROUP, INC. / ENERGY INTELLIGENCE GROUP (UK) LIMITED.",2014,Algeria,Algerian Condensate,109.24
Source: Energy Intelligence,"COPYRIGHT © 2001-2021 ENERGY INTELLIGENCE GROUP, INC. / ENERGY INTELLIGENCE GROUP (UK) LIMITED.",2013,Algeria,Algerian Condensate,123
Source: Energy Intelligence,"COPYRIGHT © 2001-2021 ENERGY INTELLIGENCE GROUP, INC. / ENERGY INTELLIGENCE GROUP (UK) LIMITED.",2012,Algeria,Algerian Condensate,123
Source: Energy Intelligence,"COPYRIGHT © 2001-2021 ENERGY INTELLIGENCE GROUP, INC. / ENERGY INTELLIGENCE GROUP (UK) LIMITED.",2011,Algeria,Algerian Condensate,130
Source: Energy Intelligence,"COPYRIGHT © 2001-2021 ENERGY INTELLIGENCE GROUP, INC. / ENERGY INTELLIGENCE GROUP (UK) LIMITED.",2010,Algeria,Algerian Condensate,122
Source: Energy Intelligence,"COPYRIGHT © 2001-2021 ENERGY INTELLIGENCE GROUP, INC. / ENERGY INTELLIGENCE GROUP (UK) LIMITED.",2009,Algeria,Algerian Condensate,210
Source: Energy Intelligence,"COPYRIGHT © 2001-2021 ENERGY INTELLIGENCE GROUP, INC. / ENERGY INTELLIGENCE GROUP (UK) LIMITED.",2008,Algeria,Algerian Condensate,260
Source: Energy Intelligence,"COPYRIGHT © 2001-2021 ENERGY INTELLIGENCE GROUP, INC. / ENERGY INTELLIGENCE GROUP (UK) LIMITED.",2007,Algeria,Algerian Condensate,259
Source: Energy Intelligence,"COPYRIGHT © 2001-2021 ENERGY INTELLIGENCE GROUP, INC. / ENERGY INTELLIGENCE GROUP (UK) LIMITED.",2006,Algeria,Algerian Condensate,268
Source: Energy Intelligence,"COPYRIGHT © 2001-2021 ENERGY INTELLIGENCE GROUP, INC. / ENERGY INTELLIGENCE GROUP (UK) LIMITED.",2024,Mexico,Isthmus,231
Source: Energy Intelligence,"COPYRIGHT © 2001-2021 ENERGY INTELLIGENCE GROUP, INC. / ENERGY INTELLIGENCE GROUP (UK) LIMITED.",2023,Mexico,Isthmus,420
Source: Energy Intelligence,"COPYRIGHT © 2001-2021 ENERGY INTELLIGENCE GROUP, INC. / ENERGY INTELLIGENCE GROUP (UK) LIMITED.",2022,Mexico,Isthmus,289
Source: Energy Intelligence,"COPYRIGHT © 2001-2021 ENERGY INTELLIGENCE GROUP, INC. / ENERGY INTELLIGENCE GROUP (UK) LIMITED.",2021,Mexico,Isthmus,181
Source: Energy Intelligence,"COPYRIGHT © 2001-2021 ENERGY INTELLIGENCE GROUP, INC. / ENERGY INTELLIGENCE GROUP (UK) LIMITED.",2020,Mexico,Isthmus,140
Source: Energy Intelligence,"COPYRIGHT © 2001-2021 ENERGY INTELLIGENCE GROUP, INC. / ENERGY INTELLIGENCE GROUP (UK) LIMITED.",2019,Mexico,Isthmus,4
Source: Energy Intelligence,"COPYRIGHT © 2001-2021 ENERGY INTELLIGENCE GROUP, INC. / ENERGY INTELLIGENCE GROUP (UK) LIMITED.",2018,Mexico,Isthmus,30.66
Source: Energy Intelligence,"COPYRIGHT © 2001-2021 ENERGY INTELLIGENCE GROUP, INC. / ENERGY INTELLIGENCE GROUP (UK) LIMITED.",2017,Mexico,Isthmus,86
Source: Energy Intelligence,"COPYRIGHT © 2001-2021 ENERGY INTELLIGENCE GROUP, INC. / ENERGY INTELLIGENCE GROUP (UK) LIMITED.",2016,Mexico,Isthmus,153
Source: Energy Intelligence,"COPYRIGHT © 2001-2021 ENERGY INTELLIGENCE GROUP, INC. / ENERGY INTELLIGENCE GROUP (UK) LIMITED.",2015,Mexico,Isthmus,194
Source: Energy Intelligence,"COPYRIGHT © 2001-2021 ENERGY INTELLIGENCE GROUP, INC. / ENERGY INTELLIGENCE GROUP (UK) LIMITED.",2014,Mexico,Isthmus,134
Source: Energy Intelligence,"COPYRIGHT © 2001-2021 ENERGY INTELLIGENCE GROUP, INC. / ENERGY INTELLIGENCE GROUP (UK) LIMITED.",2013,Mexico,Isthmus,103
Source: Energy Intelligence,"COPYRIGHT © 2001-2021 ENERGY INTELLIGENCE GROUP, INC. / ENERGY INTELLIGENCE GROUP (UK) LIMITED.",2012,Mexico,Isthmus,99.47
Source: Energy Intelligence,"COPYRIGHT © 2001-2021 ENERGY INTELLIGENCE GROUP, INC. / ENERGY INTELLIGENCE GROUP (UK) LIMITED.",2011,Mexico,Isthmus,99.28
Source: Energy Intelligence,"COPYRIGHT © 2001-2021 ENERGY INTELLIGENCE GROUP, INC. / ENERGY INTELLIGENCE GROUP (UK) LIMITED.",2010,Mexico,Isthmus,74.87
Source: Energy Intelligence,"COPYRIGHT © 2001-2021 ENERGY INTELLIGENCE GROUP, INC. / ENERGY INTELLIGENCE GROUP (UK) LIMITED.",2009,Mexico,Isthmus,14.15
Source: Energy Intelligence,"COPYRIGHT © 2001-2021 ENERGY INTELLIGENCE GROUP, INC. / ENERGY INTELLIGENCE GROUP (UK) LIMITED.",2008,Mexico,Isthmus,23.02
Source: Energy Intelligence,"COPYRIGHT © 2001-2021 ENERGY INTELLIGENCE GROUP, INC. / ENERGY INTELLIGENCE GROUP (UK) LIMITED.",2007,Mexico,Isthmus,41.14
Source: Energy Intelligence,"COPYRIGHT © 2001-2021 ENERGY INTELLIGENCE GROUP, INC. / ENERGY INTELLIGENCE GROUP (UK) LIMITED.",2006,Mexico,Isthmus,68.29
Source: Energy Intelligence,"COPYRIGHT © 2001-2021 ENERGY INTELLIGENCE GROUP, INC. / ENERGY INTELLIGENCE GROUP (UK) LIMITED.",2024,Guyana,Payara Gold,235.5
Source: Energy Intelligence,"COPYRIGHT © 2001-2021 ENERGY INTELLIGENCE GROUP, INC. / ENERGY INTELLIGENCE GROUP (UK) LIMITED.",2023,Guyana,Payara Gold,14
Source: Energy Intelligence,"COPYRIGHT © 2001-2021 ENERGY INTELLIGENCE GROUP, INC. / ENERGY INTELLIGENCE GROUP (UK) LIMITED.",2024,United States,Eagle Ford,77
Source: Energy Intelligence,"COPYRIGHT © 2001-2021 ENERGY INTELLIGENCE GROUP, INC. / ENERGY INTELLIGENCE GROUP (UK) LIMITED.",2023,United States,Eagle Ford,61
Source: Energy Intelligence,"COPYRIGHT © 2001-2021 ENERGY INTELLIGENCE GROUP, INC. / ENERGY INTELLIGENCE GROUP (UK) LIMITED.",2022,United States,Eagle Ford,63
Source: Energy Intelligence,"COPYRIGHT © 2001-2021 ENERGY INTELLIGENCE GROUP, INC. / ENERGY INTELLIGENCE GROUP (UK) LIMITED.",2021,United States,Eagle Ford,114
Source: Energy Intelligence,"COPYRIGHT © 2001-2021 ENERGY INTELLIGENCE GROUP, INC. / ENERGY INTELLIGENCE GROUP (UK) LIMITED.",2020,United States,Eagle Ford,200
Source: Energy Intelligence,"COPYRIGHT © 2001-2021 ENERGY INTELLIGENCE GROUP, INC. / ENERGY INTELLIGENCE GROUP (UK) LIMITED.",2019,United States,Eagle Ford,259
Source: Energy Intelligence,"COPYRIGHT © 2001-2021 ENERGY INTELLIGENCE GROUP, INC. / ENERGY INTELLIGENCE GROUP (UK) LIMITED.",2018,United States,Eagle Ford,183
Source: Energy Intelligence,"COPYRIGHT © 2001-2021 ENERGY INTELLIGENCE GROUP, INC. / ENERGY INTELLIGENCE GROUP (UK) LIMITED.",2017,United States,Eagle Ford,275
Source: Energy Intelligence,"COPYRIGHT © 2001-2021 ENERGY INTELLIGENCE GROUP, INC. / ENERGY INTELLIGENCE GROUP (UK) LIMITED.",2016,United States,Eagle Ford,31
Source: Energy Intelligence,"COPYRIGHT © 2001-2021 ENERGY INTELLIGENCE GROUP, INC. / ENERGY INTELLIGENCE GROUP (UK) LIMITED.",2015,United States,Eagle Ford,50
Source: Energy Intelligence,"COPYRIGHT © 2001-2021 ENERGY INTELLIGENCE GROUP, INC. / ENERGY INTELLIGENCE GROUP (UK) LIMITED.",2014,United States,Eagle Ford,55
Source: Energy Intelligence,"COPYRIGHT © 2001-2021 ENERGY INTELLIGENCE GROUP, INC. / ENERGY INTELLIGENCE GROUP (UK) LIMITED.",2013,United States,Eagle Ford,
Source: Energy Intelligence,"COPYRIGHT © 2001-2021 ENERGY INTELLIGENCE GROUP, INC. / ENERGY INTELLIGENCE GROUP (UK) LIMITED.",2012,United States,Eagle Ford,
Source: Energy Intelligence,"COPYRIGHT © 2001-2021 ENERGY INTELLIGENCE GROUP, INC. / ENERGY INTELLIGENCE GROUP (UK) LIMITED.",2011,United States,Eagle Ford,
Source: Energy Intelligence,"COPYRIGHT © 2001-2021 ENERGY INTELLIGENCE GROUP, INC. / ENERGY INTELLIGENCE GROUP (UK) LIMITED.",2010,United States,Eagle Ford,
Source: Energy Intelligence,"COPYRIGHT © 2001-2021 ENERGY INTELLIGENCE GROUP, INC. / ENERGY INTELLIGENCE GROUP (UK) LIMITED.",2009,United States,Eagle Ford,
Source: Energy Intelligence,"COPYRIGHT © 2001-2021 ENERGY INTELLIGENCE GROUP, INC. / ENERGY INTELLIGENCE GROUP (UK) LIMITED.",2008,United States,Eagle Ford,
Source: Energy Intelligence,"COPYRIGHT © 2001-2021 ENERGY INTELLIGENCE GROUP, INC. / ENERGY INTELLIGENCE GROUP (UK) LIMITED.",2007,United States,Eagle Ford,
Source: Energy Intelligence,"COPYRIGHT © 2001-2021 ENERGY INTELLIGENCE GROUP, INC. / ENERGY INTELLIGENCE GROUP (UK) LIMITED.",2024,Angola,Hungo,58.6
Source: Energy Intelligence,"COPYRIGHT © 2001-2021 ENERGY INTELLIGENCE GROUP, INC. / ENERGY INTELLIGENCE GROUP (UK) LIMITED.",2023,Angola,Hungo,54.7
Source: Energy Intelligence,"COPYRIGHT © 2001-2021 ENERGY INTELLIGENCE GROUP, INC. / ENERGY INTELLIGENCE GROUP (UK) LIMITED.",2022,Angola,Hungo,44.25
Source: Energy Intelligence,"COPYRIGHT © 2001-2021 ENERGY INTELLIGENCE GROUP, INC. / ENERGY INTELLIGENCE GROUP (UK) LIMITED.",2021,Angola,Hungo,46.85
Source: Energy Intelligence,"COPYRIGHT © 2001-2021 ENERGY INTELLIGENCE GROUP, INC. / ENERGY INTELLIGENCE GROUP (UK) LIMITED.",2020,Angola,Hungo,51.91
Source: Energy Intelligence,"COPYRIGHT © 2001-2021 ENERGY INTELLIGENCE GROUP, INC. / ENERGY INTELLIGENCE GROUP (UK) LIMITED.",2019,Angola,Hungo,57.53
Source: Energy Intelligence,"COPYRIGHT © 2001-2021 ENERGY INTELLIGENCE GROUP, INC. / ENERGY INTELLIGENCE GROUP (UK) LIMITED.",2018,Angola,Hungo,67.67
Source: Energy Intelligence,"COPYRIGHT © 2001-2021 ENERGY INTELLIGENCE GROUP, INC. / ENERGY INTELLIGENCE GROUP (UK) LIMITED.",2017,Angola,Hungo,80.7
Source: Energy Intelligence,"COPYRIGHT © 2001-2021 ENERGY INTELLIGENCE GROUP, INC. / ENERGY INTELLIGENCE GROUP (UK) LIMITED.",2016,Angola,Hungo,98.63
Source: Energy Intelligence,"COPYRIGHT © 2001-2021 ENERGY INTELLIGENCE GROUP, INC. / ENERGY INTELLIGENCE GROUP (UK) LIMITED.",2015,Angola,Hungo,114.52
Source: Energy Intelligence,"COPYRIGHT © 2001-2021 ENERGY INTELLIGENCE GROUP, INC. / ENERGY INTELLIGENCE GROUP (UK) LIMITED.",2014,Angola,Hungo,124.93
Source: Energy Intelligence,"COPYRIGHT © 2001-2021 ENERGY INTELLIGENCE GROUP, INC. / ENERGY INTELLIGENCE GROUP (UK) LIMITED.",2013,Angola,Hungo,123.3
Source: Energy Intelligence,"COPYRIGHT © 2001-2021 ENERGY INTELLIGENCE GROUP, INC. / ENERGY INTELLIGENCE GROUP (UK) LIMITED.",2012,Angola,Hungo,147.95
Source: Energy Intelligence,"COPYRIGHT © 2001-2021 ENERGY INTELLIGENCE GROUP, INC. / ENERGY INTELLIGENCE GROUP (UK) LIMITED.",2011,Angola,Hungo,154.79
Source: Energy Intelligence,"COPYRIGHT © 2001-2021 ENERGY INTELLIGENCE GROUP, INC. / ENERGY INTELLIGENCE GROUP (UK) LIMITED.",2010,Angola,Hungo,166.45
Source: Energy Intelligence,"COPYRIGHT © 2001-2021 ENERGY INTELLIGENCE GROUP, INC. / ENERGY INTELLIGENCE GROUP (UK) LIMITED.",2009,Angola,Hungo,192.47
Source: Energy Intelligence,"COPYRIGHT © 2001-2021 ENERGY INTELLIGENCE GROUP, INC. / ENERGY INTELLIGENCE GROUP (UK) LIMITED.",2008,Angola,Hungo,257.04
Source: Energy Intelligence,"COPYRIGHT © 2001-2021 ENERGY INTELLIGENCE GROUP, INC. / ENERGY INTELLIGENCE GROUP (UK) LIMITED.",2007,Angola,Hungo,255.07
Source: Energy Intelligence,"COPYRIGHT © 2001-2021 ENERGY INTELLIGENCE GROUP, INC. / ENERGY INTELLIGENCE GROUP (UK) LIMITED.",2006,Angola,Hungo,257.67
Source: Energy Intelligence,"COPYRIGHT © 2001-2021 ENERGY INTELLIGENCE GROUP, INC. / ENERGY INTELLIGENCE GROUP (UK) LIMITED.",2024,Norway,Statfjord Blend,57
Source: Energy Intelligence,"COPYRIGHT © 2001-2021 ENERGY INTELLIGENCE GROUP, INC. / ENERGY INTELLIGENCE GROUP (UK) LIMITED.",2023,Norway,Statfjord Blend,82
Source: Energy Intelligence,"COPYRIGHT © 2001-2021 ENERGY INTELLIGENCE GROUP, INC. / ENERGY INTELLIGENCE GROUP (UK) LIMITED.",2022,Norway,Statfjord Blend,90
Source: Energy Intelligence,"COPYRIGHT © 2001-2021 ENERGY INTELLIGENCE GROUP, INC. / ENERGY INTELLIGENCE GROUP (UK) LIMITED.",2021,Norway,Statfjord Blend,90.77
Source: Energy Intelligence,"COPYRIGHT © 2001-2021 ENERGY INTELLIGENCE GROUP, INC. / ENERGY INTELLIGENCE GROUP (UK) LIMITED.",2020,Norway,Statfjord Blend,74.02
Source: Energy Intelligence,"COPYRIGHT © 2001-2021 ENERGY INTELLIGENCE GROUP, INC. / ENERGY INTELLIGENCE GROUP (UK) LIMITED.",2019,Norway,Statfjord Blend,64.96
Source: Energy Intelligence,"COPYRIGHT © 2001-2021 ENERGY INTELLIGENCE GROUP, INC. / ENERGY INTELLIGENCE GROUP (UK) LIMITED.",2018,Norway,Statfjord Blend,96.59
Source: Energy Intelligence,"COPYRIGHT © 2001-2021 ENERGY INTELLIGENCE GROUP, INC. / ENERGY INTELLIGENCE GROUP (UK) LIMITED.",2017,Norway,Statfjord Blend,98.05
Source: Energy Intelligence,"COPYRIGHT © 2001-2021 ENERGY INTELLIGENCE GROUP, INC. / ENERGY INTELLIGENCE GROUP (UK) LIMITED.",2016,Norway,Statfjord Blend,115.61
Source: Energy Intelligence,"COPYRIGHT © 2001-2021 ENERGY INTELLIGENCE GROUP, INC. / ENERGY INTELLIGENCE GROUP (UK) LIMITED.",2015,Norway,Statfjord Blend,118.74
Source: Energy Intelligence,"COPYRIGHT © 2001-2021 ENERGY INTELLIGENCE GROUP, INC. / ENERGY INTELLIGENCE GROUP (UK) LIMITED.",2014,Norway,Statfjord Blend,107.26
Source: Energy Intelligence,"COPYRIGHT © 2001-2021 ENERGY INTELLIGENCE GROUP, INC. / ENERGY INTELLIGENCE GROUP (UK) LIMITED.",2013,Norway,Statfjord Blend,103.37
Source: Energy Intelligence,"COPYRIGHT © 2001-2021 ENERGY INTELLIGENCE GROUP, INC. / ENERGY INTELLIGENCE GROUP (UK) LIMITED.",2012,Norway,Statfjord Blend,95.27
Source: Energy Intelligence,"COPYRIGHT © 2001-2021 ENERGY INTELLIGENCE GROUP, INC. / ENERGY INTELLIGENCE GROUP (UK) LIMITED.",2011,Norway,Statfjord Blend,133.96
Source: Energy Intelligence,"COPYRIGHT © 2001-2021 ENERGY INTELLIGENCE GROUP, INC. / ENERGY INTELLIGENCE GROUP (UK) LIMITED.",2010,Norway,Statfjord Blend,150.85
Source: Energy Intelligence,"COPYRIGHT © 2001-2021 ENERGY INTELLIGENCE GROUP, INC. / ENERGY INTELLIGENCE GROUP (UK) LIMITED.",2009,Norway,Statfjord Blend,143.72
Source: Energy Intelligence,"COPYRIGHT © 2001-2021 ENERGY INTELLIGENCE GROUP, INC. / ENERGY INTELLIGENCE GROUP (UK) LIMITED.",2008,Norway,Statfjord Blend,219.82
Source: Energy Intelligence,"COPYRIGHT © 2001-2021 ENERGY INTELLIGENCE GROUP, INC. / ENERGY INTELLIGENCE GROUP (UK) LIMITED.",2007,Norway,Statfjord Blend,249.02
Source: Energy Intelligence,"COPYRIGHT © 2001-2021 ENERGY INTELLIGENCE GROUP, INC. / ENERGY INTELLIGENCE GROUP (UK) LIMITED.",2006,Norway,Statfjord Blend,253.48
Source: Energy Intelligence,"COPYRIGHT © 2001-2021 ENERGY INTELLIGENCE GROUP, INC. / ENERGY INTELLIGENCE GROUP (UK) LIMITED.",2024,Angola,CLOV,94.2
Source: Energy Intelligence,"COPYRIGHT © 2001-2021 ENERGY INTELLIGENCE GROUP, INC. / ENERGY INTELLIGENCE GROUP (UK) LIMITED.",2023,Angola,CLOV,101.37
Source: Energy Intelligence,"COPYRIGHT © 2001-2021 ENERGY INTELLIGENCE GROUP, INC. / ENERGY INTELLIGENCE GROUP (UK) LIMITED.",2022,Angola,CLOV,101.37
Source: Energy Intelligence,"COPYRIGHT © 2001-2021 ENERGY INTELLIGENCE GROUP, INC. / ENERGY INTELLIGENCE GROUP (UK) LIMITED.",2021,Angola,CLOV,79.45
Source: Energy Intelligence,"COPYRIGHT © 2001-2021 ENERGY INTELLIGENCE GROUP, INC. / ENERGY INTELLIGENCE GROUP (UK) LIMITED.",2020,Angola,CLOV,91.53
Source: Energy Intelligence,"COPYRIGHT © 2001-2021 ENERGY INTELLIGENCE GROUP, INC. / ENERGY INTELLIGENCE GROUP (UK) LIMITED.",2019,Angola,CLOV,127.26
Source: Energy Intelligence,"COPYRIGHT © 2001-2021 ENERGY INTELLIGENCE GROUP, INC. / ENERGY INTELLIGENCE GROUP (UK) LIMITED.",2018,Angola,CLOV,167.12
Source: Energy Intelligence,"COPYRIGHT © 2001-2021 ENERGY INTELLIGENCE GROUP, INC. / ENERGY INTELLIGENCE GROUP (UK) LIMITED.",2017,Angola,CLOV,168.63
Source: Energy Intelligence,"COPYRIGHT © 2001-2021 ENERGY INTELLIGENCE GROUP, INC. / ENERGY INTELLIGENCE GROUP (UK) LIMITED.",2016,Angola,CLOV,174.04
Source: Energy Intelligence,"COPYRIGHT © 2001-2021 ENERGY INTELLIGENCE GROUP, INC. / ENERGY INTELLIGENCE GROUP (UK) LIMITED.",2015,Angola,CLOV,174.52
Source: Energy Intelligence,"COPYRIGHT © 2001-2021 ENERGY INTELLIGENCE GROUP, INC. / ENERGY INTELLIGENCE GROUP (UK) LIMITED.",2014,Angola,CLOV,66.44
Source: Energy Intelligence,"COPYRIGHT © 2001-2021 ENERGY INTELLIGENCE GROUP, INC. / ENERGY INTELLIGENCE GROUP (UK) LIMITED.",2024,Libya,Mellitah,162.75
Source: Energy Intelligence,"COPYRIGHT © 2001-2021 ENERGY INTELLIGENCE GROUP, INC. / ENERGY INTELLIGENCE GROUP (UK) LIMITED.",2023,Libya,Mellitah,176.5
Source: Energy Intelligence,"COPYRIGHT © 2001-2021 ENERGY INTELLIGENCE GROUP, INC. / ENERGY INTELLIGENCE GROUP (UK) LIMITED.",2022,Libya,Mellitah,130
Source: Energy Intelligence,"COPYRIGHT © 2001-2021 ENERGY INTELLIGENCE GROUP, INC. / ENERGY INTELLIGENCE GROUP (UK) LIMITED.",2021,Libya,Mellitah,110
Source: Energy Intelligence,"COPYRIGHT © 2001-2021 ENERGY INTELLIGENCE GROUP, INC. / ENERGY INTELLIGENCE GROUP (UK) LIMITED.",2020,Libya,Mellitah,33
Source: Energy Intelligence,"COPYRIGHT © 2001-2021 ENERGY INTELLIGENCE GROUP, INC. / ENERGY INTELLIGENCE GROUP (UK) LIMITED.",2019,Libya,Mellitah,100
Source: Energy Intelligence,"COPYRIGHT © 2001-2021 ENERGY INTELLIGENCE GROUP, INC. / ENERGY INTELLIGENCE GROUP (UK) LIMITED.",2018,Libya,Mellitah,100
Source: Energy Intelligence,"COPYRIGHT © 2001-2021 ENERGY INTELLIGENCE GROUP, INC. / ENERGY INTELLIGENCE GROUP (UK) LIMITED.",2017,Libya,Mellitah,121
Source: Energy Intelligence,"COPYRIGHT © 2001-2021 ENERGY INTELLIGENCE GROUP, INC. / ENERGY INTELLIGENCE GROUP (UK) LIMITED.",2016,Libya,Mellitah,81
Source: Energy Intelligence,"COPYRIGHT © 2001-2021 ENERGY INTELLIGENCE GROUP, INC. / ENERGY INTELLIGENCE GROUP (UK) LIMITED.",2015,Libya,Mellitah,70
Source: Energy Intelligence,"COPYRIGHT © 2001-2021 ENERGY INTELLIGENCE GROUP, INC. / ENERGY INTELLIGENCE GROUP (UK) LIMITED.",2014,Libya,Mellitah,72
Source: Energy Intelligence,"COPYRIGHT © 2001-2021 ENERGY INTELLIGENCE GROUP, INC. / ENERGY INTELLIGENCE GROUP (UK) LIMITED.",2013,Libya,Mellitah,90
Source: Energy Intelligence,"COPYRIGHT © 2001-2021 ENERGY INTELLIGENCE GROUP, INC. / ENERGY INTELLIGENCE GROUP (UK) LIMITED.",2012,Libya,Mellitah,154
Source: Energy Intelligence,"COPYRIGHT © 2001-2021 ENERGY INTELLIGENCE GROUP, INC. / ENERGY INTELLIGENCE GROUP (UK) LIMITED.",2011,Libya,Mellitah,150
Source: Energy Intelligence,"COPYRIGHT © 2001-2021 ENERGY INTELLIGENCE GROUP, INC. / ENERGY INTELLIGENCE GROUP (UK) LIMITED.",2010,Libya,Mellitah,167
Source: Energy Intelligence,"COPYRIGHT © 2001-2021 ENERGY INTELLIGENCE GROUP, INC. / ENERGY INTELLIGENCE GROUP (UK) LIMITED.",2009,Libya,Mellitah,110
Source: Energy Intelligence,"COPYRIGHT © 2001-2021 ENERGY INTELLIGENCE GROUP, INC. / ENERGY INTELLIGENCE GROUP (UK) LIMITED.",2008,Libya,Mellitah,150
Source: Energy Intelligence,"COPYRIGHT © 2001-2021 ENERGY INTELLIGENCE GROUP, INC. / ENERGY INTELLIGENCE GROUP (UK) LIMITED.",2007,Libya,Mellitah,155
Source: Energy Intelligence,"COPYRIGHT © 2001-2021 ENERGY INTELLIGENCE GROUP, INC. / ENERGY INTELLIGENCE GROUP (UK) LIMITED.",2006,Libya,Mellitah,155
Source: Energy Intelligence,"COPYRIGHT © 2001-2021 ENERGY INTELLIGENCE GROUP, INC. / ENERGY INTELLIGENCE GROUP (UK) LIMITED.",2024,Chad,Doba,129.6
Source: Energy Intelligence,"COPYRIGHT © 2001-2021 ENERGY INTELLIGENCE GROUP, INC. / ENERGY INTELLIGENCE GROUP (UK) LIMITED.",2023,Chad,Doba,127
Source: Energy Intelligence,"COPYRIGHT © 2001-2021 ENERGY INTELLIGENCE GROUP, INC. / ENERGY INTELLIGENCE GROUP (UK) LIMITED.",2022,Chad,Doba,122
Source: Energy Intelligence,"COPYRIGHT © 2001-2021 ENERGY INTELLIGENCE GROUP, INC. / ENERGY INTELLIGENCE GROUP (UK) LIMITED.",2021,Chad,Doba,122.33
Source: Energy Intelligence,"COPYRIGHT © 2001-2021 ENERGY INTELLIGENCE GROUP, INC. / ENERGY INTELLIGENCE GROUP (UK) LIMITED.",2020,Chad,Doba,132.4
Source: Energy Intelligence,"COPYRIGHT © 2001-2021 ENERGY INTELLIGENCE GROUP, INC. / ENERGY INTELLIGENCE GROUP (UK) LIMITED.",2019,Chad,Doba,124.93
Source: Energy Intelligence,"COPYRIGHT © 2001-2021 ENERGY INTELLIGENCE GROUP, INC. / ENERGY INTELLIGENCE GROUP (UK) LIMITED.",2018,Chad,Doba,114.52
Source: Energy Intelligence,"COPYRIGHT © 2001-2021 ENERGY INTELLIGENCE GROUP, INC. / ENERGY INTELLIGENCE GROUP (UK) LIMITED.",2017,Chad,Doba,99
Source: Energy Intelligence,"COPYRIGHT © 2001-2021 ENERGY INTELLIGENCE GROUP, INC. / ENERGY INTELLIGENCE GROUP (UK) LIMITED.",2016,Chad,Doba,117
Source: Energy Intelligence,"COPYRIGHT © 2001-2021 ENERGY INTELLIGENCE GROUP, INC. / ENERGY INTELLIGENCE GROUP (UK) LIMITED.",2015,Chad,Doba,132
Source: Energy Intelligence,"COPYRIGHT © 2001-2021 ENERGY INTELLIGENCE GROUP, INC. / ENERGY INTELLIGENCE GROUP (UK) LIMITED.",2014,Chad,Doba,91.01
Source: Energy Intelligence,"COPYRIGHT © 2001-2021 ENERGY INTELLIGENCE GROUP, INC. / ENERGY INTELLIGENCE GROUP (UK) LIMITED.",2013,Chad,Doba,101.2
Source: Energy Intelligence,"COPYRIGHT © 2001-2021 ENERGY INTELLIGENCE GROUP, INC. / ENERGY INTELLIGENCE GROUP (UK) LIMITED.",2012,Chad,Doba,101.23
Source: Energy Intelligence,"COPYRIGHT © 2001-2021 ENERGY INTELLIGENCE GROUP, INC. / ENERGY INTELLIGENCE GROUP (UK) LIMITED.",2011,Chad,Doba,115
Source: Energy Intelligence,"COPYRIGHT © 2001-2021 ENERGY INTELLIGENCE GROUP, INC. / ENERGY INTELLIGENCE GROUP (UK) LIMITED.",2010,Chad,Doba,122.3
Source: Energy Intelligence,"COPYRIGHT © 2001-2021 ENERGY INTELLIGENCE GROUP, INC. / ENERGY INTELLIGENCE GROUP (UK) LIMITED.",2009,Chad,Doba,117
Source: Energy Intelligence,"COPYRIGHT © 2001-2021 ENERGY INTELLIGENCE GROUP, INC. / ENERGY INTELLIGENCE GROUP (UK) LIMITED.",2008,Chad,Doba,108
Source: Energy Intelligence,"COPYRIGHT © 2001-2021 ENERGY INTELLIGENCE GROUP, INC. / ENERGY INTELLIGENCE GROUP (UK) LIMITED.",2007,Chad,Doba,142.7
Source: Energy Intelligence,"COPYRIGHT © 2001-2021 ENERGY INTELLIGENCE GROUP, INC. / ENERGY INTELLIGENCE GROUP (UK) LIMITED.",2006,Chad,Doba,160.64
Source: Energy Intelligence,"COPYRIGHT © 2001-2021 ENERGY INTELLIGENCE GROUP, INC. / ENERGY INTELLIGENCE GROUP (UK) LIMITED.",2024,Norway,Asgard Blend,51
Source: Energy Intelligence,"COPYRIGHT © 2001-2021 ENERGY INTELLIGENCE GROUP, INC. / ENERGY INTELLIGENCE GROUP (UK) LIMITED.",2023,Norway,Asgard Blend,51
Source: Energy Intelligence,"COPYRIGHT © 2001-2021 ENERGY INTELLIGENCE GROUP, INC. / ENERGY INTELLIGENCE GROUP (UK) LIMITED.",2022,Norway,Asgard Blend,64
Source: Energy Intelligence,"COPYRIGHT © 2001-2021 ENERGY INTELLIGENCE GROUP, INC. / ENERGY INTELLIGENCE GROUP (UK) LIMITED.",2021,Norway,Asgard Blend,73.02
Source: Energy Intelligence,"COPYRIGHT © 2001-2021 ENERGY INTELLIGENCE GROUP, INC. / ENERGY INTELLIGENCE GROUP (UK) LIMITED.",2020,Norway,Asgard Blend,75.8
Source: Energy Intelligence,"COPYRIGHT © 2001-2021 ENERGY INTELLIGENCE GROUP, INC. / ENERGY INTELLIGENCE GROUP (UK) LIMITED.",2019,Norway,Asgard Blend,73.51
Source: Energy Intelligence,"COPYRIGHT © 2001-2021 ENERGY INTELLIGENCE GROUP, INC. / ENERGY INTELLIGENCE GROUP (UK) LIMITED.",2018,Norway,Asgard Blend,81.78
Source: Energy Intelligence,"COPYRIGHT © 2001-2021 ENERGY INTELLIGENCE GROUP, INC. / ENERGY INTELLIGENCE GROUP (UK) LIMITED.",2017,Norway,Asgard Blend,81.54
Source: Energy Intelligence,"COPYRIGHT © 2001-2021 ENERGY INTELLIGENCE GROUP, INC. / ENERGY INTELLIGENCE GROUP (UK) LIMITED.",2016,Norway,Asgard Blend,85.47
Source: Energy Intelligence,"COPYRIGHT © 2001-2021 ENERGY INTELLIGENCE GROUP, INC. / ENERGY INTELLIGENCE GROUP (UK) LIMITED.",2015,Norway,Asgard Blend,107.6
Source: Energy Intelligence,"COPYRIGHT © 2001-2021 ENERGY INTELLIGENCE GROUP, INC. / ENERGY INTELLIGENCE GROUP (UK) LIMITED.",2014,Norway,Asgard Blend,134.27
Source: Energy Intelligence,"COPYRIGHT © 2001-2021 ENERGY INTELLIGENCE GROUP, INC. / ENERGY INTELLIGENCE GROUP (UK) LIMITED.",2013,Norway,Asgard Blend,139.69
Source: Energy Intelligence,"COPYRIGHT © 2001-2021 ENERGY INTELLIGENCE GROUP, INC. / ENERGY INTELLIGENCE GROUP (UK) LIMITED.",2012,Norway,Asgard Blend,191.32
Source: Energy Intelligence,"COPYRIGHT © 2001-2021 ENERGY INTELLIGENCE GROUP, INC. / ENERGY INTELLIGENCE GROUP (UK) LIMITED.",2011,Norway,Asgard Blend,192.9
Source: Energy Intelligence,"COPYRIGHT © 2001-2021 ENERGY INTELLIGENCE GROUP, INC. / ENERGY INTELLIGENCE GROUP (UK) LIMITED.",2010,Norway,Asgard Blend,181.42
Source: Energy Intelligence,"COPYRIGHT © 2001-2021 ENERGY INTELLIGENCE GROUP, INC. / ENERGY INTELLIGENCE GROUP (UK) LIMITED.",2009,Norway,Asgard Blend,166.02
Source: Energy Intelligence,"COPYRIGHT © 2001-2021 ENERGY INTELLIGENCE GROUP, INC. / ENERGY INTELLIGENCE GROUP (UK) LIMITED.",2008,Norway,Asgard Blend,169.96
Source: Energy Intelligence,"COPYRIGHT © 2001-2021 ENERGY INTELLIGENCE GROUP, INC. / ENERGY INTELLIGENCE GROUP (UK) LIMITED.",2007,Norway,Asgard Blend,187.54
Source: Energy Intelligence,"COPYRIGHT © 2001-2021 ENERGY INTELLIGENCE GROUP, INC. / ENERGY INTELLIGENCE GROUP (UK) LIMITED.",2006,Norway,Asgard Blend,169.69
Source: Energy Intelligence,"COPYRIGHT © 2001-2021 ENERGY INTELLIGENCE GROUP, INC. / ENERGY INTELLIGENCE GROUP (UK) LIMITED.",2024,Norway,Oseberg,64
Source: Energy Intelligence,"COPYRIGHT © 2001-2021 ENERGY INTELLIGENCE GROUP, INC. / ENERGY INTELLIGENCE GROUP (UK) LIMITED.",2023,Norway,Oseberg,68
Source: Energy Intelligence,"COPYRIGHT © 2001-2021 ENERGY INTELLIGENCE GROUP, INC. / ENERGY INTELLIGENCE GROUP (UK) LIMITED.",2022,Norway,Oseberg,70
Source: Energy Intelligence,"COPYRIGHT © 2001-2021 ENERGY INTELLIGENCE GROUP, INC. / ENERGY INTELLIGENCE GROUP (UK) LIMITED.",2021,Norway,Oseberg,82.85
Source: Energy Intelligence,"COPYRIGHT © 2001-2021 ENERGY INTELLIGENCE GROUP, INC. / ENERGY INTELLIGENCE GROUP (UK) LIMITED.",2020,Norway,Oseberg,93.99
Source: Energy Intelligence,"COPYRIGHT © 2001-2021 ENERGY INTELLIGENCE GROUP, INC. / ENERGY INTELLIGENCE GROUP (UK) LIMITED.",2019,Norway,Oseberg,95.76
Source: Energy Intelligence,"COPYRIGHT © 2001-2021 ENERGY INTELLIGENCE GROUP, INC. / ENERGY INTELLIGENCE GROUP (UK) LIMITED.",2018,Norway,Oseberg,75.31
Source: Energy Intelligence,"COPYRIGHT © 2001-2021 ENERGY INTELLIGENCE GROUP, INC. / ENERGY INTELLIGENCE GROUP (UK) LIMITED.",2017,Norway,Oseberg,111.39
Source: Energy Intelligence,"COPYRIGHT © 2001-2021 ENERGY INTELLIGENCE GROUP, INC. / ENERGY INTELLIGENCE GROUP (UK) LIMITED.",2016,Norway,Oseberg,112.31
Source: Energy Intelligence,"COPYRIGHT © 2001-2021 ENERGY INTELLIGENCE GROUP, INC. / ENERGY INTELLIGENCE GROUP (UK) LIMITED.",2015,Norway,Oseberg,105.51
Source: Energy Intelligence,"COPYRIGHT © 2001-2021 ENERGY INTELLIGENCE GROUP, INC. / ENERGY INTELLIGENCE GROUP (UK) LIMITED.",2014,Norway,Oseberg,100
Source: Energy Intelligence,"COPYRIGHT © 2001-2021 ENERGY INTELLIGENCE GROUP, INC. / ENERGY INTELLIGENCE GROUP (UK) LIMITED.",2013,Norway,Oseberg,113.09
Source: Energy Intelligence,"COPYRIGHT © 2001-2021 ENERGY INTELLIGENCE GROUP, INC. / ENERGY INTELLIGENCE GROUP (UK) LIMITED.",2012,Norway,Oseberg,121.2
Source: Energy Intelligence,"COPYRIGHT © 2001-2021 ENERGY INTELLIGENCE GROUP, INC. / ENERGY INTELLIGENCE GROUP (UK) LIMITED.",2011,Norway,Oseberg,137.42
Source: Energy Intelligence,"COPYRIGHT © 2001-2021 ENERGY INTELLIGENCE GROUP, INC. / ENERGY INTELLIGENCE GROUP (UK) LIMITED.",2010,Norway,Oseberg,153.51
Source: Energy Intelligence,"COPYRIGHT © 2001-2021 ENERGY INTELLIGENCE GROUP, INC. / ENERGY INTELLIGENCE GROUP (UK) LIMITED.",2009,Norway,Oseberg,173.27
Source: Energy Intelligence,"COPYRIGHT © 2001-2021 ENERGY INTELLIGENCE GROUP, INC. / ENERGY INTELLIGENCE GROUP (UK) LIMITED.",2008,Norway,Oseberg,185.09
Source: Energy Intelligence,"COPYRIGHT © 2001-2021 ENERGY INTELLIGENCE GROUP, INC. / ENERGY INTELLIGENCE GROUP (UK) LIMITED.",2007,Norway,Oseberg,176.95
Source: Energy Intelligence,"COPYRIGHT © 2001-2021 ENERGY INTELLIGENCE GROUP, INC. / ENERGY INTELLIGENCE GROUP (UK) LIMITED.",2006,Norway,Oseberg,218.01
Source: Energy Intelligence,"COPYRIGHT © 2001-2021 ENERGY INTELLIGENCE GROUP, INC. / ENERGY INTELLIGENCE GROUP (UK) LIMITED.",2024,Nigeria,Erha,66
Source: Energy Intelligence,"COPYRIGHT © 2001-2021 ENERGY INTELLIGENCE GROUP, INC. / ENERGY INTELLIGENCE GROUP (UK) LIMITED.",2023,Nigeria,Erha,70.27
Source: Energy Intelligence,"COPYRIGHT © 2001-2021 ENERGY INTELLIGENCE GROUP, INC. / ENERGY INTELLIGENCE GROUP (UK) LIMITED.",2022,Nigeria,Erha,60
Source: Energy Intelligence,"COPYRIGHT © 2001-2021 ENERGY INTELLIGENCE GROUP, INC. / ENERGY INTELLIGENCE GROUP (UK) LIMITED.",2021,Nigeria,Erha,49.58
Source: Energy Intelligence,"COPYRIGHT © 2001-2021 ENERGY INTELLIGENCE GROUP, INC. / ENERGY INTELLIGENCE GROUP (UK) LIMITED.",2020,Nigeria,Erha,70.27
Source: Energy Intelligence,"COPYRIGHT © 2001-2021 ENERGY INTELLIGENCE GROUP, INC. / ENERGY INTELLIGENCE GROUP (UK) LIMITED.",2019,Nigeria,Erha,104.11
Source: Energy Intelligence,"COPYRIGHT © 2001-2021 ENERGY INTELLIGENCE GROUP, INC. / ENERGY INTELLIGENCE GROUP (UK) LIMITED.",2018,Nigeria,Erha,109.32
Source: Energy Intelligence,"COPYRIGHT © 2001-2021 ENERGY INTELLIGENCE GROUP, INC. / ENERGY INTELLIGENCE GROUP (UK) LIMITED.",2017,Nigeria,Erha,123.69
Source: Energy Intelligence,"COPYRIGHT © 2001-2021 ENERGY INTELLIGENCE GROUP, INC. / ENERGY INTELLIGENCE GROUP (UK) LIMITED.",2016,Nigeria,Erha,125.02
Source: Energy Intelligence,"COPYRIGHT © 2001-2021 ENERGY INTELLIGENCE GROUP, INC. / ENERGY INTELLIGENCE GROUP (UK) LIMITED.",2015,Nigeria,Erha,91.7
Source: Energy Intelligence,"COPYRIGHT © 2001-2021 ENERGY INTELLIGENCE GROUP, INC. / ENERGY INTELLIGENCE GROUP (UK) LIMITED.",2014,Nigeria,Erha,99.1
Source: Energy Intelligence,"COPYRIGHT © 2001-2021 ENERGY INTELLIGENCE GROUP, INC. / ENERGY INTELLIGENCE GROUP (UK) LIMITED.",2013,Nigeria,Erha,103.11
Source: Energy Intelligence,"COPYRIGHT © 2001-2021 ENERGY INTELLIGENCE GROUP, INC. / ENERGY INTELLIGENCE GROUP (UK) LIMITED.",2012,Nigeria,Erha,122.39
Source: Energy Intelligence,"COPYRIGHT © 2001-2021 ENERGY INTELLIGENCE GROUP, INC. / ENERGY INTELLIGENCE GROUP (UK) LIMITED.",2011,Nigeria,Erha,143.01
Source: Energy Intelligence,"COPYRIGHT © 2001-2021 ENERGY INTELLIGENCE GROUP, INC. / ENERGY INTELLIGENCE GROUP (UK) LIMITED.",2010,Nigeria,Erha,166
Source: Energy Intelligence,"COPYRIGHT © 2001-2021 ENERGY INTELLIGENCE GROUP, INC. / ENERGY INTELLIGENCE GROUP (UK) LIMITED.",2009,Nigeria,Erha,162
Source: Energy Intelligence,"COPYRIGHT © 2001-2021 ENERGY INTELLIGENCE GROUP, INC. / ENERGY INTELLIGENCE GROUP (UK) LIMITED.",2008,Nigeria,Erha,195
Source: Energy Intelligence,"COPYRIGHT © 2001-2021 ENERGY INTELLIGENCE GROUP, INC. / ENERGY INTELLIGENCE GROUP (UK) LIMITED.",2007,Nigeria,Erha,201.78
Source: Energy Intelligence,"COPYRIGHT © 2001-2021 ENERGY INTELLIGENCE GROUP, INC. / ENERGY INTELLIGENCE GROUP (UK) LIMITED.",2006,Nigeria,Erha,129
Source: Energy Intelligence,"COPYRIGHT © 2001-2021 ENERGY INTELLIGENCE GROUP, INC. / ENERGY INTELLIGENCE GROUP (UK) LIMITED.",2022,Abu Dhabi,Other Crudes - Abu Dhabi,0
Source: Energy Intelligence,"COPYRIGHT © 2001-2021 ENERGY INTELLIGENCE GROUP, INC. / ENERGY INTELLIGENCE GROUP (UK) LIMITED.",2021,Abu Dhabi,Other Crudes - Abu Dhabi,0
Source: Energy Intelligence,"COPYRIGHT © 2001-2021 ENERGY INTELLIGENCE GROUP, INC. / ENERGY INTELLIGENCE GROUP (UK) LIMITED.",2020,Abu Dhabi,Other Crudes - Abu Dhabi,30.3
Source: Energy Intelligence,"COPYRIGHT © 2001-2021 ENERGY INTELLIGENCE GROUP, INC. / ENERGY INTELLIGENCE GROUP (UK) LIMITED.",2019,Abu Dhabi,Other Crudes - Abu Dhabi,1
Source: Energy Intelligence,"COPYRIGHT © 2001-2021 ENERGY INTELLIGENCE GROUP, INC. / ENERGY INTELLIGENCE GROUP (UK) LIMITED.",2018,Abu Dhabi,Other Crudes - Abu Dhabi,24
Source: Energy Intelligence,"COPYRIGHT © 2001-2021 ENERGY INTELLIGENCE GROUP, INC. / ENERGY INTELLIGENCE GROUP (UK) LIMITED.",2017,Abu Dhabi,Other Crudes - Abu Dhabi,18
Source: Energy Intelligence,"COPYRIGHT © 2001-2021 ENERGY INTELLIGENCE GROUP, INC. / ENERGY INTELLIGENCE GROUP (UK) LIMITED.",2016,Abu Dhabi,Other Crudes - Abu Dhabi,87
Source: Energy Intelligence,"COPYRIGHT © 2001-2021 ENERGY INTELLIGENCE GROUP, INC. / ENERGY INTELLIGENCE GROUP (UK) LIMITED.",2015,Abu Dhabi,Other Crudes - Abu Dhabi,98
Source: Energy Intelligence,"COPYRIGHT © 2001-2021 ENERGY INTELLIGENCE GROUP, INC. / ENERGY INTELLIGENCE GROUP (UK) LIMITED.",2014,Abu Dhabi,Other Crudes - Abu Dhabi,168
Source: Energy Intelligence,"COPYRIGHT © 2001-2021 ENERGY INTELLIGENCE GROUP, INC. / ENERGY INTELLIGENCE GROUP (UK) LIMITED.",2013,Abu Dhabi,Other Crudes - Abu Dhabi,213
Source: Energy Intelligence,"COPYRIGHT © 2001-2021 ENERGY INTELLIGENCE GROUP, INC. / ENERGY INTELLIGENCE GROUP (UK) LIMITED.",2012,Abu Dhabi,Other Crudes - Abu Dhabi,218
Source: Energy Intelligence,"COPYRIGHT © 2001-2021 ENERGY INTELLIGENCE GROUP, INC. / ENERGY INTELLIGENCE GROUP (UK) LIMITED.",2011,Abu Dhabi,Other Crudes - Abu Dhabi,247
Source: Energy Intelligence,"COPYRIGHT © 2001-2021 ENERGY INTELLIGENCE GROUP, INC. / ENERGY INTELLIGENCE GROUP (UK) LIMITED.",2010,Abu Dhabi,Other Crudes - Abu Dhabi,154
Source: Energy Intelligence,"COPYRIGHT © 2001-2021 ENERGY INTELLIGENCE GROUP, INC. / ENERGY INTELLIGENCE GROUP (UK) LIMITED.",2009,Abu Dhabi,Other Crudes - Abu Dhabi,79
Source: Energy Intelligence,"COPYRIGHT © 2001-2021 ENERGY INTELLIGENCE GROUP, INC. / ENERGY INTELLIGENCE GROUP (UK) LIMITED.",2008,Abu Dhabi,Other Crudes - Abu Dhabi,82
Source: Energy Intelligence,"COPYRIGHT © 2001-2021 ENERGY INTELLIGENCE GROUP, INC. / ENERGY INTELLIGENCE GROUP (UK) LIMITED.",2007,Abu Dhabi,Other Crudes - Abu Dhabi,85
Source: Energy Intelligence,"COPYRIGHT © 2001-2021 ENERGY INTELLIGENCE GROUP, INC. / ENERGY INTELLIGENCE GROUP (UK) LIMITED.",2006,Abu Dhabi,Other Crudes - Abu Dhabi,450
Source: Energy Intelligence,"COPYRIGHT © 2001-2021 ENERGY INTELLIGENCE GROUP, INC. / ENERGY INTELLIGENCE GROUP (UK) LIMITED.",2024,Russia,Varandey,101.33
Source: Energy Intelligence,"COPYRIGHT © 2001-2021 ENERGY INTELLIGENCE GROUP, INC. / ENERGY INTELLIGENCE GROUP (UK) LIMITED.",2023,Russia,Varandey,147
Source: Energy Intelligence,"COPYRIGHT © 2001-2021 ENERGY INTELLIGENCE GROUP, INC. / ENERGY INTELLIGENCE GROUP (UK) LIMITED.",2022,Russia,Varandey,121
Source: Energy Intelligence,"COPYRIGHT © 2001-2021 ENERGY INTELLIGENCE GROUP, INC. / ENERGY INTELLIGENCE GROUP (UK) LIMITED.",2021,Russia,Varandey,92.85
Source: Energy Intelligence,"COPYRIGHT © 2001-2021 ENERGY INTELLIGENCE GROUP, INC. / ENERGY INTELLIGENCE GROUP (UK) LIMITED.",2020,Russia,Varandey,97.9
Source: Energy Intelligence,"COPYRIGHT © 2001-2021 ENERGY INTELLIGENCE GROUP, INC. / ENERGY INTELLIGENCE GROUP (UK) LIMITED.",2019,Russia,Varandey,142.68
Source: Energy Intelligence,"COPYRIGHT © 2001-2021 ENERGY INTELLIGENCE GROUP, INC. / ENERGY INTELLIGENCE GROUP (UK) LIMITED.",2018,Russia,Varandey,141.43
Source: Energy Intelligence,"COPYRIGHT © 2001-2021 ENERGY INTELLIGENCE GROUP, INC. / ENERGY INTELLIGENCE GROUP (UK) LIMITED.",2017,Russia,Varandey,159.12
Source: Energy Intelligence,"COPYRIGHT © 2001-2021 ENERGY INTELLIGENCE GROUP, INC. / ENERGY INTELLIGENCE GROUP (UK) LIMITED.",2016,Russia,Varandey,140.19
Source: Energy Intelligence,"COPYRIGHT © 2001-2021 ENERGY INTELLIGENCE GROUP, INC. / ENERGY INTELLIGENCE GROUP (UK) LIMITED.",2015,Russia,Varandey,110.14
Source: Energy Intelligence,"COPYRIGHT © 2001-2021 ENERGY INTELLIGENCE GROUP, INC. / ENERGY INTELLIGENCE GROUP (UK) LIMITED.",2014,Russia,Varandey,100.64
Source: Energy Intelligence,"COPYRIGHT © 2001-2021 ENERGY INTELLIGENCE GROUP, INC. / ENERGY INTELLIGENCE GROUP (UK) LIMITED.",2013,Russia,Varandey,23.08
Source: Energy Intelligence,"COPYRIGHT © 2001-2021 ENERGY INTELLIGENCE GROUP, INC. / ENERGY INTELLIGENCE GROUP (UK) LIMITED.",2024,Nigeria,Akpo Blend,50
Source: Energy Intelligence,"COPYRIGHT © 2001-2021 ENERGY INTELLIGENCE GROUP, INC. / ENERGY INTELLIGENCE GROUP (UK) LIMITED.",2023,Nigeria,Akpo Blend,68.5
Source: Energy Intelligence,"COPYRIGHT © 2001-2021 ENERGY INTELLIGENCE GROUP, INC. / ENERGY INTELLIGENCE GROUP (UK) LIMITED.",2022,Nigeria,Akpo Blend,76.71
Source: Energy Intelligence,"COPYRIGHT © 2001-2021 ENERGY INTELLIGENCE GROUP, INC. / ENERGY INTELLIGENCE GROUP (UK) LIMITED.",2021,Nigeria,Akpo Blend,82.05
Source: Energy Intelligence,"COPYRIGHT © 2001-2021 ENERGY INTELLIGENCE GROUP, INC. / ENERGY INTELLIGENCE GROUP (UK) LIMITED.",2020,Nigeria,Akpo Blend,95.89
Source: Energy Intelligence,"COPYRIGHT © 2001-2021 ENERGY INTELLIGENCE GROUP, INC. / ENERGY INTELLIGENCE GROUP (UK) LIMITED.",2019,Nigeria,Akpo Blend,98.63
Source: Energy Intelligence,"COPYRIGHT © 2001-2021 ENERGY INTELLIGENCE GROUP, INC. / ENERGY INTELLIGENCE GROUP (UK) LIMITED.",2018,Nigeria,Akpo Blend,106.8
Source: Energy Intelligence,"COPYRIGHT © 2001-2021 ENERGY INTELLIGENCE GROUP, INC. / ENERGY INTELLIGENCE GROUP (UK) LIMITED.",2017,Nigeria,Akpo Blend,123.69
Source: Energy Intelligence,"COPYRIGHT © 2001-2021 ENERGY INTELLIGENCE GROUP, INC. / ENERGY INTELLIGENCE GROUP (UK) LIMITED.",2016,Nigeria,Akpo Blend,136.19
Source: Energy Intelligence,"COPYRIGHT © 2001-2021 ENERGY INTELLIGENCE GROUP, INC. / ENERGY INTELLIGENCE GROUP (UK) LIMITED.",2015,Nigeria,Akpo Blend,152.1
Source: Energy Intelligence,"COPYRIGHT © 2001-2021 ENERGY INTELLIGENCE GROUP, INC. / ENERGY INTELLIGENCE GROUP (UK) LIMITED.",2014,Nigeria,Akpo Blend,151.7
Source: Energy Intelligence,"COPYRIGHT © 2001-2021 ENERGY INTELLIGENCE GROUP, INC. / ENERGY INTELLIGENCE GROUP (UK) LIMITED.",2013,Nigeria,Akpo Blend,166.57
Source: Energy Intelligence,"COPYRIGHT © 2001-2021 ENERGY INTELLIGENCE GROUP, INC. / ENERGY INTELLIGENCE GROUP (UK) LIMITED.",2012,Nigeria,Akpo Blend,151.5
Source: Energy Intelligence,"COPYRIGHT © 2001-2021 ENERGY INTELLIGENCE GROUP, INC. / ENERGY INTELLIGENCE GROUP (UK) LIMITED.",2011,Nigeria,Akpo Blend,153.56
Source: Energy Intelligence,"COPYRIGHT © 2001-2021 ENERGY INTELLIGENCE GROUP, INC. / ENERGY INTELLIGENCE GROUP (UK) LIMITED.",2010,Nigeria,Akpo Blend,153.56
Source: Energy Intelligence,"COPYRIGHT © 2001-2021 ENERGY INTELLIGENCE GROUP, INC. / ENERGY INTELLIGENCE GROUP (UK) LIMITED.",2009,Nigeria,Akpo Blend,64.23
Source: Energy Intelligence,"COPYRIGHT © 2001-2021 ENERGY INTELLIGENCE GROUP, INC. / ENERGY INTELLIGENCE GROUP (UK) LIMITED.",2024,Angola,Pazflor,74.3
Source: Energy Intelligence,"COPYRIGHT © 2001-2021 ENERGY INTELLIGENCE GROUP, INC. / ENERGY INTELLIGENCE GROUP (UK) LIMITED.",2023,Angola,Pazflor,70.27
Source: Energy Intelligence,"COPYRIGHT © 2001-2021 ENERGY INTELLIGENCE GROUP, INC. / ENERGY INTELLIGENCE GROUP (UK) LIMITED.",2022,Angola,Pazflor,80.68
Source: Energy Intelligence,"COPYRIGHT © 2001-2021 ENERGY INTELLIGENCE GROUP, INC. / ENERGY INTELLIGENCE GROUP (UK) LIMITED.",2021,Angola,Pazflor,72.88
Source: Energy Intelligence,"COPYRIGHT © 2001-2021 ENERGY INTELLIGENCE GROUP, INC. / ENERGY INTELLIGENCE GROUP (UK) LIMITED.",2020,Angola,Pazflor,64.89
Source: Energy Intelligence,"COPYRIGHT © 2001-2021 ENERGY INTELLIGENCE GROUP, INC. / ENERGY INTELLIGENCE GROUP (UK) LIMITED.",2019,Angola,Pazflor,75.48
Source: Energy Intelligence,"COPYRIGHT © 2001-2021 ENERGY INTELLIGENCE GROUP, INC. / ENERGY INTELLIGENCE GROUP (UK) LIMITED.",2018,Angola,Pazflor,88.49
Source: Energy Intelligence,"COPYRIGHT © 2001-2021 ENERGY INTELLIGENCE GROUP, INC. / ENERGY INTELLIGENCE GROUP (UK) LIMITED.",2017,Angola,Pazflor,101.51
Source: Energy Intelligence,"COPYRIGHT © 2001-2021 ENERGY INTELLIGENCE GROUP, INC. / ENERGY INTELLIGENCE GROUP (UK) LIMITED.",2016,Angola,Pazflor,124.59
Source: Energy Intelligence,"COPYRIGHT © 2001-2021 ENERGY INTELLIGENCE GROUP, INC. / ENERGY INTELLIGENCE GROUP (UK) LIMITED.",2015,Angola,Pazflor,163.97
Source: Energy Intelligence,"COPYRIGHT © 2001-2021 ENERGY INTELLIGENCE GROUP, INC. / ENERGY INTELLIGENCE GROUP (UK) LIMITED.",2014,Angola,Pazflor,203.01
Source: Energy Intelligence,"COPYRIGHT © 2001-2021 ENERGY INTELLIGENCE GROUP, INC. / ENERGY INTELLIGENCE GROUP (UK) LIMITED.",2013,Angola,Pazflor,210.73
Source: Energy Intelligence,"COPYRIGHT © 2001-2021 ENERGY INTELLIGENCE GROUP, INC. / ENERGY INTELLIGENCE GROUP (UK) LIMITED.",2012,Angola,Pazflor,197.27
Source: Energy Intelligence,"COPYRIGHT © 2001-2021 ENERGY INTELLIGENCE GROUP, INC. / ENERGY INTELLIGENCE GROUP (UK) LIMITED.",2011,Angola,Pazflor,31.23
Source: Energy Intelligence,"COPYRIGHT © 2001-2021 ENERGY INTELLIGENCE GROUP, INC. / ENERGY INTELLIGENCE GROUP (UK) LIMITED.",2024,Canada,Syncrude Sweet Premium,128.2
Source: Energy Intelligence,"COPYRIGHT © 2001-2021 ENERGY INTELLIGENCE GROUP, INC. / ENERGY INTELLIGENCE GROUP (UK) LIMITED.",2023,Canada,Syncrude Sweet Premium,126.6
Source: Energy Intelligence,"COPYRIGHT © 2001-2021 ENERGY INTELLIGENCE GROUP, INC. / ENERGY INTELLIGENCE GROUP (UK) LIMITED.",2022,Canada,Syncrude Sweet Premium,122.65
Source: Energy Intelligence,"COPYRIGHT © 2001-2021 ENERGY INTELLIGENCE GROUP, INC. / ENERGY INTELLIGENCE GROUP (UK) LIMITED.",2021,Canada,Syncrude Sweet Premium,113.72
Source: Energy Intelligence,"COPYRIGHT © 2001-2021 ENERGY INTELLIGENCE GROUP, INC. / ENERGY INTELLIGENCE GROUP (UK) LIMITED.",2020,Canada,Syncrude Sweet Premium,111.07
Source: Energy Intelligence,"COPYRIGHT © 2001-2021 ENERGY INTELLIGENCE GROUP, INC. / ENERGY INTELLIGENCE GROUP (UK) LIMITED.",2019,Canada,Syncrude Sweet Premium,117.33
Source: Energy Intelligence,"COPYRIGHT © 2001-2021 ENERGY INTELLIGENCE GROUP, INC. / ENERGY INTELLIGENCE GROUP (UK) LIMITED.",2018,Canada,Syncrude Sweet Premium,112.47
Source: Energy Intelligence,"COPYRIGHT © 2001-2021 ENERGY INTELLIGENCE GROUP, INC. / ENERGY INTELLIGENCE GROUP (UK) LIMITED.",2017,Canada,Syncrude Sweet Premium,92.62
Source: Energy Intelligence,"COPYRIGHT © 2001-2021 ENERGY INTELLIGENCE GROUP, INC. / ENERGY INTELLIGENCE GROUP (UK) LIMITED.",2016,Canada,Syncrude Sweet Premium,77.25
Source: Energy Intelligence,"COPYRIGHT © 2001-2021 ENERGY INTELLIGENCE GROUP, INC. / ENERGY INTELLIGENCE GROUP (UK) LIMITED.",2015,Canada,Syncrude Sweet Premium,98.04
Source: Energy Intelligence,"COPYRIGHT © 2001-2021 ENERGY INTELLIGENCE GROUP, INC. / ENERGY INTELLIGENCE GROUP (UK) LIMITED.",2014,Canada,Syncrude Sweet Premium,103.24
Source: Energy Intelligence,"COPYRIGHT © 2001-2021 ENERGY INTELLIGENCE GROUP, INC. / ENERGY INTELLIGENCE GROUP (UK) LIMITED.",2013,Canada,Syncrude Sweet Premium,106.8
Source: Energy Intelligence,"COPYRIGHT © 2001-2021 ENERGY INTELLIGENCE GROUP, INC. / ENERGY INTELLIGENCE GROUP (UK) LIMITED.",2012,Canada,Syncrude Sweet Premium,114.6
Source: Energy Intelligence,"COPYRIGHT © 2001-2021 ENERGY INTELLIGENCE GROUP, INC. / ENERGY INTELLIGENCE GROUP (UK) LIMITED.",2011,Canada,Syncrude Sweet Premium,115.32
Source: Energy Intelligence,"COPYRIGHT © 2001-2021 ENERGY INTELLIGENCE GROUP, INC. / ENERGY INTELLIGENCE GROUP (UK) LIMITED.",2010,Canada,Syncrude Sweet Premium,115
Source: Energy Intelligence,"COPYRIGHT © 2001-2021 ENERGY INTELLIGENCE GROUP, INC. / ENERGY INTELLIGENCE GROUP (UK) LIMITED.",2009,Canada,Syncrude Sweet Premium,119
Source: Energy Intelligence,"COPYRIGHT © 2001-2021 ENERGY INTELLIGENCE GROUP, INC. / ENERGY INTELLIGENCE GROUP (UK) LIMITED.",2008,Canada,Syncrude Sweet Premium,119
Source: Energy Intelligence,"COPYRIGHT © 2001-2021 ENERGY INTELLIGENCE GROUP, INC. / ENERGY INTELLIGENCE GROUP (UK) LIMITED.",2007,Canada,Syncrude Sweet Premium,118.59
Source: Energy Intelligence,"COPYRIGHT © 2001-2021 ENERGY INTELLIGENCE GROUP, INC. / ENERGY INTELLIGENCE GROUP (UK) LIMITED.",2006,Canada,Syncrude Sweet Premium,81.78
Source: Energy Intelligence,"COPYRIGHT © 2001-2021 ENERGY INTELLIGENCE GROUP, INC. / ENERGY INTELLIGENCE GROUP (UK) LIMITED.",2024,Angola,Mostarda,127.8
Source: Energy Intelligence,"COPYRIGHT © 2001-2021 ENERGY INTELLIGENCE GROUP, INC. / ENERGY INTELLIGENCE GROUP (UK) LIMITED.",2023,Angola,Mostarda,124.9
Source: Energy Intelligence,"COPYRIGHT © 2001-2021 ENERGY INTELLIGENCE GROUP, INC. / ENERGY INTELLIGENCE GROUP (UK) LIMITED.",2022,Angola,Mostarda,114.52
Source: Energy Intelligence,"COPYRIGHT © 2001-2021 ENERGY INTELLIGENCE GROUP, INC. / ENERGY INTELLIGENCE GROUP (UK) LIMITED.",2021,Angola,Mostarda,114.52
Source: Energy Intelligence,"COPYRIGHT © 2001-2021 ENERGY INTELLIGENCE GROUP, INC. / ENERGY INTELLIGENCE GROUP (UK) LIMITED.",2020,Angola,Mostarda,109.02
Source: Energy Intelligence,"COPYRIGHT © 2001-2021 ENERGY INTELLIGENCE GROUP, INC. / ENERGY INTELLIGENCE GROUP (UK) LIMITED.",2019,Angola,Mostarda,70.27
Source: Energy Intelligence,"COPYRIGHT © 2001-2021 ENERGY INTELLIGENCE GROUP, INC. / ENERGY INTELLIGENCE GROUP (UK) LIMITED.",2024,Nigeria,Egina,78
Source: Energy Intelligence,"COPYRIGHT © 2001-2021 ENERGY INTELLIGENCE GROUP, INC. / ENERGY INTELLIGENCE GROUP (UK) LIMITED.",2023,Nigeria,Egina,89.86
Source: Energy Intelligence,"COPYRIGHT © 2001-2021 ENERGY INTELLIGENCE GROUP, INC. / ENERGY INTELLIGENCE GROUP (UK) LIMITED.",2022,Nigeria,Egina,122.46
Source: Energy Intelligence,"COPYRIGHT © 2001-2021 ENERGY INTELLIGENCE GROUP, INC. / ENERGY INTELLIGENCE GROUP (UK) LIMITED.",2021,Nigeria,Egina,151.76
Source: Energy Intelligence,"COPYRIGHT © 2001-2021 ENERGY INTELLIGENCE GROUP, INC. / ENERGY INTELLIGENCE GROUP (UK) LIMITED.",2020,Nigeria,Egina,161.92
Source: Energy Intelligence,"COPYRIGHT © 2001-2021 ENERGY INTELLIGENCE GROUP, INC. / ENERGY INTELLIGENCE GROUP (UK) LIMITED.",2019,Nigeria,Egina,167
Source: Energy Intelligence,"COPYRIGHT © 2001-2021 ENERGY INTELLIGENCE GROUP, INC. / ENERGY INTELLIGENCE GROUP (UK) LIMITED.",2018,Nigeria,Egina,0
Source: Energy Intelligence,"COPYRIGHT © 2001-2021 ENERGY INTELLIGENCE GROUP, INC. / ENERGY INTELLIGENCE GROUP (UK) LIMITED.",2024,South Sudan,Dar Blend South Sudan,46
Source: Energy Intelligence,"COPYRIGHT © 2001-2021 ENERGY INTELLIGENCE GROUP, INC. / ENERGY INTELLIGENCE GROUP (UK) LIMITED.",2023,South Sudan,Dar Blend South Sudan,94
Source: Energy Intelligence,"COPYRIGHT © 2001-2021 ENERGY INTELLIGENCE GROUP, INC. / ENERGY INTELLIGENCE GROUP (UK) LIMITED.",2022,South Sudan,Dar Blend South Sudan,99
Source: Energy Intelligence,"COPYRIGHT © 2001-2021 ENERGY INTELLIGENCE GROUP, INC. / ENERGY INTELLIGENCE GROUP (UK) LIMITED.",2021,South Sudan,Dar Blend South Sudan,113
Source: Energy Intelligence,"COPYRIGHT © 2001-2021 ENERGY INTELLIGENCE GROUP, INC. / ENERGY INTELLIGENCE GROUP (UK) LIMITED.",2020,South Sudan,Dar Blend South Sudan,115
Source: Energy Intelligence,"COPYRIGHT © 2001-2021 ENERGY INTELLIGENCE GROUP, INC. / ENERGY INTELLIGENCE GROUP (UK) LIMITED.",2019,South Sudan,Dar Blend South Sudan,130
Source: Energy Intelligence,"COPYRIGHT © 2001-2021 ENERGY INTELLIGENCE GROUP, INC. / ENERGY INTELLIGENCE GROUP (UK) LIMITED.",2018,South Sudan,Dar Blend South Sudan,130
Source: Energy Intelligence,"COPYRIGHT © 2001-2021 ENERGY INTELLIGENCE GROUP, INC. / ENERGY INTELLIGENCE GROUP (UK) LIMITED.",2017,South Sudan,Dar Blend South Sudan,139.83
Source: Energy Intelligence,"COPYRIGHT © 2001-2021 ENERGY INTELLIGENCE GROUP, INC. / ENERGY INTELLIGENCE GROUP (UK) LIMITED.",2016,South Sudan,Dar Blend South Sudan,131
Source: Energy Intelligence,"COPYRIGHT © 2001-2021 ENERGY INTELLIGENCE GROUP, INC. / ENERGY INTELLIGENCE GROUP (UK) LIMITED.",2015,South Sudan,Dar Blend South Sudan,151
Source: Energy Intelligence,"COPYRIGHT © 2001-2021 ENERGY INTELLIGENCE GROUP, INC. / ENERGY INTELLIGENCE GROUP (UK) LIMITED.",2014,South Sudan,Dar Blend South Sudan,171
Source: Energy Intelligence,"COPYRIGHT © 2001-2021 ENERGY INTELLIGENCE GROUP, INC. / ENERGY INTELLIGENCE GROUP (UK) LIMITED.",2013,South Sudan,Dar Blend South Sudan,85.7
Source: Energy Intelligence,"COPYRIGHT © 2001-2021 ENERGY INTELLIGENCE GROUP, INC. / ENERGY INTELLIGENCE GROUP (UK) LIMITED.",2012,South Sudan,Dar Blend South Sudan,18.89
Source: Energy Intelligence,"COPYRIGHT © 2001-2021 ENERGY INTELLIGENCE GROUP, INC. / ENERGY INTELLIGENCE GROUP (UK) LIMITED.",2011,South Sudan,Dar Blend South Sudan,103.42
Source: Energy Intelligence,"COPYRIGHT © 2001-2021 ENERGY INTELLIGENCE GROUP, INC. / ENERGY INTELLIGENCE GROUP (UK) LIMITED.",2024,Abu Dhabi,Umm Lulu,175
Source: Energy Intelligence,"COPYRIGHT © 2001-2021 ENERGY INTELLIGENCE GROUP, INC. / ENERGY INTELLIGENCE GROUP (UK) LIMITED.",2023,Abu Dhabi,Umm Lulu,174
Source: Energy Intelligence,"COPYRIGHT © 2001-2021 ENERGY INTELLIGENCE GROUP, INC. / ENERGY INTELLIGENCE GROUP (UK) LIMITED.",2022,Abu Dhabi,Umm Lulu,158.93
Source: Energy Intelligence,"COPYRIGHT © 2001-2021 ENERGY INTELLIGENCE GROUP, INC. / ENERGY INTELLIGENCE GROUP (UK) LIMITED.",2021,Abu Dhabi,Umm Lulu,119
Source: Energy Intelligence,"COPYRIGHT © 2001-2021 ENERGY INTELLIGENCE GROUP, INC. / ENERGY INTELLIGENCE GROUP (UK) LIMITED.",2020,Abu Dhabi,Umm Lulu,100.42
Source: Energy Intelligence,"COPYRIGHT © 2001-2021 ENERGY INTELLIGENCE GROUP, INC. / ENERGY INTELLIGENCE GROUP (UK) LIMITED.",2019,Abu Dhabi,Umm Lulu,109
Source: Energy Intelligence,"COPYRIGHT © 2001-2021 ENERGY INTELLIGENCE GROUP, INC. / ENERGY INTELLIGENCE GROUP (UK) LIMITED.",2018,Abu Dhabi,Umm Lulu,28
Source: Energy Intelligence,"COPYRIGHT © 2001-2021 ENERGY INTELLIGENCE GROUP, INC. / ENERGY INTELLIGENCE GROUP (UK) LIMITED.",2017,Abu Dhabi,Umm Lulu,0
Source: Energy Intelligence,"COPYRIGHT © 2001-2021 ENERGY INTELLIGENCE GROUP, INC. / ENERGY INTELLIGENCE GROUP (UK) LIMITED.",2024,Libya,Amna,91.7
Source: Energy Intelligence,"COPYRIGHT © 2001-2021 ENERGY INTELLIGENCE GROUP, INC. / ENERGY INTELLIGENCE GROUP (UK) LIMITED.",2023,Libya,Amna,91.4
Source: Energy Intelligence,"COPYRIGHT © 2001-2021 ENERGY INTELLIGENCE GROUP, INC. / ENERGY INTELLIGENCE GROUP (UK) LIMITED.",2022,Libya,Amna,84.9
Source: Energy Intelligence,"COPYRIGHT © 2001-2021 ENERGY INTELLIGENCE GROUP, INC. / ENERGY INTELLIGENCE GROUP (UK) LIMITED.",2021,Libya,Amna,81
Source: Energy Intelligence,"COPYRIGHT © 2001-2021 ENERGY INTELLIGENCE GROUP, INC. / ENERGY INTELLIGENCE GROUP (UK) LIMITED.",2020,Libya,Amna,24
Source: Energy Intelligence,"COPYRIGHT © 2001-2021 ENERGY INTELLIGENCE GROUP, INC. / ENERGY INTELLIGENCE GROUP (UK) LIMITED.",2019,Libya,Amna,81
Source: Energy Intelligence,"COPYRIGHT © 2001-2021 ENERGY INTELLIGENCE GROUP, INC. / ENERGY INTELLIGENCE GROUP (UK) LIMITED.",2018,Libya,Amna,81
Source: Energy Intelligence,"COPYRIGHT © 2001-2021 ENERGY INTELLIGENCE GROUP, INC. / ENERGY INTELLIGENCE GROUP (UK) LIMITED.",2017,Libya,Amna,70
Source: Energy Intelligence,"COPYRIGHT © 2001-2021 ENERGY INTELLIGENCE GROUP, INC. / ENERGY INTELLIGENCE GROUP (UK) LIMITED.",2016,Libya,Amna,48
Source: Energy Intelligence,"COPYRIGHT © 2001-2021 ENERGY INTELLIGENCE GROUP, INC. / ENERGY INTELLIGENCE GROUP (UK) LIMITED.",2015,Libya,Amna,10
Source: Energy Intelligence,"COPYRIGHT © 2001-2021 ENERGY INTELLIGENCE GROUP, INC. / ENERGY INTELLIGENCE GROUP (UK) LIMITED.",2014,Libya,Amna,30
Source: Energy Intelligence,"COPYRIGHT © 2001-2021 ENERGY INTELLIGENCE GROUP, INC. / ENERGY INTELLIGENCE GROUP (UK) LIMITED.",2013,Libya,Amna,120
Source: Energy Intelligence,"COPYRIGHT © 2001-2021 ENERGY INTELLIGENCE GROUP, INC. / ENERGY INTELLIGENCE GROUP (UK) LIMITED.",2012,Libya,Amna,173
Source: Energy Intelligence,"COPYRIGHT © 2001-2021 ENERGY INTELLIGENCE GROUP, INC. / ENERGY INTELLIGENCE GROUP (UK) LIMITED.",2011,Libya,Amna,50
Source: Energy Intelligence,"COPYRIGHT © 2001-2021 ENERGY INTELLIGENCE GROUP, INC. / ENERGY INTELLIGENCE GROUP (UK) LIMITED.",2010,Libya,Amna,217
Source: Energy Intelligence,"COPYRIGHT © 2001-2021 ENERGY INTELLIGENCE GROUP, INC. / ENERGY INTELLIGENCE GROUP (UK) LIMITED.",2009,Libya,Amna,180
Source: Energy Intelligence,"COPYRIGHT © 2001-2021 ENERGY INTELLIGENCE GROUP, INC. / ENERGY INTELLIGENCE GROUP (UK) LIMITED.",2008,Libya,Amna,200
Source: Energy Intelligence,"COPYRIGHT © 2001-2021 ENERGY INTELLIGENCE GROUP, INC. / ENERGY INTELLIGENCE GROUP (UK) LIMITED.",2007,Libya,Amna,200
Source: Energy Intelligence,"COPYRIGHT © 2001-2021 ENERGY INTELLIGENCE GROUP, INC. / ENERGY INTELLIGENCE GROUP (UK) LIMITED.",2006,Libya,Amna,200
Source: Energy Intelligence,"COPYRIGHT © 2001-2021 ENERGY INTELLIGENCE GROUP, INC. / ENERGY INTELLIGENCE GROUP (UK) LIMITED.",2024,Brazil,Sapinhoa,87.07
Source: Energy Intelligence,"COPYRIGHT © 2001-2021 ENERGY INTELLIGENCE GROUP, INC. / ENERGY INTELLIGENCE GROUP (UK) LIMITED.",2023,Brazil,Sapinhoa,96
Source: Energy Intelligence,"COPYRIGHT © 2001-2021 ENERGY INTELLIGENCE GROUP, INC. / ENERGY INTELLIGENCE GROUP (UK) LIMITED.",2022,Brazil,Sapinhoa,121.11
Source: Energy Intelligence,"COPYRIGHT © 2001-2021 ENERGY INTELLIGENCE GROUP, INC. / ENERGY INTELLIGENCE GROUP (UK) LIMITED.",2021,Brazil,Sapinhoa,132.8
Source: Energy Intelligence,"COPYRIGHT © 2001-2021 ENERGY INTELLIGENCE GROUP, INC. / ENERGY INTELLIGENCE GROUP (UK) LIMITED.",2020,Brazil,Sapinhoa,150
Source: Energy Intelligence,"COPYRIGHT © 2001-2021 ENERGY INTELLIGENCE GROUP, INC. / ENERGY INTELLIGENCE GROUP (UK) LIMITED.",2019,Brazil,Sapinhoa,159.14
Source: Energy Intelligence,"COPYRIGHT © 2001-2021 ENERGY INTELLIGENCE GROUP, INC. / ENERGY INTELLIGENCE GROUP (UK) LIMITED.",2018,Brazil,Sapinhoa,161.02
Source: Energy Intelligence,"COPYRIGHT © 2001-2021 ENERGY INTELLIGENCE GROUP, INC. / ENERGY INTELLIGENCE GROUP (UK) LIMITED.",2017,Brazil,Sapinhoa,164.72
Source: Energy Intelligence,"COPYRIGHT © 2001-2021 ENERGY INTELLIGENCE GROUP, INC. / ENERGY INTELLIGENCE GROUP (UK) LIMITED.",2016,Brazil,Sapinhoa,136.09
Source: Energy Intelligence,"COPYRIGHT © 2001-2021 ENERGY INTELLIGENCE GROUP, INC. / ENERGY INTELLIGENCE GROUP (UK) LIMITED.",2015,Brazil,Sapinhoa,109.47
Source: Energy Intelligence,"COPYRIGHT © 2001-2021 ENERGY INTELLIGENCE GROUP, INC. / ENERGY INTELLIGENCE GROUP (UK) LIMITED.",2014,Brazil,Sapinhoa,47.44
Source: Energy Intelligence,"COPYRIGHT © 2001-2021 ENERGY INTELLIGENCE GROUP, INC. / ENERGY INTELLIGENCE GROUP (UK) LIMITED.",2013,Brazil,Sapinhoa,15.7
Source: Energy Intelligence,"COPYRIGHT © 2001-2021 ENERGY INTELLIGENCE GROUP, INC. / ENERGY INTELLIGENCE GROUP (UK) LIMITED.",2011,Brazil,Sapinhoa,0
Source: Energy Intelligence,"COPYRIGHT © 2001-2021 ENERGY INTELLIGENCE GROUP, INC. / ENERGY INTELLIGENCE GROUP (UK) LIMITED.",2024,Canada,Albian Heavy,152.28
Source: Energy Intelligence,"COPYRIGHT © 2001-2021 ENERGY INTELLIGENCE GROUP, INC. / ENERGY INTELLIGENCE GROUP (UK) LIMITED.",2023,Canada,Albian Heavy,149.88
Source: Energy Intelligence,"COPYRIGHT © 2001-2021 ENERGY INTELLIGENCE GROUP, INC. / ENERGY INTELLIGENCE GROUP (UK) LIMITED.",2022,Canada,Albian Heavy,108
Source: Energy Intelligence,"COPYRIGHT © 2001-2021 ENERGY INTELLIGENCE GROUP, INC. / ENERGY INTELLIGENCE GROUP (UK) LIMITED.",2021,Canada,Albian Heavy,132
Source: Energy Intelligence,"COPYRIGHT © 2001-2021 ENERGY INTELLIGENCE GROUP, INC. / ENERGY INTELLIGENCE GROUP (UK) LIMITED.",2020,Canada,Albian Heavy,129.6
Source: Energy Intelligence,"COPYRIGHT © 2001-2021 ENERGY INTELLIGENCE GROUP, INC. / ENERGY INTELLIGENCE GROUP (UK) LIMITED.",2019,Canada,Albian Heavy,127.2
Source: Energy Intelligence,"COPYRIGHT © 2001-2021 ENERGY INTELLIGENCE GROUP, INC. / ENERGY INTELLIGENCE GROUP (UK) LIMITED.",2018,Canada,Albian Heavy,127.2
Source: Energy Intelligence,"COPYRIGHT © 2001-2021 ENERGY INTELLIGENCE GROUP, INC. / ENERGY INTELLIGENCE GROUP (UK) LIMITED.",2017,Canada,Albian Heavy,122.4
Source: Energy Intelligence,"COPYRIGHT © 2001-2021 ENERGY INTELLIGENCE GROUP, INC. / ENERGY INTELLIGENCE GROUP (UK) LIMITED.",2016,Canada,Albian Heavy,120
Source: Energy Intelligence,"COPYRIGHT © 2001-2021 ENERGY INTELLIGENCE GROUP, INC. / ENERGY INTELLIGENCE GROUP (UK) LIMITED.",2015,Canada,Albian Heavy,112.8
Source: Energy Intelligence,"COPYRIGHT © 2001-2021 ENERGY INTELLIGENCE GROUP, INC. / ENERGY INTELLIGENCE GROUP (UK) LIMITED.",2014,Canada,Albian Heavy,116.64
Source: Energy Intelligence,"COPYRIGHT © 2001-2021 ENERGY INTELLIGENCE GROUP, INC. / ENERGY INTELLIGENCE GROUP (UK) LIMITED.",2013,Canada,Albian Heavy,113.28
Source: Energy Intelligence,"COPYRIGHT © 2001-2021 ENERGY INTELLIGENCE GROUP, INC. / ENERGY INTELLIGENCE GROUP (UK) LIMITED.",2012,Canada,Albian Heavy,108
Source: Energy Intelligence,"COPYRIGHT © 2001-2021 ENERGY INTELLIGENCE GROUP, INC. / ENERGY INTELLIGENCE GROUP (UK) LIMITED.",2011,Canada,Albian Heavy,100.8
Source: Energy Intelligence,"COPYRIGHT © 2001-2021 ENERGY INTELLIGENCE GROUP, INC. / ENERGY INTELLIGENCE GROUP (UK) LIMITED.",2010,Canada,Albian Heavy,50
Source: Energy Intelligence,"COPYRIGHT © 2001-2021 ENERGY INTELLIGENCE GROUP, INC. / ENERGY INTELLIGENCE GROUP (UK) LIMITED.",2009,Canada,Albian Heavy,51.1
Source: Energy Intelligence,"COPYRIGHT © 2001-2021 ENERGY INTELLIGENCE GROUP, INC. / ENERGY INTELLIGENCE GROUP (UK) LIMITED.",2008,Canada,Albian Heavy,46.16
Source: Energy Intelligence,"COPYRIGHT © 2001-2021 ENERGY INTELLIGENCE GROUP, INC. / ENERGY INTELLIGENCE GROUP (UK) LIMITED.",2007,Canada,Albian Heavy,69.58
Source: Energy Intelligence,"COPYRIGHT © 2001-2021 ENERGY INTELLIGENCE GROUP, INC. / ENERGY INTELLIGENCE GROUP (UK) LIMITED.",2006,Canada,Albian Heavy,79.15
Source: Energy Intelligence,"COPYRIGHT © 2001-2021 ENERGY INTELLIGENCE GROUP, INC. / ENERGY INTELLIGENCE GROUP (UK) LIMITED.",2024,Venezuela,Mesa-30,0
Source: Energy Intelligence,"COPYRIGHT © 2001-2021 ENERGY INTELLIGENCE GROUP, INC. / ENERGY INTELLIGENCE GROUP (UK) LIMITED.",2023,Venezuela,Mesa-30,0
Source: Energy Intelligence,"COPYRIGHT © 2001-2021 ENERGY INTELLIGENCE GROUP, INC. / ENERGY INTELLIGENCE GROUP (UK) LIMITED.",2022,Venezuela,Mesa-30,0
Source: Energy Intelligence,"COPYRIGHT © 2001-2021 ENERGY INTELLIGENCE GROUP, INC. / ENERGY INTELLIGENCE GROUP (UK) LIMITED.",2021,Venezuela,Mesa-30,0
Source: Energy Intelligence,"COPYRIGHT © 2001-2021 ENERGY INTELLIGENCE GROUP, INC. / ENERGY INTELLIGENCE GROUP (UK) LIMITED.",2020,Venezuela,Mesa-30,1
Source: Energy Intelligence,"COPYRIGHT © 2001-2021 ENERGY INTELLIGENCE GROUP, INC. / ENERGY INTELLIGENCE GROUP (UK) LIMITED.",2019,Venezuela,Mesa-30,0
Source: Energy Intelligence,"COPYRIGHT © 2001-2021 ENERGY INTELLIGENCE GROUP, INC. / ENERGY INTELLIGENCE GROUP (UK) LIMITED.",2018,Venezuela,Mesa-30,29.48
Source: Energy Intelligence,"COPYRIGHT © 2001-2021 ENERGY INTELLIGENCE GROUP, INC. / ENERGY INTELLIGENCE GROUP (UK) LIMITED.",2017,Venezuela,Mesa-30,44.66
Source: Energy Intelligence,"COPYRIGHT © 2001-2021 ENERGY INTELLIGENCE GROUP, INC. / ENERGY INTELLIGENCE GROUP (UK) LIMITED.",2016,Venezuela,Mesa-30,44.66
Source: Energy Intelligence,"COPYRIGHT © 2001-2021 ENERGY INTELLIGENCE GROUP, INC. / ENERGY INTELLIGENCE GROUP (UK) LIMITED.",2015,Venezuela,Mesa-30,77.65
Source: Energy Intelligence,"COPYRIGHT © 2001-2021 ENERGY INTELLIGENCE GROUP, INC. / ENERGY INTELLIGENCE GROUP (UK) LIMITED.",2014,Venezuela,Mesa-30,152.7
Source: Energy Intelligence,"COPYRIGHT © 2001-2021 ENERGY INTELLIGENCE GROUP, INC. / ENERGY INTELLIGENCE GROUP (UK) LIMITED.",2013,Venezuela,Mesa-30,200.2
Source: Energy Intelligence,"COPYRIGHT © 2001-2021 ENERGY INTELLIGENCE GROUP, INC. / ENERGY INTELLIGENCE GROUP (UK) LIMITED.",2012,Venezuela,Mesa-30,220
Source: Energy Intelligence,"COPYRIGHT © 2001-2021 ENERGY INTELLIGENCE GROUP, INC. / ENERGY INTELLIGENCE GROUP (UK) LIMITED.",2011,Venezuela,Mesa-30,232
Source: Energy Intelligence,"COPYRIGHT © 2001-2021 ENERGY INTELLIGENCE GROUP, INC. / ENERGY INTELLIGENCE GROUP (UK) LIMITED.",2010,Venezuela,Mesa-30,300
Source: Energy Intelligence,"COPYRIGHT © 2001-2021 ENERGY INTELLIGENCE GROUP, INC. / ENERGY INTELLIGENCE GROUP (UK) LIMITED.",2009,Venezuela,Mesa-30,182
Source: Energy Intelligence,"COPYRIGHT © 2001-2021 ENERGY INTELLIGENCE GROUP, INC. / ENERGY INTELLIGENCE GROUP (UK) LIMITED.",2008,Venezuela,Mesa-30,209.17
Source: Energy Intelligence,"COPYRIGHT © 2001-2021 ENERGY INTELLIGENCE GROUP, INC. / ENERGY INTELLIGENCE GROUP (UK) LIMITED.",2007,Venezuela,Mesa-30,216.2
Source: Energy Intelligence,"COPYRIGHT © 2001-2021 ENERGY INTELLIGENCE GROUP, INC. / ENERGY INTELLIGENCE GROUP (UK) LIMITED.",2006,Venezuela,Mesa-30,
Source: Energy Intelligence,"COPYRIGHT © 2001-2021 ENERGY INTELLIGENCE GROUP, INC. / ENERGY INTELLIGENCE GROUP (UK) LIMITED.",2024,Qatar,Qatar Low Sulphur Field Condensate,95
Source: Energy Intelligence,"COPYRIGHT © 2001-2021 ENERGY INTELLIGENCE GROUP, INC. / ENERGY INTELLIGENCE GROUP (UK) LIMITED.",2023,Qatar,Qatar Low Sulphur Field Condensate,100
Source: Energy Intelligence,"COPYRIGHT © 2001-2021 ENERGY INTELLIGENCE GROUP, INC. / ENERGY INTELLIGENCE GROUP (UK) LIMITED.",2022,Qatar,Qatar Low Sulphur Field Condensate,110
Source: Energy Intelligence,"COPYRIGHT © 2001-2021 ENERGY INTELLIGENCE GROUP, INC. / ENERGY INTELLIGENCE GROUP (UK) LIMITED.",2021,Qatar,Qatar Low Sulphur Field Condensate,110
Source: Energy Intelligence,"COPYRIGHT © 2001-2021 ENERGY INTELLIGENCE GROUP, INC. / ENERGY INTELLIGENCE GROUP (UK) LIMITED.",2020,Qatar,Qatar Low Sulphur Field Condensate,115
Source: Energy Intelligence,"COPYRIGHT © 2001-2021 ENERGY INTELLIGENCE GROUP, INC. / ENERGY INTELLIGENCE GROUP (UK) LIMITED.",2019,Qatar,Qatar Low Sulphur Field Condensate,130
Source: Energy Intelligence,"COPYRIGHT © 2001-2021 ENERGY INTELLIGENCE GROUP, INC. / ENERGY INTELLIGENCE GROUP (UK) LIMITED.",2018,Qatar,Qatar Low Sulphur Field Condensate,130
Source: Energy Intelligence,"COPYRIGHT © 2001-2021 ENERGY INTELLIGENCE GROUP, INC. / ENERGY INTELLIGENCE GROUP (UK) LIMITED.",2017,Qatar,Qatar Low Sulphur Field Condensate,130
Source: Energy Intelligence,"COPYRIGHT © 2001-2021 ENERGY INTELLIGENCE GROUP, INC. / ENERGY INTELLIGENCE GROUP (UK) LIMITED.",2016,Qatar,Qatar Low Sulphur Field Condensate,130
Source: Energy Intelligence,"COPYRIGHT © 2001-2021 ENERGY INTELLIGENCE GROUP, INC. / ENERGY INTELLIGENCE GROUP (UK) LIMITED.",2015,Qatar,Qatar Low Sulphur Field Condensate,130
Source: Energy Intelligence,"COPYRIGHT © 2001-2021 ENERGY INTELLIGENCE GROUP, INC. / ENERGY INTELLIGENCE GROUP (UK) LIMITED.",2014,Qatar,Qatar Low Sulphur Field Condensate,130
Source: Energy Intelligence,"COPYRIGHT © 2001-2021 ENERGY INTELLIGENCE GROUP, INC. / ENERGY INTELLIGENCE GROUP (UK) LIMITED.",2013,Qatar,Qatar Low Sulphur Field Condensate,120
Source: Energy Intelligence,"COPYRIGHT © 2001-2021 ENERGY INTELLIGENCE GROUP, INC. / ENERGY INTELLIGENCE GROUP (UK) LIMITED.",2012,Qatar,Qatar Low Sulphur Field Condensate,120
Source: Energy Intelligence,"COPYRIGHT © 2001-2021 ENERGY INTELLIGENCE GROUP, INC. / ENERGY INTELLIGENCE GROUP (UK) LIMITED.",2011,Qatar,Qatar Low Sulphur Field Condensate,110
Source: Energy Intelligence,"COPYRIGHT © 2001-2021 ENERGY INTELLIGENCE GROUP, INC. / ENERGY INTELLIGENCE GROUP (UK) LIMITED.",2010,Qatar,Qatar Low Sulphur Field Condensate,52
Source: Energy Intelligence,"COPYRIGHT © 2001-2021 ENERGY INTELLIGENCE GROUP, INC. / ENERGY INTELLIGENCE GROUP (UK) LIMITED.",2009,Qatar,Qatar Low Sulphur Field Condensate,55
Source: Energy Intelligence,"COPYRIGHT © 2001-2021 ENERGY INTELLIGENCE GROUP, INC. / ENERGY INTELLIGENCE GROUP (UK) LIMITED.",2008,Qatar,Qatar Low Sulphur Field Condensate,70
Source: Energy Intelligence,"COPYRIGHT © 2001-2021 ENERGY INTELLIGENCE GROUP, INC. / ENERGY INTELLIGENCE GROUP (UK) LIMITED.",2007,Qatar,Qatar Low Sulphur Field Condensate,30
Source: Energy Intelligence,"COPYRIGHT © 2001-2021 ENERGY INTELLIGENCE GROUP, INC. / ENERGY INTELLIGENCE GROUP (UK) LIMITED.",2024,Angola,Plutonio,60.65
Source: Energy Intelligence,"COPYRIGHT © 2001-2021 ENERGY INTELLIGENCE GROUP, INC. / ENERGY INTELLIGENCE GROUP (UK) LIMITED.",2023,Angola,Plutonio,65.5
Source: Energy Intelligence,"COPYRIGHT © 2001-2021 ENERGY INTELLIGENCE GROUP, INC. / ENERGY INTELLIGENCE GROUP (UK) LIMITED.",2022,Angola,Plutonio,62.6
Source: Energy Intelligence,"COPYRIGHT © 2001-2021 ENERGY INTELLIGENCE GROUP, INC. / ENERGY INTELLIGENCE GROUP (UK) LIMITED.",2021,Angola,Plutonio,49.04
Source: Energy Intelligence,"COPYRIGHT © 2001-2021 ENERGY INTELLIGENCE GROUP, INC. / ENERGY INTELLIGENCE GROUP (UK) LIMITED.",2020,Angola,Plutonio,46.17
Source: Energy Intelligence,"COPYRIGHT © 2001-2021 ENERGY INTELLIGENCE GROUP, INC. / ENERGY INTELLIGENCE GROUP (UK) LIMITED.",2019,Angola,Plutonio,40.96
Source: Energy Intelligence,"COPYRIGHT © 2001-2021 ENERGY INTELLIGENCE GROUP, INC. / ENERGY INTELLIGENCE GROUP (UK) LIMITED.",2018,Angola,Plutonio,72.6
Source: Energy Intelligence,"COPYRIGHT © 2001-2021 ENERGY INTELLIGENCE GROUP, INC. / ENERGY INTELLIGENCE GROUP (UK) LIMITED.",2017,Angola,Plutonio,87.4
Source: Energy Intelligence,"COPYRIGHT © 2001-2021 ENERGY INTELLIGENCE GROUP, INC. / ENERGY INTELLIGENCE GROUP (UK) LIMITED.",2016,Angola,Plutonio,112.02
Source: Energy Intelligence,"COPYRIGHT © 2001-2021 ENERGY INTELLIGENCE GROUP, INC. / ENERGY INTELLIGENCE GROUP (UK) LIMITED.",2015,Angola,Plutonio,126.03
Source: Energy Intelligence,"COPYRIGHT © 2001-2021 ENERGY INTELLIGENCE GROUP, INC. / ENERGY INTELLIGENCE GROUP (UK) LIMITED.",2014,Angola,Plutonio,134.25
Source: Energy Intelligence,"COPYRIGHT © 2001-2021 ENERGY INTELLIGENCE GROUP, INC. / ENERGY INTELLIGENCE GROUP (UK) LIMITED.",2013,Angola,Plutonio,193.63
Source: Energy Intelligence,"COPYRIGHT © 2001-2021 ENERGY INTELLIGENCE GROUP, INC. / ENERGY INTELLIGENCE GROUP (UK) LIMITED.",2012,Angola,Plutonio,172.13
Source: Energy Intelligence,"COPYRIGHT © 2001-2021 ENERGY INTELLIGENCE GROUP, INC. / ENERGY INTELLIGENCE GROUP (UK) LIMITED.",2011,Angola,Plutonio,112.33
Source: Energy Intelligence,"COPYRIGHT © 2001-2021 ENERGY INTELLIGENCE GROUP, INC. / ENERGY INTELLIGENCE GROUP (UK) LIMITED.",2010,Angola,Plutonio,153
Source: Energy Intelligence,"COPYRIGHT © 2001-2021 ENERGY INTELLIGENCE GROUP, INC. / ENERGY INTELLIGENCE GROUP (UK) LIMITED.",2009,Angola,Plutonio,156.99
Source: Energy Intelligence,"COPYRIGHT © 2001-2021 ENERGY INTELLIGENCE GROUP, INC. / ENERGY INTELLIGENCE GROUP (UK) LIMITED.",2008,Angola,Plutonio,181.38
Source: Energy Intelligence,"COPYRIGHT © 2001-2021 ENERGY INTELLIGENCE GROUP, INC. / ENERGY INTELLIGENCE GROUP (UK) LIMITED.",2007,Angola,Plutonio,32.33
Source: Energy Intelligence,"COPYRIGHT © 2001-2021 ENERGY INTELLIGENCE GROUP, INC. / ENERGY INTELLIGENCE GROUP (UK) LIMITED.",2024,Nigeria,Amenam Blend,54.6
Source: Energy Intelligence,"COPYRIGHT © 2001-2021 ENERGY INTELLIGENCE GROUP, INC. / ENERGY INTELLIGENCE GROUP (UK) LIMITED.",2023,Nigeria,Amenam Blend,106.85
Source: Energy Intelligence,"COPYRIGHT © 2001-2021 ENERGY INTELLIGENCE GROUP, INC. / ENERGY INTELLIGENCE GROUP (UK) LIMITED.",2022,Nigeria,Amenam Blend,75.75
Source: Energy Intelligence,"COPYRIGHT © 2001-2021 ENERGY INTELLIGENCE GROUP, INC. / ENERGY INTELLIGENCE GROUP (UK) LIMITED.",2021,Nigeria,Amenam Blend,65.07
Source: Energy Intelligence,"COPYRIGHT © 2001-2021 ENERGY INTELLIGENCE GROUP, INC. / ENERGY INTELLIGENCE GROUP (UK) LIMITED.",2020,Nigeria,Amenam Blend,85.07
Source: Energy Intelligence,"COPYRIGHT © 2001-2021 ENERGY INTELLIGENCE GROUP, INC. / ENERGY INTELLIGENCE GROUP (UK) LIMITED.",2019,Nigeria,Amenam Blend,91.1
Source: Energy Intelligence,"COPYRIGHT © 2001-2021 ENERGY INTELLIGENCE GROUP, INC. / ENERGY INTELLIGENCE GROUP (UK) LIMITED.",2018,Nigeria,Amenam Blend,117.1
Source: Energy Intelligence,"COPYRIGHT © 2001-2021 ENERGY INTELLIGENCE GROUP, INC. / ENERGY INTELLIGENCE GROUP (UK) LIMITED.",2017,Nigeria,Amenam Blend,91.84
Source: Energy Intelligence,"COPYRIGHT © 2001-2021 ENERGY INTELLIGENCE GROUP, INC. / ENERGY INTELLIGENCE GROUP (UK) LIMITED.",2016,Nigeria,Amenam Blend,76.82
Source: Energy Intelligence,"COPYRIGHT © 2001-2021 ENERGY INTELLIGENCE GROUP, INC. / ENERGY INTELLIGENCE GROUP (UK) LIMITED.",2015,Nigeria,Amenam Blend,68.5
Source: Energy Intelligence,"COPYRIGHT © 2001-2021 ENERGY INTELLIGENCE GROUP, INC. / ENERGY INTELLIGENCE GROUP (UK) LIMITED.",2014,Nigeria,Amenam Blend,72
Source: Energy Intelligence,"COPYRIGHT © 2001-2021 ENERGY INTELLIGENCE GROUP, INC. / ENERGY INTELLIGENCE GROUP (UK) LIMITED.",2013,Nigeria,Amenam Blend,81.07
Source: Energy Intelligence,"COPYRIGHT © 2001-2021 ENERGY INTELLIGENCE GROUP, INC. / ENERGY INTELLIGENCE GROUP (UK) LIMITED.",2012,Nigeria,Amenam Blend,93.99
Source: Energy Intelligence,"COPYRIGHT © 2001-2021 ENERGY INTELLIGENCE GROUP, INC. / ENERGY INTELLIGENCE GROUP (UK) LIMITED.",2011,Nigeria,Amenam Blend,104.11
Source: Energy Intelligence,"COPYRIGHT © 2001-2021 ENERGY INTELLIGENCE GROUP, INC. / ENERGY INTELLIGENCE GROUP (UK) LIMITED.",2010,Nigeria,Amenam Blend,112
Source: Energy Intelligence,"COPYRIGHT © 2001-2021 ENERGY INTELLIGENCE GROUP, INC. / ENERGY INTELLIGENCE GROUP (UK) LIMITED.",2009,Nigeria,Amenam Blend,127
Source: Energy Intelligence,"COPYRIGHT © 2001-2021 ENERGY INTELLIGENCE GROUP, INC. / ENERGY INTELLIGENCE GROUP (UK) LIMITED.",2008,Nigeria,Amenam Blend,150
Source: Energy Intelligence,"COPYRIGHT © 2001-2021 ENERGY INTELLIGENCE GROUP, INC. / ENERGY INTELLIGENCE GROUP (UK) LIMITED.",2007,Nigeria,Amenam Blend,179.73
Source: Energy Intelligence,"COPYRIGHT © 2001-2021 ENERGY INTELLIGENCE GROUP, INC. / ENERGY INTELLIGENCE GROUP (UK) LIMITED.",2006,Nigeria,Amenam Blend,189.1
Source: Energy Intelligence,"COPYRIGHT © 2001-2021 ENERGY INTELLIGENCE GROUP, INC. / ENERGY INTELLIGENCE GROUP (UK) LIMITED.",2024,Canada,Hebron,120.2
Source: Energy Intelligence,"COPYRIGHT © 2001-2021 ENERGY INTELLIGENCE GROUP, INC. / ENERGY INTELLIGENCE GROUP (UK) LIMITED.",2023,Canada,Hebron,97.69
Source: Energy Intelligence,"COPYRIGHT © 2001-2021 ENERGY INTELLIGENCE GROUP, INC. / ENERGY INTELLIGENCE GROUP (UK) LIMITED.",2022,Canada,Hebron,114.46
Source: Energy Intelligence,"COPYRIGHT © 2001-2021 ENERGY INTELLIGENCE GROUP, INC. / ENERGY INTELLIGENCE GROUP (UK) LIMITED.",2021,Canada,Hebron,115.05
Source: Energy Intelligence,"COPYRIGHT © 2001-2021 ENERGY INTELLIGENCE GROUP, INC. / ENERGY INTELLIGENCE GROUP (UK) LIMITED.",2020,Canada,Hebron,117.25
Source: Energy Intelligence,"COPYRIGHT © 2001-2021 ENERGY INTELLIGENCE GROUP, INC. / ENERGY INTELLIGENCE GROUP (UK) LIMITED.",2019,Canada,Hebron,92.66
Source: Energy Intelligence,"COPYRIGHT © 2001-2021 ENERGY INTELLIGENCE GROUP, INC. / ENERGY INTELLIGENCE GROUP (UK) LIMITED.",2018,Canada,Hebron,55.66
Source: Energy Intelligence,"COPYRIGHT © 2001-2021 ENERGY INTELLIGENCE GROUP, INC. / ENERGY INTELLIGENCE GROUP (UK) LIMITED.",2024,Equatorial Guinea,New Zafiro,17.8
Source: Energy Intelligence,"COPYRIGHT © 2001-2021 ENERGY INTELLIGENCE GROUP, INC. / ENERGY INTELLIGENCE GROUP (UK) LIMITED.",2023,Equatorial Guinea,New Zafiro,13.7
Source: Energy Intelligence,"COPYRIGHT © 2001-2021 ENERGY INTELLIGENCE GROUP, INC. / ENERGY INTELLIGENCE GROUP (UK) LIMITED.",2022,Equatorial Guinea,New Zafiro,38.36
Source: Energy Intelligence,"COPYRIGHT © 2001-2021 ENERGY INTELLIGENCE GROUP, INC. / ENERGY INTELLIGENCE GROUP (UK) LIMITED.",2021,Equatorial Guinea,New Zafiro,52
Source: Energy Intelligence,"COPYRIGHT © 2001-2021 ENERGY INTELLIGENCE GROUP, INC. / ENERGY INTELLIGENCE GROUP (UK) LIMITED.",2020,Equatorial Guinea,New Zafiro,63.01
Source: Energy Intelligence,"COPYRIGHT © 2001-2021 ENERGY INTELLIGENCE GROUP, INC. / ENERGY INTELLIGENCE GROUP (UK) LIMITED.",2019,Equatorial Guinea,New Zafiro,57.4
Source: Energy Intelligence,"COPYRIGHT © 2001-2021 ENERGY INTELLIGENCE GROUP, INC. / ENERGY INTELLIGENCE GROUP (UK) LIMITED.",2018,Equatorial Guinea,New Zafiro,57.26
Source: Energy Intelligence,"COPYRIGHT © 2001-2021 ENERGY INTELLIGENCE GROUP, INC. / ENERGY INTELLIGENCE GROUP (UK) LIMITED.",2017,Equatorial Guinea,New Zafiro,62.88
Source: Energy Intelligence,"COPYRIGHT © 2001-2021 ENERGY INTELLIGENCE GROUP, INC. / ENERGY INTELLIGENCE GROUP (UK) LIMITED.",2016,Equatorial Guinea,New Zafiro,82
Source: Energy Intelligence,"COPYRIGHT © 2001-2021 ENERGY INTELLIGENCE GROUP, INC. / ENERGY INTELLIGENCE GROUP (UK) LIMITED.",2015,Equatorial Guinea,New Zafiro,84.38
Source: Energy Intelligence,"COPYRIGHT © 2001-2021 ENERGY INTELLIGENCE GROUP, INC. / ENERGY INTELLIGENCE GROUP (UK) LIMITED.",2014,Equatorial Guinea,New Zafiro,88
Source: Energy Intelligence,"COPYRIGHT © 2001-2021 ENERGY INTELLIGENCE GROUP, INC. / ENERGY INTELLIGENCE GROUP (UK) LIMITED.",2013,Equatorial Guinea,New Zafiro,90
Source: Energy Intelligence,"COPYRIGHT © 2001-2021 ENERGY INTELLIGENCE GROUP, INC. / ENERGY INTELLIGENCE GROUP (UK) LIMITED.",2012,Equatorial Guinea,New Zafiro,120
Source: Energy Intelligence,"COPYRIGHT © 2001-2021 ENERGY INTELLIGENCE GROUP, INC. / ENERGY INTELLIGENCE GROUP (UK) LIMITED.",2011,Equatorial Guinea,New Zafiro,121
Source: Energy Intelligence,"COPYRIGHT © 2001-2021 ENERGY INTELLIGENCE GROUP, INC. / ENERGY INTELLIGENCE GROUP (UK) LIMITED.",2010,Equatorial Guinea,New Zafiro,119.8
Source: Energy Intelligence,"COPYRIGHT © 2001-2021 ENERGY INTELLIGENCE GROUP, INC. / ENERGY INTELLIGENCE GROUP (UK) LIMITED.",2009,Equatorial Guinea,New Zafiro,210
Source: Energy Intelligence,"COPYRIGHT © 2001-2021 ENERGY INTELLIGENCE GROUP, INC. / ENERGY INTELLIGENCE GROUP (UK) LIMITED.",2008,Equatorial Guinea,New Zafiro,200
Source: Energy Intelligence,"COPYRIGHT © 2001-2021 ENERGY INTELLIGENCE GROUP, INC. / ENERGY INTELLIGENCE GROUP (UK) LIMITED.",2007,Equatorial Guinea,New Zafiro,212
Source: Energy Intelligence,"COPYRIGHT © 2001-2021 ENERGY INTELLIGENCE GROUP, INC. / ENERGY INTELLIGENCE GROUP (UK) LIMITED.",2006,Equatorial Guinea,New Zafiro,239
Source: Energy Intelligence,"COPYRIGHT © 2001-2021 ENERGY INTELLIGENCE GROUP, INC. / ENERGY INTELLIGENCE GROUP (UK) LIMITED.",2024,Guyana,Liza,149
Source: Energy Intelligence,"COPYRIGHT © 2001-2021 ENERGY INTELLIGENCE GROUP, INC. / ENERGY INTELLIGENCE GROUP (UK) LIMITED.",2023,Guyana,Liza,142
Source: Energy Intelligence,"COPYRIGHT © 2001-2021 ENERGY INTELLIGENCE GROUP, INC. / ENERGY INTELLIGENCE GROUP (UK) LIMITED.",2022,Guyana,Liza,128
Source: Energy Intelligence,"COPYRIGHT © 2001-2021 ENERGY INTELLIGENCE GROUP, INC. / ENERGY INTELLIGENCE GROUP (UK) LIMITED.",2021,Guyana,Liza,113.3
Source: Energy Intelligence,"COPYRIGHT © 2001-2021 ENERGY INTELLIGENCE GROUP, INC. / ENERGY INTELLIGENCE GROUP (UK) LIMITED.",2020,Guyana,Liza,74.64
Source: Energy Intelligence,"COPYRIGHT © 2001-2021 ENERGY INTELLIGENCE GROUP, INC. / ENERGY INTELLIGENCE GROUP (UK) LIMITED.",2019,Guyana,Liza,0
Source: Energy Intelligence,"COPYRIGHT © 2001-2021 ENERGY INTELLIGENCE GROUP, INC. / ENERGY INTELLIGENCE GROUP (UK) LIMITED.",2024,Argentina,Medanito,108
Source: Energy Intelligence,"COPYRIGHT © 2001-2021 ENERGY INTELLIGENCE GROUP, INC. / ENERGY INTELLIGENCE GROUP (UK) LIMITED.",2023,Argentina,Medanito,90.57
Source: Energy Intelligence,"COPYRIGHT © 2001-2021 ENERGY INTELLIGENCE GROUP, INC. / ENERGY INTELLIGENCE GROUP (UK) LIMITED.",2024,Angola,Saturno,70.6
Source: Energy Intelligence,"COPYRIGHT © 2001-2021 ENERGY INTELLIGENCE GROUP, INC. / ENERGY INTELLIGENCE GROUP (UK) LIMITED.",2023,Angola,Saturno,72.9
Source: Energy Intelligence,"COPYRIGHT © 2001-2021 ENERGY INTELLIGENCE GROUP, INC. / ENERGY INTELLIGENCE GROUP (UK) LIMITED.",2022,Angola,Saturno,59.86
Source: Energy Intelligence,"COPYRIGHT © 2001-2021 ENERGY INTELLIGENCE GROUP, INC. / ENERGY INTELLIGENCE GROUP (UK) LIMITED.",2021,Angola,Saturno,65.07
Source: Energy Intelligence,"COPYRIGHT © 2001-2021 ENERGY INTELLIGENCE GROUP, INC. / ENERGY INTELLIGENCE GROUP (UK) LIMITED.",2020,Angola,Saturno,70.08
Source: Energy Intelligence,"COPYRIGHT © 2001-2021 ENERGY INTELLIGENCE GROUP, INC. / ENERGY INTELLIGENCE GROUP (UK) LIMITED.",2019,Angola,Saturno,85.89
Source: Energy Intelligence,"COPYRIGHT © 2001-2021 ENERGY INTELLIGENCE GROUP, INC. / ENERGY INTELLIGENCE GROUP (UK) LIMITED.",2018,Angola,Saturno,111.92
Source: Energy Intelligence,"COPYRIGHT © 2001-2021 ENERGY INTELLIGENCE GROUP, INC. / ENERGY INTELLIGENCE GROUP (UK) LIMITED.",2017,Angola,Saturno,148.36
Source: Energy Intelligence,"COPYRIGHT © 2001-2021 ENERGY INTELLIGENCE GROUP, INC. / ENERGY INTELLIGENCE GROUP (UK) LIMITED.",2016,Angola,Saturno,168.72
Source: Energy Intelligence,"COPYRIGHT © 2001-2021 ENERGY INTELLIGENCE GROUP, INC. / ENERGY INTELLIGENCE GROUP (UK) LIMITED.",2015,Angola,Saturno,163.97
Source: Energy Intelligence,"COPYRIGHT © 2001-2021 ENERGY INTELLIGENCE GROUP, INC. / ENERGY INTELLIGENCE GROUP (UK) LIMITED.",2014,Angola,Saturno,163.97
Source: Energy Intelligence,"COPYRIGHT © 2001-2021 ENERGY INTELLIGENCE GROUP, INC. / ENERGY INTELLIGENCE GROUP (UK) LIMITED.",2013,Angola,Saturno,101.49
Source: Energy Intelligence,"COPYRIGHT © 2001-2021 ENERGY INTELLIGENCE GROUP, INC. / ENERGY INTELLIGENCE GROUP (UK) LIMITED.",2012,Angola,Saturno,2.7
Source: Energy Intelligence,"COPYRIGHT © 2001-2021 ENERGY INTELLIGENCE GROUP, INC. / ENERGY INTELLIGENCE GROUP (UK) LIMITED.",2024,Brazil,Marlim,0
Source: Energy Intelligence,"COPYRIGHT © 2001-2021 ENERGY INTELLIGENCE GROUP, INC. / ENERGY INTELLIGENCE GROUP (UK) LIMITED.",2023,Brazil,Marlim,0
Source: Energy Intelligence,"COPYRIGHT © 2001-2021 ENERGY INTELLIGENCE GROUP, INC. / ENERGY INTELLIGENCE GROUP (UK) LIMITED.",2022,Brazil,Marlim,0
Source: Energy Intelligence,"COPYRIGHT © 2001-2021 ENERGY INTELLIGENCE GROUP, INC. / ENERGY INTELLIGENCE GROUP (UK) LIMITED.",2021,Brazil,Marlim,1
Source: Energy Intelligence,"COPYRIGHT © 2001-2021 ENERGY INTELLIGENCE GROUP, INC. / ENERGY INTELLIGENCE GROUP (UK) LIMITED.",2020,Brazil,Marlim,20
Source: Energy Intelligence,"COPYRIGHT © 2001-2021 ENERGY INTELLIGENCE GROUP, INC. / ENERGY INTELLIGENCE GROUP (UK) LIMITED.",2019,Brazil,Marlim,13.24
Source: Energy Intelligence,"COPYRIGHT © 2001-2021 ENERGY INTELLIGENCE GROUP, INC. / ENERGY INTELLIGENCE GROUP (UK) LIMITED.",2018,Brazil,Marlim,75.5
Source: Energy Intelligence,"COPYRIGHT © 2001-2021 ENERGY INTELLIGENCE GROUP, INC. / ENERGY INTELLIGENCE GROUP (UK) LIMITED.",2017,Brazil,Marlim,82.09
Source: Energy Intelligence,"COPYRIGHT © 2001-2021 ENERGY INTELLIGENCE GROUP, INC. / ENERGY INTELLIGENCE GROUP (UK) LIMITED.",2016,Brazil,Marlim,89.2
Source: Energy Intelligence,"COPYRIGHT © 2001-2021 ENERGY INTELLIGENCE GROUP, INC. / ENERGY INTELLIGENCE GROUP (UK) LIMITED.",2015,Brazil,Marlim,112.02
Source: Energy Intelligence,"COPYRIGHT © 2001-2021 ENERGY INTELLIGENCE GROUP, INC. / ENERGY INTELLIGENCE GROUP (UK) LIMITED.",2014,Brazil,Marlim,108.33
Source: Energy Intelligence,"COPYRIGHT © 2001-2021 ENERGY INTELLIGENCE GROUP, INC. / ENERGY INTELLIGENCE GROUP (UK) LIMITED.",2013,Brazil,Marlim,75.04
Source: Energy Intelligence,"COPYRIGHT © 2001-2021 ENERGY INTELLIGENCE GROUP, INC. / ENERGY INTELLIGENCE GROUP (UK) LIMITED.",2012,Brazil,Marlim,127.09
Source: Energy Intelligence,"COPYRIGHT © 2001-2021 ENERGY INTELLIGENCE GROUP, INC. / ENERGY INTELLIGENCE GROUP (UK) LIMITED.",2011,Brazil,Marlim,136.8
Source: Energy Intelligence,"COPYRIGHT © 2001-2021 ENERGY INTELLIGENCE GROUP, INC. / ENERGY INTELLIGENCE GROUP (UK) LIMITED.",2010,Brazil,Marlim,158
Source: Energy Intelligence,"COPYRIGHT © 2001-2021 ENERGY INTELLIGENCE GROUP, INC. / ENERGY INTELLIGENCE GROUP (UK) LIMITED.",2009,Brazil,Marlim,212
Source: Energy Intelligence,"COPYRIGHT © 2001-2021 ENERGY INTELLIGENCE GROUP, INC. / ENERGY INTELLIGENCE GROUP (UK) LIMITED.",2008,Brazil,Marlim,220
Source: Energy Intelligence,"COPYRIGHT © 2001-2021 ENERGY INTELLIGENCE GROUP, INC. / ENERGY INTELLIGENCE GROUP (UK) LIMITED.",2007,Brazil,Marlim,194
Source: Energy Intelligence,"COPYRIGHT © 2001-2021 ENERGY INTELLIGENCE GROUP, INC. / ENERGY INTELLIGENCE GROUP (UK) LIMITED.",2006,Brazil,Marlim,222.31
Source: Energy Intelligence,"COPYRIGHT © 2001-2021 ENERGY INTELLIGENCE GROUP, INC. / ENERGY INTELLIGENCE GROUP (UK) LIMITED.",2024,Nigeria,Brass River,24
Source: Energy Intelligence,"COPYRIGHT © 2001-2021 ENERGY INTELLIGENCE GROUP, INC. / ENERGY INTELLIGENCE GROUP (UK) LIMITED.",2023,Nigeria,Brass River,37.5
Source: Energy Intelligence,"COPYRIGHT © 2001-2021 ENERGY INTELLIGENCE GROUP, INC. / ENERGY INTELLIGENCE GROUP (UK) LIMITED.",2022,Nigeria,Brass River,25.41
Source: Energy Intelligence,"COPYRIGHT © 2001-2021 ENERGY INTELLIGENCE GROUP, INC. / ENERGY INTELLIGENCE GROUP (UK) LIMITED.",2021,Nigeria,Brass River,47.85
Source: Energy Intelligence,"COPYRIGHT © 2001-2021 ENERGY INTELLIGENCE GROUP, INC. / ENERGY INTELLIGENCE GROUP (UK) LIMITED.",2020,Nigeria,Brass River,78.34
Source: Energy Intelligence,"COPYRIGHT © 2001-2021 ENERGY INTELLIGENCE GROUP, INC. / ENERGY INTELLIGENCE GROUP (UK) LIMITED.",2019,Nigeria,Brass River,86.6
Source: Energy Intelligence,"COPYRIGHT © 2001-2021 ENERGY INTELLIGENCE GROUP, INC. / ENERGY INTELLIGENCE GROUP (UK) LIMITED.",2018,Nigeria,Brass River,85.9
Source: Energy Intelligence,"COPYRIGHT © 2001-2021 ENERGY INTELLIGENCE GROUP, INC. / ENERGY INTELLIGENCE GROUP (UK) LIMITED.",2017,Nigeria,Brass River,87.24
Source: Energy Intelligence,"COPYRIGHT © 2001-2021 ENERGY INTELLIGENCE GROUP, INC. / ENERGY INTELLIGENCE GROUP (UK) LIMITED.",2016,Nigeria,Brass River,94.11
Source: Energy Intelligence,"COPYRIGHT © 2001-2021 ENERGY INTELLIGENCE GROUP, INC. / ENERGY INTELLIGENCE GROUP (UK) LIMITED.",2015,Nigeria,Brass River,106.1
Source: Energy Intelligence,"COPYRIGHT © 2001-2021 ENERGY INTELLIGENCE GROUP, INC. / ENERGY INTELLIGENCE GROUP (UK) LIMITED.",2014,Nigeria,Brass River,92.6
Source: Energy Intelligence,"COPYRIGHT © 2001-2021 ENERGY INTELLIGENCE GROUP, INC. / ENERGY INTELLIGENCE GROUP (UK) LIMITED.",2013,Nigeria,Brass River,85.69
Source: Energy Intelligence,"COPYRIGHT © 2001-2021 ENERGY INTELLIGENCE GROUP, INC. / ENERGY INTELLIGENCE GROUP (UK) LIMITED.",2012,Nigeria,Brass River,106.27
Source: Energy Intelligence,"COPYRIGHT © 2001-2021 ENERGY INTELLIGENCE GROUP, INC. / ENERGY INTELLIGENCE GROUP (UK) LIMITED.",2011,Nigeria,Brass River,125.32
Source: Energy Intelligence,"COPYRIGHT © 2001-2021 ENERGY INTELLIGENCE GROUP, INC. / ENERGY INTELLIGENCE GROUP (UK) LIMITED.",2010,Nigeria,Brass River,137.5
Source: Energy Intelligence,"COPYRIGHT © 2001-2021 ENERGY INTELLIGENCE GROUP, INC. / ENERGY INTELLIGENCE GROUP (UK) LIMITED.",2009,Nigeria,Brass River,132.11
Source: Energy Intelligence,"COPYRIGHT © 2001-2021 ENERGY INTELLIGENCE GROUP, INC. / ENERGY INTELLIGENCE GROUP (UK) LIMITED.",2008,Nigeria,Brass River,155.29
Source: Energy Intelligence,"COPYRIGHT © 2001-2021 ENERGY INTELLIGENCE GROUP, INC. / ENERGY INTELLIGENCE GROUP (UK) LIMITED.",2007,Nigeria,Brass River,138.46
Source: Energy Intelligence,"COPYRIGHT © 2001-2021 ENERGY INTELLIGENCE GROUP, INC. / ENERGY INTELLIGENCE GROUP (UK) LIMITED.",2006,Nigeria,Brass River,177.95
Source: Energy Intelligence,"COPYRIGHT © 2001-2021 ENERGY INTELLIGENCE GROUP, INC. / ENERGY INTELLIGENCE GROUP (UK) LIMITED.",2024,Brazil,Roncador,8.71
Source: Energy Intelligence,"COPYRIGHT © 2001-2021 ENERGY INTELLIGENCE GROUP, INC. / ENERGY INTELLIGENCE GROUP (UK) LIMITED.",2023,Brazil,Roncador,16
Source: Energy Intelligence,"COPYRIGHT © 2001-2021 ENERGY INTELLIGENCE GROUP, INC. / ENERGY INTELLIGENCE GROUP (UK) LIMITED.",2022,Brazil,Roncador,33.64
Source: Energy Intelligence,"COPYRIGHT © 2001-2021 ENERGY INTELLIGENCE GROUP, INC. / ENERGY INTELLIGENCE GROUP (UK) LIMITED.",2021,Brazil,Roncador,53.12
Source: Energy Intelligence,"COPYRIGHT © 2001-2021 ENERGY INTELLIGENCE GROUP, INC. / ENERGY INTELLIGENCE GROUP (UK) LIMITED.",2020,Brazil,Roncador,47.79
Source: Energy Intelligence,"COPYRIGHT © 2001-2021 ENERGY INTELLIGENCE GROUP, INC. / ENERGY INTELLIGENCE GROUP (UK) LIMITED.",2019,Brazil,Roncador,48.32
Source: Energy Intelligence,"COPYRIGHT © 2001-2021 ENERGY INTELLIGENCE GROUP, INC. / ENERGY INTELLIGENCE GROUP (UK) LIMITED.",2018,Brazil,Roncador,89.73
Source: Energy Intelligence,"COPYRIGHT © 2001-2021 ENERGY INTELLIGENCE GROUP, INC. / ENERGY INTELLIGENCE GROUP (UK) LIMITED.",2017,Brazil,Roncador,110.04
Source: Energy Intelligence,"COPYRIGHT © 2001-2021 ENERGY INTELLIGENCE GROUP, INC. / ENERGY INTELLIGENCE GROUP (UK) LIMITED.",2016,Brazil,Roncador,112.99
Source: Energy Intelligence,"COPYRIGHT © 2001-2021 ENERGY INTELLIGENCE GROUP, INC. / ENERGY INTELLIGENCE GROUP (UK) LIMITED.",2015,Brazil,Roncador,150.48
Source: Energy Intelligence,"COPYRIGHT © 2001-2021 ENERGY INTELLIGENCE GROUP, INC. / ENERGY INTELLIGENCE GROUP (UK) LIMITED.",2014,Brazil,Roncador,108.47
Source: Energy Intelligence,"COPYRIGHT © 2001-2021 ENERGY INTELLIGENCE GROUP, INC. / ENERGY INTELLIGENCE GROUP (UK) LIMITED.",2013,Brazil,Roncador,100.42
Source: Energy Intelligence,"COPYRIGHT © 2001-2021 ENERGY INTELLIGENCE GROUP, INC. / ENERGY INTELLIGENCE GROUP (UK) LIMITED.",2012,Brazil,Roncador,146.17
Source: Energy Intelligence,"COPYRIGHT © 2001-2021 ENERGY INTELLIGENCE GROUP, INC. / ENERGY INTELLIGENCE GROUP (UK) LIMITED.",2011,Brazil,Roncador,183.54
Source: Energy Intelligence,"COPYRIGHT © 2001-2021 ENERGY INTELLIGENCE GROUP, INC. / ENERGY INTELLIGENCE GROUP (UK) LIMITED.",2010,Brazil,Roncador,236
Source: Energy Intelligence,"COPYRIGHT © 2001-2021 ENERGY INTELLIGENCE GROUP, INC. / ENERGY INTELLIGENCE GROUP (UK) LIMITED.",2009,Brazil,Roncador,222
Source: Energy Intelligence,"COPYRIGHT © 2001-2021 ENERGY INTELLIGENCE GROUP, INC. / ENERGY INTELLIGENCE GROUP (UK) LIMITED.",2008,Brazil,Roncador,95
Source: Energy Intelligence,"COPYRIGHT © 2001-2021 ENERGY INTELLIGENCE GROUP, INC. / ENERGY INTELLIGENCE GROUP (UK) LIMITED.",2007,Brazil,Roncador,27
Source: Energy Intelligence,"COPYRIGHT © 2001-2021 ENERGY INTELLIGENCE GROUP, INC. / ENERGY INTELLIGENCE GROUP (UK) LIMITED.",2006,Brazil,Roncador,27.67
Source: Energy Intelligence,"COPYRIGHT © 2001-2021 ENERGY INTELLIGENCE GROUP, INC. / ENERGY INTELLIGENCE GROUP (UK) LIMITED.",2024,Mexico,Olmeca,43
Source: Energy Intelligence,"COPYRIGHT © 2001-2021 ENERGY INTELLIGENCE GROUP, INC. / ENERGY INTELLIGENCE GROUP (UK) LIMITED.",2023,Mexico,Olmeca,15
Source: Energy Intelligence,"COPYRIGHT © 2001-2021 ENERGY INTELLIGENCE GROUP, INC. / ENERGY INTELLIGENCE GROUP (UK) LIMITED.",2022,Mexico,Olmeca,0
Source: Energy Intelligence,"COPYRIGHT © 2001-2021 ENERGY INTELLIGENCE GROUP, INC. / ENERGY INTELLIGENCE GROUP (UK) LIMITED.",2021,Mexico,Olmeca,0
Source: Energy Intelligence,"COPYRIGHT © 2001-2021 ENERGY INTELLIGENCE GROUP, INC. / ENERGY INTELLIGENCE GROUP (UK) LIMITED.",2020,Mexico,Olmeca,0
Source: Energy Intelligence,"COPYRIGHT © 2001-2021 ENERGY INTELLIGENCE GROUP, INC. / ENERGY INTELLIGENCE GROUP (UK) LIMITED.",2019,Mexico,Olmeca,0
Source: Energy Intelligence,"COPYRIGHT © 2001-2021 ENERGY INTELLIGENCE GROUP, INC. / ENERGY INTELLIGENCE GROUP (UK) LIMITED.",2018,Mexico,Olmeca,0
Source: Energy Intelligence,"COPYRIGHT © 2001-2021 ENERGY INTELLIGENCE GROUP, INC. / ENERGY INTELLIGENCE GROUP (UK) LIMITED.",2017,Mexico,Olmeca,19
Source: Energy Intelligence,"COPYRIGHT © 2001-2021 ENERGY INTELLIGENCE GROUP, INC. / ENERGY INTELLIGENCE GROUP (UK) LIMITED.",2016,Mexico,Olmeca,108
Source: Energy Intelligence,"COPYRIGHT © 2001-2021 ENERGY INTELLIGENCE GROUP, INC. / ENERGY INTELLIGENCE GROUP (UK) LIMITED.",2015,Mexico,Olmeca,124
Source: Energy Intelligence,"COPYRIGHT © 2001-2021 ENERGY INTELLIGENCE GROUP, INC. / ENERGY INTELLIGENCE GROUP (UK) LIMITED.",2014,Mexico,Olmeca,91
Source: Energy Intelligence,"COPYRIGHT © 2001-2021 ENERGY INTELLIGENCE GROUP, INC. / ENERGY INTELLIGENCE GROUP (UK) LIMITED.",2013,Mexico,Olmeca,99
Source: Energy Intelligence,"COPYRIGHT © 2001-2021 ENERGY INTELLIGENCE GROUP, INC. / ENERGY INTELLIGENCE GROUP (UK) LIMITED.",2012,Mexico,Olmeca,193.68
Source: Energy Intelligence,"COPYRIGHT © 2001-2021 ENERGY INTELLIGENCE GROUP, INC. / ENERGY INTELLIGENCE GROUP (UK) LIMITED.",2011,Mexico,Olmeca,202.87
Source: Energy Intelligence,"COPYRIGHT © 2001-2021 ENERGY INTELLIGENCE GROUP, INC. / ENERGY INTELLIGENCE GROUP (UK) LIMITED.",2010,Mexico,Olmeca,211.71
Source: Energy Intelligence,"COPYRIGHT © 2001-2021 ENERGY INTELLIGENCE GROUP, INC. / ENERGY INTELLIGENCE GROUP (UK) LIMITED.",2009,Mexico,Olmeca,143.45
Source: Energy Intelligence,"COPYRIGHT © 2001-2021 ENERGY INTELLIGENCE GROUP, INC. / ENERGY INTELLIGENCE GROUP (UK) LIMITED.",2008,Mexico,Olmeca,129.56
Source: Energy Intelligence,"COPYRIGHT © 2001-2021 ENERGY INTELLIGENCE GROUP, INC. / ENERGY INTELLIGENCE GROUP (UK) LIMITED.",2007,Mexico,Olmeca,172.72
Source: Energy Intelligence,"COPYRIGHT © 2001-2021 ENERGY INTELLIGENCE GROUP, INC. / ENERGY INTELLIGENCE GROUP (UK) LIMITED.",2006,Mexico,Olmeca,230.61
Source: Energy Intelligence,"COPYRIGHT © 2001-2021 ENERGY INTELLIGENCE GROUP, INC. / ENERGY INTELLIGENCE GROUP (UK) LIMITED.",2024,Neutral Zone,Wafra,65
Source: Energy Intelligence,"COPYRIGHT © 2001-2021 ENERGY INTELLIGENCE GROUP, INC. / ENERGY INTELLIGENCE GROUP (UK) LIMITED.",2023,Neutral Zone,Wafra,61
Source: Energy Intelligence,"COPYRIGHT © 2001-2021 ENERGY INTELLIGENCE GROUP, INC. / ENERGY INTELLIGENCE GROUP (UK) LIMITED.",2022,Neutral Zone,Wafra,55
Source: Energy Intelligence,"COPYRIGHT © 2001-2021 ENERGY INTELLIGENCE GROUP, INC. / ENERGY INTELLIGENCE GROUP (UK) LIMITED.",2021,Neutral Zone,Wafra,60
Source: Energy Intelligence,"COPYRIGHT © 2001-2021 ENERGY INTELLIGENCE GROUP, INC. / ENERGY INTELLIGENCE GROUP (UK) LIMITED.",2020,Neutral Zone,Wafra,22
Source: Energy Intelligence,"COPYRIGHT © 2001-2021 ENERGY INTELLIGENCE GROUP, INC. / ENERGY INTELLIGENCE GROUP (UK) LIMITED.",2019,Neutral Zone,Wafra,0
Source: Energy Intelligence,"COPYRIGHT © 2001-2021 ENERGY INTELLIGENCE GROUP, INC. / ENERGY INTELLIGENCE GROUP (UK) LIMITED.",2018,Neutral Zone,Wafra,0
Source: Energy Intelligence,"COPYRIGHT © 2001-2021 ENERGY INTELLIGENCE GROUP, INC. / ENERGY INTELLIGENCE GROUP (UK) LIMITED.",2017,Neutral Zone,Wafra,0
Source: Energy Intelligence,"COPYRIGHT © 2001-2021 ENERGY INTELLIGENCE GROUP, INC. / ENERGY INTELLIGENCE GROUP (UK) LIMITED.",2016,Neutral Zone,Wafra,0
Source: Energy Intelligence,"COPYRIGHT © 2001-2021 ENERGY INTELLIGENCE GROUP, INC. / ENERGY INTELLIGENCE GROUP (UK) LIMITED.",2015,Neutral Zone,Wafra,46.9
Source: Energy Intelligence,"COPYRIGHT © 2001-2021 ENERGY INTELLIGENCE GROUP, INC. / ENERGY INTELLIGENCE GROUP (UK) LIMITED.",2014,Neutral Zone,Wafra,136.5
Source: Energy Intelligence,"COPYRIGHT © 2001-2021 ENERGY INTELLIGENCE GROUP, INC. / ENERGY INTELLIGENCE GROUP (UK) LIMITED.",2013,Neutral Zone,Wafra,147
Source: Energy Intelligence,"COPYRIGHT © 2001-2021 ENERGY INTELLIGENCE GROUP, INC. / ENERGY INTELLIGENCE GROUP (UK) LIMITED.",2012,Neutral Zone,Wafra,150.5
Source: Energy Intelligence,"COPYRIGHT © 2001-2021 ENERGY INTELLIGENCE GROUP, INC. / ENERGY INTELLIGENCE GROUP (UK) LIMITED.",2011,Neutral Zone,Wafra,154
Source: Energy Intelligence,"COPYRIGHT © 2001-2021 ENERGY INTELLIGENCE GROUP, INC. / ENERGY INTELLIGENCE GROUP (UK) LIMITED.",2010,Neutral Zone,Wafra,166
Source: Energy Intelligence,"COPYRIGHT © 2001-2021 ENERGY INTELLIGENCE GROUP, INC. / ENERGY INTELLIGENCE GROUP (UK) LIMITED.",2009,Neutral Zone,Wafra,174
Source: Energy Intelligence,"COPYRIGHT © 2001-2021 ENERGY INTELLIGENCE GROUP, INC. / ENERGY INTELLIGENCE GROUP (UK) LIMITED.",2008,Neutral Zone,Wafra,180
Source: Energy Intelligence,"COPYRIGHT © 2001-2021 ENERGY INTELLIGENCE GROUP, INC. / ENERGY INTELLIGENCE GROUP (UK) LIMITED.",2007,Neutral Zone,Wafra,202
Source: Energy Intelligence,"COPYRIGHT © 2001-2021 ENERGY INTELLIGENCE GROUP, INC. / ENERGY INTELLIGENCE GROUP (UK) LIMITED.",2006,Neutral Zone,Wafra,160
Source: Energy Intelligence,"COPYRIGHT © 2001-2021 ENERGY INTELLIGENCE GROUP, INC. / ENERGY INTELLIGENCE GROUP (UK) LIMITED.",2024,Venezuela,Hamaca,75
Source: Energy Intelligence,"COPYRIGHT © 2001-2021 ENERGY INTELLIGENCE GROUP, INC. / ENERGY INTELLIGENCE GROUP (UK) LIMITED.",2023,Venezuela,Hamaca,60
Source: Energy Intelligence,"COPYRIGHT © 2001-2021 ENERGY INTELLIGENCE GROUP, INC. / ENERGY INTELLIGENCE GROUP (UK) LIMITED.",2022,Venezuela,Hamaca,2
Source: Energy Intelligence,"COPYRIGHT © 2001-2021 ENERGY INTELLIGENCE GROUP, INC. / ENERGY INTELLIGENCE GROUP (UK) LIMITED.",2021,Venezuela,Hamaca,54
Source: Energy Intelligence,"COPYRIGHT © 2001-2021 ENERGY INTELLIGENCE GROUP, INC. / ENERGY INTELLIGENCE GROUP (UK) LIMITED.",2020,Venezuela,Hamaca,54
Source: Energy Intelligence,"COPYRIGHT © 2001-2021 ENERGY INTELLIGENCE GROUP, INC. / ENERGY INTELLIGENCE GROUP (UK) LIMITED.",2019,Venezuela,Hamaca,48
Source: Energy Intelligence,"COPYRIGHT © 2001-2021 ENERGY INTELLIGENCE GROUP, INC. / ENERGY INTELLIGENCE GROUP (UK) LIMITED.",2018,Venezuela,Hamaca,107.78
Source: Energy Intelligence,"COPYRIGHT © 2001-2021 ENERGY INTELLIGENCE GROUP, INC. / ENERGY INTELLIGENCE GROUP (UK) LIMITED.",2017,Venezuela,Hamaca,124.36
Source: Energy Intelligence,"COPYRIGHT © 2001-2021 ENERGY INTELLIGENCE GROUP, INC. / ENERGY INTELLIGENCE GROUP (UK) LIMITED.",2016,Venezuela,Hamaca,124.36
Source: Energy Intelligence,"COPYRIGHT © 2001-2021 ENERGY INTELLIGENCE GROUP, INC. / ENERGY INTELLIGENCE GROUP (UK) LIMITED.",2015,Venezuela,Hamaca,128.51
Source: Energy Intelligence,"COPYRIGHT © 2001-2021 ENERGY INTELLIGENCE GROUP, INC. / ENERGY INTELLIGENCE GROUP (UK) LIMITED.",2014,Venezuela,Hamaca,132.65
Source: Energy Intelligence,"COPYRIGHT © 2001-2021 ENERGY INTELLIGENCE GROUP, INC. / ENERGY INTELLIGENCE GROUP (UK) LIMITED.",2013,Venezuela,Hamaca,140.95
Source: Energy Intelligence,"COPYRIGHT © 2001-2021 ENERGY INTELLIGENCE GROUP, INC. / ENERGY INTELLIGENCE GROUP (UK) LIMITED.",2012,Venezuela,Hamaca,145.09
Source: Energy Intelligence,"COPYRIGHT © 2001-2021 ENERGY INTELLIGENCE GROUP, INC. / ENERGY INTELLIGENCE GROUP (UK) LIMITED.",2011,Venezuela,Hamaca,136.8
Source: Energy Intelligence,"COPYRIGHT © 2001-2021 ENERGY INTELLIGENCE GROUP, INC. / ENERGY INTELLIGENCE GROUP (UK) LIMITED.",2010,Venezuela,Hamaca,75
Source: Energy Intelligence,"COPYRIGHT © 2001-2021 ENERGY INTELLIGENCE GROUP, INC. / ENERGY INTELLIGENCE GROUP (UK) LIMITED.",2009,Venezuela,Hamaca,125
Source: Energy Intelligence,"COPYRIGHT © 2001-2021 ENERGY INTELLIGENCE GROUP, INC. / ENERGY INTELLIGENCE GROUP (UK) LIMITED.",2008,Venezuela,Hamaca,76
Source: Energy Intelligence,"COPYRIGHT © 2001-2021 ENERGY INTELLIGENCE GROUP, INC. / ENERGY INTELLIGENCE GROUP (UK) LIMITED.",2007,Venezuela,Hamaca,59
Source: Energy Intelligence,"COPYRIGHT © 2001-2021 ENERGY INTELLIGENCE GROUP, INC. / ENERGY INTELLIGENCE GROUP (UK) LIMITED.",2006,Venezuela,Hamaca,
Source: Energy Intelligence,"COPYRIGHT © 2001-2021 ENERGY INTELLIGENCE GROUP, INC. / ENERGY INTELLIGENCE GROUP (UK) LIMITED.",2022,Canada,Bow River,79.59
Source: Energy Intelligence,"COPYRIGHT © 2001-2021 ENERGY INTELLIGENCE GROUP, INC. / ENERGY INTELLIGENCE GROUP (UK) LIMITED.",2021,Canada,Bow River,82.31
Source: Energy Intelligence,"COPYRIGHT © 2001-2021 ENERGY INTELLIGENCE GROUP, INC. / ENERGY INTELLIGENCE GROUP (UK) LIMITED.",2020,Canada,Bow River,79.35
Source: Energy Intelligence,"COPYRIGHT © 2001-2021 ENERGY INTELLIGENCE GROUP, INC. / ENERGY INTELLIGENCE GROUP (UK) LIMITED.",2019,Canada,Bow River,90.77
Source: Energy Intelligence,"COPYRIGHT © 2001-2021 ENERGY INTELLIGENCE GROUP, INC. / ENERGY INTELLIGENCE GROUP (UK) LIMITED.",2018,Canada,Bow River,83.68
Source: Energy Intelligence,"COPYRIGHT © 2001-2021 ENERGY INTELLIGENCE GROUP, INC. / ENERGY INTELLIGENCE GROUP (UK) LIMITED.",2017,Canada,Bow River,84.82
Source: Energy Intelligence,"COPYRIGHT © 2001-2021 ENERGY INTELLIGENCE GROUP, INC. / ENERGY INTELLIGENCE GROUP (UK) LIMITED.",2016,Canada,Bow River,83.9
Source: Energy Intelligence,"COPYRIGHT © 2001-2021 ENERGY INTELLIGENCE GROUP, INC. / ENERGY INTELLIGENCE GROUP (UK) LIMITED.",2015,Canada,Bow River,92.54
Source: Energy Intelligence,"COPYRIGHT © 2001-2021 ENERGY INTELLIGENCE GROUP, INC. / ENERGY INTELLIGENCE GROUP (UK) LIMITED.",2014,Canada,Bow River,94.14
Source: Energy Intelligence,"COPYRIGHT © 2001-2021 ENERGY INTELLIGENCE GROUP, INC. / ENERGY INTELLIGENCE GROUP (UK) LIMITED.",2013,Canada,Bow River,91.15
Source: Energy Intelligence,"COPYRIGHT © 2001-2021 ENERGY INTELLIGENCE GROUP, INC. / ENERGY INTELLIGENCE GROUP (UK) LIMITED.",2012,Canada,Bow River,99.65
Source: Energy Intelligence,"COPYRIGHT © 2001-2021 ENERGY INTELLIGENCE GROUP, INC. / ENERGY INTELLIGENCE GROUP (UK) LIMITED.",2011,Canada,Bow River,100.49
Source: Energy Intelligence,"COPYRIGHT © 2001-2021 ENERGY INTELLIGENCE GROUP, INC. / ENERGY INTELLIGENCE GROUP (UK) LIMITED.",2010,Canada,Bow River,104
Source: Energy Intelligence,"COPYRIGHT © 2001-2021 ENERGY INTELLIGENCE GROUP, INC. / ENERGY INTELLIGENCE GROUP (UK) LIMITED.",2009,Canada,Bow River,103.63
Source: Energy Intelligence,"COPYRIGHT © 2001-2021 ENERGY INTELLIGENCE GROUP, INC. / ENERGY INTELLIGENCE GROUP (UK) LIMITED.",2008,Canada,Bow River,101.69
Source: Energy Intelligence,"COPYRIGHT © 2001-2021 ENERGY INTELLIGENCE GROUP, INC. / ENERGY INTELLIGENCE GROUP (UK) LIMITED.",2007,Canada,Bow River,91.39
Source: Energy Intelligence,"COPYRIGHT © 2001-2021 ENERGY INTELLIGENCE GROUP, INC. / ENERGY INTELLIGENCE GROUP (UK) LIMITED.",2006,Canada,Bow River,107.51
Source: Energy Intelligence,"COPYRIGHT © 2001-2021 ENERGY INTELLIGENCE GROUP, INC. / ENERGY INTELLIGENCE GROUP (UK) LIMITED.",2024,Russia,Sakhalin Blend,61.58
Source: Energy Intelligence,"COPYRIGHT © 2001-2021 ENERGY INTELLIGENCE GROUP, INC. / ENERGY INTELLIGENCE GROUP (UK) LIMITED.",2023,Russia,Sakhalin Blend,62.33
Source: Energy Intelligence,"COPYRIGHT © 2001-2021 ENERGY INTELLIGENCE GROUP, INC. / ENERGY INTELLIGENCE GROUP (UK) LIMITED.",2022,Russia,Sakhalin Blend,79.5
Source: Energy Intelligence,"COPYRIGHT © 2001-2021 ENERGY INTELLIGENCE GROUP, INC. / ENERGY INTELLIGENCE GROUP (UK) LIMITED.",2021,Russia,Sakhalin Blend,83.12
Source: Energy Intelligence,"COPYRIGHT © 2001-2021 ENERGY INTELLIGENCE GROUP, INC. / ENERGY INTELLIGENCE GROUP (UK) LIMITED.",2020,Russia,Sakhalin Blend,94.7
Source: Energy Intelligence,"COPYRIGHT © 2001-2021 ENERGY INTELLIGENCE GROUP, INC. / ENERGY INTELLIGENCE GROUP (UK) LIMITED.",2019,Russia,Sakhalin Blend,101.16
Source: Energy Intelligence,"COPYRIGHT © 2001-2021 ENERGY INTELLIGENCE GROUP, INC. / ENERGY INTELLIGENCE GROUP (UK) LIMITED.",2018,Russia,Sakhalin Blend,114.22
Source: Energy Intelligence,"COPYRIGHT © 2001-2021 ENERGY INTELLIGENCE GROUP, INC. / ENERGY INTELLIGENCE GROUP (UK) LIMITED.",2017,Russia,Sakhalin Blend,110.7
Source: Energy Intelligence,"COPYRIGHT © 2001-2021 ENERGY INTELLIGENCE GROUP, INC. / ENERGY INTELLIGENCE GROUP (UK) LIMITED.",2016,Russia,Sakhalin Blend,108.49
Source: Energy Intelligence,"COPYRIGHT © 2001-2021 ENERGY INTELLIGENCE GROUP, INC. / ENERGY INTELLIGENCE GROUP (UK) LIMITED.",2015,Russia,Sakhalin Blend,104.68
Source: Energy Intelligence,"COPYRIGHT © 2001-2021 ENERGY INTELLIGENCE GROUP, INC. / ENERGY INTELLIGENCE GROUP (UK) LIMITED.",2012,Russia,YK Blend,37.4
Source: Energy Intelligence,"COPYRIGHT © 2001-2021 ENERGY INTELLIGENCE GROUP, INC. / ENERGY INTELLIGENCE GROUP (UK) LIMITED.",2011,Russia,YK Blend,80
Source: Energy Intelligence,"COPYRIGHT © 2001-2021 ENERGY INTELLIGENCE GROUP, INC. / ENERGY INTELLIGENCE GROUP (UK) LIMITED.",2010,Russia,YK Blend,149
Source: Energy Intelligence,"COPYRIGHT © 2001-2021 ENERGY INTELLIGENCE GROUP, INC. / ENERGY INTELLIGENCE GROUP (UK) LIMITED.",2009,Russia,YK Blend,152
Source: Energy Intelligence,"COPYRIGHT © 2001-2021 ENERGY INTELLIGENCE GROUP, INC. / ENERGY INTELLIGENCE GROUP (UK) LIMITED.",2008,Russia,YK Blend,39.16
Source: Energy Intelligence,"COPYRIGHT © 2001-2021 ENERGY INTELLIGENCE GROUP, INC. / ENERGY INTELLIGENCE GROUP (UK) LIMITED.",2024,Russia,Siberian Light,23.99
Source: Energy Intelligence,"COPYRIGHT © 2001-2021 ENERGY INTELLIGENCE GROUP, INC. / ENERGY INTELLIGENCE GROUP (UK) LIMITED.",2023,Russia,Siberian Light,46.09
Source: Energy Intelligence,"COPYRIGHT © 2001-2021 ENERGY INTELLIGENCE GROUP, INC. / ENERGY INTELLIGENCE GROUP (UK) LIMITED.",2022,Russia,Siberian Light,127
Source: Energy Intelligence,"COPYRIGHT © 2001-2021 ENERGY INTELLIGENCE GROUP, INC. / ENERGY INTELLIGENCE GROUP (UK) LIMITED.",2021,Russia,Siberian Light,112.11
Source: Energy Intelligence,"COPYRIGHT © 2001-2021 ENERGY INTELLIGENCE GROUP, INC. / ENERGY INTELLIGENCE GROUP (UK) LIMITED.",2020,Russia,Siberian Light,109.5
Source: Energy Intelligence,"COPYRIGHT © 2001-2021 ENERGY INTELLIGENCE GROUP, INC. / ENERGY INTELLIGENCE GROUP (UK) LIMITED.",2019,Russia,Siberian Light,145.88
Source: Energy Intelligence,"COPYRIGHT © 2001-2021 ENERGY INTELLIGENCE GROUP, INC. / ENERGY INTELLIGENCE GROUP (UK) LIMITED.",2018,Russia,Siberian Light,114.51
Source: Energy Intelligence,"COPYRIGHT © 2001-2021 ENERGY INTELLIGENCE GROUP, INC. / ENERGY INTELLIGENCE GROUP (UK) LIMITED.",2017,Russia,Siberian Light,118.48
Source: Energy Intelligence,"COPYRIGHT © 2001-2021 ENERGY INTELLIGENCE GROUP, INC. / ENERGY INTELLIGENCE GROUP (UK) LIMITED.",2016,Russia,Siberian Light,96.73
Source: Energy Intelligence,"COPYRIGHT © 2001-2021 ENERGY INTELLIGENCE GROUP, INC. / ENERGY INTELLIGENCE GROUP (UK) LIMITED.",2015,Russia,Siberian Light,95.24
Source: Energy Intelligence,"COPYRIGHT © 2001-2021 ENERGY INTELLIGENCE GROUP, INC. / ENERGY INTELLIGENCE GROUP (UK) LIMITED.",2014,Russia,Siberian Light,61.83
Source: Energy Intelligence,"COPYRIGHT © 2001-2021 ENERGY INTELLIGENCE GROUP, INC. / ENERGY INTELLIGENCE GROUP (UK) LIMITED.",2013,Russia,Siberian Light,54.62
Source: Energy Intelligence,"COPYRIGHT © 2001-2021 ENERGY INTELLIGENCE GROUP, INC. / ENERGY INTELLIGENCE GROUP (UK) LIMITED.",2012,Russia,Siberian Light,60.2
Source: Energy Intelligence,"COPYRIGHT © 2001-2021 ENERGY INTELLIGENCE GROUP, INC. / ENERGY INTELLIGENCE GROUP (UK) LIMITED.",2011,Russia,Siberian Light,75.2
Source: Energy Intelligence,"COPYRIGHT © 2001-2021 ENERGY INTELLIGENCE GROUP, INC. / ENERGY INTELLIGENCE GROUP (UK) LIMITED.",2010,Russia,Siberian Light,99
Source: Energy Intelligence,"COPYRIGHT © 2001-2021 ENERGY INTELLIGENCE GROUP, INC. / ENERGY INTELLIGENCE GROUP (UK) LIMITED.",2009,Russia,Siberian Light,84
Source: Energy Intelligence,"COPYRIGHT © 2001-2021 ENERGY INTELLIGENCE GROUP, INC. / ENERGY INTELLIGENCE GROUP (UK) LIMITED.",2008,Russia,Siberian Light,79
Source: Energy Intelligence,"COPYRIGHT © 2001-2021 ENERGY INTELLIGENCE GROUP, INC. / ENERGY INTELLIGENCE GROUP (UK) LIMITED.",2007,Russia,Siberian Light,90
Source: Energy Intelligence,"COPYRIGHT © 2001-2021 ENERGY INTELLIGENCE GROUP, INC. / ENERGY INTELLIGENCE GROUP (UK) LIMITED.",2006,Russia,Siberian Light,100
Source: Energy Intelligence,"COPYRIGHT © 2001-2021 ENERGY INTELLIGENCE GROUP, INC. / ENERGY INTELLIGENCE GROUP (UK) LIMITED.",2024,Indonesia,Other Crudes - Indonesia,26.76
Source: Energy Intelligence,"COPYRIGHT © 2001-2021 ENERGY INTELLIGENCE GROUP, INC. / ENERGY INTELLIGENCE GROUP (UK) LIMITED.",2023,Indonesia,Other Crudes - Indonesia,14.92
Source: Energy Intelligence,"COPYRIGHT © 2001-2021 ENERGY INTELLIGENCE GROUP, INC. / ENERGY INTELLIGENCE GROUP (UK) LIMITED.",2022,Indonesia,Other Crudes - Indonesia,29.41
Source: Energy Intelligence,"COPYRIGHT © 2001-2021 ENERGY INTELLIGENCE GROUP, INC. / ENERGY INTELLIGENCE GROUP (UK) LIMITED.",2021,Indonesia,Other Crudes - Indonesia,0
Source: Energy Intelligence,"COPYRIGHT © 2001-2021 ENERGY INTELLIGENCE GROUP, INC. / ENERGY INTELLIGENCE GROUP (UK) LIMITED.",2020,Indonesia,Other Crudes - Indonesia,11.36
Source: Energy Intelligence,"COPYRIGHT © 2001-2021 ENERGY INTELLIGENCE GROUP, INC. / ENERGY INTELLIGENCE GROUP (UK) LIMITED.",2019,Indonesia,Other Crudes - Indonesia,1.42
Source: Energy Intelligence,"COPYRIGHT © 2001-2021 ENERGY INTELLIGENCE GROUP, INC. / ENERGY INTELLIGENCE GROUP (UK) LIMITED.",2018,Indonesia,Other Crudes - Indonesia,14.58
Source: Energy Intelligence,"COPYRIGHT © 2001-2021 ENERGY INTELLIGENCE GROUP, INC. / ENERGY INTELLIGENCE GROUP (UK) LIMITED.",2017,Indonesia,Other Crudes - Indonesia,59.6
Source: Energy Intelligence,"COPYRIGHT © 2001-2021 ENERGY INTELLIGENCE GROUP, INC. / ENERGY INTELLIGENCE GROUP (UK) LIMITED.",2016,Indonesia,Other Crudes - Indonesia,137.6
Source: Energy Intelligence,"COPYRIGHT © 2001-2021 ENERGY INTELLIGENCE GROUP, INC. / ENERGY INTELLIGENCE GROUP (UK) LIMITED.",2015,Indonesia,Other Crudes - Indonesia,136.74
Source: Energy Intelligence,"COPYRIGHT © 2001-2021 ENERGY INTELLIGENCE GROUP, INC. / ENERGY INTELLIGENCE GROUP (UK) LIMITED.",2014,Indonesia,Other Crudes - Indonesia,76.01
Source: Energy Intelligence,"COPYRIGHT © 2001-2021 ENERGY INTELLIGENCE GROUP, INC. / ENERGY INTELLIGENCE GROUP (UK) LIMITED.",2013,Indonesia,Other Crudes - Indonesia,90.62
Source: Energy Intelligence,"COPYRIGHT © 2001-2021 ENERGY INTELLIGENCE GROUP, INC. / ENERGY INTELLIGENCE GROUP (UK) LIMITED.",2012,Indonesia,Other Crudes - Indonesia,97.94
Source: Energy Intelligence,"COPYRIGHT © 2001-2021 ENERGY INTELLIGENCE GROUP, INC. / ENERGY INTELLIGENCE GROUP (UK) LIMITED.",2011,Indonesia,Other Crudes - Indonesia,188.43
Source: Energy Intelligence,"COPYRIGHT © 2001-2021 ENERGY INTELLIGENCE GROUP, INC. / ENERGY INTELLIGENCE GROUP (UK) LIMITED.",2010,Indonesia,Other Crudes - Indonesia,197.72
Source: Energy Intelligence,"COPYRIGHT © 2001-2021 ENERGY INTELLIGENCE GROUP, INC. / ENERGY INTELLIGENCE GROUP (UK) LIMITED.",2009,Indonesia,Other Crudes - Indonesia,182.55
Source: Energy Intelligence,"COPYRIGHT © 2001-2021 ENERGY INTELLIGENCE GROUP, INC. / ENERGY INTELLIGENCE GROUP (UK) LIMITED.",2008,Indonesia,Other Crudes - Indonesia,154.65
Source: Energy Intelligence,"COPYRIGHT © 2001-2021 ENERGY INTELLIGENCE GROUP, INC. / ENERGY INTELLIGENCE GROUP (UK) LIMITED.",2007,Indonesia,Other Crudes - Indonesia,146.5
Source: Energy Intelligence,"COPYRIGHT © 2001-2021 ENERGY INTELLIGENCE GROUP, INC. / ENERGY INTELLIGENCE GROUP (UK) LIMITED.",2006,Indonesia,Other Crudes - Indonesia,123.7
Source: Energy Intelligence,"COPYRIGHT © 2001-2021 ENERGY INTELLIGENCE GROUP, INC. / ENERGY INTELLIGENCE GROUP (UK) LIMITED.",2024,Australia,Northwest Shelf Condensate,48.3
Source: Energy Intelligence,"COPYRIGHT © 2001-2021 ENERGY INTELLIGENCE GROUP, INC. / ENERGY INTELLIGENCE GROUP (UK) LIMITED.",2023,Australia,Northwest Shelf Condensate,52
Source: Energy Intelligence,"COPYRIGHT © 2001-2021 ENERGY INTELLIGENCE GROUP, INC. / ENERGY INTELLIGENCE GROUP (UK) LIMITED.",2022,Australia,Northwest Shelf Condensate,61
Source: Energy Intelligence,"COPYRIGHT © 2001-2021 ENERGY INTELLIGENCE GROUP, INC. / ENERGY INTELLIGENCE GROUP (UK) LIMITED.",2021,Australia,Northwest Shelf Condensate,59.4
Source: Energy Intelligence,"COPYRIGHT © 2001-2021 ENERGY INTELLIGENCE GROUP, INC. / ENERGY INTELLIGENCE GROUP (UK) LIMITED.",2020,Australia,Northwest Shelf Condensate,80.66
Source: Energy Intelligence,"COPYRIGHT © 2001-2021 ENERGY INTELLIGENCE GROUP, INC. / ENERGY INTELLIGENCE GROUP (UK) LIMITED.",2019,Australia,Northwest Shelf Condensate,90.41
Source: Energy Intelligence,"COPYRIGHT © 2001-2021 ENERGY INTELLIGENCE GROUP, INC. / ENERGY INTELLIGENCE GROUP (UK) LIMITED.",2018,Australia,Northwest Shelf Condensate,93.32
Source: Energy Intelligence,"COPYRIGHT © 2001-2021 ENERGY INTELLIGENCE GROUP, INC. / ENERGY INTELLIGENCE GROUP (UK) LIMITED.",2017,Australia,Northwest Shelf Condensate,89.88
Source: Energy Intelligence,"COPYRIGHT © 2001-2021 ENERGY INTELLIGENCE GROUP, INC. / ENERGY INTELLIGENCE GROUP (UK) LIMITED.",2016,Australia,Northwest Shelf Condensate,100.85
Source: Energy Intelligence,"COPYRIGHT © 2001-2021 ENERGY INTELLIGENCE GROUP, INC. / ENERGY INTELLIGENCE GROUP (UK) LIMITED.",2015,Australia,Northwest Shelf Condensate,92.99
Source: Energy Intelligence,"COPYRIGHT © 2001-2021 ENERGY INTELLIGENCE GROUP, INC. / ENERGY INTELLIGENCE GROUP (UK) LIMITED.",2014,Australia,Northwest Shelf Condensate,104.6
Source: Energy Intelligence,"COPYRIGHT © 2001-2021 ENERGY INTELLIGENCE GROUP, INC. / ENERGY INTELLIGENCE GROUP (UK) LIMITED.",2013,Australia,Northwest Shelf Condensate,88.85
Source: Energy Intelligence,"COPYRIGHT © 2001-2021 ENERGY INTELLIGENCE GROUP, INC. / ENERGY INTELLIGENCE GROUP (UK) LIMITED.",2012,Australia,Northwest Shelf Condensate,96.7
Source: Energy Intelligence,"COPYRIGHT © 2001-2021 ENERGY INTELLIGENCE GROUP, INC. / ENERGY INTELLIGENCE GROUP (UK) LIMITED.",2011,Australia,Northwest Shelf Condensate,104.7
Source: Energy Intelligence,"COPYRIGHT © 2001-2021 ENERGY INTELLIGENCE GROUP, INC. / ENERGY INTELLIGENCE GROUP (UK) LIMITED.",2010,Australia,Northwest Shelf Condensate,122.3
Source: Energy Intelligence,"COPYRIGHT © 2001-2021 ENERGY INTELLIGENCE GROUP, INC. / ENERGY INTELLIGENCE GROUP (UK) LIMITED.",2009,Australia,Northwest Shelf Condensate,122.5
Source: Energy Intelligence,"COPYRIGHT © 2001-2021 ENERGY INTELLIGENCE GROUP, INC. / ENERGY INTELLIGENCE GROUP (UK) LIMITED.",2008,Australia,Northwest Shelf Condensate,97
Source: Energy Intelligence,"COPYRIGHT © 2001-2021 ENERGY INTELLIGENCE GROUP, INC. / ENERGY INTELLIGENCE GROUP (UK) LIMITED.",2007,Australia,Northwest Shelf Condensate,89
Source: Energy Intelligence,"COPYRIGHT © 2001-2021 ENERGY INTELLIGENCE GROUP, INC. / ENERGY INTELLIGENCE GROUP (UK) LIMITED.",2006,Australia,Northwest Shelf Condensate,82.4
Source: Energy Intelligence,"COPYRIGHT © 2001-2021 ENERGY INTELLIGENCE GROUP, INC. / ENERGY INTELLIGENCE GROUP (UK) LIMITED.",2024,Venezuela,Diluted Crude Oil (DCO),17
Source: Energy Intelligence,"COPYRIGHT © 2001-2021 ENERGY INTELLIGENCE GROUP, INC. / ENERGY INTELLIGENCE GROUP (UK) LIMITED.",2023,Venezuela,Diluted Crude Oil (DCO),65
Source: Energy Intelligence,"COPYRIGHT © 2001-2021 ENERGY INTELLIGENCE GROUP, INC. / ENERGY INTELLIGENCE GROUP (UK) LIMITED.",2022,Venezuela,Diluted Crude Oil (DCO),75
Source: Energy Intelligence,"COPYRIGHT © 2001-2021 ENERGY INTELLIGENCE GROUP, INC. / ENERGY INTELLIGENCE GROUP (UK) LIMITED.",2021,Venezuela,Diluted Crude Oil (DCO),15
Source: Energy Intelligence,"COPYRIGHT © 2001-2021 ENERGY INTELLIGENCE GROUP, INC. / ENERGY INTELLIGENCE GROUP (UK) LIMITED.",2020,Venezuela,Diluted Crude Oil (DCO),17.44
Source: Energy Intelligence,"COPYRIGHT © 2001-2021 ENERGY INTELLIGENCE GROUP, INC. / ENERGY INTELLIGENCE GROUP (UK) LIMITED.",2019,Venezuela,Diluted Crude Oil (DCO),91.8
Source: Energy Intelligence,"COPYRIGHT © 2001-2021 ENERGY INTELLIGENCE GROUP, INC. / ENERGY INTELLIGENCE GROUP (UK) LIMITED.",2018,Venezuela,Diluted Crude Oil (DCO),270
Source: Energy Intelligence,"COPYRIGHT © 2001-2021 ENERGY INTELLIGENCE GROUP, INC. / ENERGY INTELLIGENCE GROUP (UK) LIMITED.",2017,Venezuela,Diluted Crude Oil (DCO),150
Source: Energy Intelligence,"COPYRIGHT © 2001-2021 ENERGY INTELLIGENCE GROUP, INC. / ENERGY INTELLIGENCE GROUP (UK) LIMITED.",2023,Azerbaijan,Azeri Light,2.74
Source: Energy Intelligence,"COPYRIGHT © 2001-2021 ENERGY INTELLIGENCE GROUP, INC. / ENERGY INTELLIGENCE GROUP (UK) LIMITED.",2022,Azerbaijan,Azeri Light,19.2
Source: Energy Intelligence,"COPYRIGHT © 2001-2021 ENERGY INTELLIGENCE GROUP, INC. / ENERGY INTELLIGENCE GROUP (UK) LIMITED.",2021,Azerbaijan,Azeri Light,84.93
Source: Energy Intelligence,"COPYRIGHT © 2001-2021 ENERGY INTELLIGENCE GROUP, INC. / ENERGY INTELLIGENCE GROUP (UK) LIMITED.",2020,Azerbaijan,Azeri Light,84.7
Source: Energy Intelligence,"COPYRIGHT © 2001-2021 ENERGY INTELLIGENCE GROUP, INC. / ENERGY INTELLIGENCE GROUP (UK) LIMITED.",2019,Azerbaijan,Azeri Light,76.71
Source: Energy Intelligence,"COPYRIGHT © 2001-2021 ENERGY INTELLIGENCE GROUP, INC. / ENERGY INTELLIGENCE GROUP (UK) LIMITED.",2018,Azerbaijan,Azeri Light,76.71
Source: Energy Intelligence,"COPYRIGHT © 2001-2021 ENERGY INTELLIGENCE GROUP, INC. / ENERGY INTELLIGENCE GROUP (UK) LIMITED.",2017,Azerbaijan,Azeri Light,76.71
Source: Energy Intelligence,"COPYRIGHT © 2001-2021 ENERGY INTELLIGENCE GROUP, INC. / ENERGY INTELLIGENCE GROUP (UK) LIMITED.",2016,Azerbaijan,Azeri Light,92
Source: Energy Intelligence,"COPYRIGHT © 2001-2021 ENERGY INTELLIGENCE GROUP, INC. / ENERGY INTELLIGENCE GROUP (UK) LIMITED.",2015,Azerbaijan,Azeri Light,92
Source: Energy Intelligence,"COPYRIGHT © 2001-2021 ENERGY INTELLIGENCE GROUP, INC. / ENERGY INTELLIGENCE GROUP (UK) LIMITED.",2014,Azerbaijan,Azeri Light,100.55
Source: Energy Intelligence,"COPYRIGHT © 2001-2021 ENERGY INTELLIGENCE GROUP, INC. / ENERGY INTELLIGENCE GROUP (UK) LIMITED.",2013,Azerbaijan,Azeri Light,97.5
Source: Energy Intelligence,"COPYRIGHT © 2001-2021 ENERGY INTELLIGENCE GROUP, INC. / ENERGY INTELLIGENCE GROUP (UK) LIMITED.",2012,Azerbaijan,Azeri Light,94
Source: Energy Intelligence,"COPYRIGHT © 2001-2021 ENERGY INTELLIGENCE GROUP, INC. / ENERGY INTELLIGENCE GROUP (UK) LIMITED.",2011,Azerbaijan,Azeri Light,96.39
Source: Energy Intelligence,"COPYRIGHT © 2001-2021 ENERGY INTELLIGENCE GROUP, INC. / ENERGY INTELLIGENCE GROUP (UK) LIMITED.",2010,Azerbaijan,Azeri Light,105
Source: Energy Intelligence,"COPYRIGHT © 2001-2021 ENERGY INTELLIGENCE GROUP, INC. / ENERGY INTELLIGENCE GROUP (UK) LIMITED.",2009,Azerbaijan,Azeri Light,90
Source: Energy Intelligence,"COPYRIGHT © 2001-2021 ENERGY INTELLIGENCE GROUP, INC. / ENERGY INTELLIGENCE GROUP (UK) LIMITED.",2008,Azerbaijan,Azeri Light,86
Source: Energy Intelligence,"COPYRIGHT © 2001-2021 ENERGY INTELLIGENCE GROUP, INC. / ENERGY INTELLIGENCE GROUP (UK) LIMITED.",2007,Azerbaijan,Azeri Light,100
Source: Energy Intelligence,"COPYRIGHT © 2001-2021 ENERGY INTELLIGENCE GROUP, INC. / ENERGY INTELLIGENCE GROUP (UK) LIMITED.",2006,Azerbaijan,Azeri Light,200
Source: Energy Intelligence,"COPYRIGHT © 2001-2021 ENERGY INTELLIGENCE GROUP, INC. / ENERGY INTELLIGENCE GROUP (UK) LIMITED.",2024,Libya,Sarir,135
Source: Energy Intelligence,"COPYRIGHT © 2001-2021 ENERGY INTELLIGENCE GROUP, INC. / ENERGY INTELLIGENCE GROUP (UK) LIMITED.",2023,Libya,Sarir,137
Source: Energy Intelligence,"COPYRIGHT © 2001-2021 ENERGY INTELLIGENCE GROUP, INC. / ENERGY INTELLIGENCE GROUP (UK) LIMITED.",2022,Libya,Sarir,100
Source: Energy Intelligence,"COPYRIGHT © 2001-2021 ENERGY INTELLIGENCE GROUP, INC. / ENERGY INTELLIGENCE GROUP (UK) LIMITED.",2021,Libya,Sarir,65
Source: Energy Intelligence,"COPYRIGHT © 2001-2021 ENERGY INTELLIGENCE GROUP, INC. / ENERGY INTELLIGENCE GROUP (UK) LIMITED.",2020,Libya,Sarir,6
Source: Energy Intelligence,"COPYRIGHT © 2001-2021 ENERGY INTELLIGENCE GROUP, INC. / ENERGY INTELLIGENCE GROUP (UK) LIMITED.",2019,Libya,Sarir,78
Source: Energy Intelligence,"COPYRIGHT © 2001-2021 ENERGY INTELLIGENCE GROUP, INC. / ENERGY INTELLIGENCE GROUP (UK) LIMITED.",2018,Libya,Sarir,78
Source: Energy Intelligence,"COPYRIGHT © 2001-2021 ENERGY INTELLIGENCE GROUP, INC. / ENERGY INTELLIGENCE GROUP (UK) LIMITED.",2017,Libya,Sarir,88
Source: Energy Intelligence,"COPYRIGHT © 2001-2021 ENERGY INTELLIGENCE GROUP, INC. / ENERGY INTELLIGENCE GROUP (UK) LIMITED.",2016,Libya,Sarir,38
Source: Energy Intelligence,"COPYRIGHT © 2001-2021 ENERGY INTELLIGENCE GROUP, INC. / ENERGY INTELLIGENCE GROUP (UK) LIMITED.",2015,Libya,Sarir,27
Source: Energy Intelligence,"COPYRIGHT © 2001-2021 ENERGY INTELLIGENCE GROUP, INC. / ENERGY INTELLIGENCE GROUP (UK) LIMITED.",2014,Libya,Sarir,12
Source: Energy Intelligence,"COPYRIGHT © 2001-2021 ENERGY INTELLIGENCE GROUP, INC. / ENERGY INTELLIGENCE GROUP (UK) LIMITED.",2013,Libya,Sarir,115
Source: Energy Intelligence,"COPYRIGHT © 2001-2021 ENERGY INTELLIGENCE GROUP, INC. / ENERGY INTELLIGENCE GROUP (UK) LIMITED.",2012,Libya,Sarir,121.5
Source: Energy Intelligence,"COPYRIGHT © 2001-2021 ENERGY INTELLIGENCE GROUP, INC. / ENERGY INTELLIGENCE GROUP (UK) LIMITED.",2011,Libya,Sarir,20
Source: Energy Intelligence,"COPYRIGHT © 2001-2021 ENERGY INTELLIGENCE GROUP, INC. / ENERGY INTELLIGENCE GROUP (UK) LIMITED.",2010,Libya,Sarir,90
Source: Energy Intelligence,"COPYRIGHT © 2001-2021 ENERGY INTELLIGENCE GROUP, INC. / ENERGY INTELLIGENCE GROUP (UK) LIMITED.",2009,Libya,Sarir,90
Source: Energy Intelligence,"COPYRIGHT © 2001-2021 ENERGY INTELLIGENCE GROUP, INC. / ENERGY INTELLIGENCE GROUP (UK) LIMITED.",2008,Libya,Sarir,120
Source: Energy Intelligence,"COPYRIGHT © 2001-2021 ENERGY INTELLIGENCE GROUP, INC. / ENERGY INTELLIGENCE GROUP (UK) LIMITED.",2007,Libya,Sarir,120
Source: Energy Intelligence,"COPYRIGHT © 2001-2021 ENERGY INTELLIGENCE GROUP, INC. / ENERGY INTELLIGENCE GROUP (UK) LIMITED.",2006,Libya,Sarir,190
Source: Energy Intelligence,"COPYRIGHT © 2001-2021 ENERGY INTELLIGENCE GROUP, INC. / ENERGY INTELLIGENCE GROUP (UK) LIMITED.",2014,Russia,Vityaz,104.58
Source: Energy Intelligence,"COPYRIGHT © 2001-2021 ENERGY INTELLIGENCE GROUP, INC. / ENERGY INTELLIGENCE GROUP (UK) LIMITED.",2013,Russia,Vityaz,107.81
Source: Energy Intelligence,"COPYRIGHT © 2001-2021 ENERGY INTELLIGENCE GROUP, INC. / ENERGY INTELLIGENCE GROUP (UK) LIMITED.",2012,Russia,Vityaz,110.3
Source: Energy Intelligence,"COPYRIGHT © 2001-2021 ENERGY INTELLIGENCE GROUP, INC. / ENERGY INTELLIGENCE GROUP (UK) LIMITED.",2011,Russia,Vityaz,115.7
Source: Energy Intelligence,"COPYRIGHT © 2001-2021 ENERGY INTELLIGENCE GROUP, INC. / ENERGY INTELLIGENCE GROUP (UK) LIMITED.",2010,Russia,Vityaz,128.8
Source: Energy Intelligence,"COPYRIGHT © 2001-2021 ENERGY INTELLIGENCE GROUP, INC. / ENERGY INTELLIGENCE GROUP (UK) LIMITED.",2009,Russia,Vityaz,110
Source: Energy Intelligence,"COPYRIGHT © 2001-2021 ENERGY INTELLIGENCE GROUP, INC. / ENERGY INTELLIGENCE GROUP (UK) LIMITED.",2008,Russia,Vityaz,29
Source: Energy Intelligence,"COPYRIGHT © 2001-2021 ENERGY INTELLIGENCE GROUP, INC. / ENERGY INTELLIGENCE GROUP (UK) LIMITED.",2007,Russia,Vityaz,34
Source: Energy Intelligence,"COPYRIGHT © 2001-2021 ENERGY INTELLIGENCE GROUP, INC. / ENERGY INTELLIGENCE GROUP (UK) LIMITED.",2006,Russia,Vityaz,32
Source: Energy Intelligence,"COPYRIGHT © 2001-2021 ENERGY INTELLIGENCE GROUP, INC. / ENERGY INTELLIGENCE GROUP (UK) LIMITED.",2024,Norway,Alvheim,50
Source: Energy Intelligence,"COPYRIGHT © 2001-2021 ENERGY INTELLIGENCE GROUP, INC. / ENERGY INTELLIGENCE GROUP (UK) LIMITED.",2023,Norway,Alvheim,36
Source: Energy Intelligence,"COPYRIGHT © 2001-2021 ENERGY INTELLIGENCE GROUP, INC. / ENERGY INTELLIGENCE GROUP (UK) LIMITED.",2022,Norway,Alvheim,47
Source: Energy Intelligence,"COPYRIGHT © 2001-2021 ENERGY INTELLIGENCE GROUP, INC. / ENERGY INTELLIGENCE GROUP (UK) LIMITED.",2021,Norway,Alvheim,60.32
Source: Energy Intelligence,"COPYRIGHT © 2001-2021 ENERGY INTELLIGENCE GROUP, INC. / ENERGY INTELLIGENCE GROUP (UK) LIMITED.",2020,Norway,Alvheim,72.62
Source: Energy Intelligence,"COPYRIGHT © 2001-2021 ENERGY INTELLIGENCE GROUP, INC. / ENERGY INTELLIGENCE GROUP (UK) LIMITED.",2019,Norway,Alvheim,71.34
Source: Energy Intelligence,"COPYRIGHT © 2001-2021 ENERGY INTELLIGENCE GROUP, INC. / ENERGY INTELLIGENCE GROUP (UK) LIMITED.",2018,Norway,Alvheim,81.8
Source: Energy Intelligence,"COPYRIGHT © 2001-2021 ENERGY INTELLIGENCE GROUP, INC. / ENERGY INTELLIGENCE GROUP (UK) LIMITED.",2017,Norway,Alvheim,99.9
Source: Energy Intelligence,"COPYRIGHT © 2001-2021 ENERGY INTELLIGENCE GROUP, INC. / ENERGY INTELLIGENCE GROUP (UK) LIMITED.",2016,Norway,Alvheim,88.76
Source: Energy Intelligence,"COPYRIGHT © 2001-2021 ENERGY INTELLIGENCE GROUP, INC. / ENERGY INTELLIGENCE GROUP (UK) LIMITED.",2015,Norway,Alvheim,83.49
Source: Energy Intelligence,"COPYRIGHT © 2001-2021 ENERGY INTELLIGENCE GROUP, INC. / ENERGY INTELLIGENCE GROUP (UK) LIMITED.",2014,Norway,Alvheim,92.06
Source: Energy Intelligence,"COPYRIGHT © 2001-2021 ENERGY INTELLIGENCE GROUP, INC. / ENERGY INTELLIGENCE GROUP (UK) LIMITED.",2013,Norway,Alvheim,115.04
Source: Energy Intelligence,"COPYRIGHT © 2001-2021 ENERGY INTELLIGENCE GROUP, INC. / ENERGY INTELLIGENCE GROUP (UK) LIMITED.",2012,Norway,Alvheim,133.71
Source: Energy Intelligence,"COPYRIGHT © 2001-2021 ENERGY INTELLIGENCE GROUP, INC. / ENERGY INTELLIGENCE GROUP (UK) LIMITED.",2011,Norway,Alvheim,128.7
Source: Energy Intelligence,"COPYRIGHT © 2001-2021 ENERGY INTELLIGENCE GROUP, INC. / ENERGY INTELLIGENCE GROUP (UK) LIMITED.",2010,Norway,Alvheim,123.32
Source: Energy Intelligence,"COPYRIGHT © 2001-2021 ENERGY INTELLIGENCE GROUP, INC. / ENERGY INTELLIGENCE GROUP (UK) LIMITED.",2009,Norway,Alvheim,112.36
Source: Energy Intelligence,"COPYRIGHT © 2001-2021 ENERGY INTELLIGENCE GROUP, INC. / ENERGY INTELLIGENCE GROUP (UK) LIMITED.",2008,Norway,Alvheim,48.45
Source: Energy Intelligence,"COPYRIGHT © 2001-2021 ENERGY INTELLIGENCE GROUP, INC. / ENERGY INTELLIGENCE GROUP (UK) LIMITED.",2010,Angola,Palanca Blend,67.03
Source: Energy Intelligence,"COPYRIGHT © 2001-2021 ENERGY INTELLIGENCE GROUP, INC. / ENERGY INTELLIGENCE GROUP (UK) LIMITED.",2009,Angola,Palanca Blend,69.84
Source: Energy Intelligence,"COPYRIGHT © 2001-2021 ENERGY INTELLIGENCE GROUP, INC. / ENERGY INTELLIGENCE GROUP (UK) LIMITED.",2008,Angola,Palanca Blend,89.95
Source: Energy Intelligence,"COPYRIGHT © 2001-2021 ENERGY INTELLIGENCE GROUP, INC. / ENERGY INTELLIGENCE GROUP (UK) LIMITED.",2007,Angola,Palanca Blend,92.38
Source: Energy Intelligence,"COPYRIGHT © 2001-2021 ENERGY INTELLIGENCE GROUP, INC. / ENERGY INTELLIGENCE GROUP (UK) LIMITED.",2006,Angola,Palanca Blend,98.14
Source: Energy Intelligence,"COPYRIGHT © 2001-2021 ENERGY INTELLIGENCE GROUP, INC. / ENERGY INTELLIGENCE GROUP (UK) LIMITED.",2024,Denmark,Danish Crude Blend,8.59
Source: Energy Intelligence,"COPYRIGHT © 2001-2021 ENERGY INTELLIGENCE GROUP, INC. / ENERGY INTELLIGENCE GROUP (UK) LIMITED.",2023,Denmark,Danish Crude Blend,0
Source: Energy Intelligence,"COPYRIGHT © 2001-2021 ENERGY INTELLIGENCE GROUP, INC. / ENERGY INTELLIGENCE GROUP (UK) LIMITED.",2022,Denmark,Danish Crude Blend,2.87
Source: Energy Intelligence,"COPYRIGHT © 2001-2021 ENERGY INTELLIGENCE GROUP, INC. / ENERGY INTELLIGENCE GROUP (UK) LIMITED.",2021,Denmark,Danish Crude Blend,7.23
Source: Energy Intelligence,"COPYRIGHT © 2001-2021 ENERGY INTELLIGENCE GROUP, INC. / ENERGY INTELLIGENCE GROUP (UK) LIMITED.",2020,Denmark,Danish Crude Blend,10.97
Source: Energy Intelligence,"COPYRIGHT © 2001-2021 ENERGY INTELLIGENCE GROUP, INC. / ENERGY INTELLIGENCE GROUP (UK) LIMITED.",2019,Denmark,Danish Crude Blend,30.65
Source: Energy Intelligence,"COPYRIGHT © 2001-2021 ENERGY INTELLIGENCE GROUP, INC. / ENERGY INTELLIGENCE GROUP (UK) LIMITED.",2018,Denmark,Danish Crude Blend,39.93
Source: Energy Intelligence,"COPYRIGHT © 2001-2021 ENERGY INTELLIGENCE GROUP, INC. / ENERGY INTELLIGENCE GROUP (UK) LIMITED.",2017,Denmark,Danish Crude Blend,61.46
Source: Energy Intelligence,"COPYRIGHT © 2001-2021 ENERGY INTELLIGENCE GROUP, INC. / ENERGY INTELLIGENCE GROUP (UK) LIMITED.",2016,Denmark,Danish Crude Blend,52.2
Source: Energy Intelligence,"COPYRIGHT © 2001-2021 ENERGY INTELLIGENCE GROUP, INC. / ENERGY INTELLIGENCE GROUP (UK) LIMITED.",2015,Denmark,Danish Crude Blend,64.73
Source: Energy Intelligence,"COPYRIGHT © 2001-2021 ENERGY INTELLIGENCE GROUP, INC. / ENERGY INTELLIGENCE GROUP (UK) LIMITED.",2014,Denmark,Danish Crude Blend,71.42
Source: Energy Intelligence,"COPYRIGHT © 2001-2021 ENERGY INTELLIGENCE GROUP, INC. / ENERGY INTELLIGENCE GROUP (UK) LIMITED.",2013,Denmark,Danish Crude Blend,105.53
Source: Energy Intelligence,"COPYRIGHT © 2001-2021 ENERGY INTELLIGENCE GROUP, INC. / ENERGY INTELLIGENCE GROUP (UK) LIMITED.",2012,Denmark,Danish Crude Blend,95.07
Source: Energy Intelligence,"COPYRIGHT © 2001-2021 ENERGY INTELLIGENCE GROUP, INC. / ENERGY INTELLIGENCE GROUP (UK) LIMITED.",2011,Denmark,Danish Crude Blend,116.16
Source: Energy Intelligence,"COPYRIGHT © 2001-2021 ENERGY INTELLIGENCE GROUP, INC. / ENERGY INTELLIGENCE GROUP (UK) LIMITED.",2010,Denmark,Danish Crude Blend,121.89
Source: Energy Intelligence,"COPYRIGHT © 2001-2021 ENERGY INTELLIGENCE GROUP, INC. / ENERGY INTELLIGENCE GROUP (UK) LIMITED.",2009,Denmark,Danish Crude Blend,170.88
Source: Energy Intelligence,"COPYRIGHT © 2001-2021 ENERGY INTELLIGENCE GROUP, INC. / ENERGY INTELLIGENCE GROUP (UK) LIMITED.",2008,Denmark,Danish Crude Blend,165.88
Source: Energy Intelligence,"COPYRIGHT © 2001-2021 ENERGY INTELLIGENCE GROUP, INC. / ENERGY INTELLIGENCE GROUP (UK) LIMITED.",2007,Denmark,Danish Crude Blend,190.01
Source: Energy Intelligence,"COPYRIGHT © 2001-2021 ENERGY INTELLIGENCE GROUP, INC. / ENERGY INTELLIGENCE GROUP (UK) LIMITED.",2006,Denmark,Danish Crude Blend,233.35
Source: Energy Intelligence,"COPYRIGHT © 2001-2021 ENERGY INTELLIGENCE GROUP, INC. / ENERGY INTELLIGENCE GROUP (UK) LIMITED.",2024,Venezuela,Monagas 18,0
Source: Energy Intelligence,"COPYRIGHT © 2001-2021 ENERGY INTELLIGENCE GROUP, INC. / ENERGY INTELLIGENCE GROUP (UK) LIMITED.",2023,Venezuela,Monagas 18,0
Source: Energy Intelligence,"COPYRIGHT © 2001-2021 ENERGY INTELLIGENCE GROUP, INC. / ENERGY INTELLIGENCE GROUP (UK) LIMITED.",2022,Venezuela,Monagas 18,0
Source: Energy Intelligence,"COPYRIGHT © 2001-2021 ENERGY INTELLIGENCE GROUP, INC. / ENERGY INTELLIGENCE GROUP (UK) LIMITED.",2021,Venezuela,Monagas 18,0
Source: Energy Intelligence,"COPYRIGHT © 2001-2021 ENERGY INTELLIGENCE GROUP, INC. / ENERGY INTELLIGENCE GROUP (UK) LIMITED.",2020,Venezuela,Monagas 18,0
Source: Energy Intelligence,"COPYRIGHT © 2001-2021 ENERGY INTELLIGENCE GROUP, INC. / ENERGY INTELLIGENCE GROUP (UK) LIMITED.",2019,Venezuela,Monagas 18,30
Source: Energy Intelligence,"COPYRIGHT © 2001-2021 ENERGY INTELLIGENCE GROUP, INC. / ENERGY INTELLIGENCE GROUP (UK) LIMITED.",2018,Venezuela,Monagas 18,102
Source: Energy Intelligence,"COPYRIGHT © 2001-2021 ENERGY INTELLIGENCE GROUP, INC. / ENERGY INTELLIGENCE GROUP (UK) LIMITED.",2017,Venezuela,Monagas 18,114
Source: Energy Intelligence,"COPYRIGHT © 2001-2021 ENERGY INTELLIGENCE GROUP, INC. / ENERGY INTELLIGENCE GROUP (UK) LIMITED.",2016,Venezuela,Monagas 18,151.7
Source: Energy Intelligence,"COPYRIGHT © 2001-2021 ENERGY INTELLIGENCE GROUP, INC. / ENERGY INTELLIGENCE GROUP (UK) LIMITED.",2015,Venezuela,Monagas 18,154
Source: Energy Intelligence,"COPYRIGHT © 2001-2021 ENERGY INTELLIGENCE GROUP, INC. / ENERGY INTELLIGENCE GROUP (UK) LIMITED.",2014,Venezuela,Monagas 18,127.8
Source: Energy Intelligence,"COPYRIGHT © 2001-2021 ENERGY INTELLIGENCE GROUP, INC. / ENERGY INTELLIGENCE GROUP (UK) LIMITED.",2013,Venezuela,Monagas 18,131.11
Source: Energy Intelligence,"COPYRIGHT © 2001-2021 ENERGY INTELLIGENCE GROUP, INC. / ENERGY INTELLIGENCE GROUP (UK) LIMITED.",2012,Venezuela,Monagas 18,116.57
Source: Energy Intelligence,"COPYRIGHT © 2001-2021 ENERGY INTELLIGENCE GROUP, INC. / ENERGY INTELLIGENCE GROUP (UK) LIMITED.",2011,Venezuela,Monagas 18,108
Source: Energy Intelligence,"COPYRIGHT © 2001-2021 ENERGY INTELLIGENCE GROUP, INC. / ENERGY INTELLIGENCE GROUP (UK) LIMITED.",2010,Venezuela,Monagas 18,102
Source: Energy Intelligence,"COPYRIGHT © 2001-2021 ENERGY INTELLIGENCE GROUP, INC. / ENERGY INTELLIGENCE GROUP (UK) LIMITED.",2009,Venezuela,Monagas 18,95
Source: Energy Intelligence,"COPYRIGHT © 2001-2021 ENERGY INTELLIGENCE GROUP, INC. / ENERGY INTELLIGENCE GROUP (UK) LIMITED.",2008,Venezuela,Monagas 18,105
Source: Energy Intelligence,"COPYRIGHT © 2001-2021 ENERGY INTELLIGENCE GROUP, INC. / ENERGY INTELLIGENCE GROUP (UK) LIMITED.",2007,Venezuela,Monagas 18,105
Source: Energy Intelligence,"COPYRIGHT © 2001-2021 ENERGY INTELLIGENCE GROUP, INC. / ENERGY INTELLIGENCE GROUP (UK) LIMITED.",2006,Venezuela,Monagas 18,105
Source: Energy Intelligence,"COPYRIGHT © 2001-2021 ENERGY INTELLIGENCE GROUP, INC. / ENERGY INTELLIGENCE GROUP (UK) LIMITED.",2024,United Kingdom,Brent Blend,34.41
Source: Energy Intelligence,"COPYRIGHT © 2001-2021 ENERGY INTELLIGENCE GROUP, INC. / ENERGY INTELLIGENCE GROUP (UK) LIMITED.",2023,United Kingdom,Brent Blend,44.66
Source: Energy Intelligence,"COPYRIGHT © 2001-2021 ENERGY INTELLIGENCE GROUP, INC. / ENERGY INTELLIGENCE GROUP (UK) LIMITED.",2022,United Kingdom,Brent Blend,35.52
Source: Energy Intelligence,"COPYRIGHT © 2001-2021 ENERGY INTELLIGENCE GROUP, INC. / ENERGY INTELLIGENCE GROUP (UK) LIMITED.",2021,United Kingdom,Brent Blend,41.1
Source: Energy Intelligence,"COPYRIGHT © 2001-2021 ENERGY INTELLIGENCE GROUP, INC. / ENERGY INTELLIGENCE GROUP (UK) LIMITED.",2020,United Kingdom,Brent Blend,54.67
Source: Energy Intelligence,"COPYRIGHT © 2001-2021 ENERGY INTELLIGENCE GROUP, INC. / ENERGY INTELLIGENCE GROUP (UK) LIMITED.",2019,United Kingdom,Brent Blend,62.4
Source: Energy Intelligence,"COPYRIGHT © 2001-2021 ENERGY INTELLIGENCE GROUP, INC. / ENERGY INTELLIGENCE GROUP (UK) LIMITED.",2018,United Kingdom,Brent Blend,59.25
Source: Energy Intelligence,"COPYRIGHT © 2001-2021 ENERGY INTELLIGENCE GROUP, INC. / ENERGY INTELLIGENCE GROUP (UK) LIMITED.",2017,United Kingdom,Brent Blend,61.88
Source: Energy Intelligence,"COPYRIGHT © 2001-2021 ENERGY INTELLIGENCE GROUP, INC. / ENERGY INTELLIGENCE GROUP (UK) LIMITED.",2016,United Kingdom,Brent Blend,73.43
Source: Energy Intelligence,"COPYRIGHT © 2001-2021 ENERGY INTELLIGENCE GROUP, INC. / ENERGY INTELLIGENCE GROUP (UK) LIMITED.",2015,United Kingdom,Brent Blend,75.38
Source: Energy Intelligence,"COPYRIGHT © 2001-2021 ENERGY INTELLIGENCE GROUP, INC. / ENERGY INTELLIGENCE GROUP (UK) LIMITED.",2014,United Kingdom,Brent Blend,92.66
Source: Energy Intelligence,"COPYRIGHT © 2001-2021 ENERGY INTELLIGENCE GROUP, INC. / ENERGY INTELLIGENCE GROUP (UK) LIMITED.",2013,United Kingdom,Brent Blend,82.74
Source: Energy Intelligence,"COPYRIGHT © 2001-2021 ENERGY INTELLIGENCE GROUP, INC. / ENERGY INTELLIGENCE GROUP (UK) LIMITED.",2012,United Kingdom,Brent Blend,90.18
Source: Energy Intelligence,"COPYRIGHT © 2001-2021 ENERGY INTELLIGENCE GROUP, INC. / ENERGY INTELLIGENCE GROUP (UK) LIMITED.",2011,United Kingdom,Brent Blend,102.56
Source: Energy Intelligence,"COPYRIGHT © 2001-2021 ENERGY INTELLIGENCE GROUP, INC. / ENERGY INTELLIGENCE GROUP (UK) LIMITED.",2010,United Kingdom,Brent Blend,108.5
Source: Energy Intelligence,"COPYRIGHT © 2001-2021 ENERGY INTELLIGENCE GROUP, INC. / ENERGY INTELLIGENCE GROUP (UK) LIMITED.",2009,United Kingdom,Brent Blend,110.08
Source: Energy Intelligence,"COPYRIGHT © 2001-2021 ENERGY INTELLIGENCE GROUP, INC. / ENERGY INTELLIGENCE GROUP (UK) LIMITED.",2008,United Kingdom,Brent Blend,111.56
Source: Energy Intelligence,"COPYRIGHT © 2001-2021 ENERGY INTELLIGENCE GROUP, INC. / ENERGY INTELLIGENCE GROUP (UK) LIMITED.",2007,United Kingdom,Brent Blend,132.31
Source: Energy Intelligence,"COPYRIGHT © 2001-2021 ENERGY INTELLIGENCE GROUP, INC. / ENERGY INTELLIGENCE GROUP (UK) LIMITED.",2006,United Kingdom,Brent Blend,162.97
Source: Energy Intelligence,"COPYRIGHT © 2001-2021 ENERGY INTELLIGENCE GROUP, INC. / ENERGY INTELLIGENCE GROUP (UK) LIMITED.",2024,Malaysia,Other Crudes - Malaysia,87.14
Source: Energy Intelligence,"COPYRIGHT © 2001-2021 ENERGY INTELLIGENCE GROUP, INC. / ENERGY INTELLIGENCE GROUP (UK) LIMITED.",2023,Malaysia,Other Crudes - Malaysia,63.41
Source: Energy Intelligence,"COPYRIGHT © 2001-2021 ENERGY INTELLIGENCE GROUP, INC. / ENERGY INTELLIGENCE GROUP (UK) LIMITED.",2022,Malaysia,Other Crudes - Malaysia,60.71
Source: Energy Intelligence,"COPYRIGHT © 2001-2021 ENERGY INTELLIGENCE GROUP, INC. / ENERGY INTELLIGENCE GROUP (UK) LIMITED.",2021,Malaysia,Other Crudes - Malaysia,51.67
Source: Energy Intelligence,"COPYRIGHT © 2001-2021 ENERGY INTELLIGENCE GROUP, INC. / ENERGY INTELLIGENCE GROUP (UK) LIMITED.",2020,Malaysia,Other Crudes - Malaysia,102.96
Source: Energy Intelligence,"COPYRIGHT © 2001-2021 ENERGY INTELLIGENCE GROUP, INC. / ENERGY INTELLIGENCE GROUP (UK) LIMITED.",2019,Malaysia,Other Crudes - Malaysia,21
Source: Energy Intelligence,"COPYRIGHT © 2001-2021 ENERGY INTELLIGENCE GROUP, INC. / ENERGY INTELLIGENCE GROUP (UK) LIMITED.",2018,Malaysia,Other Crudes - Malaysia,76
Source: Energy Intelligence,"COPYRIGHT © 2001-2021 ENERGY INTELLIGENCE GROUP, INC. / ENERGY INTELLIGENCE GROUP (UK) LIMITED.",2017,Malaysia,Other Crudes - Malaysia,61
Source: Energy Intelligence,"COPYRIGHT © 2001-2021 ENERGY INTELLIGENCE GROUP, INC. / ENERGY INTELLIGENCE GROUP (UK) LIMITED.",2016,Malaysia,Other Crudes - Malaysia,76
Source: Energy Intelligence,"COPYRIGHT © 2001-2021 ENERGY INTELLIGENCE GROUP, INC. / ENERGY INTELLIGENCE GROUP (UK) LIMITED.",2015,Malaysia,Other Crudes - Malaysia,94
Source: Energy Intelligence,"COPYRIGHT © 2001-2021 ENERGY INTELLIGENCE GROUP, INC. / ENERGY INTELLIGENCE GROUP (UK) LIMITED.",2014,Malaysia,Other Crudes - Malaysia,66
Source: Energy Intelligence,"COPYRIGHT © 2001-2021 ENERGY INTELLIGENCE GROUP, INC. / ENERGY INTELLIGENCE GROUP (UK) LIMITED.",2013,Malaysia,Other Crudes - Malaysia,17
Source: Energy Intelligence,"COPYRIGHT © 2001-2021 ENERGY INTELLIGENCE GROUP, INC. / ENERGY INTELLIGENCE GROUP (UK) LIMITED.",2012,Malaysia,Other Crudes - Malaysia,56
Source: Energy Intelligence,"COPYRIGHT © 2001-2021 ENERGY INTELLIGENCE GROUP, INC. / ENERGY INTELLIGENCE GROUP (UK) LIMITED.",2011,Malaysia,Other Crudes - Malaysia,71
Source: Energy Intelligence,"COPYRIGHT © 2001-2021 ENERGY INTELLIGENCE GROUP, INC. / ENERGY INTELLIGENCE GROUP (UK) LIMITED.",2010,Malaysia,Other Crudes - Malaysia,114
Source: Energy Intelligence,"COPYRIGHT © 2001-2021 ENERGY INTELLIGENCE GROUP, INC. / ENERGY INTELLIGENCE GROUP (UK) LIMITED.",2009,Malaysia,Other Crudes - Malaysia,132
Source: Energy Intelligence,"COPYRIGHT © 2001-2021 ENERGY INTELLIGENCE GROUP, INC. / ENERGY INTELLIGENCE GROUP (UK) LIMITED.",2008,Malaysia,Other Crudes - Malaysia,86
Source: Energy Intelligence,"COPYRIGHT © 2001-2021 ENERGY INTELLIGENCE GROUP, INC. / ENERGY INTELLIGENCE GROUP (UK) LIMITED.",2007,Malaysia,Other Crudes - Malaysia,143.83
Source: Energy Intelligence,"COPYRIGHT © 2001-2021 ENERGY INTELLIGENCE GROUP, INC. / ENERGY INTELLIGENCE GROUP (UK) LIMITED.",2006,Malaysia,Other Crudes - Malaysia,123
Source: Energy Intelligence,"COPYRIGHT © 2001-2021 ENERGY INTELLIGENCE GROUP, INC. / ENERGY INTELLIGENCE GROUP (UK) LIMITED.",2024,United States,West Texas Sour,0
Source: Energy Intelligence,"COPYRIGHT © 2001-2021 ENERGY INTELLIGENCE GROUP, INC. / ENERGY INTELLIGENCE GROUP (UK) LIMITED.",2023,United States,West Texas Sour,0
Source: Energy Intelligence,"COPYRIGHT © 2001-2021 ENERGY INTELLIGENCE GROUP, INC. / ENERGY INTELLIGENCE GROUP (UK) LIMITED.",2022,United States,West Texas Sour,1
Source: Energy Intelligence,"COPYRIGHT © 2001-2021 ENERGY INTELLIGENCE GROUP, INC. / ENERGY INTELLIGENCE GROUP (UK) LIMITED.",2021,United States,West Texas Sour,
Source: Energy Intelligence,"COPYRIGHT © 2001-2021 ENERGY INTELLIGENCE GROUP, INC. / ENERGY INTELLIGENCE GROUP (UK) LIMITED.",2020,United States,West Texas Sour,
Source: Energy Intelligence,"COPYRIGHT © 2001-2021 ENERGY INTELLIGENCE GROUP, INC. / ENERGY INTELLIGENCE GROUP (UK) LIMITED.",2019,United States,West Texas Sour,
Source: Energy Intelligence,"COPYRIGHT © 2001-2021 ENERGY INTELLIGENCE GROUP, INC. / ENERGY INTELLIGENCE GROUP (UK) LIMITED.",2018,United States,West Texas Sour,290
Source: Energy Intelligence,"COPYRIGHT © 2001-2021 ENERGY INTELLIGENCE GROUP, INC. / ENERGY INTELLIGENCE GROUP (UK) LIMITED.",2017,United States,West Texas Sour,155
Source: Energy Intelligence,"COPYRIGHT © 2001-2021 ENERGY INTELLIGENCE GROUP, INC. / ENERGY INTELLIGENCE GROUP (UK) LIMITED.",2016,United States,West Texas Sour,40
Source: Energy Intelligence,"COPYRIGHT © 2001-2021 ENERGY INTELLIGENCE GROUP, INC. / ENERGY INTELLIGENCE GROUP (UK) LIMITED.",2015,United States,West Texas Sour,65
Source: Energy Intelligence,"COPYRIGHT © 2001-2021 ENERGY INTELLIGENCE GROUP, INC. / ENERGY INTELLIGENCE GROUP (UK) LIMITED.",2014,United States,West Texas Sour,
Source: Energy Intelligence,"COPYRIGHT © 2001-2021 ENERGY INTELLIGENCE GROUP, INC. / ENERGY INTELLIGENCE GROUP (UK) LIMITED.",2013,United States,West Texas Sour,
Source: Energy Intelligence,"COPYRIGHT © 2001-2021 ENERGY INTELLIGENCE GROUP, INC. / ENERGY INTELLIGENCE GROUP (UK) LIMITED.",2012,United States,West Texas Sour,
Source: Energy Intelligence,"COPYRIGHT © 2001-2021 ENERGY INTELLIGENCE GROUP, INC. / ENERGY INTELLIGENCE GROUP (UK) LIMITED.",2011,United States,West Texas Sour,
Source: Energy Intelligence,"COPYRIGHT © 2001-2021 ENERGY INTELLIGENCE GROUP, INC. / ENERGY INTELLIGENCE GROUP (UK) LIMITED.",2010,United States,West Texas Sour,
Source: Energy Intelligence,"COPYRIGHT © 2001-2021 ENERGY INTELLIGENCE GROUP, INC. / ENERGY INTELLIGENCE GROUP (UK) LIMITED.",2009,United States,West Texas Sour,
Source: Energy Intelligence,"COPYRIGHT © 2001-2021 ENERGY INTELLIGENCE GROUP, INC. / ENERGY INTELLIGENCE GROUP (UK) LIMITED.",2008,United States,West Texas Sour,
Source: Energy Intelligence,"COPYRIGHT © 2001-2021 ENERGY INTELLIGENCE GROUP, INC. / ENERGY INTELLIGENCE GROUP (UK) LIMITED.",2007,United States,West Texas Sour,
Source: Energy Intelligence,"COPYRIGHT © 2001-2021 ENERGY INTELLIGENCE GROUP, INC. / ENERGY INTELLIGENCE GROUP (UK) LIMITED.",2006,United States,West Texas Sour,
Source: Energy Intelligence,"COPYRIGHT © 2001-2021 ENERGY INTELLIGENCE GROUP, INC. / ENERGY INTELLIGENCE GROUP (UK) LIMITED.",2024,Ghana,Jubilee,71
Source: Energy Intelligence,"COPYRIGHT © 2001-2021 ENERGY INTELLIGENCE GROUP, INC. / ENERGY INTELLIGENCE GROUP (UK) LIMITED.",2023,Ghana,Jubilee,83.29
Source: Energy Intelligence,"COPYRIGHT © 2001-2021 ENERGY INTELLIGENCE GROUP, INC. / ENERGY INTELLIGENCE GROUP (UK) LIMITED.",2022,Ghana,Jubilee,80.68
Source: Energy Intelligence,"COPYRIGHT © 2001-2021 ENERGY INTELLIGENCE GROUP, INC. / ENERGY INTELLIGENCE GROUP (UK) LIMITED.",2021,Ghana,Jubilee,72.87
Source: Energy Intelligence,"COPYRIGHT © 2001-2021 ENERGY INTELLIGENCE GROUP, INC. / ENERGY INTELLIGENCE GROUP (UK) LIMITED.",2020,Ghana,Jubilee,80.46
Source: Energy Intelligence,"COPYRIGHT © 2001-2021 ENERGY INTELLIGENCE GROUP, INC. / ENERGY INTELLIGENCE GROUP (UK) LIMITED.",2019,Ghana,Jubilee,88.49
Source: Energy Intelligence,"COPYRIGHT © 2001-2021 ENERGY INTELLIGENCE GROUP, INC. / ENERGY INTELLIGENCE GROUP (UK) LIMITED.",2018,Ghana,Jubilee,80.68
Source: Energy Intelligence,"COPYRIGHT © 2001-2021 ENERGY INTELLIGENCE GROUP, INC. / ENERGY INTELLIGENCE GROUP (UK) LIMITED.",2017,Ghana,Jubilee,85.07
Source: Energy Intelligence,"COPYRIGHT © 2001-2021 ENERGY INTELLIGENCE GROUP, INC. / ENERGY INTELLIGENCE GROUP (UK) LIMITED.",2016,Ghana,Jubilee,77.87
Source: Energy Intelligence,"COPYRIGHT © 2001-2021 ENERGY INTELLIGENCE GROUP, INC. / ENERGY INTELLIGENCE GROUP (UK) LIMITED.",2015,Ghana,Jubilee,106.71
Source: Energy Intelligence,"COPYRIGHT © 2001-2021 ENERGY INTELLIGENCE GROUP, INC. / ENERGY INTELLIGENCE GROUP (UK) LIMITED.",2014,Ghana,Jubilee,99.5
Source: Energy Intelligence,"COPYRIGHT © 2001-2021 ENERGY INTELLIGENCE GROUP, INC. / ENERGY INTELLIGENCE GROUP (UK) LIMITED.",2013,Ghana,Jubilee,97.15
Source: Energy Intelligence,"COPYRIGHT © 2001-2021 ENERGY INTELLIGENCE GROUP, INC. / ENERGY INTELLIGENCE GROUP (UK) LIMITED.",2012,Ghana,Jubilee,71.01
Source: Energy Intelligence,"COPYRIGHT © 2001-2021 ENERGY INTELLIGENCE GROUP, INC. / ENERGY INTELLIGENCE GROUP (UK) LIMITED.",2011,Ghana,Jubilee,65.42
Source: Energy Intelligence,"COPYRIGHT © 2001-2021 ENERGY INTELLIGENCE GROUP, INC. / ENERGY INTELLIGENCE GROUP (UK) LIMITED.",2010,Ghana,Jubilee,0
Source: Energy Intelligence,"COPYRIGHT © 2001-2021 ENERGY INTELLIGENCE GROUP, INC. / ENERGY INTELLIGENCE GROUP (UK) LIMITED.",2024,Australia,Other Crudes - Australia,137.4
Source: Energy Intelligence,"COPYRIGHT © 2001-2021 ENERGY INTELLIGENCE GROUP, INC. / ENERGY INTELLIGENCE GROUP (UK) LIMITED.",2023,Australia,Other Crudes - Australia,141
Source: Energy Intelligence,"COPYRIGHT © 2001-2021 ENERGY INTELLIGENCE GROUP, INC. / ENERGY INTELLIGENCE GROUP (UK) LIMITED.",2022,Australia,Other Crudes - Australia,78.2
Source: Energy Intelligence,"COPYRIGHT © 2001-2021 ENERGY INTELLIGENCE GROUP, INC. / ENERGY INTELLIGENCE GROUP (UK) LIMITED.",2021,Australia,Other Crudes - Australia,75.1
Source: Energy Intelligence,"COPYRIGHT © 2001-2021 ENERGY INTELLIGENCE GROUP, INC. / ENERGY INTELLIGENCE GROUP (UK) LIMITED.",2020,Australia,Other Crudes - Australia,31.43
Source: Energy Intelligence,"COPYRIGHT © 2001-2021 ENERGY INTELLIGENCE GROUP, INC. / ENERGY INTELLIGENCE GROUP (UK) LIMITED.",2019,Australia,Other Crudes - Australia,22.14
Source: Energy Intelligence,"COPYRIGHT © 2001-2021 ENERGY INTELLIGENCE GROUP, INC. / ENERGY INTELLIGENCE GROUP (UK) LIMITED.",2018,Australia,Other Crudes - Australia,80.17
Source: Energy Intelligence,"COPYRIGHT © 2001-2021 ENERGY INTELLIGENCE GROUP, INC. / ENERGY INTELLIGENCE GROUP (UK) LIMITED.",2017,Australia,Other Crudes - Australia,66.11
Source: Energy Intelligence,"COPYRIGHT © 2001-2021 ENERGY INTELLIGENCE GROUP, INC. / ENERGY INTELLIGENCE GROUP (UK) LIMITED.",2016,Australia,Other Crudes - Australia,61.84
Source: Energy Intelligence,"COPYRIGHT © 2001-2021 ENERGY INTELLIGENCE GROUP, INC. / ENERGY INTELLIGENCE GROUP (UK) LIMITED.",2015,Australia,Other Crudes - Australia,110.9
Source: Energy Intelligence,"COPYRIGHT © 2001-2021 ENERGY INTELLIGENCE GROUP, INC. / ENERGY INTELLIGENCE GROUP (UK) LIMITED.",2014,Australia,Other Crudes - Australia,116.21
Source: Energy Intelligence,"COPYRIGHT © 2001-2021 ENERGY INTELLIGENCE GROUP, INC. / ENERGY INTELLIGENCE GROUP (UK) LIMITED.",2013,Australia,Other Crudes - Australia,20.36
Source: Energy Intelligence,"COPYRIGHT © 2001-2021 ENERGY INTELLIGENCE GROUP, INC. / ENERGY INTELLIGENCE GROUP (UK) LIMITED.",2012,Australia,Other Crudes - Australia,42.78
Source: Energy Intelligence,"COPYRIGHT © 2001-2021 ENERGY INTELLIGENCE GROUP, INC. / ENERGY INTELLIGENCE GROUP (UK) LIMITED.",2011,Australia,Other Crudes - Australia,27.87
Source: Energy Intelligence,"COPYRIGHT © 2001-2021 ENERGY INTELLIGENCE GROUP, INC. / ENERGY INTELLIGENCE GROUP (UK) LIMITED.",2010,Australia,Other Crudes - Australia,95.04
Source: Energy Intelligence,"COPYRIGHT © 2001-2021 ENERGY INTELLIGENCE GROUP, INC. / ENERGY INTELLIGENCE GROUP (UK) LIMITED.",2009,Australia,Other Crudes - Australia,82.69
Source: Energy Intelligence,"COPYRIGHT © 2001-2021 ENERGY INTELLIGENCE GROUP, INC. / ENERGY INTELLIGENCE GROUP (UK) LIMITED.",2008,Australia,Other Crudes - Australia,100.75
Source: Energy Intelligence,"COPYRIGHT © 2001-2021 ENERGY INTELLIGENCE GROUP, INC. / ENERGY INTELLIGENCE GROUP (UK) LIMITED.",2007,Australia,Other Crudes - Australia,104.4
Source: Energy Intelligence,"COPYRIGHT © 2001-2021 ENERGY INTELLIGENCE GROUP, INC. / ENERGY INTELLIGENCE GROUP (UK) LIMITED.",2006,Australia,Other Crudes - Australia,65.63
Source: Energy Intelligence,"COPYRIGHT © 2001-2021 ENERGY INTELLIGENCE GROUP, INC. / ENERGY INTELLIGENCE GROUP (UK) LIMITED.",2024,United States,Bakken,45
Source: Energy Intelligence,"COPYRIGHT © 2001-2021 ENERGY INTELLIGENCE GROUP, INC. / ENERGY INTELLIGENCE GROUP (UK) LIMITED.",2023,United States,Bakken,37
Source: Energy Intelligence,"COPYRIGHT © 2001-2021 ENERGY INTELLIGENCE GROUP, INC. / ENERGY INTELLIGENCE GROUP (UK) LIMITED.",2022,United States,Bakken,40
Source: Energy Intelligence,"COPYRIGHT © 2001-2021 ENERGY INTELLIGENCE GROUP, INC. / ENERGY INTELLIGENCE GROUP (UK) LIMITED.",2021,United States,Bakken,20
Source: Energy Intelligence,"COPYRIGHT © 2001-2021 ENERGY INTELLIGENCE GROUP, INC. / ENERGY INTELLIGENCE GROUP (UK) LIMITED.",2020,United States,Bakken,125
Source: Energy Intelligence,"COPYRIGHT © 2001-2021 ENERGY INTELLIGENCE GROUP, INC. / ENERGY INTELLIGENCE GROUP (UK) LIMITED.",2019,United States,Bakken,236
Source: Energy Intelligence,"COPYRIGHT © 2001-2021 ENERGY INTELLIGENCE GROUP, INC. / ENERGY INTELLIGENCE GROUP (UK) LIMITED.",2018,United States,Bakken,114
Source: Energy Intelligence,"COPYRIGHT © 2001-2021 ENERGY INTELLIGENCE GROUP, INC. / ENERGY INTELLIGENCE GROUP (UK) LIMITED.",2017,United States,Bakken,215
Source: Energy Intelligence,"COPYRIGHT © 2001-2021 ENERGY INTELLIGENCE GROUP, INC. / ENERGY INTELLIGENCE GROUP (UK) LIMITED.",2016,United States,Bakken,106
Source: Energy Intelligence,"COPYRIGHT © 2001-2021 ENERGY INTELLIGENCE GROUP, INC. / ENERGY INTELLIGENCE GROUP (UK) LIMITED.",2015,United States,Bakken,84
Source: Energy Intelligence,"COPYRIGHT © 2001-2021 ENERGY INTELLIGENCE GROUP, INC. / ENERGY INTELLIGENCE GROUP (UK) LIMITED.",2014,United States,Bakken,94
Source: Energy Intelligence,"COPYRIGHT © 2001-2021 ENERGY INTELLIGENCE GROUP, INC. / ENERGY INTELLIGENCE GROUP (UK) LIMITED.",2013,United States,Bakken,51
Source: Energy Intelligence,"COPYRIGHT © 2001-2021 ENERGY INTELLIGENCE GROUP, INC. / ENERGY INTELLIGENCE GROUP (UK) LIMITED.",2012,United States,Bakken,55
Source: Energy Intelligence,"COPYRIGHT © 2001-2021 ENERGY INTELLIGENCE GROUP, INC. / ENERGY INTELLIGENCE GROUP (UK) LIMITED.",2011,United States,Bakken,37
Source: Energy Intelligence,"COPYRIGHT © 2001-2021 ENERGY INTELLIGENCE GROUP, INC. / ENERGY INTELLIGENCE GROUP (UK) LIMITED.",2010,United States,Bakken,33
Source: Energy Intelligence,"COPYRIGHT © 2001-2021 ENERGY INTELLIGENCE GROUP, INC. / ENERGY INTELLIGENCE GROUP (UK) LIMITED.",2009,United States,Bakken,35
Source: Energy Intelligence,"COPYRIGHT © 2001-2021 ENERGY INTELLIGENCE GROUP, INC. / ENERGY INTELLIGENCE GROUP (UK) LIMITED.",2008,United States,Bakken,28.59
Source: Energy Intelligence,"COPYRIGHT © 2001-2021 ENERGY INTELLIGENCE GROUP, INC. / ENERGY INTELLIGENCE GROUP (UK) LIMITED.",2007,United States,Bakken,16
Source: Energy Intelligence,"COPYRIGHT © 2001-2021 ENERGY INTELLIGENCE GROUP, INC. / ENERGY INTELLIGENCE GROUP (UK) LIMITED.",2023,Nigeria,Usan,31.2
Source: Energy Intelligence,"COPYRIGHT © 2001-2021 ENERGY INTELLIGENCE GROUP, INC. / ENERGY INTELLIGENCE GROUP (UK) LIMITED.",2022,Nigeria,Usan,41.78
Source: Energy Intelligence,"COPYRIGHT © 2001-2021 ENERGY INTELLIGENCE GROUP, INC. / ENERGY INTELLIGENCE GROUP (UK) LIMITED.",2021,Nigeria,Usan,40.14
Source: Energy Intelligence,"COPYRIGHT © 2001-2021 ENERGY INTELLIGENCE GROUP, INC. / ENERGY INTELLIGENCE GROUP (UK) LIMITED.",2020,Nigeria,Usan,41.92
Source: Energy Intelligence,"COPYRIGHT © 2001-2021 ENERGY INTELLIGENCE GROUP, INC. / ENERGY INTELLIGENCE GROUP (UK) LIMITED.",2019,Nigeria,Usan,57.56
Source: Energy Intelligence,"COPYRIGHT © 2001-2021 ENERGY INTELLIGENCE GROUP, INC. / ENERGY INTELLIGENCE GROUP (UK) LIMITED.",2018,Nigeria,Usan,75.47
Source: Energy Intelligence,"COPYRIGHT © 2001-2021 ENERGY INTELLIGENCE GROUP, INC. / ENERGY INTELLIGENCE GROUP (UK) LIMITED.",2017,Nigeria,Usan,97.66
Source: Energy Intelligence,"COPYRIGHT © 2001-2021 ENERGY INTELLIGENCE GROUP, INC. / ENERGY INTELLIGENCE GROUP (UK) LIMITED.",2016,Nigeria,Usan,102.15
Source: Energy Intelligence,"COPYRIGHT © 2001-2021 ENERGY INTELLIGENCE GROUP, INC. / ENERGY INTELLIGENCE GROUP (UK) LIMITED.",2015,Nigeria,Usan,107.9
Source: Energy Intelligence,"COPYRIGHT © 2001-2021 ENERGY INTELLIGENCE GROUP, INC. / ENERGY INTELLIGENCE GROUP (UK) LIMITED.",2014,Nigeria,Usan,122.1
Source: Energy Intelligence,"COPYRIGHT © 2001-2021 ENERGY INTELLIGENCE GROUP, INC. / ENERGY INTELLIGENCE GROUP (UK) LIMITED.",2013,Nigeria,Usan,107.44
Source: Energy Intelligence,"COPYRIGHT © 2001-2021 ENERGY INTELLIGENCE GROUP, INC. / ENERGY INTELLIGENCE GROUP (UK) LIMITED.",2012,Nigeria,Usan,80.49
Source: Energy Intelligence,"COPYRIGHT © 2001-2021 ENERGY INTELLIGENCE GROUP, INC. / ENERGY INTELLIGENCE GROUP (UK) LIMITED.",2024,Yemen,Masila,0
Source: Energy Intelligence,"COPYRIGHT © 2001-2021 ENERGY INTELLIGENCE GROUP, INC. / ENERGY INTELLIGENCE GROUP (UK) LIMITED.",2023,Yemen,Masila,0
Source: Energy Intelligence,"COPYRIGHT © 2001-2021 ENERGY INTELLIGENCE GROUP, INC. / ENERGY INTELLIGENCE GROUP (UK) LIMITED.",2022,Yemen,Masila,23
Source: Energy Intelligence,"COPYRIGHT © 2001-2021 ENERGY INTELLIGENCE GROUP, INC. / ENERGY INTELLIGENCE GROUP (UK) LIMITED.",2021,Yemen,Masila,28
Source: Energy Intelligence,"COPYRIGHT © 2001-2021 ENERGY INTELLIGENCE GROUP, INC. / ENERGY INTELLIGENCE GROUP (UK) LIMITED.",2020,Yemen,Masila,32.88
Source: Energy Intelligence,"COPYRIGHT © 2001-2021 ENERGY INTELLIGENCE GROUP, INC. / ENERGY INTELLIGENCE GROUP (UK) LIMITED.",2019,Yemen,Masila,32.88
Source: Energy Intelligence,"COPYRIGHT © 2001-2021 ENERGY INTELLIGENCE GROUP, INC. / ENERGY INTELLIGENCE GROUP (UK) LIMITED.",2018,Yemen,Masila,32.88
Source: Energy Intelligence,"COPYRIGHT © 2001-2021 ENERGY INTELLIGENCE GROUP, INC. / ENERGY INTELLIGENCE GROUP (UK) LIMITED.",2017,Yemen,Masila,38
Source: Energy Intelligence,"COPYRIGHT © 2001-2021 ENERGY INTELLIGENCE GROUP, INC. / ENERGY INTELLIGENCE GROUP (UK) LIMITED.",2016,Yemen,Masila,13.69
Source: Energy Intelligence,"COPYRIGHT © 2001-2021 ENERGY INTELLIGENCE GROUP, INC. / ENERGY INTELLIGENCE GROUP (UK) LIMITED.",2015,Yemen,Masila,13.15
Source: Energy Intelligence,"COPYRIGHT © 2001-2021 ENERGY INTELLIGENCE GROUP, INC. / ENERGY INTELLIGENCE GROUP (UK) LIMITED.",2014,Yemen,Masila,100.01
Source: Energy Intelligence,"COPYRIGHT © 2001-2021 ENERGY INTELLIGENCE GROUP, INC. / ENERGY INTELLIGENCE GROUP (UK) LIMITED.",2013,Yemen,Masila,103.7
Source: Energy Intelligence,"COPYRIGHT © 2001-2021 ENERGY INTELLIGENCE GROUP, INC. / ENERGY INTELLIGENCE GROUP (UK) LIMITED.",2012,Yemen,Masila,122
Source: Energy Intelligence,"COPYRIGHT © 2001-2021 ENERGY INTELLIGENCE GROUP, INC. / ENERGY INTELLIGENCE GROUP (UK) LIMITED.",2011,Yemen,Masila,156
Source: Energy Intelligence,"COPYRIGHT © 2001-2021 ENERGY INTELLIGENCE GROUP, INC. / ENERGY INTELLIGENCE GROUP (UK) LIMITED.",2010,Yemen,Masila,142.9
Source: Energy Intelligence,"COPYRIGHT © 2001-2021 ENERGY INTELLIGENCE GROUP, INC. / ENERGY INTELLIGENCE GROUP (UK) LIMITED.",2009,Yemen,Masila,133
Source: Energy Intelligence,"COPYRIGHT © 2001-2021 ENERGY INTELLIGENCE GROUP, INC. / ENERGY INTELLIGENCE GROUP (UK) LIMITED.",2008,Yemen,Masila,134
Source: Energy Intelligence,"COPYRIGHT © 2001-2021 ENERGY INTELLIGENCE GROUP, INC. / ENERGY INTELLIGENCE GROUP (UK) LIMITED.",2007,Yemen,Masila,131
Source: Energy Intelligence,"COPYRIGHT © 2001-2021 ENERGY INTELLIGENCE GROUP, INC. / ENERGY INTELLIGENCE GROUP (UK) LIMITED.",2006,Yemen,Masila,176
Source: Energy Intelligence,"COPYRIGHT © 2001-2021 ENERGY INTELLIGENCE GROUP, INC. / ENERGY INTELLIGENCE GROUP (UK) LIMITED.",2024,Canada,Hibernia,45.1
Source: Energy Intelligence,"COPYRIGHT © 2001-2021 ENERGY INTELLIGENCE GROUP, INC. / ENERGY INTELLIGENCE GROUP (UK) LIMITED.",2023,Canada,Hibernia,43.51
Source: Energy Intelligence,"COPYRIGHT © 2001-2021 ENERGY INTELLIGENCE GROUP, INC. / ENERGY INTELLIGENCE GROUP (UK) LIMITED.",2022,Canada,Hibernia,47.94
Source: Energy Intelligence,"COPYRIGHT © 2001-2021 ENERGY INTELLIGENCE GROUP, INC. / ENERGY INTELLIGENCE GROUP (UK) LIMITED.",2021,Canada,Hibernia,63.43
Source: Energy Intelligence,"COPYRIGHT © 2001-2021 ENERGY INTELLIGENCE GROUP, INC. / ENERGY INTELLIGENCE GROUP (UK) LIMITED.",2020,Canada,Hibernia,75.42
Source: Energy Intelligence,"COPYRIGHT © 2001-2021 ENERGY INTELLIGENCE GROUP, INC. / ENERGY INTELLIGENCE GROUP (UK) LIMITED.",2019,Canada,Hibernia,65.26
Source: Energy Intelligence,"COPYRIGHT © 2001-2021 ENERGY INTELLIGENCE GROUP, INC. / ENERGY INTELLIGENCE GROUP (UK) LIMITED.",2018,Canada,Hibernia,72.02
Source: Energy Intelligence,"COPYRIGHT © 2001-2021 ENERGY INTELLIGENCE GROUP, INC. / ENERGY INTELLIGENCE GROUP (UK) LIMITED.",2017,Canada,Hibernia,93
Source: Energy Intelligence,"COPYRIGHT © 2001-2021 ENERGY INTELLIGENCE GROUP, INC. / ENERGY INTELLIGENCE GROUP (UK) LIMITED.",2016,Canada,Hibernia,87.28
Source: Energy Intelligence,"COPYRIGHT © 2001-2021 ENERGY INTELLIGENCE GROUP, INC. / ENERGY INTELLIGENCE GROUP (UK) LIMITED.",2015,Canada,Hibernia,57.93
Source: Energy Intelligence,"COPYRIGHT © 2001-2021 ENERGY INTELLIGENCE GROUP, INC. / ENERGY INTELLIGENCE GROUP (UK) LIMITED.",2014,Canada,Hibernia,93.41
Source: Energy Intelligence,"COPYRIGHT © 2001-2021 ENERGY INTELLIGENCE GROUP, INC. / ENERGY INTELLIGENCE GROUP (UK) LIMITED.",2013,Canada,Hibernia,96.61
Source: Energy Intelligence,"COPYRIGHT © 2001-2021 ENERGY INTELLIGENCE GROUP, INC. / ENERGY INTELLIGENCE GROUP (UK) LIMITED.",2012,Canada,Hibernia,85
Source: Energy Intelligence,"COPYRIGHT © 2001-2021 ENERGY INTELLIGENCE GROUP, INC. / ENERGY INTELLIGENCE GROUP (UK) LIMITED.",2011,Canada,Hibernia,83
Source: Energy Intelligence,"COPYRIGHT © 2001-2021 ENERGY INTELLIGENCE GROUP, INC. / ENERGY INTELLIGENCE GROUP (UK) LIMITED.",2010,Canada,Hibernia,80
Source: Energy Intelligence,"COPYRIGHT © 2001-2021 ENERGY INTELLIGENCE GROUP, INC. / ENERGY INTELLIGENCE GROUP (UK) LIMITED.",2009,Canada,Hibernia,59.27
Source: Energy Intelligence,"COPYRIGHT © 2001-2021 ENERGY INTELLIGENCE GROUP, INC. / ENERGY INTELLIGENCE GROUP (UK) LIMITED.",2008,Canada,Hibernia,67.91
Source: Energy Intelligence,"COPYRIGHT © 2001-2021 ENERGY INTELLIGENCE GROUP, INC. / ENERGY INTELLIGENCE GROUP (UK) LIMITED.",2007,Canada,Hibernia,78.47
Source: Energy Intelligence,"COPYRIGHT © 2001-2021 ENERGY INTELLIGENCE GROUP, INC. / ENERGY INTELLIGENCE GROUP (UK) LIMITED.",2006,Canada,Hibernia,99.68
Source: Energy Intelligence,"COPYRIGHT © 2001-2021 ENERGY INTELLIGENCE GROUP, INC. / ENERGY INTELLIGENCE GROUP (UK) LIMITED.",2023,Venezuela,Zuata Sweet,0
Source: Energy Intelligence,"COPYRIGHT © 2001-2021 ENERGY INTELLIGENCE GROUP, INC. / ENERGY INTELLIGENCE GROUP (UK) LIMITED.",2022,Venezuela,Zuata Sweet,0
Source: Energy Intelligence,"COPYRIGHT © 2001-2021 ENERGY INTELLIGENCE GROUP, INC. / ENERGY INTELLIGENCE GROUP (UK) LIMITED.",2021,Venezuela,Zuata Sweet,20
Source: Energy Intelligence,"COPYRIGHT © 2001-2021 ENERGY INTELLIGENCE GROUP, INC. / ENERGY INTELLIGENCE GROUP (UK) LIMITED.",2020,Venezuela,Zuata Sweet,0
Source: Energy Intelligence,"COPYRIGHT © 2001-2021 ENERGY INTELLIGENCE GROUP, INC. / ENERGY INTELLIGENCE GROUP (UK) LIMITED.",2019,Venezuela,Zuata Sweet,20
Source: Energy Intelligence,"COPYRIGHT © 2001-2021 ENERGY INTELLIGENCE GROUP, INC. / ENERGY INTELLIGENCE GROUP (UK) LIMITED.",2018,Venezuela,Zuata Sweet,40
Source: Energy Intelligence,"COPYRIGHT © 2001-2021 ENERGY INTELLIGENCE GROUP, INC. / ENERGY INTELLIGENCE GROUP (UK) LIMITED.",2017,Venezuela,Zuata Sweet,45.56
Source: Energy Intelligence,"COPYRIGHT © 2001-2021 ENERGY INTELLIGENCE GROUP, INC. / ENERGY INTELLIGENCE GROUP (UK) LIMITED.",2016,Venezuela,Zuata Sweet,95.76
Source: Energy Intelligence,"COPYRIGHT © 2001-2021 ENERGY INTELLIGENCE GROUP, INC. / ENERGY INTELLIGENCE GROUP (UK) LIMITED.",2015,Venezuela,Zuata Sweet,107.85
Source: Energy Intelligence,"COPYRIGHT © 2001-2021 ENERGY INTELLIGENCE GROUP, INC. / ENERGY INTELLIGENCE GROUP (UK) LIMITED.",2014,Venezuela,Zuata Sweet,108.78
Source: Energy Intelligence,"COPYRIGHT © 2001-2021 ENERGY INTELLIGENCE GROUP, INC. / ENERGY INTELLIGENCE GROUP (UK) LIMITED.",2013,Venezuela,Zuata Sweet,104.55
Source: Energy Intelligence,"COPYRIGHT © 2001-2021 ENERGY INTELLIGENCE GROUP, INC. / ENERGY INTELLIGENCE GROUP (UK) LIMITED.",2012,Venezuela,Zuata Sweet,114.36
Source: Energy Intelligence,"COPYRIGHT © 2001-2021 ENERGY INTELLIGENCE GROUP, INC. / ENERGY INTELLIGENCE GROUP (UK) LIMITED.",2011,Venezuela,Zuata Sweet,126.45
Source: Energy Intelligence,"COPYRIGHT © 2001-2021 ENERGY INTELLIGENCE GROUP, INC. / ENERGY INTELLIGENCE GROUP (UK) LIMITED.",2010,Venezuela,Zuata Sweet,100
Source: Energy Intelligence,"COPYRIGHT © 2001-2021 ENERGY INTELLIGENCE GROUP, INC. / ENERGY INTELLIGENCE GROUP (UK) LIMITED.",2009,Venezuela,Zuata Sweet,91
Source: Energy Intelligence,"COPYRIGHT © 2001-2021 ENERGY INTELLIGENCE GROUP, INC. / ENERGY INTELLIGENCE GROUP (UK) LIMITED.",2008,Venezuela,Zuata Sweet,126
Source: Energy Intelligence,"COPYRIGHT © 2001-2021 ENERGY INTELLIGENCE GROUP, INC. / ENERGY INTELLIGENCE GROUP (UK) LIMITED.",2007,Venezuela,Zuata Sweet,144
Source: Energy Intelligence,"COPYRIGHT © 2001-2021 ENERGY INTELLIGENCE GROUP, INC. / ENERGY INTELLIGENCE GROUP (UK) LIMITED.",2006,Venezuela,Zuata Sweet,
Source: Energy Intelligence,"COPYRIGHT © 2001-2021 ENERGY INTELLIGENCE GROUP, INC. / ENERGY INTELLIGENCE GROUP (UK) LIMITED.",2020,Nigeria,Yoho,35.62
Source: Energy Intelligence,"COPYRIGHT © 2001-2021 ENERGY INTELLIGENCE GROUP, INC. / ENERGY INTELLIGENCE GROUP (UK) LIMITED.",2019,Nigeria,Yoho,33.5
Source: Energy Intelligence,"COPYRIGHT © 2001-2021 ENERGY INTELLIGENCE GROUP, INC. / ENERGY INTELLIGENCE GROUP (UK) LIMITED.",2018,Nigeria,Yoho,39.9
Source: Energy Intelligence,"COPYRIGHT © 2001-2021 ENERGY INTELLIGENCE GROUP, INC. / ENERGY INTELLIGENCE GROUP (UK) LIMITED.",2017,Nigeria,Yoho,31.52
Source: Energy Intelligence,"COPYRIGHT © 2001-2021 ENERGY INTELLIGENCE GROUP, INC. / ENERGY INTELLIGENCE GROUP (UK) LIMITED.",2016,Nigeria,Yoho,43.3
Source: Energy Intelligence,"COPYRIGHT © 2001-2021 ENERGY INTELLIGENCE GROUP, INC. / ENERGY INTELLIGENCE GROUP (UK) LIMITED.",2015,Nigeria,Yoho,47.5
Source: Energy Intelligence,"COPYRIGHT © 2001-2021 ENERGY INTELLIGENCE GROUP, INC. / ENERGY INTELLIGENCE GROUP (UK) LIMITED.",2014,Nigeria,Yoho,52.9
Source: Energy Intelligence,"COPYRIGHT © 2001-2021 ENERGY INTELLIGENCE GROUP, INC. / ENERGY INTELLIGENCE GROUP (UK) LIMITED.",2013,Nigeria,Yoho,68.88
Source: Energy Intelligence,"COPYRIGHT © 2001-2021 ENERGY INTELLIGENCE GROUP, INC. / ENERGY INTELLIGENCE GROUP (UK) LIMITED.",2012,Nigeria,Yoho,75.27
Source: Energy Intelligence,"COPYRIGHT © 2001-2021 ENERGY INTELLIGENCE GROUP, INC. / ENERGY INTELLIGENCE GROUP (UK) LIMITED.",2011,Nigeria,Yoho,83.19
Source: Energy Intelligence,"COPYRIGHT © 2001-2021 ENERGY INTELLIGENCE GROUP, INC. / ENERGY INTELLIGENCE GROUP (UK) LIMITED.",2010,Nigeria,Yoho,88.5
Source: Energy Intelligence,"COPYRIGHT © 2001-2021 ENERGY INTELLIGENCE GROUP, INC. / ENERGY INTELLIGENCE GROUP (UK) LIMITED.",2009,Nigeria,Yoho,96.55
Source: Energy Intelligence,"COPYRIGHT © 2001-2021 ENERGY INTELLIGENCE GROUP, INC. / ENERGY INTELLIGENCE GROUP (UK) LIMITED.",2008,Nigeria,Yoho,120
Source: Energy Intelligence,"COPYRIGHT © 2001-2021 ENERGY INTELLIGENCE GROUP, INC. / ENERGY INTELLIGENCE GROUP (UK) LIMITED.",2007,Nigeria,Yoho,126
Source: Energy Intelligence,"COPYRIGHT © 2001-2021 ENERGY INTELLIGENCE GROUP, INC. / ENERGY INTELLIGENCE GROUP (UK) LIMITED.",2006,Nigeria,Yoho,146
Source: Energy Intelligence,"COPYRIGHT © 2001-2021 ENERGY INTELLIGENCE GROUP, INC. / ENERGY INTELLIGENCE GROUP (UK) LIMITED.",2010,Brazil,Ostra,71.43
Source: Energy Intelligence,"COPYRIGHT © 2001-2021 ENERGY INTELLIGENCE GROUP, INC. / ENERGY INTELLIGENCE GROUP (UK) LIMITED.",2024,Norway,Other Crudes - Norway,129
Source: Energy Intelligence,"COPYRIGHT © 2001-2021 ENERGY INTELLIGENCE GROUP, INC. / ENERGY INTELLIGENCE GROUP (UK) LIMITED.",2023,Norway,Other Crudes - Norway,174.3
Source: Energy Intelligence,"COPYRIGHT © 2001-2021 ENERGY INTELLIGENCE GROUP, INC. / ENERGY INTELLIGENCE GROUP (UK) LIMITED.",2022,Norway,Other Crudes - Norway,1.8
Source: Energy Intelligence,"COPYRIGHT © 2001-2021 ENERGY INTELLIGENCE GROUP, INC. / ENERGY INTELLIGENCE GROUP (UK) LIMITED.",2021,Norway,Other Crudes - Norway,57.97
Source: Energy Intelligence,"COPYRIGHT © 2001-2021 ENERGY INTELLIGENCE GROUP, INC. / ENERGY INTELLIGENCE GROUP (UK) LIMITED.",2020,Norway,Other Crudes - Norway,26.47
Source: Energy Intelligence,"COPYRIGHT © 2001-2021 ENERGY INTELLIGENCE GROUP, INC. / ENERGY INTELLIGENCE GROUP (UK) LIMITED.",2019,Norway,Other Crudes - Norway,16.01
Source: Energy Intelligence,"COPYRIGHT © 2001-2021 ENERGY INTELLIGENCE GROUP, INC. / ENERGY INTELLIGENCE GROUP (UK) LIMITED.",2018,Norway,Other Crudes - Norway,13.89
Source: Energy Intelligence,"COPYRIGHT © 2001-2021 ENERGY INTELLIGENCE GROUP, INC. / ENERGY INTELLIGENCE GROUP (UK) LIMITED.",2017,Norway,Other Crudes - Norway,35.09
Source: Energy Intelligence,"COPYRIGHT © 2001-2021 ENERGY INTELLIGENCE GROUP, INC. / ENERGY INTELLIGENCE GROUP (UK) LIMITED.",2016,Norway,Other Crudes - Norway,15.68
Source: Energy Intelligence,"COPYRIGHT © 2001-2021 ENERGY INTELLIGENCE GROUP, INC. / ENERGY INTELLIGENCE GROUP (UK) LIMITED.",2015,Norway,Other Crudes - Norway,0.83
Source: Energy Intelligence,"COPYRIGHT © 2001-2021 ENERGY INTELLIGENCE GROUP, INC. / ENERGY INTELLIGENCE GROUP (UK) LIMITED.",2014,Norway,Other Crudes - Norway,6.64
Source: Energy Intelligence,"COPYRIGHT © 2001-2021 ENERGY INTELLIGENCE GROUP, INC. / ENERGY INTELLIGENCE GROUP (UK) LIMITED.",2013,Norway,Other Crudes - Norway,3.73
Source: Energy Intelligence,"COPYRIGHT © 2001-2021 ENERGY INTELLIGENCE GROUP, INC. / ENERGY INTELLIGENCE GROUP (UK) LIMITED.",2012,Norway,Other Crudes - Norway,38.07
Source: Energy Intelligence,"COPYRIGHT © 2001-2021 ENERGY INTELLIGENCE GROUP, INC. / ENERGY INTELLIGENCE GROUP (UK) LIMITED.",2011,Norway,Other Crudes - Norway,20.54
Source: Energy Intelligence,"COPYRIGHT © 2001-2021 ENERGY INTELLIGENCE GROUP, INC. / ENERGY INTELLIGENCE GROUP (UK) LIMITED.",2010,Norway,Other Crudes - Norway,87.24
Source: Energy Intelligence,"COPYRIGHT © 2001-2021 ENERGY INTELLIGENCE GROUP, INC. / ENERGY INTELLIGENCE GROUP (UK) LIMITED.",2009,Norway,Other Crudes - Norway,138.51
Source: Energy Intelligence,"COPYRIGHT © 2001-2021 ENERGY INTELLIGENCE GROUP, INC. / ENERGY INTELLIGENCE GROUP (UK) LIMITED.",2008,Norway,Other Crudes - Norway,178.72
Source: Energy Intelligence,"COPYRIGHT © 2001-2021 ENERGY INTELLIGENCE GROUP, INC. / ENERGY INTELLIGENCE GROUP (UK) LIMITED.",2007,Norway,Other Crudes - Norway,166.48
Source: Energy Intelligence,"COPYRIGHT © 2001-2021 ENERGY INTELLIGENCE GROUP, INC. / ENERGY INTELLIGENCE GROUP (UK) LIMITED.",2006,Norway,Other Crudes - Norway,209.14
Source: Energy Intelligence,"COPYRIGHT © 2001-2021 ENERGY INTELLIGENCE GROUP, INC. / ENERGY INTELLIGENCE GROUP (UK) LIMITED.",2024,Iran,Other Crudes - Iran,0
Source: Energy Intelligence,"COPYRIGHT © 2001-2021 ENERGY INTELLIGENCE GROUP, INC. / ENERGY INTELLIGENCE GROUP (UK) LIMITED.",2023,Iran,Other Crudes - Iran,0
Source: Energy Intelligence,"COPYRIGHT © 2001-2021 ENERGY INTELLIGENCE GROUP, INC. / ENERGY INTELLIGENCE GROUP (UK) LIMITED.",2022,Iran,Other Crudes - Iran,0
Source: Energy Intelligence,"COPYRIGHT © 2001-2021 ENERGY INTELLIGENCE GROUP, INC. / ENERGY INTELLIGENCE GROUP (UK) LIMITED.",2021,Iran,Other Crudes - Iran,0
Source: Energy Intelligence,"COPYRIGHT © 2001-2021 ENERGY INTELLIGENCE GROUP, INC. / ENERGY INTELLIGENCE GROUP (UK) LIMITED.",2020,Iran,Other Crudes - Iran,0
Source: Energy Intelligence,"COPYRIGHT © 2001-2021 ENERGY INTELLIGENCE GROUP, INC. / ENERGY INTELLIGENCE GROUP (UK) LIMITED.",2019,Iran,Other Crudes - Iran,0
Source: Energy Intelligence,"COPYRIGHT © 2001-2021 ENERGY INTELLIGENCE GROUP, INC. / ENERGY INTELLIGENCE GROUP (UK) LIMITED.",2018,Iran,Other Crudes - Iran,110
Source: Energy Intelligence,"COPYRIGHT © 2001-2021 ENERGY INTELLIGENCE GROUP, INC. / ENERGY INTELLIGENCE GROUP (UK) LIMITED.",2017,Iran,Other Crudes - Iran,130
Source: Energy Intelligence,"COPYRIGHT © 2001-2021 ENERGY INTELLIGENCE GROUP, INC. / ENERGY INTELLIGENCE GROUP (UK) LIMITED.",2016,Iran,Other Crudes - Iran,0
Source: Energy Intelligence,"COPYRIGHT © 2001-2021 ENERGY INTELLIGENCE GROUP, INC. / ENERGY INTELLIGENCE GROUP (UK) LIMITED.",2015,Iran,Other Crudes - Iran,0
Source: Energy Intelligence,"COPYRIGHT © 2001-2021 ENERGY INTELLIGENCE GROUP, INC. / ENERGY INTELLIGENCE GROUP (UK) LIMITED.",2014,Iran,Other Crudes - Iran,10
Source: Energy Intelligence,"COPYRIGHT © 2001-2021 ENERGY INTELLIGENCE GROUP, INC. / ENERGY INTELLIGENCE GROUP (UK) LIMITED.",2013,Iran,Other Crudes - Iran,5
Source: Energy Intelligence,"COPYRIGHT © 2001-2021 ENERGY INTELLIGENCE GROUP, INC. / ENERGY INTELLIGENCE GROUP (UK) LIMITED.",2012,Iran,Other Crudes - Iran,70
Source: Energy Intelligence,"COPYRIGHT © 2001-2021 ENERGY INTELLIGENCE GROUP, INC. / ENERGY INTELLIGENCE GROUP (UK) LIMITED.",2011,Iran,Other Crudes - Iran,160
Source: Energy Intelligence,"COPYRIGHT © 2001-2021 ENERGY INTELLIGENCE GROUP, INC. / ENERGY INTELLIGENCE GROUP (UK) LIMITED.",2010,Iran,Other Crudes - Iran,191
Source: Energy Intelligence,"COPYRIGHT © 2001-2021 ENERGY INTELLIGENCE GROUP, INC. / ENERGY INTELLIGENCE GROUP (UK) LIMITED.",2009,Iran,Other Crudes - Iran,62
Source: Energy Intelligence,"COPYRIGHT © 2001-2021 ENERGY INTELLIGENCE GROUP, INC. / ENERGY INTELLIGENCE GROUP (UK) LIMITED.",2008,Iran,Other Crudes - Iran,208
Source: Energy Intelligence,"COPYRIGHT © 2001-2021 ENERGY INTELLIGENCE GROUP, INC. / ENERGY INTELLIGENCE GROUP (UK) LIMITED.",2007,Iran,Other Crudes - Iran,179
Source: Energy Intelligence,"COPYRIGHT © 2001-2021 ENERGY INTELLIGENCE GROUP, INC. / ENERGY INTELLIGENCE GROUP (UK) LIMITED.",2006,Iran,Other Crudes - Iran,160.6
Source: Energy Intelligence,"COPYRIGHT © 2001-2021 ENERGY INTELLIGENCE GROUP, INC. / ENERGY INTELLIGENCE GROUP (UK) LIMITED.",2024,Russia,Arco,59
Source: Energy Intelligence,"COPYRIGHT © 2001-2021 ENERGY INTELLIGENCE GROUP, INC. / ENERGY INTELLIGENCE GROUP (UK) LIMITED.",2023,Russia,Arco,70
Source: Energy Intelligence,"COPYRIGHT © 2001-2021 ENERGY INTELLIGENCE GROUP, INC. / ENERGY INTELLIGENCE GROUP (UK) LIMITED.",2022,Russia,Arco,69
Source: Energy Intelligence,"COPYRIGHT © 2001-2021 ENERGY INTELLIGENCE GROUP, INC. / ENERGY INTELLIGENCE GROUP (UK) LIMITED.",2024,Brazil,Atapu,103.4
Source: Energy Intelligence,"COPYRIGHT © 2001-2021 ENERGY INTELLIGENCE GROUP, INC. / ENERGY INTELLIGENCE GROUP (UK) LIMITED.",2023,Brazil,Atapu,106.4
Source: Energy Intelligence,"COPYRIGHT © 2001-2021 ENERGY INTELLIGENCE GROUP, INC. / ENERGY INTELLIGENCE GROUP (UK) LIMITED.",2022,Brazil,Atapu,94.8
Source: Energy Intelligence,"COPYRIGHT © 2001-2021 ENERGY INTELLIGENCE GROUP, INC. / ENERGY INTELLIGENCE GROUP (UK) LIMITED.",2021,Brazil,Atapu,80
Source: Energy Intelligence,"COPYRIGHT © 2001-2021 ENERGY INTELLIGENCE GROUP, INC. / ENERGY INTELLIGENCE GROUP (UK) LIMITED.",2020,Brazil,Atapu,8.34
Source: Energy Intelligence,"COPYRIGHT © 2001-2021 ENERGY INTELLIGENCE GROUP, INC. / ENERGY INTELLIGENCE GROUP (UK) LIMITED.",2015,Brazil,Atapu,0
Source: Energy Intelligence,"COPYRIGHT © 2001-2021 ENERGY INTELLIGENCE GROUP, INC. / ENERGY INTELLIGENCE GROUP (UK) LIMITED.",2024,United States,Mars Blend,115
Source: Energy Intelligence,"COPYRIGHT © 2001-2021 ENERGY INTELLIGENCE GROUP, INC. / ENERGY INTELLIGENCE GROUP (UK) LIMITED.",2023,United States,Mars Blend,164
Source: Energy Intelligence,"COPYRIGHT © 2001-2021 ENERGY INTELLIGENCE GROUP, INC. / ENERGY INTELLIGENCE GROUP (UK) LIMITED.",2022,United States,Mars Blend,157
Source: Energy Intelligence,"COPYRIGHT © 2001-2021 ENERGY INTELLIGENCE GROUP, INC. / ENERGY INTELLIGENCE GROUP (UK) LIMITED.",2021,United States,Mars Blend,151
Source: Energy Intelligence,"COPYRIGHT © 2001-2021 ENERGY INTELLIGENCE GROUP, INC. / ENERGY INTELLIGENCE GROUP (UK) LIMITED.",2020,United States,Mars Blend,172
Source: Energy Intelligence,"COPYRIGHT © 2001-2021 ENERGY INTELLIGENCE GROUP, INC. / ENERGY INTELLIGENCE GROUP (UK) LIMITED.",2019,United States,Mars Blend,86
Source: Energy Intelligence,"COPYRIGHT © 2001-2021 ENERGY INTELLIGENCE GROUP, INC. / ENERGY INTELLIGENCE GROUP (UK) LIMITED.",2018,United States,Mars Blend,113
Source: Energy Intelligence,"COPYRIGHT © 2001-2021 ENERGY INTELLIGENCE GROUP, INC. / ENERGY INTELLIGENCE GROUP (UK) LIMITED.",2017,United States,Mars Blend,75
Source: Energy Intelligence,"COPYRIGHT © 2001-2021 ENERGY INTELLIGENCE GROUP, INC. / ENERGY INTELLIGENCE GROUP (UK) LIMITED.",2016,United States,Mars Blend,50
Source: Energy Intelligence,"COPYRIGHT © 2001-2021 ENERGY INTELLIGENCE GROUP, INC. / ENERGY INTELLIGENCE GROUP (UK) LIMITED.",2015,United States,Mars Blend,65
Source: Energy Intelligence,"COPYRIGHT © 2001-2021 ENERGY INTELLIGENCE GROUP, INC. / ENERGY INTELLIGENCE GROUP (UK) LIMITED.",2014,United States,Mars Blend,72
Source: Energy Intelligence,"COPYRIGHT © 2001-2021 ENERGY INTELLIGENCE GROUP, INC. / ENERGY INTELLIGENCE GROUP (UK) LIMITED.",2013,United States,Mars Blend,5
Source: Energy Intelligence,"COPYRIGHT © 2001-2021 ENERGY INTELLIGENCE GROUP, INC. / ENERGY INTELLIGENCE GROUP (UK) LIMITED.",2012,United States,Mars Blend,4
Source: Energy Intelligence,"COPYRIGHT © 2001-2021 ENERGY INTELLIGENCE GROUP, INC. / ENERGY INTELLIGENCE GROUP (UK) LIMITED.",2011,United States,Mars Blend,3
Source: Energy Intelligence,"COPYRIGHT © 2001-2021 ENERGY INTELLIGENCE GROUP, INC. / ENERGY INTELLIGENCE GROUP (UK) LIMITED.",2010,United States,Mars Blend,3
Source: Energy Intelligence,"COPYRIGHT © 2001-2021 ENERGY INTELLIGENCE GROUP, INC. / ENERGY INTELLIGENCE GROUP (UK) LIMITED.",2009,United States,Mars Blend,1
Source: Energy Intelligence,"COPYRIGHT © 2001-2021 ENERGY INTELLIGENCE GROUP, INC. / ENERGY INTELLIGENCE GROUP (UK) LIMITED.",2008,United States,Mars Blend,0
Source: Energy Intelligence,"COPYRIGHT © 2001-2021 ENERGY INTELLIGENCE GROUP, INC. / ENERGY INTELLIGENCE GROUP (UK) LIMITED.",2007,United States,Mars Blend,0
Source: Energy Intelligence,"COPYRIGHT © 2001-2021 ENERGY INTELLIGENCE GROUP, INC. / ENERGY INTELLIGENCE GROUP (UK) LIMITED.",2006,United States,Mars Blend,1
Source: Energy Intelligence,"COPYRIGHT © 2001-2021 ENERGY INTELLIGENCE GROUP, INC. / ENERGY INTELLIGENCE GROUP (UK) LIMITED.",2024,Brunei,Seria Light,22.3
Source: Energy Intelligence,"COPYRIGHT © 2001-2021 ENERGY INTELLIGENCE GROUP, INC. / ENERGY INTELLIGENCE GROUP (UK) LIMITED.",2023,Brunei,Seria Light,21.52
Source: Energy Intelligence,"COPYRIGHT © 2001-2021 ENERGY INTELLIGENCE GROUP, INC. / ENERGY INTELLIGENCE GROUP (UK) LIMITED.",2022,Brunei,Seria Light,20.29
Source: Energy Intelligence,"COPYRIGHT © 2001-2021 ENERGY INTELLIGENCE GROUP, INC. / ENERGY INTELLIGENCE GROUP (UK) LIMITED.",2021,Brunei,Seria Light,30.72
Source: Energy Intelligence,"COPYRIGHT © 2001-2021 ENERGY INTELLIGENCE GROUP, INC. / ENERGY INTELLIGENCE GROUP (UK) LIMITED.",2020,Brunei,Seria Light,40.73
Source: Energy Intelligence,"COPYRIGHT © 2001-2021 ENERGY INTELLIGENCE GROUP, INC. / ENERGY INTELLIGENCE GROUP (UK) LIMITED.",2019,Brunei,Seria Light,51.36
Source: Energy Intelligence,"COPYRIGHT © 2001-2021 ENERGY INTELLIGENCE GROUP, INC. / ENERGY INTELLIGENCE GROUP (UK) LIMITED.",2018,Brunei,Seria Light,54
Source: Energy Intelligence,"COPYRIGHT © 2001-2021 ENERGY INTELLIGENCE GROUP, INC. / ENERGY INTELLIGENCE GROUP (UK) LIMITED.",2017,Brunei,Seria Light,60
Source: Energy Intelligence,"COPYRIGHT © 2001-2021 ENERGY INTELLIGENCE GROUP, INC. / ENERGY INTELLIGENCE GROUP (UK) LIMITED.",2016,Brunei,Seria Light,63.06
Source: Energy Intelligence,"COPYRIGHT © 2001-2021 ENERGY INTELLIGENCE GROUP, INC. / ENERGY INTELLIGENCE GROUP (UK) LIMITED.",2015,Brunei,Seria Light,65.67
Source: Energy Intelligence,"COPYRIGHT © 2001-2021 ENERGY INTELLIGENCE GROUP, INC. / ENERGY INTELLIGENCE GROUP (UK) LIMITED.",2014,Brunei,Seria Light,65.87
Source: Energy Intelligence,"COPYRIGHT © 2001-2021 ENERGY INTELLIGENCE GROUP, INC. / ENERGY INTELLIGENCE GROUP (UK) LIMITED.",2013,Brunei,Seria Light,68.66
Source: Energy Intelligence,"COPYRIGHT © 2001-2021 ENERGY INTELLIGENCE GROUP, INC. / ENERGY INTELLIGENCE GROUP (UK) LIMITED.",2012,Brunei,Seria Light,83.55
Source: Energy Intelligence,"COPYRIGHT © 2001-2021 ENERGY INTELLIGENCE GROUP, INC. / ENERGY INTELLIGENCE GROUP (UK) LIMITED.",2011,Brunei,Seria Light,89.74
Source: Energy Intelligence,"COPYRIGHT © 2001-2021 ENERGY INTELLIGENCE GROUP, INC. / ENERGY INTELLIGENCE GROUP (UK) LIMITED.",2010,Brunei,Seria Light,98.5
Source: Energy Intelligence,"COPYRIGHT © 2001-2021 ENERGY INTELLIGENCE GROUP, INC. / ENERGY INTELLIGENCE GROUP (UK) LIMITED.",2009,Brunei,Seria Light,100
Source: Energy Intelligence,"COPYRIGHT © 2001-2021 ENERGY INTELLIGENCE GROUP, INC. / ENERGY INTELLIGENCE GROUP (UK) LIMITED.",2008,Brunei,Seria Light,92.9
Source: Energy Intelligence,"COPYRIGHT © 2001-2021 ENERGY INTELLIGENCE GROUP, INC. / ENERGY INTELLIGENCE GROUP (UK) LIMITED.",2007,Brunei,Seria Light,93
Source: Energy Intelligence,"COPYRIGHT © 2001-2021 ENERGY INTELLIGENCE GROUP, INC. / ENERGY INTELLIGENCE GROUP (UK) LIMITED.",2006,Brunei,Seria Light,100
Source: Energy Intelligence,"COPYRIGHT © 2001-2021 ENERGY INTELLIGENCE GROUP, INC. / ENERGY INTELLIGENCE GROUP (UK) LIMITED.",2024,Nigeria,Okwuibome,65
Source: Energy Intelligence,"COPYRIGHT © 2001-2021 ENERGY INTELLIGENCE GROUP, INC. / ENERGY INTELLIGENCE GROUP (UK) LIMITED.",2023,Nigeria,Okwuibome,61.7
Source: Energy Intelligence,"COPYRIGHT © 2001-2021 ENERGY INTELLIGENCE GROUP, INC. / ENERGY INTELLIGENCE GROUP (UK) LIMITED.",2024,Venezuela,Boscan,90
Source: Energy Intelligence,"COPYRIGHT © 2001-2021 ENERGY INTELLIGENCE GROUP, INC. / ENERGY INTELLIGENCE GROUP (UK) LIMITED.",2023,Venezuela,Boscan,50
Source: Energy Intelligence,"COPYRIGHT © 2001-2021 ENERGY INTELLIGENCE GROUP, INC. / ENERGY INTELLIGENCE GROUP (UK) LIMITED.",2022,Venezuela,Boscan,27
Source: Energy Intelligence,"COPYRIGHT © 2001-2021 ENERGY INTELLIGENCE GROUP, INC. / ENERGY INTELLIGENCE GROUP (UK) LIMITED.",2021,Venezuela,Boscan,5
Source: Energy Intelligence,"COPYRIGHT © 2001-2021 ENERGY INTELLIGENCE GROUP, INC. / ENERGY INTELLIGENCE GROUP (UK) LIMITED.",2020,Venezuela,Boscan,27
Source: Energy Intelligence,"COPYRIGHT © 2001-2021 ENERGY INTELLIGENCE GROUP, INC. / ENERGY INTELLIGENCE GROUP (UK) LIMITED.",2019,Venezuela,Boscan,47
Source: Energy Intelligence,"COPYRIGHT © 2001-2021 ENERGY INTELLIGENCE GROUP, INC. / ENERGY INTELLIGENCE GROUP (UK) LIMITED.",2018,Venezuela,Boscan,57.95
Source: Energy Intelligence,"COPYRIGHT © 2001-2021 ENERGY INTELLIGENCE GROUP, INC. / ENERGY INTELLIGENCE GROUP (UK) LIMITED.",2017,Venezuela,Boscan,79.7
Source: Energy Intelligence,"COPYRIGHT © 2001-2021 ENERGY INTELLIGENCE GROUP, INC. / ENERGY INTELLIGENCE GROUP (UK) LIMITED.",2016,Venezuela,Boscan,94.23
Source: Energy Intelligence,"COPYRIGHT © 2001-2021 ENERGY INTELLIGENCE GROUP, INC. / ENERGY INTELLIGENCE GROUP (UK) LIMITED.",2015,Venezuela,Boscan,97.85
Source: Energy Intelligence,"COPYRIGHT © 2001-2021 ENERGY INTELLIGENCE GROUP, INC. / ENERGY INTELLIGENCE GROUP (UK) LIMITED.",2014,Venezuela,Boscan,89.27
Source: Energy Intelligence,"COPYRIGHT © 2001-2021 ENERGY INTELLIGENCE GROUP, INC. / ENERGY INTELLIGENCE GROUP (UK) LIMITED.",2013,Venezuela,Boscan,89.27
Source: Energy Intelligence,"COPYRIGHT © 2001-2021 ENERGY INTELLIGENCE GROUP, INC. / ENERGY INTELLIGENCE GROUP (UK) LIMITED.",2012,Venezuela,Boscan,96.3
Source: Energy Intelligence,"COPYRIGHT © 2001-2021 ENERGY INTELLIGENCE GROUP, INC. / ENERGY INTELLIGENCE GROUP (UK) LIMITED.",2011,Venezuela,Boscan,92.7
Source: Energy Intelligence,"COPYRIGHT © 2001-2021 ENERGY INTELLIGENCE GROUP, INC. / ENERGY INTELLIGENCE GROUP (UK) LIMITED.",2010,Venezuela,Boscan,71
Source: Energy Intelligence,"COPYRIGHT © 2001-2021 ENERGY INTELLIGENCE GROUP, INC. / ENERGY INTELLIGENCE GROUP (UK) LIMITED.",2009,Venezuela,Boscan,48
Source: Energy Intelligence,"COPYRIGHT © 2001-2021 ENERGY INTELLIGENCE GROUP, INC. / ENERGY INTELLIGENCE GROUP (UK) LIMITED.",2008,Venezuela,Boscan,76
Source: Energy Intelligence,"COPYRIGHT © 2001-2021 ENERGY INTELLIGENCE GROUP, INC. / ENERGY INTELLIGENCE GROUP (UK) LIMITED.",2007,Venezuela,Boscan,59
Source: Energy Intelligence,"COPYRIGHT © 2001-2021 ENERGY INTELLIGENCE GROUP, INC. / ENERGY INTELLIGENCE GROUP (UK) LIMITED.",2006,Venezuela,Boscan,0
Source: Energy Intelligence,"COPYRIGHT © 2001-2021 ENERGY INTELLIGENCE GROUP, INC. / ENERGY INTELLIGENCE GROUP (UK) LIMITED.",2024,Kuwait,Kuwait Super Light,26
Source: Energy Intelligence,"COPYRIGHT © 2001-2021 ENERGY INTELLIGENCE GROUP, INC. / ENERGY INTELLIGENCE GROUP (UK) LIMITED.",2023,Kuwait,Kuwait Super Light,78
Source: Energy Intelligence,"COPYRIGHT © 2001-2021 ENERGY INTELLIGENCE GROUP, INC. / ENERGY INTELLIGENCE GROUP (UK) LIMITED.",2022,Kuwait,Kuwait Super Light,80
Source: Energy Intelligence,"COPYRIGHT © 2001-2021 ENERGY INTELLIGENCE GROUP, INC. / ENERGY INTELLIGENCE GROUP (UK) LIMITED.",2021,Kuwait,Kuwait Super Light,88
Source: Energy Intelligence,"COPYRIGHT © 2001-2021 ENERGY INTELLIGENCE GROUP, INC. / ENERGY INTELLIGENCE GROUP (UK) LIMITED.",2020,Kuwait,Kuwait Super Light,94
Source: Energy Intelligence,"COPYRIGHT © 2001-2021 ENERGY INTELLIGENCE GROUP, INC. / ENERGY INTELLIGENCE GROUP (UK) LIMITED.",2019,Kuwait,Kuwait Super Light,56.52
Source: Energy Intelligence,"COPYRIGHT © 2001-2021 ENERGY INTELLIGENCE GROUP, INC. / ENERGY INTELLIGENCE GROUP (UK) LIMITED.",2018,Kuwait,Kuwait Super Light,17.24
Source: Energy Intelligence,"COPYRIGHT © 2001-2021 ENERGY INTELLIGENCE GROUP, INC. / ENERGY INTELLIGENCE GROUP (UK) LIMITED.",2024,Angola,Sangos,56.1
Source: Energy Intelligence,"COPYRIGHT © 2001-2021 ENERGY INTELLIGENCE GROUP, INC. / ENERGY INTELLIGENCE GROUP (UK) LIMITED.",2023,Angola,Sangos,54.66
Source: Energy Intelligence,"COPYRIGHT © 2001-2021 ENERGY INTELLIGENCE GROUP, INC. / ENERGY INTELLIGENCE GROUP (UK) LIMITED.",2022,Angola,Sangos,54.66
Source: Energy Intelligence,"COPYRIGHT © 2001-2021 ENERGY INTELLIGENCE GROUP, INC. / ENERGY INTELLIGENCE GROUP (UK) LIMITED.",2021,Angola,Sangos,52.05
Source: Energy Intelligence,"COPYRIGHT © 2001-2021 ENERGY INTELLIGENCE GROUP, INC. / ENERGY INTELLIGENCE GROUP (UK) LIMITED.",2020,Angola,Sangos,62.3
Source: Energy Intelligence,"COPYRIGHT © 2001-2021 ENERGY INTELLIGENCE GROUP, INC. / ENERGY INTELLIGENCE GROUP (UK) LIMITED.",2019,Angola,Sangos,75.48
Source: Energy Intelligence,"COPYRIGHT © 2001-2021 ENERGY INTELLIGENCE GROUP, INC. / ENERGY INTELLIGENCE GROUP (UK) LIMITED.",2018,Angola,Sangos,65.07
Source: Energy Intelligence,"COPYRIGHT © 2001-2021 ENERGY INTELLIGENCE GROUP, INC. / ENERGY INTELLIGENCE GROUP (UK) LIMITED.",2017,Angola,Sangos,65.07
Source: Energy Intelligence,"COPYRIGHT © 2001-2021 ENERGY INTELLIGENCE GROUP, INC. / ENERGY INTELLIGENCE GROUP (UK) LIMITED.",2016,Angola,Sangos,83.06
Source: Energy Intelligence,"COPYRIGHT © 2001-2021 ENERGY INTELLIGENCE GROUP, INC. / ENERGY INTELLIGENCE GROUP (UK) LIMITED.",2015,Angola,Sangos,49.6
Source: Energy Intelligence,"COPYRIGHT © 2001-2021 ENERGY INTELLIGENCE GROUP, INC. / ENERGY INTELLIGENCE GROUP (UK) LIMITED.",2024,Egypt,Western Desert Blend,37.7
Source: Energy Intelligence,"COPYRIGHT © 2001-2021 ENERGY INTELLIGENCE GROUP, INC. / ENERGY INTELLIGENCE GROUP (UK) LIMITED.",2023,Egypt,Western Desert Blend,75.42
Source: Energy Intelligence,"COPYRIGHT © 2001-2021 ENERGY INTELLIGENCE GROUP, INC. / ENERGY INTELLIGENCE GROUP (UK) LIMITED.",2022,Egypt,Western Desert Blend,70
Source: Energy Intelligence,"COPYRIGHT © 2001-2021 ENERGY INTELLIGENCE GROUP, INC. / ENERGY INTELLIGENCE GROUP (UK) LIMITED.",2021,Egypt,Western Desert Blend,92.71
Source: Energy Intelligence,"COPYRIGHT © 2001-2021 ENERGY INTELLIGENCE GROUP, INC. / ENERGY INTELLIGENCE GROUP (UK) LIMITED.",2020,Egypt,Western Desert Blend,82.9
Source: Energy Intelligence,"COPYRIGHT © 2001-2021 ENERGY INTELLIGENCE GROUP, INC. / ENERGY INTELLIGENCE GROUP (UK) LIMITED.",2019,Egypt,Western Desert Blend,69
Source: Energy Intelligence,"COPYRIGHT © 2001-2021 ENERGY INTELLIGENCE GROUP, INC. / ENERGY INTELLIGENCE GROUP (UK) LIMITED.",2018,Egypt,Western Desert Blend,90
Source: Energy Intelligence,"COPYRIGHT © 2001-2021 ENERGY INTELLIGENCE GROUP, INC. / ENERGY INTELLIGENCE GROUP (UK) LIMITED.",2017,Egypt,Western Desert Blend,90
Source: Energy Intelligence,"COPYRIGHT © 2001-2021 ENERGY INTELLIGENCE GROUP, INC. / ENERGY INTELLIGENCE GROUP (UK) LIMITED.",2016,Egypt,Western Desert Blend,87.66
Source: Energy Intelligence,"COPYRIGHT © 2001-2021 ENERGY INTELLIGENCE GROUP, INC. / ENERGY INTELLIGENCE GROUP (UK) LIMITED.",2015,Egypt,Western Desert Blend,57.86
Source: Energy Intelligence,"COPYRIGHT © 2001-2021 ENERGY INTELLIGENCE GROUP, INC. / ENERGY INTELLIGENCE GROUP (UK) LIMITED.",2014,Egypt,Western Desert Blend,45
Source: Energy Intelligence,"COPYRIGHT © 2001-2021 ENERGY INTELLIGENCE GROUP, INC. / ENERGY INTELLIGENCE GROUP (UK) LIMITED.",2013,Egypt,Western Desert Blend,35
Source: Energy Intelligence,"COPYRIGHT © 2001-2021 ENERGY INTELLIGENCE GROUP, INC. / ENERGY INTELLIGENCE GROUP (UK) LIMITED.",2012,Egypt,Western Desert Blend,30
Source: Energy Intelligence,"COPYRIGHT © 2001-2021 ENERGY INTELLIGENCE GROUP, INC. / ENERGY INTELLIGENCE GROUP (UK) LIMITED.",2011,Egypt,Western Desert Blend,30
Source: Energy Intelligence,"COPYRIGHT © 2001-2021 ENERGY INTELLIGENCE GROUP, INC. / ENERGY INTELLIGENCE GROUP (UK) LIMITED.",2010,Egypt,Western Desert Blend,30
Source: Energy Intelligence,"COPYRIGHT © 2001-2021 ENERGY INTELLIGENCE GROUP, INC. / ENERGY INTELLIGENCE GROUP (UK) LIMITED.",2024,Libya,Sirtica,70
Source: Energy Intelligence,"COPYRIGHT © 2001-2021 ENERGY INTELLIGENCE GROUP, INC. / ENERGY INTELLIGENCE GROUP (UK) LIMITED.",2023,Libya,Sirtica,63.3
Source: Energy Intelligence,"COPYRIGHT © 2001-2021 ENERGY INTELLIGENCE GROUP, INC. / ENERGY INTELLIGENCE GROUP (UK) LIMITED.",2022,Libya,Sirtica,59.7
Source: Energy Intelligence,"COPYRIGHT © 2001-2021 ENERGY INTELLIGENCE GROUP, INC. / ENERGY INTELLIGENCE GROUP (UK) LIMITED.",2021,Libya,Sirtica,62
Source: Energy Intelligence,"COPYRIGHT © 2001-2021 ENERGY INTELLIGENCE GROUP, INC. / ENERGY INTELLIGENCE GROUP (UK) LIMITED.",2020,Libya,Sirtica,21
Source: Energy Intelligence,"COPYRIGHT © 2001-2021 ENERGY INTELLIGENCE GROUP, INC. / ENERGY INTELLIGENCE GROUP (UK) LIMITED.",2019,Libya,Sirtica,62
Source: Energy Intelligence,"COPYRIGHT © 2001-2021 ENERGY INTELLIGENCE GROUP, INC. / ENERGY INTELLIGENCE GROUP (UK) LIMITED.",2018,Libya,Sirtica,62
Source: Energy Intelligence,"COPYRIGHT © 2001-2021 ENERGY INTELLIGENCE GROUP, INC. / ENERGY INTELLIGENCE GROUP (UK) LIMITED.",2017,Libya,Sirtica,62
Source: Energy Intelligence,"COPYRIGHT © 2001-2021 ENERGY INTELLIGENCE GROUP, INC. / ENERGY INTELLIGENCE GROUP (UK) LIMITED.",2016,Libya,Sirtica,62
Source: Energy Intelligence,"COPYRIGHT © 2001-2021 ENERGY INTELLIGENCE GROUP, INC. / ENERGY INTELLIGENCE GROUP (UK) LIMITED.",2015,Libya,Sirtica,30
Source: Energy Intelligence,"COPYRIGHT © 2001-2021 ENERGY INTELLIGENCE GROUP, INC. / ENERGY INTELLIGENCE GROUP (UK) LIMITED.",2014,Libya,Sirtica,44
Source: Energy Intelligence,"COPYRIGHT © 2001-2021 ENERGY INTELLIGENCE GROUP, INC. / ENERGY INTELLIGENCE GROUP (UK) LIMITED.",2013,Libya,Sirtica,42
Source: Energy Intelligence,"COPYRIGHT © 2001-2021 ENERGY INTELLIGENCE GROUP, INC. / ENERGY INTELLIGENCE GROUP (UK) LIMITED.",2012,Libya,Sirtica,70
Source: Energy Intelligence,"COPYRIGHT © 2001-2021 ENERGY INTELLIGENCE GROUP, INC. / ENERGY INTELLIGENCE GROUP (UK) LIMITED.",2011,Libya,Sirtica,18
Source: Energy Intelligence,"COPYRIGHT © 2001-2021 ENERGY INTELLIGENCE GROUP, INC. / ENERGY INTELLIGENCE GROUP (UK) LIMITED.",2010,Libya,Sirtica,75
Source: Energy Intelligence,"COPYRIGHT © 2001-2021 ENERGY INTELLIGENCE GROUP, INC. / ENERGY INTELLIGENCE GROUP (UK) LIMITED.",2009,Libya,Sirtica,75
Source: Energy Intelligence,"COPYRIGHT © 2001-2021 ENERGY INTELLIGENCE GROUP, INC. / ENERGY INTELLIGENCE GROUP (UK) LIMITED.",2008,Libya,Sirtica,85
Source: Energy Intelligence,"COPYRIGHT © 2001-2021 ENERGY INTELLIGENCE GROUP, INC. / ENERGY INTELLIGENCE GROUP (UK) LIMITED.",2007,Libya,Sirtica,92
Source: Energy Intelligence,"COPYRIGHT © 2001-2021 ENERGY INTELLIGENCE GROUP, INC. / ENERGY INTELLIGENCE GROUP (UK) LIMITED.",2006,Libya,Sirtica,105
Source: Energy Intelligence,"COPYRIGHT © 2001-2021 ENERGY INTELLIGENCE GROUP, INC. / ENERGY INTELLIGENCE GROUP (UK) LIMITED.",2024,Iran,Nowruz-Soroush,30
Source: Energy Intelligence,"COPYRIGHT © 2001-2021 ENERGY INTELLIGENCE GROUP, INC. / ENERGY INTELLIGENCE GROUP (UK) LIMITED.",2023,Iran,Nowruz-Soroush,12.5
Source: Energy Intelligence,"COPYRIGHT © 2001-2021 ENERGY INTELLIGENCE GROUP, INC. / ENERGY INTELLIGENCE GROUP (UK) LIMITED.",2022,Iran,Nowruz-Soroush,0
Source: Energy Intelligence,"COPYRIGHT © 2001-2021 ENERGY INTELLIGENCE GROUP, INC. / ENERGY INTELLIGENCE GROUP (UK) LIMITED.",2021,Iran,Nowruz-Soroush,0
Source: Energy Intelligence,"COPYRIGHT © 2001-2021 ENERGY INTELLIGENCE GROUP, INC. / ENERGY INTELLIGENCE GROUP (UK) LIMITED.",2020,Iran,Nowruz-Soroush,0
Source: Energy Intelligence,"COPYRIGHT © 2001-2021 ENERGY INTELLIGENCE GROUP, INC. / ENERGY INTELLIGENCE GROUP (UK) LIMITED.",2019,Iran,Nowruz-Soroush,0
Source: Energy Intelligence,"COPYRIGHT © 2001-2021 ENERGY INTELLIGENCE GROUP, INC. / ENERGY INTELLIGENCE GROUP (UK) LIMITED.",2018,Iran,Nowruz-Soroush,60
Source: Energy Intelligence,"COPYRIGHT © 2001-2021 ENERGY INTELLIGENCE GROUP, INC. / ENERGY INTELLIGENCE GROUP (UK) LIMITED.",2017,Iran,Nowruz-Soroush,40
Source: Energy Intelligence,"COPYRIGHT © 2001-2021 ENERGY INTELLIGENCE GROUP, INC. / ENERGY INTELLIGENCE GROUP (UK) LIMITED.",2016,Iran,Nowruz-Soroush,40
Source: Energy Intelligence,"COPYRIGHT © 2001-2021 ENERGY INTELLIGENCE GROUP, INC. / ENERGY INTELLIGENCE GROUP (UK) LIMITED.",2015,Iran,Nowruz-Soroush,25
Source: Energy Intelligence,"COPYRIGHT © 2001-2021 ENERGY INTELLIGENCE GROUP, INC. / ENERGY INTELLIGENCE GROUP (UK) LIMITED.",2014,Iran,Nowruz-Soroush,50
Source: Energy Intelligence,"COPYRIGHT © 2001-2021 ENERGY INTELLIGENCE GROUP, INC. / ENERGY INTELLIGENCE GROUP (UK) LIMITED.",2013,Iran,Nowruz-Soroush,60
Source: Energy Intelligence,"COPYRIGHT © 2001-2021 ENERGY INTELLIGENCE GROUP, INC. / ENERGY INTELLIGENCE GROUP (UK) LIMITED.",2012,Iran,Nowruz-Soroush,70
Source: Energy Intelligence,"COPYRIGHT © 2001-2021 ENERGY INTELLIGENCE GROUP, INC. / ENERGY INTELLIGENCE GROUP (UK) LIMITED.",2011,Iran,Nowruz-Soroush,70
Source: Energy Intelligence,"COPYRIGHT © 2001-2021 ENERGY INTELLIGENCE GROUP, INC. / ENERGY INTELLIGENCE GROUP (UK) LIMITED.",2010,Iran,Nowruz-Soroush,100
Source: Energy Intelligence,"COPYRIGHT © 2001-2021 ENERGY INTELLIGENCE GROUP, INC. / ENERGY INTELLIGENCE GROUP (UK) LIMITED.",2009,Iran,Nowruz-Soroush,150
Source: Energy Intelligence,"COPYRIGHT © 2001-2021 ENERGY INTELLIGENCE GROUP, INC. / ENERGY INTELLIGENCE GROUP (UK) LIMITED.",2008,Iran,Nowruz-Soroush,100
Source: Energy Intelligence,"COPYRIGHT © 2001-2021 ENERGY INTELLIGENCE GROUP, INC. / ENERGY INTELLIGENCE GROUP (UK) LIMITED.",2007,Iran,Nowruz-Soroush,153
Source: Energy Intelligence,"COPYRIGHT © 2001-2021 ENERGY INTELLIGENCE GROUP, INC. / ENERGY INTELLIGENCE GROUP (UK) LIMITED.",2006,Iran,Nowruz-Soroush,180
Source: Energy Intelligence,"COPYRIGHT © 2001-2021 ENERGY INTELLIGENCE GROUP, INC. / ENERGY INTELLIGENCE GROUP (UK) LIMITED.",2024,Gabon,Rabi Blend,44.31
Source: Energy Intelligence,"COPYRIGHT © 2001-2021 ENERGY INTELLIGENCE GROUP, INC. / ENERGY INTELLIGENCE GROUP (UK) LIMITED.",2023,Gabon,Rabi Blend,44.8
Source: Energy Intelligence,"COPYRIGHT © 2001-2021 ENERGY INTELLIGENCE GROUP, INC. / ENERGY INTELLIGENCE GROUP (UK) LIMITED.",2022,Gabon,Rabi Blend,48.52
Source: Energy Intelligence,"COPYRIGHT © 2001-2021 ENERGY INTELLIGENCE GROUP, INC. / ENERGY INTELLIGENCE GROUP (UK) LIMITED.",2021,Gabon,Rabi Blend,48.85
Source: Energy Intelligence,"COPYRIGHT © 2001-2021 ENERGY INTELLIGENCE GROUP, INC. / ENERGY INTELLIGENCE GROUP (UK) LIMITED.",2020,Gabon,Rabi Blend,61.45
Source: Energy Intelligence,"COPYRIGHT © 2001-2021 ENERGY INTELLIGENCE GROUP, INC. / ENERGY INTELLIGENCE GROUP (UK) LIMITED.",2019,Gabon,Rabi Blend,52.6
Source: Energy Intelligence,"COPYRIGHT © 2001-2021 ENERGY INTELLIGENCE GROUP, INC. / ENERGY INTELLIGENCE GROUP (UK) LIMITED.",2018,Gabon,Rabi Blend,54.1
Source: Energy Intelligence,"COPYRIGHT © 2001-2021 ENERGY INTELLIGENCE GROUP, INC. / ENERGY INTELLIGENCE GROUP (UK) LIMITED.",2017,Gabon,Rabi Blend,60
Source: Energy Intelligence,"COPYRIGHT © 2001-2021 ENERGY INTELLIGENCE GROUP, INC. / ENERGY INTELLIGENCE GROUP (UK) LIMITED.",2016,Gabon,Rabi Blend,66.8
Source: Energy Intelligence,"COPYRIGHT © 2001-2021 ENERGY INTELLIGENCE GROUP, INC. / ENERGY INTELLIGENCE GROUP (UK) LIMITED.",2015,Gabon,Rabi Blend,64.9
Source: Energy Intelligence,"COPYRIGHT © 2001-2021 ENERGY INTELLIGENCE GROUP, INC. / ENERGY INTELLIGENCE GROUP (UK) LIMITED.",2014,Gabon,Rabi Blend,53.42
Source: Energy Intelligence,"COPYRIGHT © 2001-2021 ENERGY INTELLIGENCE GROUP, INC. / ENERGY INTELLIGENCE GROUP (UK) LIMITED.",2013,Gabon,Rabi Blend,71.1
Source: Energy Intelligence,"COPYRIGHT © 2001-2021 ENERGY INTELLIGENCE GROUP, INC. / ENERGY INTELLIGENCE GROUP (UK) LIMITED.",2012,Gabon,Rabi Blend,68.83
Source: Energy Intelligence,"COPYRIGHT © 2001-2021 ENERGY INTELLIGENCE GROUP, INC. / ENERGY INTELLIGENCE GROUP (UK) LIMITED.",2011,Gabon,Rabi Blend,75.4
Source: Energy Intelligence,"COPYRIGHT © 2001-2021 ENERGY INTELLIGENCE GROUP, INC. / ENERGY INTELLIGENCE GROUP (UK) LIMITED.",2010,Gabon,Rabi Blend,75
Source: Energy Intelligence,"COPYRIGHT © 2001-2021 ENERGY INTELLIGENCE GROUP, INC. / ENERGY INTELLIGENCE GROUP (UK) LIMITED.",2009,Gabon,Rabi Blend,63
Source: Energy Intelligence,"COPYRIGHT © 2001-2021 ENERGY INTELLIGENCE GROUP, INC. / ENERGY INTELLIGENCE GROUP (UK) LIMITED.",2008,Gabon,Rabi Blend,60
Source: Energy Intelligence,"COPYRIGHT © 2001-2021 ENERGY INTELLIGENCE GROUP, INC. / ENERGY INTELLIGENCE GROUP (UK) LIMITED.",2007,Gabon,Rabi Blend,63
Source: Energy Intelligence,"COPYRIGHT © 2001-2021 ENERGY INTELLIGENCE GROUP, INC. / ENERGY INTELLIGENCE GROUP (UK) LIMITED.",2006,Gabon,Rabi Blend,60
Source: Energy Intelligence,"COPYRIGHT © 2001-2021 ENERGY INTELLIGENCE GROUP, INC. / ENERGY INTELLIGENCE GROUP (UK) LIMITED.",2024,Equatorial Guinea,Ceiba,28
Source: Energy Intelligence,"COPYRIGHT © 2001-2021 ENERGY INTELLIGENCE GROUP, INC. / ENERGY INTELLIGENCE GROUP (UK) LIMITED.",2023,Equatorial Guinea,Ceiba,24.4
Source: Energy Intelligence,"COPYRIGHT © 2001-2021 ENERGY INTELLIGENCE GROUP, INC. / ENERGY INTELLIGENCE GROUP (UK) LIMITED.",2022,Equatorial Guinea,Ceiba,29.32
Source: Energy Intelligence,"COPYRIGHT © 2001-2021 ENERGY INTELLIGENCE GROUP, INC. / ENERGY INTELLIGENCE GROUP (UK) LIMITED.",2021,Equatorial Guinea,Ceiba,35.5
Source: Energy Intelligence,"COPYRIGHT © 2001-2021 ENERGY INTELLIGENCE GROUP, INC. / ENERGY INTELLIGENCE GROUP (UK) LIMITED.",2020,Equatorial Guinea,Ceiba,37.95
Source: Energy Intelligence,"COPYRIGHT © 2001-2021 ENERGY INTELLIGENCE GROUP, INC. / ENERGY INTELLIGENCE GROUP (UK) LIMITED.",2019,Equatorial Guinea,Ceiba,40.82
Source: Energy Intelligence,"COPYRIGHT © 2001-2021 ENERGY INTELLIGENCE GROUP, INC. / ENERGY INTELLIGENCE GROUP (UK) LIMITED.",2018,Equatorial Guinea,Ceiba,46.3
Source: Energy Intelligence,"COPYRIGHT © 2001-2021 ENERGY INTELLIGENCE GROUP, INC. / ENERGY INTELLIGENCE GROUP (UK) LIMITED.",2017,Equatorial Guinea,Ceiba,41.1
Source: Energy Intelligence,"COPYRIGHT © 2001-2021 ENERGY INTELLIGENCE GROUP, INC. / ENERGY INTELLIGENCE GROUP (UK) LIMITED.",2016,Equatorial Guinea,Ceiba,57.4
Source: Energy Intelligence,"COPYRIGHT © 2001-2021 ENERGY INTELLIGENCE GROUP, INC. / ENERGY INTELLIGENCE GROUP (UK) LIMITED.",2015,Equatorial Guinea,Ceiba,62.74
Source: Energy Intelligence,"COPYRIGHT © 2001-2021 ENERGY INTELLIGENCE GROUP, INC. / ENERGY INTELLIGENCE GROUP (UK) LIMITED.",2014,Equatorial Guinea,Ceiba,58
Source: Energy Intelligence,"COPYRIGHT © 2001-2021 ENERGY INTELLIGENCE GROUP, INC. / ENERGY INTELLIGENCE GROUP (UK) LIMITED.",2013,Equatorial Guinea,Ceiba,68.07
Source: Energy Intelligence,"COPYRIGHT © 2001-2021 ENERGY INTELLIGENCE GROUP, INC. / ENERGY INTELLIGENCE GROUP (UK) LIMITED.",2012,Equatorial Guinea,Ceiba,85
Source: Energy Intelligence,"COPYRIGHT © 2001-2021 ENERGY INTELLIGENCE GROUP, INC. / ENERGY INTELLIGENCE GROUP (UK) LIMITED.",2011,Equatorial Guinea,Ceiba,91.58
Source: Energy Intelligence,"COPYRIGHT © 2001-2021 ENERGY INTELLIGENCE GROUP, INC. / ENERGY INTELLIGENCE GROUP (UK) LIMITED.",2010,Equatorial Guinea,Ceiba,114
Source: Energy Intelligence,"COPYRIGHT © 2001-2021 ENERGY INTELLIGENCE GROUP, INC. / ENERGY INTELLIGENCE GROUP (UK) LIMITED.",2009,Equatorial Guinea,Ceiba,106
Source: Energy Intelligence,"COPYRIGHT © 2001-2021 ENERGY INTELLIGENCE GROUP, INC. / ENERGY INTELLIGENCE GROUP (UK) LIMITED.",2008,Equatorial Guinea,Ceiba,72
Source: Energy Intelligence,"COPYRIGHT © 2001-2021 ENERGY INTELLIGENCE GROUP, INC. / ENERGY INTELLIGENCE GROUP (UK) LIMITED.",2007,Equatorial Guinea,Ceiba,89
Source: Energy Intelligence,"COPYRIGHT © 2001-2021 ENERGY INTELLIGENCE GROUP, INC. / ENERGY INTELLIGENCE GROUP (UK) LIMITED.",2006,Equatorial Guinea,Ceiba,40
Source: Energy Intelligence,"COPYRIGHT © 2001-2021 ENERGY INTELLIGENCE GROUP, INC. / ENERGY INTELLIGENCE GROUP (UK) LIMITED.",2024,Brazil,Mero,191.6
Source: Energy Intelligence,"COPYRIGHT © 2001-2021 ENERGY INTELLIGENCE GROUP, INC. / ENERGY INTELLIGENCE GROUP (UK) LIMITED.",2023,Brazil,Mero,112.1
Source: Energy Intelligence,"COPYRIGHT © 2001-2021 ENERGY INTELLIGENCE GROUP, INC. / ENERGY INTELLIGENCE GROUP (UK) LIMITED.",2022,Brazil,Mero,49.8
Source: Energy Intelligence,"COPYRIGHT © 2001-2021 ENERGY INTELLIGENCE GROUP, INC. / ENERGY INTELLIGENCE GROUP (UK) LIMITED.",2021,Brazil,Mero,10.6
Source: Energy Intelligence,"COPYRIGHT © 2001-2021 ENERGY INTELLIGENCE GROUP, INC. / ENERGY INTELLIGENCE GROUP (UK) LIMITED.",2020,Brazil,Mero,20.5
Source: Energy Intelligence,"COPYRIGHT © 2001-2021 ENERGY INTELLIGENCE GROUP, INC. / ENERGY INTELLIGENCE GROUP (UK) LIMITED.",2019,Brazil,Mero,11.7
Source: Energy Intelligence,"COPYRIGHT © 2001-2021 ENERGY INTELLIGENCE GROUP, INC. / ENERGY INTELLIGENCE GROUP (UK) LIMITED.",2018,Brazil,Mero,11.2
Source: Energy Intelligence,"COPYRIGHT © 2001-2021 ENERGY INTELLIGENCE GROUP, INC. / ENERGY INTELLIGENCE GROUP (UK) LIMITED.",2017,Brazil,Mero,
Source: Energy Intelligence,"COPYRIGHT © 2001-2021 ENERGY INTELLIGENCE GROUP, INC. / ENERGY INTELLIGENCE GROUP (UK) LIMITED.",2024,Libya,Abu Attifel,38.6
Source: Energy Intelligence,"COPYRIGHT © 2001-2021 ENERGY INTELLIGENCE GROUP, INC. / ENERGY INTELLIGENCE GROUP (UK) LIMITED.",2023,Libya,Abu Attifel,39
Source: Energy Intelligence,"COPYRIGHT © 2001-2021 ENERGY INTELLIGENCE GROUP, INC. / ENERGY INTELLIGENCE GROUP (UK) LIMITED.",2022,Libya,Abu Attifel,27.9
Source: Energy Intelligence,"COPYRIGHT © 2001-2021 ENERGY INTELLIGENCE GROUP, INC. / ENERGY INTELLIGENCE GROUP (UK) LIMITED.",2021,Libya,Abu Attifel,80
Source: Energy Intelligence,"COPYRIGHT © 2001-2021 ENERGY INTELLIGENCE GROUP, INC. / ENERGY INTELLIGENCE GROUP (UK) LIMITED.",2020,Libya,Abu Attifel,27
Source: Energy Intelligence,"COPYRIGHT © 2001-2021 ENERGY INTELLIGENCE GROUP, INC. / ENERGY INTELLIGENCE GROUP (UK) LIMITED.",2019,Libya,Abu Attifel,80
Source: Energy Intelligence,"COPYRIGHT © 2001-2021 ENERGY INTELLIGENCE GROUP, INC. / ENERGY INTELLIGENCE GROUP (UK) LIMITED.",2018,Libya,Abu Attifel,60
Source: Energy Intelligence,"COPYRIGHT © 2001-2021 ENERGY INTELLIGENCE GROUP, INC. / ENERGY INTELLIGENCE GROUP (UK) LIMITED.",2017,Libya,Abu Attifel,19
Source: Energy Intelligence,"COPYRIGHT © 2001-2021 ENERGY INTELLIGENCE GROUP, INC. / ENERGY INTELLIGENCE GROUP (UK) LIMITED.",2016,Libya,Abu Attifel,14
Source: Energy Intelligence,"COPYRIGHT © 2001-2021 ENERGY INTELLIGENCE GROUP, INC. / ENERGY INTELLIGENCE GROUP (UK) LIMITED.",2015,Libya,Abu Attifel,7
Source: Energy Intelligence,"COPYRIGHT © 2001-2021 ENERGY INTELLIGENCE GROUP, INC. / ENERGY INTELLIGENCE GROUP (UK) LIMITED.",2014,Libya,Abu Attifel,0
Source: Energy Intelligence,"COPYRIGHT © 2001-2021 ENERGY INTELLIGENCE GROUP, INC. / ENERGY INTELLIGENCE GROUP (UK) LIMITED.",2013,Libya,Abu Attifel,58
Source: Energy Intelligence,"COPYRIGHT © 2001-2021 ENERGY INTELLIGENCE GROUP, INC. / ENERGY INTELLIGENCE GROUP (UK) LIMITED.",2012,Libya,Abu Attifel,89.5
Source: Energy Intelligence,"COPYRIGHT © 2001-2021 ENERGY INTELLIGENCE GROUP, INC. / ENERGY INTELLIGENCE GROUP (UK) LIMITED.",2011,Libya,Abu Attifel,20
Source: Energy Intelligence,"COPYRIGHT © 2001-2021 ENERGY INTELLIGENCE GROUP, INC. / ENERGY INTELLIGENCE GROUP (UK) LIMITED.",2010,Libya,Abu Attifel,100
Source: Energy Intelligence,"COPYRIGHT © 2001-2021 ENERGY INTELLIGENCE GROUP, INC. / ENERGY INTELLIGENCE GROUP (UK) LIMITED.",2009,Libya,Abu Attifel,100
Source: Energy Intelligence,"COPYRIGHT © 2001-2021 ENERGY INTELLIGENCE GROUP, INC. / ENERGY INTELLIGENCE GROUP (UK) LIMITED.",2008,Libya,Abu Attifel,120
Source: Energy Intelligence,"COPYRIGHT © 2001-2021 ENERGY INTELLIGENCE GROUP, INC. / ENERGY INTELLIGENCE GROUP (UK) LIMITED.",2007,Libya,Abu Attifel,120
Source: Energy Intelligence,"COPYRIGHT © 2001-2021 ENERGY INTELLIGENCE GROUP, INC. / ENERGY INTELLIGENCE GROUP (UK) LIMITED.",2006,Libya,Abu Attifel,99
Source: Energy Intelligence,"COPYRIGHT © 2001-2021 ENERGY INTELLIGENCE GROUP, INC. / ENERGY INTELLIGENCE GROUP (UK) LIMITED.",2020,Angola,Mondo,31.15
Source: Energy Intelligence,"COPYRIGHT © 2001-2021 ENERGY INTELLIGENCE GROUP, INC. / ENERGY INTELLIGENCE GROUP (UK) LIMITED.",2019,Angola,Mondo,36.44
Source: Energy Intelligence,"COPYRIGHT © 2001-2021 ENERGY INTELLIGENCE GROUP, INC. / ENERGY INTELLIGENCE GROUP (UK) LIMITED.",2018,Angola,Mondo,49.45
Source: Energy Intelligence,"COPYRIGHT © 2001-2021 ENERGY INTELLIGENCE GROUP, INC. / ENERGY INTELLIGENCE GROUP (UK) LIMITED.",2017,Angola,Mondo,67.7
Source: Energy Intelligence,"COPYRIGHT © 2001-2021 ENERGY INTELLIGENCE GROUP, INC. / ENERGY INTELLIGENCE GROUP (UK) LIMITED.",2016,Angola,Mondo,64.89
Source: Energy Intelligence,"COPYRIGHT © 2001-2021 ENERGY INTELLIGENCE GROUP, INC. / ENERGY INTELLIGENCE GROUP (UK) LIMITED.",2015,Angola,Mondo,33.84
Source: Energy Intelligence,"COPYRIGHT © 2001-2021 ENERGY INTELLIGENCE GROUP, INC. / ENERGY INTELLIGENCE GROUP (UK) LIMITED.",2014,Angola,Mondo,32.6
Source: Energy Intelligence,"COPYRIGHT © 2001-2021 ENERGY INTELLIGENCE GROUP, INC. / ENERGY INTELLIGENCE GROUP (UK) LIMITED.",2013,Angola,Mondo,44.27
Source: Energy Intelligence,"COPYRIGHT © 2001-2021 ENERGY INTELLIGENCE GROUP, INC. / ENERGY INTELLIGENCE GROUP (UK) LIMITED.",2012,Angola,Mondo,56.94
Source: Energy Intelligence,"COPYRIGHT © 2001-2021 ENERGY INTELLIGENCE GROUP, INC. / ENERGY INTELLIGENCE GROUP (UK) LIMITED.",2011,Angola,Mondo,67.67
Source: Energy Intelligence,"COPYRIGHT © 2001-2021 ENERGY INTELLIGENCE GROUP, INC. / ENERGY INTELLIGENCE GROUP (UK) LIMITED.",2010,Angola,Mondo,78
Source: Energy Intelligence,"COPYRIGHT © 2001-2021 ENERGY INTELLIGENCE GROUP, INC. / ENERGY INTELLIGENCE GROUP (UK) LIMITED.",2009,Angola,Mondo,93.7
Source: Energy Intelligence,"COPYRIGHT © 2001-2021 ENERGY INTELLIGENCE GROUP, INC. / ENERGY INTELLIGENCE GROUP (UK) LIMITED.",2008,Angola,Mondo,95.01
Source: Energy Intelligence,"COPYRIGHT © 2001-2021 ENERGY INTELLIGENCE GROUP, INC. / ENERGY INTELLIGENCE GROUP (UK) LIMITED.",2022,Venezuela,Petrozuata,0
Source: Energy Intelligence,"COPYRIGHT © 2001-2021 ENERGY INTELLIGENCE GROUP, INC. / ENERGY INTELLIGENCE GROUP (UK) LIMITED.",2021,Venezuela,Petrozuata,0
Source: Energy Intelligence,"COPYRIGHT © 2001-2021 ENERGY INTELLIGENCE GROUP, INC. / ENERGY INTELLIGENCE GROUP (UK) LIMITED.",2020,Venezuela,Petrozuata,0
Source: Energy Intelligence,"COPYRIGHT © 2001-2021 ENERGY INTELLIGENCE GROUP, INC. / ENERGY INTELLIGENCE GROUP (UK) LIMITED.",2019,Venezuela,Petrozuata,0
Source: Energy Intelligence,"COPYRIGHT © 2001-2021 ENERGY INTELLIGENCE GROUP, INC. / ENERGY INTELLIGENCE GROUP (UK) LIMITED.",2018,Venezuela,Petrozuata,29.56
Source: Energy Intelligence,"COPYRIGHT © 2001-2021 ENERGY INTELLIGENCE GROUP, INC. / ENERGY INTELLIGENCE GROUP (UK) LIMITED.",2017,Venezuela,Petrozuata,73.89
Source: Energy Intelligence,"COPYRIGHT © 2001-2021 ENERGY INTELLIGENCE GROUP, INC. / ENERGY INTELLIGENCE GROUP (UK) LIMITED.",2016,Venezuela,Petrozuata,78.24
Source: Energy Intelligence,"COPYRIGHT © 2001-2021 ENERGY INTELLIGENCE GROUP, INC. / ENERGY INTELLIGENCE GROUP (UK) LIMITED.",2015,Venezuela,Petrozuata,88.32
Source: Energy Intelligence,"COPYRIGHT © 2001-2021 ENERGY INTELLIGENCE GROUP, INC. / ENERGY INTELLIGENCE GROUP (UK) LIMITED.",2014,Venezuela,Petrozuata,82.48
Source: Energy Intelligence,"COPYRIGHT © 2001-2021 ENERGY INTELLIGENCE GROUP, INC. / ENERGY INTELLIGENCE GROUP (UK) LIMITED.",2013,Venezuela,Petrozuata,91.8
Source: Energy Intelligence,"COPYRIGHT © 2001-2021 ENERGY INTELLIGENCE GROUP, INC. / ENERGY INTELLIGENCE GROUP (UK) LIMITED.",2012,Venezuela,Petrozuata,96.3
Source: Energy Intelligence,"COPYRIGHT © 2001-2021 ENERGY INTELLIGENCE GROUP, INC. / ENERGY INTELLIGENCE GROUP (UK) LIMITED.",2011,Venezuela,Petrozuata,96.3
Source: Energy Intelligence,"COPYRIGHT © 2001-2021 ENERGY INTELLIGENCE GROUP, INC. / ENERGY INTELLIGENCE GROUP (UK) LIMITED.",2010,Venezuela,Petrozuata,60
Source: Energy Intelligence,"COPYRIGHT © 2001-2021 ENERGY INTELLIGENCE GROUP, INC. / ENERGY INTELLIGENCE GROUP (UK) LIMITED.",2009,Venezuela,Petrozuata,60.79
Source: Energy Intelligence,"COPYRIGHT © 2001-2021 ENERGY INTELLIGENCE GROUP, INC. / ENERGY INTELLIGENCE GROUP (UK) LIMITED.",2008,Venezuela,Petrozuata,69.72
Source: Energy Intelligence,"COPYRIGHT © 2001-2021 ENERGY INTELLIGENCE GROUP, INC. / ENERGY INTELLIGENCE GROUP (UK) LIMITED.",2007,Venezuela,Petrozuata,94
Source: Energy Intelligence,"COPYRIGHT © 2001-2021 ENERGY INTELLIGENCE GROUP, INC. / ENERGY INTELLIGENCE GROUP (UK) LIMITED.",2006,Venezuela,Petrozuata,
Source: Energy Intelligence,"COPYRIGHT © 2001-2021 ENERGY INTELLIGENCE GROUP, INC. / ENERGY INTELLIGENCE GROUP (UK) LIMITED.",2024,Turkmenistan,Other Crudes - Turkmenistan,0
Source: Energy Intelligence,"COPYRIGHT © 2001-2021 ENERGY INTELLIGENCE GROUP, INC. / ENERGY INTELLIGENCE GROUP (UK) LIMITED.",2023,Turkmenistan,Other Crudes - Turkmenistan,0
Source: Energy Intelligence,"COPYRIGHT © 2001-2021 ENERGY INTELLIGENCE GROUP, INC. / ENERGY INTELLIGENCE GROUP (UK) LIMITED.",2022,Turkmenistan,Other Crudes - Turkmenistan,0
Source: Energy Intelligence,"COPYRIGHT © 2001-2021 ENERGY INTELLIGENCE GROUP, INC. / ENERGY INTELLIGENCE GROUP (UK) LIMITED.",2021,Turkmenistan,Other Crudes - Turkmenistan,54
Source: Energy Intelligence,"COPYRIGHT © 2001-2021 ENERGY INTELLIGENCE GROUP, INC. / ENERGY INTELLIGENCE GROUP (UK) LIMITED.",2020,Turkmenistan,Other Crudes - Turkmenistan,22.2
Source: Energy Intelligence,"COPYRIGHT © 2001-2021 ENERGY INTELLIGENCE GROUP, INC. / ENERGY INTELLIGENCE GROUP (UK) LIMITED.",2019,Turkmenistan,Other Crudes - Turkmenistan,44.3
Source: Energy Intelligence,"COPYRIGHT © 2001-2021 ENERGY INTELLIGENCE GROUP, INC. / ENERGY INTELLIGENCE GROUP (UK) LIMITED.",2018,Turkmenistan,Other Crudes - Turkmenistan,54.7
Source: Energy Intelligence,"COPYRIGHT © 2001-2021 ENERGY INTELLIGENCE GROUP, INC. / ENERGY INTELLIGENCE GROUP (UK) LIMITED.",2017,Turkmenistan,Other Crudes - Turkmenistan,72.1
Source: Energy Intelligence,"COPYRIGHT © 2001-2021 ENERGY INTELLIGENCE GROUP, INC. / ENERGY INTELLIGENCE GROUP (UK) LIMITED.",2016,Turkmenistan,Other Crudes - Turkmenistan,63.65
Source: Energy Intelligence,"COPYRIGHT © 2001-2021 ENERGY INTELLIGENCE GROUP, INC. / ENERGY INTELLIGENCE GROUP (UK) LIMITED.",2015,Turkmenistan,Other Crudes - Turkmenistan,67.61
Source: Energy Intelligence,"COPYRIGHT © 2001-2021 ENERGY INTELLIGENCE GROUP, INC. / ENERGY INTELLIGENCE GROUP (UK) LIMITED.",2014,Turkmenistan,Other Crudes - Turkmenistan,82.98
Source: Energy Intelligence,"COPYRIGHT © 2001-2021 ENERGY INTELLIGENCE GROUP, INC. / ENERGY INTELLIGENCE GROUP (UK) LIMITED.",2013,Turkmenistan,Other Crudes - Turkmenistan,86.77
Source: Energy Intelligence,"COPYRIGHT © 2001-2021 ENERGY INTELLIGENCE GROUP, INC. / ENERGY INTELLIGENCE GROUP (UK) LIMITED.",2012,Turkmenistan,Other Crudes - Turkmenistan,83.11
Source: Energy Intelligence,"COPYRIGHT © 2001-2021 ENERGY INTELLIGENCE GROUP, INC. / ENERGY INTELLIGENCE GROUP (UK) LIMITED.",2011,Turkmenistan,Other Crudes - Turkmenistan,78.36
Source: Energy Intelligence,"COPYRIGHT © 2001-2021 ENERGY INTELLIGENCE GROUP, INC. / ENERGY INTELLIGENCE GROUP (UK) LIMITED.",2010,Turkmenistan,Other Crudes - Turkmenistan,78.98
Source: Energy Intelligence,"COPYRIGHT © 2001-2021 ENERGY INTELLIGENCE GROUP, INC. / ENERGY INTELLIGENCE GROUP (UK) LIMITED.",2009,Turkmenistan,Other Crudes - Turkmenistan,86.26
Source: Energy Intelligence,"COPYRIGHT © 2001-2021 ENERGY INTELLIGENCE GROUP, INC. / ENERGY INTELLIGENCE GROUP (UK) LIMITED.",2008,Turkmenistan,Other Crudes - Turkmenistan,79.94
Source: Energy Intelligence,"COPYRIGHT © 2001-2021 ENERGY INTELLIGENCE GROUP, INC. / ENERGY INTELLIGENCE GROUP (UK) LIMITED.",2007,Turkmenistan,Other Crudes - Turkmenistan,58.35
Source: Energy Intelligence,"COPYRIGHT © 2001-2021 ENERGY INTELLIGENCE GROUP, INC. / ENERGY INTELLIGENCE GROUP (UK) LIMITED.",2006,Turkmenistan,Other Crudes - Turkmenistan,62.51
Source: Energy Intelligence,"COPYRIGHT © 2001-2021 ENERGY INTELLIGENCE GROUP, INC. / ENERGY INTELLIGENCE GROUP (UK) LIMITED.",2024,China,Other Crudes - China,41.67
Source: Energy Intelligence,"COPYRIGHT © 2001-2021 ENERGY INTELLIGENCE GROUP, INC. / ENERGY INTELLIGENCE GROUP (UK) LIMITED.",2023,China,Other Crudes - China,28.25
Source: Energy Intelligence,"COPYRIGHT © 2001-2021 ENERGY INTELLIGENCE GROUP, INC. / ENERGY INTELLIGENCE GROUP (UK) LIMITED.",2022,China,Other Crudes - China,41.27
Source: Energy Intelligence,"COPYRIGHT © 2001-2021 ENERGY INTELLIGENCE GROUP, INC. / ENERGY INTELLIGENCE GROUP (UK) LIMITED.",2021,China,Other Crudes - China,52.43
Source: Energy Intelligence,"COPYRIGHT © 2001-2021 ENERGY INTELLIGENCE GROUP, INC. / ENERGY INTELLIGENCE GROUP (UK) LIMITED.",2020,China,Other Crudes - China,32.8
Source: Energy Intelligence,"COPYRIGHT © 2001-2021 ENERGY INTELLIGENCE GROUP, INC. / ENERGY INTELLIGENCE GROUP (UK) LIMITED.",2019,China,Other Crudes - China,16.3
Source: Energy Intelligence,"COPYRIGHT © 2001-2021 ENERGY INTELLIGENCE GROUP, INC. / ENERGY INTELLIGENCE GROUP (UK) LIMITED.",2018,China,Other Crudes - China,52.75
Source: Energy Intelligence,"COPYRIGHT © 2001-2021 ENERGY INTELLIGENCE GROUP, INC. / ENERGY INTELLIGENCE GROUP (UK) LIMITED.",2017,China,Other Crudes - China,97.7
Source: Energy Intelligence,"COPYRIGHT © 2001-2021 ENERGY INTELLIGENCE GROUP, INC. / ENERGY INTELLIGENCE GROUP (UK) LIMITED.",2016,China,Other Crudes - China,59
Source: Energy Intelligence,"COPYRIGHT © 2001-2021 ENERGY INTELLIGENCE GROUP, INC. / ENERGY INTELLIGENCE GROUP (UK) LIMITED.",2015,China,Other Crudes - China,57.54
Source: Energy Intelligence,"COPYRIGHT © 2001-2021 ENERGY INTELLIGENCE GROUP, INC. / ENERGY INTELLIGENCE GROUP (UK) LIMITED.",2014,China,Other Crudes - China,12.54
Source: Energy Intelligence,"COPYRIGHT © 2001-2021 ENERGY INTELLIGENCE GROUP, INC. / ENERGY INTELLIGENCE GROUP (UK) LIMITED.",2013,China,Other Crudes - China,19
Source: Energy Intelligence,"COPYRIGHT © 2001-2021 ENERGY INTELLIGENCE GROUP, INC. / ENERGY INTELLIGENCE GROUP (UK) LIMITED.",2012,China,Other Crudes - China,49
Source: Energy Intelligence,"COPYRIGHT © 2001-2021 ENERGY INTELLIGENCE GROUP, INC. / ENERGY INTELLIGENCE GROUP (UK) LIMITED.",2011,China,Other Crudes - China,51
Source: Energy Intelligence,"COPYRIGHT © 2001-2021 ENERGY INTELLIGENCE GROUP, INC. / ENERGY INTELLIGENCE GROUP (UK) LIMITED.",2010,China,Other Crudes - China,61
Source: Energy Intelligence,"COPYRIGHT © 2001-2021 ENERGY INTELLIGENCE GROUP, INC. / ENERGY INTELLIGENCE GROUP (UK) LIMITED.",2009,China,Other Crudes - China,101
Source: Energy Intelligence,"COPYRIGHT © 2001-2021 ENERGY INTELLIGENCE GROUP, INC. / ENERGY INTELLIGENCE GROUP (UK) LIMITED.",2008,China,Other Crudes - China,78
Source: Energy Intelligence,"COPYRIGHT © 2001-2021 ENERGY INTELLIGENCE GROUP, INC. / ENERGY INTELLIGENCE GROUP (UK) LIMITED.",2007,China,Other Crudes - China,94
Source: Energy Intelligence,"COPYRIGHT © 2001-2021 ENERGY INTELLIGENCE GROUP, INC. / ENERGY INTELLIGENCE GROUP (UK) LIMITED.",2006,China,Other Crudes - China,123
Source: Energy Intelligence,"COPYRIGHT © 2001-2021 ENERGY INTELLIGENCE GROUP, INC. / ENERGY INTELLIGENCE GROUP (UK) LIMITED.",2010,Brazil,Albacora Leste,56
Source: Energy Intelligence,"COPYRIGHT © 2001-2021 ENERGY INTELLIGENCE GROUP, INC. / ENERGY INTELLIGENCE GROUP (UK) LIMITED.",2024,Indonesia,Cepu,26.17
Source: Energy Intelligence,"COPYRIGHT © 2001-2021 ENERGY INTELLIGENCE GROUP, INC. / ENERGY INTELLIGENCE GROUP (UK) LIMITED.",2023,Indonesia,Cepu,34.44
Source: Energy Intelligence,"COPYRIGHT © 2001-2021 ENERGY INTELLIGENCE GROUP, INC. / ENERGY INTELLIGENCE GROUP (UK) LIMITED.",2022,Indonesia,Cepu,30.48
Source: Energy Intelligence,"COPYRIGHT © 2001-2021 ENERGY INTELLIGENCE GROUP, INC. / ENERGY INTELLIGENCE GROUP (UK) LIMITED.",2021,Indonesia,Cepu,108.85
Source: Energy Intelligence,"COPYRIGHT © 2001-2021 ENERGY INTELLIGENCE GROUP, INC. / ENERGY INTELLIGENCE GROUP (UK) LIMITED.",2020,Indonesia,Cepu,75
Source: Energy Intelligence,"COPYRIGHT © 2001-2021 ENERGY INTELLIGENCE GROUP, INC. / ENERGY INTELLIGENCE GROUP (UK) LIMITED.",2019,Indonesia,Cepu,60.03
Source: Energy Intelligence,"COPYRIGHT © 2001-2021 ENERGY INTELLIGENCE GROUP, INC. / ENERGY INTELLIGENCE GROUP (UK) LIMITED.",2018,Indonesia,Cepu,94.5
Source: Energy Intelligence,"COPYRIGHT © 2001-2021 ENERGY INTELLIGENCE GROUP, INC. / ENERGY INTELLIGENCE GROUP (UK) LIMITED.",2017,Indonesia,Cepu,90
Source: Energy Intelligence,"COPYRIGHT © 2001-2021 ENERGY INTELLIGENCE GROUP, INC. / ENERGY INTELLIGENCE GROUP (UK) LIMITED.",2016,Indonesia,Cepu,72
Source: Energy Intelligence,"COPYRIGHT © 2001-2021 ENERGY INTELLIGENCE GROUP, INC. / ENERGY INTELLIGENCE GROUP (UK) LIMITED.",2015,Indonesia,Cepu,43.2
Source: Energy Intelligence,"COPYRIGHT © 2001-2021 ENERGY INTELLIGENCE GROUP, INC. / ENERGY INTELLIGENCE GROUP (UK) LIMITED.",2014,Indonesia,Cepu,18
Source: Energy Intelligence,"COPYRIGHT © 2001-2021 ENERGY INTELLIGENCE GROUP, INC. / ENERGY INTELLIGENCE GROUP (UK) LIMITED.",2013,Indonesia,Cepu,11.38
Source: Energy Intelligence,"COPYRIGHT © 2001-2021 ENERGY INTELLIGENCE GROUP, INC. / ENERGY INTELLIGENCE GROUP (UK) LIMITED.",2012,Indonesia,Cepu,
Source: Energy Intelligence,"COPYRIGHT © 2001-2021 ENERGY INTELLIGENCE GROUP, INC. / ENERGY INTELLIGENCE GROUP (UK) LIMITED.",2011,Indonesia,Cepu,
Source: Energy Intelligence,"COPYRIGHT © 2001-2021 ENERGY INTELLIGENCE GROUP, INC. / ENERGY INTELLIGENCE GROUP (UK) LIMITED.",2010,Indonesia,Cepu,
Source: Energy Intelligence,"COPYRIGHT © 2001-2021 ENERGY INTELLIGENCE GROUP, INC. / ENERGY INTELLIGENCE GROUP (UK) LIMITED.",2009,Indonesia,Cepu,
Source: Energy Intelligence,"COPYRIGHT © 2001-2021 ENERGY INTELLIGENCE GROUP, INC. / ENERGY INTELLIGENCE GROUP (UK) LIMITED.",2024,Vietnam,Bach Ho,17.47
Source: Energy Intelligence,"COPYRIGHT © 2001-2021 ENERGY INTELLIGENCE GROUP, INC. / ENERGY INTELLIGENCE GROUP (UK) LIMITED.",2023,Vietnam,Bach Ho,18.6
Source: Energy Intelligence,"COPYRIGHT © 2001-2021 ENERGY INTELLIGENCE GROUP, INC. / ENERGY INTELLIGENCE GROUP (UK) LIMITED.",2022,Vietnam,Bach Ho,18.07
Source: Energy Intelligence,"COPYRIGHT © 2001-2021 ENERGY INTELLIGENCE GROUP, INC. / ENERGY INTELLIGENCE GROUP (UK) LIMITED.",2021,Vietnam,Bach Ho,23.8
Source: Energy Intelligence,"COPYRIGHT © 2001-2021 ENERGY INTELLIGENCE GROUP, INC. / ENERGY INTELLIGENCE GROUP (UK) LIMITED.",2020,Vietnam,Bach Ho,28.89
Source: Energy Intelligence,"COPYRIGHT © 2001-2021 ENERGY INTELLIGENCE GROUP, INC. / ENERGY INTELLIGENCE GROUP (UK) LIMITED.",2019,Vietnam,Bach Ho,18.4
Source: Energy Intelligence,"COPYRIGHT © 2001-2021 ENERGY INTELLIGENCE GROUP, INC. / ENERGY INTELLIGENCE GROUP (UK) LIMITED.",2018,Vietnam,Bach Ho,24.58
Source: Energy Intelligence,"COPYRIGHT © 2001-2021 ENERGY INTELLIGENCE GROUP, INC. / ENERGY INTELLIGENCE GROUP (UK) LIMITED.",2017,Vietnam,Bach Ho,28
Source: Energy Intelligence,"COPYRIGHT © 2001-2021 ENERGY INTELLIGENCE GROUP, INC. / ENERGY INTELLIGENCE GROUP (UK) LIMITED.",2016,Vietnam,Bach Ho,35.49
Source: Energy Intelligence,"COPYRIGHT © 2001-2021 ENERGY INTELLIGENCE GROUP, INC. / ENERGY INTELLIGENCE GROUP (UK) LIMITED.",2015,Vietnam,Bach Ho,40
Source: Energy Intelligence,"COPYRIGHT © 2001-2021 ENERGY INTELLIGENCE GROUP, INC. / ENERGY INTELLIGENCE GROUP (UK) LIMITED.",2014,Vietnam,Bach Ho,25
Source: Energy Intelligence,"COPYRIGHT © 2001-2021 ENERGY INTELLIGENCE GROUP, INC. / ENERGY INTELLIGENCE GROUP (UK) LIMITED.",2013,Vietnam,Bach Ho,32.4
Source: Energy Intelligence,"COPYRIGHT © 2001-2021 ENERGY INTELLIGENCE GROUP, INC. / ENERGY INTELLIGENCE GROUP (UK) LIMITED.",2012,Vietnam,Bach Ho,35
Source: Energy Intelligence,"COPYRIGHT © 2001-2021 ENERGY INTELLIGENCE GROUP, INC. / ENERGY INTELLIGENCE GROUP (UK) LIMITED.",2011,Vietnam,Bach Ho,35
Source: Energy Intelligence,"COPYRIGHT © 2001-2021 ENERGY INTELLIGENCE GROUP, INC. / ENERGY INTELLIGENCE GROUP (UK) LIMITED.",2010,Vietnam,Bach Ho,40
Source: Energy Intelligence,"COPYRIGHT © 2001-2021 ENERGY INTELLIGENCE GROUP, INC. / ENERGY INTELLIGENCE GROUP (UK) LIMITED.",2009,Vietnam,Bach Ho,81
Source: Energy Intelligence,"COPYRIGHT © 2001-2021 ENERGY INTELLIGENCE GROUP, INC. / ENERGY INTELLIGENCE GROUP (UK) LIMITED.",2008,Vietnam,Bach Ho,155
Source: Energy Intelligence,"COPYRIGHT © 2001-2021 ENERGY INTELLIGENCE GROUP, INC. / ENERGY INTELLIGENCE GROUP (UK) LIMITED.",2007,Vietnam,Bach Ho,173
Source: Energy Intelligence,"COPYRIGHT © 2001-2021 ENERGY INTELLIGENCE GROUP, INC. / ENERGY INTELLIGENCE GROUP (UK) LIMITED.",2006,Vietnam,Bach Ho,220
Source: Energy Intelligence,"COPYRIGHT © 2001-2021 ENERGY INTELLIGENCE GROUP, INC. / ENERGY INTELLIGENCE GROUP (UK) LIMITED.",2013,Australia,Bayu-Undan,40
Source: Energy Intelligence,"COPYRIGHT © 2001-2021 ENERGY INTELLIGENCE GROUP, INC. / ENERGY INTELLIGENCE GROUP (UK) LIMITED.",2012,Australia,Bayu-Undan,49.9
Source: Energy Intelligence,"COPYRIGHT © 2001-2021 ENERGY INTELLIGENCE GROUP, INC. / ENERGY INTELLIGENCE GROUP (UK) LIMITED.",2011,Australia,Bayu-Undan,57.1
Source: Energy Intelligence,"COPYRIGHT © 2001-2021 ENERGY INTELLIGENCE GROUP, INC. / ENERGY INTELLIGENCE GROUP (UK) LIMITED.",2010,Australia,Bayu-Undan,55
Source: Energy Intelligence,"COPYRIGHT © 2001-2021 ENERGY INTELLIGENCE GROUP, INC. / ENERGY INTELLIGENCE GROUP (UK) LIMITED.",2009,Australia,Bayu-Undan,61.2
Source: Energy Intelligence,"COPYRIGHT © 2001-2021 ENERGY INTELLIGENCE GROUP, INC. / ENERGY INTELLIGENCE GROUP (UK) LIMITED.",2008,Australia,Bayu-Undan,65
Source: Energy Intelligence,"COPYRIGHT © 2001-2021 ENERGY INTELLIGENCE GROUP, INC. / ENERGY INTELLIGENCE GROUP (UK) LIMITED.",2007,Australia,Bayu-Undan,55
Source: Energy Intelligence,"COPYRIGHT © 2001-2021 ENERGY INTELLIGENCE GROUP, INC. / ENERGY INTELLIGENCE GROUP (UK) LIMITED.",2006,Australia,Bayu-Undan,56
Source: Energy Intelligence,"COPYRIGHT © 2001-2021 ENERGY INTELLIGENCE GROUP, INC. / ENERGY INTELLIGENCE GROUP (UK) LIMITED.",2024,Indonesia,Minas,11
Source: Energy Intelligence,"COPYRIGHT © 2001-2021 ENERGY INTELLIGENCE GROUP, INC. / ENERGY INTELLIGENCE GROUP (UK) LIMITED.",2023,Indonesia,Minas,3
Source: Energy Intelligence,"COPYRIGHT © 2001-2021 ENERGY INTELLIGENCE GROUP, INC. / ENERGY INTELLIGENCE GROUP (UK) LIMITED.",2022,Indonesia,Minas,0.25
Source: Energy Intelligence,"COPYRIGHT © 2001-2021 ENERGY INTELLIGENCE GROUP, INC. / ENERGY INTELLIGENCE GROUP (UK) LIMITED.",2021,Indonesia,Minas,19
Source: Energy Intelligence,"COPYRIGHT © 2001-2021 ENERGY INTELLIGENCE GROUP, INC. / ENERGY INTELLIGENCE GROUP (UK) LIMITED.",2020,Indonesia,Minas,7
Source: Energy Intelligence,"COPYRIGHT © 2001-2021 ENERGY INTELLIGENCE GROUP, INC. / ENERGY INTELLIGENCE GROUP (UK) LIMITED.",2019,Indonesia,Minas,6
Source: Energy Intelligence,"COPYRIGHT © 2001-2021 ENERGY INTELLIGENCE GROUP, INC. / ENERGY INTELLIGENCE GROUP (UK) LIMITED.",2018,Indonesia,Minas,58
Source: Energy Intelligence,"COPYRIGHT © 2001-2021 ENERGY INTELLIGENCE GROUP, INC. / ENERGY INTELLIGENCE GROUP (UK) LIMITED.",2017,Indonesia,Minas,63
Source: Energy Intelligence,"COPYRIGHT © 2001-2021 ENERGY INTELLIGENCE GROUP, INC. / ENERGY INTELLIGENCE GROUP (UK) LIMITED.",2016,Indonesia,Minas,58.4
Source: Energy Intelligence,"COPYRIGHT © 2001-2021 ENERGY INTELLIGENCE GROUP, INC. / ENERGY INTELLIGENCE GROUP (UK) LIMITED.",2015,Indonesia,Minas,66.18
Source: Energy Intelligence,"COPYRIGHT © 2001-2021 ENERGY INTELLIGENCE GROUP, INC. / ENERGY INTELLIGENCE GROUP (UK) LIMITED.",2014,Indonesia,Minas,75
Source: Energy Intelligence,"COPYRIGHT © 2001-2021 ENERGY INTELLIGENCE GROUP, INC. / ENERGY INTELLIGENCE GROUP (UK) LIMITED.",2013,Indonesia,Minas,80
Source: Energy Intelligence,"COPYRIGHT © 2001-2021 ENERGY INTELLIGENCE GROUP, INC. / ENERGY INTELLIGENCE GROUP (UK) LIMITED.",2012,Indonesia,Minas,85
Source: Energy Intelligence,"COPYRIGHT © 2001-2021 ENERGY INTELLIGENCE GROUP, INC. / ENERGY INTELLIGENCE GROUP (UK) LIMITED.",2011,Indonesia,Minas,75
Source: Energy Intelligence,"COPYRIGHT © 2001-2021 ENERGY INTELLIGENCE GROUP, INC. / ENERGY INTELLIGENCE GROUP (UK) LIMITED.",2010,Indonesia,Minas,65
Source: Energy Intelligence,"COPYRIGHT © 2001-2021 ENERGY INTELLIGENCE GROUP, INC. / ENERGY INTELLIGENCE GROUP (UK) LIMITED.",2009,Indonesia,Minas,75
Source: Energy Intelligence,"COPYRIGHT © 2001-2021 ENERGY INTELLIGENCE GROUP, INC. / ENERGY INTELLIGENCE GROUP (UK) LIMITED.",2008,Indonesia,Minas,73.85
Source: Energy Intelligence,"COPYRIGHT © 2001-2021 ENERGY INTELLIGENCE GROUP, INC. / ENERGY INTELLIGENCE GROUP (UK) LIMITED.",2007,Indonesia,Minas,102
Source: Energy Intelligence,"COPYRIGHT © 2001-2021 ENERGY INTELLIGENCE GROUP, INC. / ENERGY INTELLIGENCE GROUP (UK) LIMITED.",2006,Indonesia,Minas,113.6
Source: Energy Intelligence,"COPYRIGHT © 2001-2021 ENERGY INTELLIGENCE GROUP, INC. / ENERGY INTELLIGENCE GROUP (UK) LIMITED.",2020,Angola,Saxi Batuque,38.93
Source: Energy Intelligence,"COPYRIGHT © 2001-2021 ENERGY INTELLIGENCE GROUP, INC. / ENERGY INTELLIGENCE GROUP (UK) LIMITED.",2019,Angola,Saxi Batuque,39.04
Source: Energy Intelligence,"COPYRIGHT © 2001-2021 ENERGY INTELLIGENCE GROUP, INC. / ENERGY INTELLIGENCE GROUP (UK) LIMITED.",2018,Angola,Saxi Batuque,33.84
Source: Energy Intelligence,"COPYRIGHT © 2001-2021 ENERGY INTELLIGENCE GROUP, INC. / ENERGY INTELLIGENCE GROUP (UK) LIMITED.",2017,Angola,Saxi Batuque,39
Source: Energy Intelligence,"COPYRIGHT © 2001-2021 ENERGY INTELLIGENCE GROUP, INC. / ENERGY INTELLIGENCE GROUP (UK) LIMITED.",2016,Angola,Saxi Batuque,33.74
Source: Energy Intelligence,"COPYRIGHT © 2001-2021 ENERGY INTELLIGENCE GROUP, INC. / ENERGY INTELLIGENCE GROUP (UK) LIMITED.",2015,Angola,Saxi Batuque,39.04
Source: Energy Intelligence,"COPYRIGHT © 2001-2021 ENERGY INTELLIGENCE GROUP, INC. / ENERGY INTELLIGENCE GROUP (UK) LIMITED.",2014,Angola,Saxi Batuque,48.22
Source: Energy Intelligence,"COPYRIGHT © 2001-2021 ENERGY INTELLIGENCE GROUP, INC. / ENERGY INTELLIGENCE GROUP (UK) LIMITED.",2013,Angola,Saxi Batuque,56.95
Source: Energy Intelligence,"COPYRIGHT © 2001-2021 ENERGY INTELLIGENCE GROUP, INC. / ENERGY INTELLIGENCE GROUP (UK) LIMITED.",2012,Angola,Saxi Batuque,72.68
Source: Energy Intelligence,"COPYRIGHT © 2001-2021 ENERGY INTELLIGENCE GROUP, INC. / ENERGY INTELLIGENCE GROUP (UK) LIMITED.",2011,Angola,Saxi Batuque,85.89
Source: Energy Intelligence,"COPYRIGHT © 2001-2021 ENERGY INTELLIGENCE GROUP, INC. / ENERGY INTELLIGENCE GROUP (UK) LIMITED.",2010,Angola,Saxi Batuque,88.77
Source: Energy Intelligence,"COPYRIGHT © 2001-2021 ENERGY INTELLIGENCE GROUP, INC. / ENERGY INTELLIGENCE GROUP (UK) LIMITED.",2009,Angola,Saxi Batuque,91.37
Source: Energy Intelligence,"COPYRIGHT © 2001-2021 ENERGY INTELLIGENCE GROUP, INC. / ENERGY INTELLIGENCE GROUP (UK) LIMITED.",2008,Angola,Saxi Batuque,41.53
Source: Energy Intelligence,"COPYRIGHT © 2001-2021 ENERGY INTELLIGENCE GROUP, INC. / ENERGY INTELLIGENCE GROUP (UK) LIMITED.",2024,Vietnam,Su Tu Den,24.95
Source: Energy Intelligence,"COPYRIGHT © 2001-2021 ENERGY INTELLIGENCE GROUP, INC. / ENERGY INTELLIGENCE GROUP (UK) LIMITED.",2023,Vietnam,Su Tu Den,30.51
Source: Energy Intelligence,"COPYRIGHT © 2001-2021 ENERGY INTELLIGENCE GROUP, INC. / ENERGY INTELLIGENCE GROUP (UK) LIMITED.",2022,Vietnam,Su Tu Den,33.79
Source: Energy Intelligence,"COPYRIGHT © 2001-2021 ENERGY INTELLIGENCE GROUP, INC. / ENERGY INTELLIGENCE GROUP (UK) LIMITED.",2021,Vietnam,Su Tu Den,33.41
Source: Energy Intelligence,"COPYRIGHT © 2001-2021 ENERGY INTELLIGENCE GROUP, INC. / ENERGY INTELLIGENCE GROUP (UK) LIMITED.",2020,Vietnam,Su Tu Den,35.9
Source: Energy Intelligence,"COPYRIGHT © 2001-2021 ENERGY INTELLIGENCE GROUP, INC. / ENERGY INTELLIGENCE GROUP (UK) LIMITED.",2019,Vietnam,Su Tu Den,34.4
Source: Energy Intelligence,"COPYRIGHT © 2001-2021 ENERGY INTELLIGENCE GROUP, INC. / ENERGY INTELLIGENCE GROUP (UK) LIMITED.",2018,Vietnam,Su Tu Den,40.31
Source: Energy Intelligence,"COPYRIGHT © 2001-2021 ENERGY INTELLIGENCE GROUP, INC. / ENERGY INTELLIGENCE GROUP (UK) LIMITED.",2017,Vietnam,Su Tu Den,39.99
Source: Energy Intelligence,"COPYRIGHT © 2001-2021 ENERGY INTELLIGENCE GROUP, INC. / ENERGY INTELLIGENCE GROUP (UK) LIMITED.",2016,Vietnam,Su Tu Den,55.37
Source: Energy Intelligence,"COPYRIGHT © 2001-2021 ENERGY INTELLIGENCE GROUP, INC. / ENERGY INTELLIGENCE GROUP (UK) LIMITED.",2015,Vietnam,Su Tu Den,56
Source: Energy Intelligence,"COPYRIGHT © 2001-2021 ENERGY INTELLIGENCE GROUP, INC. / ENERGY INTELLIGENCE GROUP (UK) LIMITED.",2014,Vietnam,Su Tu Den,88
Source: Energy Intelligence,"COPYRIGHT © 2001-2021 ENERGY INTELLIGENCE GROUP, INC. / ENERGY INTELLIGENCE GROUP (UK) LIMITED.",2013,Vietnam,Su Tu Den,91.72
Source: Energy Intelligence,"COPYRIGHT © 2001-2021 ENERGY INTELLIGENCE GROUP, INC. / ENERGY INTELLIGENCE GROUP (UK) LIMITED.",2012,Vietnam,Su Tu Den,85
Source: Energy Intelligence,"COPYRIGHT © 2001-2021 ENERGY INTELLIGENCE GROUP, INC. / ENERGY INTELLIGENCE GROUP (UK) LIMITED.",2011,Vietnam,Su Tu Den,75
Source: Energy Intelligence,"COPYRIGHT © 2001-2021 ENERGY INTELLIGENCE GROUP, INC. / ENERGY INTELLIGENCE GROUP (UK) LIMITED.",2010,Vietnam,Su Tu Den,60
Source: Energy Intelligence,"COPYRIGHT © 2001-2021 ENERGY INTELLIGENCE GROUP, INC. / ENERGY INTELLIGENCE GROUP (UK) LIMITED.",2009,Vietnam,Su Tu Den,93
Source: Energy Intelligence,"COPYRIGHT © 2001-2021 ENERGY INTELLIGENCE GROUP, INC. / ENERGY INTELLIGENCE GROUP (UK) LIMITED.",2008,Vietnam,Su Tu Den,55
Source: Energy Intelligence,"COPYRIGHT © 2001-2021 ENERGY INTELLIGENCE GROUP, INC. / ENERGY INTELLIGENCE GROUP (UK) LIMITED.",2007,Vietnam,Su Tu Den,50
Source: Energy Intelligence,"COPYRIGHT © 2001-2021 ENERGY INTELLIGENCE GROUP, INC. / ENERGY INTELLIGENCE GROUP (UK) LIMITED.",2006,Vietnam,Su Tu Den,50
Source: Energy Intelligence,"COPYRIGHT © 2001-2021 ENERGY INTELLIGENCE GROUP, INC. / ENERGY INTELLIGENCE GROUP (UK) LIMITED.",2024,Congo (Brazzaville),Nkossa,18
Source: Energy Intelligence,"COPYRIGHT © 2001-2021 ENERGY INTELLIGENCE GROUP, INC. / ENERGY INTELLIGENCE GROUP (UK) LIMITED.",2023,Congo (Brazzaville),Nkossa,31.23
Source: Energy Intelligence,"COPYRIGHT © 2001-2021 ENERGY INTELLIGENCE GROUP, INC. / ENERGY INTELLIGENCE GROUP (UK) LIMITED.",2022,Congo (Brazzaville),Nkossa,39.01
Source: Energy Intelligence,"COPYRIGHT © 2001-2021 ENERGY INTELLIGENCE GROUP, INC. / ENERGY INTELLIGENCE GROUP (UK) LIMITED.",2021,Congo (Brazzaville),Nkossa,38.92
Source: Energy Intelligence,"COPYRIGHT © 2001-2021 ENERGY INTELLIGENCE GROUP, INC. / ENERGY INTELLIGENCE GROUP (UK) LIMITED.",2020,Congo (Brazzaville),Nkossa,44.04
Source: Energy Intelligence,"COPYRIGHT © 2001-2021 ENERGY INTELLIGENCE GROUP, INC. / ENERGY INTELLIGENCE GROUP (UK) LIMITED.",2019,Congo (Brazzaville),Nkossa,49.45
Source: Energy Intelligence,"COPYRIGHT © 2001-2021 ENERGY INTELLIGENCE GROUP, INC. / ENERGY INTELLIGENCE GROUP (UK) LIMITED.",2018,Congo (Brazzaville),Nkossa,49.45
Source: Energy Intelligence,"COPYRIGHT © 2001-2021 ENERGY INTELLIGENCE GROUP, INC. / ENERGY INTELLIGENCE GROUP (UK) LIMITED.",2017,Congo (Brazzaville),Nkossa,44.25
Source: Energy Intelligence,"COPYRIGHT © 2001-2021 ENERGY INTELLIGENCE GROUP, INC. / ENERGY INTELLIGENCE GROUP (UK) LIMITED.",2016,Congo (Brazzaville),Nkossa,38.93
Source: Energy Intelligence,"COPYRIGHT © 2001-2021 ENERGY INTELLIGENCE GROUP, INC. / ENERGY INTELLIGENCE GROUP (UK) LIMITED.",2015,Congo (Brazzaville),Nkossa,44.25
Source: Energy Intelligence,"COPYRIGHT © 2001-2021 ENERGY INTELLIGENCE GROUP, INC. / ENERGY INTELLIGENCE GROUP (UK) LIMITED.",2014,Congo (Brazzaville),Nkossa,46.77
Source: Energy Intelligence,"COPYRIGHT © 2001-2021 ENERGY INTELLIGENCE GROUP, INC. / ENERGY INTELLIGENCE GROUP (UK) LIMITED.",2013,Congo (Brazzaville),Nkossa,46.77
Source: Energy Intelligence,"COPYRIGHT © 2001-2021 ENERGY INTELLIGENCE GROUP, INC. / ENERGY INTELLIGENCE GROUP (UK) LIMITED.",2012,Congo (Brazzaville),Nkossa,54.34
Source: Energy Intelligence,"COPYRIGHT © 2001-2021 ENERGY INTELLIGENCE GROUP, INC. / ENERGY INTELLIGENCE GROUP (UK) LIMITED.",2011,Congo (Brazzaville),Nkossa,62.38
Source: Energy Intelligence,"COPYRIGHT © 2001-2021 ENERGY INTELLIGENCE GROUP, INC. / ENERGY INTELLIGENCE GROUP (UK) LIMITED.",2010,Congo (Brazzaville),Nkossa,81
Source: Energy Intelligence,"COPYRIGHT © 2001-2021 ENERGY INTELLIGENCE GROUP, INC. / ENERGY INTELLIGENCE GROUP (UK) LIMITED.",2009,Congo (Brazzaville),Nkossa,73
Source: Energy Intelligence,"COPYRIGHT © 2001-2021 ENERGY INTELLIGENCE GROUP, INC. / ENERGY INTELLIGENCE GROUP (UK) LIMITED.",2008,Congo (Brazzaville),Nkossa,88
Source: Energy Intelligence,"COPYRIGHT © 2001-2021 ENERGY INTELLIGENCE GROUP, INC. / ENERGY INTELLIGENCE GROUP (UK) LIMITED.",2007,Congo (Brazzaville),Nkossa,76
Source: Energy Intelligence,"COPYRIGHT © 2001-2021 ENERGY INTELLIGENCE GROUP, INC. / ENERGY INTELLIGENCE GROUP (UK) LIMITED.",2006,Congo (Brazzaville),Nkossa,106
Source: Energy Intelligence,"COPYRIGHT © 2001-2021 ENERGY INTELLIGENCE GROUP, INC. / ENERGY INTELLIGENCE GROUP (UK) LIMITED.",2008,Nigeria,Oso Condensate,43.46
Source: Energy Intelligence,"COPYRIGHT © 2001-2021 ENERGY INTELLIGENCE GROUP, INC. / ENERGY INTELLIGENCE GROUP (UK) LIMITED.",2007,Nigeria,Oso Condensate,53.01
Source: Energy Intelligence,"COPYRIGHT © 2001-2021 ENERGY INTELLIGENCE GROUP, INC. / ENERGY INTELLIGENCE GROUP (UK) LIMITED.",2006,Nigeria,Oso Condensate,65.89
Source: Energy Intelligence,"COPYRIGHT © 2001-2021 ENERGY INTELLIGENCE GROUP, INC. / ENERGY INTELLIGENCE GROUP (UK) LIMITED.",2024,Colombia,Apiay,61.5
Source: Energy Intelligence,"COPYRIGHT © 2001-2021 ENERGY INTELLIGENCE GROUP, INC. / ENERGY INTELLIGENCE GROUP (UK) LIMITED.",2023,Colombia,Apiay,51.8
Source: Energy Intelligence,"COPYRIGHT © 2001-2021 ENERGY INTELLIGENCE GROUP, INC. / ENERGY INTELLIGENCE GROUP (UK) LIMITED.",2022,Colombia,Apiay,49
Source: Energy Intelligence,"COPYRIGHT © 2001-2021 ENERGY INTELLIGENCE GROUP, INC. / ENERGY INTELLIGENCE GROUP (UK) LIMITED.",2024,Brazil,Peregrino,79.6
Source: Energy Intelligence,"COPYRIGHT © 2001-2021 ENERGY INTELLIGENCE GROUP, INC. / ENERGY INTELLIGENCE GROUP (UK) LIMITED.",2023,Brazil,Peregrino,85.2
Source: Energy Intelligence,"COPYRIGHT © 2001-2021 ENERGY INTELLIGENCE GROUP, INC. / ENERGY INTELLIGENCE GROUP (UK) LIMITED.",2022,Brazil,Peregrino,27.7
Source: Energy Intelligence,"COPYRIGHT © 2001-2021 ENERGY INTELLIGENCE GROUP, INC. / ENERGY INTELLIGENCE GROUP (UK) LIMITED.",2020,Brazil,Peregrino,15.46
Source: Energy Intelligence,"COPYRIGHT © 2001-2021 ENERGY INTELLIGENCE GROUP, INC. / ENERGY INTELLIGENCE GROUP (UK) LIMITED.",2019,Brazil,Peregrino,61.15
Source: Energy Intelligence,"COPYRIGHT © 2001-2021 ENERGY INTELLIGENCE GROUP, INC. / ENERGY INTELLIGENCE GROUP (UK) LIMITED.",2018,Brazil,Peregrino,61.73
Source: Energy Intelligence,"COPYRIGHT © 2001-2021 ENERGY INTELLIGENCE GROUP, INC. / ENERGY INTELLIGENCE GROUP (UK) LIMITED.",2017,Brazil,Peregrino,66.85
Source: Energy Intelligence,"COPYRIGHT © 2001-2021 ENERGY INTELLIGENCE GROUP, INC. / ENERGY INTELLIGENCE GROUP (UK) LIMITED.",2016,Brazil,Peregrino,62.49
Source: Energy Intelligence,"COPYRIGHT © 2001-2021 ENERGY INTELLIGENCE GROUP, INC. / ENERGY INTELLIGENCE GROUP (UK) LIMITED.",2015,Brazil,Peregrino,72.49
Source: Energy Intelligence,"COPYRIGHT © 2001-2021 ENERGY INTELLIGENCE GROUP, INC. / ENERGY INTELLIGENCE GROUP (UK) LIMITED.",2014,Brazil,Peregrino,74.49
Source: Energy Intelligence,"COPYRIGHT © 2001-2021 ENERGY INTELLIGENCE GROUP, INC. / ENERGY INTELLIGENCE GROUP (UK) LIMITED.",2013,Brazil,Peregrino,71.81
Source: Energy Intelligence,"COPYRIGHT © 2001-2021 ENERGY INTELLIGENCE GROUP, INC. / ENERGY INTELLIGENCE GROUP (UK) LIMITED.",2012,Brazil,Peregrino,61.35
Source: Energy Intelligence,"COPYRIGHT © 2001-2021 ENERGY INTELLIGENCE GROUP, INC. / ENERGY INTELLIGENCE GROUP (UK) LIMITED.",2011,Brazil,Peregrino,15.72
Source: Energy Intelligence,"COPYRIGHT © 2001-2021 ENERGY INTELLIGENCE GROUP, INC. / ENERGY INTELLIGENCE GROUP (UK) LIMITED.",2010,Brazil,Peregrino,0
Source: Energy Intelligence,"COPYRIGHT © 2001-2021 ENERGY INTELLIGENCE GROUP, INC. / ENERGY INTELLIGENCE GROUP (UK) LIMITED.",2016,Malaysia,Kikeh,10.5
Source: Energy Intelligence,"COPYRIGHT © 2001-2021 ENERGY INTELLIGENCE GROUP, INC. / ENERGY INTELLIGENCE GROUP (UK) LIMITED.",2015,Malaysia,Kikeh,26.25
Source: Energy Intelligence,"COPYRIGHT © 2001-2021 ENERGY INTELLIGENCE GROUP, INC. / ENERGY INTELLIGENCE GROUP (UK) LIMITED.",2014,Malaysia,Kikeh,30.25
Source: Energy Intelligence,"COPYRIGHT © 2001-2021 ENERGY INTELLIGENCE GROUP, INC. / ENERGY INTELLIGENCE GROUP (UK) LIMITED.",2013,Malaysia,Kikeh,50.5
Source: Energy Intelligence,"COPYRIGHT © 2001-2021 ENERGY INTELLIGENCE GROUP, INC. / ENERGY INTELLIGENCE GROUP (UK) LIMITED.",2012,Malaysia,Kikeh,65.83
Source: Energy Intelligence,"COPYRIGHT © 2001-2021 ENERGY INTELLIGENCE GROUP, INC. / ENERGY INTELLIGENCE GROUP (UK) LIMITED.",2011,Malaysia,Kikeh,61.75
Source: Energy Intelligence,"COPYRIGHT © 2001-2021 ENERGY INTELLIGENCE GROUP, INC. / ENERGY INTELLIGENCE GROUP (UK) LIMITED.",2010,Malaysia,Kikeh,98
Source: Energy Intelligence,"COPYRIGHT © 2001-2021 ENERGY INTELLIGENCE GROUP, INC. / ENERGY INTELLIGENCE GROUP (UK) LIMITED.",2009,Malaysia,Kikeh,70
Source: Energy Intelligence,"COPYRIGHT © 2001-2021 ENERGY INTELLIGENCE GROUP, INC. / ENERGY INTELLIGENCE GROUP (UK) LIMITED.",2008,Malaysia,Kikeh,70
Source: Energy Intelligence,"COPYRIGHT © 2001-2021 ENERGY INTELLIGENCE GROUP, INC. / ENERGY INTELLIGENCE GROUP (UK) LIMITED.",2007,Malaysia,Kikeh,
Source: Energy Intelligence,"COPYRIGHT © 2001-2021 ENERGY INTELLIGENCE GROUP, INC. / ENERGY INTELLIGENCE GROUP (UK) LIMITED.",2024,Malaysia,Tapis,27.7
Source: Energy Intelligence,"COPYRIGHT © 2001-2021 ENERGY INTELLIGENCE GROUP, INC. / ENERGY INTELLIGENCE GROUP (UK) LIMITED.",2023,Malaysia,Tapis,30.94
Source: Energy Intelligence,"COPYRIGHT © 2001-2021 ENERGY INTELLIGENCE GROUP, INC. / ENERGY INTELLIGENCE GROUP (UK) LIMITED.",2022,Malaysia,Tapis,29.59
Source: Energy Intelligence,"COPYRIGHT © 2001-2021 ENERGY INTELLIGENCE GROUP, INC. / ENERGY INTELLIGENCE GROUP (UK) LIMITED.",2021,Malaysia,Tapis,9.3
Source: Energy Intelligence,"COPYRIGHT © 2001-2021 ENERGY INTELLIGENCE GROUP, INC. / ENERGY INTELLIGENCE GROUP (UK) LIMITED.",2020,Malaysia,Tapis,36
Source: Energy Intelligence,"COPYRIGHT © 2001-2021 ENERGY INTELLIGENCE GROUP, INC. / ENERGY INTELLIGENCE GROUP (UK) LIMITED.",2019,Malaysia,Tapis,37
Source: Energy Intelligence,"COPYRIGHT © 2001-2021 ENERGY INTELLIGENCE GROUP, INC. / ENERGY INTELLIGENCE GROUP (UK) LIMITED.",2018,Malaysia,Tapis,35
Source: Energy Intelligence,"COPYRIGHT © 2001-2021 ENERGY INTELLIGENCE GROUP, INC. / ENERGY INTELLIGENCE GROUP (UK) LIMITED.",2017,Malaysia,Tapis,35
Source: Energy Intelligence,"COPYRIGHT © 2001-2021 ENERGY INTELLIGENCE GROUP, INC. / ENERGY INTELLIGENCE GROUP (UK) LIMITED.",2016,Malaysia,Tapis,40
Source: Energy Intelligence,"COPYRIGHT © 2001-2021 ENERGY INTELLIGENCE GROUP, INC. / ENERGY INTELLIGENCE GROUP (UK) LIMITED.",2015,Malaysia,Tapis,40.99
Source: Energy Intelligence,"COPYRIGHT © 2001-2021 ENERGY INTELLIGENCE GROUP, INC. / ENERGY INTELLIGENCE GROUP (UK) LIMITED.",2014,Malaysia,Tapis,43
Source: Energy Intelligence,"COPYRIGHT © 2001-2021 ENERGY INTELLIGENCE GROUP, INC. / ENERGY INTELLIGENCE GROUP (UK) LIMITED.",2013,Malaysia,Tapis,46
Source: Energy Intelligence,"COPYRIGHT © 2001-2021 ENERGY INTELLIGENCE GROUP, INC. / ENERGY INTELLIGENCE GROUP (UK) LIMITED.",2012,Malaysia,Tapis,49.99
Source: Energy Intelligence,"COPYRIGHT © 2001-2021 ENERGY INTELLIGENCE GROUP, INC. / ENERGY INTELLIGENCE GROUP (UK) LIMITED.",2011,Malaysia,Tapis,48.01
Source: Energy Intelligence,"COPYRIGHT © 2001-2021 ENERGY INTELLIGENCE GROUP, INC. / ENERGY INTELLIGENCE GROUP (UK) LIMITED.",2010,Malaysia,Tapis,58
Source: Energy Intelligence,"COPYRIGHT © 2001-2021 ENERGY INTELLIGENCE GROUP, INC. / ENERGY INTELLIGENCE GROUP (UK) LIMITED.",2009,Malaysia,Tapis,76.5
Source: Energy Intelligence,"COPYRIGHT © 2001-2021 ENERGY INTELLIGENCE GROUP, INC. / ENERGY INTELLIGENCE GROUP (UK) LIMITED.",2008,Malaysia,Tapis,99
Source: Energy Intelligence,"COPYRIGHT © 2001-2021 ENERGY INTELLIGENCE GROUP, INC. / ENERGY INTELLIGENCE GROUP (UK) LIMITED.",2007,Malaysia,Tapis,139.95
Source: Energy Intelligence,"COPYRIGHT © 2001-2021 ENERGY INTELLIGENCE GROUP, INC. / ENERGY INTELLIGENCE GROUP (UK) LIMITED.",2006,Malaysia,Tapis,135
Source: Energy Intelligence,"COPYRIGHT © 2001-2021 ENERGY INTELLIGENCE GROUP, INC. / ENERGY INTELLIGENCE GROUP (UK) LIMITED.",2024,Kazakhstan,Kumkol,17.98
Source: Energy Intelligence,"COPYRIGHT © 2001-2021 ENERGY INTELLIGENCE GROUP, INC. / ENERGY INTELLIGENCE GROUP (UK) LIMITED.",2023,Kazakhstan,Kumkol,20.58
Source: Energy Intelligence,"COPYRIGHT © 2001-2021 ENERGY INTELLIGENCE GROUP, INC. / ENERGY INTELLIGENCE GROUP (UK) LIMITED.",2022,Kazakhstan,Kumkol,22.48
Source: Energy Intelligence,"COPYRIGHT © 2001-2021 ENERGY INTELLIGENCE GROUP, INC. / ENERGY INTELLIGENCE GROUP (UK) LIMITED.",2021,Kazakhstan,Kumkol,25.44
Source: Energy Intelligence,"COPYRIGHT © 2001-2021 ENERGY INTELLIGENCE GROUP, INC. / ENERGY INTELLIGENCE GROUP (UK) LIMITED.",2020,Kazakhstan,Kumkol,27.97
Source: Energy Intelligence,"COPYRIGHT © 2001-2021 ENERGY INTELLIGENCE GROUP, INC. / ENERGY INTELLIGENCE GROUP (UK) LIMITED.",2019,Kazakhstan,Kumkol,36.66
Source: Energy Intelligence,"COPYRIGHT © 2001-2021 ENERGY INTELLIGENCE GROUP, INC. / ENERGY INTELLIGENCE GROUP (UK) LIMITED.",2018,Kazakhstan,Kumkol,43.31
Source: Energy Intelligence,"COPYRIGHT © 2001-2021 ENERGY INTELLIGENCE GROUP, INC. / ENERGY INTELLIGENCE GROUP (UK) LIMITED.",2017,Kazakhstan,Kumkol,48.12
Source: Energy Intelligence,"COPYRIGHT © 2001-2021 ENERGY INTELLIGENCE GROUP, INC. / ENERGY INTELLIGENCE GROUP (UK) LIMITED.",2016,Kazakhstan,Kumkol,53.68
Source: Energy Intelligence,"COPYRIGHT © 2001-2021 ENERGY INTELLIGENCE GROUP, INC. / ENERGY INTELLIGENCE GROUP (UK) LIMITED.",2015,Kazakhstan,Kumkol,61.1
Source: Energy Intelligence,"COPYRIGHT © 2001-2021 ENERGY INTELLIGENCE GROUP, INC. / ENERGY INTELLIGENCE GROUP (UK) LIMITED.",2014,Kazakhstan,Kumkol,60.2
Source: Energy Intelligence,"COPYRIGHT © 2001-2021 ENERGY INTELLIGENCE GROUP, INC. / ENERGY INTELLIGENCE GROUP (UK) LIMITED.",2013,Kazakhstan,Kumkol,59.26
Source: Energy Intelligence,"COPYRIGHT © 2001-2021 ENERGY INTELLIGENCE GROUP, INC. / ENERGY INTELLIGENCE GROUP (UK) LIMITED.",2012,Kazakhstan,Kumkol,85
Source: Energy Intelligence,"COPYRIGHT © 2001-2021 ENERGY INTELLIGENCE GROUP, INC. / ENERGY INTELLIGENCE GROUP (UK) LIMITED.",2011,Kazakhstan,Kumkol,90
Source: Energy Intelligence,"COPYRIGHT © 2001-2021 ENERGY INTELLIGENCE GROUP, INC. / ENERGY INTELLIGENCE GROUP (UK) LIMITED.",2010,Kazakhstan,Kumkol,95
Source: Energy Intelligence,"COPYRIGHT © 2001-2021 ENERGY INTELLIGENCE GROUP, INC. / ENERGY INTELLIGENCE GROUP (UK) LIMITED.",2009,Kazakhstan,Kumkol,90
Source: Energy Intelligence,"COPYRIGHT © 2001-2021 ENERGY INTELLIGENCE GROUP, INC. / ENERGY INTELLIGENCE GROUP (UK) LIMITED.",2008,Kazakhstan,Kumkol,
Source: Energy Intelligence,"COPYRIGHT © 2001-2021 ENERGY INTELLIGENCE GROUP, INC. / ENERGY INTELLIGENCE GROUP (UK) LIMITED.",2007,Kazakhstan,Kumkol,
Source: Energy Intelligence,"COPYRIGHT © 2001-2021 ENERGY INTELLIGENCE GROUP, INC. / ENERGY INTELLIGENCE GROUP (UK) LIMITED.",2006,Kazakhstan,Kumkol,
Source: Energy Intelligence,"COPYRIGHT © 2001-2021 ENERGY INTELLIGENCE GROUP, INC. / ENERGY INTELLIGENCE GROUP (UK) LIMITED.",2024,Iran,Sirri,30
Source: Energy Intelligence,"COPYRIGHT © 2001-2021 ENERGY INTELLIGENCE GROUP, INC. / ENERGY INTELLIGENCE GROUP (UK) LIMITED.",2023,Iran,Sirri,30
Source: Energy Intelligence,"COPYRIGHT © 2001-2021 ENERGY INTELLIGENCE GROUP, INC. / ENERGY INTELLIGENCE GROUP (UK) LIMITED.",2022,Iran,Sirri,0
Source: Energy Intelligence,"COPYRIGHT © 2001-2021 ENERGY INTELLIGENCE GROUP, INC. / ENERGY INTELLIGENCE GROUP (UK) LIMITED.",2021,Iran,Sirri,0
Source: Energy Intelligence,"COPYRIGHT © 2001-2021 ENERGY INTELLIGENCE GROUP, INC. / ENERGY INTELLIGENCE GROUP (UK) LIMITED.",2020,Iran,Sirri,0
Source: Energy Intelligence,"COPYRIGHT © 2001-2021 ENERGY INTELLIGENCE GROUP, INC. / ENERGY INTELLIGENCE GROUP (UK) LIMITED.",2019,Iran,Sirri,0
Source: Energy Intelligence,"COPYRIGHT © 2001-2021 ENERGY INTELLIGENCE GROUP, INC. / ENERGY INTELLIGENCE GROUP (UK) LIMITED.",2018,Iran,Sirri,75
Source: Energy Intelligence,"COPYRIGHT © 2001-2021 ENERGY INTELLIGENCE GROUP, INC. / ENERGY INTELLIGENCE GROUP (UK) LIMITED.",2017,Iran,Sirri,33
Source: Energy Intelligence,"COPYRIGHT © 2001-2021 ENERGY INTELLIGENCE GROUP, INC. / ENERGY INTELLIGENCE GROUP (UK) LIMITED.",2016,Iran,Sirri,45
Source: Energy Intelligence,"COPYRIGHT © 2001-2021 ENERGY INTELLIGENCE GROUP, INC. / ENERGY INTELLIGENCE GROUP (UK) LIMITED.",2015,Iran,Sirri,35
Source: Energy Intelligence,"COPYRIGHT © 2001-2021 ENERGY INTELLIGENCE GROUP, INC. / ENERGY INTELLIGENCE GROUP (UK) LIMITED.",2014,Iran,Sirri,50
Source: Energy Intelligence,"COPYRIGHT © 2001-2021 ENERGY INTELLIGENCE GROUP, INC. / ENERGY INTELLIGENCE GROUP (UK) LIMITED.",2013,Iran,Sirri,55
Source: Energy Intelligence,"COPYRIGHT © 2001-2021 ENERGY INTELLIGENCE GROUP, INC. / ENERGY INTELLIGENCE GROUP (UK) LIMITED.",2012,Iran,Sirri,60
Source: Energy Intelligence,"COPYRIGHT © 2001-2021 ENERGY INTELLIGENCE GROUP, INC. / ENERGY INTELLIGENCE GROUP (UK) LIMITED.",2011,Iran,Sirri,75
Source: Energy Intelligence,"COPYRIGHT © 2001-2021 ENERGY INTELLIGENCE GROUP, INC. / ENERGY INTELLIGENCE GROUP (UK) LIMITED.",2010,Iran,Sirri,100
Source: Energy Intelligence,"COPYRIGHT © 2001-2021 ENERGY INTELLIGENCE GROUP, INC. / ENERGY INTELLIGENCE GROUP (UK) LIMITED.",2009,Iran,Sirri,100
Source: Energy Intelligence,"COPYRIGHT © 2001-2021 ENERGY INTELLIGENCE GROUP, INC. / ENERGY INTELLIGENCE GROUP (UK) LIMITED.",2008,Iran,Sirri,100
Source: Energy Intelligence,"COPYRIGHT © 2001-2021 ENERGY INTELLIGENCE GROUP, INC. / ENERGY INTELLIGENCE GROUP (UK) LIMITED.",2007,Iran,Sirri,100
Source: Energy Intelligence,"COPYRIGHT © 2001-2021 ENERGY INTELLIGENCE GROUP, INC. / ENERGY INTELLIGENCE GROUP (UK) LIMITED.",2006,Iran,Sirri,101
Source: Energy Intelligence,"COPYRIGHT © 2001-2021 ENERGY INTELLIGENCE GROUP, INC. / ENERGY INTELLIGENCE GROUP (UK) LIMITED.",2011,Angola,Kuito,63.26
Source: Energy Intelligence,"COPYRIGHT © 2001-2021 ENERGY INTELLIGENCE GROUP, INC. / ENERGY INTELLIGENCE GROUP (UK) LIMITED.",2010,Angola,Kuito,55.62
Source: Energy Intelligence,"COPYRIGHT © 2001-2021 ENERGY INTELLIGENCE GROUP, INC. / ENERGY INTELLIGENCE GROUP (UK) LIMITED.",2009,Angola,Kuito,55.4
Source: Energy Intelligence,"COPYRIGHT © 2001-2021 ENERGY INTELLIGENCE GROUP, INC. / ENERGY INTELLIGENCE GROUP (UK) LIMITED.",2008,Angola,Kuito,53.84
Source: Energy Intelligence,"COPYRIGHT © 2001-2021 ENERGY INTELLIGENCE GROUP, INC. / ENERGY INTELLIGENCE GROUP (UK) LIMITED.",2007,Angola,Kuito,38.9
Source: Energy Intelligence,"COPYRIGHT © 2001-2021 ENERGY INTELLIGENCE GROUP, INC. / ENERGY INTELLIGENCE GROUP (UK) LIMITED.",2006,Angola,Kuito,44.25
Source: Energy Intelligence,"COPYRIGHT © 2001-2021 ENERGY INTELLIGENCE GROUP, INC. / ENERGY INTELLIGENCE GROUP (UK) LIMITED.",2024,Australia,Ichthys Condensate,41.4
Source: Energy Intelligence,"COPYRIGHT © 2001-2021 ENERGY INTELLIGENCE GROUP, INC. / ENERGY INTELLIGENCE GROUP (UK) LIMITED.",2023,Australia,Ichthys Condensate,45.8
Source: Energy Intelligence,"COPYRIGHT © 2001-2021 ENERGY INTELLIGENCE GROUP, INC. / ENERGY INTELLIGENCE GROUP (UK) LIMITED.",2022,Australia,Ichthys Condensate,43.6
Source: Energy Intelligence,"COPYRIGHT © 2001-2021 ENERGY INTELLIGENCE GROUP, INC. / ENERGY INTELLIGENCE GROUP (UK) LIMITED.",2021,Australia,Ichthys Condensate,62.87
Source: Energy Intelligence,"COPYRIGHT © 2001-2021 ENERGY INTELLIGENCE GROUP, INC. / ENERGY INTELLIGENCE GROUP (UK) LIMITED.",2020,Australia,Ichthys Condensate,58.7
Source: Energy Intelligence,"COPYRIGHT © 2001-2021 ENERGY INTELLIGENCE GROUP, INC. / ENERGY INTELLIGENCE GROUP (UK) LIMITED.",2019,Australia,Ichthys Condensate,50.3
Source: Energy Intelligence,"COPYRIGHT © 2001-2021 ENERGY INTELLIGENCE GROUP, INC. / ENERGY INTELLIGENCE GROUP (UK) LIMITED.",2024,Algeria,Other Crudes - Algeria,61.4
Source: Energy Intelligence,"COPYRIGHT © 2001-2021 ENERGY INTELLIGENCE GROUP, INC. / ENERGY INTELLIGENCE GROUP (UK) LIMITED.",2023,Algeria,Other Crudes - Algeria,32.54
Source: Energy Intelligence,"COPYRIGHT © 2001-2021 ENERGY INTELLIGENCE GROUP, INC. / ENERGY INTELLIGENCE GROUP (UK) LIMITED.",2022,Algeria,Other Crudes - Algeria,0
Source: Energy Intelligence,"COPYRIGHT © 2001-2021 ENERGY INTELLIGENCE GROUP, INC. / ENERGY INTELLIGENCE GROUP (UK) LIMITED.",2021,Algeria,Other Crudes - Algeria,36.81
Source: Energy Intelligence,"COPYRIGHT © 2001-2021 ENERGY INTELLIGENCE GROUP, INC. / ENERGY INTELLIGENCE GROUP (UK) LIMITED.",2020,Algeria,Other Crudes - Algeria,7.75
Source: Energy Intelligence,"COPYRIGHT © 2001-2021 ENERGY INTELLIGENCE GROUP, INC. / ENERGY INTELLIGENCE GROUP (UK) LIMITED.",2019,Algeria,Other Crudes - Algeria,32.74
Source: Energy Intelligence,"COPYRIGHT © 2001-2021 ENERGY INTELLIGENCE GROUP, INC. / ENERGY INTELLIGENCE GROUP (UK) LIMITED.",2018,Algeria,Other Crudes - Algeria,32.74
Source: Energy Intelligence,"COPYRIGHT © 2001-2021 ENERGY INTELLIGENCE GROUP, INC. / ENERGY INTELLIGENCE GROUP (UK) LIMITED.",2017,Algeria,Other Crudes - Algeria,81.09
Source: Energy Intelligence,"COPYRIGHT © 2001-2021 ENERGY INTELLIGENCE GROUP, INC. / ENERGY INTELLIGENCE GROUP (UK) LIMITED.",2016,Algeria,Other Crudes - Algeria,83.75
Source: Energy Intelligence,"COPYRIGHT © 2001-2021 ENERGY INTELLIGENCE GROUP, INC. / ENERGY INTELLIGENCE GROUP (UK) LIMITED.",2015,Algeria,Other Crudes - Algeria,178.93
Source: Energy Intelligence,"COPYRIGHT © 2001-2021 ENERGY INTELLIGENCE GROUP, INC. / ENERGY INTELLIGENCE GROUP (UK) LIMITED.",2014,Algeria,Other Crudes - Algeria,157.22
Source: Energy Intelligence,"COPYRIGHT © 2001-2021 ENERGY INTELLIGENCE GROUP, INC. / ENERGY INTELLIGENCE GROUP (UK) LIMITED.",2013,Algeria,Other Crudes - Algeria,34
Source: Energy Intelligence,"COPYRIGHT © 2001-2021 ENERGY INTELLIGENCE GROUP, INC. / ENERGY INTELLIGENCE GROUP (UK) LIMITED.",2012,Algeria,Other Crudes - Algeria,35
Source: Energy Intelligence,"COPYRIGHT © 2001-2021 ENERGY INTELLIGENCE GROUP, INC. / ENERGY INTELLIGENCE GROUP (UK) LIMITED.",2011,Algeria,Other Crudes - Algeria,20
Source: Energy Intelligence,"COPYRIGHT © 2001-2021 ENERGY INTELLIGENCE GROUP, INC. / ENERGY INTELLIGENCE GROUP (UK) LIMITED.",2010,Algeria,Other Crudes - Algeria,20
Source: Energy Intelligence,"COPYRIGHT © 2001-2021 ENERGY INTELLIGENCE GROUP, INC. / ENERGY INTELLIGENCE GROUP (UK) LIMITED.",2009,Algeria,Other Crudes - Algeria,17
Source: Energy Intelligence,"COPYRIGHT © 2001-2021 ENERGY INTELLIGENCE GROUP, INC. / ENERGY INTELLIGENCE GROUP (UK) LIMITED.",2008,Algeria,Other Crudes - Algeria,18.84
Source: Energy Intelligence,"COPYRIGHT © 2001-2021 ENERGY INTELLIGENCE GROUP, INC. / ENERGY INTELLIGENCE GROUP (UK) LIMITED.",2007,Algeria,Other Crudes - Algeria,50
Source: Energy Intelligence,"COPYRIGHT © 2001-2021 ENERGY INTELLIGENCE GROUP, INC. / ENERGY INTELLIGENCE GROUP (UK) LIMITED.",2006,Algeria,Other Crudes - Algeria,34
Source: Energy Intelligence,"COPYRIGHT © 2001-2021 ENERGY INTELLIGENCE GROUP, INC. / ENERGY INTELLIGENCE GROUP (UK) LIMITED.",2024,Iran,Lavan Blend,17.5
Source: Energy Intelligence,"COPYRIGHT © 2001-2021 ENERGY INTELLIGENCE GROUP, INC. / ENERGY INTELLIGENCE GROUP (UK) LIMITED.",2023,Iran,Lavan Blend,17.5
Source: Energy Intelligence,"COPYRIGHT © 2001-2021 ENERGY INTELLIGENCE GROUP, INC. / ENERGY INTELLIGENCE GROUP (UK) LIMITED.",2022,Iran,Lavan Blend,0
Source: Energy Intelligence,"COPYRIGHT © 2001-2021 ENERGY INTELLIGENCE GROUP, INC. / ENERGY INTELLIGENCE GROUP (UK) LIMITED.",2021,Iran,Lavan Blend,0
Source: Energy Intelligence,"COPYRIGHT © 2001-2021 ENERGY INTELLIGENCE GROUP, INC. / ENERGY INTELLIGENCE GROUP (UK) LIMITED.",2020,Iran,Lavan Blend,0
Source: Energy Intelligence,"COPYRIGHT © 2001-2021 ENERGY INTELLIGENCE GROUP, INC. / ENERGY INTELLIGENCE GROUP (UK) LIMITED.",2019,Iran,Lavan Blend,0
Source: Energy Intelligence,"COPYRIGHT © 2001-2021 ENERGY INTELLIGENCE GROUP, INC. / ENERGY INTELLIGENCE GROUP (UK) LIMITED.",2018,Iran,Lavan Blend,65
Source: Energy Intelligence,"COPYRIGHT © 2001-2021 ENERGY INTELLIGENCE GROUP, INC. / ENERGY INTELLIGENCE GROUP (UK) LIMITED.",2017,Iran,Lavan Blend,60
Source: Energy Intelligence,"COPYRIGHT © 2001-2021 ENERGY INTELLIGENCE GROUP, INC. / ENERGY INTELLIGENCE GROUP (UK) LIMITED.",2016,Iran,Lavan Blend,60
Source: Energy Intelligence,"COPYRIGHT © 2001-2021 ENERGY INTELLIGENCE GROUP, INC. / ENERGY INTELLIGENCE GROUP (UK) LIMITED.",2015,Iran,Lavan Blend,31
Source: Energy Intelligence,"COPYRIGHT © 2001-2021 ENERGY INTELLIGENCE GROUP, INC. / ENERGY INTELLIGENCE GROUP (UK) LIMITED.",2014,Iran,Lavan Blend,50
Source: Energy Intelligence,"COPYRIGHT © 2001-2021 ENERGY INTELLIGENCE GROUP, INC. / ENERGY INTELLIGENCE GROUP (UK) LIMITED.",2013,Iran,Lavan Blend,60
Source: Energy Intelligence,"COPYRIGHT © 2001-2021 ENERGY INTELLIGENCE GROUP, INC. / ENERGY INTELLIGENCE GROUP (UK) LIMITED.",2012,Iran,Lavan Blend,75
Source: Energy Intelligence,"COPYRIGHT © 2001-2021 ENERGY INTELLIGENCE GROUP, INC. / ENERGY INTELLIGENCE GROUP (UK) LIMITED.",2011,Iran,Lavan Blend,105
Source: Energy Intelligence,"COPYRIGHT © 2001-2021 ENERGY INTELLIGENCE GROUP, INC. / ENERGY INTELLIGENCE GROUP (UK) LIMITED.",2010,Iran,Lavan Blend,72
Source: Energy Intelligence,"COPYRIGHT © 2001-2021 ENERGY INTELLIGENCE GROUP, INC. / ENERGY INTELLIGENCE GROUP (UK) LIMITED.",2009,Iran,Lavan Blend,62
Source: Energy Intelligence,"COPYRIGHT © 2001-2021 ENERGY INTELLIGENCE GROUP, INC. / ENERGY INTELLIGENCE GROUP (UK) LIMITED.",2008,Iran,Lavan Blend,110
Source: Energy Intelligence,"COPYRIGHT © 2001-2021 ENERGY INTELLIGENCE GROUP, INC. / ENERGY INTELLIGENCE GROUP (UK) LIMITED.",2007,Iran,Lavan Blend,64
Source: Energy Intelligence,"COPYRIGHT © 2001-2021 ENERGY INTELLIGENCE GROUP, INC. / ENERGY INTELLIGENCE GROUP (UK) LIMITED.",2006,Iran,Lavan Blend,80
Source: Energy Intelligence,"COPYRIGHT © 2001-2021 ENERGY INTELLIGENCE GROUP, INC. / ENERGY INTELLIGENCE GROUP (UK) LIMITED.",2024,Norway,Heidrun,0
Source: Energy Intelligence,"COPYRIGHT © 2001-2021 ENERGY INTELLIGENCE GROUP, INC. / ENERGY INTELLIGENCE GROUP (UK) LIMITED.",2023,Norway,Heidrun,0
Source: Energy Intelligence,"COPYRIGHT © 2001-2021 ENERGY INTELLIGENCE GROUP, INC. / ENERGY INTELLIGENCE GROUP (UK) LIMITED.",2022,Norway,Heidrun,32.62
Source: Energy Intelligence,"COPYRIGHT © 2001-2021 ENERGY INTELLIGENCE GROUP, INC. / ENERGY INTELLIGENCE GROUP (UK) LIMITED.",2021,Norway,Heidrun,38.56
Source: Energy Intelligence,"COPYRIGHT © 2001-2021 ENERGY INTELLIGENCE GROUP, INC. / ENERGY INTELLIGENCE GROUP (UK) LIMITED.",2020,Norway,Heidrun,34.25
Source: Energy Intelligence,"COPYRIGHT © 2001-2021 ENERGY INTELLIGENCE GROUP, INC. / ENERGY INTELLIGENCE GROUP (UK) LIMITED.",2019,Norway,Heidrun,41.04
Source: Energy Intelligence,"COPYRIGHT © 2001-2021 ENERGY INTELLIGENCE GROUP, INC. / ENERGY INTELLIGENCE GROUP (UK) LIMITED.",2018,Norway,Heidrun,33.39
Source: Energy Intelligence,"COPYRIGHT © 2001-2021 ENERGY INTELLIGENCE GROUP, INC. / ENERGY INTELLIGENCE GROUP (UK) LIMITED.",2017,Norway,Heidrun,42.26
Source: Energy Intelligence,"COPYRIGHT © 2001-2021 ENERGY INTELLIGENCE GROUP, INC. / ENERGY INTELLIGENCE GROUP (UK) LIMITED.",2016,Norway,Heidrun,45.98
Source: Energy Intelligence,"COPYRIGHT © 2001-2021 ENERGY INTELLIGENCE GROUP, INC. / ENERGY INTELLIGENCE GROUP (UK) LIMITED.",2015,Norway,Heidrun,41.86
Source: Energy Intelligence,"COPYRIGHT © 2001-2021 ENERGY INTELLIGENCE GROUP, INC. / ENERGY INTELLIGENCE GROUP (UK) LIMITED.",2014,Norway,Heidrun,39.98
Source: Energy Intelligence,"COPYRIGHT © 2001-2021 ENERGY INTELLIGENCE GROUP, INC. / ENERGY INTELLIGENCE GROUP (UK) LIMITED.",2013,Norway,Heidrun,52.5
Source: Energy Intelligence,"COPYRIGHT © 2001-2021 ENERGY INTELLIGENCE GROUP, INC. / ENERGY INTELLIGENCE GROUP (UK) LIMITED.",2012,Norway,Heidrun,48.66
Source: Energy Intelligence,"COPYRIGHT © 2001-2021 ENERGY INTELLIGENCE GROUP, INC. / ENERGY INTELLIGENCE GROUP (UK) LIMITED.",2011,Norway,Heidrun,55.84
Source: Energy Intelligence,"COPYRIGHT © 2001-2021 ENERGY INTELLIGENCE GROUP, INC. / ENERGY INTELLIGENCE GROUP (UK) LIMITED.",2010,Norway,Heidrun,46.32
Source: Energy Intelligence,"COPYRIGHT © 2001-2021 ENERGY INTELLIGENCE GROUP, INC. / ENERGY INTELLIGENCE GROUP (UK) LIMITED.",2009,Norway,Heidrun,66.61
Source: Energy Intelligence,"COPYRIGHT © 2001-2021 ENERGY INTELLIGENCE GROUP, INC. / ENERGY INTELLIGENCE GROUP (UK) LIMITED.",2008,Norway,Heidrun,81.84
Source: Energy Intelligence,"COPYRIGHT © 2001-2021 ENERGY INTELLIGENCE GROUP, INC. / ENERGY INTELLIGENCE GROUP (UK) LIMITED.",2007,Norway,Heidrun,98.89
Source: Energy Intelligence,"COPYRIGHT © 2001-2021 ENERGY INTELLIGENCE GROUP, INC. / ENERGY INTELLIGENCE GROUP (UK) LIMITED.",2006,Norway,Heidrun,125.87
Source: Energy Intelligence,"COPYRIGHT © 2001-2021 ENERGY INTELLIGENCE GROUP, INC. / ENERGY INTELLIGENCE GROUP (UK) LIMITED.",2024,Brazil,Sururu,113.19
Source: Energy Intelligence,"COPYRIGHT © 2001-2021 ENERGY INTELLIGENCE GROUP, INC. / ENERGY INTELLIGENCE GROUP (UK) LIMITED.",2023,Brazil,Sururu,90
Source: Energy Intelligence,"COPYRIGHT © 2001-2021 ENERGY INTELLIGENCE GROUP, INC. / ENERGY INTELLIGENCE GROUP (UK) LIMITED.",2022,Brazil,Sururu,80.74
Source: Energy Intelligence,"COPYRIGHT © 2001-2021 ENERGY INTELLIGENCE GROUP, INC. / ENERGY INTELLIGENCE GROUP (UK) LIMITED.",2021,Brazil,Sururu,55
Source: Energy Intelligence,"COPYRIGHT © 2001-2021 ENERGY INTELLIGENCE GROUP, INC. / ENERGY INTELLIGENCE GROUP (UK) LIMITED.",2020,Brazil,Sururu,50
Source: Energy Intelligence,"COPYRIGHT © 2001-2021 ENERGY INTELLIGENCE GROUP, INC. / ENERGY INTELLIGENCE GROUP (UK) LIMITED.",2019,Brazil,Sururu,0
Source: Energy Intelligence,"COPYRIGHT © 2001-2021 ENERGY INTELLIGENCE GROUP, INC. / ENERGY INTELLIGENCE GROUP (UK) LIMITED.",2018,Brazil,Sururu,0
Source: Energy Intelligence,"COPYRIGHT © 2001-2021 ENERGY INTELLIGENCE GROUP, INC. / ENERGY INTELLIGENCE GROUP (UK) LIMITED.",2014,Brazil,Sururu,0
Source: Energy Intelligence,"COPYRIGHT © 2001-2021 ENERGY INTELLIGENCE GROUP, INC. / ENERGY INTELLIGENCE GROUP (UK) LIMITED.",2024,Sudan,Nile Blend Sudan,0
Source: Energy Intelligence,"COPYRIGHT © 2001-2021 ENERGY INTELLIGENCE GROUP, INC. / ENERGY INTELLIGENCE GROUP (UK) LIMITED.",2023,Sudan,Nile Blend Sudan,0
Source: Energy Intelligence,"COPYRIGHT © 2001-2021 ENERGY INTELLIGENCE GROUP, INC. / ENERGY INTELLIGENCE GROUP (UK) LIMITED.",2022,Sudan,Nile Blend Sudan,0
Source: Energy Intelligence,"COPYRIGHT © 2001-2021 ENERGY INTELLIGENCE GROUP, INC. / ENERGY INTELLIGENCE GROUP (UK) LIMITED.",2021,Sudan,Nile Blend Sudan,0
Source: Energy Intelligence,"COPYRIGHT © 2001-2021 ENERGY INTELLIGENCE GROUP, INC. / ENERGY INTELLIGENCE GROUP (UK) LIMITED.",2020,Sudan,Nile Blend Sudan,0
Source: Energy Intelligence,"COPYRIGHT © 2001-2021 ENERGY INTELLIGENCE GROUP, INC. / ENERGY INTELLIGENCE GROUP (UK) LIMITED.",2019,Sudan,Nile Blend Sudan,0
Source: Energy Intelligence,"COPYRIGHT © 2001-2021 ENERGY INTELLIGENCE GROUP, INC. / ENERGY INTELLIGENCE GROUP (UK) LIMITED.",2018,Sudan,Nile Blend Sudan,0
Source: Energy Intelligence,"COPYRIGHT © 2001-2021 ENERGY INTELLIGENCE GROUP, INC. / ENERGY INTELLIGENCE GROUP (UK) LIMITED.",2017,Sudan,Nile Blend Sudan,0
Source: Energy Intelligence,"COPYRIGHT © 2001-2021 ENERGY INTELLIGENCE GROUP, INC. / ENERGY INTELLIGENCE GROUP (UK) LIMITED.",2016,Sudan,Nile Blend Sudan,0
Source: Energy Intelligence,"COPYRIGHT © 2001-2021 ENERGY INTELLIGENCE GROUP, INC. / ENERGY INTELLIGENCE GROUP (UK) LIMITED.",2015,Sudan,Nile Blend Sudan,0
Source: Energy Intelligence,"COPYRIGHT © 2001-2021 ENERGY INTELLIGENCE GROUP, INC. / ENERGY INTELLIGENCE GROUP (UK) LIMITED.",2014,Sudan,Nile Blend Sudan,5
Source: Energy Intelligence,"COPYRIGHT © 2001-2021 ENERGY INTELLIGENCE GROUP, INC. / ENERGY INTELLIGENCE GROUP (UK) LIMITED.",2013,Sudan,Nile Blend Sudan,19.95
Source: Energy Intelligence,"COPYRIGHT © 2001-2021 ENERGY INTELLIGENCE GROUP, INC. / ENERGY INTELLIGENCE GROUP (UK) LIMITED.",2012,Sudan,Nile Blend Sudan,19.18
Source: Energy Intelligence,"COPYRIGHT © 2001-2021 ENERGY INTELLIGENCE GROUP, INC. / ENERGY INTELLIGENCE GROUP (UK) LIMITED.",2011,Sudan,Nile Blend Sudan,56.7
Source: Energy Intelligence,"COPYRIGHT © 2001-2021 ENERGY INTELLIGENCE GROUP, INC. / ENERGY INTELLIGENCE GROUP (UK) LIMITED.",2010,Sudan,Nile Blend Sudan,107.35
Source: Energy Intelligence,"COPYRIGHT © 2001-2021 ENERGY INTELLIGENCE GROUP, INC. / ENERGY INTELLIGENCE GROUP (UK) LIMITED.",2009,Sudan,Nile Blend Sudan,129.37
Source: Energy Intelligence,"COPYRIGHT © 2001-2021 ENERGY INTELLIGENCE GROUP, INC. / ENERGY INTELLIGENCE GROUP (UK) LIMITED.",2008,Sudan,Nile Blend Sudan,169.91
Source: Energy Intelligence,"COPYRIGHT © 2001-2021 ENERGY INTELLIGENCE GROUP, INC. / ENERGY INTELLIGENCE GROUP (UK) LIMITED.",2007,Sudan,Nile Blend Sudan,205.76
Source: Energy Intelligence,"COPYRIGHT © 2001-2021 ENERGY INTELLIGENCE GROUP, INC. / ENERGY INTELLIGENCE GROUP (UK) LIMITED.",2006,Sudan,Nile Blend Sudan,196.47
Source: Energy Intelligence,"COPYRIGHT © 2001-2021 ENERGY INTELLIGENCE GROUP, INC. / ENERGY INTELLIGENCE GROUP (UK) LIMITED.",2018,Nigeria,Antan Blend,19.3
Source: Energy Intelligence,"COPYRIGHT © 2001-2021 ENERGY INTELLIGENCE GROUP, INC. / ENERGY INTELLIGENCE GROUP (UK) LIMITED.",2017,Nigeria,Antan Blend,24.89
Source: Energy Intelligence,"COPYRIGHT © 2001-2021 ENERGY INTELLIGENCE GROUP, INC. / ENERGY INTELLIGENCE GROUP (UK) LIMITED.",2016,Nigeria,Antan Blend,32.27
Source: Energy Intelligence,"COPYRIGHT © 2001-2021 ENERGY INTELLIGENCE GROUP, INC. / ENERGY INTELLIGENCE GROUP (UK) LIMITED.",2015,Nigeria,Antan Blend,42.1
Source: Energy Intelligence,"COPYRIGHT © 2001-2021 ENERGY INTELLIGENCE GROUP, INC. / ENERGY INTELLIGENCE GROUP (UK) LIMITED.",2014,Nigeria,Antan Blend,48.05
Source: Energy Intelligence,"COPYRIGHT © 2001-2021 ENERGY INTELLIGENCE GROUP, INC. / ENERGY INTELLIGENCE GROUP (UK) LIMITED.",2013,Nigeria,Antan Blend,54.29
Source: Energy Intelligence,"COPYRIGHT © 2001-2021 ENERGY INTELLIGENCE GROUP, INC. / ENERGY INTELLIGENCE GROUP (UK) LIMITED.",2012,Nigeria,Antan Blend,49.73
Source: Energy Intelligence,"COPYRIGHT © 2001-2021 ENERGY INTELLIGENCE GROUP, INC. / ENERGY INTELLIGENCE GROUP (UK) LIMITED.",2011,Nigeria,Antan Blend,39.86
Source: Energy Intelligence,"COPYRIGHT © 2001-2021 ENERGY INTELLIGENCE GROUP, INC. / ENERGY INTELLIGENCE GROUP (UK) LIMITED.",2010,Nigeria,Antan Blend,53
Source: Energy Intelligence,"COPYRIGHT © 2001-2021 ENERGY INTELLIGENCE GROUP, INC. / ENERGY INTELLIGENCE GROUP (UK) LIMITED.",2009,Nigeria,Antan Blend,57
Source: Energy Intelligence,"COPYRIGHT © 2001-2021 ENERGY INTELLIGENCE GROUP, INC. / ENERGY INTELLIGENCE GROUP (UK) LIMITED.",2008,Nigeria,Antan Blend,70
Source: Energy Intelligence,"COPYRIGHT © 2001-2021 ENERGY INTELLIGENCE GROUP, INC. / ENERGY INTELLIGENCE GROUP (UK) LIMITED.",2007,Nigeria,Antan Blend,67.75
Source: Energy Intelligence,"COPYRIGHT © 2001-2021 ENERGY INTELLIGENCE GROUP, INC. / ENERGY INTELLIGENCE GROUP (UK) LIMITED.",2006,Nigeria,Antan Blend,63
Source: Energy Intelligence,"COPYRIGHT © 2001-2021 ENERGY INTELLIGENCE GROUP, INC. / ENERGY INTELLIGENCE GROUP (UK) LIMITED.",2024,Brazil,Sepia,104.5
Source: Energy Intelligence,"COPYRIGHT © 2001-2021 ENERGY INTELLIGENCE GROUP, INC. / ENERGY INTELLIGENCE GROUP (UK) LIMITED.",2023,Brazil,Sepia,77
Source: Energy Intelligence,"COPYRIGHT © 2001-2021 ENERGY INTELLIGENCE GROUP, INC. / ENERGY INTELLIGENCE GROUP (UK) LIMITED.",2022,Brazil,Sepia,54
Source: Energy Intelligence,"COPYRIGHT © 2001-2021 ENERGY INTELLIGENCE GROUP, INC. / ENERGY INTELLIGENCE GROUP (UK) LIMITED.",2021,Brazil,Sepia,3
Source: Energy Intelligence,"COPYRIGHT © 2001-2021 ENERGY INTELLIGENCE GROUP, INC. / ENERGY INTELLIGENCE GROUP (UK) LIMITED.",2016,Brazil,Sepia,0
Source: Energy Intelligence,"COPYRIGHT © 2001-2021 ENERGY INTELLIGENCE GROUP, INC. / ENERGY INTELLIGENCE GROUP (UK) LIMITED.",2024,Angola,Olombendo,41.8
Source: Energy Intelligence,"COPYRIGHT © 2001-2021 ENERGY INTELLIGENCE GROUP, INC. / ENERGY INTELLIGENCE GROUP (UK) LIMITED.",2023,Angola,Olombendo,41.6
Source: Energy Intelligence,"COPYRIGHT © 2001-2021 ENERGY INTELLIGENCE GROUP, INC. / ENERGY INTELLIGENCE GROUP (UK) LIMITED.",2022,Angola,Olombendo,52.88
Source: Energy Intelligence,"COPYRIGHT © 2001-2021 ENERGY INTELLIGENCE GROUP, INC. / ENERGY INTELLIGENCE GROUP (UK) LIMITED.",2021,Angola,Olombendo,52.05
Source: Energy Intelligence,"COPYRIGHT © 2001-2021 ENERGY INTELLIGENCE GROUP, INC. / ENERGY INTELLIGENCE GROUP (UK) LIMITED.",2020,Angola,Olombendo,46.72
Source: Energy Intelligence,"COPYRIGHT © 2001-2021 ENERGY INTELLIGENCE GROUP, INC. / ENERGY INTELLIGENCE GROUP (UK) LIMITED.",2019,Angola,Olombendo,65.07
Source: Energy Intelligence,"COPYRIGHT © 2001-2021 ENERGY INTELLIGENCE GROUP, INC. / ENERGY INTELLIGENCE GROUP (UK) LIMITED.",2018,Angola,Olombendo,74.25
Source: Energy Intelligence,"COPYRIGHT © 2001-2021 ENERGY INTELLIGENCE GROUP, INC. / ENERGY INTELLIGENCE GROUP (UK) LIMITED.",2017,Angola,Olombendo,49.5
Source: Energy Intelligence,"COPYRIGHT © 2001-2021 ENERGY INTELLIGENCE GROUP, INC. / ENERGY INTELLIGENCE GROUP (UK) LIMITED.",2016,Angola,Olombendo,0
Source: Energy Intelligence,"COPYRIGHT © 2001-2021 ENERGY INTELLIGENCE GROUP, INC. / ENERGY INTELLIGENCE GROUP (UK) LIMITED.",2024,Angola,Gindungo,29.9
Source: Energy Intelligence,"COPYRIGHT © 2001-2021 ENERGY INTELLIGENCE GROUP, INC. / ENERGY INTELLIGENCE GROUP (UK) LIMITED.",2023,Angola,Gindungo,28.8
Source: Energy Intelligence,"COPYRIGHT © 2001-2021 ENERGY INTELLIGENCE GROUP, INC. / ENERGY INTELLIGENCE GROUP (UK) LIMITED.",2022,Angola,Gindungo,36.44
Source: Energy Intelligence,"COPYRIGHT © 2001-2021 ENERGY INTELLIGENCE GROUP, INC. / ENERGY INTELLIGENCE GROUP (UK) LIMITED.",2021,Angola,Gindungo,49.45
Source: Energy Intelligence,"COPYRIGHT © 2001-2021 ENERGY INTELLIGENCE GROUP, INC. / ENERGY INTELLIGENCE GROUP (UK) LIMITED.",2020,Angola,Gindungo,85.7
Source: Energy Intelligence,"COPYRIGHT © 2001-2021 ENERGY INTELLIGENCE GROUP, INC. / ENERGY INTELLIGENCE GROUP (UK) LIMITED.",2019,Angola,Gindungo,104.11
Source: Energy Intelligence,"COPYRIGHT © 2001-2021 ENERGY INTELLIGENCE GROUP, INC. / ENERGY INTELLIGENCE GROUP (UK) LIMITED.",2018,Angola,Gindungo,39.04
Source: Energy Intelligence,"COPYRIGHT © 2001-2021 ENERGY INTELLIGENCE GROUP, INC. / ENERGY INTELLIGENCE GROUP (UK) LIMITED.",2017,Angola,Gindungo,0
Source: Energy Intelligence,"COPYRIGHT © 2001-2021 ENERGY INTELLIGENCE GROUP, INC. / ENERGY INTELLIGENCE GROUP (UK) LIMITED.",2024,United Kingdom,Schiehallion Blend,46
Source: Energy Intelligence,"COPYRIGHT © 2001-2021 ENERGY INTELLIGENCE GROUP, INC. / ENERGY INTELLIGENCE GROUP (UK) LIMITED.",2023,United Kingdom,Schiehallion Blend,52.27
Source: Energy Intelligence,"COPYRIGHT © 2001-2021 ENERGY INTELLIGENCE GROUP, INC. / ENERGY INTELLIGENCE GROUP (UK) LIMITED.",2022,United Kingdom,Schiehallion Blend,56.81
Source: Energy Intelligence,"COPYRIGHT © 2001-2021 ENERGY INTELLIGENCE GROUP, INC. / ENERGY INTELLIGENCE GROUP (UK) LIMITED.",2021,United Kingdom,Schiehallion Blend,56.9
Source: Energy Intelligence,"COPYRIGHT © 2001-2021 ENERGY INTELLIGENCE GROUP, INC. / ENERGY INTELLIGENCE GROUP (UK) LIMITED.",2020,United Kingdom,Schiehallion Blend,63.3
Source: Energy Intelligence,"COPYRIGHT © 2001-2021 ENERGY INTELLIGENCE GROUP, INC. / ENERGY INTELLIGENCE GROUP (UK) LIMITED.",2019,United Kingdom,Schiehallion Blend,68.1
Source: Energy Intelligence,"COPYRIGHT © 2001-2021 ENERGY INTELLIGENCE GROUP, INC. / ENERGY INTELLIGENCE GROUP (UK) LIMITED.",2018,United Kingdom,Schiehallion Blend,79.77
Source: Energy Intelligence,"COPYRIGHT © 2001-2021 ENERGY INTELLIGENCE GROUP, INC. / ENERGY INTELLIGENCE GROUP (UK) LIMITED.",2017,United Kingdom,Schiehallion Blend,27
Source: Energy Intelligence,"COPYRIGHT © 2001-2021 ENERGY INTELLIGENCE GROUP, INC. / ENERGY INTELLIGENCE GROUP (UK) LIMITED.",2013,United Kingdom,Schiehallion Blend,2
Source: Energy Intelligence,"COPYRIGHT © 2001-2021 ENERGY INTELLIGENCE GROUP, INC. / ENERGY INTELLIGENCE GROUP (UK) LIMITED.",2012,United Kingdom,Schiehallion Blend,44
Source: Energy Intelligence,"COPYRIGHT © 2001-2021 ENERGY INTELLIGENCE GROUP, INC. / ENERGY INTELLIGENCE GROUP (UK) LIMITED.",2011,United Kingdom,Schiehallion Blend,14
Source: Energy Intelligence,"COPYRIGHT © 2001-2021 ENERGY INTELLIGENCE GROUP, INC. / ENERGY INTELLIGENCE GROUP (UK) LIMITED.",2009,United Kingdom,Schiehallion Blend,17
Source: Energy Intelligence,"COPYRIGHT © 2001-2021 ENERGY INTELLIGENCE GROUP, INC. / ENERGY INTELLIGENCE GROUP (UK) LIMITED.",2008,United Kingdom,Schiehallion Blend,45
Source: Energy Intelligence,"COPYRIGHT © 2001-2021 ENERGY INTELLIGENCE GROUP, INC. / ENERGY INTELLIGENCE GROUP (UK) LIMITED.",2007,United Kingdom,Schiehallion Blend,53
Source: Energy Intelligence,"COPYRIGHT © 2001-2021 ENERGY INTELLIGENCE GROUP, INC. / ENERGY INTELLIGENCE GROUP (UK) LIMITED.",2006,United Kingdom,Schiehallion Blend,73
Source: Energy Intelligence,"COPYRIGHT © 2001-2021 ENERGY INTELLIGENCE GROUP, INC. / ENERGY INTELLIGENCE GROUP (UK) LIMITED.",2024,Turkmenistan,Cheleken,55
Source: Energy Intelligence,"COPYRIGHT © 2001-2021 ENERGY INTELLIGENCE GROUP, INC. / ENERGY INTELLIGENCE GROUP (UK) LIMITED.",2023,Turkmenistan,Cheleken,60
Source: Energy Intelligence,"COPYRIGHT © 2001-2021 ENERGY INTELLIGENCE GROUP, INC. / ENERGY INTELLIGENCE GROUP (UK) LIMITED.",2022,Turkmenistan,Cheleken,60
Source: Energy Intelligence,"COPYRIGHT © 2001-2021 ENERGY INTELLIGENCE GROUP, INC. / ENERGY INTELLIGENCE GROUP (UK) LIMITED.",2021,Turkmenistan,Cheleken,52
Source: Energy Intelligence,"COPYRIGHT © 2001-2021 ENERGY INTELLIGENCE GROUP, INC. / ENERGY INTELLIGENCE GROUP (UK) LIMITED.",2020,Turkmenistan,Cheleken,52
Source: Energy Intelligence,"COPYRIGHT © 2001-2021 ENERGY INTELLIGENCE GROUP, INC. / ENERGY INTELLIGENCE GROUP (UK) LIMITED.",2019,Turkmenistan,Cheleken,60
Source: Energy Intelligence,"COPYRIGHT © 2001-2021 ENERGY INTELLIGENCE GROUP, INC. / ENERGY INTELLIGENCE GROUP (UK) LIMITED.",2018,Turkmenistan,Cheleken,59.97
Source: Energy Intelligence,"COPYRIGHT © 2001-2021 ENERGY INTELLIGENCE GROUP, INC. / ENERGY INTELLIGENCE GROUP (UK) LIMITED.",2017,Turkmenistan,Cheleken,55.42
Source: Energy Intelligence,"COPYRIGHT © 2001-2021 ENERGY INTELLIGENCE GROUP, INC. / ENERGY INTELLIGENCE GROUP (UK) LIMITED.",2016,Turkmenistan,Cheleken,63.74
Source: Energy Intelligence,"COPYRIGHT © 2001-2021 ENERGY INTELLIGENCE GROUP, INC. / ENERGY INTELLIGENCE GROUP (UK) LIMITED.",2015,Turkmenistan,Cheleken,58.63
Source: Energy Intelligence,"COPYRIGHT © 2001-2021 ENERGY INTELLIGENCE GROUP, INC. / ENERGY INTELLIGENCE GROUP (UK) LIMITED.",2014,Turkmenistan,Cheleken,36.99
Source: Energy Intelligence,"COPYRIGHT © 2001-2021 ENERGY INTELLIGENCE GROUP, INC. / ENERGY INTELLIGENCE GROUP (UK) LIMITED.",2013,Turkmenistan,Cheleken,31.51
Source: Energy Intelligence,"COPYRIGHT © 2001-2021 ENERGY INTELLIGENCE GROUP, INC. / ENERGY INTELLIGENCE GROUP (UK) LIMITED.",2012,Turkmenistan,Cheleken,31.69
Source: Energy Intelligence,"COPYRIGHT © 2001-2021 ENERGY INTELLIGENCE GROUP, INC. / ENERGY INTELLIGENCE GROUP (UK) LIMITED.",2011,Turkmenistan,Cheleken,31.1
Source: Energy Intelligence,"COPYRIGHT © 2001-2021 ENERGY INTELLIGENCE GROUP, INC. / ENERGY INTELLIGENCE GROUP (UK) LIMITED.",2010,Turkmenistan,Cheleken,29.59
Source: Energy Intelligence,"COPYRIGHT © 2001-2021 ENERGY INTELLIGENCE GROUP, INC. / ENERGY INTELLIGENCE GROUP (UK) LIMITED.",2009,Turkmenistan,Cheleken,28.8
Source: Energy Intelligence,"COPYRIGHT © 2001-2021 ENERGY INTELLIGENCE GROUP, INC. / ENERGY INTELLIGENCE GROUP (UK) LIMITED.",2008,Turkmenistan,Cheleken,21.8
Source: Energy Intelligence,"COPYRIGHT © 2001-2021 ENERGY INTELLIGENCE GROUP, INC. / ENERGY INTELLIGENCE GROUP (UK) LIMITED.",2024,Gabon,Rabi Light,65.08
Source: Energy Intelligence,"COPYRIGHT © 2001-2021 ENERGY INTELLIGENCE GROUP, INC. / ENERGY INTELLIGENCE GROUP (UK) LIMITED.",2023,Gabon,Rabi Light,66.16
Source: Energy Intelligence,"COPYRIGHT © 2001-2021 ENERGY INTELLIGENCE GROUP, INC. / ENERGY INTELLIGENCE GROUP (UK) LIMITED.",2022,Gabon,Rabi Light,55.75
Source: Energy Intelligence,"COPYRIGHT © 2001-2021 ENERGY INTELLIGENCE GROUP, INC. / ENERGY INTELLIGENCE GROUP (UK) LIMITED.",2021,Gabon,Rabi Light,27.55
Source: Energy Intelligence,"COPYRIGHT © 2001-2021 ENERGY INTELLIGENCE GROUP, INC. / ENERGY INTELLIGENCE GROUP (UK) LIMITED.",2020,Gabon,Rabi Light,31.15
Source: Energy Intelligence,"COPYRIGHT © 2001-2021 ENERGY INTELLIGENCE GROUP, INC. / ENERGY INTELLIGENCE GROUP (UK) LIMITED.",2019,Gabon,Rabi Light,37.26
Source: Energy Intelligence,"COPYRIGHT © 2001-2021 ENERGY INTELLIGENCE GROUP, INC. / ENERGY INTELLIGENCE GROUP (UK) LIMITED.",2018,Gabon,Rabi Light,23.3
Source: Energy Intelligence,"COPYRIGHT © 2001-2021 ENERGY INTELLIGENCE GROUP, INC. / ENERGY INTELLIGENCE GROUP (UK) LIMITED.",2017,Gabon,Rabi Light,27.4
Source: Energy Intelligence,"COPYRIGHT © 2001-2021 ENERGY INTELLIGENCE GROUP, INC. / ENERGY INTELLIGENCE GROUP (UK) LIMITED.",2016,Gabon,Rabi Light,27.81
Source: Energy Intelligence,"COPYRIGHT © 2001-2021 ENERGY INTELLIGENCE GROUP, INC. / ENERGY INTELLIGENCE GROUP (UK) LIMITED.",2015,Gabon,Rabi Light,24.4
Source: Energy Intelligence,"COPYRIGHT © 2001-2021 ENERGY INTELLIGENCE GROUP, INC. / ENERGY INTELLIGENCE GROUP (UK) LIMITED.",2014,Gabon,Rabi Light,43.56
Source: Energy Intelligence,"COPYRIGHT © 2001-2021 ENERGY INTELLIGENCE GROUP, INC. / ENERGY INTELLIGENCE GROUP (UK) LIMITED.",2013,Gabon,Rabi Light,46.33
Source: Energy Intelligence,"COPYRIGHT © 2001-2021 ENERGY INTELLIGENCE GROUP, INC. / ENERGY INTELLIGENCE GROUP (UK) LIMITED.",2012,Gabon,Rabi Light,55.6
Source: Energy Intelligence,"COPYRIGHT © 2001-2021 ENERGY INTELLIGENCE GROUP, INC. / ENERGY INTELLIGENCE GROUP (UK) LIMITED.",2011,Gabon,Rabi Light,45.86
Source: Energy Intelligence,"COPYRIGHT © 2001-2021 ENERGY INTELLIGENCE GROUP, INC. / ENERGY INTELLIGENCE GROUP (UK) LIMITED.",2010,Gabon,Rabi Light,52.13
Source: Energy Intelligence,"COPYRIGHT © 2001-2021 ENERGY INTELLIGENCE GROUP, INC. / ENERGY INTELLIGENCE GROUP (UK) LIMITED.",2009,Gabon,Rabi Light,59
Source: Energy Intelligence,"COPYRIGHT © 2001-2021 ENERGY INTELLIGENCE GROUP, INC. / ENERGY INTELLIGENCE GROUP (UK) LIMITED.",2008,Gabon,Rabi Light,65
Source: Energy Intelligence,"COPYRIGHT © 2001-2021 ENERGY INTELLIGENCE GROUP, INC. / ENERGY INTELLIGENCE GROUP (UK) LIMITED.",2007,Gabon,Rabi Light,60.24
Source: Energy Intelligence,"COPYRIGHT © 2001-2021 ENERGY INTELLIGENCE GROUP, INC. / ENERGY INTELLIGENCE GROUP (UK) LIMITED.",2006,Gabon,Rabi Light,60.13
Source: Energy Intelligence,"COPYRIGHT © 2001-2021 ENERGY INTELLIGENCE GROUP, INC. / ENERGY INTELLIGENCE GROUP (UK) LIMITED.",2024,Argentina,Escalante,25.2
Source: Energy Intelligence,"COPYRIGHT © 2001-2021 ENERGY INTELLIGENCE GROUP, INC. / ENERGY INTELLIGENCE GROUP (UK) LIMITED.",2023,Argentina,Escalante,26.4
Source: Energy Intelligence,"COPYRIGHT © 2001-2021 ENERGY INTELLIGENCE GROUP, INC. / ENERGY INTELLIGENCE GROUP (UK) LIMITED.",2022,Argentina,Escalante,31.13
Source: Energy Intelligence,"COPYRIGHT © 2001-2021 ENERGY INTELLIGENCE GROUP, INC. / ENERGY INTELLIGENCE GROUP (UK) LIMITED.",2021,Argentina,Escalante,34.3
Source: Energy Intelligence,"COPYRIGHT © 2001-2021 ENERGY INTELLIGENCE GROUP, INC. / ENERGY INTELLIGENCE GROUP (UK) LIMITED.",2020,Argentina,Escalante,46.14
Source: Energy Intelligence,"COPYRIGHT © 2001-2021 ENERGY INTELLIGENCE GROUP, INC. / ENERGY INTELLIGENCE GROUP (UK) LIMITED.",2019,Argentina,Escalante,49.22
Source: Energy Intelligence,"COPYRIGHT © 2001-2021 ENERGY INTELLIGENCE GROUP, INC. / ENERGY INTELLIGENCE GROUP (UK) LIMITED.",2018,Argentina,Escalante,47.2
Source: Energy Intelligence,"COPYRIGHT © 2001-2021 ENERGY INTELLIGENCE GROUP, INC. / ENERGY INTELLIGENCE GROUP (UK) LIMITED.",2017,Argentina,Escalante,26.36
Source: Energy Intelligence,"COPYRIGHT © 2001-2021 ENERGY INTELLIGENCE GROUP, INC. / ENERGY INTELLIGENCE GROUP (UK) LIMITED.",2016,Argentina,Escalante,47.33
Source: Energy Intelligence,"COPYRIGHT © 2001-2021 ENERGY INTELLIGENCE GROUP, INC. / ENERGY INTELLIGENCE GROUP (UK) LIMITED.",2015,Argentina,Escalante,39.72
Source: Energy Intelligence,"COPYRIGHT © 2001-2021 ENERGY INTELLIGENCE GROUP, INC. / ENERGY INTELLIGENCE GROUP (UK) LIMITED.",2014,Argentina,Escalante,45.48
Source: Energy Intelligence,"COPYRIGHT © 2001-2021 ENERGY INTELLIGENCE GROUP, INC. / ENERGY INTELLIGENCE GROUP (UK) LIMITED.",2013,Argentina,Escalante,34.44
Source: Energy Intelligence,"COPYRIGHT © 2001-2021 ENERGY INTELLIGENCE GROUP, INC. / ENERGY INTELLIGENCE GROUP (UK) LIMITED.",2012,Argentina,Escalante,44.06
Source: Energy Intelligence,"COPYRIGHT © 2001-2021 ENERGY INTELLIGENCE GROUP, INC. / ENERGY INTELLIGENCE GROUP (UK) LIMITED.",2011,Argentina,Escalante,52.43
Source: Energy Intelligence,"COPYRIGHT © 2001-2021 ENERGY INTELLIGENCE GROUP, INC. / ENERGY INTELLIGENCE GROUP (UK) LIMITED.",2010,Argentina,Escalante,71.2
Source: Energy Intelligence,"COPYRIGHT © 2001-2021 ENERGY INTELLIGENCE GROUP, INC. / ENERGY INTELLIGENCE GROUP (UK) LIMITED.",2009,Argentina,Escalante,89
Source: Energy Intelligence,"COPYRIGHT © 2001-2021 ENERGY INTELLIGENCE GROUP, INC. / ENERGY INTELLIGENCE GROUP (UK) LIMITED.",2008,Argentina,Escalante,52.8
Source: Energy Intelligence,"COPYRIGHT © 2001-2021 ENERGY INTELLIGENCE GROUP, INC. / ENERGY INTELLIGENCE GROUP (UK) LIMITED.",2007,Argentina,Escalante,38.3
Source: Energy Intelligence,"COPYRIGHT © 2001-2021 ENERGY INTELLIGENCE GROUP, INC. / ENERGY INTELLIGENCE GROUP (UK) LIMITED.",2006,Argentina,Escalante,55
Source: Energy Intelligence,"COPYRIGHT © 2001-2021 ENERGY INTELLIGENCE GROUP, INC. / ENERGY INTELLIGENCE GROUP (UK) LIMITED.",2024,Brazil,Other Crudes - Brazil,103.5
Source: Energy Intelligence,"COPYRIGHT © 2001-2021 ENERGY INTELLIGENCE GROUP, INC. / ENERGY INTELLIGENCE GROUP (UK) LIMITED.",2023,Brazil,Other Crudes - Brazil,51.5
Source: Energy Intelligence,"COPYRIGHT © 2001-2021 ENERGY INTELLIGENCE GROUP, INC. / ENERGY INTELLIGENCE GROUP (UK) LIMITED.",2022,Brazil,Other Crudes - Brazil,2.2
Source: Energy Intelligence,"COPYRIGHT © 2001-2021 ENERGY INTELLIGENCE GROUP, INC. / ENERGY INTELLIGENCE GROUP (UK) LIMITED.",2021,Brazil,Other Crudes - Brazil,5.6
Source: Energy Intelligence,"COPYRIGHT © 2001-2021 ENERGY INTELLIGENCE GROUP, INC. / ENERGY INTELLIGENCE GROUP (UK) LIMITED.",2020,Brazil,Other Crudes - Brazil,3.3
Source: Energy Intelligence,"COPYRIGHT © 2001-2021 ENERGY INTELLIGENCE GROUP, INC. / ENERGY INTELLIGENCE GROUP (UK) LIMITED.",2019,Brazil,Other Crudes - Brazil,148.8
Source: Energy Intelligence,"COPYRIGHT © 2001-2021 ENERGY INTELLIGENCE GROUP, INC. / ENERGY INTELLIGENCE GROUP (UK) LIMITED.",2018,Brazil,Other Crudes - Brazil,164.19
Source: Energy Intelligence,"COPYRIGHT © 2001-2021 ENERGY INTELLIGENCE GROUP, INC. / ENERGY INTELLIGENCE GROUP (UK) LIMITED.",2017,Brazil,Other Crudes - Brazil,9.25
Source: Energy Intelligence,"COPYRIGHT © 2001-2021 ENERGY INTELLIGENCE GROUP, INC. / ENERGY INTELLIGENCE GROUP (UK) LIMITED.",2016,Brazil,Other Crudes - Brazil,12.62
Source: Energy Intelligence,"COPYRIGHT © 2001-2021 ENERGY INTELLIGENCE GROUP, INC. / ENERGY INTELLIGENCE GROUP (UK) LIMITED.",2015,Brazil,Other Crudes - Brazil,17.98
Source: Energy Intelligence,"COPYRIGHT © 2001-2021 ENERGY INTELLIGENCE GROUP, INC. / ENERGY INTELLIGENCE GROUP (UK) LIMITED.",2014,Brazil,Other Crudes - Brazil,9.97
Source: Energy Intelligence,"COPYRIGHT © 2001-2021 ENERGY INTELLIGENCE GROUP, INC. / ENERGY INTELLIGENCE GROUP (UK) LIMITED.",2013,Brazil,Other Crudes - Brazil,3.86
Source: Energy Intelligence,"COPYRIGHT © 2001-2021 ENERGY INTELLIGENCE GROUP, INC. / ENERGY INTELLIGENCE GROUP (UK) LIMITED.",2012,Brazil,Other Crudes - Brazil,29.77
Source: Energy Intelligence,"COPYRIGHT © 2001-2021 ENERGY INTELLIGENCE GROUP, INC. / ENERGY INTELLIGENCE GROUP (UK) LIMITED.",2011,Brazil,Other Crudes - Brazil,40.91
Source: Energy Intelligence,"COPYRIGHT © 2001-2021 ENERGY INTELLIGENCE GROUP, INC. / ENERGY INTELLIGENCE GROUP (UK) LIMITED.",2010,Brazil,Other Crudes - Brazil,11.65
Source: Energy Intelligence,"COPYRIGHT © 2001-2021 ENERGY INTELLIGENCE GROUP, INC. / ENERGY INTELLIGENCE GROUP (UK) LIMITED.",2009,Brazil,Other Crudes - Brazil,40.95
Source: Energy Intelligence,"COPYRIGHT © 2001-2021 ENERGY INTELLIGENCE GROUP, INC. / ENERGY INTELLIGENCE GROUP (UK) LIMITED.",2008,Brazil,Other Crudes - Brazil,23
Source: Energy Intelligence,"COPYRIGHT © 2001-2021 ENERGY INTELLIGENCE GROUP, INC. / ENERGY INTELLIGENCE GROUP (UK) LIMITED.",2007,Brazil,Other Crudes - Brazil,91
Source: Energy Intelligence,"COPYRIGHT © 2001-2021 ENERGY INTELLIGENCE GROUP, INC. / ENERGY INTELLIGENCE GROUP (UK) LIMITED.",2006,Brazil,Other Crudes - Brazil,75.47
Source: Energy Intelligence,"COPYRIGHT © 2001-2021 ENERGY INTELLIGENCE GROUP, INC. / ENERGY INTELLIGENCE GROUP (UK) LIMITED.",2024,Malaysia,Miri,33
Source: Energy Intelligence,"COPYRIGHT © 2001-2021 ENERGY INTELLIGENCE GROUP, INC. / ENERGY INTELLIGENCE GROUP (UK) LIMITED.",2023,Malaysia,Miri,38
Source: Energy Intelligence,"COPYRIGHT © 2001-2021 ENERGY INTELLIGENCE GROUP, INC. / ENERGY INTELLIGENCE GROUP (UK) LIMITED.",2022,Malaysia,Miri,27
Source: Energy Intelligence,"COPYRIGHT © 2001-2021 ENERGY INTELLIGENCE GROUP, INC. / ENERGY INTELLIGENCE GROUP (UK) LIMITED.",2021,Malaysia,Miri,18
Source: Energy Intelligence,"COPYRIGHT © 2001-2021 ENERGY INTELLIGENCE GROUP, INC. / ENERGY INTELLIGENCE GROUP (UK) LIMITED.",2020,Malaysia,Miri,26.66
Source: Energy Intelligence,"COPYRIGHT © 2001-2021 ENERGY INTELLIGENCE GROUP, INC. / ENERGY INTELLIGENCE GROUP (UK) LIMITED.",2019,Malaysia,Miri,39.2
Source: Energy Intelligence,"COPYRIGHT © 2001-2021 ENERGY INTELLIGENCE GROUP, INC. / ENERGY INTELLIGENCE GROUP (UK) LIMITED.",2018,Malaysia,Miri,47.05
Source: Energy Intelligence,"COPYRIGHT © 2001-2021 ENERGY INTELLIGENCE GROUP, INC. / ENERGY INTELLIGENCE GROUP (UK) LIMITED.",2017,Malaysia,Miri,48.5
Source: Energy Intelligence,"COPYRIGHT © 2001-2021 ENERGY INTELLIGENCE GROUP, INC. / ENERGY INTELLIGENCE GROUP (UK) LIMITED.",2016,Malaysia,Miri,50
Source: Energy Intelligence,"COPYRIGHT © 2001-2021 ENERGY INTELLIGENCE GROUP, INC. / ENERGY INTELLIGENCE GROUP (UK) LIMITED.",2015,Malaysia,Miri,50
Source: Energy Intelligence,"COPYRIGHT © 2001-2021 ENERGY INTELLIGENCE GROUP, INC. / ENERGY INTELLIGENCE GROUP (UK) LIMITED.",2014,Malaysia,Miri,50
Source: Energy Intelligence,"COPYRIGHT © 2001-2021 ENERGY INTELLIGENCE GROUP, INC. / ENERGY INTELLIGENCE GROUP (UK) LIMITED.",2013,Malaysia,Miri,50
Source: Energy Intelligence,"COPYRIGHT © 2001-2021 ENERGY INTELLIGENCE GROUP, INC. / ENERGY INTELLIGENCE GROUP (UK) LIMITED.",2012,Malaysia,Miri,50.4
Source: Energy Intelligence,"COPYRIGHT © 2001-2021 ENERGY INTELLIGENCE GROUP, INC. / ENERGY INTELLIGENCE GROUP (UK) LIMITED.",2011,Malaysia,Miri,50.4
Source: Energy Intelligence,"COPYRIGHT © 2001-2021 ENERGY INTELLIGENCE GROUP, INC. / ENERGY INTELLIGENCE GROUP (UK) LIMITED.",2010,Malaysia,Miri,54
Source: Energy Intelligence,"COPYRIGHT © 2001-2021 ENERGY INTELLIGENCE GROUP, INC. / ENERGY INTELLIGENCE GROUP (UK) LIMITED.",2009,Malaysia,Miri,50.4
Source: Energy Intelligence,"COPYRIGHT © 2001-2021 ENERGY INTELLIGENCE GROUP, INC. / ENERGY INTELLIGENCE GROUP (UK) LIMITED.",2008,Malaysia,Miri,53.28
Source: Energy Intelligence,"COPYRIGHT © 2001-2021 ENERGY INTELLIGENCE GROUP, INC. / ENERGY INTELLIGENCE GROUP (UK) LIMITED.",2007,Malaysia,Miri,43.92
Source: Energy Intelligence,"COPYRIGHT © 2001-2021 ENERGY INTELLIGENCE GROUP, INC. / ENERGY INTELLIGENCE GROUP (UK) LIMITED.",2006,Malaysia,Miri,54
Source: Energy Intelligence,"COPYRIGHT © 2001-2021 ENERGY INTELLIGENCE GROUP, INC. / ENERGY INTELLIGENCE GROUP (UK) LIMITED.",2016,Malaysia,Labuan,10.18
Source: Energy Intelligence,"COPYRIGHT © 2001-2021 ENERGY INTELLIGENCE GROUP, INC. / ENERGY INTELLIGENCE GROUP (UK) LIMITED.",2015,Malaysia,Labuan,11.45
Source: Energy Intelligence,"COPYRIGHT © 2001-2021 ENERGY INTELLIGENCE GROUP, INC. / ENERGY INTELLIGENCE GROUP (UK) LIMITED.",2014,Malaysia,Labuan,40
Source: Energy Intelligence,"COPYRIGHT © 2001-2021 ENERGY INTELLIGENCE GROUP, INC. / ENERGY INTELLIGENCE GROUP (UK) LIMITED.",2013,Malaysia,Labuan,45.5
Source: Energy Intelligence,"COPYRIGHT © 2001-2021 ENERGY INTELLIGENCE GROUP, INC. / ENERGY INTELLIGENCE GROUP (UK) LIMITED.",2012,Malaysia,Labuan,45.5
Source: Energy Intelligence,"COPYRIGHT © 2001-2021 ENERGY INTELLIGENCE GROUP, INC. / ENERGY INTELLIGENCE GROUP (UK) LIMITED.",2011,Malaysia,Labuan,49
Source: Energy Intelligence,"COPYRIGHT © 2001-2021 ENERGY INTELLIGENCE GROUP, INC. / ENERGY INTELLIGENCE GROUP (UK) LIMITED.",2010,Malaysia,Labuan,45.5
Source: Energy Intelligence,"COPYRIGHT © 2001-2021 ENERGY INTELLIGENCE GROUP, INC. / ENERGY INTELLIGENCE GROUP (UK) LIMITED.",2009,Malaysia,Labuan,44.1
Source: Energy Intelligence,"COPYRIGHT © 2001-2021 ENERGY INTELLIGENCE GROUP, INC. / ENERGY INTELLIGENCE GROUP (UK) LIMITED.",2008,Malaysia,Labuan,47.6
Source: Energy Intelligence,"COPYRIGHT © 2001-2021 ENERGY INTELLIGENCE GROUP, INC. / ENERGY INTELLIGENCE GROUP (UK) LIMITED.",2007,Malaysia,Labuan,55.3
Source: Energy Intelligence,"COPYRIGHT © 2001-2021 ENERGY INTELLIGENCE GROUP, INC. / ENERGY INTELLIGENCE GROUP (UK) LIMITED.",2006,Malaysia,Labuan,70
Source: Energy Intelligence,"COPYRIGHT © 2001-2021 ENERGY INTELLIGENCE GROUP, INC. / ENERGY INTELLIGENCE GROUP (UK) LIMITED.",2024,United Kingdom,Flotta Gold,31
Source: Energy Intelligence,"COPYRIGHT © 2001-2021 ENERGY INTELLIGENCE GROUP, INC. / ENERGY INTELLIGENCE GROUP (UK) LIMITED.",2023,United Kingdom,Flotta Gold,30.01
Source: Energy Intelligence,"COPYRIGHT © 2001-2021 ENERGY INTELLIGENCE GROUP, INC. / ENERGY INTELLIGENCE GROUP (UK) LIMITED.",2022,United Kingdom,Flotta Gold,40.09
Source: Energy Intelligence,"COPYRIGHT © 2001-2021 ENERGY INTELLIGENCE GROUP, INC. / ENERGY INTELLIGENCE GROUP (UK) LIMITED.",2021,United Kingdom,Flotta Gold,50.03
Source: Energy Intelligence,"COPYRIGHT © 2001-2021 ENERGY INTELLIGENCE GROUP, INC. / ENERGY INTELLIGENCE GROUP (UK) LIMITED.",2020,United Kingdom,Flotta Gold,51.18
Source: Energy Intelligence,"COPYRIGHT © 2001-2021 ENERGY INTELLIGENCE GROUP, INC. / ENERGY INTELLIGENCE GROUP (UK) LIMITED.",2019,United Kingdom,Flotta Gold,56.9
Source: Energy Intelligence,"COPYRIGHT © 2001-2021 ENERGY INTELLIGENCE GROUP, INC. / ENERGY INTELLIGENCE GROUP (UK) LIMITED.",2018,United Kingdom,Flotta Gold,63.4
Source: Energy Intelligence,"COPYRIGHT © 2001-2021 ENERGY INTELLIGENCE GROUP, INC. / ENERGY INTELLIGENCE GROUP (UK) LIMITED.",2017,United Kingdom,Flotta Gold,92.2
Source: Energy Intelligence,"COPYRIGHT © 2001-2021 ENERGY INTELLIGENCE GROUP, INC. / ENERGY INTELLIGENCE GROUP (UK) LIMITED.",2016,United Kingdom,Flotta Gold,86.6
Source: Energy Intelligence,"COPYRIGHT © 2001-2021 ENERGY INTELLIGENCE GROUP, INC. / ENERGY INTELLIGENCE GROUP (UK) LIMITED.",2013,United Kingdom,Flotta Gold,11
Source: Energy Intelligence,"COPYRIGHT © 2001-2021 ENERGY INTELLIGENCE GROUP, INC. / ENERGY INTELLIGENCE GROUP (UK) LIMITED.",2012,United Kingdom,Flotta Gold,15.11
Source: Energy Intelligence,"COPYRIGHT © 2001-2021 ENERGY INTELLIGENCE GROUP, INC. / ENERGY INTELLIGENCE GROUP (UK) LIMITED.",2011,United Kingdom,Flotta Gold,22.08
Source: Energy Intelligence,"COPYRIGHT © 2001-2021 ENERGY INTELLIGENCE GROUP, INC. / ENERGY INTELLIGENCE GROUP (UK) LIMITED.",2010,United Kingdom,Flotta Gold,29.66
Source: Energy Intelligence,"COPYRIGHT © 2001-2021 ENERGY INTELLIGENCE GROUP, INC. / ENERGY INTELLIGENCE GROUP (UK) LIMITED.",2009,United Kingdom,Flotta Gold,31.98
Source: Energy Intelligence,"COPYRIGHT © 2001-2021 ENERGY INTELLIGENCE GROUP, INC. / ENERGY INTELLIGENCE GROUP (UK) LIMITED.",2008,United Kingdom,Flotta Gold,33.68
Source: Energy Intelligence,"COPYRIGHT © 2001-2021 ENERGY INTELLIGENCE GROUP, INC. / ENERGY INTELLIGENCE GROUP (UK) LIMITED.",2007,United Kingdom,Flotta Gold,33.74
Source: Energy Intelligence,"COPYRIGHT © 2001-2021 ENERGY INTELLIGENCE GROUP, INC. / ENERGY INTELLIGENCE GROUP (UK) LIMITED.",2006,United Kingdom,Flotta Gold,34.34
Source: Energy Intelligence,"COPYRIGHT © 2001-2021 ENERGY INTELLIGENCE GROUP, INC. / ENERGY INTELLIGENCE GROUP (UK) LIMITED.",2024,Angola,Other Crudes - Angola,69.85
Source: Energy Intelligence,"COPYRIGHT © 2001-2021 ENERGY INTELLIGENCE GROUP, INC. / ENERGY INTELLIGENCE GROUP (UK) LIMITED.",2023,Angola,Other Crudes - Angola,66.52
Source: Energy Intelligence,"COPYRIGHT © 2001-2021 ENERGY INTELLIGENCE GROUP, INC. / ENERGY INTELLIGENCE GROUP (UK) LIMITED.",2022,Angola,Other Crudes - Angola,73.32
Source: Energy Intelligence,"COPYRIGHT © 2001-2021 ENERGY INTELLIGENCE GROUP, INC. / ENERGY INTELLIGENCE GROUP (UK) LIMITED.",2021,Angola,Other Crudes - Angola,69.41
Source: Energy Intelligence,"COPYRIGHT © 2001-2021 ENERGY INTELLIGENCE GROUP, INC. / ENERGY INTELLIGENCE GROUP (UK) LIMITED.",2020,Angola,Other Crudes - Angola,13.32
Source: Energy Intelligence,"COPYRIGHT © 2001-2021 ENERGY INTELLIGENCE GROUP, INC. / ENERGY INTELLIGENCE GROUP (UK) LIMITED.",2019,Angola,Other Crudes - Angola,18.69
Source: Energy Intelligence,"COPYRIGHT © 2001-2021 ENERGY INTELLIGENCE GROUP, INC. / ENERGY INTELLIGENCE GROUP (UK) LIMITED.",2018,Angola,Other Crudes - Angola,16.49
Source: Energy Intelligence,"COPYRIGHT © 2001-2021 ENERGY INTELLIGENCE GROUP, INC. / ENERGY INTELLIGENCE GROUP (UK) LIMITED.",2017,Angola,Other Crudes - Angola,21.73
Source: Energy Intelligence,"COPYRIGHT © 2001-2021 ENERGY INTELLIGENCE GROUP, INC. / ENERGY INTELLIGENCE GROUP (UK) LIMITED.",2016,Angola,Other Crudes - Angola,31.88
Source: Energy Intelligence,"COPYRIGHT © 2001-2021 ENERGY INTELLIGENCE GROUP, INC. / ENERGY INTELLIGENCE GROUP (UK) LIMITED.",2015,Angola,Other Crudes - Angola,29.19
Source: Energy Intelligence,"COPYRIGHT © 2001-2021 ENERGY INTELLIGENCE GROUP, INC. / ENERGY INTELLIGENCE GROUP (UK) LIMITED.",2014,Angola,Other Crudes - Angola,29.3
Source: Energy Intelligence,"COPYRIGHT © 2001-2021 ENERGY INTELLIGENCE GROUP, INC. / ENERGY INTELLIGENCE GROUP (UK) LIMITED.",2013,Angola,Other Crudes - Angola,97.41
Source: Energy Intelligence,"COPYRIGHT © 2001-2021 ENERGY INTELLIGENCE GROUP, INC. / ENERGY INTELLIGENCE GROUP (UK) LIMITED.",2012,Angola,Other Crudes - Angola,56.9
Source: Energy Intelligence,"COPYRIGHT © 2001-2021 ENERGY INTELLIGENCE GROUP, INC. / ENERGY INTELLIGENCE GROUP (UK) LIMITED.",2011,Angola,Other Crudes - Angola,64.43
Source: Energy Intelligence,"COPYRIGHT © 2001-2021 ENERGY INTELLIGENCE GROUP, INC. / ENERGY INTELLIGENCE GROUP (UK) LIMITED.",2010,Angola,Other Crudes - Angola,9.99
Source: Energy Intelligence,"COPYRIGHT © 2001-2021 ENERGY INTELLIGENCE GROUP, INC. / ENERGY INTELLIGENCE GROUP (UK) LIMITED.",2009,Angola,Other Crudes - Angola,17.81
Source: Energy Intelligence,"COPYRIGHT © 2001-2021 ENERGY INTELLIGENCE GROUP, INC. / ENERGY INTELLIGENCE GROUP (UK) LIMITED.",2008,Angola,Other Crudes - Angola,12.13
Source: Energy Intelligence,"COPYRIGHT © 2001-2021 ENERGY INTELLIGENCE GROUP, INC. / ENERGY INTELLIGENCE GROUP (UK) LIMITED.",2007,Angola,Other Crudes - Angola,28.09
Source: Energy Intelligence,"COPYRIGHT © 2001-2021 ENERGY INTELLIGENCE GROUP, INC. / ENERGY INTELLIGENCE GROUP (UK) LIMITED.",2006,Angola,Other Crudes - Angola,49.25
Source: Energy Intelligence,"COPYRIGHT © 2001-2021 ENERGY INTELLIGENCE GROUP, INC. / ENERGY INTELLIGENCE GROUP (UK) LIMITED.",2022,Gabon,Oguendjo Blend,10.96
Source: Energy Intelligence,"COPYRIGHT © 2001-2021 ENERGY INTELLIGENCE GROUP, INC. / ENERGY INTELLIGENCE GROUP (UK) LIMITED.",2021,Gabon,Oguendjo Blend,41.64
Source: Energy Intelligence,"COPYRIGHT © 2001-2021 ENERGY INTELLIGENCE GROUP, INC. / ENERGY INTELLIGENCE GROUP (UK) LIMITED.",2020,Gabon,Oguendjo Blend,39.37
Source: Energy Intelligence,"COPYRIGHT © 2001-2021 ENERGY INTELLIGENCE GROUP, INC. / ENERGY INTELLIGENCE GROUP (UK) LIMITED.",2019,Gabon,Oguendjo Blend,46.33
Source: Energy Intelligence,"COPYRIGHT © 2001-2021 ENERGY INTELLIGENCE GROUP, INC. / ENERGY INTELLIGENCE GROUP (UK) LIMITED.",2018,Gabon,Oguendjo Blend,43.2
Source: Energy Intelligence,"COPYRIGHT © 2001-2021 ENERGY INTELLIGENCE GROUP, INC. / ENERGY INTELLIGENCE GROUP (UK) LIMITED.",2017,Gabon,Oguendjo Blend,42.2
Source: Energy Intelligence,"COPYRIGHT © 2001-2021 ENERGY INTELLIGENCE GROUP, INC. / ENERGY INTELLIGENCE GROUP (UK) LIMITED.",2016,Gabon,Oguendjo Blend,50.2
Source: Energy Intelligence,"COPYRIGHT © 2001-2021 ENERGY INTELLIGENCE GROUP, INC. / ENERGY INTELLIGENCE GROUP (UK) LIMITED.",2015,Gabon,Oguendjo Blend,50
Source: Energy Intelligence,"COPYRIGHT © 2001-2021 ENERGY INTELLIGENCE GROUP, INC. / ENERGY INTELLIGENCE GROUP (UK) LIMITED.",2024,Norway,Balder,27
Source: Energy Intelligence,"COPYRIGHT © 2001-2021 ENERGY INTELLIGENCE GROUP, INC. / ENERGY INTELLIGENCE GROUP (UK) LIMITED.",2023,Norway,Balder,11
Source: Energy Intelligence,"COPYRIGHT © 2001-2021 ENERGY INTELLIGENCE GROUP, INC. / ENERGY INTELLIGENCE GROUP (UK) LIMITED.",2022,Norway,Balder,9
Source: Energy Intelligence,"COPYRIGHT © 2001-2021 ENERGY INTELLIGENCE GROUP, INC. / ENERGY INTELLIGENCE GROUP (UK) LIMITED.",2021,Norway,Balder,10.99
Source: Energy Intelligence,"COPYRIGHT © 2001-2021 ENERGY INTELLIGENCE GROUP, INC. / ENERGY INTELLIGENCE GROUP (UK) LIMITED.",2020,Norway,Balder,10.71
Source: Energy Intelligence,"COPYRIGHT © 2001-2021 ENERGY INTELLIGENCE GROUP, INC. / ENERGY INTELLIGENCE GROUP (UK) LIMITED.",2019,Norway,Balder,14.33
Source: Energy Intelligence,"COPYRIGHT © 2001-2021 ENERGY INTELLIGENCE GROUP, INC. / ENERGY INTELLIGENCE GROUP (UK) LIMITED.",2018,Norway,Balder,13.08
Source: Energy Intelligence,"COPYRIGHT © 2001-2021 ENERGY INTELLIGENCE GROUP, INC. / ENERGY INTELLIGENCE GROUP (UK) LIMITED.",2017,Norway,Balder,22.04
Source: Energy Intelligence,"COPYRIGHT © 2001-2021 ENERGY INTELLIGENCE GROUP, INC. / ENERGY INTELLIGENCE GROUP (UK) LIMITED.",2016,Norway,Balder,27.94
Source: Energy Intelligence,"COPYRIGHT © 2001-2021 ENERGY INTELLIGENCE GROUP, INC. / ENERGY INTELLIGENCE GROUP (UK) LIMITED.",2015,Norway,Balder,27.15
Source: Energy Intelligence,"COPYRIGHT © 2001-2021 ENERGY INTELLIGENCE GROUP, INC. / ENERGY INTELLIGENCE GROUP (UK) LIMITED.",2014,Norway,Balder,28.49
Source: Energy Intelligence,"COPYRIGHT © 2001-2021 ENERGY INTELLIGENCE GROUP, INC. / ENERGY INTELLIGENCE GROUP (UK) LIMITED.",2013,Norway,Balder,25.33
Source: Energy Intelligence,"COPYRIGHT © 2001-2021 ENERGY INTELLIGENCE GROUP, INC. / ENERGY INTELLIGENCE GROUP (UK) LIMITED.",2012,Norway,Balder,25.38
Source: Energy Intelligence,"COPYRIGHT © 2001-2021 ENERGY INTELLIGENCE GROUP, INC. / ENERGY INTELLIGENCE GROUP (UK) LIMITED.",2011,Norway,Balder,29.55
Source: Energy Intelligence,"COPYRIGHT © 2001-2021 ENERGY INTELLIGENCE GROUP, INC. / ENERGY INTELLIGENCE GROUP (UK) LIMITED.",2010,Norway,Balder,45.63
Source: Energy Intelligence,"COPYRIGHT © 2001-2021 ENERGY INTELLIGENCE GROUP, INC. / ENERGY INTELLIGENCE GROUP (UK) LIMITED.",2009,Norway,Balder,75.51
Source: Energy Intelligence,"COPYRIGHT © 2001-2021 ENERGY INTELLIGENCE GROUP, INC. / ENERGY INTELLIGENCE GROUP (UK) LIMITED.",2008,Norway,Balder,101.09
Source: Energy Intelligence,"COPYRIGHT © 2001-2021 ENERGY INTELLIGENCE GROUP, INC. / ENERGY INTELLIGENCE GROUP (UK) LIMITED.",2007,Norway,Balder,119.34
Source: Energy Intelligence,"COPYRIGHT © 2001-2021 ENERGY INTELLIGENCE GROUP, INC. / ENERGY INTELLIGENCE GROUP (UK) LIMITED.",2006,Norway,Balder,122.04
Source: Energy Intelligence,"COPYRIGHT © 2001-2021 ENERGY INTELLIGENCE GROUP, INC. / ENERGY INTELLIGENCE GROUP (UK) LIMITED.",2024,United Kingdom,Clair,55
Source: Energy Intelligence,"COPYRIGHT © 2001-2021 ENERGY INTELLIGENCE GROUP, INC. / ENERGY INTELLIGENCE GROUP (UK) LIMITED.",2023,United Kingdom,Clair,61.21
Source: Energy Intelligence,"COPYRIGHT © 2001-2021 ENERGY INTELLIGENCE GROUP, INC. / ENERGY INTELLIGENCE GROUP (UK) LIMITED.",2022,United Kingdom,Clair,66
Source: Energy Intelligence,"COPYRIGHT © 2001-2021 ENERGY INTELLIGENCE GROUP, INC. / ENERGY INTELLIGENCE GROUP (UK) LIMITED.",2021,United Kingdom,Clair,68
Source: Energy Intelligence,"COPYRIGHT © 2001-2021 ENERGY INTELLIGENCE GROUP, INC. / ENERGY INTELLIGENCE GROUP (UK) LIMITED.",2020,United Kingdom,Clair,64
Source: Energy Intelligence,"COPYRIGHT © 2001-2021 ENERGY INTELLIGENCE GROUP, INC. / ENERGY INTELLIGENCE GROUP (UK) LIMITED.",2019,United Kingdom,Clair,62
Source: Energy Intelligence,"COPYRIGHT © 2001-2021 ENERGY INTELLIGENCE GROUP, INC. / ENERGY INTELLIGENCE GROUP (UK) LIMITED.",2018,United Kingdom,Clair,0
Source: Energy Intelligence,"COPYRIGHT © 2001-2021 ENERGY INTELLIGENCE GROUP, INC. / ENERGY INTELLIGENCE GROUP (UK) LIMITED.",2017,United Kingdom,Clair,18.99
Source: Energy Intelligence,"COPYRIGHT © 2001-2021 ENERGY INTELLIGENCE GROUP, INC. / ENERGY INTELLIGENCE GROUP (UK) LIMITED.",2016,United Kingdom,Clair,20
Source: Energy Intelligence,"COPYRIGHT © 2001-2021 ENERGY INTELLIGENCE GROUP, INC. / ENERGY INTELLIGENCE GROUP (UK) LIMITED.",2013,United Kingdom,Clair,10
Source: Energy Intelligence,"COPYRIGHT © 2001-2021 ENERGY INTELLIGENCE GROUP, INC. / ENERGY INTELLIGENCE GROUP (UK) LIMITED.",2012,United Kingdom,Clair,18
Source: Energy Intelligence,"COPYRIGHT © 2001-2021 ENERGY INTELLIGENCE GROUP, INC. / ENERGY INTELLIGENCE GROUP (UK) LIMITED.",2011,United Kingdom,Clair,30
Source: Energy Intelligence,"COPYRIGHT © 2001-2021 ENERGY INTELLIGENCE GROUP, INC. / ENERGY INTELLIGENCE GROUP (UK) LIMITED.",2009,United Kingdom,Clair,51
Source: Energy Intelligence,"COPYRIGHT © 2001-2021 ENERGY INTELLIGENCE GROUP, INC. / ENERGY INTELLIGENCE GROUP (UK) LIMITED.",2008,United Kingdom,Clair,46
Source: Energy Intelligence,"COPYRIGHT © 2001-2021 ENERGY INTELLIGENCE GROUP, INC. / ENERGY INTELLIGENCE GROUP (UK) LIMITED.",2007,United Kingdom,Clair,29
Source: Energy Intelligence,"COPYRIGHT © 2001-2021 ENERGY INTELLIGENCE GROUP, INC. / ENERGY INTELLIGENCE GROUP (UK) LIMITED.",2006,United Kingdom,Clair,25
Source: Energy Intelligence,"COPYRIGHT © 2001-2021 ENERGY INTELLIGENCE GROUP, INC. / ENERGY INTELLIGENCE GROUP (UK) LIMITED.",2024,Brunei,Champion,14.86
Source: Energy Intelligence,"COPYRIGHT © 2001-2021 ENERGY INTELLIGENCE GROUP, INC. / ENERGY INTELLIGENCE GROUP (UK) LIMITED.",2023,Brunei,Champion,14.35
Source: Energy Intelligence,"COPYRIGHT © 2001-2021 ENERGY INTELLIGENCE GROUP, INC. / ENERGY INTELLIGENCE GROUP (UK) LIMITED.",2022,Brunei,Champion,13.53
Source: Energy Intelligence,"COPYRIGHT © 2001-2021 ENERGY INTELLIGENCE GROUP, INC. / ENERGY INTELLIGENCE GROUP (UK) LIMITED.",2021,Brunei,Champion,20.48
Source: Energy Intelligence,"COPYRIGHT © 2001-2021 ENERGY INTELLIGENCE GROUP, INC. / ENERGY INTELLIGENCE GROUP (UK) LIMITED.",2020,Brunei,Champion,27.15
Source: Energy Intelligence,"COPYRIGHT © 2001-2021 ENERGY INTELLIGENCE GROUP, INC. / ENERGY INTELLIGENCE GROUP (UK) LIMITED.",2019,Brunei,Champion,34.24
Source: Energy Intelligence,"COPYRIGHT © 2001-2021 ENERGY INTELLIGENCE GROUP, INC. / ENERGY INTELLIGENCE GROUP (UK) LIMITED.",2018,Brunei,Champion,36
Source: Energy Intelligence,"COPYRIGHT © 2001-2021 ENERGY INTELLIGENCE GROUP, INC. / ENERGY INTELLIGENCE GROUP (UK) LIMITED.",2017,Brunei,Champion,39.7
Source: Energy Intelligence,"COPYRIGHT © 2001-2021 ENERGY INTELLIGENCE GROUP, INC. / ENERGY INTELLIGENCE GROUP (UK) LIMITED.",2016,Brunei,Champion,42.03
Source: Energy Intelligence,"COPYRIGHT © 2001-2021 ENERGY INTELLIGENCE GROUP, INC. / ENERGY INTELLIGENCE GROUP (UK) LIMITED.",2015,Brunei,Champion,43.77
Source: Energy Intelligence,"COPYRIGHT © 2001-2021 ENERGY INTELLIGENCE GROUP, INC. / ENERGY INTELLIGENCE GROUP (UK) LIMITED.",2014,Brunei,Champion,43.91
Source: Energy Intelligence,"COPYRIGHT © 2001-2021 ENERGY INTELLIGENCE GROUP, INC. / ENERGY INTELLIGENCE GROUP (UK) LIMITED.",2013,Brunei,Champion,45.77
Source: Energy Intelligence,"COPYRIGHT © 2001-2021 ENERGY INTELLIGENCE GROUP, INC. / ENERGY INTELLIGENCE GROUP (UK) LIMITED.",2012,Brunei,Champion,46.33
Source: Energy Intelligence,"COPYRIGHT © 2001-2021 ENERGY INTELLIGENCE GROUP, INC. / ENERGY INTELLIGENCE GROUP (UK) LIMITED.",2011,Brunei,Champion,49.76
Source: Energy Intelligence,"COPYRIGHT © 2001-2021 ENERGY INTELLIGENCE GROUP, INC. / ENERGY INTELLIGENCE GROUP (UK) LIMITED.",2010,Brunei,Champion,55
Source: Energy Intelligence,"COPYRIGHT © 2001-2021 ENERGY INTELLIGENCE GROUP, INC. / ENERGY INTELLIGENCE GROUP (UK) LIMITED.",2009,Brunei,Champion,47
Source: Energy Intelligence,"COPYRIGHT © 2001-2021 ENERGY INTELLIGENCE GROUP, INC. / ENERGY INTELLIGENCE GROUP (UK) LIMITED.",2008,Brunei,Champion,51.7
Source: Energy Intelligence,"COPYRIGHT © 2001-2021 ENERGY INTELLIGENCE GROUP, INC. / ENERGY INTELLIGENCE GROUP (UK) LIMITED.",2007,Brunei,Champion,51.7
Source: Energy Intelligence,"COPYRIGHT © 2001-2021 ENERGY INTELLIGENCE GROUP, INC. / ENERGY INTELLIGENCE GROUP (UK) LIMITED.",2006,Brunei,Champion,60
Source: Energy Intelligence,"COPYRIGHT © 2001-2021 ENERGY INTELLIGENCE GROUP, INC. / ENERGY INTELLIGENCE GROUP (UK) LIMITED.",2024,Indonesia,Duri,0
Source: Energy Intelligence,"COPYRIGHT © 2001-2021 ENERGY INTELLIGENCE GROUP, INC. / ENERGY INTELLIGENCE GROUP (UK) LIMITED.",2023,Indonesia,Duri,0
Source: Energy Intelligence,"COPYRIGHT © 2001-2021 ENERGY INTELLIGENCE GROUP, INC. / ENERGY INTELLIGENCE GROUP (UK) LIMITED.",2022,Indonesia,Duri,0
Source: Energy Intelligence,"COPYRIGHT © 2001-2021 ENERGY INTELLIGENCE GROUP, INC. / ENERGY INTELLIGENCE GROUP (UK) LIMITED.",2021,Indonesia,Duri,0.68
Source: Energy Intelligence,"COPYRIGHT © 2001-2021 ENERGY INTELLIGENCE GROUP, INC. / ENERGY INTELLIGENCE GROUP (UK) LIMITED.",2020,Indonesia,Duri,0
Source: Energy Intelligence,"COPYRIGHT © 2001-2021 ENERGY INTELLIGENCE GROUP, INC. / ENERGY INTELLIGENCE GROUP (UK) LIMITED.",2019,Indonesia,Duri,3
Source: Energy Intelligence,"COPYRIGHT © 2001-2021 ENERGY INTELLIGENCE GROUP, INC. / ENERGY INTELLIGENCE GROUP (UK) LIMITED.",2018,Indonesia,Duri,20
Source: Energy Intelligence,"COPYRIGHT © 2001-2021 ENERGY INTELLIGENCE GROUP, INC. / ENERGY INTELLIGENCE GROUP (UK) LIMITED.",2017,Indonesia,Duri,50
Source: Energy Intelligence,"COPYRIGHT © 2001-2021 ENERGY INTELLIGENCE GROUP, INC. / ENERGY INTELLIGENCE GROUP (UK) LIMITED.",2016,Indonesia,Duri,56
Source: Energy Intelligence,"COPYRIGHT © 2001-2021 ENERGY INTELLIGENCE GROUP, INC. / ENERGY INTELLIGENCE GROUP (UK) LIMITED.",2015,Indonesia,Duri,46
Source: Energy Intelligence,"COPYRIGHT © 2001-2021 ENERGY INTELLIGENCE GROUP, INC. / ENERGY INTELLIGENCE GROUP (UK) LIMITED.",2014,Indonesia,Duri,55
Source: Energy Intelligence,"COPYRIGHT © 2001-2021 ENERGY INTELLIGENCE GROUP, INC. / ENERGY INTELLIGENCE GROUP (UK) LIMITED.",2013,Indonesia,Duri,65
Source: Energy Intelligence,"COPYRIGHT © 2001-2021 ENERGY INTELLIGENCE GROUP, INC. / ENERGY INTELLIGENCE GROUP (UK) LIMITED.",2012,Indonesia,Duri,65
Source: Energy Intelligence,"COPYRIGHT © 2001-2021 ENERGY INTELLIGENCE GROUP, INC. / ENERGY INTELLIGENCE GROUP (UK) LIMITED.",2011,Indonesia,Duri,65
Source: Energy Intelligence,"COPYRIGHT © 2001-2021 ENERGY INTELLIGENCE GROUP, INC. / ENERGY INTELLIGENCE GROUP (UK) LIMITED.",2010,Indonesia,Duri,62
Source: Energy Intelligence,"COPYRIGHT © 2001-2021 ENERGY INTELLIGENCE GROUP, INC. / ENERGY INTELLIGENCE GROUP (UK) LIMITED.",2009,Indonesia,Duri,61
Source: Energy Intelligence,"COPYRIGHT © 2001-2021 ENERGY INTELLIGENCE GROUP, INC. / ENERGY INTELLIGENCE GROUP (UK) LIMITED.",2008,Indonesia,Duri,64.5
Source: Energy Intelligence,"COPYRIGHT © 2001-2021 ENERGY INTELLIGENCE GROUP, INC. / ENERGY INTELLIGENCE GROUP (UK) LIMITED.",2007,Indonesia,Duri,59.5
Source: Energy Intelligence,"COPYRIGHT © 2001-2021 ENERGY INTELLIGENCE GROUP, INC. / ENERGY INTELLIGENCE GROUP (UK) LIMITED.",2006,Indonesia,Duri,62.7
Source: Energy Intelligence,"COPYRIGHT © 2001-2021 ENERGY INTELLIGENCE GROUP, INC. / ENERGY INTELLIGENCE GROUP (UK) LIMITED.",2018,Nigeria,Okono Blend,17.7
Source: Energy Intelligence,"COPYRIGHT © 2001-2021 ENERGY INTELLIGENCE GROUP, INC. / ENERGY INTELLIGENCE GROUP (UK) LIMITED.",2017,Nigeria,Okono Blend,21.66
Source: Energy Intelligence,"COPYRIGHT © 2001-2021 ENERGY INTELLIGENCE GROUP, INC. / ENERGY INTELLIGENCE GROUP (UK) LIMITED.",2016,Nigeria,Okono Blend,22.82
Source: Energy Intelligence,"COPYRIGHT © 2001-2021 ENERGY INTELLIGENCE GROUP, INC. / ENERGY INTELLIGENCE GROUP (UK) LIMITED.",2015,Nigeria,Okono Blend,23.2
Source: Energy Intelligence,"COPYRIGHT © 2001-2021 ENERGY INTELLIGENCE GROUP, INC. / ENERGY INTELLIGENCE GROUP (UK) LIMITED.",2014,Nigeria,Okono Blend,35.1
Source: Energy Intelligence,"COPYRIGHT © 2001-2021 ENERGY INTELLIGENCE GROUP, INC. / ENERGY INTELLIGENCE GROUP (UK) LIMITED.",2013,Nigeria,Okono Blend,40.87
Source: Energy Intelligence,"COPYRIGHT © 2001-2021 ENERGY INTELLIGENCE GROUP, INC. / ENERGY INTELLIGENCE GROUP (UK) LIMITED.",2012,Nigeria,Okono Blend,36.85
Source: Energy Intelligence,"COPYRIGHT © 2001-2021 ENERGY INTELLIGENCE GROUP, INC. / ENERGY INTELLIGENCE GROUP (UK) LIMITED.",2011,Nigeria,Okono Blend,43.06
Source: Energy Intelligence,"COPYRIGHT © 2001-2021 ENERGY INTELLIGENCE GROUP, INC. / ENERGY INTELLIGENCE GROUP (UK) LIMITED.",2010,Nigeria,Okono Blend,49.86
Source: Energy Intelligence,"COPYRIGHT © 2001-2021 ENERGY INTELLIGENCE GROUP, INC. / ENERGY INTELLIGENCE GROUP (UK) LIMITED.",2009,Nigeria,Okono Blend,58
Source: Energy Intelligence,"COPYRIGHT © 2001-2021 ENERGY INTELLIGENCE GROUP, INC. / ENERGY INTELLIGENCE GROUP (UK) LIMITED.",2008,Nigeria,Okono Blend,31
Source: Energy Intelligence,"COPYRIGHT © 2001-2021 ENERGY INTELLIGENCE GROUP, INC. / ENERGY INTELLIGENCE GROUP (UK) LIMITED.",2007,Nigeria,Okono Blend,49
Source: Energy Intelligence,"COPYRIGHT © 2001-2021 ENERGY INTELLIGENCE GROUP, INC. / ENERGY INTELLIGENCE GROUP (UK) LIMITED.",2006,Nigeria,Okono Blend,61.1
Source: Energy Intelligence,"COPYRIGHT © 2001-2021 ENERGY INTELLIGENCE GROUP, INC. / ENERGY INTELLIGENCE GROUP (UK) LIMITED.",2024,Norway,Gudrun Blend,0
Source: Energy Intelligence,"COPYRIGHT © 2001-2021 ENERGY INTELLIGENCE GROUP, INC. / ENERGY INTELLIGENCE GROUP (UK) LIMITED.",2023,Norway,Gudrun Blend,0
Source: Energy Intelligence,"COPYRIGHT © 2001-2021 ENERGY INTELLIGENCE GROUP, INC. / ENERGY INTELLIGENCE GROUP (UK) LIMITED.",2022,Norway,Gudrun Blend,25.77
Source: Energy Intelligence,"COPYRIGHT © 2001-2021 ENERGY INTELLIGENCE GROUP, INC. / ENERGY INTELLIGENCE GROUP (UK) LIMITED.",2021,Norway,Gudrun Blend,27.53
Source: Energy Intelligence,"COPYRIGHT © 2001-2021 ENERGY INTELLIGENCE GROUP, INC. / ENERGY INTELLIGENCE GROUP (UK) LIMITED.",2020,Norway,Gudrun Blend,39.93
Source: Energy Intelligence,"COPYRIGHT © 2001-2021 ENERGY INTELLIGENCE GROUP, INC. / ENERGY INTELLIGENCE GROUP (UK) LIMITED.",2019,Norway,Gudrun Blend,56.73
Source: Energy Intelligence,"COPYRIGHT © 2001-2021 ENERGY INTELLIGENCE GROUP, INC. / ENERGY INTELLIGENCE GROUP (UK) LIMITED.",2018,Norway,Gudrun Blend,68.78
Source: Energy Intelligence,"COPYRIGHT © 2001-2021 ENERGY INTELLIGENCE GROUP, INC. / ENERGY INTELLIGENCE GROUP (UK) LIMITED.",2017,Norway,Gudrun Blend,66.53
Source: Energy Intelligence,"COPYRIGHT © 2001-2021 ENERGY INTELLIGENCE GROUP, INC. / ENERGY INTELLIGENCE GROUP (UK) LIMITED.",2016,Norway,Gudrun Blend,57.15
Source: Energy Intelligence,"COPYRIGHT © 2001-2021 ENERGY INTELLIGENCE GROUP, INC. / ENERGY INTELLIGENCE GROUP (UK) LIMITED.",2015,Norway,Gudrun Blend,47.31
Source: Energy Intelligence,"COPYRIGHT © 2001-2021 ENERGY INTELLIGENCE GROUP, INC. / ENERGY INTELLIGENCE GROUP (UK) LIMITED.",2014,Norway,Gudrun Blend,24.05
Source: Energy Intelligence,"COPYRIGHT © 2001-2021 ENERGY INTELLIGENCE GROUP, INC. / ENERGY INTELLIGENCE GROUP (UK) LIMITED.",2024,Australia,Wheatstone Condensate,31.5
Source: Energy Intelligence,"COPYRIGHT © 2001-2021 ENERGY INTELLIGENCE GROUP, INC. / ENERGY INTELLIGENCE GROUP (UK) LIMITED.",2023,Australia,Wheatstone Condensate,31.5
Source: Energy Intelligence,"COPYRIGHT © 2001-2021 ENERGY INTELLIGENCE GROUP, INC. / ENERGY INTELLIGENCE GROUP (UK) LIMITED.",2022,Australia,Wheatstone Condensate,33
Source: Energy Intelligence,"COPYRIGHT © 2001-2021 ENERGY INTELLIGENCE GROUP, INC. / ENERGY INTELLIGENCE GROUP (UK) LIMITED.",2021,Australia,Wheatstone Condensate,36.88
Source: Energy Intelligence,"COPYRIGHT © 2001-2021 ENERGY INTELLIGENCE GROUP, INC. / ENERGY INTELLIGENCE GROUP (UK) LIMITED.",2020,Australia,Wheatstone Condensate,51.93
Source: Energy Intelligence,"COPYRIGHT © 2001-2021 ENERGY INTELLIGENCE GROUP, INC. / ENERGY INTELLIGENCE GROUP (UK) LIMITED.",2019,Australia,Wheatstone Condensate,48.85
Source: Energy Intelligence,"COPYRIGHT © 2001-2021 ENERGY INTELLIGENCE GROUP, INC. / ENERGY INTELLIGENCE GROUP (UK) LIMITED.",2018,Australia,Wheatstone Condensate,29.27
Source: Energy Intelligence,"COPYRIGHT © 2001-2021 ENERGY INTELLIGENCE GROUP, INC. / ENERGY INTELLIGENCE GROUP (UK) LIMITED.",2023,Papua New Guinea,Kutubu,25.67
Source: Energy Intelligence,"COPYRIGHT © 2001-2021 ENERGY INTELLIGENCE GROUP, INC. / ENERGY INTELLIGENCE GROUP (UK) LIMITED.",2022,Papua New Guinea,Kutubu,31
Source: Energy Intelligence,"COPYRIGHT © 2001-2021 ENERGY INTELLIGENCE GROUP, INC. / ENERGY INTELLIGENCE GROUP (UK) LIMITED.",2021,Papua New Guinea,Kutubu,34.7
Source: Energy Intelligence,"COPYRIGHT © 2001-2021 ENERGY INTELLIGENCE GROUP, INC. / ENERGY INTELLIGENCE GROUP (UK) LIMITED.",2020,Papua New Guinea,Kutubu,38.86
Source: Energy Intelligence,"COPYRIGHT © 2001-2021 ENERGY INTELLIGENCE GROUP, INC. / ENERGY INTELLIGENCE GROUP (UK) LIMITED.",2019,Papua New Guinea,Kutubu,34.73
Source: Energy Intelligence,"COPYRIGHT © 2001-2021 ENERGY INTELLIGENCE GROUP, INC. / ENERGY INTELLIGENCE GROUP (UK) LIMITED.",2018,Papua New Guinea,Kutubu,35.24
Source: Energy Intelligence,"COPYRIGHT © 2001-2021 ENERGY INTELLIGENCE GROUP, INC. / ENERGY INTELLIGENCE GROUP (UK) LIMITED.",2017,Papua New Guinea,Kutubu,49.99
Source: Energy Intelligence,"COPYRIGHT © 2001-2021 ENERGY INTELLIGENCE GROUP, INC. / ENERGY INTELLIGENCE GROUP (UK) LIMITED.",2016,Papua New Guinea,Kutubu,55.46
Source: Energy Intelligence,"COPYRIGHT © 2001-2021 ENERGY INTELLIGENCE GROUP, INC. / ENERGY INTELLIGENCE GROUP (UK) LIMITED.",2015,Papua New Guinea,Kutubu,56.8
Source: Energy Intelligence,"COPYRIGHT © 2001-2021 ENERGY INTELLIGENCE GROUP, INC. / ENERGY INTELLIGENCE GROUP (UK) LIMITED.",2014,Papua New Guinea,Kutubu,46.07
Source: Energy Intelligence,"COPYRIGHT © 2001-2021 ENERGY INTELLIGENCE GROUP, INC. / ENERGY INTELLIGENCE GROUP (UK) LIMITED.",2013,Papua New Guinea,Kutubu,29.61
Source: Energy Intelligence,"COPYRIGHT © 2001-2021 ENERGY INTELLIGENCE GROUP, INC. / ENERGY INTELLIGENCE GROUP (UK) LIMITED.",2012,Papua New Guinea,Kutubu,28.4
Source: Energy Intelligence,"COPYRIGHT © 2001-2021 ENERGY INTELLIGENCE GROUP, INC. / ENERGY INTELLIGENCE GROUP (UK) LIMITED.",2011,Papua New Guinea,Kutubu,31.07
Source: Energy Intelligence,"COPYRIGHT © 2001-2021 ENERGY INTELLIGENCE GROUP, INC. / ENERGY INTELLIGENCE GROUP (UK) LIMITED.",2010,Papua New Guinea,Kutubu,32.5
Source: Energy Intelligence,"COPYRIGHT © 2001-2021 ENERGY INTELLIGENCE GROUP, INC. / ENERGY INTELLIGENCE GROUP (UK) LIMITED.",2009,Papua New Guinea,Kutubu,34
Source: Energy Intelligence,"COPYRIGHT © 2001-2021 ENERGY INTELLIGENCE GROUP, INC. / ENERGY INTELLIGENCE GROUP (UK) LIMITED.",2008,Papua New Guinea,Kutubu,33.3
Source: Energy Intelligence,"COPYRIGHT © 2001-2021 ENERGY INTELLIGENCE GROUP, INC. / ENERGY INTELLIGENCE GROUP (UK) LIMITED.",2007,Papua New Guinea,Kutubu,37.8
Source: Energy Intelligence,"COPYRIGHT © 2001-2021 ENERGY INTELLIGENCE GROUP, INC. / ENERGY INTELLIGENCE GROUP (UK) LIMITED.",2006,Papua New Guinea,Kutubu,39.8
Source: Energy Intelligence,"COPYRIGHT © 2001-2021 ENERGY INTELLIGENCE GROUP, INC. / ENERGY INTELLIGENCE GROUP (UK) LIMITED.",2015,Vietnam,Rang Dong,20
Source: Energy Intelligence,"COPYRIGHT © 2001-2021 ENERGY INTELLIGENCE GROUP, INC. / ENERGY INTELLIGENCE GROUP (UK) LIMITED.",2009,Vietnam,Rang Dong,37.2
Source: Energy Intelligence,"COPYRIGHT © 2001-2021 ENERGY INTELLIGENCE GROUP, INC. / ENERGY INTELLIGENCE GROUP (UK) LIMITED.",2008,Vietnam,Rang Dong,35
Source: Energy Intelligence,"COPYRIGHT © 2001-2021 ENERGY INTELLIGENCE GROUP, INC. / ENERGY INTELLIGENCE GROUP (UK) LIMITED.",2007,Vietnam,Rang Dong,40
Source: Energy Intelligence,"COPYRIGHT © 2001-2021 ENERGY INTELLIGENCE GROUP, INC. / ENERGY INTELLIGENCE GROUP (UK) LIMITED.",2006,Vietnam,Rang Dong,55
Source: Energy Intelligence,"COPYRIGHT © 2001-2021 ENERGY INTELLIGENCE GROUP, INC. / ENERGY INTELLIGENCE GROUP (UK) LIMITED.",2024,Syria,Souedieh,0
Source: Energy Intelligence,"COPYRIGHT © 2001-2021 ENERGY INTELLIGENCE GROUP, INC. / ENERGY INTELLIGENCE GROUP (UK) LIMITED.",2023,Syria,Souedieh,0
Source: Energy Intelligence,"COPYRIGHT © 2001-2021 ENERGY INTELLIGENCE GROUP, INC. / ENERGY INTELLIGENCE GROUP (UK) LIMITED.",2022,Syria,Souedieh,0
Source: Energy Intelligence,"COPYRIGHT © 2001-2021 ENERGY INTELLIGENCE GROUP, INC. / ENERGY INTELLIGENCE GROUP (UK) LIMITED.",2021,Syria,Souedieh,0
Source: Energy Intelligence,"COPYRIGHT © 2001-2021 ENERGY INTELLIGENCE GROUP, INC. / ENERGY INTELLIGENCE GROUP (UK) LIMITED.",2020,Syria,Souedieh,0
Source: Energy Intelligence,"COPYRIGHT © 2001-2021 ENERGY INTELLIGENCE GROUP, INC. / ENERGY INTELLIGENCE GROUP (UK) LIMITED.",2019,Syria,Souedieh,0
Source: Energy Intelligence,"COPYRIGHT © 2001-2021 ENERGY INTELLIGENCE GROUP, INC. / ENERGY INTELLIGENCE GROUP (UK) LIMITED.",2018,Syria,Souedieh,0
Source: Energy Intelligence,"COPYRIGHT © 2001-2021 ENERGY INTELLIGENCE GROUP, INC. / ENERGY INTELLIGENCE GROUP (UK) LIMITED.",2017,Syria,Souedieh,0
Source: Energy Intelligence,"COPYRIGHT © 2001-2021 ENERGY INTELLIGENCE GROUP, INC. / ENERGY INTELLIGENCE GROUP (UK) LIMITED.",2016,Syria,Souedieh,0
Source: Energy Intelligence,"COPYRIGHT © 2001-2021 ENERGY INTELLIGENCE GROUP, INC. / ENERGY INTELLIGENCE GROUP (UK) LIMITED.",2015,Syria,Souedieh,0
Source: Energy Intelligence,"COPYRIGHT © 2001-2021 ENERGY INTELLIGENCE GROUP, INC. / ENERGY INTELLIGENCE GROUP (UK) LIMITED.",2012,Syria,Souedieh,8
Source: Energy Intelligence,"COPYRIGHT © 2001-2021 ENERGY INTELLIGENCE GROUP, INC. / ENERGY INTELLIGENCE GROUP (UK) LIMITED.",2011,Syria,Souedieh,76.7
Source: Energy Intelligence,"COPYRIGHT © 2001-2021 ENERGY INTELLIGENCE GROUP, INC. / ENERGY INTELLIGENCE GROUP (UK) LIMITED.",2010,Syria,Souedieh,115
Source: Energy Intelligence,"COPYRIGHT © 2001-2021 ENERGY INTELLIGENCE GROUP, INC. / ENERGY INTELLIGENCE GROUP (UK) LIMITED.",2009,Syria,Souedieh,110
Source: Energy Intelligence,"COPYRIGHT © 2001-2021 ENERGY INTELLIGENCE GROUP, INC. / ENERGY INTELLIGENCE GROUP (UK) LIMITED.",2008,Syria,Souedieh,105
Source: Energy Intelligence,"COPYRIGHT © 2001-2021 ENERGY INTELLIGENCE GROUP, INC. / ENERGY INTELLIGENCE GROUP (UK) LIMITED.",2007,Syria,Souedieh,110
Source: Energy Intelligence,"COPYRIGHT © 2001-2021 ENERGY INTELLIGENCE GROUP, INC. / ENERGY INTELLIGENCE GROUP (UK) LIMITED.",2006,Syria,Souedieh,110
Source: Energy Intelligence,"COPYRIGHT © 2001-2021 ENERGY INTELLIGENCE GROUP, INC. / ENERGY INTELLIGENCE GROUP (UK) LIMITED.",2024,Libya,Brega,20
Source: Energy Intelligence,"COPYRIGHT © 2001-2021 ENERGY INTELLIGENCE GROUP, INC. / ENERGY INTELLIGENCE GROUP (UK) LIMITED.",2023,Libya,Brega,20
Source: Energy Intelligence,"COPYRIGHT © 2001-2021 ENERGY INTELLIGENCE GROUP, INC. / ENERGY INTELLIGENCE GROUP (UK) LIMITED.",2022,Libya,Brega,15
Source: Energy Intelligence,"COPYRIGHT © 2001-2021 ENERGY INTELLIGENCE GROUP, INC. / ENERGY INTELLIGENCE GROUP (UK) LIMITED.",2021,Libya,Brega,20
Source: Energy Intelligence,"COPYRIGHT © 2001-2021 ENERGY INTELLIGENCE GROUP, INC. / ENERGY INTELLIGENCE GROUP (UK) LIMITED.",2020,Libya,Brega,6
Source: Energy Intelligence,"COPYRIGHT © 2001-2021 ENERGY INTELLIGENCE GROUP, INC. / ENERGY INTELLIGENCE GROUP (UK) LIMITED.",2019,Libya,Brega,20
Source: Energy Intelligence,"COPYRIGHT © 2001-2021 ENERGY INTELLIGENCE GROUP, INC. / ENERGY INTELLIGENCE GROUP (UK) LIMITED.",2018,Libya,Brega,20
Source: Energy Intelligence,"COPYRIGHT © 2001-2021 ENERGY INTELLIGENCE GROUP, INC. / ENERGY INTELLIGENCE GROUP (UK) LIMITED.",2017,Libya,Brega,30
Source: Energy Intelligence,"COPYRIGHT © 2001-2021 ENERGY INTELLIGENCE GROUP, INC. / ENERGY INTELLIGENCE GROUP (UK) LIMITED.",2016,Libya,Brega,19
Source: Energy Intelligence,"COPYRIGHT © 2001-2021 ENERGY INTELLIGENCE GROUP, INC. / ENERGY INTELLIGENCE GROUP (UK) LIMITED.",2015,Libya,Brega,15
Source: Energy Intelligence,"COPYRIGHT © 2001-2021 ENERGY INTELLIGENCE GROUP, INC. / ENERGY INTELLIGENCE GROUP (UK) LIMITED.",2014,Libya,Brega,20
Source: Energy Intelligence,"COPYRIGHT © 2001-2021 ENERGY INTELLIGENCE GROUP, INC. / ENERGY INTELLIGENCE GROUP (UK) LIMITED.",2013,Libya,Brega,35
Source: Energy Intelligence,"COPYRIGHT © 2001-2021 ENERGY INTELLIGENCE GROUP, INC. / ENERGY INTELLIGENCE GROUP (UK) LIMITED.",2012,Libya,Brega,62
Source: Energy Intelligence,"COPYRIGHT © 2001-2021 ENERGY INTELLIGENCE GROUP, INC. / ENERGY INTELLIGENCE GROUP (UK) LIMITED.",2011,Libya,Brega,0
Source: Energy Intelligence,"COPYRIGHT © 2001-2021 ENERGY INTELLIGENCE GROUP, INC. / ENERGY INTELLIGENCE GROUP (UK) LIMITED.",2010,Libya,Brega,70
Source: Energy Intelligence,"COPYRIGHT © 2001-2021 ENERGY INTELLIGENCE GROUP, INC. / ENERGY INTELLIGENCE GROUP (UK) LIMITED.",2009,Libya,Brega,70
Source: Energy Intelligence,"COPYRIGHT © 2001-2021 ENERGY INTELLIGENCE GROUP, INC. / ENERGY INTELLIGENCE GROUP (UK) LIMITED.",2008,Libya,Brega,70
Source: Energy Intelligence,"COPYRIGHT © 2001-2021 ENERGY INTELLIGENCE GROUP, INC. / ENERGY INTELLIGENCE GROUP (UK) LIMITED.",2007,Libya,Brega,81
Source: Energy Intelligence,"COPYRIGHT © 2001-2021 ENERGY INTELLIGENCE GROUP, INC. / ENERGY INTELLIGENCE GROUP (UK) LIMITED.",2006,Libya,Brega,110
Source: Energy Intelligence,"COPYRIGHT © 2001-2021 ENERGY INTELLIGENCE GROUP, INC. / ENERGY INTELLIGENCE GROUP (UK) LIMITED.",2012,Canada,Terra Nova,19.7
Source: Energy Intelligence,"COPYRIGHT © 2001-2021 ENERGY INTELLIGENCE GROUP, INC. / ENERGY INTELLIGENCE GROUP (UK) LIMITED.",2011,Canada,Terra Nova,23.6
Source: Energy Intelligence,"COPYRIGHT © 2001-2021 ENERGY INTELLIGENCE GROUP, INC. / ENERGY INTELLIGENCE GROUP (UK) LIMITED.",2010,Canada,Terra Nova,40.8
Source: Energy Intelligence,"COPYRIGHT © 2001-2021 ENERGY INTELLIGENCE GROUP, INC. / ENERGY INTELLIGENCE GROUP (UK) LIMITED.",2009,Canada,Terra Nova,60.14
Source: Energy Intelligence,"COPYRIGHT © 2001-2021 ENERGY INTELLIGENCE GROUP, INC. / ENERGY INTELLIGENCE GROUP (UK) LIMITED.",2008,Canada,Terra Nova,45
Source: Energy Intelligence,"COPYRIGHT © 2001-2021 ENERGY INTELLIGENCE GROUP, INC. / ENERGY INTELLIGENCE GROUP (UK) LIMITED.",2007,Canada,Terra Nova,50.92
Source: Energy Intelligence,"COPYRIGHT © 2001-2021 ENERGY INTELLIGENCE GROUP, INC. / ENERGY INTELLIGENCE GROUP (UK) LIMITED.",2006,Canada,Terra Nova,18.22
Source: Energy Intelligence,"COPYRIGHT © 2001-2021 ENERGY INTELLIGENCE GROUP, INC. / ENERGY INTELLIGENCE GROUP (UK) LIMITED.",2024,Egypt,Belayim Blend,0
Source: Energy Intelligence,"COPYRIGHT © 2001-2021 ENERGY INTELLIGENCE GROUP, INC. / ENERGY INTELLIGENCE GROUP (UK) LIMITED.",2023,Egypt,Belayim Blend,0
Source: Energy Intelligence,"COPYRIGHT © 2001-2021 ENERGY INTELLIGENCE GROUP, INC. / ENERGY INTELLIGENCE GROUP (UK) LIMITED.",2022,Egypt,Belayim Blend,1
Source: Energy Intelligence,"COPYRIGHT © 2001-2021 ENERGY INTELLIGENCE GROUP, INC. / ENERGY INTELLIGENCE GROUP (UK) LIMITED.",2021,Egypt,Belayim Blend,7.29
Source: Energy Intelligence,"COPYRIGHT © 2001-2021 ENERGY INTELLIGENCE GROUP, INC. / ENERGY INTELLIGENCE GROUP (UK) LIMITED.",2020,Egypt,Belayim Blend,8.1
Source: Energy Intelligence,"COPYRIGHT © 2001-2021 ENERGY INTELLIGENCE GROUP, INC. / ENERGY INTELLIGENCE GROUP (UK) LIMITED.",2019,Egypt,Belayim Blend,9
Source: Energy Intelligence,"COPYRIGHT © 2001-2021 ENERGY INTELLIGENCE GROUP, INC. / ENERGY INTELLIGENCE GROUP (UK) LIMITED.",2018,Egypt,Belayim Blend,9
Source: Energy Intelligence,"COPYRIGHT © 2001-2021 ENERGY INTELLIGENCE GROUP, INC. / ENERGY INTELLIGENCE GROUP (UK) LIMITED.",2017,Egypt,Belayim Blend,20
Source: Energy Intelligence,"COPYRIGHT © 2001-2021 ENERGY INTELLIGENCE GROUP, INC. / ENERGY INTELLIGENCE GROUP (UK) LIMITED.",2016,Egypt,Belayim Blend,40
Source: Energy Intelligence,"COPYRIGHT © 2001-2021 ENERGY INTELLIGENCE GROUP, INC. / ENERGY INTELLIGENCE GROUP (UK) LIMITED.",2015,Egypt,Belayim Blend,50
Source: Energy Intelligence,"COPYRIGHT © 2001-2021 ENERGY INTELLIGENCE GROUP, INC. / ENERGY INTELLIGENCE GROUP (UK) LIMITED.",2014,Egypt,Belayim Blend,50
Source: Energy Intelligence,"COPYRIGHT © 2001-2021 ENERGY INTELLIGENCE GROUP, INC. / ENERGY INTELLIGENCE GROUP (UK) LIMITED.",2013,Egypt,Belayim Blend,50
Source: Energy Intelligence,"COPYRIGHT © 2001-2021 ENERGY INTELLIGENCE GROUP, INC. / ENERGY INTELLIGENCE GROUP (UK) LIMITED.",2012,Egypt,Belayim Blend,65
Source: Energy Intelligence,"COPYRIGHT © 2001-2021 ENERGY INTELLIGENCE GROUP, INC. / ENERGY INTELLIGENCE GROUP (UK) LIMITED.",2011,Egypt,Belayim Blend,66
Source: Energy Intelligence,"COPYRIGHT © 2001-2021 ENERGY INTELLIGENCE GROUP, INC. / ENERGY INTELLIGENCE GROUP (UK) LIMITED.",2010,Egypt,Belayim Blend,70
Source: Energy Intelligence,"COPYRIGHT © 2001-2021 ENERGY INTELLIGENCE GROUP, INC. / ENERGY INTELLIGENCE GROUP (UK) LIMITED.",2009,Egypt,Belayim Blend,60
Source: Energy Intelligence,"COPYRIGHT © 2001-2021 ENERGY INTELLIGENCE GROUP, INC. / ENERGY INTELLIGENCE GROUP (UK) LIMITED.",2008,Egypt,Belayim Blend,60
Source: Energy Intelligence,"COPYRIGHT © 2001-2021 ENERGY INTELLIGENCE GROUP, INC. / ENERGY INTELLIGENCE GROUP (UK) LIMITED.",2007,Egypt,Belayim Blend,60
Source: Energy Intelligence,"COPYRIGHT © 2001-2021 ENERGY INTELLIGENCE GROUP, INC. / ENERGY INTELLIGENCE GROUP (UK) LIMITED.",2006,Egypt,Belayim Blend,75
Source: Energy Intelligence,"COPYRIGHT © 2001-2021 ENERGY INTELLIGENCE GROUP, INC. / ENERGY INTELLIGENCE GROUP (UK) LIMITED.",2024,Dubai,Dubai,21
Source: Energy Intelligence,"COPYRIGHT © 2001-2021 ENERGY INTELLIGENCE GROUP, INC. / ENERGY INTELLIGENCE GROUP (UK) LIMITED.",2023,Dubai,Dubai,21
Source: Energy Intelligence,"COPYRIGHT © 2001-2021 ENERGY INTELLIGENCE GROUP, INC. / ENERGY INTELLIGENCE GROUP (UK) LIMITED.",2022,Dubai,Dubai,21
Source: Energy Intelligence,"COPYRIGHT © 2001-2021 ENERGY INTELLIGENCE GROUP, INC. / ENERGY INTELLIGENCE GROUP (UK) LIMITED.",2021,Dubai,Dubai,22
Source: Energy Intelligence,"COPYRIGHT © 2001-2021 ENERGY INTELLIGENCE GROUP, INC. / ENERGY INTELLIGENCE GROUP (UK) LIMITED.",2020,Dubai,Dubai,22.75
Source: Energy Intelligence,"COPYRIGHT © 2001-2021 ENERGY INTELLIGENCE GROUP, INC. / ENERGY INTELLIGENCE GROUP (UK) LIMITED.",2019,Dubai,Dubai,23.58
Source: Energy Intelligence,"COPYRIGHT © 2001-2021 ENERGY INTELLIGENCE GROUP, INC. / ENERGY INTELLIGENCE GROUP (UK) LIMITED.",2018,Dubai,Dubai,23.92
Source: Energy Intelligence,"COPYRIGHT © 2001-2021 ENERGY INTELLIGENCE GROUP, INC. / ENERGY INTELLIGENCE GROUP (UK) LIMITED.",2017,Dubai,Dubai,24.83
Source: Energy Intelligence,"COPYRIGHT © 2001-2021 ENERGY INTELLIGENCE GROUP, INC. / ENERGY INTELLIGENCE GROUP (UK) LIMITED.",2016,Dubai,Dubai,25.65
Source: Energy Intelligence,"COPYRIGHT © 2001-2021 ENERGY INTELLIGENCE GROUP, INC. / ENERGY INTELLIGENCE GROUP (UK) LIMITED.",2015,Dubai,Dubai,26.58
Source: Energy Intelligence,"COPYRIGHT © 2001-2021 ENERGY INTELLIGENCE GROUP, INC. / ENERGY INTELLIGENCE GROUP (UK) LIMITED.",2014,Dubai,Dubai,30
Source: Energy Intelligence,"COPYRIGHT © 2001-2021 ENERGY INTELLIGENCE GROUP, INC. / ENERGY INTELLIGENCE GROUP (UK) LIMITED.",2013,Dubai,Dubai,34
Source: Energy Intelligence,"COPYRIGHT © 2001-2021 ENERGY INTELLIGENCE GROUP, INC. / ENERGY INTELLIGENCE GROUP (UK) LIMITED.",2012,Dubai,Dubai,38.06
Source: Energy Intelligence,"COPYRIGHT © 2001-2021 ENERGY INTELLIGENCE GROUP, INC. / ENERGY INTELLIGENCE GROUP (UK) LIMITED.",2011,Dubai,Dubai,41.36
Source: Energy Intelligence,"COPYRIGHT © 2001-2021 ENERGY INTELLIGENCE GROUP, INC. / ENERGY INTELLIGENCE GROUP (UK) LIMITED.",2010,Dubai,Dubai,44.6
Source: Energy Intelligence,"COPYRIGHT © 2001-2021 ENERGY INTELLIGENCE GROUP, INC. / ENERGY INTELLIGENCE GROUP (UK) LIMITED.",2009,Dubai,Dubai,54
Source: Energy Intelligence,"COPYRIGHT © 2001-2021 ENERGY INTELLIGENCE GROUP, INC. / ENERGY INTELLIGENCE GROUP (UK) LIMITED.",2008,Dubai,Dubai,60
Source: Energy Intelligence,"COPYRIGHT © 2001-2021 ENERGY INTELLIGENCE GROUP, INC. / ENERGY INTELLIGENCE GROUP (UK) LIMITED.",2007,Dubai,Dubai,77
Source: Energy Intelligence,"COPYRIGHT © 2001-2021 ENERGY INTELLIGENCE GROUP, INC. / ENERGY INTELLIGENCE GROUP (UK) LIMITED.",2006,Dubai,Dubai,89
Source: Energy Intelligence,"COPYRIGHT © 2001-2021 ENERGY INTELLIGENCE GROUP, INC. / ENERGY INTELLIGENCE GROUP (UK) LIMITED.",2007,Turkmenistan,Turkmen Blend,38.85
Source: Energy Intelligence,"COPYRIGHT © 2001-2021 ENERGY INTELLIGENCE GROUP, INC. / ENERGY INTELLIGENCE GROUP (UK) LIMITED.",2006,Turkmenistan,Turkmen Blend,34.66
Source: Energy Intelligence,"COPYRIGHT © 2001-2021 ENERGY INTELLIGENCE GROUP, INC. / ENERGY INTELLIGENCE GROUP (UK) LIMITED.",2024,Qatar,Other Crudes - Qatar,66
Source: Energy Intelligence,"COPYRIGHT © 2001-2021 ENERGY INTELLIGENCE GROUP, INC. / ENERGY INTELLIGENCE GROUP (UK) LIMITED.",2023,Qatar,Other Crudes - Qatar,59
Source: Energy Intelligence,"COPYRIGHT © 2001-2021 ENERGY INTELLIGENCE GROUP, INC. / ENERGY INTELLIGENCE GROUP (UK) LIMITED.",2022,Qatar,Other Crudes - Qatar,32.13
Source: Energy Intelligence,"COPYRIGHT © 2001-2021 ENERGY INTELLIGENCE GROUP, INC. / ENERGY INTELLIGENCE GROUP (UK) LIMITED.",2021,Qatar,Other Crudes - Qatar,36.45
Source: Energy Intelligence,"COPYRIGHT © 2001-2021 ENERGY INTELLIGENCE GROUP, INC. / ENERGY INTELLIGENCE GROUP (UK) LIMITED.",2020,Qatar,Other Crudes - Qatar,127.75
Source: Energy Intelligence,"COPYRIGHT © 2001-2021 ENERGY INTELLIGENCE GROUP, INC. / ENERGY INTELLIGENCE GROUP (UK) LIMITED.",2019,Qatar,Other Crudes - Qatar,119.48
Source: Energy Intelligence,"COPYRIGHT © 2001-2021 ENERGY INTELLIGENCE GROUP, INC. / ENERGY INTELLIGENCE GROUP (UK) LIMITED.",2018,Qatar,Other Crudes - Qatar,95.6
Source: Energy Intelligence,"COPYRIGHT © 2001-2021 ENERGY INTELLIGENCE GROUP, INC. / ENERGY INTELLIGENCE GROUP (UK) LIMITED.",2017,Qatar,Other Crudes - Qatar,66.86
Source: Energy Intelligence,"COPYRIGHT © 2001-2021 ENERGY INTELLIGENCE GROUP, INC. / ENERGY INTELLIGENCE GROUP (UK) LIMITED.",2016,Qatar,Other Crudes - Qatar,37.16
Source: Energy Intelligence,"COPYRIGHT © 2001-2021 ENERGY INTELLIGENCE GROUP, INC. / ENERGY INTELLIGENCE GROUP (UK) LIMITED.",2015,Qatar,Other Crudes - Qatar,0
Source: Energy Intelligence,"COPYRIGHT © 2001-2021 ENERGY INTELLIGENCE GROUP, INC. / ENERGY INTELLIGENCE GROUP (UK) LIMITED.",2014,Qatar,Other Crudes - Qatar,12
Source: Energy Intelligence,"COPYRIGHT © 2001-2021 ENERGY INTELLIGENCE GROUP, INC. / ENERGY INTELLIGENCE GROUP (UK) LIMITED.",2013,Qatar,Other Crudes - Qatar,13
Source: Energy Intelligence,"COPYRIGHT © 2001-2021 ENERGY INTELLIGENCE GROUP, INC. / ENERGY INTELLIGENCE GROUP (UK) LIMITED.",2012,Qatar,Other Crudes - Qatar,9.6
Source: Energy Intelligence,"COPYRIGHT © 2001-2021 ENERGY INTELLIGENCE GROUP, INC. / ENERGY INTELLIGENCE GROUP (UK) LIMITED.",2011,Qatar,Other Crudes - Qatar,8
Source: Energy Intelligence,"COPYRIGHT © 2001-2021 ENERGY INTELLIGENCE GROUP, INC. / ENERGY INTELLIGENCE GROUP (UK) LIMITED.",2010,Qatar,Other Crudes - Qatar,0
Source: Energy Intelligence,"COPYRIGHT © 2001-2021 ENERGY INTELLIGENCE GROUP, INC. / ENERGY INTELLIGENCE GROUP (UK) LIMITED.",2009,Qatar,Other Crudes - Qatar,10
Source: Energy Intelligence,"COPYRIGHT © 2001-2021 ENERGY INTELLIGENCE GROUP, INC. / ENERGY INTELLIGENCE GROUP (UK) LIMITED.",2008,Qatar,Other Crudes - Qatar,0
Source: Energy Intelligence,"COPYRIGHT © 2001-2021 ENERGY INTELLIGENCE GROUP, INC. / ENERGY INTELLIGENCE GROUP (UK) LIMITED.",2007,Qatar,Other Crudes - Qatar,0
Source: Energy Intelligence,"COPYRIGHT © 2001-2021 ENERGY INTELLIGENCE GROUP, INC. / ENERGY INTELLIGENCE GROUP (UK) LIMITED.",2006,Qatar,Other Crudes - Qatar,3
Source: Energy Intelligence,"COPYRIGHT © 2001-2021 ENERGY INTELLIGENCE GROUP, INC. / ENERGY INTELLIGENCE GROUP (UK) LIMITED.",2024,Neutral Zone,Eocene,15
Source: Energy Intelligence,"COPYRIGHT © 2001-2021 ENERGY INTELLIGENCE GROUP, INC. / ENERGY INTELLIGENCE GROUP (UK) LIMITED.",2023,Neutral Zone,Eocene,21
Source: Energy Intelligence,"COPYRIGHT © 2001-2021 ENERGY INTELLIGENCE GROUP, INC. / ENERGY INTELLIGENCE GROUP (UK) LIMITED.",2022,Neutral Zone,Eocene,20
Source: Energy Intelligence,"COPYRIGHT © 2001-2021 ENERGY INTELLIGENCE GROUP, INC. / ENERGY INTELLIGENCE GROUP (UK) LIMITED.",2021,Neutral Zone,Eocene,17
Source: Energy Intelligence,"COPYRIGHT © 2001-2021 ENERGY INTELLIGENCE GROUP, INC. / ENERGY INTELLIGENCE GROUP (UK) LIMITED.",2020,Neutral Zone,Eocene,0
Source: Energy Intelligence,"COPYRIGHT © 2001-2021 ENERGY INTELLIGENCE GROUP, INC. / ENERGY INTELLIGENCE GROUP (UK) LIMITED.",2019,Neutral Zone,Eocene,0
Source: Energy Intelligence,"COPYRIGHT © 2001-2021 ENERGY INTELLIGENCE GROUP, INC. / ENERGY INTELLIGENCE GROUP (UK) LIMITED.",2018,Neutral Zone,Eocene,0
Source: Energy Intelligence,"COPYRIGHT © 2001-2021 ENERGY INTELLIGENCE GROUP, INC. / ENERGY INTELLIGENCE GROUP (UK) LIMITED.",2017,Neutral Zone,Eocene,0
Source: Energy Intelligence,"COPYRIGHT © 2001-2021 ENERGY INTELLIGENCE GROUP, INC. / ENERGY INTELLIGENCE GROUP (UK) LIMITED.",2016,Neutral Zone,Eocene,0
Source: Energy Intelligence,"COPYRIGHT © 2001-2021 ENERGY INTELLIGENCE GROUP, INC. / ENERGY INTELLIGENCE GROUP (UK) LIMITED.",2015,Neutral Zone,Eocene,20.1
Source: Energy Intelligence,"COPYRIGHT © 2001-2021 ENERGY INTELLIGENCE GROUP, INC. / ENERGY INTELLIGENCE GROUP (UK) LIMITED.",2014,Neutral Zone,Eocene,58.5
Source: Energy Intelligence,"COPYRIGHT © 2001-2021 ENERGY INTELLIGENCE GROUP, INC. / ENERGY INTELLIGENCE GROUP (UK) LIMITED.",2013,Neutral Zone,Eocene,63
Source: Energy Intelligence,"COPYRIGHT © 2001-2021 ENERGY INTELLIGENCE GROUP, INC. / ENERGY INTELLIGENCE GROUP (UK) LIMITED.",2012,Neutral Zone,Eocene,64.5
Source: Energy Intelligence,"COPYRIGHT © 2001-2021 ENERGY INTELLIGENCE GROUP, INC. / ENERGY INTELLIGENCE GROUP (UK) LIMITED.",2011,Neutral Zone,Eocene,66
Source: Energy Intelligence,"COPYRIGHT © 2001-2021 ENERGY INTELLIGENCE GROUP, INC. / ENERGY INTELLIGENCE GROUP (UK) LIMITED.",2010,Neutral Zone,Eocene,70
Source: Energy Intelligence,"COPYRIGHT © 2001-2021 ENERGY INTELLIGENCE GROUP, INC. / ENERGY INTELLIGENCE GROUP (UK) LIMITED.",2009,Neutral Zone,Eocene,80
Source: Energy Intelligence,"COPYRIGHT © 2001-2021 ENERGY INTELLIGENCE GROUP, INC. / ENERGY INTELLIGENCE GROUP (UK) LIMITED.",2008,Neutral Zone,Eocene,80
Source: Energy Intelligence,"COPYRIGHT © 2001-2021 ENERGY INTELLIGENCE GROUP, INC. / ENERGY INTELLIGENCE GROUP (UK) LIMITED.",2007,Neutral Zone,Eocene,78
Source: Energy Intelligence,"COPYRIGHT © 2001-2021 ENERGY INTELLIGENCE GROUP, INC. / ENERGY INTELLIGENCE GROUP (UK) LIMITED.",2024,Gabon,Mandji,48.97
Source: Energy Intelligence,"COPYRIGHT © 2001-2021 ENERGY INTELLIGENCE GROUP, INC. / ENERGY INTELLIGENCE GROUP (UK) LIMITED.",2023,Gabon,Mandji,49.3
Source: Energy Intelligence,"COPYRIGHT © 2001-2021 ENERGY INTELLIGENCE GROUP, INC. / ENERGY INTELLIGENCE GROUP (UK) LIMITED.",2022,Gabon,Mandji,47.59
Source: Energy Intelligence,"COPYRIGHT © 2001-2021 ENERGY INTELLIGENCE GROUP, INC. / ENERGY INTELLIGENCE GROUP (UK) LIMITED.",2021,Gabon,Mandji,31.2
Source: Energy Intelligence,"COPYRIGHT © 2001-2021 ENERGY INTELLIGENCE GROUP, INC. / ENERGY INTELLIGENCE GROUP (UK) LIMITED.",2020,Gabon,Mandji,23.31
Source: Energy Intelligence,"COPYRIGHT © 2001-2021 ENERGY INTELLIGENCE GROUP, INC. / ENERGY INTELLIGENCE GROUP (UK) LIMITED.",2019,Gabon,Mandji,36.79
Source: Energy Intelligence,"COPYRIGHT © 2001-2021 ENERGY INTELLIGENCE GROUP, INC. / ENERGY INTELLIGENCE GROUP (UK) LIMITED.",2018,Gabon,Mandji,37.2
Source: Energy Intelligence,"COPYRIGHT © 2001-2021 ENERGY INTELLIGENCE GROUP, INC. / ENERGY INTELLIGENCE GROUP (UK) LIMITED.",2017,Gabon,Mandji,42
Source: Energy Intelligence,"COPYRIGHT © 2001-2021 ENERGY INTELLIGENCE GROUP, INC. / ENERGY INTELLIGENCE GROUP (UK) LIMITED.",2016,Gabon,Mandji,45.1
Source: Energy Intelligence,"COPYRIGHT © 2001-2021 ENERGY INTELLIGENCE GROUP, INC. / ENERGY INTELLIGENCE GROUP (UK) LIMITED.",2015,Gabon,Mandji,45.5
Source: Energy Intelligence,"COPYRIGHT © 2001-2021 ENERGY INTELLIGENCE GROUP, INC. / ENERGY INTELLIGENCE GROUP (UK) LIMITED.",2014,Gabon,Mandji,44.6
Source: Energy Intelligence,"COPYRIGHT © 2001-2021 ENERGY INTELLIGENCE GROUP, INC. / ENERGY INTELLIGENCE GROUP (UK) LIMITED.",2009,Gabon,Mandji,12
Source: Energy Intelligence,"COPYRIGHT © 2001-2021 ENERGY INTELLIGENCE GROUP, INC. / ENERGY INTELLIGENCE GROUP (UK) LIMITED.",2008,Gabon,Mandji,18
Source: Energy Intelligence,"COPYRIGHT © 2001-2021 ENERGY INTELLIGENCE GROUP, INC. / ENERGY INTELLIGENCE GROUP (UK) LIMITED.",2007,Gabon,Mandji,27.6
Source: Energy Intelligence,"COPYRIGHT © 2001-2021 ENERGY INTELLIGENCE GROUP, INC. / ENERGY INTELLIGENCE GROUP (UK) LIMITED.",2006,Gabon,Mandji,34
Source: Energy Intelligence,"COPYRIGHT © 2001-2021 ENERGY INTELLIGENCE GROUP, INC. / ENERGY INTELLIGENCE GROUP (UK) LIMITED.",2012,Neutral Zone,Other Crudes - Neutral Zone,
Source: Energy Intelligence,"COPYRIGHT © 2001-2021 ENERGY INTELLIGENCE GROUP, INC. / ENERGY INTELLIGENCE GROUP (UK) LIMITED.",2011,Neutral Zone,Other Crudes - Neutral Zone,
Source: Energy Intelligence,"COPYRIGHT © 2001-2021 ENERGY INTELLIGENCE GROUP, INC. / ENERGY INTELLIGENCE GROUP (UK) LIMITED.",2010,Neutral Zone,Other Crudes - Neutral Zone,10
Source: Energy Intelligence,"COPYRIGHT © 2001-2021 ENERGY INTELLIGENCE GROUP, INC. / ENERGY INTELLIGENCE GROUP (UK) LIMITED.",2009,Neutral Zone,Other Crudes - Neutral Zone,0
Source: Energy Intelligence,"COPYRIGHT © 2001-2021 ENERGY INTELLIGENCE GROUP, INC. / ENERGY INTELLIGENCE GROUP (UK) LIMITED.",2008,Neutral Zone,Other Crudes - Neutral Zone,35
Source: Energy Intelligence,"COPYRIGHT © 2001-2021 ENERGY INTELLIGENCE GROUP, INC. / ENERGY INTELLIGENCE GROUP (UK) LIMITED.",2007,Neutral Zone,Other Crudes - Neutral Zone,35
Source: Energy Intelligence,"COPYRIGHT © 2001-2021 ENERGY INTELLIGENCE GROUP, INC. / ENERGY INTELLIGENCE GROUP (UK) LIMITED.",2006,Neutral Zone,Other Crudes - Neutral Zone,100
Source: Energy Intelligence,"COPYRIGHT © 2001-2021 ENERGY INTELLIGENCE GROUP, INC. / ENERGY INTELLIGENCE GROUP (UK) LIMITED.",2024,Vietnam,Other Crudes - Vietnam,9.7
Source: Energy Intelligence,"COPYRIGHT © 2001-2021 ENERGY INTELLIGENCE GROUP, INC. / ENERGY INTELLIGENCE GROUP (UK) LIMITED.",2023,Vietnam,Other Crudes - Vietnam,7.38
Source: Energy Intelligence,"COPYRIGHT © 2001-2021 ENERGY INTELLIGENCE GROUP, INC. / ENERGY INTELLIGENCE GROUP (UK) LIMITED.",2022,Vietnam,Other Crudes - Vietnam,0
Source: Energy Intelligence,"COPYRIGHT © 2001-2021 ENERGY INTELLIGENCE GROUP, INC. / ENERGY INTELLIGENCE GROUP (UK) LIMITED.",2021,Vietnam,Other Crudes - Vietnam,0.31
Source: Energy Intelligence,"COPYRIGHT © 2001-2021 ENERGY INTELLIGENCE GROUP, INC. / ENERGY INTELLIGENCE GROUP (UK) LIMITED.",2020,Vietnam,Other Crudes - Vietnam,22.35
Source: Energy Intelligence,"COPYRIGHT © 2001-2021 ENERGY INTELLIGENCE GROUP, INC. / ENERGY INTELLIGENCE GROUP (UK) LIMITED.",2019,Vietnam,Other Crudes - Vietnam,20.65
Source: Energy Intelligence,"COPYRIGHT © 2001-2021 ENERGY INTELLIGENCE GROUP, INC. / ENERGY INTELLIGENCE GROUP (UK) LIMITED.",2018,Vietnam,Other Crudes - Vietnam,7.54
Source: Energy Intelligence,"COPYRIGHT © 2001-2021 ENERGY INTELLIGENCE GROUP, INC. / ENERGY INTELLIGENCE GROUP (UK) LIMITED.",2017,Vietnam,Other Crudes - Vietnam,58.19
Source: Energy Intelligence,"COPYRIGHT © 2001-2021 ENERGY INTELLIGENCE GROUP, INC. / ENERGY INTELLIGENCE GROUP (UK) LIMITED.",2016,Vietnam,Other Crudes - Vietnam,36.28
Source: Energy Intelligence,"COPYRIGHT © 2001-2021 ENERGY INTELLIGENCE GROUP, INC. / ENERGY INTELLIGENCE GROUP (UK) LIMITED.",2015,Vietnam,Other Crudes - Vietnam,55.88
Source: Energy Intelligence,"COPYRIGHT © 2001-2021 ENERGY INTELLIGENCE GROUP, INC. / ENERGY INTELLIGENCE GROUP (UK) LIMITED.",2014,Vietnam,Other Crudes - Vietnam,0
Source: Energy Intelligence,"COPYRIGHT © 2001-2021 ENERGY INTELLIGENCE GROUP, INC. / ENERGY INTELLIGENCE GROUP (UK) LIMITED.",2013,Vietnam,Other Crudes - Vietnam,66.03
Source: Energy Intelligence,"COPYRIGHT © 2001-2021 ENERGY INTELLIGENCE GROUP, INC. / ENERGY INTELLIGENCE GROUP (UK) LIMITED.",2012,Vietnam,Other Crudes - Vietnam,84
Source: Energy Intelligence,"COPYRIGHT © 2001-2021 ENERGY INTELLIGENCE GROUP, INC. / ENERGY INTELLIGENCE GROUP (UK) LIMITED.",2011,Vietnam,Other Crudes - Vietnam,69.33
Source: Energy Intelligence,"COPYRIGHT © 2001-2021 ENERGY INTELLIGENCE GROUP, INC. / ENERGY INTELLIGENCE GROUP (UK) LIMITED.",2010,Vietnam,Other Crudes - Vietnam,61
Source: Energy Intelligence,"COPYRIGHT © 2001-2021 ENERGY INTELLIGENCE GROUP, INC. / ENERGY INTELLIGENCE GROUP (UK) LIMITED.",2009,Vietnam,Other Crudes - Vietnam,58.8
Source: Energy Intelligence,"COPYRIGHT © 2001-2021 ENERGY INTELLIGENCE GROUP, INC. / ENERGY INTELLIGENCE GROUP (UK) LIMITED.",2008,Vietnam,Other Crudes - Vietnam,31
Source: Energy Intelligence,"COPYRIGHT © 2001-2021 ENERGY INTELLIGENCE GROUP, INC. / ENERGY INTELLIGENCE GROUP (UK) LIMITED.",2007,Vietnam,Other Crudes - Vietnam,64
Source: Energy Intelligence,"COPYRIGHT © 2001-2021 ENERGY INTELLIGENCE GROUP, INC. / ENERGY INTELLIGENCE GROUP (UK) LIMITED.",2006,Vietnam,Other Crudes - Vietnam,31
Source: Energy Intelligence,"COPYRIGHT © 2001-2021 ENERGY INTELLIGENCE GROUP, INC. / ENERGY INTELLIGENCE GROUP (UK) LIMITED.",2024,Equatorial Guinea,Alba Condensate,13
Source: Energy Intelligence,"COPYRIGHT © 2001-2021 ENERGY INTELLIGENCE GROUP, INC. / ENERGY INTELLIGENCE GROUP (UK) LIMITED.",2023,Equatorial Guinea,Alba Condensate,14
Source: Energy Intelligence,"COPYRIGHT © 2001-2021 ENERGY INTELLIGENCE GROUP, INC. / ENERGY INTELLIGENCE GROUP (UK) LIMITED.",2022,Equatorial Guinea,Alba Condensate,15.87
Source: Energy Intelligence,"COPYRIGHT © 2001-2021 ENERGY INTELLIGENCE GROUP, INC. / ENERGY INTELLIGENCE GROUP (UK) LIMITED.",2021,Equatorial Guinea,Alba Condensate,17.46
Source: Energy Intelligence,"COPYRIGHT © 2001-2021 ENERGY INTELLIGENCE GROUP, INC. / ENERGY INTELLIGENCE GROUP (UK) LIMITED.",2020,Equatorial Guinea,Alba Condensate,21.83
Source: Energy Intelligence,"COPYRIGHT © 2001-2021 ENERGY INTELLIGENCE GROUP, INC. / ENERGY INTELLIGENCE GROUP (UK) LIMITED.",2019,Equatorial Guinea,Alba Condensate,25.4
Source: Energy Intelligence,"COPYRIGHT © 2001-2021 ENERGY INTELLIGENCE GROUP, INC. / ENERGY INTELLIGENCE GROUP (UK) LIMITED.",2018,Equatorial Guinea,Alba Condensate,26.98
Source: Energy Intelligence,"COPYRIGHT © 2001-2021 ENERGY INTELLIGENCE GROUP, INC. / ENERGY INTELLIGENCE GROUP (UK) LIMITED.",2017,Equatorial Guinea,Alba Condensate,33.33
Source: Energy Intelligence,"COPYRIGHT © 2001-2021 ENERGY INTELLIGENCE GROUP, INC. / ENERGY INTELLIGENCE GROUP (UK) LIMITED.",2016,Equatorial Guinea,Alba Condensate,31.75
Source: Energy Intelligence,"COPYRIGHT © 2001-2021 ENERGY INTELLIGENCE GROUP, INC. / ENERGY INTELLIGENCE GROUP (UK) LIMITED.",2015,Equatorial Guinea,Alba Condensate,30.16
Source: Energy Intelligence,"COPYRIGHT © 2001-2021 ENERGY INTELLIGENCE GROUP, INC. / ENERGY INTELLIGENCE GROUP (UK) LIMITED.",2014,Equatorial Guinea,Alba Condensate,33.33
Source: Energy Intelligence,"COPYRIGHT © 2001-2021 ENERGY INTELLIGENCE GROUP, INC. / ENERGY INTELLIGENCE GROUP (UK) LIMITED.",2013,Equatorial Guinea,Alba Condensate,36.51
Source: Energy Intelligence,"COPYRIGHT © 2001-2021 ENERGY INTELLIGENCE GROUP, INC. / ENERGY INTELLIGENCE GROUP (UK) LIMITED.",2012,Equatorial Guinea,Alba Condensate,41.68
Source: Energy Intelligence,"COPYRIGHT © 2001-2021 ENERGY INTELLIGENCE GROUP, INC. / ENERGY INTELLIGENCE GROUP (UK) LIMITED.",2011,Equatorial Guinea,Alba Condensate,44
Source: Energy Intelligence,"COPYRIGHT © 2001-2021 ENERGY INTELLIGENCE GROUP, INC. / ENERGY INTELLIGENCE GROUP (UK) LIMITED.",2010,Equatorial Guinea,Alba Condensate,42
Source: Energy Intelligence,"COPYRIGHT © 2001-2021 ENERGY INTELLIGENCE GROUP, INC. / ENERGY INTELLIGENCE GROUP (UK) LIMITED.",2009,Equatorial Guinea,Alba Condensate,60
Source: Energy Intelligence,"COPYRIGHT © 2001-2021 ENERGY INTELLIGENCE GROUP, INC. / ENERGY INTELLIGENCE GROUP (UK) LIMITED.",2008,Equatorial Guinea,Alba Condensate,60
Source: Energy Intelligence,"COPYRIGHT © 2001-2021 ENERGY INTELLIGENCE GROUP, INC. / ENERGY INTELLIGENCE GROUP (UK) LIMITED.",2007,Equatorial Guinea,Alba Condensate,50
Source: Energy Intelligence,"COPYRIGHT © 2001-2021 ENERGY INTELLIGENCE GROUP, INC. / ENERGY INTELLIGENCE GROUP (UK) LIMITED.",2006,Equatorial Guinea,Alba Condensate,70
Source: Energy Intelligence,"COPYRIGHT © 2001-2021 ENERGY INTELLIGENCE GROUP, INC. / ENERGY INTELLIGENCE GROUP (UK) LIMITED.",2024,Ghana,TEN,18.6
Source: Energy Intelligence,"COPYRIGHT © 2001-2021 ENERGY INTELLIGENCE GROUP, INC. / ENERGY INTELLIGENCE GROUP (UK) LIMITED.",2023,Ghana,TEN,7.85
Source: Energy Intelligence,"COPYRIGHT © 2001-2021 ENERGY INTELLIGENCE GROUP, INC. / ENERGY INTELLIGENCE GROUP (UK) LIMITED.",2022,Ghana,TEN,23.42
Source: Energy Intelligence,"COPYRIGHT © 2001-2021 ENERGY INTELLIGENCE GROUP, INC. / ENERGY INTELLIGENCE GROUP (UK) LIMITED.",2021,Ghana,TEN,28.63
Source: Energy Intelligence,"COPYRIGHT © 2001-2021 ENERGY INTELLIGENCE GROUP, INC. / ENERGY INTELLIGENCE GROUP (UK) LIMITED.",2020,Ghana,TEN,49.3
Source: Energy Intelligence,"COPYRIGHT © 2001-2021 ENERGY INTELLIGENCE GROUP, INC. / ENERGY INTELLIGENCE GROUP (UK) LIMITED.",2019,Ghana,TEN,62.47
Source: Energy Intelligence,"COPYRIGHT © 2001-2021 ENERGY INTELLIGENCE GROUP, INC. / ENERGY INTELLIGENCE GROUP (UK) LIMITED.",2018,Ghana,TEN,59.87
Source: Energy Intelligence,"COPYRIGHT © 2001-2021 ENERGY INTELLIGENCE GROUP, INC. / ENERGY INTELLIGENCE GROUP (UK) LIMITED.",2017,Ghana,TEN,52.74
Source: Energy Intelligence,"COPYRIGHT © 2001-2021 ENERGY INTELLIGENCE GROUP, INC. / ENERGY INTELLIGENCE GROUP (UK) LIMITED.",2016,Ghana,TEN,11.87
Source: Energy Intelligence,"COPYRIGHT © 2001-2021 ENERGY INTELLIGENCE GROUP, INC. / ENERGY INTELLIGENCE GROUP (UK) LIMITED.",2024,Gabon,Other Crudes - Gabon,26.93
Source: Energy Intelligence,"COPYRIGHT © 2001-2021 ENERGY INTELLIGENCE GROUP, INC. / ENERGY INTELLIGENCE GROUP (UK) LIMITED.",2023,Gabon,Other Crudes - Gabon,27.22
Source: Energy Intelligence,"COPYRIGHT © 2001-2021 ENERGY INTELLIGENCE GROUP, INC. / ENERGY INTELLIGENCE GROUP (UK) LIMITED.",2022,Gabon,Other Crudes - Gabon,19.1
Source: Energy Intelligence,"COPYRIGHT © 2001-2021 ENERGY INTELLIGENCE GROUP, INC. / ENERGY INTELLIGENCE GROUP (UK) LIMITED.",2021,Gabon,Other Crudes - Gabon,18.57
Source: Energy Intelligence,"COPYRIGHT © 2001-2021 ENERGY INTELLIGENCE GROUP, INC. / ENERGY INTELLIGENCE GROUP (UK) LIMITED.",2020,Gabon,Other Crudes - Gabon,19.16
Source: Energy Intelligence,"COPYRIGHT © 2001-2021 ENERGY INTELLIGENCE GROUP, INC. / ENERGY INTELLIGENCE GROUP (UK) LIMITED.",2019,Gabon,Other Crudes - Gabon,16.65
Source: Energy Intelligence,"COPYRIGHT © 2001-2021 ENERGY INTELLIGENCE GROUP, INC. / ENERGY INTELLIGENCE GROUP (UK) LIMITED.",2018,Gabon,Other Crudes - Gabon,8.73
Source: Energy Intelligence,"COPYRIGHT © 2001-2021 ENERGY INTELLIGENCE GROUP, INC. / ENERGY INTELLIGENCE GROUP (UK) LIMITED.",2017,Gabon,Other Crudes - Gabon,13.4
Source: Energy Intelligence,"COPYRIGHT © 2001-2021 ENERGY INTELLIGENCE GROUP, INC. / ENERGY INTELLIGENCE GROUP (UK) LIMITED.",2016,Gabon,Other Crudes - Gabon,23.54
Source: Energy Intelligence,"COPYRIGHT © 2001-2021 ENERGY INTELLIGENCE GROUP, INC. / ENERGY INTELLIGENCE GROUP (UK) LIMITED.",2015,Gabon,Other Crudes - Gabon,4.95
Source: Energy Intelligence,"COPYRIGHT © 2001-2021 ENERGY INTELLIGENCE GROUP, INC. / ENERGY INTELLIGENCE GROUP (UK) LIMITED.",2014,Gabon,Other Crudes - Gabon,23.42
Source: Energy Intelligence,"COPYRIGHT © 2001-2021 ENERGY INTELLIGENCE GROUP, INC. / ENERGY INTELLIGENCE GROUP (UK) LIMITED.",2013,Gabon,Other Crudes - Gabon,56.59
Source: Energy Intelligence,"COPYRIGHT © 2001-2021 ENERGY INTELLIGENCE GROUP, INC. / ENERGY INTELLIGENCE GROUP (UK) LIMITED.",2012,Gabon,Other Crudes - Gabon,61.79
Source: Energy Intelligence,"COPYRIGHT © 2001-2021 ENERGY INTELLIGENCE GROUP, INC. / ENERGY INTELLIGENCE GROUP (UK) LIMITED.",2011,Gabon,Other Crudes - Gabon,79.06
Source: Energy Intelligence,"COPYRIGHT © 2001-2021 ENERGY INTELLIGENCE GROUP, INC. / ENERGY INTELLIGENCE GROUP (UK) LIMITED.",2010,Gabon,Other Crudes - Gabon,70.36
Source: Energy Intelligence,"COPYRIGHT © 2001-2021 ENERGY INTELLIGENCE GROUP, INC. / ENERGY INTELLIGENCE GROUP (UK) LIMITED.",2009,Gabon,Other Crudes - Gabon,56.71
Source: Energy Intelligence,"COPYRIGHT © 2001-2021 ENERGY INTELLIGENCE GROUP, INC. / ENERGY INTELLIGENCE GROUP (UK) LIMITED.",2008,Gabon,Other Crudes - Gabon,49.25
Source: Energy Intelligence,"COPYRIGHT © 2001-2021 ENERGY INTELLIGENCE GROUP, INC. / ENERGY INTELLIGENCE GROUP (UK) LIMITED.",2007,Gabon,Other Crudes - Gabon,46.84
Source: Energy Intelligence,"COPYRIGHT © 2001-2021 ENERGY INTELLIGENCE GROUP, INC. / ENERGY INTELLIGENCE GROUP (UK) LIMITED.",2006,Gabon,Other Crudes - Gabon,36.74
Source: Energy Intelligence,"COPYRIGHT © 2001-2021 ENERGY INTELLIGENCE GROUP, INC. / ENERGY INTELLIGENCE GROUP (UK) LIMITED.",2024,Norway,Goliat,0
Source: Energy Intelligence,"COPYRIGHT © 2001-2021 ENERGY INTELLIGENCE GROUP, INC. / ENERGY INTELLIGENCE GROUP (UK) LIMITED.",2023,Norway,Goliat,0
Source: Energy Intelligence,"COPYRIGHT © 2001-2021 ENERGY INTELLIGENCE GROUP, INC. / ENERGY INTELLIGENCE GROUP (UK) LIMITED.",2022,Norway,Goliat,33
Source: Energy Intelligence,"COPYRIGHT © 2001-2021 ENERGY INTELLIGENCE GROUP, INC. / ENERGY INTELLIGENCE GROUP (UK) LIMITED.",2021,Norway,Goliat,34.89
Source: Energy Intelligence,"COPYRIGHT © 2001-2021 ENERGY INTELLIGENCE GROUP, INC. / ENERGY INTELLIGENCE GROUP (UK) LIMITED.",2020,Norway,Goliat,39.76
Source: Energy Intelligence,"COPYRIGHT © 2001-2021 ENERGY INTELLIGENCE GROUP, INC. / ENERGY INTELLIGENCE GROUP (UK) LIMITED.",2019,Norway,Goliat,40.65
Source: Energy Intelligence,"COPYRIGHT © 2001-2021 ENERGY INTELLIGENCE GROUP, INC. / ENERGY INTELLIGENCE GROUP (UK) LIMITED.",2018,Norway,Goliat,64.1
Source: Energy Intelligence,"COPYRIGHT © 2001-2021 ENERGY INTELLIGENCE GROUP, INC. / ENERGY INTELLIGENCE GROUP (UK) LIMITED.",2017,Norway,Goliat,43.4
Source: Energy Intelligence,"COPYRIGHT © 2001-2021 ENERGY INTELLIGENCE GROUP, INC. / ENERGY INTELLIGENCE GROUP (UK) LIMITED.",2016,Norway,Goliat,51
Source: Energy Intelligence,"COPYRIGHT © 2001-2021 ENERGY INTELLIGENCE GROUP, INC. / ENERGY INTELLIGENCE GROUP (UK) LIMITED.",2024,Ghana,Sankofa,30
Source: Energy Intelligence,"COPYRIGHT © 2001-2021 ENERGY INTELLIGENCE GROUP, INC. / ENERGY INTELLIGENCE GROUP (UK) LIMITED.",2023,Ghana,Sankofa,28.63
Source: Energy Intelligence,"COPYRIGHT © 2001-2021 ENERGY INTELLIGENCE GROUP, INC. / ENERGY INTELLIGENCE GROUP (UK) LIMITED.",2022,Ghana,Sankofa,33.84
Source: Energy Intelligence,"COPYRIGHT © 2001-2021 ENERGY INTELLIGENCE GROUP, INC. / ENERGY INTELLIGENCE GROUP (UK) LIMITED.",2021,Ghana,Sankofa,44.25
Source: Energy Intelligence,"COPYRIGHT © 2001-2021 ENERGY INTELLIGENCE GROUP, INC. / ENERGY INTELLIGENCE GROUP (UK) LIMITED.",2020,Ghana,Sankofa,49.3
Source: Energy Intelligence,"COPYRIGHT © 2001-2021 ENERGY INTELLIGENCE GROUP, INC. / ENERGY INTELLIGENCE GROUP (UK) LIMITED.",2019,Ghana,Sankofa,41.64
Source: Energy Intelligence,"COPYRIGHT © 2001-2021 ENERGY INTELLIGENCE GROUP, INC. / ENERGY INTELLIGENCE GROUP (UK) LIMITED.",2018,Ghana,Sankofa,28.63
Source: Energy Intelligence,"COPYRIGHT © 2001-2021 ENERGY INTELLIGENCE GROUP, INC. / ENERGY INTELLIGENCE GROUP (UK) LIMITED.",2017,Ghana,Sankofa,13.01
Source: Energy Intelligence,"COPYRIGHT © 2001-2021 ENERGY INTELLIGENCE GROUP, INC. / ENERGY INTELLIGENCE GROUP (UK) LIMITED.",2018,Indonesia,Belanak,16.95
Source: Energy Intelligence,"COPYRIGHT © 2001-2021 ENERGY INTELLIGENCE GROUP, INC. / ENERGY INTELLIGENCE GROUP (UK) LIMITED.",2017,Indonesia,Belanak,18.4
Source: Energy Intelligence,"COPYRIGHT © 2001-2021 ENERGY INTELLIGENCE GROUP, INC. / ENERGY INTELLIGENCE GROUP (UK) LIMITED.",2016,Indonesia,Belanak,19
Source: Energy Intelligence,"COPYRIGHT © 2001-2021 ENERGY INTELLIGENCE GROUP, INC. / ENERGY INTELLIGENCE GROUP (UK) LIMITED.",2015,Indonesia,Belanak,23
Source: Energy Intelligence,"COPYRIGHT © 2001-2021 ENERGY INTELLIGENCE GROUP, INC. / ENERGY INTELLIGENCE GROUP (UK) LIMITED.",2014,Indonesia,Belanak,31
Source: Energy Intelligence,"COPYRIGHT © 2001-2021 ENERGY INTELLIGENCE GROUP, INC. / ENERGY INTELLIGENCE GROUP (UK) LIMITED.",2013,Indonesia,Belanak,40
Source: Energy Intelligence,"COPYRIGHT © 2001-2021 ENERGY INTELLIGENCE GROUP, INC. / ENERGY INTELLIGENCE GROUP (UK) LIMITED.",2012,Indonesia,Belanak,43
Source: Energy Intelligence,"COPYRIGHT © 2001-2021 ENERGY INTELLIGENCE GROUP, INC. / ENERGY INTELLIGENCE GROUP (UK) LIMITED.",2011,Indonesia,Belanak,43
Source: Energy Intelligence,"COPYRIGHT © 2001-2021 ENERGY INTELLIGENCE GROUP, INC. / ENERGY INTELLIGENCE GROUP (UK) LIMITED.",2010,Indonesia,Belanak,43.7
Source: Energy Intelligence,"COPYRIGHT © 2001-2021 ENERGY INTELLIGENCE GROUP, INC. / ENERGY INTELLIGENCE GROUP (UK) LIMITED.",2009,Indonesia,Belanak,43
Source: Energy Intelligence,"COPYRIGHT © 2001-2021 ENERGY INTELLIGENCE GROUP, INC. / ENERGY INTELLIGENCE GROUP (UK) LIMITED.",2008,Indonesia,Belanak,55
Source: Energy Intelligence,"COPYRIGHT © 2001-2021 ENERGY INTELLIGENCE GROUP, INC. / ENERGY INTELLIGENCE GROUP (UK) LIMITED.",2007,Indonesia,Belanak,40
Source: Energy Intelligence,"COPYRIGHT © 2001-2021 ENERGY INTELLIGENCE GROUP, INC. / ENERGY INTELLIGENCE GROUP (UK) LIMITED.",2006,Indonesia,Belanak,20
Source: Energy Intelligence,"COPYRIGHT © 2001-2021 ENERGY INTELLIGENCE GROUP, INC. / ENERGY INTELLIGENCE GROUP (UK) LIMITED.",2023,Iraq,Other Crudes - Iraq,0
Source: Energy Intelligence,"COPYRIGHT © 2001-2021 ENERGY INTELLIGENCE GROUP, INC. / ENERGY INTELLIGENCE GROUP (UK) LIMITED.",2022,Iraq,Other Crudes - Iraq,23
Source: Energy Intelligence,"COPYRIGHT © 2001-2021 ENERGY INTELLIGENCE GROUP, INC. / ENERGY INTELLIGENCE GROUP (UK) LIMITED.",2021,Iraq,Other Crudes - Iraq,47
Source: Energy Intelligence,"COPYRIGHT © 2001-2021 ENERGY INTELLIGENCE GROUP, INC. / ENERGY INTELLIGENCE GROUP (UK) LIMITED.",2020,Iraq,Other Crudes - Iraq,53.3
Source: Energy Intelligence,"COPYRIGHT © 2001-2021 ENERGY INTELLIGENCE GROUP, INC. / ENERGY INTELLIGENCE GROUP (UK) LIMITED.",2019,Iraq,Other Crudes - Iraq,72.39
Source: Energy Intelligence,"COPYRIGHT © 2001-2021 ENERGY INTELLIGENCE GROUP, INC. / ENERGY INTELLIGENCE GROUP (UK) LIMITED.",2018,Iraq,Other Crudes - Iraq,130.32
Source: Energy Intelligence,"COPYRIGHT © 2001-2021 ENERGY INTELLIGENCE GROUP, INC. / ENERGY INTELLIGENCE GROUP (UK) LIMITED.",2017,Iraq,Other Crudes - Iraq,4.41
Source: Energy Intelligence,"COPYRIGHT © 2001-2021 ENERGY INTELLIGENCE GROUP, INC. / ENERGY INTELLIGENCE GROUP (UK) LIMITED.",2016,Iraq,Other Crudes - Iraq,30.68
Source: Energy Intelligence,"COPYRIGHT © 2001-2021 ENERGY INTELLIGENCE GROUP, INC. / ENERGY INTELLIGENCE GROUP (UK) LIMITED.",2015,Iraq,Other Crudes - Iraq,4
Source: Energy Intelligence,"COPYRIGHT © 2001-2021 ENERGY INTELLIGENCE GROUP, INC. / ENERGY INTELLIGENCE GROUP (UK) LIMITED.",2014,Iraq,Other Crudes - Iraq,134.22
Source: Energy Intelligence,"COPYRIGHT © 2001-2021 ENERGY INTELLIGENCE GROUP, INC. / ENERGY INTELLIGENCE GROUP (UK) LIMITED.",2013,Iraq,Other Crudes - Iraq,32.23
Source: Energy Intelligence,"COPYRIGHT © 2001-2021 ENERGY INTELLIGENCE GROUP, INC. / ENERGY INTELLIGENCE GROUP (UK) LIMITED.",2012,Iraq,Other Crudes - Iraq,2.02
Source: Energy Intelligence,"COPYRIGHT © 2001-2021 ENERGY INTELLIGENCE GROUP, INC. / ENERGY INTELLIGENCE GROUP (UK) LIMITED.",2011,Iraq,Other Crudes - Iraq,
Source: Energy Intelligence,"COPYRIGHT © 2001-2021 ENERGY INTELLIGENCE GROUP, INC. / ENERGY INTELLIGENCE GROUP (UK) LIMITED.",2010,Iraq,Other Crudes - Iraq,0.3
Source: Energy Intelligence,"COPYRIGHT © 2001-2021 ENERGY INTELLIGENCE GROUP, INC. / ENERGY INTELLIGENCE GROUP (UK) LIMITED.",2009,Iraq,Other Crudes - Iraq,0
Source: Energy Intelligence,"COPYRIGHT © 2001-2021 ENERGY INTELLIGENCE GROUP, INC. / ENERGY INTELLIGENCE GROUP (UK) LIMITED.",2008,Iraq,Other Crudes - Iraq,0.01
Source: Energy Intelligence,"COPYRIGHT © 2001-2021 ENERGY INTELLIGENCE GROUP, INC. / ENERGY INTELLIGENCE GROUP (UK) LIMITED.",2007,Iraq,Other Crudes - Iraq,
Source: Energy Intelligence,"COPYRIGHT © 2001-2021 ENERGY INTELLIGENCE GROUP, INC. / ENERGY INTELLIGENCE GROUP (UK) LIMITED.",2006,Iraq,Other Crudes - Iraq,0.03
Source: Energy Intelligence,"COPYRIGHT © 2001-2021 ENERGY INTELLIGENCE GROUP, INC. / ENERGY INTELLIGENCE GROUP (UK) LIMITED.",2024,Brazil,Lapa,44
Source: Energy Intelligence,"COPYRIGHT © 2001-2021 ENERGY INTELLIGENCE GROUP, INC. / ENERGY INTELLIGENCE GROUP (UK) LIMITED.",2023,Brazil,Lapa,45.3
Source: Energy Intelligence,"COPYRIGHT © 2001-2021 ENERGY INTELLIGENCE GROUP, INC. / ENERGY INTELLIGENCE GROUP (UK) LIMITED.",2022,Brazil,Lapa,45
Source: Energy Intelligence,"COPYRIGHT © 2001-2021 ENERGY INTELLIGENCE GROUP, INC. / ENERGY INTELLIGENCE GROUP (UK) LIMITED.",2021,Brazil,Lapa,52.1
Source: Energy Intelligence,"COPYRIGHT © 2001-2021 ENERGY INTELLIGENCE GROUP, INC. / ENERGY INTELLIGENCE GROUP (UK) LIMITED.",2020,Brazil,Lapa,35.01
Source: Energy Intelligence,"COPYRIGHT © 2001-2021 ENERGY INTELLIGENCE GROUP, INC. / ENERGY INTELLIGENCE GROUP (UK) LIMITED.",2019,Brazil,Lapa,25.31
Source: Energy Intelligence,"COPYRIGHT © 2001-2021 ENERGY INTELLIGENCE GROUP, INC. / ENERGY INTELLIGENCE GROUP (UK) LIMITED.",2018,Brazil,Lapa,36.77
Source: Energy Intelligence,"COPYRIGHT © 2001-2021 ENERGY INTELLIGENCE GROUP, INC. / ENERGY INTELLIGENCE GROUP (UK) LIMITED.",2017,Brazil,Lapa,35.65
Source: Energy Intelligence,"COPYRIGHT © 2001-2021 ENERGY INTELLIGENCE GROUP, INC. / ENERGY INTELLIGENCE GROUP (UK) LIMITED.",2016,Brazil,Lapa,8.35
Source: Energy Intelligence,"COPYRIGHT © 2001-2021 ENERGY INTELLIGENCE GROUP, INC. / ENERGY INTELLIGENCE GROUP (UK) LIMITED.",2011,Brazil,Lapa,5
Source: Energy Intelligence,"COPYRIGHT © 2001-2021 ENERGY INTELLIGENCE GROUP, INC. / ENERGY INTELLIGENCE GROUP (UK) LIMITED.",2022,Australia,Pyrenees,11
Source: Energy Intelligence,"COPYRIGHT © 2001-2021 ENERGY INTELLIGENCE GROUP, INC. / ENERGY INTELLIGENCE GROUP (UK) LIMITED.",2021,Australia,Pyrenees,12.2
Source: Energy Intelligence,"COPYRIGHT © 2001-2021 ENERGY INTELLIGENCE GROUP, INC. / ENERGY INTELLIGENCE GROUP (UK) LIMITED.",2020,Australia,Pyrenees,15.4
Source: Energy Intelligence,"COPYRIGHT © 2001-2021 ENERGY INTELLIGENCE GROUP, INC. / ENERGY INTELLIGENCE GROUP (UK) LIMITED.",2019,Australia,Pyrenees,16.76
Source: Energy Intelligence,"COPYRIGHT © 2001-2021 ENERGY INTELLIGENCE GROUP, INC. / ENERGY INTELLIGENCE GROUP (UK) LIMITED.",2018,Australia,Pyrenees,16.53
Source: Energy Intelligence,"COPYRIGHT © 2001-2021 ENERGY INTELLIGENCE GROUP, INC. / ENERGY INTELLIGENCE GROUP (UK) LIMITED.",2017,Australia,Pyrenees,25.38
Source: Energy Intelligence,"COPYRIGHT © 2001-2021 ENERGY INTELLIGENCE GROUP, INC. / ENERGY INTELLIGENCE GROUP (UK) LIMITED.",2016,Australia,Pyrenees,32.93
Source: Energy Intelligence,"COPYRIGHT © 2001-2021 ENERGY INTELLIGENCE GROUP, INC. / ENERGY INTELLIGENCE GROUP (UK) LIMITED.",2015,Australia,Pyrenees,32.92
Source: Energy Intelligence,"COPYRIGHT © 2001-2021 ENERGY INTELLIGENCE GROUP, INC. / ENERGY INTELLIGENCE GROUP (UK) LIMITED.",2014,Australia,Pyrenees,37.02
Source: Energy Intelligence,"COPYRIGHT © 2001-2021 ENERGY INTELLIGENCE GROUP, INC. / ENERGY INTELLIGENCE GROUP (UK) LIMITED.",2013,Australia,Pyrenees,29.6
Source: Energy Intelligence,"COPYRIGHT © 2001-2021 ENERGY INTELLIGENCE GROUP, INC. / ENERGY INTELLIGENCE GROUP (UK) LIMITED.",2012,Australia,Pyrenees,45.9
Source: Energy Intelligence,"COPYRIGHT © 2001-2021 ENERGY INTELLIGENCE GROUP, INC. / ENERGY INTELLIGENCE GROUP (UK) LIMITED.",2011,Australia,Pyrenees,75.9
Source: Energy Intelligence,"COPYRIGHT © 2001-2021 ENERGY INTELLIGENCE GROUP, INC. / ENERGY INTELLIGENCE GROUP (UK) LIMITED.",2010,Australia,Pyrenees,80
Source: Energy Intelligence,"COPYRIGHT © 2001-2021 ENERGY INTELLIGENCE GROUP, INC. / ENERGY INTELLIGENCE GROUP (UK) LIMITED.",2023,Libya,Bouri,24.2
Source: Energy Intelligence,"COPYRIGHT © 2001-2021 ENERGY INTELLIGENCE GROUP, INC. / ENERGY INTELLIGENCE GROUP (UK) LIMITED.",2022,Libya,Bouri,28
Source: Energy Intelligence,"COPYRIGHT © 2001-2021 ENERGY INTELLIGENCE GROUP, INC. / ENERGY INTELLIGENCE GROUP (UK) LIMITED.",2021,Libya,Bouri,33
Source: Energy Intelligence,"COPYRIGHT © 2001-2021 ENERGY INTELLIGENCE GROUP, INC. / ENERGY INTELLIGENCE GROUP (UK) LIMITED.",2020,Libya,Bouri,33
Source: Energy Intelligence,"COPYRIGHT © 2001-2021 ENERGY INTELLIGENCE GROUP, INC. / ENERGY INTELLIGENCE GROUP (UK) LIMITED.",2019,Libya,Bouri,37
Source: Energy Intelligence,"COPYRIGHT © 2001-2021 ENERGY INTELLIGENCE GROUP, INC. / ENERGY INTELLIGENCE GROUP (UK) LIMITED.",2018,Libya,Bouri,37
Source: Energy Intelligence,"COPYRIGHT © 2001-2021 ENERGY INTELLIGENCE GROUP, INC. / ENERGY INTELLIGENCE GROUP (UK) LIMITED.",2017,Libya,Bouri,37
Source: Energy Intelligence,"COPYRIGHT © 2001-2021 ENERGY INTELLIGENCE GROUP, INC. / ENERGY INTELLIGENCE GROUP (UK) LIMITED.",2016,Libya,Bouri,30
Source: Energy Intelligence,"COPYRIGHT © 2001-2021 ENERGY INTELLIGENCE GROUP, INC. / ENERGY INTELLIGENCE GROUP (UK) LIMITED.",2015,Libya,Bouri,30
Source: Energy Intelligence,"COPYRIGHT © 2001-2021 ENERGY INTELLIGENCE GROUP, INC. / ENERGY INTELLIGENCE GROUP (UK) LIMITED.",2014,Libya,Bouri,30
Source: Energy Intelligence,"COPYRIGHT © 2001-2021 ENERGY INTELLIGENCE GROUP, INC. / ENERGY INTELLIGENCE GROUP (UK) LIMITED.",2013,Libya,Bouri,31
Source: Energy Intelligence,"COPYRIGHT © 2001-2021 ENERGY INTELLIGENCE GROUP, INC. / ENERGY INTELLIGENCE GROUP (UK) LIMITED.",2012,Libya,Bouri,34
Source: Energy Intelligence,"COPYRIGHT © 2001-2021 ENERGY INTELLIGENCE GROUP, INC. / ENERGY INTELLIGENCE GROUP (UK) LIMITED.",2011,Libya,Bouri,0
Source: Energy Intelligence,"COPYRIGHT © 2001-2021 ENERGY INTELLIGENCE GROUP, INC. / ENERGY INTELLIGENCE GROUP (UK) LIMITED.",2010,Libya,Bouri,42
Source: Energy Intelligence,"COPYRIGHT © 2001-2021 ENERGY INTELLIGENCE GROUP, INC. / ENERGY INTELLIGENCE GROUP (UK) LIMITED.",2009,Libya,Bouri,44.7
Source: Energy Intelligence,"COPYRIGHT © 2001-2021 ENERGY INTELLIGENCE GROUP, INC. / ENERGY INTELLIGENCE GROUP (UK) LIMITED.",2008,Libya,Bouri,45.8
Source: Energy Intelligence,"COPYRIGHT © 2001-2021 ENERGY INTELLIGENCE GROUP, INC. / ENERGY INTELLIGENCE GROUP (UK) LIMITED.",2007,Libya,Bouri,53.8
Source: Energy Intelligence,"COPYRIGHT © 2001-2021 ENERGY INTELLIGENCE GROUP, INC. / ENERGY INTELLIGENCE GROUP (UK) LIMITED.",2006,Libya,Bouri,26.7
Source: Energy Intelligence,"COPYRIGHT © 2001-2021 ENERGY INTELLIGENCE GROUP, INC. / ENERGY INTELLIGENCE GROUP (UK) LIMITED.",2023,Libya,Zueitina,25.4
Source: Energy Intelligence,"COPYRIGHT © 2001-2021 ENERGY INTELLIGENCE GROUP, INC. / ENERGY INTELLIGENCE GROUP (UK) LIMITED.",2022,Libya,Zueitina,23
Source: Energy Intelligence,"COPYRIGHT © 2001-2021 ENERGY INTELLIGENCE GROUP, INC. / ENERGY INTELLIGENCE GROUP (UK) LIMITED.",2021,Libya,Zueitina,50
Source: Energy Intelligence,"COPYRIGHT © 2001-2021 ENERGY INTELLIGENCE GROUP, INC. / ENERGY INTELLIGENCE GROUP (UK) LIMITED.",2020,Libya,Zueitina,17
Source: Energy Intelligence,"COPYRIGHT © 2001-2021 ENERGY INTELLIGENCE GROUP, INC. / ENERGY INTELLIGENCE GROUP (UK) LIMITED.",2019,Libya,Zueitina,50
Source: Energy Intelligence,"COPYRIGHT © 2001-2021 ENERGY INTELLIGENCE GROUP, INC. / ENERGY INTELLIGENCE GROUP (UK) LIMITED.",2018,Libya,Zueitina,13
Source: Energy Intelligence,"COPYRIGHT © 2001-2021 ENERGY INTELLIGENCE GROUP, INC. / ENERGY INTELLIGENCE GROUP (UK) LIMITED.",2017,Libya,Zueitina,13
Source: Energy Intelligence,"COPYRIGHT © 2001-2021 ENERGY INTELLIGENCE GROUP, INC. / ENERGY INTELLIGENCE GROUP (UK) LIMITED.",2016,Libya,Zueitina,13
Source: Energy Intelligence,"COPYRIGHT © 2001-2021 ENERGY INTELLIGENCE GROUP, INC. / ENERGY INTELLIGENCE GROUP (UK) LIMITED.",2015,Libya,Zueitina,15
Source: Energy Intelligence,"COPYRIGHT © 2001-2021 ENERGY INTELLIGENCE GROUP, INC. / ENERGY INTELLIGENCE GROUP (UK) LIMITED.",2014,Libya,Zueitina,6
Source: Energy Intelligence,"COPYRIGHT © 2001-2021 ENERGY INTELLIGENCE GROUP, INC. / ENERGY INTELLIGENCE GROUP (UK) LIMITED.",2013,Libya,Zueitina,35
Source: Energy Intelligence,"COPYRIGHT © 2001-2021 ENERGY INTELLIGENCE GROUP, INC. / ENERGY INTELLIGENCE GROUP (UK) LIMITED.",2012,Libya,Zueitina,45
Source: Energy Intelligence,"COPYRIGHT © 2001-2021 ENERGY INTELLIGENCE GROUP, INC. / ENERGY INTELLIGENCE GROUP (UK) LIMITED.",2011,Libya,Zueitina,12
Source: Energy Intelligence,"COPYRIGHT © 2001-2021 ENERGY INTELLIGENCE GROUP, INC. / ENERGY INTELLIGENCE GROUP (UK) LIMITED.",2010,Libya,Zueitina,50
Source: Energy Intelligence,"COPYRIGHT © 2001-2021 ENERGY INTELLIGENCE GROUP, INC. / ENERGY INTELLIGENCE GROUP (UK) LIMITED.",2009,Libya,Zueitina,50
Source: Energy Intelligence,"COPYRIGHT © 2001-2021 ENERGY INTELLIGENCE GROUP, INC. / ENERGY INTELLIGENCE GROUP (UK) LIMITED.",2008,Libya,Zueitina,42
Source: Energy Intelligence,"COPYRIGHT © 2001-2021 ENERGY INTELLIGENCE GROUP, INC. / ENERGY INTELLIGENCE GROUP (UK) LIMITED.",2007,Libya,Zueitina,45
Source: Energy Intelligence,"COPYRIGHT © 2001-2021 ENERGY INTELLIGENCE GROUP, INC. / ENERGY INTELLIGENCE GROUP (UK) LIMITED.",2006,Libya,Zueitina,80
Source: Energy Intelligence,"COPYRIGHT © 2001-2021 ENERGY INTELLIGENCE GROUP, INC. / ENERGY INTELLIGENCE GROUP (UK) LIMITED.",2024,Mexico,Zapoteco,55
Source: Energy Intelligence,"COPYRIGHT © 2001-2021 ENERGY INTELLIGENCE GROUP, INC. / ENERGY INTELLIGENCE GROUP (UK) LIMITED.",2023,Mexico,Zapoteco,8
Source: Energy Intelligence,"COPYRIGHT © 2001-2021 ENERGY INTELLIGENCE GROUP, INC. / ENERGY INTELLIGENCE GROUP (UK) LIMITED.",2020,Nigeria,EA,26.03
Source: Energy Intelligence,"COPYRIGHT © 2001-2021 ENERGY INTELLIGENCE GROUP, INC. / ENERGY INTELLIGENCE GROUP (UK) LIMITED.",2019,Nigeria,EA,13
Source: Energy Intelligence,"COPYRIGHT © 2001-2021 ENERGY INTELLIGENCE GROUP, INC. / ENERGY INTELLIGENCE GROUP (UK) LIMITED.",2018,Nigeria,EA,22.5
Source: Energy Intelligence,"COPYRIGHT © 2001-2021 ENERGY INTELLIGENCE GROUP, INC. / ENERGY INTELLIGENCE GROUP (UK) LIMITED.",2017,Nigeria,EA,24.97
Source: Energy Intelligence,"COPYRIGHT © 2001-2021 ENERGY INTELLIGENCE GROUP, INC. / ENERGY INTELLIGENCE GROUP (UK) LIMITED.",2016,Nigeria,EA,29.91
Source: Energy Intelligence,"COPYRIGHT © 2001-2021 ENERGY INTELLIGENCE GROUP, INC. / ENERGY INTELLIGENCE GROUP (UK) LIMITED.",2015,Nigeria,EA,38.3
Source: Energy Intelligence,"COPYRIGHT © 2001-2021 ENERGY INTELLIGENCE GROUP, INC. / ENERGY INTELLIGENCE GROUP (UK) LIMITED.",2014,Nigeria,EA,19.74
Source: Energy Intelligence,"COPYRIGHT © 2001-2021 ENERGY INTELLIGENCE GROUP, INC. / ENERGY INTELLIGENCE GROUP (UK) LIMITED.",2013,Nigeria,EA,42.81
Source: Energy Intelligence,"COPYRIGHT © 2001-2021 ENERGY INTELLIGENCE GROUP, INC. / ENERGY INTELLIGENCE GROUP (UK) LIMITED.",2012,Nigeria,EA,57.58
Source: Energy Intelligence,"COPYRIGHT © 2001-2021 ENERGY INTELLIGENCE GROUP, INC. / ENERGY INTELLIGENCE GROUP (UK) LIMITED.",2011,Nigeria,EA,63.24
Source: Energy Intelligence,"COPYRIGHT © 2001-2021 ENERGY INTELLIGENCE GROUP, INC. / ENERGY INTELLIGENCE GROUP (UK) LIMITED.",2010,Nigeria,EA,85
Source: Energy Intelligence,"COPYRIGHT © 2001-2021 ENERGY INTELLIGENCE GROUP, INC. / ENERGY INTELLIGENCE GROUP (UK) LIMITED.",2009,Nigeria,EA,12.5
Source: Energy Intelligence,"COPYRIGHT © 2001-2021 ENERGY INTELLIGENCE GROUP, INC. / ENERGY INTELLIGENCE GROUP (UK) LIMITED.",2008,Nigeria,EA,0
Source: Energy Intelligence,"COPYRIGHT © 2001-2021 ENERGY INTELLIGENCE GROUP, INC. / ENERGY INTELLIGENCE GROUP (UK) LIMITED.",2007,Nigeria,EA,0
Source: Energy Intelligence,"COPYRIGHT © 2001-2021 ENERGY INTELLIGENCE GROUP, INC. / ENERGY INTELLIGENCE GROUP (UK) LIMITED.",2006,Nigeria,EA,23.4
Source: Energy Intelligence,"COPYRIGHT © 2001-2021 ENERGY INTELLIGENCE GROUP, INC. / ENERGY INTELLIGENCE GROUP (UK) LIMITED.",2024,Nigeria,Anyala-Madu,42.33
Source: Energy Intelligence,"COPYRIGHT © 2001-2021 ENERGY INTELLIGENCE GROUP, INC. / ENERGY INTELLIGENCE GROUP (UK) LIMITED.",2023,Nigeria,Anyala-Madu,42.33
Source: Energy Intelligence,"COPYRIGHT © 2001-2021 ENERGY INTELLIGENCE GROUP, INC. / ENERGY INTELLIGENCE GROUP (UK) LIMITED.",2022,Nigeria,Anyala-Madu,44.99
Source: Energy Intelligence,"COPYRIGHT © 2001-2021 ENERGY INTELLIGENCE GROUP, INC. / ENERGY INTELLIGENCE GROUP (UK) LIMITED.",2021,Nigeria,Anyala-Madu,22.39
Source: Energy Intelligence,"COPYRIGHT © 2001-2021 ENERGY INTELLIGENCE GROUP, INC. / ENERGY INTELLIGENCE GROUP (UK) LIMITED.",2020,Nigeria,Anyala-Madu,0
Source: Energy Intelligence,"COPYRIGHT © 2001-2021 ENERGY INTELLIGENCE GROUP, INC. / ENERGY INTELLIGENCE GROUP (UK) LIMITED.",2008,Nigeria,Pennington,20.64
Source: Energy Intelligence,"COPYRIGHT © 2001-2021 ENERGY INTELLIGENCE GROUP, INC. / ENERGY INTELLIGENCE GROUP (UK) LIMITED.",2007,Nigeria,Pennington,31.23
Source: Energy Intelligence,"COPYRIGHT © 2001-2021 ENERGY INTELLIGENCE GROUP, INC. / ENERGY INTELLIGENCE GROUP (UK) LIMITED.",2006,Nigeria,Pennington,39.04
Source: Energy Intelligence,"COPYRIGHT © 2001-2021 ENERGY INTELLIGENCE GROUP, INC. / ENERGY INTELLIGENCE GROUP (UK) LIMITED.",2022,Libya,Al-Jurf,29
Source: Energy Intelligence,"COPYRIGHT © 2001-2021 ENERGY INTELLIGENCE GROUP, INC. / ENERGY INTELLIGENCE GROUP (UK) LIMITED.",2021,Libya,Al-Jurf,29
Source: Energy Intelligence,"COPYRIGHT © 2001-2021 ENERGY INTELLIGENCE GROUP, INC. / ENERGY INTELLIGENCE GROUP (UK) LIMITED.",2020,Libya,Al-Jurf,29
Source: Energy Intelligence,"COPYRIGHT © 2001-2021 ENERGY INTELLIGENCE GROUP, INC. / ENERGY INTELLIGENCE GROUP (UK) LIMITED.",2019,Libya,Al-Jurf,31
Source: Energy Intelligence,"COPYRIGHT © 2001-2021 ENERGY INTELLIGENCE GROUP, INC. / ENERGY INTELLIGENCE GROUP (UK) LIMITED.",2018,Libya,Al-Jurf,31
Source: Energy Intelligence,"COPYRIGHT © 2001-2021 ENERGY INTELLIGENCE GROUP, INC. / ENERGY INTELLIGENCE GROUP (UK) LIMITED.",2017,Libya,Al-Jurf,31
Source: Energy Intelligence,"COPYRIGHT © 2001-2021 ENERGY INTELLIGENCE GROUP, INC. / ENERGY INTELLIGENCE GROUP (UK) LIMITED.",2016,Libya,Al-Jurf,31
Source: Energy Intelligence,"COPYRIGHT © 2001-2021 ENERGY INTELLIGENCE GROUP, INC. / ENERGY INTELLIGENCE GROUP (UK) LIMITED.",2015,Libya,Al-Jurf,31
Source: Energy Intelligence,"COPYRIGHT © 2001-2021 ENERGY INTELLIGENCE GROUP, INC. / ENERGY INTELLIGENCE GROUP (UK) LIMITED.",2014,Libya,Al-Jurf,30
Source: Energy Intelligence,"COPYRIGHT © 2001-2021 ENERGY INTELLIGENCE GROUP, INC. / ENERGY INTELLIGENCE GROUP (UK) LIMITED.",2013,Libya,Al-Jurf,31
Source: Energy Intelligence,"COPYRIGHT © 2001-2021 ENERGY INTELLIGENCE GROUP, INC. / ENERGY INTELLIGENCE GROUP (UK) LIMITED.",2009,Libya,Al-Jurf,25
Source: Energy Intelligence,"COPYRIGHT © 2001-2021 ENERGY INTELLIGENCE GROUP, INC. / ENERGY INTELLIGENCE GROUP (UK) LIMITED.",2008,Libya,Al-Jurf,10
Source: Energy Intelligence,"COPYRIGHT © 2001-2021 ENERGY INTELLIGENCE GROUP, INC. / ENERGY INTELLIGENCE GROUP (UK) LIMITED.",2007,Libya,Al-Jurf,28
Source: Energy Intelligence,"COPYRIGHT © 2001-2021 ENERGY INTELLIGENCE GROUP, INC. / ENERGY INTELLIGENCE GROUP (UK) LIMITED.",2006,Libya,Al-Jurf,26.7
Source: Energy Intelligence,"COPYRIGHT © 2001-2021 ENERGY INTELLIGENCE GROUP, INC. / ENERGY INTELLIGENCE GROUP (UK) LIMITED.",2022,Australia,Vincent,34
Source: Energy Intelligence,"COPYRIGHT © 2001-2021 ENERGY INTELLIGENCE GROUP, INC. / ENERGY INTELLIGENCE GROUP (UK) LIMITED.",2021,Australia,Vincent,32.48
Source: Energy Intelligence,"COPYRIGHT © 2001-2021 ENERGY INTELLIGENCE GROUP, INC. / ENERGY INTELLIGENCE GROUP (UK) LIMITED.",2020,Australia,Vincent,37.72
Source: Energy Intelligence,"COPYRIGHT © 2001-2021 ENERGY INTELLIGENCE GROUP, INC. / ENERGY INTELLIGENCE GROUP (UK) LIMITED.",2019,Australia,Vincent,43.84
Source: Energy Intelligence,"COPYRIGHT © 2001-2021 ENERGY INTELLIGENCE GROUP, INC. / ENERGY INTELLIGENCE GROUP (UK) LIMITED.",2018,Australia,Vincent,9
Source: Energy Intelligence,"COPYRIGHT © 2001-2021 ENERGY INTELLIGENCE GROUP, INC. / ENERGY INTELLIGENCE GROUP (UK) LIMITED.",2017,Australia,Vincent,18.08
Source: Energy Intelligence,"COPYRIGHT © 2001-2021 ENERGY INTELLIGENCE GROUP, INC. / ENERGY INTELLIGENCE GROUP (UK) LIMITED.",2016,Australia,Vincent,11.91
Source: Energy Intelligence,"COPYRIGHT © 2001-2021 ENERGY INTELLIGENCE GROUP, INC. / ENERGY INTELLIGENCE GROUP (UK) LIMITED.",2009,Australia,Vincent,
Source: Energy Intelligence,"COPYRIGHT © 2001-2021 ENERGY INTELLIGENCE GROUP, INC. / ENERGY INTELLIGENCE GROUP (UK) LIMITED.",2008,Australia,Vincent,
Source: Energy Intelligence,"COPYRIGHT © 2001-2021 ENERGY INTELLIGENCE GROUP, INC. / ENERGY INTELLIGENCE GROUP (UK) LIMITED.",2024,Libya,Other Crudes - Libya,
Source: Energy Intelligence,"COPYRIGHT © 2001-2021 ENERGY INTELLIGENCE GROUP, INC. / ENERGY INTELLIGENCE GROUP (UK) LIMITED.",2023,Libya,Other Crudes - Libya,16.39
Source: Energy Intelligence,"COPYRIGHT © 2001-2021 ENERGY INTELLIGENCE GROUP, INC. / ENERGY INTELLIGENCE GROUP (UK) LIMITED.",2012,Libya,Other Crudes - Libya,0
Source: Energy Intelligence,"COPYRIGHT © 2001-2021 ENERGY INTELLIGENCE GROUP, INC. / ENERGY INTELLIGENCE GROUP (UK) LIMITED.",2011,Libya,Other Crudes - Libya,0
Source: Energy Intelligence,"COPYRIGHT © 2001-2021 ENERGY INTELLIGENCE GROUP, INC. / ENERGY INTELLIGENCE GROUP (UK) LIMITED.",2010,Libya,Other Crudes - Libya,42
Source: Energy Intelligence,"COPYRIGHT © 2001-2021 ENERGY INTELLIGENCE GROUP, INC. / ENERGY INTELLIGENCE GROUP (UK) LIMITED.",2009,Libya,Other Crudes - Libya,10.3
Source: Energy Intelligence,"COPYRIGHT © 2001-2021 ENERGY INTELLIGENCE GROUP, INC. / ENERGY INTELLIGENCE GROUP (UK) LIMITED.",2008,Libya,Other Crudes - Libya,71.2
Source: Energy Intelligence,"COPYRIGHT © 2001-2021 ENERGY INTELLIGENCE GROUP, INC. / ENERGY INTELLIGENCE GROUP (UK) LIMITED.",2007,Libya,Other Crudes - Libya,71.2
Source: Energy Intelligence,"COPYRIGHT © 2001-2021 ENERGY INTELLIGENCE GROUP, INC. / ENERGY INTELLIGENCE GROUP (UK) LIMITED.",2006,Libya,Other Crudes - Libya,0.6
Source: Energy Intelligence,"COPYRIGHT © 2001-2021 ENERGY INTELLIGENCE GROUP, INC. / ENERGY INTELLIGENCE GROUP (UK) LIMITED.",2024,Brazil,Frade,42.2
Source: Energy Intelligence,"COPYRIGHT © 2001-2021 ENERGY INTELLIGENCE GROUP, INC. / ENERGY INTELLIGENCE GROUP (UK) LIMITED.",2023,Brazil,Frade,47.46
Source: Energy Intelligence,"COPYRIGHT © 2001-2021 ENERGY INTELLIGENCE GROUP, INC. / ENERGY INTELLIGENCE GROUP (UK) LIMITED.",2022,Brazil,Frade,22.27
Source: Energy Intelligence,"COPYRIGHT © 2001-2021 ENERGY INTELLIGENCE GROUP, INC. / ENERGY INTELLIGENCE GROUP (UK) LIMITED.",2021,Brazil,Frade,15.87
Source: Energy Intelligence,"COPYRIGHT © 2001-2021 ENERGY INTELLIGENCE GROUP, INC. / ENERGY INTELLIGENCE GROUP (UK) LIMITED.",2020,Brazil,Frade,18.22
Source: Energy Intelligence,"COPYRIGHT © 2001-2021 ENERGY INTELLIGENCE GROUP, INC. / ENERGY INTELLIGENCE GROUP (UK) LIMITED.",2019,Brazil,Frade,18.97
Source: Energy Intelligence,"COPYRIGHT © 2001-2021 ENERGY INTELLIGENCE GROUP, INC. / ENERGY INTELLIGENCE GROUP (UK) LIMITED.",2018,Brazil,Frade,17.8
Source: Energy Intelligence,"COPYRIGHT © 2001-2021 ENERGY INTELLIGENCE GROUP, INC. / ENERGY INTELLIGENCE GROUP (UK) LIMITED.",2017,Brazil,Frade,19.28
Source: Energy Intelligence,"COPYRIGHT © 2001-2021 ENERGY INTELLIGENCE GROUP, INC. / ENERGY INTELLIGENCE GROUP (UK) LIMITED.",2016,Brazil,Frade,22.43
Source: Energy Intelligence,"COPYRIGHT © 2001-2021 ENERGY INTELLIGENCE GROUP, INC. / ENERGY INTELLIGENCE GROUP (UK) LIMITED.",2015,Brazil,Frade,23.29
Source: Energy Intelligence,"COPYRIGHT © 2001-2021 ENERGY INTELLIGENCE GROUP, INC. / ENERGY INTELLIGENCE GROUP (UK) LIMITED.",2014,Brazil,Frade,24.86
Source: Energy Intelligence,"COPYRIGHT © 2001-2021 ENERGY INTELLIGENCE GROUP, INC. / ENERGY INTELLIGENCE GROUP (UK) LIMITED.",2013,Brazil,Frade,11.35
Source: Energy Intelligence,"COPYRIGHT © 2001-2021 ENERGY INTELLIGENCE GROUP, INC. / ENERGY INTELLIGENCE GROUP (UK) LIMITED.",2012,Brazil,Frade,12.29
Source: Energy Intelligence,"COPYRIGHT © 2001-2021 ENERGY INTELLIGENCE GROUP, INC. / ENERGY INTELLIGENCE GROUP (UK) LIMITED.",2011,Brazil,Frade,71.48
Source: Energy Intelligence,"COPYRIGHT © 2001-2021 ENERGY INTELLIGENCE GROUP, INC. / ENERGY INTELLIGENCE GROUP (UK) LIMITED.",2010,Brazil,Frade,49.93
Source: Energy Intelligence,"COPYRIGHT © 2001-2021 ENERGY INTELLIGENCE GROUP, INC. / ENERGY INTELLIGENCE GROUP (UK) LIMITED.",2009,Brazil,Frade,3.33
Source: Energy Intelligence,"COPYRIGHT © 2001-2021 ENERGY INTELLIGENCE GROUP, INC. / ENERGY INTELLIGENCE GROUP (UK) LIMITED.",2024,Azerbaijan,Other Crudes - Azerbaijan,0
Source: Energy Intelligence,"COPYRIGHT © 2001-2021 ENERGY INTELLIGENCE GROUP, INC. / ENERGY INTELLIGENCE GROUP (UK) LIMITED.",2023,Azerbaijan,Other Crudes - Azerbaijan,0
Source: Energy Intelligence,"COPYRIGHT © 2001-2021 ENERGY INTELLIGENCE GROUP, INC. / ENERGY INTELLIGENCE GROUP (UK) LIMITED.",2022,Azerbaijan,Other Crudes - Azerbaijan,8.1
Source: Energy Intelligence,"COPYRIGHT © 2001-2021 ENERGY INTELLIGENCE GROUP, INC. / ENERGY INTELLIGENCE GROUP (UK) LIMITED.",2021,Azerbaijan,Other Crudes - Azerbaijan,21.9
Source: Energy Intelligence,"COPYRIGHT © 2001-2021 ENERGY INTELLIGENCE GROUP, INC. / ENERGY INTELLIGENCE GROUP (UK) LIMITED.",2020,Azerbaijan,Other Crudes - Azerbaijan,12
Source: Energy Intelligence,"COPYRIGHT © 2001-2021 ENERGY INTELLIGENCE GROUP, INC. / ENERGY INTELLIGENCE GROUP (UK) LIMITED.",2019,Azerbaijan,Other Crudes - Azerbaijan,16
Source: Energy Intelligence,"COPYRIGHT © 2001-2021 ENERGY INTELLIGENCE GROUP, INC. / ENERGY INTELLIGENCE GROUP (UK) LIMITED.",2018,Azerbaijan,Other Crudes - Azerbaijan,24.4
Source: Energy Intelligence,"COPYRIGHT © 2001-2021 ENERGY INTELLIGENCE GROUP, INC. / ENERGY INTELLIGENCE GROUP (UK) LIMITED.",2017,Azerbaijan,Other Crudes - Azerbaijan,31.8
Source: Energy Intelligence,"COPYRIGHT © 2001-2021 ENERGY INTELLIGENCE GROUP, INC. / ENERGY INTELLIGENCE GROUP (UK) LIMITED.",2016,Azerbaijan,Other Crudes - Azerbaijan,34.59
Source: Energy Intelligence,"COPYRIGHT © 2001-2021 ENERGY INTELLIGENCE GROUP, INC. / ENERGY INTELLIGENCE GROUP (UK) LIMITED.",2015,Azerbaijan,Other Crudes - Azerbaijan,25.4
Source: Energy Intelligence,"COPYRIGHT © 2001-2021 ENERGY INTELLIGENCE GROUP, INC. / ENERGY INTELLIGENCE GROUP (UK) LIMITED.",2014,Azerbaijan,Other Crudes - Azerbaijan,18.7
Source: Energy Intelligence,"COPYRIGHT © 2001-2021 ENERGY INTELLIGENCE GROUP, INC. / ENERGY INTELLIGENCE GROUP (UK) LIMITED.",2013,Azerbaijan,Other Crudes - Azerbaijan,35.1
Source: Energy Intelligence,"COPYRIGHT © 2001-2021 ENERGY INTELLIGENCE GROUP, INC. / ENERGY INTELLIGENCE GROUP (UK) LIMITED.",2012,Azerbaijan,Other Crudes - Azerbaijan,48
Source: Energy Intelligence,"COPYRIGHT © 2001-2021 ENERGY INTELLIGENCE GROUP, INC. / ENERGY INTELLIGENCE GROUP (UK) LIMITED.",2011,Azerbaijan,Other Crudes - Azerbaijan,112.96
Source: Energy Intelligence,"COPYRIGHT © 2001-2021 ENERGY INTELLIGENCE GROUP, INC. / ENERGY INTELLIGENCE GROUP (UK) LIMITED.",2010,Azerbaijan,Other Crudes - Azerbaijan,32.4
Source: Energy Intelligence,"COPYRIGHT © 2001-2021 ENERGY INTELLIGENCE GROUP, INC. / ENERGY INTELLIGENCE GROUP (UK) LIMITED.",2009,Azerbaijan,Other Crudes - Azerbaijan,32
Source: Energy Intelligence,"COPYRIGHT © 2001-2021 ENERGY INTELLIGENCE GROUP, INC. / ENERGY INTELLIGENCE GROUP (UK) LIMITED.",2008,Azerbaijan,Other Crudes - Azerbaijan,23
Source: Energy Intelligence,"COPYRIGHT © 2001-2021 ENERGY INTELLIGENCE GROUP, INC. / ENERGY INTELLIGENCE GROUP (UK) LIMITED.",2007,Azerbaijan,Other Crudes - Azerbaijan,12
Source: Energy Intelligence,"COPYRIGHT © 2001-2021 ENERGY INTELLIGENCE GROUP, INC. / ENERGY INTELLIGENCE GROUP (UK) LIMITED.",2006,Azerbaijan,Other Crudes - Azerbaijan,9
Source: Energy Intelligence,"COPYRIGHT © 2001-2021 ENERGY INTELLIGENCE GROUP, INC. / ENERGY INTELLIGENCE GROUP (UK) LIMITED.",2024,Venezuela,Santa Barbara,0
Source: Energy Intelligence,"COPYRIGHT © 2001-2021 ENERGY INTELLIGENCE GROUP, INC. / ENERGY INTELLIGENCE GROUP (UK) LIMITED.",2023,Venezuela,Santa Barbara,0
Source: Energy Intelligence,"COPYRIGHT © 2001-2021 ENERGY INTELLIGENCE GROUP, INC. / ENERGY INTELLIGENCE GROUP (UK) LIMITED.",2022,Venezuela,Santa Barbara,0
Source: Energy Intelligence,"COPYRIGHT © 2001-2021 ENERGY INTELLIGENCE GROUP, INC. / ENERGY INTELLIGENCE GROUP (UK) LIMITED.",2021,Venezuela,Santa Barbara,0
Source: Energy Intelligence,"COPYRIGHT © 2001-2021 ENERGY INTELLIGENCE GROUP, INC. / ENERGY INTELLIGENCE GROUP (UK) LIMITED.",2020,Venezuela,Santa Barbara,0
Source: Energy Intelligence,"COPYRIGHT © 2001-2021 ENERGY INTELLIGENCE GROUP, INC. / ENERGY INTELLIGENCE GROUP (UK) LIMITED.",2019,Venezuela,Santa Barbara,0
Source: Energy Intelligence,"COPYRIGHT © 2001-2021 ENERGY INTELLIGENCE GROUP, INC. / ENERGY INTELLIGENCE GROUP (UK) LIMITED.",2018,Venezuela,Santa Barbara,7.14
Source: Energy Intelligence,"COPYRIGHT © 2001-2021 ENERGY INTELLIGENCE GROUP, INC. / ENERGY INTELLIGENCE GROUP (UK) LIMITED.",2017,Venezuela,Santa Barbara,10.13
Source: Energy Intelligence,"COPYRIGHT © 2001-2021 ENERGY INTELLIGENCE GROUP, INC. / ENERGY INTELLIGENCE GROUP (UK) LIMITED.",2016,Venezuela,Santa Barbara,7.68
Source: Energy Intelligence,"COPYRIGHT © 2001-2021 ENERGY INTELLIGENCE GROUP, INC. / ENERGY INTELLIGENCE GROUP (UK) LIMITED.",2015,Venezuela,Santa Barbara,33.67
Source: Energy Intelligence,"COPYRIGHT © 2001-2021 ENERGY INTELLIGENCE GROUP, INC. / ENERGY INTELLIGENCE GROUP (UK) LIMITED.",2014,Venezuela,Santa Barbara,66.21
Source: Energy Intelligence,"COPYRIGHT © 2001-2021 ENERGY INTELLIGENCE GROUP, INC. / ENERGY INTELLIGENCE GROUP (UK) LIMITED.",2013,Venezuela,Santa Barbara,86.8
Source: Energy Intelligence,"COPYRIGHT © 2001-2021 ENERGY INTELLIGENCE GROUP, INC. / ENERGY INTELLIGENCE GROUP (UK) LIMITED.",2012,Venezuela,Santa Barbara,79.78
Source: Energy Intelligence,"COPYRIGHT © 2001-2021 ENERGY INTELLIGENCE GROUP, INC. / ENERGY INTELLIGENCE GROUP (UK) LIMITED.",2011,Venezuela,Santa Barbara,67.78
Source: Energy Intelligence,"COPYRIGHT © 2001-2021 ENERGY INTELLIGENCE GROUP, INC. / ENERGY INTELLIGENCE GROUP (UK) LIMITED.",2010,Venezuela,Santa Barbara,
Source: Energy Intelligence,"COPYRIGHT © 2001-2021 ENERGY INTELLIGENCE GROUP, INC. / ENERGY INTELLIGENCE GROUP (UK) LIMITED.",2009,Venezuela,Santa Barbara,
Source: Energy Intelligence,"COPYRIGHT © 2001-2021 ENERGY INTELLIGENCE GROUP, INC. / ENERGY INTELLIGENCE GROUP (UK) LIMITED.",2008,Venezuela,Santa Barbara,
Source: Energy Intelligence,"COPYRIGHT © 2001-2021 ENERGY INTELLIGENCE GROUP, INC. / ENERGY INTELLIGENCE GROUP (UK) LIMITED.",2024,Canada,Premium Albian,38
Source: Energy Intelligence,"COPYRIGHT © 2001-2021 ENERGY INTELLIGENCE GROUP, INC. / ENERGY INTELLIGENCE GROUP (UK) LIMITED.",2023,Canada,Premium Albian,37.5
Source: Energy Intelligence,"COPYRIGHT © 2001-2021 ENERGY INTELLIGENCE GROUP, INC. / ENERGY INTELLIGENCE GROUP (UK) LIMITED.",2022,Canada,Premium Albian,27
Source: Energy Intelligence,"COPYRIGHT © 2001-2021 ENERGY INTELLIGENCE GROUP, INC. / ENERGY INTELLIGENCE GROUP (UK) LIMITED.",2021,Canada,Premium Albian,33
Source: Energy Intelligence,"COPYRIGHT © 2001-2021 ENERGY INTELLIGENCE GROUP, INC. / ENERGY INTELLIGENCE GROUP (UK) LIMITED.",2020,Canada,Premium Albian,32.4
Source: Energy Intelligence,"COPYRIGHT © 2001-2021 ENERGY INTELLIGENCE GROUP, INC. / ENERGY INTELLIGENCE GROUP (UK) LIMITED.",2019,Canada,Premium Albian,31.8
Source: Energy Intelligence,"COPYRIGHT © 2001-2021 ENERGY INTELLIGENCE GROUP, INC. / ENERGY INTELLIGENCE GROUP (UK) LIMITED.",2018,Canada,Premium Albian,31.8
Source: Energy Intelligence,"COPYRIGHT © 2001-2021 ENERGY INTELLIGENCE GROUP, INC. / ENERGY INTELLIGENCE GROUP (UK) LIMITED.",2017,Canada,Premium Albian,30.6
Source: Energy Intelligence,"COPYRIGHT © 2001-2021 ENERGY INTELLIGENCE GROUP, INC. / ENERGY INTELLIGENCE GROUP (UK) LIMITED.",2016,Canada,Premium Albian,30
Source: Energy Intelligence,"COPYRIGHT © 2001-2021 ENERGY INTELLIGENCE GROUP, INC. / ENERGY INTELLIGENCE GROUP (UK) LIMITED.",2015,Canada,Premium Albian,28.2
Source: Energy Intelligence,"COPYRIGHT © 2001-2021 ENERGY INTELLIGENCE GROUP, INC. / ENERGY INTELLIGENCE GROUP (UK) LIMITED.",2014,Canada,Premium Albian,29.16
Source: Energy Intelligence,"COPYRIGHT © 2001-2021 ENERGY INTELLIGENCE GROUP, INC. / ENERGY INTELLIGENCE GROUP (UK) LIMITED.",2013,Canada,Premium Albian,28.32
Source: Energy Intelligence,"COPYRIGHT © 2001-2021 ENERGY INTELLIGENCE GROUP, INC. / ENERGY INTELLIGENCE GROUP (UK) LIMITED.",2012,Canada,Premium Albian,27
Source: Energy Intelligence,"COPYRIGHT © 2001-2021 ENERGY INTELLIGENCE GROUP, INC. / ENERGY INTELLIGENCE GROUP (UK) LIMITED.",2011,Canada,Premium Albian,25.2
Source: Energy Intelligence,"COPYRIGHT © 2001-2021 ENERGY INTELLIGENCE GROUP, INC. / ENERGY INTELLIGENCE GROUP (UK) LIMITED.",2010,Canada,Premium Albian,12.5
Source: Energy Intelligence,"COPYRIGHT © 2001-2021 ENERGY INTELLIGENCE GROUP, INC. / ENERGY INTELLIGENCE GROUP (UK) LIMITED.",2009,Canada,Premium Albian,12.24
Source: Energy Intelligence,"COPYRIGHT © 2001-2021 ENERGY INTELLIGENCE GROUP, INC. / ENERGY INTELLIGENCE GROUP (UK) LIMITED.",2008,Canada,Premium Albian,12.88
Source: Energy Intelligence,"COPYRIGHT © 2001-2021 ENERGY INTELLIGENCE GROUP, INC. / ENERGY INTELLIGENCE GROUP (UK) LIMITED.",2007,Canada,Premium Albian,4.96
Source: Energy Intelligence,"COPYRIGHT © 2001-2021 ENERGY INTELLIGENCE GROUP, INC. / ENERGY INTELLIGENCE GROUP (UK) LIMITED.",2006,Canada,Premium Albian,8.7
Source: Energy Intelligence,"COPYRIGHT © 2001-2021 ENERGY INTELLIGENCE GROUP, INC. / ENERGY INTELLIGENCE GROUP (UK) LIMITED.",2024,Equatorial Guinea,Other Crudes - Equatorial Guinea,9
Source: Energy Intelligence,"COPYRIGHT © 2001-2021 ENERGY INTELLIGENCE GROUP, INC. / ENERGY INTELLIGENCE GROUP (UK) LIMITED.",2023,Equatorial Guinea,Other Crudes - Equatorial Guinea,14.24
Source: Energy Intelligence,"COPYRIGHT © 2001-2021 ENERGY INTELLIGENCE GROUP, INC. / ENERGY INTELLIGENCE GROUP (UK) LIMITED.",2022,Equatorial Guinea,Other Crudes - Equatorial Guinea,13.29
Source: Energy Intelligence,"COPYRIGHT © 2001-2021 ENERGY INTELLIGENCE GROUP, INC. / ENERGY INTELLIGENCE GROUP (UK) LIMITED.",2021,Equatorial Guinea,Other Crudes - Equatorial Guinea,14.34
Source: Energy Intelligence,"COPYRIGHT © 2001-2021 ENERGY INTELLIGENCE GROUP, INC. / ENERGY INTELLIGENCE GROUP (UK) LIMITED.",2020,Equatorial Guinea,Other Crudes - Equatorial Guinea,19.59
Source: Energy Intelligence,"COPYRIGHT © 2001-2021 ENERGY INTELLIGENCE GROUP, INC. / ENERGY INTELLIGENCE GROUP (UK) LIMITED.",2019,Equatorial Guinea,Other Crudes - Equatorial Guinea,16.85
Source: Energy Intelligence,"COPYRIGHT © 2001-2021 ENERGY INTELLIGENCE GROUP, INC. / ENERGY INTELLIGENCE GROUP (UK) LIMITED.",2018,Equatorial Guinea,Other Crudes - Equatorial Guinea,16.46
Source: Energy Intelligence,"COPYRIGHT © 2001-2021 ENERGY INTELLIGENCE GROUP, INC. / ENERGY INTELLIGENCE GROUP (UK) LIMITED.",2017,Equatorial Guinea,Other Crudes - Equatorial Guinea,26.69
Source: Energy Intelligence,"COPYRIGHT © 2001-2021 ENERGY INTELLIGENCE GROUP, INC. / ENERGY INTELLIGENCE GROUP (UK) LIMITED.",2016,Equatorial Guinea,Other Crudes - Equatorial Guinea,28.59
Source: Energy Intelligence,"COPYRIGHT © 2001-2021 ENERGY INTELLIGENCE GROUP, INC. / ENERGY INTELLIGENCE GROUP (UK) LIMITED.",2015,Equatorial Guinea,Other Crudes - Equatorial Guinea,41.72
Source: Energy Intelligence,"COPYRIGHT © 2001-2021 ENERGY INTELLIGENCE GROUP, INC. / ENERGY INTELLIGENCE GROUP (UK) LIMITED.",2014,Equatorial Guinea,Other Crudes - Equatorial Guinea,44.67
Source: Energy Intelligence,"COPYRIGHT © 2001-2021 ENERGY INTELLIGENCE GROUP, INC. / ENERGY INTELLIGENCE GROUP (UK) LIMITED.",2013,Equatorial Guinea,Other Crudes - Equatorial Guinea,45.42
Source: Energy Intelligence,"COPYRIGHT © 2001-2021 ENERGY INTELLIGENCE GROUP, INC. / ENERGY INTELLIGENCE GROUP (UK) LIMITED.",2012,Equatorial Guinea,Other Crudes - Equatorial Guinea,49.32
Source: Energy Intelligence,"COPYRIGHT © 2001-2021 ENERGY INTELLIGENCE GROUP, INC. / ENERGY INTELLIGENCE GROUP (UK) LIMITED.",2011,Equatorial Guinea,Other Crudes - Equatorial Guinea,1.42
Source: Energy Intelligence,"COPYRIGHT © 2001-2021 ENERGY INTELLIGENCE GROUP, INC. / ENERGY INTELLIGENCE GROUP (UK) LIMITED.",2024,South Sudan,Nile Blend South Sudan,21
Source: Energy Intelligence,"COPYRIGHT © 2001-2021 ENERGY INTELLIGENCE GROUP, INC. / ENERGY INTELLIGENCE GROUP (UK) LIMITED.",2023,South Sudan,Nile Blend South Sudan,47
Source: Energy Intelligence,"COPYRIGHT © 2001-2021 ENERGY INTELLIGENCE GROUP, INC. / ENERGY INTELLIGENCE GROUP (UK) LIMITED.",2022,South Sudan,Nile Blend South Sudan,29
Source: Energy Intelligence,"COPYRIGHT © 2001-2021 ENERGY INTELLIGENCE GROUP, INC. / ENERGY INTELLIGENCE GROUP (UK) LIMITED.",2021,South Sudan,Nile Blend South Sudan,34.7
Source: Energy Intelligence,"COPYRIGHT © 2001-2021 ENERGY INTELLIGENCE GROUP, INC. / ENERGY INTELLIGENCE GROUP (UK) LIMITED.",2020,South Sudan,Nile Blend South Sudan,37.3
Source: Energy Intelligence,"COPYRIGHT © 2001-2021 ENERGY INTELLIGENCE GROUP, INC. / ENERGY INTELLIGENCE GROUP (UK) LIMITED.",2019,South Sudan,Nile Blend South Sudan,28
Source: Energy Intelligence,"COPYRIGHT © 2001-2021 ENERGY INTELLIGENCE GROUP, INC. / ENERGY INTELLIGENCE GROUP (UK) LIMITED.",2018,South Sudan,Nile Blend South Sudan,18
Source: Energy Intelligence,"COPYRIGHT © 2001-2021 ENERGY INTELLIGENCE GROUP, INC. / ENERGY INTELLIGENCE GROUP (UK) LIMITED.",2017,South Sudan,Nile Blend South Sudan,0
Source: Energy Intelligence,"COPYRIGHT © 2001-2021 ENERGY INTELLIGENCE GROUP, INC. / ENERGY INTELLIGENCE GROUP (UK) LIMITED.",2016,South Sudan,Nile Blend South Sudan,0
Source: Energy Intelligence,"COPYRIGHT © 2001-2021 ENERGY INTELLIGENCE GROUP, INC. / ENERGY INTELLIGENCE GROUP (UK) LIMITED.",2015,South Sudan,Nile Blend South Sudan,0
Source: Energy Intelligence,"COPYRIGHT © 2001-2021 ENERGY INTELLIGENCE GROUP, INC. / ENERGY INTELLIGENCE GROUP (UK) LIMITED.",2014,South Sudan,Nile Blend South Sudan,0
Source: Energy Intelligence,"COPYRIGHT © 2001-2021 ENERGY INTELLIGENCE GROUP, INC. / ENERGY INTELLIGENCE GROUP (UK) LIMITED.",2013,South Sudan,Nile Blend South Sudan,43.05
Source: Energy Intelligence,"COPYRIGHT © 2001-2021 ENERGY INTELLIGENCE GROUP, INC. / ENERGY INTELLIGENCE GROUP (UK) LIMITED.",2012,South Sudan,Nile Blend South Sudan,10.9
Source: Energy Intelligence,"COPYRIGHT © 2001-2021 ENERGY INTELLIGENCE GROUP, INC. / ENERGY INTELLIGENCE GROUP (UK) LIMITED.",2011,South Sudan,Nile Blend South Sudan,63.01
Source: Energy Intelligence,"COPYRIGHT © 2001-2021 ENERGY INTELLIGENCE GROUP, INC. / ENERGY INTELLIGENCE GROUP (UK) LIMITED.",2024,Yemen,Marib Light,0
Source: Energy Intelligence,"COPYRIGHT © 2001-2021 ENERGY INTELLIGENCE GROUP, INC. / ENERGY INTELLIGENCE GROUP (UK) LIMITED.",2023,Yemen,Marib Light,0
Source: Energy Intelligence,"COPYRIGHT © 2001-2021 ENERGY INTELLIGENCE GROUP, INC. / ENERGY INTELLIGENCE GROUP (UK) LIMITED.",2022,Yemen,Marib Light,5
Source: Energy Intelligence,"COPYRIGHT © 2001-2021 ENERGY INTELLIGENCE GROUP, INC. / ENERGY INTELLIGENCE GROUP (UK) LIMITED.",2021,Yemen,Marib Light,14
Source: Energy Intelligence,"COPYRIGHT © 2001-2021 ENERGY INTELLIGENCE GROUP, INC. / ENERGY INTELLIGENCE GROUP (UK) LIMITED.",2020,Yemen,Marib Light,13
Source: Energy Intelligence,"COPYRIGHT © 2001-2021 ENERGY INTELLIGENCE GROUP, INC. / ENERGY INTELLIGENCE GROUP (UK) LIMITED.",2019,Yemen,Marib Light,14.08
Source: Energy Intelligence,"COPYRIGHT © 2001-2021 ENERGY INTELLIGENCE GROUP, INC. / ENERGY INTELLIGENCE GROUP (UK) LIMITED.",2018,Yemen,Marib Light,3.68
Source: Energy Intelligence,"COPYRIGHT © 2001-2021 ENERGY INTELLIGENCE GROUP, INC. / ENERGY INTELLIGENCE GROUP (UK) LIMITED.",2017,Yemen,Marib Light,0
Source: Energy Intelligence,"COPYRIGHT © 2001-2021 ENERGY INTELLIGENCE GROUP, INC. / ENERGY INTELLIGENCE GROUP (UK) LIMITED.",2016,Yemen,Marib Light,0
Source: Energy Intelligence,"COPYRIGHT © 2001-2021 ENERGY INTELLIGENCE GROUP, INC. / ENERGY INTELLIGENCE GROUP (UK) LIMITED.",2015,Yemen,Marib Light,0
Source: Energy Intelligence,"COPYRIGHT © 2001-2021 ENERGY INTELLIGENCE GROUP, INC. / ENERGY INTELLIGENCE GROUP (UK) LIMITED.",2014,Yemen,Marib Light,14.06
Source: Energy Intelligence,"COPYRIGHT © 2001-2021 ENERGY INTELLIGENCE GROUP, INC. / ENERGY INTELLIGENCE GROUP (UK) LIMITED.",2013,Yemen,Marib Light,14.82
Source: Energy Intelligence,"COPYRIGHT © 2001-2021 ENERGY INTELLIGENCE GROUP, INC. / ENERGY INTELLIGENCE GROUP (UK) LIMITED.",2012,Yemen,Marib Light,16
Source: Energy Intelligence,"COPYRIGHT © 2001-2021 ENERGY INTELLIGENCE GROUP, INC. / ENERGY INTELLIGENCE GROUP (UK) LIMITED.",2011,Yemen,Marib Light,25
Source: Energy Intelligence,"COPYRIGHT © 2001-2021 ENERGY INTELLIGENCE GROUP, INC. / ENERGY INTELLIGENCE GROUP (UK) LIMITED.",2010,Yemen,Marib Light,75
Source: Energy Intelligence,"COPYRIGHT © 2001-2021 ENERGY INTELLIGENCE GROUP, INC. / ENERGY INTELLIGENCE GROUP (UK) LIMITED.",2009,Yemen,Marib Light,57
Source: Energy Intelligence,"COPYRIGHT © 2001-2021 ENERGY INTELLIGENCE GROUP, INC. / ENERGY INTELLIGENCE GROUP (UK) LIMITED.",2008,Yemen,Marib Light,68
Source: Energy Intelligence,"COPYRIGHT © 2001-2021 ENERGY INTELLIGENCE GROUP, INC. / ENERGY INTELLIGENCE GROUP (UK) LIMITED.",2007,Yemen,Marib Light,68
Source: Energy Intelligence,"COPYRIGHT © 2001-2021 ENERGY INTELLIGENCE GROUP, INC. / ENERGY INTELLIGENCE GROUP (UK) LIMITED.",2006,Yemen,Marib Light,61
Source: Energy Intelligence,"COPYRIGHT © 2001-2021 ENERGY INTELLIGENCE GROUP, INC. / ENERGY INTELLIGENCE GROUP (UK) LIMITED.",2024,Egypt,Other Crudes - Egypt,0
Source: Energy Intelligence,"COPYRIGHT © 2001-2021 ENERGY INTELLIGENCE GROUP, INC. / ENERGY INTELLIGENCE GROUP (UK) LIMITED.",2023,Egypt,Other Crudes - Egypt,0
Source: Energy Intelligence,"COPYRIGHT © 2001-2021 ENERGY INTELLIGENCE GROUP, INC. / ENERGY INTELLIGENCE GROUP (UK) LIMITED.",2022,Egypt,Other Crudes - Egypt,0
Source: Energy Intelligence,"COPYRIGHT © 2001-2021 ENERGY INTELLIGENCE GROUP, INC. / ENERGY INTELLIGENCE GROUP (UK) LIMITED.",2021,Egypt,Other Crudes - Egypt,0
Source: Energy Intelligence,"COPYRIGHT © 2001-2021 ENERGY INTELLIGENCE GROUP, INC. / ENERGY INTELLIGENCE GROUP (UK) LIMITED.",2020,Egypt,Other Crudes - Egypt,0
Source: Energy Intelligence,"COPYRIGHT © 2001-2021 ENERGY INTELLIGENCE GROUP, INC. / ENERGY INTELLIGENCE GROUP (UK) LIMITED.",2019,Egypt,Other Crudes - Egypt,0
Source: Energy Intelligence,"COPYRIGHT © 2001-2021 ENERGY INTELLIGENCE GROUP, INC. / ENERGY INTELLIGENCE GROUP (UK) LIMITED.",2018,Egypt,Other Crudes - Egypt,0
Source: Energy Intelligence,"COPYRIGHT © 2001-2021 ENERGY INTELLIGENCE GROUP, INC. / ENERGY INTELLIGENCE GROUP (UK) LIMITED.",2017,Egypt,Other Crudes - Egypt,9.7
Source: Energy Intelligence,"COPYRIGHT © 2001-2021 ENERGY INTELLIGENCE GROUP, INC. / ENERGY INTELLIGENCE GROUP (UK) LIMITED.",2016,Egypt,Other Crudes - Egypt,17.03
Source: Energy Intelligence,"COPYRIGHT © 2001-2021 ENERGY INTELLIGENCE GROUP, INC. / ENERGY INTELLIGENCE GROUP (UK) LIMITED.",2015,Egypt,Other Crudes - Egypt,29.68
Source: Energy Intelligence,"COPYRIGHT © 2001-2021 ENERGY INTELLIGENCE GROUP, INC. / ENERGY INTELLIGENCE GROUP (UK) LIMITED.",2014,Egypt,Other Crudes - Egypt,30
Source: Energy Intelligence,"COPYRIGHT © 2001-2021 ENERGY INTELLIGENCE GROUP, INC. / ENERGY INTELLIGENCE GROUP (UK) LIMITED.",2013,Egypt,Other Crudes - Egypt,42
Source: Energy Intelligence,"COPYRIGHT © 2001-2021 ENERGY INTELLIGENCE GROUP, INC. / ENERGY INTELLIGENCE GROUP (UK) LIMITED.",2012,Egypt,Other Crudes - Egypt,35
Source: Energy Intelligence,"COPYRIGHT © 2001-2021 ENERGY INTELLIGENCE GROUP, INC. / ENERGY INTELLIGENCE GROUP (UK) LIMITED.",2011,Egypt,Other Crudes - Egypt,35
Source: Energy Intelligence,"COPYRIGHT © 2001-2021 ENERGY INTELLIGENCE GROUP, INC. / ENERGY INTELLIGENCE GROUP (UK) LIMITED.",2010,Egypt,Other Crudes - Egypt,35
Source: Energy Intelligence,"COPYRIGHT © 2001-2021 ENERGY INTELLIGENCE GROUP, INC. / ENERGY INTELLIGENCE GROUP (UK) LIMITED.",2009,Egypt,Other Crudes - Egypt,77
Source: Energy Intelligence,"COPYRIGHT © 2001-2021 ENERGY INTELLIGENCE GROUP, INC. / ENERGY INTELLIGENCE GROUP (UK) LIMITED.",2008,Egypt,Other Crudes - Egypt,55
Source: Energy Intelligence,"COPYRIGHT © 2001-2021 ENERGY INTELLIGENCE GROUP, INC. / ENERGY INTELLIGENCE GROUP (UK) LIMITED.",2007,Egypt,Other Crudes - Egypt,45
Source: Energy Intelligence,"COPYRIGHT © 2001-2021 ENERGY INTELLIGENCE GROUP, INC. / ENERGY INTELLIGENCE GROUP (UK) LIMITED.",2006,Egypt,Other Crudes - Egypt,25
Source: Energy Intelligence,"COPYRIGHT © 2001-2021 ENERGY INTELLIGENCE GROUP, INC. / ENERGY INTELLIGENCE GROUP (UK) LIMITED.",2013,Australia,Cossack,28.4
Source: Energy Intelligence,"COPYRIGHT © 2001-2021 ENERGY INTELLIGENCE GROUP, INC. / ENERGY INTELLIGENCE GROUP (UK) LIMITED.",2012,Australia,Cossack,28.2
Source: Energy Intelligence,"COPYRIGHT © 2001-2021 ENERGY INTELLIGENCE GROUP, INC. / ENERGY INTELLIGENCE GROUP (UK) LIMITED.",2011,Australia,Cossack,7.7
Source: Energy Intelligence,"COPYRIGHT © 2001-2021 ENERGY INTELLIGENCE GROUP, INC. / ENERGY INTELLIGENCE GROUP (UK) LIMITED.",2010,Australia,Cossack,
Source: Energy Intelligence,"COPYRIGHT © 2001-2021 ENERGY INTELLIGENCE GROUP, INC. / ENERGY INTELLIGENCE GROUP (UK) LIMITED.",2009,Australia,Cossack,
Source: Energy Intelligence,"COPYRIGHT © 2001-2021 ENERGY INTELLIGENCE GROUP, INC. / ENERGY INTELLIGENCE GROUP (UK) LIMITED.",2008,Australia,Cossack,
Source: Energy Intelligence,"COPYRIGHT © 2001-2021 ENERGY INTELLIGENCE GROUP, INC. / ENERGY INTELLIGENCE GROUP (UK) LIMITED.",2007,Australia,Cossack,
Source: Energy Intelligence,"COPYRIGHT © 2001-2021 ENERGY INTELLIGENCE GROUP, INC. / ENERGY INTELLIGENCE GROUP (UK) LIMITED.",2006,Australia,Cossack,
Source: Energy Intelligence,"COPYRIGHT © 2001-2021 ENERGY INTELLIGENCE GROUP, INC. / ENERGY INTELLIGENCE GROUP (UK) LIMITED.",2024,Brazil,Jubarte,0
Source: Energy Intelligence,"COPYRIGHT © 2001-2021 ENERGY INTELLIGENCE GROUP, INC. / ENERGY INTELLIGENCE GROUP (UK) LIMITED.",2023,Brazil,Jubarte,0
Source: Energy Intelligence,"COPYRIGHT © 2001-2021 ENERGY INTELLIGENCE GROUP, INC. / ENERGY INTELLIGENCE GROUP (UK) LIMITED.",2022,Brazil,Jubarte,2.15
Source: Energy Intelligence,"COPYRIGHT © 2001-2021 ENERGY INTELLIGENCE GROUP, INC. / ENERGY INTELLIGENCE GROUP (UK) LIMITED.",2021,Brazil,Jubarte,2.5
Source: Energy Intelligence,"COPYRIGHT © 2001-2021 ENERGY INTELLIGENCE GROUP, INC. / ENERGY INTELLIGENCE GROUP (UK) LIMITED.",2020,Brazil,Jubarte,0
Source: Energy Intelligence,"COPYRIGHT © 2001-2021 ENERGY INTELLIGENCE GROUP, INC. / ENERGY INTELLIGENCE GROUP (UK) LIMITED.",2019,Brazil,Jubarte,20
Source: Energy Intelligence,"COPYRIGHT © 2001-2021 ENERGY INTELLIGENCE GROUP, INC. / ENERGY INTELLIGENCE GROUP (UK) LIMITED.",2018,Brazil,Jubarte,39.54
Source: Energy Intelligence,"COPYRIGHT © 2001-2021 ENERGY INTELLIGENCE GROUP, INC. / ENERGY INTELLIGENCE GROUP (UK) LIMITED.",2017,Brazil,Jubarte,43.33
Source: Energy Intelligence,"COPYRIGHT © 2001-2021 ENERGY INTELLIGENCE GROUP, INC. / ENERGY INTELLIGENCE GROUP (UK) LIMITED.",2016,Brazil,Jubarte,45.65
Source: Energy Intelligence,"COPYRIGHT © 2001-2021 ENERGY INTELLIGENCE GROUP, INC. / ENERGY INTELLIGENCE GROUP (UK) LIMITED.",2015,Brazil,Jubarte,47.63
Source: Energy Intelligence,"COPYRIGHT © 2001-2021 ENERGY INTELLIGENCE GROUP, INC. / ENERGY INTELLIGENCE GROUP (UK) LIMITED.",2014,Brazil,Jubarte,39.45
Source: Energy Intelligence,"COPYRIGHT © 2001-2021 ENERGY INTELLIGENCE GROUP, INC. / ENERGY INTELLIGENCE GROUP (UK) LIMITED.",2013,Brazil,Jubarte,27.7
Source: Energy Intelligence,"COPYRIGHT © 2001-2021 ENERGY INTELLIGENCE GROUP, INC. / ENERGY INTELLIGENCE GROUP (UK) LIMITED.",2012,Brazil,Jubarte,49.64
Source: Energy Intelligence,"COPYRIGHT © 2001-2021 ENERGY INTELLIGENCE GROUP, INC. / ENERGY INTELLIGENCE GROUP (UK) LIMITED.",2011,Brazil,Jubarte,39.51
Source: Energy Intelligence,"COPYRIGHT © 2001-2021 ENERGY INTELLIGENCE GROUP, INC. / ENERGY INTELLIGENCE GROUP (UK) LIMITED.",2010,Brazil,Jubarte,48
Source: Energy Intelligence,"COPYRIGHT © 2001-2021 ENERGY INTELLIGENCE GROUP, INC. / ENERGY INTELLIGENCE GROUP (UK) LIMITED.",2009,Brazil,Jubarte,0
Source: Energy Intelligence,"COPYRIGHT © 2001-2021 ENERGY INTELLIGENCE GROUP, INC. / ENERGY INTELLIGENCE GROUP (UK) LIMITED.",2008,Brazil,Jubarte,0
Source: Energy Intelligence,"COPYRIGHT © 2001-2021 ENERGY INTELLIGENCE GROUP, INC. / ENERGY INTELLIGENCE GROUP (UK) LIMITED.",2007,Brazil,Jubarte,0
Source: Energy Intelligence,"COPYRIGHT © 2001-2021 ENERGY INTELLIGENCE GROUP, INC. / ENERGY INTELLIGENCE GROUP (UK) LIMITED.",2006,Brazil,Jubarte,0
Source: Energy Intelligence,"COPYRIGHT © 2001-2021 ENERGY INTELLIGENCE GROUP, INC. / ENERGY INTELLIGENCE GROUP (UK) LIMITED.",2024,United States,Thunder Horse,0
Source: Energy Intelligence,"COPYRIGHT © 2001-2021 ENERGY INTELLIGENCE GROUP, INC. / ENERGY INTELLIGENCE GROUP (UK) LIMITED.",2023,United States,Thunder Horse,0
Source: Energy Intelligence,"COPYRIGHT © 2001-2021 ENERGY INTELLIGENCE GROUP, INC. / ENERGY INTELLIGENCE GROUP (UK) LIMITED.",2022,United States,Thunder Horse,1
Source: Energy Intelligence,"COPYRIGHT © 2001-2021 ENERGY INTELLIGENCE GROUP, INC. / ENERGY INTELLIGENCE GROUP (UK) LIMITED.",2021,United States,Thunder Horse,10.58
Source: Energy Intelligence,"COPYRIGHT © 2001-2021 ENERGY INTELLIGENCE GROUP, INC. / ENERGY INTELLIGENCE GROUP (UK) LIMITED.",2020,United States,Thunder Horse,35
Source: Energy Intelligence,"COPYRIGHT © 2001-2021 ENERGY INTELLIGENCE GROUP, INC. / ENERGY INTELLIGENCE GROUP (UK) LIMITED.",2019,United States,Thunder Horse,65
Source: Energy Intelligence,"COPYRIGHT © 2001-2021 ENERGY INTELLIGENCE GROUP, INC. / ENERGY INTELLIGENCE GROUP (UK) LIMITED.",2018,United States,Thunder Horse,50
Source: Energy Intelligence,"COPYRIGHT © 2001-2021 ENERGY INTELLIGENCE GROUP, INC. / ENERGY INTELLIGENCE GROUP (UK) LIMITED.",2017,United States,Thunder Horse,30
Source: Energy Intelligence,"COPYRIGHT © 2001-2021 ENERGY INTELLIGENCE GROUP, INC. / ENERGY INTELLIGENCE GROUP (UK) LIMITED.",2016,United States,Thunder Horse,25
Source: Energy Intelligence,"COPYRIGHT © 2001-2021 ENERGY INTELLIGENCE GROUP, INC. / ENERGY INTELLIGENCE GROUP (UK) LIMITED.",2015,United States,Thunder Horse,10
Source: Energy Intelligence,"COPYRIGHT © 2001-2021 ENERGY INTELLIGENCE GROUP, INC. / ENERGY INTELLIGENCE GROUP (UK) LIMITED.",2014,United States,Thunder Horse,15
Source: Energy Intelligence,"COPYRIGHT © 2001-2021 ENERGY INTELLIGENCE GROUP, INC. / ENERGY INTELLIGENCE GROUP (UK) LIMITED.",2013,United States,Thunder Horse,2
Source: Energy Intelligence,"COPYRIGHT © 2001-2021 ENERGY INTELLIGENCE GROUP, INC. / ENERGY INTELLIGENCE GROUP (UK) LIMITED.",2012,United States,Thunder Horse,
Source: Energy Intelligence,"COPYRIGHT © 2001-2021 ENERGY INTELLIGENCE GROUP, INC. / ENERGY INTELLIGENCE GROUP (UK) LIMITED.",2011,United States,Thunder Horse,
Source: Energy Intelligence,"COPYRIGHT © 2001-2021 ENERGY INTELLIGENCE GROUP, INC. / ENERGY INTELLIGENCE GROUP (UK) LIMITED.",2010,United States,Thunder Horse,
Source: Energy Intelligence,"COPYRIGHT © 2001-2021 ENERGY INTELLIGENCE GROUP, INC. / ENERGY INTELLIGENCE GROUP (UK) LIMITED.",2009,United States,Thunder Horse,
Source: Energy Intelligence,"COPYRIGHT © 2001-2021 ENERGY INTELLIGENCE GROUP, INC. / ENERGY INTELLIGENCE GROUP (UK) LIMITED.",2008,United States,Thunder Horse,
Source: Energy Intelligence,"COPYRIGHT © 2001-2021 ENERGY INTELLIGENCE GROUP, INC. / ENERGY INTELLIGENCE GROUP (UK) LIMITED.",2022,Canada,White Rose,8.16
Source: Energy Intelligence,"COPYRIGHT © 2001-2021 ENERGY INTELLIGENCE GROUP, INC. / ENERGY INTELLIGENCE GROUP (UK) LIMITED.",2021,Canada,White Rose,8.98
Source: Energy Intelligence,"COPYRIGHT © 2001-2021 ENERGY INTELLIGENCE GROUP, INC. / ENERGY INTELLIGENCE GROUP (UK) LIMITED.",2020,Canada,White Rose,11.32
Source: Energy Intelligence,"COPYRIGHT © 2001-2021 ENERGY INTELLIGENCE GROUP, INC. / ENERGY INTELLIGENCE GROUP (UK) LIMITED.",2019,Canada,White Rose,7.78
Source: Energy Intelligence,"COPYRIGHT © 2001-2021 ENERGY INTELLIGENCE GROUP, INC. / ENERGY INTELLIGENCE GROUP (UK) LIMITED.",2018,Canada,White Rose,11.16
Source: Energy Intelligence,"COPYRIGHT © 2001-2021 ENERGY INTELLIGENCE GROUP, INC. / ENERGY INTELLIGENCE GROUP (UK) LIMITED.",2017,Canada,White Rose,19.23
Source: Energy Intelligence,"COPYRIGHT © 2001-2021 ENERGY INTELLIGENCE GROUP, INC. / ENERGY INTELLIGENCE GROUP (UK) LIMITED.",2016,Canada,White Rose,15.16
Source: Energy Intelligence,"COPYRIGHT © 2001-2021 ENERGY INTELLIGENCE GROUP, INC. / ENERGY INTELLIGENCE GROUP (UK) LIMITED.",2015,Canada,White Rose,20.48
Source: Energy Intelligence,"COPYRIGHT © 2001-2021 ENERGY INTELLIGENCE GROUP, INC. / ENERGY INTELLIGENCE GROUP (UK) LIMITED.",2014,Canada,White Rose,25.76
Source: Energy Intelligence,"COPYRIGHT © 2001-2021 ENERGY INTELLIGENCE GROUP, INC. / ENERGY INTELLIGENCE GROUP (UK) LIMITED.",2013,Canada,White Rose,25.18
Source: Energy Intelligence,"COPYRIGHT © 2001-2021 ENERGY INTELLIGENCE GROUP, INC. / ENERGY INTELLIGENCE GROUP (UK) LIMITED.",2012,Canada,White Rose,18.75
Source: Energy Intelligence,"COPYRIGHT © 2001-2021 ENERGY INTELLIGENCE GROUP, INC. / ENERGY INTELLIGENCE GROUP (UK) LIMITED.",2011,Canada,White Rose,33.71
Source: Energy Intelligence,"COPYRIGHT © 2001-2021 ENERGY INTELLIGENCE GROUP, INC. / ENERGY INTELLIGENCE GROUP (UK) LIMITED.",2010,Canada,White Rose,5
Source: Energy Intelligence,"COPYRIGHT © 2001-2021 ENERGY INTELLIGENCE GROUP, INC. / ENERGY INTELLIGENCE GROUP (UK) LIMITED.",2009,Canada,White Rose,9.25
Source: Energy Intelligence,"COPYRIGHT © 2001-2021 ENERGY INTELLIGENCE GROUP, INC. / ENERGY INTELLIGENCE GROUP (UK) LIMITED.",2008,Canada,White Rose,33.26
Source: Energy Intelligence,"COPYRIGHT © 2001-2021 ENERGY INTELLIGENCE GROUP, INC. / ENERGY INTELLIGENCE GROUP (UK) LIMITED.",2007,Canada,White Rose,40.44
Source: Energy Intelligence,"COPYRIGHT © 2001-2021 ENERGY INTELLIGENCE GROUP, INC. / ENERGY INTELLIGENCE GROUP (UK) LIMITED.",2006,Canada,White Rose,28.21
Source: Energy Intelligence,"COPYRIGHT © 2001-2021 ENERGY INTELLIGENCE GROUP, INC. / ENERGY INTELLIGENCE GROUP (UK) LIMITED.",2024,Norway,Skarv,0
Source: Energy Intelligence,"COPYRIGHT © 2001-2021 ENERGY INTELLIGENCE GROUP, INC. / ENERGY INTELLIGENCE GROUP (UK) LIMITED.",2023,Norway,Skarv,0
Source: Energy Intelligence,"COPYRIGHT © 2001-2021 ENERGY INTELLIGENCE GROUP, INC. / ENERGY INTELLIGENCE GROUP (UK) LIMITED.",2022,Norway,Skarv,15.78
Source: Energy Intelligence,"COPYRIGHT © 2001-2021 ENERGY INTELLIGENCE GROUP, INC. / ENERGY INTELLIGENCE GROUP (UK) LIMITED.",2021,Norway,Skarv,19.5
Source: Energy Intelligence,"COPYRIGHT © 2001-2021 ENERGY INTELLIGENCE GROUP, INC. / ENERGY INTELLIGENCE GROUP (UK) LIMITED.",2020,Norway,Skarv,12.14
Source: Energy Intelligence,"COPYRIGHT © 2001-2021 ENERGY INTELLIGENCE GROUP, INC. / ENERGY INTELLIGENCE GROUP (UK) LIMITED.",2019,Norway,Skarv,13.27
Source: Energy Intelligence,"COPYRIGHT © 2001-2021 ENERGY INTELLIGENCE GROUP, INC. / ENERGY INTELLIGENCE GROUP (UK) LIMITED.",2018,Norway,Skarv,15.78
Source: Energy Intelligence,"COPYRIGHT © 2001-2021 ENERGY INTELLIGENCE GROUP, INC. / ENERGY INTELLIGENCE GROUP (UK) LIMITED.",2017,Norway,Skarv,19.32
Source: Energy Intelligence,"COPYRIGHT © 2001-2021 ENERGY INTELLIGENCE GROUP, INC. / ENERGY INTELLIGENCE GROUP (UK) LIMITED.",2016,Norway,Skarv,27.65
Source: Energy Intelligence,"COPYRIGHT © 2001-2021 ENERGY INTELLIGENCE GROUP, INC. / ENERGY INTELLIGENCE GROUP (UK) LIMITED.",2015,Norway,Skarv,36.98
Source: Energy Intelligence,"COPYRIGHT © 2001-2021 ENERGY INTELLIGENCE GROUP, INC. / ENERGY INTELLIGENCE GROUP (UK) LIMITED.",2014,Norway,Skarv,40.69
Source: Energy Intelligence,"COPYRIGHT © 2001-2021 ENERGY INTELLIGENCE GROUP, INC. / ENERGY INTELLIGENCE GROUP (UK) LIMITED.",2013,Norway,Skarv,25.69
Source: Energy Intelligence,"COPYRIGHT © 2001-2021 ENERGY INTELLIGENCE GROUP, INC. / ENERGY INTELLIGENCE GROUP (UK) LIMITED.",2024,Egypt,Suez Blend,0
Source: Energy Intelligence,"COPYRIGHT © 2001-2021 ENERGY INTELLIGENCE GROUP, INC. / ENERGY INTELLIGENCE GROUP (UK) LIMITED.",2023,Egypt,Suez Blend,0
Source: Energy Intelligence,"COPYRIGHT © 2001-2021 ENERGY INTELLIGENCE GROUP, INC. / ENERGY INTELLIGENCE GROUP (UK) LIMITED.",2022,Egypt,Suez Blend,
Source: Energy Intelligence,"COPYRIGHT © 2001-2021 ENERGY INTELLIGENCE GROUP, INC. / ENERGY INTELLIGENCE GROUP (UK) LIMITED.",2021,Egypt,Suez Blend,10
Source: Energy Intelligence,"COPYRIGHT © 2001-2021 ENERGY INTELLIGENCE GROUP, INC. / ENERGY INTELLIGENCE GROUP (UK) LIMITED.",2020,Egypt,Suez Blend,12
Source: Energy Intelligence,"COPYRIGHT © 2001-2021 ENERGY INTELLIGENCE GROUP, INC. / ENERGY INTELLIGENCE GROUP (UK) LIMITED.",2019,Egypt,Suez Blend,12.3
Source: Energy Intelligence,"COPYRIGHT © 2001-2021 ENERGY INTELLIGENCE GROUP, INC. / ENERGY INTELLIGENCE GROUP (UK) LIMITED.",2018,Egypt,Suez Blend,16
Source: Energy Intelligence,"COPYRIGHT © 2001-2021 ENERGY INTELLIGENCE GROUP, INC. / ENERGY INTELLIGENCE GROUP (UK) LIMITED.",2017,Egypt,Suez Blend,19.3
Source: Energy Intelligence,"COPYRIGHT © 2001-2021 ENERGY INTELLIGENCE GROUP, INC. / ENERGY INTELLIGENCE GROUP (UK) LIMITED.",2016,Egypt,Suez Blend,20.31
Source: Energy Intelligence,"COPYRIGHT © 2001-2021 ENERGY INTELLIGENCE GROUP, INC. / ENERGY INTELLIGENCE GROUP (UK) LIMITED.",2015,Egypt,Suez Blend,18
Source: Energy Intelligence,"COPYRIGHT © 2001-2021 ENERGY INTELLIGENCE GROUP, INC. / ENERGY INTELLIGENCE GROUP (UK) LIMITED.",2014,Egypt,Suez Blend,18
Source: Energy Intelligence,"COPYRIGHT © 2001-2021 ENERGY INTELLIGENCE GROUP, INC. / ENERGY INTELLIGENCE GROUP (UK) LIMITED.",2013,Egypt,Suez Blend,18
Source: Energy Intelligence,"COPYRIGHT © 2001-2021 ENERGY INTELLIGENCE GROUP, INC. / ENERGY INTELLIGENCE GROUP (UK) LIMITED.",2012,Egypt,Suez Blend,20
Source: Energy Intelligence,"COPYRIGHT © 2001-2021 ENERGY INTELLIGENCE GROUP, INC. / ENERGY INTELLIGENCE GROUP (UK) LIMITED.",2011,Egypt,Suez Blend,20
Source: Energy Intelligence,"COPYRIGHT © 2001-2021 ENERGY INTELLIGENCE GROUP, INC. / ENERGY INTELLIGENCE GROUP (UK) LIMITED.",2010,Egypt,Suez Blend,20
Source: Energy Intelligence,"COPYRIGHT © 2001-2021 ENERGY INTELLIGENCE GROUP, INC. / ENERGY INTELLIGENCE GROUP (UK) LIMITED.",2009,Egypt,Suez Blend,53
Source: Energy Intelligence,"COPYRIGHT © 2001-2021 ENERGY INTELLIGENCE GROUP, INC. / ENERGY INTELLIGENCE GROUP (UK) LIMITED.",2008,Egypt,Suez Blend,
Source: Energy Intelligence,"COPYRIGHT © 2001-2021 ENERGY INTELLIGENCE GROUP, INC. / ENERGY INTELLIGENCE GROUP (UK) LIMITED.",2007,Egypt,Suez Blend,
Source: Energy Intelligence,"COPYRIGHT © 2001-2021 ENERGY INTELLIGENCE GROUP, INC. / ENERGY INTELLIGENCE GROUP (UK) LIMITED.",2006,Egypt,Suez Blend,
Source: Energy Intelligence,"COPYRIGHT © 2001-2021 ENERGY INTELLIGENCE GROUP, INC. / ENERGY INTELLIGENCE GROUP (UK) LIMITED.",2024,Argentina,Other Crudes - Argentina,12
Source: Energy Intelligence,"COPYRIGHT © 2001-2021 ENERGY INTELLIGENCE GROUP, INC. / ENERGY INTELLIGENCE GROUP (UK) LIMITED.",2023,Argentina,Other Crudes - Argentina,10.8
Source: Energy Intelligence,"COPYRIGHT © 2001-2021 ENERGY INTELLIGENCE GROUP, INC. / ENERGY INTELLIGENCE GROUP (UK) LIMITED.",2022,Argentina,Other Crudes - Argentina,73.26
Source: Energy Intelligence,"COPYRIGHT © 2001-2021 ENERGY INTELLIGENCE GROUP, INC. / ENERGY INTELLIGENCE GROUP (UK) LIMITED.",2021,Argentina,Other Crudes - Argentina,24.19
Source: Energy Intelligence,"COPYRIGHT © 2001-2021 ENERGY INTELLIGENCE GROUP, INC. / ENERGY INTELLIGENCE GROUP (UK) LIMITED.",2020,Argentina,Other Crudes - Argentina,26.31
Source: Energy Intelligence,"COPYRIGHT © 2001-2021 ENERGY INTELLIGENCE GROUP, INC. / ENERGY INTELLIGENCE GROUP (UK) LIMITED.",2019,Argentina,Other Crudes - Argentina,16.05
Source: Energy Intelligence,"COPYRIGHT © 2001-2021 ENERGY INTELLIGENCE GROUP, INC. / ENERGY INTELLIGENCE GROUP (UK) LIMITED.",2018,Argentina,Other Crudes - Argentina,11.43
Source: Energy Intelligence,"COPYRIGHT © 2001-2021 ENERGY INTELLIGENCE GROUP, INC. / ENERGY INTELLIGENCE GROUP (UK) LIMITED.",2017,Argentina,Other Crudes - Argentina,2.32
Source: Energy Intelligence,"COPYRIGHT © 2001-2021 ENERGY INTELLIGENCE GROUP, INC. / ENERGY INTELLIGENCE GROUP (UK) LIMITED.",2016,Argentina,Other Crudes - Argentina,3.72
Source: Energy Intelligence,"COPYRIGHT © 2001-2021 ENERGY INTELLIGENCE GROUP, INC. / ENERGY INTELLIGENCE GROUP (UK) LIMITED.",2015,Argentina,Other Crudes - Argentina,0.63
Source: Energy Intelligence,"COPYRIGHT © 2001-2021 ENERGY INTELLIGENCE GROUP, INC. / ENERGY INTELLIGENCE GROUP (UK) LIMITED.",2014,Argentina,Other Crudes - Argentina,0.62
Source: Energy Intelligence,"COPYRIGHT © 2001-2021 ENERGY INTELLIGENCE GROUP, INC. / ENERGY INTELLIGENCE GROUP (UK) LIMITED.",2013,Argentina,Other Crudes - Argentina,9.21
Source: Energy Intelligence,"COPYRIGHT © 2001-2021 ENERGY INTELLIGENCE GROUP, INC. / ENERGY INTELLIGENCE GROUP (UK) LIMITED.",2012,Argentina,Other Crudes - Argentina,21.67
Source: Energy Intelligence,"COPYRIGHT © 2001-2021 ENERGY INTELLIGENCE GROUP, INC. / ENERGY INTELLIGENCE GROUP (UK) LIMITED.",2011,Argentina,Other Crudes - Argentina,7.09
Source: Energy Intelligence,"COPYRIGHT © 2001-2021 ENERGY INTELLIGENCE GROUP, INC. / ENERGY INTELLIGENCE GROUP (UK) LIMITED.",2010,Argentina,Other Crudes - Argentina,20.39
Source: Energy Intelligence,"COPYRIGHT © 2001-2021 ENERGY INTELLIGENCE GROUP, INC. / ENERGY INTELLIGENCE GROUP (UK) LIMITED.",2009,Argentina,Other Crudes - Argentina,16
Source: Energy Intelligence,"COPYRIGHT © 2001-2021 ENERGY INTELLIGENCE GROUP, INC. / ENERGY INTELLIGENCE GROUP (UK) LIMITED.",2008,Argentina,Other Crudes - Argentina,2.2
Source: Energy Intelligence,"COPYRIGHT © 2001-2021 ENERGY INTELLIGENCE GROUP, INC. / ENERGY INTELLIGENCE GROUP (UK) LIMITED.",2007,Argentina,Other Crudes - Argentina,18.7
Source: Energy Intelligence,"COPYRIGHT © 2001-2021 ENERGY INTELLIGENCE GROUP, INC. / ENERGY INTELLIGENCE GROUP (UK) LIMITED.",2006,Argentina,Other Crudes - Argentina,32
Source: Energy Intelligence,"COPYRIGHT © 2001-2021 ENERGY INTELLIGENCE GROUP, INC. / ENERGY INTELLIGENCE GROUP (UK) LIMITED.",2024,Syria,Syrian Light,0
Source: Energy Intelligence,"COPYRIGHT © 2001-2021 ENERGY INTELLIGENCE GROUP, INC. / ENERGY INTELLIGENCE GROUP (UK) LIMITED.",2023,Syria,Syrian Light,0
Source: Energy Intelligence,"COPYRIGHT © 2001-2021 ENERGY INTELLIGENCE GROUP, INC. / ENERGY INTELLIGENCE GROUP (UK) LIMITED.",2022,Syria,Syrian Light,0
Source: Energy Intelligence,"COPYRIGHT © 2001-2021 ENERGY INTELLIGENCE GROUP, INC. / ENERGY INTELLIGENCE GROUP (UK) LIMITED.",2021,Syria,Syrian Light,0
Source: Energy Intelligence,"COPYRIGHT © 2001-2021 ENERGY INTELLIGENCE GROUP, INC. / ENERGY INTELLIGENCE GROUP (UK) LIMITED.",2020,Syria,Syrian Light,0
Source: Energy Intelligence,"COPYRIGHT © 2001-2021 ENERGY INTELLIGENCE GROUP, INC. / ENERGY INTELLIGENCE GROUP (UK) LIMITED.",2019,Syria,Syrian Light,0
Source: Energy Intelligence,"COPYRIGHT © 2001-2021 ENERGY INTELLIGENCE GROUP, INC. / ENERGY INTELLIGENCE GROUP (UK) LIMITED.",2018,Syria,Syrian Light,0
Source: Energy Intelligence,"COPYRIGHT © 2001-2021 ENERGY INTELLIGENCE GROUP, INC. / ENERGY INTELLIGENCE GROUP (UK) LIMITED.",2017,Syria,Syrian Light,0
Source: Energy Intelligence,"COPYRIGHT © 2001-2021 ENERGY INTELLIGENCE GROUP, INC. / ENERGY INTELLIGENCE GROUP (UK) LIMITED.",2016,Syria,Syrian Light,0
Source: Energy Intelligence,"COPYRIGHT © 2001-2021 ENERGY INTELLIGENCE GROUP, INC. / ENERGY INTELLIGENCE GROUP (UK) LIMITED.",2015,Syria,Syrian Light,0
Source: Energy Intelligence,"COPYRIGHT © 2001-2021 ENERGY INTELLIGENCE GROUP, INC. / ENERGY INTELLIGENCE GROUP (UK) LIMITED.",2012,Syria,Syrian Light,0
Source: Energy Intelligence,"COPYRIGHT © 2001-2021 ENERGY INTELLIGENCE GROUP, INC. / ENERGY INTELLIGENCE GROUP (UK) LIMITED.",2011,Syria,Syrian Light,5.72
Source: Energy Intelligence,"COPYRIGHT © 2001-2021 ENERGY INTELLIGENCE GROUP, INC. / ENERGY INTELLIGENCE GROUP (UK) LIMITED.",2010,Syria,Syrian Light,38
Source: Energy Intelligence,"COPYRIGHT © 2001-2021 ENERGY INTELLIGENCE GROUP, INC. / ENERGY INTELLIGENCE GROUP (UK) LIMITED.",2009,Syria,Syrian Light,32
Source: Energy Intelligence,"COPYRIGHT © 2001-2021 ENERGY INTELLIGENCE GROUP, INC. / ENERGY INTELLIGENCE GROUP (UK) LIMITED.",2008,Syria,Syrian Light,45
Source: Energy Intelligence,"COPYRIGHT © 2001-2021 ENERGY INTELLIGENCE GROUP, INC. / ENERGY INTELLIGENCE GROUP (UK) LIMITED.",2007,Syria,Syrian Light,70
Source: Energy Intelligence,"COPYRIGHT © 2001-2021 ENERGY INTELLIGENCE GROUP, INC. / ENERGY INTELLIGENCE GROUP (UK) LIMITED.",2006,Syria,Syrian Light,85
Source: Energy Intelligence,"COPYRIGHT © 2001-2021 ENERGY INTELLIGENCE GROUP, INC. / ENERGY INTELLIGENCE GROUP (UK) LIMITED.",2024,Denmark,Other Crudes - Denmark,6.51
Source: Energy Intelligence,"COPYRIGHT © 2001-2021 ENERGY INTELLIGENCE GROUP, INC. / ENERGY INTELLIGENCE GROUP (UK) LIMITED.",2023,Denmark,Other Crudes - Denmark,4.5
Source: Energy Intelligence,"COPYRIGHT © 2001-2021 ENERGY INTELLIGENCE GROUP, INC. / ENERGY INTELLIGENCE GROUP (UK) LIMITED.",2022,Denmark,Other Crudes - Denmark,8.65
Source: Energy Intelligence,"COPYRIGHT © 2001-2021 ENERGY INTELLIGENCE GROUP, INC. / ENERGY INTELLIGENCE GROUP (UK) LIMITED.",2021,Denmark,Other Crudes - Denmark,9.91
Source: Energy Intelligence,"COPYRIGHT © 2001-2021 ENERGY INTELLIGENCE GROUP, INC. / ENERGY INTELLIGENCE GROUP (UK) LIMITED.",2020,Denmark,Other Crudes - Denmark,12.66
Source: Energy Intelligence,"COPYRIGHT © 2001-2021 ENERGY INTELLIGENCE GROUP, INC. / ENERGY INTELLIGENCE GROUP (UK) LIMITED.",2019,Denmark,Other Crudes - Denmark,16.01
Source: Energy Intelligence,"COPYRIGHT © 2001-2021 ENERGY INTELLIGENCE GROUP, INC. / ENERGY INTELLIGENCE GROUP (UK) LIMITED.",2018,Denmark,Other Crudes - Denmark,17.07
Source: Energy Intelligence,"COPYRIGHT © 2001-2021 ENERGY INTELLIGENCE GROUP, INC. / ENERGY INTELLIGENCE GROUP (UK) LIMITED.",2017,Denmark,Other Crudes - Denmark,21.18
Source: Energy Intelligence,"COPYRIGHT © 2001-2021 ENERGY INTELLIGENCE GROUP, INC. / ENERGY INTELLIGENCE GROUP (UK) LIMITED.",2016,Denmark,Other Crudes - Denmark,25.8
Source: Energy Intelligence,"COPYRIGHT © 2001-2021 ENERGY INTELLIGENCE GROUP, INC. / ENERGY INTELLIGENCE GROUP (UK) LIMITED.",2015,Denmark,Other Crudes - Denmark,26.77
Source: Energy Intelligence,"COPYRIGHT © 2001-2021 ENERGY INTELLIGENCE GROUP, INC. / ENERGY INTELLIGENCE GROUP (UK) LIMITED.",2014,Denmark,Other Crudes - Denmark,25.23
Source: Energy Intelligence,"COPYRIGHT © 2001-2021 ENERGY INTELLIGENCE GROUP, INC. / ENERGY INTELLIGENCE GROUP (UK) LIMITED.",2013,Denmark,Other Crudes - Denmark,19.27
Source: Energy Intelligence,"COPYRIGHT © 2001-2021 ENERGY INTELLIGENCE GROUP, INC. / ENERGY INTELLIGENCE GROUP (UK) LIMITED.",2012,Denmark,Other Crudes - Denmark,26.62
Source: Energy Intelligence,"COPYRIGHT © 2001-2021 ENERGY INTELLIGENCE GROUP, INC. / ENERGY INTELLIGENCE GROUP (UK) LIMITED.",2011,Denmark,Other Crudes - Denmark,30.55
Source: Energy Intelligence,"COPYRIGHT © 2001-2021 ENERGY INTELLIGENCE GROUP, INC. / ENERGY INTELLIGENCE GROUP (UK) LIMITED.",2010,Denmark,Other Crudes - Denmark,33
Source: Energy Intelligence,"COPYRIGHT © 2001-2021 ENERGY INTELLIGENCE GROUP, INC. / ENERGY INTELLIGENCE GROUP (UK) LIMITED.",2009,Denmark,Other Crudes - Denmark,2
Source: Energy Intelligence,"COPYRIGHT © 2001-2021 ENERGY INTELLIGENCE GROUP, INC. / ENERGY INTELLIGENCE GROUP (UK) LIMITED.",2008,Denmark,Other Crudes - Denmark,11
Source: Energy Intelligence,"COPYRIGHT © 2001-2021 ENERGY INTELLIGENCE GROUP, INC. / ENERGY INTELLIGENCE GROUP (UK) LIMITED.",2007,Denmark,Other Crudes - Denmark,3
Source: Energy Intelligence,"COPYRIGHT © 2001-2021 ENERGY INTELLIGENCE GROUP, INC. / ENERGY INTELLIGENCE GROUP (UK) LIMITED.",2006,Denmark,Other Crudes - Denmark,4
Source: Energy Intelligence,"COPYRIGHT © 2001-2021 ENERGY INTELLIGENCE GROUP, INC. / ENERGY INTELLIGENCE GROUP (UK) LIMITED.",2013,Australia,Van Gogh,10.98
Source: Energy Intelligence,"COPYRIGHT © 2001-2021 ENERGY INTELLIGENCE GROUP, INC. / ENERGY INTELLIGENCE GROUP (UK) LIMITED.",2012,Australia,Van Gogh,18.3
Source: Energy Intelligence,"COPYRIGHT © 2001-2021 ENERGY INTELLIGENCE GROUP, INC. / ENERGY INTELLIGENCE GROUP (UK) LIMITED.",2011,Australia,Van Gogh,17.7
Source: Energy Intelligence,"COPYRIGHT © 2001-2021 ENERGY INTELLIGENCE GROUP, INC. / ENERGY INTELLIGENCE GROUP (UK) LIMITED.",2010,Australia,Van Gogh,
Source: Energy Intelligence,"COPYRIGHT © 2001-2021 ENERGY INTELLIGENCE GROUP, INC. / ENERGY INTELLIGENCE GROUP (UK) LIMITED.",2023,United States,Light Louisiana Sweet,14
Source: Energy Intelligence,"COPYRIGHT © 2001-2021 ENERGY INTELLIGENCE GROUP, INC. / ENERGY INTELLIGENCE GROUP (UK) LIMITED.",2022,United States,Light Louisiana Sweet,21
Source: Energy Intelligence,"COPYRIGHT © 2001-2021 ENERGY INTELLIGENCE GROUP, INC. / ENERGY INTELLIGENCE GROUP (UK) LIMITED.",2021,United States,Light Louisiana Sweet,12.22
Source: Energy Intelligence,"COPYRIGHT © 2001-2021 ENERGY INTELLIGENCE GROUP, INC. / ENERGY INTELLIGENCE GROUP (UK) LIMITED.",2020,United States,Light Louisiana Sweet,2.5
Source: Energy Intelligence,"COPYRIGHT © 2001-2021 ENERGY INTELLIGENCE GROUP, INC. / ENERGY INTELLIGENCE GROUP (UK) LIMITED.",2019,United States,Light Louisiana Sweet,25
Source: Energy Intelligence,"COPYRIGHT © 2001-2021 ENERGY INTELLIGENCE GROUP, INC. / ENERGY INTELLIGENCE GROUP (UK) LIMITED.",2018,United States,Light Louisiana Sweet,5
Source: Energy Intelligence,"COPYRIGHT © 2001-2021 ENERGY INTELLIGENCE GROUP, INC. / ENERGY INTELLIGENCE GROUP (UK) LIMITED.",2017,United States,Light Louisiana Sweet,2
Source: Energy Intelligence,"COPYRIGHT © 2001-2021 ENERGY INTELLIGENCE GROUP, INC. / ENERGY INTELLIGENCE GROUP (UK) LIMITED.",2016,United States,Light Louisiana Sweet,3
Source: Energy Intelligence,"COPYRIGHT © 2001-2021 ENERGY INTELLIGENCE GROUP, INC. / ENERGY INTELLIGENCE GROUP (UK) LIMITED.",2015,United States,Light Louisiana Sweet,15
Source: Energy Intelligence,"COPYRIGHT © 2001-2021 ENERGY INTELLIGENCE GROUP, INC. / ENERGY INTELLIGENCE GROUP (UK) LIMITED.",2014,United States,Light Louisiana Sweet,35
Source: Energy Intelligence,"COPYRIGHT © 2001-2021 ENERGY INTELLIGENCE GROUP, INC. / ENERGY INTELLIGENCE GROUP (UK) LIMITED.",2013,United States,Light Louisiana Sweet,30
Source: Energy Intelligence,"COPYRIGHT © 2001-2021 ENERGY INTELLIGENCE GROUP, INC. / ENERGY INTELLIGENCE GROUP (UK) LIMITED.",2012,United States,Light Louisiana Sweet,
Source: Energy Intelligence,"COPYRIGHT © 2001-2021 ENERGY INTELLIGENCE GROUP, INC. / ENERGY INTELLIGENCE GROUP (UK) LIMITED.",2011,United States,Light Louisiana Sweet,
Source: Energy Intelligence,"COPYRIGHT © 2001-2021 ENERGY INTELLIGENCE GROUP, INC. / ENERGY INTELLIGENCE GROUP (UK) LIMITED.",2010,United States,Light Louisiana Sweet,
Source: Energy Intelligence,"COPYRIGHT © 2001-2021 ENERGY INTELLIGENCE GROUP, INC. / ENERGY INTELLIGENCE GROUP (UK) LIMITED.",2009,United States,Light Louisiana Sweet,
Source: Energy Intelligence,"COPYRIGHT © 2001-2021 ENERGY INTELLIGENCE GROUP, INC. / ENERGY INTELLIGENCE GROUP (UK) LIMITED.",2008,United States,Light Louisiana Sweet,
Source: Energy Intelligence,"COPYRIGHT © 2001-2021 ENERGY INTELLIGENCE GROUP, INC. / ENERGY INTELLIGENCE GROUP (UK) LIMITED.",2007,United States,Light Louisiana Sweet,
Source: Energy Intelligence,"COPYRIGHT © 2001-2021 ENERGY INTELLIGENCE GROUP, INC. / ENERGY INTELLIGENCE GROUP (UK) LIMITED.",2006,United States,Light Louisiana Sweet,
Source: Energy Intelligence,"COPYRIGHT © 2001-2021 ENERGY INTELLIGENCE GROUP, INC. / ENERGY INTELLIGENCE GROUP (UK) LIMITED.",2010,Angola,Gimboa,18.22
Source: Energy Intelligence,"COPYRIGHT © 2001-2021 ENERGY INTELLIGENCE GROUP, INC. / ENERGY INTELLIGENCE GROUP (UK) LIMITED.",2009,Angola,Gimboa,10.55
Source: Energy Intelligence,"COPYRIGHT © 2001-2021 ENERGY INTELLIGENCE GROUP, INC. / ENERGY INTELLIGENCE GROUP (UK) LIMITED.",2022,Australia,Gippsland,9.5
Source: Energy Intelligence,"COPYRIGHT © 2001-2021 ENERGY INTELLIGENCE GROUP, INC. / ENERGY INTELLIGENCE GROUP (UK) LIMITED.",2021,Australia,Gippsland,9.58
Source: Energy Intelligence,"COPYRIGHT © 2001-2021 ENERGY INTELLIGENCE GROUP, INC. / ENERGY INTELLIGENCE GROUP (UK) LIMITED.",2020,Australia,Gippsland,8.78
Source: Energy Intelligence,"COPYRIGHT © 2001-2021 ENERGY INTELLIGENCE GROUP, INC. / ENERGY INTELLIGENCE GROUP (UK) LIMITED.",2019,Australia,Gippsland,9.81
Source: Energy Intelligence,"COPYRIGHT © 2001-2021 ENERGY INTELLIGENCE GROUP, INC. / ENERGY INTELLIGENCE GROUP (UK) LIMITED.",2018,Australia,Gippsland,10.93
Source: Energy Intelligence,"COPYRIGHT © 2001-2021 ENERGY INTELLIGENCE GROUP, INC. / ENERGY INTELLIGENCE GROUP (UK) LIMITED.",2017,Australia,Gippsland,12.3
Source: Energy Intelligence,"COPYRIGHT © 2001-2021 ENERGY INTELLIGENCE GROUP, INC. / ENERGY INTELLIGENCE GROUP (UK) LIMITED.",2016,Australia,Gippsland,14.26
Source: Energy Intelligence,"COPYRIGHT © 2001-2021 ENERGY INTELLIGENCE GROUP, INC. / ENERGY INTELLIGENCE GROUP (UK) LIMITED.",2015,Australia,Gippsland,12.09
Source: Energy Intelligence,"COPYRIGHT © 2001-2021 ENERGY INTELLIGENCE GROUP, INC. / ENERGY INTELLIGENCE GROUP (UK) LIMITED.",2014,Australia,Gippsland,19.47
Source: Energy Intelligence,"COPYRIGHT © 2001-2021 ENERGY INTELLIGENCE GROUP, INC. / ENERGY INTELLIGENCE GROUP (UK) LIMITED.",2013,Australia,Gippsland,16.31
Source: Energy Intelligence,"COPYRIGHT © 2001-2021 ENERGY INTELLIGENCE GROUP, INC. / ENERGY INTELLIGENCE GROUP (UK) LIMITED.",2012,Australia,Gippsland,18.82
Source: Energy Intelligence,"COPYRIGHT © 2001-2021 ENERGY INTELLIGENCE GROUP, INC. / ENERGY INTELLIGENCE GROUP (UK) LIMITED.",2011,Australia,Gippsland,19.73
Source: Energy Intelligence,"COPYRIGHT © 2001-2021 ENERGY INTELLIGENCE GROUP, INC. / ENERGY INTELLIGENCE GROUP (UK) LIMITED.",2010,Australia,Gippsland,
Source: Energy Intelligence,"COPYRIGHT © 2001-2021 ENERGY INTELLIGENCE GROUP, INC. / ENERGY INTELLIGENCE GROUP (UK) LIMITED.",2009,Australia,Gippsland,
Source: Energy Intelligence,"COPYRIGHT © 2001-2021 ENERGY INTELLIGENCE GROUP, INC. / ENERGY INTELLIGENCE GROUP (UK) LIMITED.",2008,Australia,Gippsland,
Source: Energy Intelligence,"COPYRIGHT © 2001-2021 ENERGY INTELLIGENCE GROUP, INC. / ENERGY INTELLIGENCE GROUP (UK) LIMITED.",2007,Australia,Gippsland,
Source: Energy Intelligence,"COPYRIGHT © 2001-2021 ENERGY INTELLIGENCE GROUP, INC. / ENERGY INTELLIGENCE GROUP (UK) LIMITED.",2006,Australia,Gippsland,
Source: Energy Intelligence,"COPYRIGHT © 2001-2021 ENERGY INTELLIGENCE GROUP, INC. / ENERGY INTELLIGENCE GROUP (UK) LIMITED.",2024,United States,Southern Green Canyon,0
Source: Energy Intelligence,"COPYRIGHT © 2001-2021 ENERGY INTELLIGENCE GROUP, INC. / ENERGY INTELLIGENCE GROUP (UK) LIMITED.",2023,United States,Southern Green Canyon,0
Source: Energy Intelligence,"COPYRIGHT © 2001-2021 ENERGY INTELLIGENCE GROUP, INC. / ENERGY INTELLIGENCE GROUP (UK) LIMITED.",2022,United States,Southern Green Canyon,1
Source: Energy Intelligence,"COPYRIGHT © 2001-2021 ENERGY INTELLIGENCE GROUP, INC. / ENERGY INTELLIGENCE GROUP (UK) LIMITED.",2021,United States,Southern Green Canyon,35.51
Source: Energy Intelligence,"COPYRIGHT © 2001-2021 ENERGY INTELLIGENCE GROUP, INC. / ENERGY INTELLIGENCE GROUP (UK) LIMITED.",2020,United States,Southern Green Canyon,17.6
Source: Energy Intelligence,"COPYRIGHT © 2001-2021 ENERGY INTELLIGENCE GROUP, INC. / ENERGY INTELLIGENCE GROUP (UK) LIMITED.",2019,United States,Southern Green Canyon,6
Source: Energy Intelligence,"COPYRIGHT © 2001-2021 ENERGY INTELLIGENCE GROUP, INC. / ENERGY INTELLIGENCE GROUP (UK) LIMITED.",2018,United States,Southern Green Canyon,10
Source: Energy Intelligence,"COPYRIGHT © 2001-2021 ENERGY INTELLIGENCE GROUP, INC. / ENERGY INTELLIGENCE GROUP (UK) LIMITED.",2017,United States,Southern Green Canyon,9
Source: Energy Intelligence,"COPYRIGHT © 2001-2021 ENERGY INTELLIGENCE GROUP, INC. / ENERGY INTELLIGENCE GROUP (UK) LIMITED.",2016,United States,Southern Green Canyon,30
Source: Energy Intelligence,"COPYRIGHT © 2001-2021 ENERGY INTELLIGENCE GROUP, INC. / ENERGY INTELLIGENCE GROUP (UK) LIMITED.",2015,United States,Southern Green Canyon,20
Source: Energy Intelligence,"COPYRIGHT © 2001-2021 ENERGY INTELLIGENCE GROUP, INC. / ENERGY INTELLIGENCE GROUP (UK) LIMITED.",2014,United States,Southern Green Canyon,15
Source: Energy Intelligence,"COPYRIGHT © 2001-2021 ENERGY INTELLIGENCE GROUP, INC. / ENERGY INTELLIGENCE GROUP (UK) LIMITED.",2013,United States,Southern Green Canyon,
Source: Energy Intelligence,"COPYRIGHT © 2001-2021 ENERGY INTELLIGENCE GROUP, INC. / ENERGY INTELLIGENCE GROUP (UK) LIMITED.",2012,United States,Southern Green Canyon,
Source: Energy Intelligence,"COPYRIGHT © 2001-2021 ENERGY INTELLIGENCE GROUP, INC. / ENERGY INTELLIGENCE GROUP (UK) LIMITED.",2011,United States,Southern Green Canyon,
Source: Energy Intelligence,"COPYRIGHT © 2001-2021 ENERGY INTELLIGENCE GROUP, INC. / ENERGY INTELLIGENCE GROUP (UK) LIMITED.",2010,United States,Southern Green Canyon,
Source: Energy Intelligence,"COPYRIGHT © 2001-2021 ENERGY INTELLIGENCE GROUP, INC. / ENERGY INTELLIGENCE GROUP (UK) LIMITED.",2009,United States,Southern Green Canyon,
Source: Energy Intelligence,"COPYRIGHT © 2001-2021 ENERGY INTELLIGENCE GROUP, INC. / ENERGY INTELLIGENCE GROUP (UK) LIMITED.",2008,United States,Southern Green Canyon,
Source: Energy Intelligence,"COPYRIGHT © 2001-2021 ENERGY INTELLIGENCE GROUP, INC. / ENERGY INTELLIGENCE GROUP (UK) LIMITED.",2007,United States,Southern Green Canyon,
Source: Energy Intelligence,"COPYRIGHT © 2001-2021 ENERGY INTELLIGENCE GROUP, INC. / ENERGY INTELLIGENCE GROUP (UK) LIMITED.",2006,United States,Southern Green Canyon,
Source: Energy Intelligence,"COPYRIGHT © 2001-2021 ENERGY INTELLIGENCE GROUP, INC. / ENERGY INTELLIGENCE GROUP (UK) LIMITED.",2024,United States,Alaska North Slope,13
Source: Energy Intelligence,"COPYRIGHT © 2001-2021 ENERGY INTELLIGENCE GROUP, INC. / ENERGY INTELLIGENCE GROUP (UK) LIMITED.",2023,United States,Alaska North Slope,8
Source: Energy Intelligence,"COPYRIGHT © 2001-2021 ENERGY INTELLIGENCE GROUP, INC. / ENERGY INTELLIGENCE GROUP (UK) LIMITED.",2022,United States,Alaska North Slope,7
Source: Energy Intelligence,"COPYRIGHT © 2001-2021 ENERGY INTELLIGENCE GROUP, INC. / ENERGY INTELLIGENCE GROUP (UK) LIMITED.",2021,United States,Alaska North Slope,27
Source: Energy Intelligence,"COPYRIGHT © 2001-2021 ENERGY INTELLIGENCE GROUP, INC. / ENERGY INTELLIGENCE GROUP (UK) LIMITED.",2020,United States,Alaska North Slope,45
Source: Energy Intelligence,"COPYRIGHT © 2001-2021 ENERGY INTELLIGENCE GROUP, INC. / ENERGY INTELLIGENCE GROUP (UK) LIMITED.",2019,United States,Alaska North Slope,18
Source: Energy Intelligence,"COPYRIGHT © 2001-2021 ENERGY INTELLIGENCE GROUP, INC. / ENERGY INTELLIGENCE GROUP (UK) LIMITED.",2018,United States,Alaska North Slope,5
Source: Energy Intelligence,"COPYRIGHT © 2001-2021 ENERGY INTELLIGENCE GROUP, INC. / ENERGY INTELLIGENCE GROUP (UK) LIMITED.",2017,United States,Alaska North Slope,10
Source: Energy Intelligence,"COPYRIGHT © 2001-2021 ENERGY INTELLIGENCE GROUP, INC. / ENERGY INTELLIGENCE GROUP (UK) LIMITED.",2016,United States,Alaska North Slope,10
Source: Energy Intelligence,"COPYRIGHT © 2001-2021 ENERGY INTELLIGENCE GROUP, INC. / ENERGY INTELLIGENCE GROUP (UK) LIMITED.",2015,United States,Alaska North Slope,8
Source: Energy Intelligence,"COPYRIGHT © 2001-2021 ENERGY INTELLIGENCE GROUP, INC. / ENERGY INTELLIGENCE GROUP (UK) LIMITED.",2014,United States,Alaska North Slope,3
Source: Energy Intelligence,"COPYRIGHT © 2001-2021 ENERGY INTELLIGENCE GROUP, INC. / ENERGY INTELLIGENCE GROUP (UK) LIMITED.",2013,United States,Alaska North Slope,1
Source: Energy Intelligence,"COPYRIGHT © 2001-2021 ENERGY INTELLIGENCE GROUP, INC. / ENERGY INTELLIGENCE GROUP (UK) LIMITED.",2012,United States,Alaska North Slope,
Source: Energy Intelligence,"COPYRIGHT © 2001-2021 ENERGY INTELLIGENCE GROUP, INC. / ENERGY INTELLIGENCE GROUP (UK) LIMITED.",2011,United States,Alaska North Slope,
Source: Energy Intelligence,"COPYRIGHT © 2001-2021 ENERGY INTELLIGENCE GROUP, INC. / ENERGY INTELLIGENCE GROUP (UK) LIMITED.",2010,United States,Alaska North Slope,
Source: Energy Intelligence,"COPYRIGHT © 2001-2021 ENERGY INTELLIGENCE GROUP, INC. / ENERGY INTELLIGENCE GROUP (UK) LIMITED.",2009,United States,Alaska North Slope,
Source: Energy Intelligence,"COPYRIGHT © 2001-2021 ENERGY INTELLIGENCE GROUP, INC. / ENERGY INTELLIGENCE GROUP (UK) LIMITED.",2008,United States,Alaska North Slope,
Source: Energy Intelligence,"COPYRIGHT © 2001-2021 ENERGY INTELLIGENCE GROUP, INC. / ENERGY INTELLIGENCE GROUP (UK) LIMITED.",2007,United States,Alaska North Slope,
Source: Energy Intelligence,"COPYRIGHT © 2001-2021 ENERGY INTELLIGENCE GROUP, INC. / ENERGY INTELLIGENCE GROUP (UK) LIMITED.",2006,United States,Alaska North Slope,0
Source: Energy Intelligence,"COPYRIGHT © 2001-2021 ENERGY INTELLIGENCE GROUP, INC. / ENERGY INTELLIGENCE GROUP (UK) LIMITED.",2024,Gabon,Dussafu,12.7
Source: Energy Intelligence,"COPYRIGHT © 2001-2021 ENERGY INTELLIGENCE GROUP, INC. / ENERGY INTELLIGENCE GROUP (UK) LIMITED.",2023,Gabon,Dussafu,12.9
Source: Energy Intelligence,"COPYRIGHT © 2001-2021 ENERGY INTELLIGENCE GROUP, INC. / ENERGY INTELLIGENCE GROUP (UK) LIMITED.",2022,Gabon,Dussafu,10.58
Source: Energy Intelligence,"COPYRIGHT © 2001-2021 ENERGY INTELLIGENCE GROUP, INC. / ENERGY INTELLIGENCE GROUP (UK) LIMITED.",2021,Gabon,Dussafu,16
Source: Energy Intelligence,"COPYRIGHT © 2001-2021 ENERGY INTELLIGENCE GROUP, INC. / ENERGY INTELLIGENCE GROUP (UK) LIMITED.",2020,Gabon,Dussafu,14.25
Source: Energy Intelligence,"COPYRIGHT © 2001-2021 ENERGY INTELLIGENCE GROUP, INC. / ENERGY INTELLIGENCE GROUP (UK) LIMITED.",2019,Gabon,Dussafu,11.78
Source: Energy Intelligence,"COPYRIGHT © 2001-2021 ENERGY INTELLIGENCE GROUP, INC. / ENERGY INTELLIGENCE GROUP (UK) LIMITED.",2018,Gabon,Dussafu,2.47
Source: Energy Intelligence,"COPYRIGHT © 2001-2021 ENERGY INTELLIGENCE GROUP, INC. / ENERGY INTELLIGENCE GROUP (UK) LIMITED.",2022,Vietnam,Te Giac Trang,4.02
Source: Energy Intelligence,"COPYRIGHT © 2001-2021 ENERGY INTELLIGENCE GROUP, INC. / ENERGY INTELLIGENCE GROUP (UK) LIMITED.",2021,Vietnam,Te Giac Trang,5.34
Source: Energy Intelligence,"COPYRIGHT © 2001-2021 ENERGY INTELLIGENCE GROUP, INC. / ENERGY INTELLIGENCE GROUP (UK) LIMITED.",2020,Vietnam,Te Giac Trang,6.12
Source: Energy Intelligence,"COPYRIGHT © 2001-2021 ENERGY INTELLIGENCE GROUP, INC. / ENERGY INTELLIGENCE GROUP (UK) LIMITED.",2019,Vietnam,Te Giac Trang,6.4
Source: Energy Intelligence,"COPYRIGHT © 2001-2021 ENERGY INTELLIGENCE GROUP, INC. / ENERGY INTELLIGENCE GROUP (UK) LIMITED.",2018,Vietnam,Te Giac Trang,7.11
Source: Energy Intelligence,"COPYRIGHT © 2001-2021 ENERGY INTELLIGENCE GROUP, INC. / ENERGY INTELLIGENCE GROUP (UK) LIMITED.",2017,Vietnam,Te Giac Trang,10.5
Source: Energy Intelligence,"COPYRIGHT © 2001-2021 ENERGY INTELLIGENCE GROUP, INC. / ENERGY INTELLIGENCE GROUP (UK) LIMITED.",2016,Vietnam,Te Giac Trang,10.5
Source: Energy Intelligence,"COPYRIGHT © 2001-2021 ENERGY INTELLIGENCE GROUP, INC. / ENERGY INTELLIGENCE GROUP (UK) LIMITED.",2015,Vietnam,Te Giac Trang,12.5
Source: Energy Intelligence,"COPYRIGHT © 2001-2021 ENERGY INTELLIGENCE GROUP, INC. / ENERGY INTELLIGENCE GROUP (UK) LIMITED.",2014,Vietnam,Te Giac Trang,20
Source: Energy Intelligence,"COPYRIGHT © 2001-2021 ENERGY INTELLIGENCE GROUP, INC. / ENERGY INTELLIGENCE GROUP (UK) LIMITED.",2013,Vietnam,Te Giac Trang,14.85
Source: Energy Intelligence,"COPYRIGHT © 2001-2021 ENERGY INTELLIGENCE GROUP, INC. / ENERGY INTELLIGENCE GROUP (UK) LIMITED.",2012,Vietnam,Te Giac Trang,12
Source: Energy Intelligence,"COPYRIGHT © 2001-2021 ENERGY INTELLIGENCE GROUP, INC. / ENERGY INTELLIGENCE GROUP (UK) LIMITED.",2011,Vietnam,Te Giac Trang,15
Source: Energy Intelligence,"COPYRIGHT © 2001-2021 ENERGY INTELLIGENCE GROUP, INC. / ENERGY INTELLIGENCE GROUP (UK) LIMITED.",2024,Brunei,Other Crudes - Brunei,3.7
Source: Energy Intelligence,"COPYRIGHT © 2001-2021 ENERGY INTELLIGENCE GROUP, INC. / ENERGY INTELLIGENCE GROUP (UK) LIMITED.",2023,Brunei,Other Crudes - Brunei,3.55
Source: Energy Intelligence,"COPYRIGHT © 2001-2021 ENERGY INTELLIGENCE GROUP, INC. / ENERGY INTELLIGENCE GROUP (UK) LIMITED.",2022,Brunei,Other Crudes - Brunei,3.35
Source: Energy Intelligence,"COPYRIGHT © 2001-2021 ENERGY INTELLIGENCE GROUP, INC. / ENERGY INTELLIGENCE GROUP (UK) LIMITED.",2021,Brunei,Other Crudes - Brunei,5.07
Source: Energy Intelligence,"COPYRIGHT © 2001-2021 ENERGY INTELLIGENCE GROUP, INC. / ENERGY INTELLIGENCE GROUP (UK) LIMITED.",2020,Brunei,Other Crudes - Brunei,6.72
Source: Energy Intelligence,"COPYRIGHT © 2001-2021 ENERGY INTELLIGENCE GROUP, INC. / ENERGY INTELLIGENCE GROUP (UK) LIMITED.",2019,Brunei,Other Crudes - Brunei,9.49
Source: Energy Intelligence,"COPYRIGHT © 2001-2021 ENERGY INTELLIGENCE GROUP, INC. / ENERGY INTELLIGENCE GROUP (UK) LIMITED.",2018,Brunei,Other Crudes - Brunei,8.29
Source: Energy Intelligence,"COPYRIGHT © 2001-2021 ENERGY INTELLIGENCE GROUP, INC. / ENERGY INTELLIGENCE GROUP (UK) LIMITED.",2017,Brunei,Other Crudes - Brunei,9.97
Source: Energy Intelligence,"COPYRIGHT © 2001-2021 ENERGY INTELLIGENCE GROUP, INC. / ENERGY INTELLIGENCE GROUP (UK) LIMITED.",2016,Brunei,Other Crudes - Brunei,11.68
Source: Energy Intelligence,"COPYRIGHT © 2001-2021 ENERGY INTELLIGENCE GROUP, INC. / ENERGY INTELLIGENCE GROUP (UK) LIMITED.",2015,Brunei,Other Crudes - Brunei,12.17
Source: Energy Intelligence,"COPYRIGHT © 2001-2021 ENERGY INTELLIGENCE GROUP, INC. / ENERGY INTELLIGENCE GROUP (UK) LIMITED.",2014,Brunei,Other Crudes - Brunei,12.2
Source: Energy Intelligence,"COPYRIGHT © 2001-2021 ENERGY INTELLIGENCE GROUP, INC. / ENERGY INTELLIGENCE GROUP (UK) LIMITED.",2013,Brunei,Other Crudes - Brunei,12.72
Source: Energy Intelligence,"COPYRIGHT © 2001-2021 ENERGY INTELLIGENCE GROUP, INC. / ENERGY INTELLIGENCE GROUP (UK) LIMITED.",2012,Brunei,Other Crudes - Brunei,1.12
Source: Energy Intelligence,"COPYRIGHT © 2001-2021 ENERGY INTELLIGENCE GROUP, INC. / ENERGY INTELLIGENCE GROUP (UK) LIMITED.",2011,Brunei,Other Crudes - Brunei,1.5
Source: Energy Intelligence,"COPYRIGHT © 2001-2021 ENERGY INTELLIGENCE GROUP, INC. / ENERGY INTELLIGENCE GROUP (UK) LIMITED.",2010,Brunei,Other Crudes - Brunei,1.5
Source: Energy Intelligence,"COPYRIGHT © 2001-2021 ENERGY INTELLIGENCE GROUP, INC. / ENERGY INTELLIGENCE GROUP (UK) LIMITED.",2009,Brunei,Other Crudes - Brunei,1
Source: Energy Intelligence,"COPYRIGHT © 2001-2021 ENERGY INTELLIGENCE GROUP, INC. / ENERGY INTELLIGENCE GROUP (UK) LIMITED.",2008,Brunei,Other Crudes - Brunei,8.4
Source: Energy Intelligence,"COPYRIGHT © 2001-2021 ENERGY INTELLIGENCE GROUP, INC. / ENERGY INTELLIGENCE GROUP (UK) LIMITED.",2007,Brunei,Other Crudes - Brunei,34.3
Source: Energy Intelligence,"COPYRIGHT © 2001-2021 ENERGY INTELLIGENCE GROUP, INC. / ENERGY INTELLIGENCE GROUP (UK) LIMITED.",2006,Brunei,Other Crudes - Brunei,47
Source: Energy Intelligence,"COPYRIGHT © 2001-2021 ENERGY INTELLIGENCE GROUP, INC. / ENERGY INTELLIGENCE GROUP (UK) LIMITED.",2023,United States,Heavy Louisiana Sweet,19
Source: Energy Intelligence,"COPYRIGHT © 2001-2021 ENERGY INTELLIGENCE GROUP, INC. / ENERGY INTELLIGENCE GROUP (UK) LIMITED.",2022,United States,Heavy Louisiana Sweet,23
Source: Energy Intelligence,"COPYRIGHT © 2001-2021 ENERGY INTELLIGENCE GROUP, INC. / ENERGY INTELLIGENCE GROUP (UK) LIMITED.",2021,United States,Heavy Louisiana Sweet,4
Source: Energy Intelligence,"COPYRIGHT © 2001-2021 ENERGY INTELLIGENCE GROUP, INC. / ENERGY INTELLIGENCE GROUP (UK) LIMITED.",2020,United States,Heavy Louisiana Sweet,2
Source: Energy Intelligence,"COPYRIGHT © 2001-2021 ENERGY INTELLIGENCE GROUP, INC. / ENERGY INTELLIGENCE GROUP (UK) LIMITED.",2019,United States,Heavy Louisiana Sweet,16
Source: Energy Intelligence,"COPYRIGHT © 2001-2021 ENERGY INTELLIGENCE GROUP, INC. / ENERGY INTELLIGENCE GROUP (UK) LIMITED.",2018,United States,Heavy Louisiana Sweet,12
Source: Energy Intelligence,"COPYRIGHT © 2001-2021 ENERGY INTELLIGENCE GROUP, INC. / ENERGY INTELLIGENCE GROUP (UK) LIMITED.",2017,United States,Heavy Louisiana Sweet,5
Source: Energy Intelligence,"COPYRIGHT © 2001-2021 ENERGY INTELLIGENCE GROUP, INC. / ENERGY INTELLIGENCE GROUP (UK) LIMITED.",2016,United States,Heavy Louisiana Sweet,2
Source: Energy Intelligence,"COPYRIGHT © 2001-2021 ENERGY INTELLIGENCE GROUP, INC. / ENERGY INTELLIGENCE GROUP (UK) LIMITED.",2015,United States,Heavy Louisiana Sweet,2
Source: Energy Intelligence,"COPYRIGHT © 2001-2021 ENERGY INTELLIGENCE GROUP, INC. / ENERGY INTELLIGENCE GROUP (UK) LIMITED.",2014,United States,Heavy Louisiana Sweet,
Source: Energy Intelligence,"COPYRIGHT © 2001-2021 ENERGY INTELLIGENCE GROUP, INC. / ENERGY INTELLIGENCE GROUP (UK) LIMITED.",2013,United States,Heavy Louisiana Sweet,
Source: Energy Intelligence,"COPYRIGHT © 2001-2021 ENERGY INTELLIGENCE GROUP, INC. / ENERGY INTELLIGENCE GROUP (UK) LIMITED.",2012,United States,Heavy Louisiana Sweet,
Source: Energy Intelligence,"COPYRIGHT © 2001-2021 ENERGY INTELLIGENCE GROUP, INC. / ENERGY INTELLIGENCE GROUP (UK) LIMITED.",2011,United States,Heavy Louisiana Sweet,
Source: Energy Intelligence,"COPYRIGHT © 2001-2021 ENERGY INTELLIGENCE GROUP, INC. / ENERGY INTELLIGENCE GROUP (UK) LIMITED.",2010,United States,Heavy Louisiana Sweet,
Source: Energy Intelligence,"COPYRIGHT © 2001-2021 ENERGY INTELLIGENCE GROUP, INC. / ENERGY INTELLIGENCE GROUP (UK) LIMITED.",2009,United States,Heavy Louisiana Sweet,
Source: Energy Intelligence,"COPYRIGHT © 2001-2021 ENERGY INTELLIGENCE GROUP, INC. / ENERGY INTELLIGENCE GROUP (UK) LIMITED.",2008,United States,Heavy Louisiana Sweet,
Source: Energy Intelligence,"COPYRIGHT © 2001-2021 ENERGY INTELLIGENCE GROUP, INC. / ENERGY INTELLIGENCE GROUP (UK) LIMITED.",2007,United States,Heavy Louisiana Sweet,
Source: Energy Intelligence,"COPYRIGHT © 2001-2021 ENERGY INTELLIGENCE GROUP, INC. / ENERGY INTELLIGENCE GROUP (UK) LIMITED.",2006,United States,Heavy Louisiana Sweet,
Source: Energy Intelligence,"COPYRIGHT © 2001-2021 ENERGY INTELLIGENCE GROUP, INC. / ENERGY INTELLIGENCE GROUP (UK) LIMITED.",2024,Kuwait,Kuwait Export Heavy,6
Source: Energy Intelligence,"COPYRIGHT © 2001-2021 ENERGY INTELLIGENCE GROUP, INC. / ENERGY INTELLIGENCE GROUP (UK) LIMITED.",2023,Kuwait,Kuwait Export Heavy,7
Source: Energy Intelligence,"COPYRIGHT © 2001-2021 ENERGY INTELLIGENCE GROUP, INC. / ENERGY INTELLIGENCE GROUP (UK) LIMITED.",2022,Kuwait,Kuwait Export Heavy,11
Source: Energy Intelligence,"COPYRIGHT © 2001-2021 ENERGY INTELLIGENCE GROUP, INC. / ENERGY INTELLIGENCE GROUP (UK) LIMITED.",2021,Kuwait,Kuwait Export Heavy,24
Source: Energy Intelligence,"COPYRIGHT © 2001-2021 ENERGY INTELLIGENCE GROUP, INC. / ENERGY INTELLIGENCE GROUP (UK) LIMITED.",2020,Kuwait,Kuwait Export Heavy,13
Source: Energy Intelligence,"COPYRIGHT © 2001-2021 ENERGY INTELLIGENCE GROUP, INC. / ENERGY INTELLIGENCE GROUP (UK) LIMITED.",2019,Kuwait,Kuwait Export Heavy,0
Source: Energy Intelligence,"COPYRIGHT © 2001-2021 ENERGY INTELLIGENCE GROUP, INC. / ENERGY INTELLIGENCE GROUP (UK) LIMITED.",2018,Kuwait,Kuwait Export Heavy,0
Source: Energy Intelligence,"COPYRIGHT © 2001-2021 ENERGY INTELLIGENCE GROUP, INC. / ENERGY INTELLIGENCE GROUP (UK) LIMITED.",2024,United States,Poseidon,0
Source: Energy Intelligence,"COPYRIGHT © 2001-2021 ENERGY INTELLIGENCE GROUP, INC. / ENERGY INTELLIGENCE GROUP (UK) LIMITED.",2023,United States,Poseidon,0
Source: Energy Intelligence,"COPYRIGHT © 2001-2021 ENERGY INTELLIGENCE GROUP, INC. / ENERGY INTELLIGENCE GROUP (UK) LIMITED.",2022,United States,Poseidon,8
Source: Energy Intelligence,"COPYRIGHT © 2001-2021 ENERGY INTELLIGENCE GROUP, INC. / ENERGY INTELLIGENCE GROUP (UK) LIMITED.",2021,United States,Poseidon,18.66
Source: Energy Intelligence,"COPYRIGHT © 2001-2021 ENERGY INTELLIGENCE GROUP, INC. / ENERGY INTELLIGENCE GROUP (UK) LIMITED.",2020,United States,Poseidon,11.37
Source: Energy Intelligence,"COPYRIGHT © 2001-2021 ENERGY INTELLIGENCE GROUP, INC. / ENERGY INTELLIGENCE GROUP (UK) LIMITED.",2019,United States,Poseidon,
Source: Energy Intelligence,"COPYRIGHT © 2001-2021 ENERGY INTELLIGENCE GROUP, INC. / ENERGY INTELLIGENCE GROUP (UK) LIMITED.",2018,United States,Poseidon,
Source: Energy Intelligence,"COPYRIGHT © 2001-2021 ENERGY INTELLIGENCE GROUP, INC. / ENERGY INTELLIGENCE GROUP (UK) LIMITED.",2017,United States,Poseidon,
Source: Energy Intelligence,"COPYRIGHT © 2001-2021 ENERGY INTELLIGENCE GROUP, INC. / ENERGY INTELLIGENCE GROUP (UK) LIMITED.",2016,United States,Poseidon,
Source: Energy Intelligence,"COPYRIGHT © 2001-2021 ENERGY INTELLIGENCE GROUP, INC. / ENERGY INTELLIGENCE GROUP (UK) LIMITED.",2015,United States,Poseidon,
Source: Energy Intelligence,"COPYRIGHT © 2001-2021 ENERGY INTELLIGENCE GROUP, INC. / ENERGY INTELLIGENCE GROUP (UK) LIMITED.",2014,United States,Poseidon,
Source: Energy Intelligence,"COPYRIGHT © 2001-2021 ENERGY INTELLIGENCE GROUP, INC. / ENERGY INTELLIGENCE GROUP (UK) LIMITED.",2013,United States,Poseidon,
Source: Energy Intelligence,"COPYRIGHT © 2001-2021 ENERGY INTELLIGENCE GROUP, INC. / ENERGY INTELLIGENCE GROUP (UK) LIMITED.",2012,United States,Poseidon,
Source: Energy Intelligence,"COPYRIGHT © 2001-2021 ENERGY INTELLIGENCE GROUP, INC. / ENERGY INTELLIGENCE GROUP (UK) LIMITED.",2011,United States,Poseidon,
Source: Energy Intelligence,"COPYRIGHT © 2001-2021 ENERGY INTELLIGENCE GROUP, INC. / ENERGY INTELLIGENCE GROUP (UK) LIMITED.",2010,United States,Poseidon,
Source: Energy Intelligence,"COPYRIGHT © 2001-2021 ENERGY INTELLIGENCE GROUP, INC. / ENERGY INTELLIGENCE GROUP (UK) LIMITED.",2009,United States,Poseidon,
Source: Energy Intelligence,"COPYRIGHT © 2001-2021 ENERGY INTELLIGENCE GROUP, INC. / ENERGY INTELLIGENCE GROUP (UK) LIMITED.",2008,United States,Poseidon,
Source: Energy Intelligence,"COPYRIGHT © 2001-2021 ENERGY INTELLIGENCE GROUP, INC. / ENERGY INTELLIGENCE GROUP (UK) LIMITED.",2023,Congo (Brazzaville),Other Crudes - Congo (Brazzaville),0
Source: Energy Intelligence,"COPYRIGHT © 2001-2021 ENERGY INTELLIGENCE GROUP, INC. / ENERGY INTELLIGENCE GROUP (UK) LIMITED.",2022,Congo (Brazzaville),Other Crudes - Congo (Brazzaville),0
Source: Energy Intelligence,"COPYRIGHT © 2001-2021 ENERGY INTELLIGENCE GROUP, INC. / ENERGY INTELLIGENCE GROUP (UK) LIMITED.",2021,Congo (Brazzaville),Other Crudes - Congo (Brazzaville),3.48
Source: Energy Intelligence,"COPYRIGHT © 2001-2021 ENERGY INTELLIGENCE GROUP, INC. / ENERGY INTELLIGENCE GROUP (UK) LIMITED.",2020,Congo (Brazzaville),Other Crudes - Congo (Brazzaville),3.01
Source: Energy Intelligence,"COPYRIGHT © 2001-2021 ENERGY INTELLIGENCE GROUP, INC. / ENERGY INTELLIGENCE GROUP (UK) LIMITED.",2019,Congo (Brazzaville),Other Crudes - Congo (Brazzaville),3.01
Source: Energy Intelligence,"COPYRIGHT © 2001-2021 ENERGY INTELLIGENCE GROUP, INC. / ENERGY INTELLIGENCE GROUP (UK) LIMITED.",2018,Congo (Brazzaville),Other Crudes - Congo (Brazzaville),0
Source: Energy Intelligence,"COPYRIGHT © 2001-2021 ENERGY INTELLIGENCE GROUP, INC. / ENERGY INTELLIGENCE GROUP (UK) LIMITED.",2017,Congo (Brazzaville),Other Crudes - Congo (Brazzaville),0
Source: Energy Intelligence,"COPYRIGHT © 2001-2021 ENERGY INTELLIGENCE GROUP, INC. / ENERGY INTELLIGENCE GROUP (UK) LIMITED.",2016,Congo (Brazzaville),Other Crudes - Congo (Brazzaville),0
Source: Energy Intelligence,"COPYRIGHT © 2001-2021 ENERGY INTELLIGENCE GROUP, INC. / ENERGY INTELLIGENCE GROUP (UK) LIMITED.",2015,Congo (Brazzaville),Other Crudes - Congo (Brazzaville),0
Source: Energy Intelligence,"COPYRIGHT © 2001-2021 ENERGY INTELLIGENCE GROUP, INC. / ENERGY INTELLIGENCE GROUP (UK) LIMITED.",2014,Congo (Brazzaville),Other Crudes - Congo (Brazzaville),0
Source: Energy Intelligence,"COPYRIGHT © 2001-2021 ENERGY INTELLIGENCE GROUP, INC. / ENERGY INTELLIGENCE GROUP (UK) LIMITED.",2013,Congo (Brazzaville),Other Crudes - Congo (Brazzaville),0
Source: Energy Intelligence,"COPYRIGHT © 2001-2021 ENERGY INTELLIGENCE GROUP, INC. / ENERGY INTELLIGENCE GROUP (UK) LIMITED.",2012,Congo (Brazzaville),Other Crudes - Congo (Brazzaville),2.97
Source: Energy Intelligence,"COPYRIGHT © 2001-2021 ENERGY INTELLIGENCE GROUP, INC. / ENERGY INTELLIGENCE GROUP (UK) LIMITED.",2011,Congo (Brazzaville),Other Crudes - Congo (Brazzaville),0
Source: Energy Intelligence,"COPYRIGHT © 2001-2021 ENERGY INTELLIGENCE GROUP, INC. / ENERGY INTELLIGENCE GROUP (UK) LIMITED.",2010,Congo (Brazzaville),Other Crudes - Congo (Brazzaville),3.95
Source: Energy Intelligence,"COPYRIGHT © 2001-2021 ENERGY INTELLIGENCE GROUP, INC. / ENERGY INTELLIGENCE GROUP (UK) LIMITED.",2009,Congo (Brazzaville),Other Crudes - Congo (Brazzaville),4.5
Source: Energy Intelligence,"COPYRIGHT © 2001-2021 ENERGY INTELLIGENCE GROUP, INC. / ENERGY INTELLIGENCE GROUP (UK) LIMITED.",2008,Congo (Brazzaville),Other Crudes - Congo (Brazzaville),31.93
Source: Energy Intelligence,"COPYRIGHT © 2001-2021 ENERGY INTELLIGENCE GROUP, INC. / ENERGY INTELLIGENCE GROUP (UK) LIMITED.",2007,Congo (Brazzaville),Other Crudes - Congo (Brazzaville),0.23
Source: Energy Intelligence,"COPYRIGHT © 2001-2021 ENERGY INTELLIGENCE GROUP, INC. / ENERGY INTELLIGENCE GROUP (UK) LIMITED.",2006,Congo (Brazzaville),Other Crudes - Congo (Brazzaville),6.04
Source: Energy Intelligence,"COPYRIGHT © 2001-2021 ENERGY INTELLIGENCE GROUP, INC. / ENERGY INTELLIGENCE GROUP (UK) LIMITED.",2024,Ecuador,Other Crudes - Ecuador,0
Source: Energy Intelligence,"COPYRIGHT © 2001-2021 ENERGY INTELLIGENCE GROUP, INC. / ENERGY INTELLIGENCE GROUP (UK) LIMITED.",2023,Ecuador,Other Crudes - Ecuador,0
Source: Energy Intelligence,"COPYRIGHT © 2001-2021 ENERGY INTELLIGENCE GROUP, INC. / ENERGY INTELLIGENCE GROUP (UK) LIMITED.",2022,Ecuador,Other Crudes - Ecuador,0
Source: Energy Intelligence,"COPYRIGHT © 2001-2021 ENERGY INTELLIGENCE GROUP, INC. / ENERGY INTELLIGENCE GROUP (UK) LIMITED.",2021,Ecuador,Other Crudes - Ecuador,0
Source: Energy Intelligence,"COPYRIGHT © 2001-2021 ENERGY INTELLIGENCE GROUP, INC. / ENERGY INTELLIGENCE GROUP (UK) LIMITED.",2020,Ecuador,Other Crudes - Ecuador,0
Source: Energy Intelligence,"COPYRIGHT © 2001-2021 ENERGY INTELLIGENCE GROUP, INC. / ENERGY INTELLIGENCE GROUP (UK) LIMITED.",2019,Ecuador,Other Crudes - Ecuador,1.08
Source: Energy Intelligence,"COPYRIGHT © 2001-2021 ENERGY INTELLIGENCE GROUP, INC. / ENERGY INTELLIGENCE GROUP (UK) LIMITED.",2018,Ecuador,Other Crudes - Ecuador,0
Source: Energy Intelligence,"COPYRIGHT © 2001-2021 ENERGY INTELLIGENCE GROUP, INC. / ENERGY INTELLIGENCE GROUP (UK) LIMITED.",2017,Ecuador,Other Crudes - Ecuador,0.14
Source: Energy Intelligence,"COPYRIGHT © 2001-2021 ENERGY INTELLIGENCE GROUP, INC. / ENERGY INTELLIGENCE GROUP (UK) LIMITED.",2016,Ecuador,Other Crudes - Ecuador,0
Source: Energy Intelligence,"COPYRIGHT © 2001-2021 ENERGY INTELLIGENCE GROUP, INC. / ENERGY INTELLIGENCE GROUP (UK) LIMITED.",2015,Ecuador,Other Crudes - Ecuador,0.01
Source: Energy Intelligence,"COPYRIGHT © 2001-2021 ENERGY INTELLIGENCE GROUP, INC. / ENERGY INTELLIGENCE GROUP (UK) LIMITED.",2014,Ecuador,Other Crudes - Ecuador,0
Source: Energy Intelligence,"COPYRIGHT © 2001-2021 ENERGY INTELLIGENCE GROUP, INC. / ENERGY INTELLIGENCE GROUP (UK) LIMITED.",2013,Ecuador,Other Crudes - Ecuador,0
Source: Energy Intelligence,"COPYRIGHT © 2001-2021 ENERGY INTELLIGENCE GROUP, INC. / ENERGY INTELLIGENCE GROUP (UK) LIMITED.",2012,Ecuador,Other Crudes - Ecuador,0.03
Source: Energy Intelligence,"COPYRIGHT © 2001-2021 ENERGY INTELLIGENCE GROUP, INC. / ENERGY INTELLIGENCE GROUP (UK) LIMITED.",2011,Ecuador,Other Crudes - Ecuador,20.39
Source: Energy Intelligence,"COPYRIGHT © 2001-2021 ENERGY INTELLIGENCE GROUP, INC. / ENERGY INTELLIGENCE GROUP (UK) LIMITED.",2010,Ecuador,Other Crudes - Ecuador,13.06
Source: Energy Intelligence,"COPYRIGHT © 2001-2021 ENERGY INTELLIGENCE GROUP, INC. / ENERGY INTELLIGENCE GROUP (UK) LIMITED.",2009,Ecuador,Other Crudes - Ecuador,10.23
Source: Energy Intelligence,"COPYRIGHT © 2001-2021 ENERGY INTELLIGENCE GROUP, INC. / ENERGY INTELLIGENCE GROUP (UK) LIMITED.",2008,Ecuador,Other Crudes - Ecuador,0.04
Source: Energy Intelligence,"COPYRIGHT © 2001-2021 ENERGY INTELLIGENCE GROUP, INC. / ENERGY INTELLIGENCE GROUP (UK) LIMITED.",2007,Ecuador,Other Crudes - Ecuador,0
Source: Energy Intelligence,"COPYRIGHT © 2001-2021 ENERGY INTELLIGENCE GROUP, INC. / ENERGY INTELLIGENCE GROUP (UK) LIMITED.",2006,Ecuador,Other Crudes - Ecuador,0.03
Source: Energy Intelligence,"COPYRIGHT © 2001-2021 ENERGY INTELLIGENCE GROUP, INC. / ENERGY INTELLIGENCE GROUP (UK) LIMITED.",2021,Syria,Other Crudes - Syria,0
Source: Energy Intelligence,"COPYRIGHT © 2001-2021 ENERGY INTELLIGENCE GROUP, INC. / ENERGY INTELLIGENCE GROUP (UK) LIMITED.",2020,Syria,Other Crudes - Syria,0
Source: Energy Intelligence,"COPYRIGHT © 2001-2021 ENERGY INTELLIGENCE GROUP, INC. / ENERGY INTELLIGENCE GROUP (UK) LIMITED.",2019,Syria,Other Crudes - Syria,0
Source: Energy Intelligence,"COPYRIGHT © 2001-2021 ENERGY INTELLIGENCE GROUP, INC. / ENERGY INTELLIGENCE GROUP (UK) LIMITED.",2018,Syria,Other Crudes - Syria,
Source: Energy Intelligence,"COPYRIGHT © 2001-2021 ENERGY INTELLIGENCE GROUP, INC. / ENERGY INTELLIGENCE GROUP (UK) LIMITED.",2017,Syria,Other Crudes - Syria,
Source: Energy Intelligence,"COPYRIGHT © 2001-2021 ENERGY INTELLIGENCE GROUP, INC. / ENERGY INTELLIGENCE GROUP (UK) LIMITED.",2016,Syria,Other Crudes - Syria,
Source: Energy Intelligence,"COPYRIGHT © 2001-2021 ENERGY INTELLIGENCE GROUP, INC. / ENERGY INTELLIGENCE GROUP (UK) LIMITED.",2015,Syria,Other Crudes - Syria,
Source: Energy Intelligence,"COPYRIGHT © 2001-2021 ENERGY INTELLIGENCE GROUP, INC. / ENERGY INTELLIGENCE GROUP (UK) LIMITED.",2012,Syria,Other Crudes - Syria,0
Source: Energy Intelligence,"COPYRIGHT © 2001-2021 ENERGY INTELLIGENCE GROUP, INC. / ENERGY INTELLIGENCE GROUP (UK) LIMITED.",2011,Syria,Other Crudes - Syria,0
Source: Energy Intelligence,"COPYRIGHT © 2001-2021 ENERGY INTELLIGENCE GROUP, INC. / ENERGY INTELLIGENCE GROUP (UK) LIMITED.",2010,Syria,Other Crudes - Syria,5
Source: Energy Intelligence,"COPYRIGHT © 2001-2021 ENERGY INTELLIGENCE GROUP, INC. / ENERGY INTELLIGENCE GROUP (UK) LIMITED.",2009,Syria,Other Crudes - Syria,3
Source: Energy Intelligence,"COPYRIGHT © 2001-2021 ENERGY INTELLIGENCE GROUP, INC. / ENERGY INTELLIGENCE GROUP (UK) LIMITED.",2008,Syria,Other Crudes - Syria,0
Source: Energy Intelligence,"COPYRIGHT © 2001-2021 ENERGY INTELLIGENCE GROUP, INC. / ENERGY INTELLIGENCE GROUP (UK) LIMITED.",2007,Syria,Other Crudes - Syria,0
Source: Energy Intelligence,"COPYRIGHT © 2001-2021 ENERGY INTELLIGENCE GROUP, INC. / ENERGY INTELLIGENCE GROUP (UK) LIMITED.",2006,Syria,Other Crudes - Syria,0
Source: Energy Intelligence,"COPYRIGHT © 2001-2021 ENERGY INTELLIGENCE GROUP, INC. / ENERGY INTELLIGENCE GROUP (UK) LIMITED.",2024,Iran,Azadegan,0
Source: Energy Intelligence,"COPYRIGHT © 2001-2021 ENERGY INTELLIGENCE GROUP, INC. / ENERGY INTELLIGENCE GROUP (UK) LIMITED.",2023,Iran,Azadegan,0
Source: Energy Intelligence,"COPYRIGHT © 2001-2021 ENERGY INTELLIGENCE GROUP, INC. / ENERGY INTELLIGENCE GROUP (UK) LIMITED.",2022,Iran,Azadegan,0
Source: Energy Intelligence,"COPYRIGHT © 2001-2021 ENERGY INTELLIGENCE GROUP, INC. / ENERGY INTELLIGENCE GROUP (UK) LIMITED.",2021,Iran,Azadegan,0
Source: Energy Intelligence,"COPYRIGHT © 2001-2021 ENERGY INTELLIGENCE GROUP, INC. / ENERGY INTELLIGENCE GROUP (UK) LIMITED.",2020,Iran,Azadegan,0
Source: Energy Intelligence,"COPYRIGHT © 2001-2021 ENERGY INTELLIGENCE GROUP, INC. / ENERGY INTELLIGENCE GROUP (UK) LIMITED.",2019,Iran,Azadegan,0
Source: Energy Intelligence,"COPYRIGHT © 2001-2021 ENERGY INTELLIGENCE GROUP, INC. / ENERGY INTELLIGENCE GROUP (UK) LIMITED.",2018,Iran,Azadegan,0
Source: Energy Intelligence,"COPYRIGHT © 2001-2021 ENERGY INTELLIGENCE GROUP, INC. / ENERGY INTELLIGENCE GROUP (UK) LIMITED.",2017,Iran,Azadegan,0
Source: Energy Intelligence,"COPYRIGHT © 2001-2021 ENERGY INTELLIGENCE GROUP, INC. / ENERGY INTELLIGENCE GROUP (UK) LIMITED.",2016,Iran,Azadegan,8.22
Source: Energy Intelligence,"COPYRIGHT © 2001-2021 ENERGY INTELLIGENCE GROUP, INC. / ENERGY INTELLIGENCE GROUP (UK) LIMITED.",2015,Iran,Azadegan,0
Source: Energy Intelligence,"COPYRIGHT © 2001-2021 ENERGY INTELLIGENCE GROUP, INC. / ENERGY INTELLIGENCE GROUP (UK) LIMITED.",2014,Iran,Azadegan,0
Source: Energy Intelligence,"COPYRIGHT © 2001-2021 ENERGY INTELLIGENCE GROUP, INC. / ENERGY INTELLIGENCE GROUP (UK) LIMITED.",2013,Iran,Azadegan,0
Source: Energy Intelligence,"COPYRIGHT © 2001-2021 ENERGY INTELLIGENCE GROUP, INC. / ENERGY INTELLIGENCE GROUP (UK) LIMITED.",2012,Iran,Azadegan,
Source: Energy Intelligence,"COPYRIGHT © 2001-2021 ENERGY INTELLIGENCE GROUP, INC. / ENERGY INTELLIGENCE GROUP (UK) LIMITED.",2011,Iran,Azadegan,
Source: Energy Intelligence,"COPYRIGHT © 2001-2021 ENERGY INTELLIGENCE GROUP, INC. / ENERGY INTELLIGENCE GROUP (UK) LIMITED.",2010,Iran,Azadegan,
Source: Energy Intelligence,"COPYRIGHT © 2001-2021 ENERGY INTELLIGENCE GROUP, INC. / ENERGY INTELLIGENCE GROUP (UK) LIMITED.",2009,Iran,Azadegan,
Source: Energy Intelligence,"COPYRIGHT © 2001-2021 ENERGY INTELLIGENCE GROUP, INC. / ENERGY INTELLIGENCE GROUP (UK) LIMITED.",2008,Iran,Azadegan,
Source: Energy Intelligence,"COPYRIGHT © 2001-2021 ENERGY INTELLIGENCE GROUP, INC. / ENERGY INTELLIGENCE GROUP (UK) LIMITED.",2007,Iran,Azadegan,0
Source: Energy Intelligence,"COPYRIGHT © 2001-2021 ENERGY INTELLIGENCE GROUP, INC. / ENERGY INTELLIGENCE GROUP (UK) LIMITED.",2024,Sudan,Other Crudes - Sudan,0
Source: Energy Intelligence,"COPYRIGHT © 2001-2021 ENERGY INTELLIGENCE GROUP, INC. / ENERGY INTELLIGENCE GROUP (UK) LIMITED.",2023,Sudan,Other Crudes - Sudan,0
Source: Energy Intelligence,"COPYRIGHT © 2001-2021 ENERGY INTELLIGENCE GROUP, INC. / ENERGY INTELLIGENCE GROUP (UK) LIMITED.",2022,Sudan,Other Crudes - Sudan,0
Source: Energy Intelligence,"COPYRIGHT © 2001-2021 ENERGY INTELLIGENCE GROUP, INC. / ENERGY INTELLIGENCE GROUP (UK) LIMITED.",2021,Sudan,Other Crudes - Sudan,0
Source: Energy Intelligence,"COPYRIGHT © 2001-2021 ENERGY INTELLIGENCE GROUP, INC. / ENERGY INTELLIGENCE GROUP (UK) LIMITED.",2020,Sudan,Other Crudes - Sudan,0
Source: Energy Intelligence,"COPYRIGHT © 2001-2021 ENERGY INTELLIGENCE GROUP, INC. / ENERGY INTELLIGENCE GROUP (UK) LIMITED.",2019,Sudan,Other Crudes - Sudan,0
Source: Energy Intelligence,"COPYRIGHT © 2001-2021 ENERGY INTELLIGENCE GROUP, INC. / ENERGY INTELLIGENCE GROUP (UK) LIMITED.",2018,Sudan,Other Crudes - Sudan,0
Source: Energy Intelligence,"COPYRIGHT © 2001-2021 ENERGY INTELLIGENCE GROUP, INC. / ENERGY INTELLIGENCE GROUP (UK) LIMITED.",2017,Sudan,Other Crudes - Sudan,0
Source: Energy Intelligence,"COPYRIGHT © 2001-2021 ENERGY INTELLIGENCE GROUP, INC. / ENERGY INTELLIGENCE GROUP (UK) LIMITED.",2016,Sudan,Other Crudes - Sudan,0
Source: Energy Intelligence,"COPYRIGHT © 2001-2021 ENERGY INTELLIGENCE GROUP, INC. / ENERGY INTELLIGENCE GROUP (UK) LIMITED.",2015,Sudan,Other Crudes - Sudan,0
Source: Energy Intelligence,"COPYRIGHT © 2001-2021 ENERGY INTELLIGENCE GROUP, INC. / ENERGY INTELLIGENCE GROUP (UK) LIMITED.",2014,Sudan,Other Crudes - Sudan,0
Source: Energy Intelligence,"COPYRIGHT © 2001-2021 ENERGY INTELLIGENCE GROUP, INC. / ENERGY INTELLIGENCE GROUP (UK) LIMITED.",2013,Sudan,Other Crudes - Sudan,0
Source: Energy Intelligence,"COPYRIGHT © 2001-2021 ENERGY INTELLIGENCE GROUP, INC. / ENERGY INTELLIGENCE GROUP (UK) LIMITED.",2012,Sudan,Other Crudes - Sudan,0
Source: Energy Intelligence,"COPYRIGHT © 2001-2021 ENERGY INTELLIGENCE GROUP, INC. / ENERGY INTELLIGENCE GROUP (UK) LIMITED.",2011,Sudan,Other Crudes - Sudan,0
Source: Energy Intelligence,"COPYRIGHT © 2001-2021 ENERGY INTELLIGENCE GROUP, INC. / ENERGY INTELLIGENCE GROUP (UK) LIMITED.",2010,Sudan,Other Crudes - Sudan,0.65
Source: Energy Intelligence,"COPYRIGHT © 2001-2021 ENERGY INTELLIGENCE GROUP, INC. / ENERGY INTELLIGENCE GROUP (UK) LIMITED.",2009,Sudan,Other Crudes - Sudan,8.63
Source: Energy Intelligence,"COPYRIGHT © 2001-2021 ENERGY INTELLIGENCE GROUP, INC. / ENERGY INTELLIGENCE GROUP (UK) LIMITED.",2008,Sudan,Other Crudes - Sudan,0.98
Source: Energy Intelligence,"COPYRIGHT © 2001-2021 ENERGY INTELLIGENCE GROUP, INC. / ENERGY INTELLIGENCE GROUP (UK) LIMITED.",2007,Sudan,Other Crudes - Sudan,0
Source: Energy Intelligence,"COPYRIGHT © 2001-2021 ENERGY INTELLIGENCE GROUP, INC. / ENERGY INTELLIGENCE GROUP (UK) LIMITED.",2006,Sudan,Other Crudes - Sudan,0
Source: Energy Intelligence,"COPYRIGHT © 2001-2021 ENERGY INTELLIGENCE GROUP, INC. / ENERGY INTELLIGENCE GROUP (UK) LIMITED.",2024,Ghana,Other Crudes - Ghana,7.4
Source: Energy Intelligence,"COPYRIGHT © 2001-2021 ENERGY INTELLIGENCE GROUP, INC. / ENERGY INTELLIGENCE GROUP (UK) LIMITED.",2023,Ghana,Other Crudes - Ghana,0
Source: Energy Intelligence,"COPYRIGHT © 2001-2021 ENERGY INTELLIGENCE GROUP, INC. / ENERGY INTELLIGENCE GROUP (UK) LIMITED.",2022,Ghana,Other Crudes - Ghana,0
Source: Energy Intelligence,"COPYRIGHT © 2001-2021 ENERGY INTELLIGENCE GROUP, INC. / ENERGY INTELLIGENCE GROUP (UK) LIMITED.",2021,Ghana,Other Crudes - Ghana,0
Source: Energy Intelligence,"COPYRIGHT © 2001-2021 ENERGY INTELLIGENCE GROUP, INC. / ENERGY INTELLIGENCE GROUP (UK) LIMITED.",2020,Ghana,Other Crudes - Ghana,0
Source: Energy Intelligence,"COPYRIGHT © 2001-2021 ENERGY INTELLIGENCE GROUP, INC. / ENERGY INTELLIGENCE GROUP (UK) LIMITED.",2019,Ghana,Other Crudes - Ghana,0
Source: Energy Intelligence,"COPYRIGHT © 2001-2021 ENERGY INTELLIGENCE GROUP, INC. / ENERGY INTELLIGENCE GROUP (UK) LIMITED.",2018,Ghana,Other Crudes - Ghana,0
Source: Energy Intelligence,"COPYRIGHT © 2001-2021 ENERGY INTELLIGENCE GROUP, INC. / ENERGY INTELLIGENCE GROUP (UK) LIMITED.",2017,Ghana,Other Crudes - Ghana,
Source: Energy Intelligence,"COPYRIGHT © 2001-2021 ENERGY INTELLIGENCE GROUP, INC. / ENERGY INTELLIGENCE GROUP (UK) LIMITED.",2016,Ghana,Other Crudes - Ghana,0
Source: Energy Intelligence,"COPYRIGHT © 2001-2021 ENERGY INTELLIGENCE GROUP, INC. / ENERGY INTELLIGENCE GROUP (UK) LIMITED.",2015,Ghana,Other Crudes - Ghana,0
Source: Energy Intelligence,"COPYRIGHT © 2001-2021 ENERGY INTELLIGENCE GROUP, INC. / ENERGY INTELLIGENCE GROUP (UK) LIMITED.",2014,Ghana,Other Crudes - Ghana,0.05
Source: Energy Intelligence,"COPYRIGHT © 2001-2021 ENERGY INTELLIGENCE GROUP, INC. / ENERGY INTELLIGENCE GROUP (UK) LIMITED.",2013,Ghana,Other Crudes - Ghana,0
Source: Energy Intelligence,"COPYRIGHT © 2001-2021 ENERGY INTELLIGENCE GROUP, INC. / ENERGY INTELLIGENCE GROUP (UK) LIMITED.",2012,Ghana,Other Crudes - Ghana,0
Source: Energy Intelligence,"COPYRIGHT © 2001-2021 ENERGY INTELLIGENCE GROUP, INC. / ENERGY INTELLIGENCE GROUP (UK) LIMITED.",2011,Ghana,Other Crudes - Ghana,0
Source: Energy Intelligence,"COPYRIGHT © 2001-2021 ENERGY INTELLIGENCE GROUP, INC. / ENERGY INTELLIGENCE GROUP (UK) LIMITED.",2010,Ghana,Other Crudes - Ghana,0
Source: Energy Intelligence,"COPYRIGHT © 2001-2021 ENERGY INTELLIGENCE GROUP, INC. / ENERGY INTELLIGENCE GROUP (UK) LIMITED.",2009,Ghana,Other Crudes - Ghana,0
Source: Energy Intelligence,"COPYRIGHT © 2001-2021 ENERGY INTELLIGENCE GROUP, INC. / ENERGY INTELLIGENCE GROUP (UK) LIMITED.",2008,Ghana,Other Crudes - Ghana,0
Source: Energy Intelligence,"COPYRIGHT © 2001-2021 ENERGY INTELLIGENCE GROUP, INC. / ENERGY INTELLIGENCE GROUP (UK) LIMITED.",2007,Ghana,Other Crudes - Ghana,0
Source: Energy Intelligence,"COPYRIGHT © 2001-2021 ENERGY INTELLIGENCE GROUP, INC. / ENERGY INTELLIGENCE GROUP (UK) LIMITED.",2024,Mexico,Other Crudes - Mexico,0
Source: Energy Intelligence,"COPYRIGHT © 2001-2021 ENERGY INTELLIGENCE GROUP, INC. / ENERGY INTELLIGENCE GROUP (UK) LIMITED.",2023,Mexico,Other Crudes - Mexico,1
Source: Energy Intelligence,"COPYRIGHT © 2001-2021 ENERGY INTELLIGENCE GROUP, INC. / ENERGY INTELLIGENCE GROUP (UK) LIMITED.",2022,Mexico,Other Crudes - Mexico,0
Source: Energy Intelligence,"COPYRIGHT © 2001-2021 ENERGY INTELLIGENCE GROUP, INC. / ENERGY INTELLIGENCE GROUP (UK) LIMITED.",2021,Mexico,Other Crudes - Mexico,0
Source: Energy Intelligence,"COPYRIGHT © 2001-2021 ENERGY INTELLIGENCE GROUP, INC. / ENERGY INTELLIGENCE GROUP (UK) LIMITED.",2020,Mexico,Other Crudes - Mexico,0
Source: Energy Intelligence,"COPYRIGHT © 2001-2021 ENERGY INTELLIGENCE GROUP, INC. / ENERGY INTELLIGENCE GROUP (UK) LIMITED.",2019,Mexico,Other Crudes - Mexico,0
Source: Energy Intelligence,"COPYRIGHT © 2001-2021 ENERGY INTELLIGENCE GROUP, INC. / ENERGY INTELLIGENCE GROUP (UK) LIMITED.",2016,Malaysia,Bintulu Condensate,0.55
Source: Energy Intelligence,"COPYRIGHT © 2001-2021 ENERGY INTELLIGENCE GROUP, INC. / ENERGY INTELLIGENCE GROUP (UK) LIMITED.",2015,Malaysia,Bintulu Condensate,0
Source: Energy Intelligence,"COPYRIGHT © 2001-2021 ENERGY INTELLIGENCE GROUP, INC. / ENERGY INTELLIGENCE GROUP (UK) LIMITED.",2014,Malaysia,Bintulu Condensate,0
Source: Energy Intelligence,"COPYRIGHT © 2001-2021 ENERGY INTELLIGENCE GROUP, INC. / ENERGY INTELLIGENCE GROUP (UK) LIMITED.",2013,Malaysia,Bintulu Condensate,0
Source: Energy Intelligence,"COPYRIGHT © 2001-2021 ENERGY INTELLIGENCE GROUP, INC. / ENERGY INTELLIGENCE GROUP (UK) LIMITED.",2012,Malaysia,Bintulu Condensate,0
Source: Energy Intelligence,"COPYRIGHT © 2001-2021 ENERGY INTELLIGENCE GROUP, INC. / ENERGY INTELLIGENCE GROUP (UK) LIMITED.",2011,Malaysia,Bintulu Condensate,0
Source: Energy Intelligence,"COPYRIGHT © 2001-2021 ENERGY INTELLIGENCE GROUP, INC. / ENERGY INTELLIGENCE GROUP (UK) LIMITED.",2010,Malaysia,Bintulu Condensate,0
Source: Energy Intelligence,"COPYRIGHT © 2001-2021 ENERGY INTELLIGENCE GROUP, INC. / ENERGY INTELLIGENCE GROUP (UK) LIMITED.",2009,Malaysia,Bintulu Condensate,0
Source: Energy Intelligence,"COPYRIGHT © 2001-2021 ENERGY INTELLIGENCE GROUP, INC. / ENERGY INTELLIGENCE GROUP (UK) LIMITED.",2008,Malaysia,Bintulu Condensate,0
Source: Energy Intelligence,"COPYRIGHT © 2001-2021 ENERGY INTELLIGENCE GROUP, INC. / ENERGY INTELLIGENCE GROUP (UK) LIMITED.",2007,Malaysia,Bintulu Condensate,0
Source: Energy Intelligence,"COPYRIGHT © 2001-2021 ENERGY INTELLIGENCE GROUP, INC. / ENERGY INTELLIGENCE GROUP (UK) LIMITED.",2006,Malaysia,Bintulu Condensate,0
Source: Energy Intelligence,"COPYRIGHT © 2001-2021 ENERGY INTELLIGENCE GROUP, INC. / ENERGY INTELLIGENCE GROUP (UK) LIMITED.",2017,Yemen,Other Crudes - Yemen,0
Source: Energy Intelligence,"COPYRIGHT © 2001-2021 ENERGY INTELLIGENCE GROUP, INC. / ENERGY INTELLIGENCE GROUP (UK) LIMITED.",2016,Yemen,Other Crudes - Yemen,0
Source: Energy Intelligence,"COPYRIGHT © 2001-2021 ENERGY INTELLIGENCE GROUP, INC. / ENERGY INTELLIGENCE GROUP (UK) LIMITED.",2015,Yemen,Other Crudes - Yemen,0
Source: Energy Intelligence,"COPYRIGHT © 2001-2021 ENERGY INTELLIGENCE GROUP, INC. / ENERGY INTELLIGENCE GROUP (UK) LIMITED.",2014,Yemen,Other Crudes - Yemen,0
Source: Energy Intelligence,"COPYRIGHT © 2001-2021 ENERGY INTELLIGENCE GROUP, INC. / ENERGY INTELLIGENCE GROUP (UK) LIMITED.",2013,Yemen,Other Crudes - Yemen,0
Source: Energy Intelligence,"COPYRIGHT © 2001-2021 ENERGY INTELLIGENCE GROUP, INC. / ENERGY INTELLIGENCE GROUP (UK) LIMITED.",2012,Yemen,Other Crudes - Yemen,0
Source: Energy Intelligence,"COPYRIGHT © 2001-2021 ENERGY INTELLIGENCE GROUP, INC. / ENERGY INTELLIGENCE GROUP (UK) LIMITED.",2011,Yemen,Other Crudes - Yemen,0
Source: Energy Intelligence,"COPYRIGHT © 2001-2021 ENERGY INTELLIGENCE GROUP, INC. / ENERGY INTELLIGENCE GROUP (UK) LIMITED.",2010,Yemen,Other Crudes - Yemen,0
Source: Energy Intelligence,"COPYRIGHT © 2001-2021 ENERGY INTELLIGENCE GROUP, INC. / ENERGY INTELLIGENCE GROUP (UK) LIMITED.",2009,Yemen,Other Crudes - Yemen,0
Source: Energy Intelligence,"COPYRIGHT © 2001-2021 ENERGY INTELLIGENCE GROUP, INC. / ENERGY INTELLIGENCE GROUP (UK) LIMITED.",2008,Yemen,Other Crudes - Yemen,0
Source: Energy Intelligence,"COPYRIGHT © 2001-2021 ENERGY INTELLIGENCE GROUP, INC. / ENERGY INTELLIGENCE GROUP (UK) LIMITED.",2007,Yemen,Other Crudes - Yemen,0
Source: Energy Intelligence,"COPYRIGHT © 2001-2021 ENERGY INTELLIGENCE GROUP, INC. / ENERGY INTELLIGENCE GROUP (UK) LIMITED.",2006,Yemen,Other Crudes - Yemen,0
Source: Energy Intelligence,"COPYRIGHT © 2001-2021 ENERGY INTELLIGENCE GROUP, INC. / ENERGY INTELLIGENCE GROUP (UK) LIMITED.",2015,Saudi Arabia,Other Crudes - Saudi Arabia,0
Source: Energy Intelligence,"COPYRIGHT © 2001-2021 ENERGY INTELLIGENCE GROUP, INC. / ENERGY INTELLIGENCE GROUP (UK) LIMITED.",2014,Saudi Arabia,Other Crudes - Saudi Arabia,0
Source: Energy Intelligence,"COPYRIGHT © 2001-2021 ENERGY INTELLIGENCE GROUP, INC. / ENERGY INTELLIGENCE GROUP (UK) LIMITED.",2013,Saudi Arabia,Other Crudes - Saudi Arabia,0
Source: Energy Intelligence,"COPYRIGHT © 2001-2021 ENERGY INTELLIGENCE GROUP, INC. / ENERGY INTELLIGENCE GROUP (UK) LIMITED.",2012,Saudi Arabia,Other Crudes - Saudi Arabia,0
Source: Energy Intelligence,"COPYRIGHT © 2001-2021 ENERGY INTELLIGENCE GROUP, INC. / ENERGY INTELLIGENCE GROUP (UK) LIMITED.",2011,Saudi Arabia,Other Crudes - Saudi Arabia,0
Source: Energy Intelligence,"COPYRIGHT © 2001-2021 ENERGY INTELLIGENCE GROUP, INC. / ENERGY INTELLIGENCE GROUP (UK) LIMITED.",2010,Saudi Arabia,Other Crudes - Saudi Arabia,0
Source: Energy Intelligence,"COPYRIGHT © 2001-2021 ENERGY INTELLIGENCE GROUP, INC. / ENERGY INTELLIGENCE GROUP (UK) LIMITED.",2009,Saudi Arabia,Other Crudes - Saudi Arabia,0
Source: Energy Intelligence,"COPYRIGHT © 2001-2021 ENERGY INTELLIGENCE GROUP, INC. / ENERGY INTELLIGENCE GROUP (UK) LIMITED.",2008,Saudi Arabia,Other Crudes - Saudi Arabia,0
Source: Energy Intelligence,"COPYRIGHT © 2001-2021 ENERGY INTELLIGENCE GROUP, INC. / ENERGY INTELLIGENCE GROUP (UK) LIMITED.",2007,Saudi Arabia,Other Crudes - Saudi Arabia,0
Source: Energy Intelligence,"COPYRIGHT © 2001-2021 ENERGY INTELLIGENCE GROUP, INC. / ENERGY INTELLIGENCE GROUP (UK) LIMITED.",2006,Saudi Arabia,Other Crudes - Saudi Arabia,0
Source: Energy Intelligence,"COPYRIGHT © 2001-2021 ENERGY INTELLIGENCE GROUP, INC. / ENERGY INTELLIGENCE GROUP (UK) LIMITED.",2021,Papua New Guinea,Other Crudes - Papua New Guinea,0
Source: Energy Intelligence,"COPYRIGHT © 2001-2021 ENERGY INTELLIGENCE GROUP, INC. / ENERGY INTELLIGENCE GROUP (UK) LIMITED.",2020,Papua New Guinea,Other Crudes - Papua New Guinea,0
Source: Energy Intelligence,"COPYRIGHT © 2001-2021 ENERGY INTELLIGENCE GROUP, INC. / ENERGY INTELLIGENCE GROUP (UK) LIMITED.",2019,Papua New Guinea,Other Crudes - Papua New Guinea,0
Source: Energy Intelligence,"COPYRIGHT © 2001-2021 ENERGY INTELLIGENCE GROUP, INC. / ENERGY INTELLIGENCE GROUP (UK) LIMITED.",2018,Papua New Guinea,Other Crudes - Papua New Guinea,0
Source: Energy Intelligence,"COPYRIGHT © 2001-2021 ENERGY INTELLIGENCE GROUP, INC. / ENERGY INTELLIGENCE GROUP (UK) LIMITED.",2010,Papua New Guinea,Other Crudes - Papua New Guinea,
Source: Energy Intelligence,"COPYRIGHT © 2001-2021 ENERGY INTELLIGENCE GROUP, INC. / ENERGY INTELLIGENCE GROUP (UK) LIMITED.",2009,Papua New Guinea,Other Crudes - Papua New Guinea,
Source: Energy Intelligence,"COPYRIGHT © 2001-2021 ENERGY INTELLIGENCE GROUP, INC. / ENERGY INTELLIGENCE GROUP (UK) LIMITED.",2008,Papua New Guinea,Other Crudes - Papua New Guinea,
Source: Energy Intelligence,"COPYRIGHT © 2001-2021 ENERGY INTELLIGENCE GROUP, INC. / ENERGY INTELLIGENCE GROUP (UK) LIMITED.",2007,Papua New Guinea,Other Crudes - Papua New Guinea,
Source: Energy Intelligence,"COPYRIGHT © 2001-2021 ENERGY INTELLIGENCE GROUP, INC. / ENERGY INTELLIGENCE GROUP (UK) LIMITED.",2006,Papua New Guinea,Other Crudes - Papua New Guinea,
Source: Energy Intelligence,"COPYRIGHT © 2001-2021 ENERGY INTELLIGENCE GROUP, INC. / ENERGY INTELLIGENCE GROUP (UK) LIMITED.",2024,Kuwait,Other Crudes - Kuwait,0
Source: Energy Intelligence,"COPYRIGHT © 2001-2021 ENERGY INTELLIGENCE GROUP, INC. / ENERGY INTELLIGENCE GROUP (UK) LIMITED.",2023,Kuwait,Other Crudes - Kuwait,0
Source: Energy Intelligence,"COPYRIGHT © 2001-2021 ENERGY INTELLIGENCE GROUP, INC. / ENERGY INTELLIGENCE GROUP (UK) LIMITED.",2022,Kuwait,Other Crudes - Kuwait,0
Source: Energy Intelligence,"COPYRIGHT © 2001-2021 ENERGY INTELLIGENCE GROUP, INC. / ENERGY INTELLIGENCE GROUP (UK) LIMITED.",2021,Kuwait,Other Crudes - Kuwait,0
Source: Energy Intelligence,"COPYRIGHT © 2001-2021 ENERGY INTELLIGENCE GROUP, INC. / ENERGY INTELLIGENCE GROUP (UK) LIMITED.",2020,Kuwait,Other Crudes - Kuwait,0
Source: Energy Intelligence,"COPYRIGHT © 2001-2021 ENERGY INTELLIGENCE GROUP, INC. / ENERGY INTELLIGENCE GROUP (UK) LIMITED.",2017,Kuwait,Other Crudes - Kuwait,0
Source: Energy Intelligence,"COPYRIGHT © 2001-2021 ENERGY INTELLIGENCE GROUP, INC. / ENERGY INTELLIGENCE GROUP (UK) LIMITED.",2016,Kuwait,Other Crudes - Kuwait,0
Source: Energy Intelligence,"COPYRIGHT © 2001-2021 ENERGY INTELLIGENCE GROUP, INC. / ENERGY INTELLIGENCE GROUP (UK) LIMITED.",2015,Kuwait,Other Crudes - Kuwait,0
Source: Energy Intelligence,"COPYRIGHT © 2001-2021 ENERGY INTELLIGENCE GROUP, INC. / ENERGY INTELLIGENCE GROUP (UK) LIMITED.",2014,Kuwait,Other Crudes - Kuwait,0
Source: Energy Intelligence,"COPYRIGHT © 2001-2021 ENERGY INTELLIGENCE GROUP, INC. / ENERGY INTELLIGENCE GROUP (UK) LIMITED.",2013,Kuwait,Other Crudes - Kuwait,0
Source: Energy Intelligence,"COPYRIGHT © 2001-2021 ENERGY INTELLIGENCE GROUP, INC. / ENERGY INTELLIGENCE GROUP (UK) LIMITED.",2012,Kuwait,Other Crudes - Kuwait,0
Source: Energy Intelligence,"COPYRIGHT © 2001-2021 ENERGY INTELLIGENCE GROUP, INC. / ENERGY INTELLIGENCE GROUP (UK) LIMITED.",2011,Kuwait,Other Crudes - Kuwait,0
Source: Energy Intelligence,"COPYRIGHT © 2001-2021 ENERGY INTELLIGENCE GROUP, INC. / ENERGY INTELLIGENCE GROUP (UK) LIMITED.",2010,Kuwait,Other Crudes - Kuwait,0
Source: Energy Intelligence,"COPYRIGHT © 2001-2021 ENERGY INTELLIGENCE GROUP, INC. / ENERGY INTELLIGENCE GROUP (UK) LIMITED.",2009,Kuwait,Other Crudes - Kuwait,0
Source: Energy Intelligence,"COPYRIGHT © 2001-2021 ENERGY INTELLIGENCE GROUP, INC. / ENERGY INTELLIGENCE GROUP (UK) LIMITED.",2008,Kuwait,Other Crudes - Kuwait,0
Source: Energy Intelligence,"COPYRIGHT © 2001-2021 ENERGY INTELLIGENCE GROUP, INC. / ENERGY INTELLIGENCE GROUP (UK) LIMITED.",2007,Kuwait,Other Crudes - Kuwait,0
Source: Energy Intelligence,"COPYRIGHT © 2001-2021 ENERGY INTELLIGENCE GROUP, INC. / ENERGY INTELLIGENCE GROUP (UK) LIMITED.",2006,Kuwait,Other Crudes - Kuwait,0
Source: Energy Intelligence,"COPYRIGHT © 2001-2021 ENERGY INTELLIGENCE GROUP, INC. / ENERGY INTELLIGENCE GROUP (UK) LIMITED.",2024,Chad,Other Crudes - Chad,0
Source: Energy Intelligence,"COPYRIGHT © 2001-2021 ENERGY INTELLIGENCE GROUP, INC. / ENERGY INTELLIGENCE GROUP (UK) LIMITED.",2023,Chad,Other Crudes - Chad,0
Source: Energy Intelligence,"COPYRIGHT © 2001-2021 ENERGY INTELLIGENCE GROUP, INC. / ENERGY INTELLIGENCE GROUP (UK) LIMITED.",2022,Chad,Other Crudes - Chad,0
Source: Energy Intelligence,"COPYRIGHT © 2001-2021 ENERGY INTELLIGENCE GROUP, INC. / ENERGY INTELLIGENCE GROUP (UK) LIMITED.",2021,Chad,Other Crudes - Chad,0
Source: Energy Intelligence,"COPYRIGHT © 2001-2021 ENERGY INTELLIGENCE GROUP, INC. / ENERGY INTELLIGENCE GROUP (UK) LIMITED.",2020,Chad,Other Crudes - Chad,0
Source: Energy Intelligence,"COPYRIGHT © 2001-2021 ENERGY INTELLIGENCE GROUP, INC. / ENERGY INTELLIGENCE GROUP (UK) LIMITED.",2019,Chad,Other Crudes - Chad,0
Source: Energy Intelligence,"COPYRIGHT © 2001-2021 ENERGY INTELLIGENCE GROUP, INC. / ENERGY INTELLIGENCE GROUP (UK) LIMITED.",2018,Chad,Other Crudes - Chad,0
Source: Energy Intelligence,"COPYRIGHT © 2001-2021 ENERGY INTELLIGENCE GROUP, INC. / ENERGY INTELLIGENCE GROUP (UK) LIMITED.",2017,Chad,Other Crudes - Chad,0
Source: Energy Intelligence,"COPYRIGHT © 2001-2021 ENERGY INTELLIGENCE GROUP, INC. / ENERGY INTELLIGENCE GROUP (UK) LIMITED.",2016,Chad,Other Crudes - Chad,0
Source: Energy Intelligence,"COPYRIGHT © 2001-2021 ENERGY INTELLIGENCE GROUP, INC. / ENERGY INTELLIGENCE GROUP (UK) LIMITED.",2015,Chad,Other Crudes - Chad,0
Source: Energy Intelligence,"COPYRIGHT © 2001-2021 ENERGY INTELLIGENCE GROUP, INC. / ENERGY INTELLIGENCE GROUP (UK) LIMITED.",2014,Chad,Other Crudes - Chad,0
Source: Energy Intelligence,"COPYRIGHT © 2001-2021 ENERGY INTELLIGENCE GROUP, INC. / ENERGY INTELLIGENCE GROUP (UK) LIMITED.",2013,Chad,Other Crudes - Chad,0
Source: Energy Intelligence,"COPYRIGHT © 2001-2021 ENERGY INTELLIGENCE GROUP, INC. / ENERGY INTELLIGENCE GROUP (UK) LIMITED.",2012,Chad,Other Crudes - Chad,0
Source: Energy Intelligence,"COPYRIGHT © 2001-2021 ENERGY INTELLIGENCE GROUP, INC. / ENERGY INTELLIGENCE GROUP (UK) LIMITED.",2011,Chad,Other Crudes - Chad,0
Source: Energy Intelligence,"COPYRIGHT © 2001-2021 ENERGY INTELLIGENCE GROUP, INC. / ENERGY INTELLIGENCE GROUP (UK) LIMITED.",2010,Chad,Other Crudes - Chad,0
Source: Energy Intelligence,"COPYRIGHT © 2001-2021 ENERGY INTELLIGENCE GROUP, INC. / ENERGY INTELLIGENCE GROUP (UK) LIMITED.",2009,Chad,Other Crudes - Chad,0
Source: Energy Intelligence,"COPYRIGHT © 2001-2021 ENERGY INTELLIGENCE GROUP, INC. / ENERGY INTELLIGENCE GROUP (UK) LIMITED.",2008,Chad,Other Crudes - Chad,0
Source: Energy Intelligence,"COPYRIGHT © 2001-2021 ENERGY INTELLIGENCE GROUP, INC. / ENERGY INTELLIGENCE GROUP (UK) LIMITED.",2007,Chad,Other Crudes - Chad,0
Source: Energy Intelligence,"COPYRIGHT © 2001-2021 ENERGY INTELLIGENCE GROUP, INC. / ENERGY INTELLIGENCE GROUP (UK) LIMITED.",2006,Chad,Other Crudes - Chad,0
Source: Energy Intelligence,"COPYRIGHT © 2001-2021 ENERGY INTELLIGENCE GROUP, INC. / ENERGY INTELLIGENCE GROUP (UK) LIMITED.",2023,United States,HOOPS Blend,0
Source: Energy Intelligence,"COPYRIGHT © 2001-2021 ENERGY INTELLIGENCE GROUP, INC. / ENERGY INTELLIGENCE GROUP (UK) LIMITED.",2022,United States,HOOPS Blend,
Source: Energy Intelligence,"COPYRIGHT © 2001-2021 ENERGY INTELLIGENCE GROUP, INC. / ENERGY INTELLIGENCE GROUP (UK) LIMITED.",2021,United States,HOOPS Blend,
Source: Energy Intelligence,"COPYRIGHT © 2001-2021 ENERGY INTELLIGENCE GROUP, INC. / ENERGY INTELLIGENCE GROUP (UK) LIMITED.",2020,United States,HOOPS Blend,
Source: Energy Intelligence,"COPYRIGHT © 2001-2021 ENERGY INTELLIGENCE GROUP, INC. / ENERGY INTELLIGENCE GROUP (UK) LIMITED.",2019,United States,HOOPS Blend,
Source: Energy Intelligence,"COPYRIGHT © 2001-2021 ENERGY INTELLIGENCE GROUP, INC. / ENERGY INTELLIGENCE GROUP (UK) LIMITED.",2018,United States,HOOPS Blend,
Source: Energy Intelligence,"COPYRIGHT © 2001-2021 ENERGY INTELLIGENCE GROUP, INC. / ENERGY INTELLIGENCE GROUP (UK) LIMITED.",2017,United States,HOOPS Blend,
Source: Energy Intelligence,"COPYRIGHT © 2001-2021 ENERGY INTELLIGENCE GROUP, INC. / ENERGY INTELLIGENCE GROUP (UK) LIMITED.",2016,United States,HOOPS Blend,
Source: Energy Intelligence,"COPYRIGHT © 2001-2021 ENERGY INTELLIGENCE GROUP, INC. / ENERGY INTELLIGENCE GROUP (UK) LIMITED.",2015,United States,HOOPS Blend,
Source: Energy Intelligence,"COPYRIGHT © 2001-2021 ENERGY INTELLIGENCE GROUP, INC. / ENERGY INTELLIGENCE GROUP (UK) LIMITED.",2014,United States,HOOPS Blend,
Source: Energy Intelligence,"COPYRIGHT © 2001-2021 ENERGY INTELLIGENCE GROUP, INC. / ENERGY INTELLIGENCE GROUP (UK) LIMITED.",2013,United States,HOOPS Blend,
Source: Energy Intelligence,"COPYRIGHT © 2001-2021 ENERGY INTELLIGENCE GROUP, INC. / ENERGY INTELLIGENCE GROUP (UK) LIMITED.",2012,United States,HOOPS Blend,
Source: Energy Intelligence,"COPYRIGHT © 2001-2021 ENERGY INTELLIGENCE GROUP, INC. / ENERGY INTELLIGENCE GROUP (UK) LIMITED.",2011,United States,HOOPS Blend,
Source: Energy Intelligence,"COPYRIGHT © 2001-2021 ENERGY INTELLIGENCE GROUP, INC. / ENERGY INTELLIGENCE GROUP (UK) LIMITED.",2010,United States,HOOPS Blend,
Source: Energy Intelligence,"COPYRIGHT © 2001-2021 ENERGY INTELLIGENCE GROUP, INC. / ENERGY INTELLIGENCE GROUP (UK) LIMITED.",2009,United States,HOOPS Blend,
Source: Energy Intelligence,"COPYRIGHT © 2001-2021 ENERGY INTELLIGENCE GROUP, INC. / ENERGY INTELLIGENCE GROUP (UK) LIMITED.",2008,United States,HOOPS Blend,
Source: Energy Intelligence,"COPYRIGHT © 2001-2021 ENERGY INTELLIGENCE GROUP, INC. / ENERGY INTELLIGENCE GROUP (UK) LIMITED.",2007,United States,HOOPS Blend,
Source: Energy Intelligence,"COPYRIGHT © 2001-2021 ENERGY INTELLIGENCE GROUP, INC. / ENERGY INTELLIGENCE GROUP (UK) LIMITED.",2006,United States,HOOPS Blend,
Source: Energy Intelligence,"COPYRIGHT © 2001-2021 ENERGY INTELLIGENCE GROUP, INC. / ENERGY INTELLIGENCE GROUP (UK) LIMITED.",2024,Iran,Doroud,0
Source: Energy Intelligence,"COPYRIGHT © 2001-2021 ENERGY INTELLIGENCE GROUP, INC. / ENERGY INTELLIGENCE GROUP (UK) LIMITED.",2023,Iran,Doroud,0
Source: Energy Intelligence,"COPYRIGHT © 2001-2021 ENERGY INTELLIGENCE GROUP, INC. / ENERGY INTELLIGENCE GROUP (UK) LIMITED.",2022,Iran,Doroud,0
Source: Energy Intelligence,"COPYRIGHT © 2001-2021 ENERGY INTELLIGENCE GROUP, INC. / ENERGY INTELLIGENCE GROUP (UK) LIMITED.",2021,Iran,Doroud,0
Source: Energy Intelligence,"COPYRIGHT © 2001-2021 ENERGY INTELLIGENCE GROUP, INC. / ENERGY INTELLIGENCE GROUP (UK) LIMITED.",2020,Iran,Doroud,0
Source: Energy Intelligence,"COPYRIGHT © 2001-2021 ENERGY INTELLIGENCE GROUP, INC. / ENERGY INTELLIGENCE GROUP (UK) LIMITED.",2019,Iran,Doroud,0
Source: Energy Intelligence,"COPYRIGHT © 2001-2021 ENERGY INTELLIGENCE GROUP, INC. / ENERGY INTELLIGENCE GROUP (UK) LIMITED.",2018,Iran,Doroud,0
Source: Energy Intelligence,"COPYRIGHT © 2001-2021 ENERGY INTELLIGENCE GROUP, INC. / ENERGY INTELLIGENCE GROUP (UK) LIMITED.",2017,Iran,Doroud,0
Source: Energy Intelligence,"COPYRIGHT © 2001-2021 ENERGY INTELLIGENCE GROUP, INC. / ENERGY INTELLIGENCE GROUP (UK) LIMITED.",2016,Iran,Doroud,0
Source: Energy Intelligence,"COPYRIGHT © 2001-2021 ENERGY INTELLIGENCE GROUP, INC. / ENERGY INTELLIGENCE GROUP (UK) LIMITED.",2015,Iran,Doroud,0
Source: Energy Intelligence,"COPYRIGHT © 2001-2021 ENERGY INTELLIGENCE GROUP, INC. / ENERGY INTELLIGENCE GROUP (UK) LIMITED.",2014,Iran,Doroud,0
Source: Energy Intelligence,"COPYRIGHT © 2001-2021 ENERGY INTELLIGENCE GROUP, INC. / ENERGY INTELLIGENCE GROUP (UK) LIMITED.",2013,Iran,Doroud,0
Source: Energy Intelligence,"COPYRIGHT © 2001-2021 ENERGY INTELLIGENCE GROUP, INC. / ENERGY INTELLIGENCE GROUP (UK) LIMITED.",2012,Iran,Doroud,
Source: Energy Intelligence,"COPYRIGHT © 2001-2021 ENERGY INTELLIGENCE GROUP, INC. / ENERGY INTELLIGENCE GROUP (UK) LIMITED.",2011,Iran,Doroud,
Source: Energy Intelligence,"COPYRIGHT © 2001-2021 ENERGY INTELLIGENCE GROUP, INC. / ENERGY INTELLIGENCE GROUP (UK) LIMITED.",2010,Iran,Doroud,
Source: Energy Intelligence,"COPYRIGHT © 2001-2021 ENERGY INTELLIGENCE GROUP, INC. / ENERGY INTELLIGENCE GROUP (UK) LIMITED.",2009,Iran,Doroud,
Source: Energy Intelligence,"COPYRIGHT © 2001-2021 ENERGY INTELLIGENCE GROUP, INC. / ENERGY INTELLIGENCE GROUP (UK) LIMITED.",2008,Iran,Doroud,
Source: Energy Intelligence,"COPYRIGHT © 2001-2021 ENERGY INTELLIGENCE GROUP, INC. / ENERGY INTELLIGENCE GROUP (UK) LIMITED.",2007,Iran,Doroud,
Source: Energy Intelligence,"COPYRIGHT © 2001-2021 ENERGY INTELLIGENCE GROUP, INC. / ENERGY INTELLIGENCE GROUP (UK) LIMITED.",2006,Iran,Doroud,
Source: Energy Intelligence,"COPYRIGHT © 2001-2021 ENERGY INTELLIGENCE GROUP, INC. / ENERGY INTELLIGENCE GROUP (UK) LIMITED.",2024,China,Changqing,
Source: Energy Intelligence,"COPYRIGHT © 2001-2021 ENERGY INTELLIGENCE GROUP, INC. / ENERGY INTELLIGENCE GROUP (UK) LIMITED.",2023,China,Changqing,
Source: Energy Intelligence,"COPYRIGHT © 2001-2021 ENERGY INTELLIGENCE GROUP, INC. / ENERGY INTELLIGENCE GROUP (UK) LIMITED.",2022,China,Changqing,
Source: Energy Intelligence,"COPYRIGHT © 2001-2021 ENERGY INTELLIGENCE GROUP, INC. / ENERGY INTELLIGENCE GROUP (UK) LIMITED.",2021,China,Changqing,
Source: Energy Intelligence,"COPYRIGHT © 2001-2021 ENERGY INTELLIGENCE GROUP, INC. / ENERGY INTELLIGENCE GROUP (UK) LIMITED.",2020,China,Changqing,
Source: Energy Intelligence,"COPYRIGHT © 2001-2021 ENERGY INTELLIGENCE GROUP, INC. / ENERGY INTELLIGENCE GROUP (UK) LIMITED.",2019,China,Changqing,
Source: Energy Intelligence,"COPYRIGHT © 2001-2021 ENERGY INTELLIGENCE GROUP, INC. / ENERGY INTELLIGENCE GROUP (UK) LIMITED.",2018,China,Changqing,
Source: Energy Intelligence,"COPYRIGHT © 2001-2021 ENERGY INTELLIGENCE GROUP, INC. / ENERGY INTELLIGENCE GROUP (UK) LIMITED.",2017,China,Changqing,
Source: Energy Intelligence,"COPYRIGHT © 2001-2021 ENERGY INTELLIGENCE GROUP, INC. / ENERGY INTELLIGENCE GROUP (UK) LIMITED.",2016,China,Changqing,
Source: Energy Intelligence,"COPYRIGHT © 2001-2021 ENERGY INTELLIGENCE GROUP, INC. / ENERGY INTELLIGENCE GROUP (UK) LIMITED.",2015,China,Changqing,
Source: Energy Intelligence,"COPYRIGHT © 2001-2021 ENERGY INTELLIGENCE GROUP, INC. / ENERGY INTELLIGENCE GROUP (UK) LIMITED.",2014,China,Changqing,
Source: Energy Intelligence,"COPYRIGHT © 2001-2021 ENERGY INTELLIGENCE GROUP, INC. / ENERGY INTELLIGENCE GROUP (UK) LIMITED.",2013,China,Changqing,
Source: Energy Intelligence,"COPYRIGHT © 2001-2021 ENERGY INTELLIGENCE GROUP, INC. / ENERGY INTELLIGENCE GROUP (UK) LIMITED.",2012,China,Changqing,
Source: Energy Intelligence,"COPYRIGHT © 2001-2021 ENERGY INTELLIGENCE GROUP, INC. / ENERGY INTELLIGENCE GROUP (UK) LIMITED.",2011,China,Changqing,
Source: Energy Intelligence,"COPYRIGHT © 2001-2021 ENERGY INTELLIGENCE GROUP, INC. / ENERGY INTELLIGENCE GROUP (UK) LIMITED.",2010,China,Changqing,
Source: Energy Intelligence,"COPYRIGHT © 2001-2021 ENERGY INTELLIGENCE GROUP, INC. / ENERGY INTELLIGENCE GROUP (UK) LIMITED.",2009,China,Changqing,
Source: Energy Intelligence,"COPYRIGHT © 2001-2021 ENERGY INTELLIGENCE GROUP, INC. / ENERGY INTELLIGENCE GROUP (UK) LIMITED.",2008,China,Changqing,0
Source: Energy Intelligence,"COPYRIGHT © 2001-2021 ENERGY INTELLIGENCE GROUP, INC. / ENERGY INTELLIGENCE GROUP (UK) LIMITED.",2010,Brazil,Cachalote,0
Source: Energy Intelligence,"COPYRIGHT © 2001-2021 ENERGY INTELLIGENCE GROUP, INC. / ENERGY INTELLIGENCE GROUP (UK) LIMITED.",2006,Indonesia,Ardjuna,0
Source: Energy Intelligence,"COPYRIGHT © 2001-2021 ENERGY INTELLIGENCE GROUP, INC. / ENERGY INTELLIGENCE GROUP (UK) LIMITED.",2006,Kazakhstan,Aktobe,0
