Country,Crude,Source,Copyright,Year of Year,Value
Abu Dhabi,Zakum,Source: Energy Intelligence,"COPYRIGHT © 2001-2021 ENERGY INTELLIGENCE GROUP, INC. / ENERGY INTELLIGENCE GROUP (UK) LIMITED.",2006,215
Abu Dhabi,Upper Zakum,Source: Energy Intelligence,"COPYRIGHT © 2001-2021 ENERGY INTELLIGENCE GROUP, INC. / ENERGY INTELLIGENCE GROUP (UK) LIMITED.",2006,535
Abu Dhabi,Umm Shaif,Source: Energy Intelligence,"COPYRIGHT © 2001-2021 ENERGY INTELLIGENCE GROUP, INC. / ENERGY INTELLIGENCE GROUP (UK) LIMITED.",2006,200
Abu Dhabi,Other Crudes - Abu Dhabi,Source: Energy Intelligence,"COPYRIGHT © 2001-2021 ENERGY INTELLIGENCE GROUP, INC. / ENERGY INTELLIGENCE GROUP (UK) LIMITED.",2006,450
Abu Dhabi,Murban,Source: Energy Intelligence,"COPYRIGHT © 2001-2021 ENERGY INTELLIGENCE GROUP, INC. / ENERGY INTELLIGENCE GROUP (UK) LIMITED.",2006,930
Abu Dhabi,Zakum,Source: Energy Intelligence,"COPYRIGHT © 2001-2021 ENERGY INTELLIGENCE GROUP, INC. / ENERGY INTELLIGENCE GROUP (UK) LIMITED.",2007,290
Abu Dhabi,Upper Zakum,Source: Energy Intelligence,"COPYRIGHT © 2001-2021 ENERGY INTELLIGENCE GROUP, INC. / ENERGY INTELLIGENCE GROUP (UK) LIMITED.",2007,520
Abu Dhabi,Umm Shaif,Source: Energy Intelligence,"COPYRIGHT © 2001-2021 ENERGY INTELLIGENCE GROUP, INC. / ENERGY INTELLIGENCE GROUP (UK) LIMITED.",2007,170
Abu Dhabi,Other Crudes - Abu Dhabi,Source: Energy Intelligence,"COPYRIGHT © 2001-2021 ENERGY INTELLIGENCE GROUP, INC. / ENERGY INTELLIGENCE GROUP (UK) LIMITED.",2007,85
Abu Dhabi,Murban,Source: Energy Intelligence,"COPYRIGHT © 2001-2021 ENERGY INTELLIGENCE GROUP, INC. / ENERGY INTELLIGENCE GROUP (UK) LIMITED.",2007,1200
Abu Dhabi,Zakum,Source: Energy Intelligence,"COPYRIGHT © 2001-2021 ENERGY INTELLIGENCE GROUP, INC. / ENERGY INTELLIGENCE GROUP (UK) LIMITED.",2008,300
Abu Dhabi,Upper Zakum,Source: Energy Intelligence,"COPYRIGHT © 2001-2021 ENERGY INTELLIGENCE GROUP, INC. / ENERGY INTELLIGENCE GROUP (UK) LIMITED.",2008,520
Abu Dhabi,Umm Shaif,Source: Energy Intelligence,"COPYRIGHT © 2001-2021 ENERGY INTELLIGENCE GROUP, INC. / ENERGY INTELLIGENCE GROUP (UK) LIMITED.",2008,160
Abu Dhabi,Other Crudes - Abu Dhabi,Source: Energy Intelligence,"COPYRIGHT © 2001-2021 ENERGY INTELLIGENCE GROUP, INC. / ENERGY INTELLIGENCE GROUP (UK) LIMITED.",2008,82
Abu Dhabi,Murban,Source: Energy Intelligence,"COPYRIGHT © 2001-2021 ENERGY INTELLIGENCE GROUP, INC. / ENERGY INTELLIGENCE GROUP (UK) LIMITED.",2008,1200
Abu Dhabi,Zakum,Source: Energy Intelligence,"COPYRIGHT © 2001-2021 ENERGY INTELLIGENCE GROUP, INC. / ENERGY INTELLIGENCE GROUP (UK) LIMITED.",2009,225
Abu Dhabi,Upper Zakum,Source: Energy Intelligence,"COPYRIGHT © 2001-2021 ENERGY INTELLIGENCE GROUP, INC. / ENERGY INTELLIGENCE GROUP (UK) LIMITED.",2009,455
Abu Dhabi,Umm Shaif,Source: Energy Intelligence,"COPYRIGHT © 2001-2021 ENERGY INTELLIGENCE GROUP, INC. / ENERGY INTELLIGENCE GROUP (UK) LIMITED.",2009,140
Abu Dhabi,Other Crudes - Abu Dhabi,Source: Energy Intelligence,"COPYRIGHT © 2001-2021 ENERGY INTELLIGENCE GROUP, INC. / ENERGY INTELLIGENCE GROUP (UK) LIMITED.",2009,79
Abu Dhabi,Murban,Source: Energy Intelligence,"COPYRIGHT © 2001-2021 ENERGY INTELLIGENCE GROUP, INC. / ENERGY INTELLIGENCE GROUP (UK) LIMITED.",2009,1000
Abu Dhabi,Zakum,Source: Energy Intelligence,"COPYRIGHT © 2001-2021 ENERGY INTELLIGENCE GROUP, INC. / ENERGY INTELLIGENCE GROUP (UK) LIMITED.",2010,225
Abu Dhabi,Upper Zakum,Source: Energy Intelligence,"COPYRIGHT © 2001-2021 ENERGY INTELLIGENCE GROUP, INC. / ENERGY INTELLIGENCE GROUP (UK) LIMITED.",2010,500
Abu Dhabi,Umm Shaif,Source: Energy Intelligence,"COPYRIGHT © 2001-2021 ENERGY INTELLIGENCE GROUP, INC. / ENERGY INTELLIGENCE GROUP (UK) LIMITED.",2010,180
Abu Dhabi,Other Crudes - Abu Dhabi,Source: Energy Intelligence,"COPYRIGHT © 2001-2021 ENERGY INTELLIGENCE GROUP, INC. / ENERGY INTELLIGENCE GROUP (UK) LIMITED.",2010,154
Abu Dhabi,Murban,Source: Energy Intelligence,"COPYRIGHT © 2001-2021 ENERGY INTELLIGENCE GROUP, INC. / ENERGY INTELLIGENCE GROUP (UK) LIMITED.",2010,1000
Abu Dhabi,Zakum,Source: Energy Intelligence,"COPYRIGHT © 2001-2021 ENERGY INTELLIGENCE GROUP, INC. / ENERGY INTELLIGENCE GROUP (UK) LIMITED.",2011,300
Abu Dhabi,Upper Zakum,Source: Energy Intelligence,"COPYRIGHT © 2001-2021 ENERGY INTELLIGENCE GROUP, INC. / ENERGY INTELLIGENCE GROUP (UK) LIMITED.",2011,500
Abu Dhabi,Umm Shaif,Source: Energy Intelligence,"COPYRIGHT © 2001-2021 ENERGY INTELLIGENCE GROUP, INC. / ENERGY INTELLIGENCE GROUP (UK) LIMITED.",2011,225
Abu Dhabi,Other Crudes - Abu Dhabi,Source: Energy Intelligence,"COPYRIGHT © 2001-2021 ENERGY INTELLIGENCE GROUP, INC. / ENERGY INTELLIGENCE GROUP (UK) LIMITED.",2011,247
Abu Dhabi,Murban,Source: Energy Intelligence,"COPYRIGHT © 2001-2021 ENERGY INTELLIGENCE GROUP, INC. / ENERGY INTELLIGENCE GROUP (UK) LIMITED.",2011,1143
Abu Dhabi,Zakum,Source: Energy Intelligence,"COPYRIGHT © 2001-2021 ENERGY INTELLIGENCE GROUP, INC. / ENERGY INTELLIGENCE GROUP (UK) LIMITED.",2012,300
Abu Dhabi,Upper Zakum,Source: Energy Intelligence,"COPYRIGHT © 2001-2021 ENERGY INTELLIGENCE GROUP, INC. / ENERGY INTELLIGENCE GROUP (UK) LIMITED.",2012,525
Abu Dhabi,Umm Shaif,Source: Energy Intelligence,"COPYRIGHT © 2001-2021 ENERGY INTELLIGENCE GROUP, INC. / ENERGY INTELLIGENCE GROUP (UK) LIMITED.",2012,225
Abu Dhabi,Other Crudes - Abu Dhabi,Source: Energy Intelligence,"COPYRIGHT © 2001-2021 ENERGY INTELLIGENCE GROUP, INC. / ENERGY INTELLIGENCE GROUP (UK) LIMITED.",2012,218
Abu Dhabi,Murban,Source: Energy Intelligence,"COPYRIGHT © 2001-2021 ENERGY INTELLIGENCE GROUP, INC. / ENERGY INTELLIGENCE GROUP (UK) LIMITED.",2012,1138
Abu Dhabi,Zakum,Source: Energy Intelligence,"COPYRIGHT © 2001-2021 ENERGY INTELLIGENCE GROUP, INC. / ENERGY INTELLIGENCE GROUP (UK) LIMITED.",2013,350
Abu Dhabi,Upper Zakum,Source: Energy Intelligence,"COPYRIGHT © 2001-2021 ENERGY INTELLIGENCE GROUP, INC. / ENERGY INTELLIGENCE GROUP (UK) LIMITED.",2013,550
Abu Dhabi,Umm Shaif,Source: Energy Intelligence,"COPYRIGHT © 2001-2021 ENERGY INTELLIGENCE GROUP, INC. / ENERGY INTELLIGENCE GROUP (UK) LIMITED.",2013,250
Abu Dhabi,Other Crudes - Abu Dhabi,Source: Energy Intelligence,"COPYRIGHT © 2001-2021 ENERGY INTELLIGENCE GROUP, INC. / ENERGY INTELLIGENCE GROUP (UK) LIMITED.",2013,213
Abu Dhabi,Murban,Source: Energy Intelligence,"COPYRIGHT © 2001-2021 ENERGY INTELLIGENCE GROUP, INC. / ENERGY INTELLIGENCE GROUP (UK) LIMITED.",2013,1304
Abu Dhabi,Zakum,Source: Energy Intelligence,"COPYRIGHT © 2001-2021 ENERGY INTELLIGENCE GROUP, INC. / ENERGY INTELLIGENCE GROUP (UK) LIMITED.",2014,175.1
Abu Dhabi,Upper Zakum,Source: Energy Intelligence,"COPYRIGHT © 2001-2021 ENERGY INTELLIGENCE GROUP, INC. / ENERGY INTELLIGENCE GROUP (UK) LIMITED.",2014,590
Abu Dhabi,Umm Shaif,Source: Energy Intelligence,"COPYRIGHT © 2001-2021 ENERGY INTELLIGENCE GROUP, INC. / ENERGY INTELLIGENCE GROUP (UK) LIMITED.",2014,107
Abu Dhabi,Other Crudes - Abu Dhabi,Source: Energy Intelligence,"COPYRIGHT © 2001-2021 ENERGY INTELLIGENCE GROUP, INC. / ENERGY INTELLIGENCE GROUP (UK) LIMITED.",2014,168
Abu Dhabi,Murban,Source: Energy Intelligence,"COPYRIGHT © 2001-2021 ENERGY INTELLIGENCE GROUP, INC. / ENERGY INTELLIGENCE GROUP (UK) LIMITED.",2014,1109
Abu Dhabi,Das Blend,Source: Energy Intelligence,"COPYRIGHT © 2001-2021 ENERGY INTELLIGENCE GROUP, INC. / ENERGY INTELLIGENCE GROUP (UK) LIMITED.",2014,318
Abu Dhabi,Zakum,Source: Energy Intelligence,"COPYRIGHT © 2001-2021 ENERGY INTELLIGENCE GROUP, INC. / ENERGY INTELLIGENCE GROUP (UK) LIMITED.",2015,0
Abu Dhabi,Upper Zakum,Source: Energy Intelligence,"COPYRIGHT © 2001-2021 ENERGY INTELLIGENCE GROUP, INC. / ENERGY INTELLIGENCE GROUP (UK) LIMITED.",2015,614
Abu Dhabi,Umm Shaif,Source: Energy Intelligence,"COPYRIGHT © 2001-2021 ENERGY INTELLIGENCE GROUP, INC. / ENERGY INTELLIGENCE GROUP (UK) LIMITED.",2015,0
Abu Dhabi,Other Crudes - Abu Dhabi,Source: Energy Intelligence,"COPYRIGHT © 2001-2021 ENERGY INTELLIGENCE GROUP, INC. / ENERGY INTELLIGENCE GROUP (UK) LIMITED.",2015,98
Abu Dhabi,Murban,Source: Energy Intelligence,"COPYRIGHT © 2001-2021 ENERGY INTELLIGENCE GROUP, INC. / ENERGY INTELLIGENCE GROUP (UK) LIMITED.",2015,1121
Abu Dhabi,Das Blend,Source: Energy Intelligence,"COPYRIGHT © 2001-2021 ENERGY INTELLIGENCE GROUP, INC. / ENERGY INTELLIGENCE GROUP (UK) LIMITED.",2015,582
Abu Dhabi,Upper Zakum,Source: Energy Intelligence,"COPYRIGHT © 2001-2021 ENERGY INTELLIGENCE GROUP, INC. / ENERGY INTELLIGENCE GROUP (UK) LIMITED.",2016,635
Abu Dhabi,Other Crudes - Abu Dhabi,Source: Energy Intelligence,"COPYRIGHT © 2001-2021 ENERGY INTELLIGENCE GROUP, INC. / ENERGY INTELLIGENCE GROUP (UK) LIMITED.",2016,87
Abu Dhabi,Murban,Source: Energy Intelligence,"COPYRIGHT © 2001-2021 ENERGY INTELLIGENCE GROUP, INC. / ENERGY INTELLIGENCE GROUP (UK) LIMITED.",2016,1060
Abu Dhabi,Das Blend,Source: Energy Intelligence,"COPYRIGHT © 2001-2021 ENERGY INTELLIGENCE GROUP, INC. / ENERGY INTELLIGENCE GROUP (UK) LIMITED.",2016,600
Abu Dhabi,Upper Zakum,Source: Energy Intelligence,"COPYRIGHT © 2001-2021 ENERGY INTELLIGENCE GROUP, INC. / ENERGY INTELLIGENCE GROUP (UK) LIMITED.",2017,675
Abu Dhabi,Umm Lulu,Source: Energy Intelligence,"COPYRIGHT © 2001-2021 ENERGY INTELLIGENCE GROUP, INC. / ENERGY INTELLIGENCE GROUP (UK) LIMITED.",2017,0
Abu Dhabi,Other Crudes - Abu Dhabi,Source: Energy Intelligence,"COPYRIGHT © 2001-2021 ENERGY INTELLIGENCE GROUP, INC. / ENERGY INTELLIGENCE GROUP (UK) LIMITED.",2017,18
Abu Dhabi,Murban,Source: Energy Intelligence,"COPYRIGHT © 2001-2021 ENERGY INTELLIGENCE GROUP, INC. / ENERGY INTELLIGENCE GROUP (UK) LIMITED.",2017,1060.72
Abu Dhabi,Das Blend,Source: Energy Intelligence,"COPYRIGHT © 2001-2021 ENERGY INTELLIGENCE GROUP, INC. / ENERGY INTELLIGENCE GROUP (UK) LIMITED.",2017,600
Abu Dhabi,Upper Zakum,Source: Energy Intelligence,"COPYRIGHT © 2001-2021 ENERGY INTELLIGENCE GROUP, INC. / ENERGY INTELLIGENCE GROUP (UK) LIMITED.",2018,675
Abu Dhabi,Umm Lulu,Source: Energy Intelligence,"COPYRIGHT © 2001-2021 ENERGY INTELLIGENCE GROUP, INC. / ENERGY INTELLIGENCE GROUP (UK) LIMITED.",2018,28
Abu Dhabi,Other Crudes - Abu Dhabi,Source: Energy Intelligence,"COPYRIGHT © 2001-2021 ENERGY INTELLIGENCE GROUP, INC. / ENERGY INTELLIGENCE GROUP (UK) LIMITED.",2018,24
Abu Dhabi,Murban,Source: Energy Intelligence,"COPYRIGHT © 2001-2021 ENERGY INTELLIGENCE GROUP, INC. / ENERGY INTELLIGENCE GROUP (UK) LIMITED.",2018,944
Abu Dhabi,Das Blend,Source: Energy Intelligence,"COPYRIGHT © 2001-2021 ENERGY INTELLIGENCE GROUP, INC. / ENERGY INTELLIGENCE GROUP (UK) LIMITED.",2018,600
Abu Dhabi,Upper Zakum,Source: Energy Intelligence,"COPYRIGHT © 2001-2021 ENERGY INTELLIGENCE GROUP, INC. / ENERGY INTELLIGENCE GROUP (UK) LIMITED.",2019,695
Abu Dhabi,Umm Lulu,Source: Energy Intelligence,"COPYRIGHT © 2001-2021 ENERGY INTELLIGENCE GROUP, INC. / ENERGY INTELLIGENCE GROUP (UK) LIMITED.",2019,109
Abu Dhabi,Other Crudes - Abu Dhabi,Source: Energy Intelligence,"COPYRIGHT © 2001-2021 ENERGY INTELLIGENCE GROUP, INC. / ENERGY INTELLIGENCE GROUP (UK) LIMITED.",2019,1
Abu Dhabi,Murban,Source: Energy Intelligence,"COPYRIGHT © 2001-2021 ENERGY INTELLIGENCE GROUP, INC. / ENERGY INTELLIGENCE GROUP (UK) LIMITED.",2019,965
Abu Dhabi,Das Blend,Source: Energy Intelligence,"COPYRIGHT © 2001-2021 ENERGY INTELLIGENCE GROUP, INC. / ENERGY INTELLIGENCE GROUP (UK) LIMITED.",2019,620
Abu Dhabi,Upper Zakum,Source: Energy Intelligence,"COPYRIGHT © 2001-2021 ENERGY INTELLIGENCE GROUP, INC. / ENERGY INTELLIGENCE GROUP (UK) LIMITED.",2020,640
Abu Dhabi,Umm Lulu,Source: Energy Intelligence,"COPYRIGHT © 2001-2021 ENERGY INTELLIGENCE GROUP, INC. / ENERGY INTELLIGENCE GROUP (UK) LIMITED.",2020,100.42
Abu Dhabi,Other Crudes - Abu Dhabi,Source: Energy Intelligence,"COPYRIGHT © 2001-2021 ENERGY INTELLIGENCE GROUP, INC. / ENERGY INTELLIGENCE GROUP (UK) LIMITED.",2020,30.3
Abu Dhabi,Murban,Source: Energy Intelligence,"COPYRIGHT © 2001-2021 ENERGY INTELLIGENCE GROUP, INC. / ENERGY INTELLIGENCE GROUP (UK) LIMITED.",2020,1020
Abu Dhabi,Das Blend,Source: Energy Intelligence,"COPYRIGHT © 2001-2021 ENERGY INTELLIGENCE GROUP, INC. / ENERGY INTELLIGENCE GROUP (UK) LIMITED.",2020,604.92
Abu Dhabi,Upper Zakum,Source: Energy Intelligence,"COPYRIGHT © 2001-2021 ENERGY INTELLIGENCE GROUP, INC. / ENERGY INTELLIGENCE GROUP (UK) LIMITED.",2021,750
Abu Dhabi,Umm Lulu,Source: Energy Intelligence,"COPYRIGHT © 2001-2021 ENERGY INTELLIGENCE GROUP, INC. / ENERGY INTELLIGENCE GROUP (UK) LIMITED.",2021,119
Abu Dhabi,Other Crudes - Abu Dhabi,Source: Energy Intelligence,"COPYRIGHT © 2001-2021 ENERGY INTELLIGENCE GROUP, INC. / ENERGY INTELLIGENCE GROUP (UK) LIMITED.",2021,0
Abu Dhabi,Murban,Source: Energy Intelligence,"COPYRIGHT © 2001-2021 ENERGY INTELLIGENCE GROUP, INC. / ENERGY INTELLIGENCE GROUP (UK) LIMITED.",2021,819
Abu Dhabi,Das Blend,Source: Energy Intelligence,"COPYRIGHT © 2001-2021 ENERGY INTELLIGENCE GROUP, INC. / ENERGY INTELLIGENCE GROUP (UK) LIMITED.",2021,595
Abu Dhabi,Upper Zakum,Source: Energy Intelligence,"COPYRIGHT © 2001-2021 ENERGY INTELLIGENCE GROUP, INC. / ENERGY INTELLIGENCE GROUP (UK) LIMITED.",2022,890
Abu Dhabi,Umm Lulu,Source: Energy Intelligence,"COPYRIGHT © 2001-2021 ENERGY INTELLIGENCE GROUP, INC. / ENERGY INTELLIGENCE GROUP (UK) LIMITED.",2022,158.93
Abu Dhabi,Other Crudes - Abu Dhabi,Source: Energy Intelligence,"COPYRIGHT © 2001-2021 ENERGY INTELLIGENCE GROUP, INC. / ENERGY INTELLIGENCE GROUP (UK) LIMITED.",2022,0
Abu Dhabi,Murban,Source: Energy Intelligence,"COPYRIGHT © 2001-2021 ENERGY INTELLIGENCE GROUP, INC. / ENERGY INTELLIGENCE GROUP (UK) LIMITED.",2022,1084
Abu Dhabi,Das Blend,Source: Energy Intelligence,"COPYRIGHT © 2001-2021 ENERGY INTELLIGENCE GROUP, INC. / ENERGY INTELLIGENCE GROUP (UK) LIMITED.",2022,672.4
Abu Dhabi,Upper Zakum,Source: Energy Intelligence,"COPYRIGHT © 2001-2021 ENERGY INTELLIGENCE GROUP, INC. / ENERGY INTELLIGENCE GROUP (UK) LIMITED.",2023,900
Abu Dhabi,Umm Lulu,Source: Energy Intelligence,"COPYRIGHT © 2001-2021 ENERGY INTELLIGENCE GROUP, INC. / ENERGY INTELLIGENCE GROUP (UK) LIMITED.",2023,174
Abu Dhabi,Murban,Source: Energy Intelligence,"COPYRIGHT © 2001-2021 ENERGY INTELLIGENCE GROUP, INC. / ENERGY INTELLIGENCE GROUP (UK) LIMITED.",2023,1030
Abu Dhabi,Das Blend,Source: Energy Intelligence,"COPYRIGHT © 2001-2021 ENERGY INTELLIGENCE GROUP, INC. / ENERGY INTELLIGENCE GROUP (UK) LIMITED.",2023,663
Abu Dhabi,Upper Zakum,Source: Energy Intelligence,"COPYRIGHT © 2001-2021 ENERGY INTELLIGENCE GROUP, INC. / ENERGY INTELLIGENCE GROUP (UK) LIMITED.",2024,839
Abu Dhabi,Umm Lulu,Source: Energy Intelligence,"COPYRIGHT © 2001-2021 ENERGY INTELLIGENCE GROUP, INC. / ENERGY INTELLIGENCE GROUP (UK) LIMITED.",2024,175
Abu Dhabi,Murban,Source: Energy Intelligence,"COPYRIGHT © 2001-2021 ENERGY INTELLIGENCE GROUP, INC. / ENERGY INTELLIGENCE GROUP (UK) LIMITED.",2024,1106
Abu Dhabi,Das Blend,Source: Energy Intelligence,"COPYRIGHT © 2001-2021 ENERGY INTELLIGENCE GROUP, INC. / ENERGY INTELLIGENCE GROUP (UK) LIMITED.",2024,648
Algeria,Saharan Blend,Source: Energy Intelligence,"COPYRIGHT © 2001-2021 ENERGY INTELLIGENCE GROUP, INC. / ENERGY INTELLIGENCE GROUP (UK) LIMITED.",2006,910
Algeria,Other Crudes - Algeria,Source: Energy Intelligence,"COPYRIGHT © 2001-2021 ENERGY INTELLIGENCE GROUP, INC. / ENERGY INTELLIGENCE GROUP (UK) LIMITED.",2006,34
Algeria,Algerian Condensate,Source: Energy Intelligence,"COPYRIGHT © 2001-2021 ENERGY INTELLIGENCE GROUP, INC. / ENERGY INTELLIGENCE GROUP (UK) LIMITED.",2006,268
Algeria,Saharan Blend,Source: Energy Intelligence,"COPYRIGHT © 2001-2021 ENERGY INTELLIGENCE GROUP, INC. / ENERGY INTELLIGENCE GROUP (UK) LIMITED.",2007,875
Algeria,Other Crudes - Algeria,Source: Energy Intelligence,"COPYRIGHT © 2001-2021 ENERGY INTELLIGENCE GROUP, INC. / ENERGY INTELLIGENCE GROUP (UK) LIMITED.",2007,50
Algeria,Algerian Condensate,Source: Energy Intelligence,"COPYRIGHT © 2001-2021 ENERGY INTELLIGENCE GROUP, INC. / ENERGY INTELLIGENCE GROUP (UK) LIMITED.",2007,259
Algeria,Saharan Blend,Source: Energy Intelligence,"COPYRIGHT © 2001-2021 ENERGY INTELLIGENCE GROUP, INC. / ENERGY INTELLIGENCE GROUP (UK) LIMITED.",2008,820
Algeria,Other Crudes - Algeria,Source: Energy Intelligence,"COPYRIGHT © 2001-2021 ENERGY INTELLIGENCE GROUP, INC. / ENERGY INTELLIGENCE GROUP (UK) LIMITED.",2008,18.84
Algeria,Algerian Condensate,Source: Energy Intelligence,"COPYRIGHT © 2001-2021 ENERGY INTELLIGENCE GROUP, INC. / ENERGY INTELLIGENCE GROUP (UK) LIMITED.",2008,260
Algeria,Saharan Blend,Source: Energy Intelligence,"COPYRIGHT © 2001-2021 ENERGY INTELLIGENCE GROUP, INC. / ENERGY INTELLIGENCE GROUP (UK) LIMITED.",2009,730
Algeria,Other Crudes - Algeria,Source: Energy Intelligence,"COPYRIGHT © 2001-2021 ENERGY INTELLIGENCE GROUP, INC. / ENERGY INTELLIGENCE GROUP (UK) LIMITED.",2009,17
Algeria,Algerian Condensate,Source: Energy Intelligence,"COPYRIGHT © 2001-2021 ENERGY INTELLIGENCE GROUP, INC. / ENERGY INTELLIGENCE GROUP (UK) LIMITED.",2009,210
Algeria,Saharan Blend,Source: Energy Intelligence,"COPYRIGHT © 2001-2021 ENERGY INTELLIGENCE GROUP, INC. / ENERGY INTELLIGENCE GROUP (UK) LIMITED.",2010,630
Algeria,Other Crudes - Algeria,Source: Energy Intelligence,"COPYRIGHT © 2001-2021 ENERGY INTELLIGENCE GROUP, INC. / ENERGY INTELLIGENCE GROUP (UK) LIMITED.",2010,20
Algeria,Algerian Condensate,Source: Energy Intelligence,"COPYRIGHT © 2001-2021 ENERGY INTELLIGENCE GROUP, INC. / ENERGY INTELLIGENCE GROUP (UK) LIMITED.",2010,122
Algeria,Saharan Blend,Source: Energy Intelligence,"COPYRIGHT © 2001-2021 ENERGY INTELLIGENCE GROUP, INC. / ENERGY INTELLIGENCE GROUP (UK) LIMITED.",2011,618
Algeria,Other Crudes - Algeria,Source: Energy Intelligence,"COPYRIGHT © 2001-2021 ENERGY INTELLIGENCE GROUP, INC. / ENERGY INTELLIGENCE GROUP (UK) LIMITED.",2011,20
Algeria,Algerian Condensate,Source: Energy Intelligence,"COPYRIGHT © 2001-2021 ENERGY INTELLIGENCE GROUP, INC. / ENERGY INTELLIGENCE GROUP (UK) LIMITED.",2011,130
Algeria,Saharan Blend,Source: Energy Intelligence,"COPYRIGHT © 2001-2021 ENERGY INTELLIGENCE GROUP, INC. / ENERGY INTELLIGENCE GROUP (UK) LIMITED.",2012,635
Algeria,Other Crudes - Algeria,Source: Energy Intelligence,"COPYRIGHT © 2001-2021 ENERGY INTELLIGENCE GROUP, INC. / ENERGY INTELLIGENCE GROUP (UK) LIMITED.",2012,35
Algeria,Algerian Condensate,Source: Energy Intelligence,"COPYRIGHT © 2001-2021 ENERGY INTELLIGENCE GROUP, INC. / ENERGY INTELLIGENCE GROUP (UK) LIMITED.",2012,123
Algeria,Saharan Blend,Source: Energy Intelligence,"COPYRIGHT © 2001-2021 ENERGY INTELLIGENCE GROUP, INC. / ENERGY INTELLIGENCE GROUP (UK) LIMITED.",2013,588
Algeria,Other Crudes - Algeria,Source: Energy Intelligence,"COPYRIGHT © 2001-2021 ENERGY INTELLIGENCE GROUP, INC. / ENERGY INTELLIGENCE GROUP (UK) LIMITED.",2013,34
Algeria,Algerian Condensate,Source: Energy Intelligence,"COPYRIGHT © 2001-2021 ENERGY INTELLIGENCE GROUP, INC. / ENERGY INTELLIGENCE GROUP (UK) LIMITED.",2013,123
Algeria,Saharan Blend,Source: Energy Intelligence,"COPYRIGHT © 2001-2021 ENERGY INTELLIGENCE GROUP, INC. / ENERGY INTELLIGENCE GROUP (UK) LIMITED.",2014,465.54
Algeria,Other Crudes - Algeria,Source: Energy Intelligence,"COPYRIGHT © 2001-2021 ENERGY INTELLIGENCE GROUP, INC. / ENERGY INTELLIGENCE GROUP (UK) LIMITED.",2014,157.22
Algeria,Algerian Condensate,Source: Energy Intelligence,"COPYRIGHT © 2001-2021 ENERGY INTELLIGENCE GROUP, INC. / ENERGY INTELLIGENCE GROUP (UK) LIMITED.",2014,109.24
Algeria,Saharan Blend,Source: Energy Intelligence,"COPYRIGHT © 2001-2021 ENERGY INTELLIGENCE GROUP, INC. / ENERGY INTELLIGENCE GROUP (UK) LIMITED.",2015,463.04
Algeria,Other Crudes - Algeria,Source: Energy Intelligence,"COPYRIGHT © 2001-2021 ENERGY INTELLIGENCE GROUP, INC. / ENERGY INTELLIGENCE GROUP (UK) LIMITED.",2015,178.93
Algeria,Algerian Condensate,Source: Energy Intelligence,"COPYRIGHT © 2001-2021 ENERGY INTELLIGENCE GROUP, INC. / ENERGY INTELLIGENCE GROUP (UK) LIMITED.",2015,114.03
Algeria,Saharan Blend,Source: Energy Intelligence,"COPYRIGHT © 2001-2021 ENERGY INTELLIGENCE GROUP, INC. / ENERGY INTELLIGENCE GROUP (UK) LIMITED.",2016,421.35
Algeria,Other Crudes - Algeria,Source: Energy Intelligence,"COPYRIGHT © 2001-2021 ENERGY INTELLIGENCE GROUP, INC. / ENERGY INTELLIGENCE GROUP (UK) LIMITED.",2016,83.75
Algeria,Algerian Condensate,Source: Energy Intelligence,"COPYRIGHT © 2001-2021 ENERGY INTELLIGENCE GROUP, INC. / ENERGY INTELLIGENCE GROUP (UK) LIMITED.",2016,104.9
Algeria,Saharan Blend,Source: Energy Intelligence,"COPYRIGHT © 2001-2021 ENERGY INTELLIGENCE GROUP, INC. / ENERGY INTELLIGENCE GROUP (UK) LIMITED.",2017,414.91
Algeria,Other Crudes - Algeria,Source: Energy Intelligence,"COPYRIGHT © 2001-2021 ENERGY INTELLIGENCE GROUP, INC. / ENERGY INTELLIGENCE GROUP (UK) LIMITED.",2017,81.09
Algeria,Algerian Condensate,Source: Energy Intelligence,"COPYRIGHT © 2001-2021 ENERGY INTELLIGENCE GROUP, INC. / ENERGY INTELLIGENCE GROUP (UK) LIMITED.",2017,84
Algeria,Saharan Blend,Source: Energy Intelligence,"COPYRIGHT © 2001-2021 ENERGY INTELLIGENCE GROUP, INC. / ENERGY INTELLIGENCE GROUP (UK) LIMITED.",2018,402.91
Algeria,Other Crudes - Algeria,Source: Energy Intelligence,"COPYRIGHT © 2001-2021 ENERGY INTELLIGENCE GROUP, INC. / ENERGY INTELLIGENCE GROUP (UK) LIMITED.",2018,32.74
Algeria,Algerian Condensate,Source: Energy Intelligence,"COPYRIGHT © 2001-2021 ENERGY INTELLIGENCE GROUP, INC. / ENERGY INTELLIGENCE GROUP (UK) LIMITED.",2018,86.35
Algeria,Saharan Blend,Source: Energy Intelligence,"COPYRIGHT © 2001-2021 ENERGY INTELLIGENCE GROUP, INC. / ENERGY INTELLIGENCE GROUP (UK) LIMITED.",2019,406.64
Algeria,Other Crudes - Algeria,Source: Energy Intelligence,"COPYRIGHT © 2001-2021 ENERGY INTELLIGENCE GROUP, INC. / ENERGY INTELLIGENCE GROUP (UK) LIMITED.",2019,32.74
Algeria,Algerian Condensate,Source: Energy Intelligence,"COPYRIGHT © 2001-2021 ENERGY INTELLIGENCE GROUP, INC. / ENERGY INTELLIGENCE GROUP (UK) LIMITED.",2019,86.35
Algeria,Saharan Blend,Source: Energy Intelligence,"COPYRIGHT © 2001-2021 ENERGY INTELLIGENCE GROUP, INC. / ENERGY INTELLIGENCE GROUP (UK) LIMITED.",2020,357.35
Algeria,Other Crudes - Algeria,Source: Energy Intelligence,"COPYRIGHT © 2001-2021 ENERGY INTELLIGENCE GROUP, INC. / ENERGY INTELLIGENCE GROUP (UK) LIMITED.",2020,7.75
Algeria,Algerian Condensate,Source: Energy Intelligence,"COPYRIGHT © 2001-2021 ENERGY INTELLIGENCE GROUP, INC. / ENERGY INTELLIGENCE GROUP (UK) LIMITED.",2020,79.7
Algeria,Saharan Blend,Source: Energy Intelligence,"COPYRIGHT © 2001-2021 ENERGY INTELLIGENCE GROUP, INC. / ENERGY INTELLIGENCE GROUP (UK) LIMITED.",2021,342.19
Algeria,Other Crudes - Algeria,Source: Energy Intelligence,"COPYRIGHT © 2001-2021 ENERGY INTELLIGENCE GROUP, INC. / ENERGY INTELLIGENCE GROUP (UK) LIMITED.",2021,36.81
Algeria,Algerian Condensate,Source: Energy Intelligence,"COPYRIGHT © 2001-2021 ENERGY INTELLIGENCE GROUP, INC. / ENERGY INTELLIGENCE GROUP (UK) LIMITED.",2021,71.4
Algeria,Saharan Blend,Source: Energy Intelligence,"COPYRIGHT © 2001-2021 ENERGY INTELLIGENCE GROUP, INC. / ENERGY INTELLIGENCE GROUP (UK) LIMITED.",2022,384.38
Algeria,Other Crudes - Algeria,Source: Energy Intelligence,"COPYRIGHT © 2001-2021 ENERGY INTELLIGENCE GROUP, INC. / ENERGY INTELLIGENCE GROUP (UK) LIMITED.",2022,0
Algeria,Algerian Condensate,Source: Energy Intelligence,"COPYRIGHT © 2001-2021 ENERGY INTELLIGENCE GROUP, INC. / ENERGY INTELLIGENCE GROUP (UK) LIMITED.",2022,65
Algeria,Saharan Blend,Source: Energy Intelligence,"COPYRIGHT © 2001-2021 ENERGY INTELLIGENCE GROUP, INC. / ENERGY INTELLIGENCE GROUP (UK) LIMITED.",2023,367.1
Algeria,Other Crudes - Algeria,Source: Energy Intelligence,"COPYRIGHT © 2001-2021 ENERGY INTELLIGENCE GROUP, INC. / ENERGY INTELLIGENCE GROUP (UK) LIMITED.",2023,32.54
Algeria,Algerian Condensate,Source: Energy Intelligence,"COPYRIGHT © 2001-2021 ENERGY INTELLIGENCE GROUP, INC. / ENERGY INTELLIGENCE GROUP (UK) LIMITED.",2023,68.3
Algeria,Saharan Blend,Source: Energy Intelligence,"COPYRIGHT © 2001-2021 ENERGY INTELLIGENCE GROUP, INC. / ENERGY INTELLIGENCE GROUP (UK) LIMITED.",2024,339.4
Algeria,Other Crudes - Algeria,Source: Energy Intelligence,"COPYRIGHT © 2001-2021 ENERGY INTELLIGENCE GROUP, INC. / ENERGY INTELLIGENCE GROUP (UK) LIMITED.",2024,61.4
Algeria,Algerian Condensate,Source: Energy Intelligence,"COPYRIGHT © 2001-2021 ENERGY INTELLIGENCE GROUP, INC. / ENERGY INTELLIGENCE GROUP (UK) LIMITED.",2024,66.65
Angola,Palanca Blend,Source: Energy Intelligence,"COPYRIGHT © 2001-2021 ENERGY INTELLIGENCE GROUP, INC. / ENERGY INTELLIGENCE GROUP (UK) LIMITED.",2006,98.14
Angola,Other Crudes - Angola,Source: Energy Intelligence,"COPYRIGHT © 2001-2021 ENERGY INTELLIGENCE GROUP, INC. / ENERGY INTELLIGENCE GROUP (UK) LIMITED.",2006,49.25
Angola,Nemba,Source: Energy Intelligence,"COPYRIGHT © 2001-2021 ENERGY INTELLIGENCE GROUP, INC. / ENERGY INTELLIGENCE GROUP (UK) LIMITED.",2006,223.86
Angola,Kuito,Source: Energy Intelligence,"COPYRIGHT © 2001-2021 ENERGY INTELLIGENCE GROUP, INC. / ENERGY INTELLIGENCE GROUP (UK) LIMITED.",2006,44.25
Angola,Kissanje Blend,Source: Energy Intelligence,"COPYRIGHT © 2001-2021 ENERGY INTELLIGENCE GROUP, INC. / ENERGY INTELLIGENCE GROUP (UK) LIMITED.",2006,262.88
Angola,Hungo,Source: Energy Intelligence,"COPYRIGHT © 2001-2021 ENERGY INTELLIGENCE GROUP, INC. / ENERGY INTELLIGENCE GROUP (UK) LIMITED.",2006,257.67
Angola,Girassol,Source: Energy Intelligence,"COPYRIGHT © 2001-2021 ENERGY INTELLIGENCE GROUP, INC. / ENERGY INTELLIGENCE GROUP (UK) LIMITED.",2006,206.99
Angola,Cabinda,Source: Energy Intelligence,"COPYRIGHT © 2001-2021 ENERGY INTELLIGENCE GROUP, INC. / ENERGY INTELLIGENCE GROUP (UK) LIMITED.",2006,210.96
Angola,Plutonio,Source: Energy Intelligence,"COPYRIGHT © 2001-2021 ENERGY INTELLIGENCE GROUP, INC. / ENERGY INTELLIGENCE GROUP (UK) LIMITED.",2007,32.33
Angola,Palanca Blend,Source: Energy Intelligence,"COPYRIGHT © 2001-2021 ENERGY INTELLIGENCE GROUP, INC. / ENERGY INTELLIGENCE GROUP (UK) LIMITED.",2007,92.38
Angola,Other Crudes - Angola,Source: Energy Intelligence,"COPYRIGHT © 2001-2021 ENERGY INTELLIGENCE GROUP, INC. / ENERGY INTELLIGENCE GROUP (UK) LIMITED.",2007,28.09
Angola,Nemba,Source: Energy Intelligence,"COPYRIGHT © 2001-2021 ENERGY INTELLIGENCE GROUP, INC. / ENERGY INTELLIGENCE GROUP (UK) LIMITED.",2007,302
Angola,Kuito,Source: Energy Intelligence,"COPYRIGHT © 2001-2021 ENERGY INTELLIGENCE GROUP, INC. / ENERGY INTELLIGENCE GROUP (UK) LIMITED.",2007,38.9
Angola,Kissanje Blend,Source: Energy Intelligence,"COPYRIGHT © 2001-2021 ENERGY INTELLIGENCE GROUP, INC. / ENERGY INTELLIGENCE GROUP (UK) LIMITED.",2007,242.05
Angola,Hungo,Source: Energy Intelligence,"COPYRIGHT © 2001-2021 ENERGY INTELLIGENCE GROUP, INC. / ENERGY INTELLIGENCE GROUP (UK) LIMITED.",2007,255.07
Angola,Girassol,Source: Energy Intelligence,"COPYRIGHT © 2001-2021 ENERGY INTELLIGENCE GROUP, INC. / ENERGY INTELLIGENCE GROUP (UK) LIMITED.",2007,260.68
Angola,Dalia,Source: Energy Intelligence,"COPYRIGHT © 2001-2021 ENERGY INTELLIGENCE GROUP, INC. / ENERGY INTELLIGENCE GROUP (UK) LIMITED.",2007,217.49
Angola,Cabinda,Source: Energy Intelligence,"COPYRIGHT © 2001-2021 ENERGY INTELLIGENCE GROUP, INC. / ENERGY INTELLIGENCE GROUP (UK) LIMITED.",2007,203.01
Angola,Saxi Batuque,Source: Energy Intelligence,"COPYRIGHT © 2001-2021 ENERGY INTELLIGENCE GROUP, INC. / ENERGY INTELLIGENCE GROUP (UK) LIMITED.",2008,41.53
Angola,Plutonio,Source: Energy Intelligence,"COPYRIGHT © 2001-2021 ENERGY INTELLIGENCE GROUP, INC. / ENERGY INTELLIGENCE GROUP (UK) LIMITED.",2008,181.38
Angola,Palanca Blend,Source: Energy Intelligence,"COPYRIGHT © 2001-2021 ENERGY INTELLIGENCE GROUP, INC. / ENERGY INTELLIGENCE GROUP (UK) LIMITED.",2008,89.95
Angola,Other Crudes - Angola,Source: Energy Intelligence,"COPYRIGHT © 2001-2021 ENERGY INTELLIGENCE GROUP, INC. / ENERGY INTELLIGENCE GROUP (UK) LIMITED.",2008,12.13
Angola,Nemba,Source: Energy Intelligence,"COPYRIGHT © 2001-2021 ENERGY INTELLIGENCE GROUP, INC. / ENERGY INTELLIGENCE GROUP (UK) LIMITED.",2008,244.84
Angola,Mondo,Source: Energy Intelligence,"COPYRIGHT © 2001-2021 ENERGY INTELLIGENCE GROUP, INC. / ENERGY INTELLIGENCE GROUP (UK) LIMITED.",2008,95.01
Angola,Kuito,Source: Energy Intelligence,"COPYRIGHT © 2001-2021 ENERGY INTELLIGENCE GROUP, INC. / ENERGY INTELLIGENCE GROUP (UK) LIMITED.",2008,53.84
Angola,Kissanje Blend,Source: Energy Intelligence,"COPYRIGHT © 2001-2021 ENERGY INTELLIGENCE GROUP, INC. / ENERGY INTELLIGENCE GROUP (UK) LIMITED.",2008,256.13
Angola,Hungo,Source: Energy Intelligence,"COPYRIGHT © 2001-2021 ENERGY INTELLIGENCE GROUP, INC. / ENERGY INTELLIGENCE GROUP (UK) LIMITED.",2008,257.04
Angola,Girassol,Source: Energy Intelligence,"COPYRIGHT © 2001-2021 ENERGY INTELLIGENCE GROUP, INC. / ENERGY INTELLIGENCE GROUP (UK) LIMITED.",2008,276.01
Angola,Dalia,Source: Energy Intelligence,"COPYRIGHT © 2001-2021 ENERGY INTELLIGENCE GROUP, INC. / ENERGY INTELLIGENCE GROUP (UK) LIMITED.",2008,251.04
Angola,Cabinda,Source: Energy Intelligence,"COPYRIGHT © 2001-2021 ENERGY INTELLIGENCE GROUP, INC. / ENERGY INTELLIGENCE GROUP (UK) LIMITED.",2008,183.1
Angola,Saxi Batuque,Source: Energy Intelligence,"COPYRIGHT © 2001-2021 ENERGY INTELLIGENCE GROUP, INC. / ENERGY INTELLIGENCE GROUP (UK) LIMITED.",2009,91.37
Angola,Plutonio,Source: Energy Intelligence,"COPYRIGHT © 2001-2021 ENERGY INTELLIGENCE GROUP, INC. / ENERGY INTELLIGENCE GROUP (UK) LIMITED.",2009,156.99
Angola,Palanca Blend,Source: Energy Intelligence,"COPYRIGHT © 2001-2021 ENERGY INTELLIGENCE GROUP, INC. / ENERGY INTELLIGENCE GROUP (UK) LIMITED.",2009,69.84
Angola,Other Crudes - Angola,Source: Energy Intelligence,"COPYRIGHT © 2001-2021 ENERGY INTELLIGENCE GROUP, INC. / ENERGY INTELLIGENCE GROUP (UK) LIMITED.",2009,17.81
Angola,Nemba,Source: Energy Intelligence,"COPYRIGHT © 2001-2021 ENERGY INTELLIGENCE GROUP, INC. / ENERGY INTELLIGENCE GROUP (UK) LIMITED.",2009,217.36
Angola,Mondo,Source: Energy Intelligence,"COPYRIGHT © 2001-2021 ENERGY INTELLIGENCE GROUP, INC. / ENERGY INTELLIGENCE GROUP (UK) LIMITED.",2009,93.7
Angola,Kuito,Source: Energy Intelligence,"COPYRIGHT © 2001-2021 ENERGY INTELLIGENCE GROUP, INC. / ENERGY INTELLIGENCE GROUP (UK) LIMITED.",2009,55.4
Angola,Kissanje Blend,Source: Energy Intelligence,"COPYRIGHT © 2001-2021 ENERGY INTELLIGENCE GROUP, INC. / ENERGY INTELLIGENCE GROUP (UK) LIMITED.",2009,205.75
Angola,Hungo,Source: Energy Intelligence,"COPYRIGHT © 2001-2021 ENERGY INTELLIGENCE GROUP, INC. / ENERGY INTELLIGENCE GROUP (UK) LIMITED.",2009,192.47
Angola,Girassol,Source: Energy Intelligence,"COPYRIGHT © 2001-2021 ENERGY INTELLIGENCE GROUP, INC. / ENERGY INTELLIGENCE GROUP (UK) LIMITED.",2009,215.4
Angola,Gimboa,Source: Energy Intelligence,"COPYRIGHT © 2001-2021 ENERGY INTELLIGENCE GROUP, INC. / ENERGY INTELLIGENCE GROUP (UK) LIMITED.",2009,10.55
Angola,Dalia,Source: Energy Intelligence,"COPYRIGHT © 2001-2021 ENERGY INTELLIGENCE GROUP, INC. / ENERGY INTELLIGENCE GROUP (UK) LIMITED.",2009,236.36
Angola,Cabinda,Source: Energy Intelligence,"COPYRIGHT © 2001-2021 ENERGY INTELLIGENCE GROUP, INC. / ENERGY INTELLIGENCE GROUP (UK) LIMITED.",2009,175
Angola,Saxi Batuque,Source: Energy Intelligence,"COPYRIGHT © 2001-2021 ENERGY INTELLIGENCE GROUP, INC. / ENERGY INTELLIGENCE GROUP (UK) LIMITED.",2010,88.77
Angola,Plutonio,Source: Energy Intelligence,"COPYRIGHT © 2001-2021 ENERGY INTELLIGENCE GROUP, INC. / ENERGY INTELLIGENCE GROUP (UK) LIMITED.",2010,153
Angola,Palanca Blend,Source: Energy Intelligence,"COPYRIGHT © 2001-2021 ENERGY INTELLIGENCE GROUP, INC. / ENERGY INTELLIGENCE GROUP (UK) LIMITED.",2010,67.03
Angola,Other Crudes - Angola,Source: Energy Intelligence,"COPYRIGHT © 2001-2021 ENERGY INTELLIGENCE GROUP, INC. / ENERGY INTELLIGENCE GROUP (UK) LIMITED.",2010,9.99
Angola,Nemba,Source: Energy Intelligence,"COPYRIGHT © 2001-2021 ENERGY INTELLIGENCE GROUP, INC. / ENERGY INTELLIGENCE GROUP (UK) LIMITED.",2010,257.67
Angola,Mondo,Source: Energy Intelligence,"COPYRIGHT © 2001-2021 ENERGY INTELLIGENCE GROUP, INC. / ENERGY INTELLIGENCE GROUP (UK) LIMITED.",2010,78
Angola,Kuito,Source: Energy Intelligence,"COPYRIGHT © 2001-2021 ENERGY INTELLIGENCE GROUP, INC. / ENERGY INTELLIGENCE GROUP (UK) LIMITED.",2010,55.62
Angola,Kissanje Blend,Source: Energy Intelligence,"COPYRIGHT © 2001-2021 ENERGY INTELLIGENCE GROUP, INC. / ENERGY INTELLIGENCE GROUP (UK) LIMITED.",2010,175.91
Angola,Hungo,Source: Energy Intelligence,"COPYRIGHT © 2001-2021 ENERGY INTELLIGENCE GROUP, INC. / ENERGY INTELLIGENCE GROUP (UK) LIMITED.",2010,166.45
Angola,Girassol,Source: Energy Intelligence,"COPYRIGHT © 2001-2021 ENERGY INTELLIGENCE GROUP, INC. / ENERGY INTELLIGENCE GROUP (UK) LIMITED.",2010,198.03
Angola,Gimboa,Source: Energy Intelligence,"COPYRIGHT © 2001-2021 ENERGY INTELLIGENCE GROUP, INC. / ENERGY INTELLIGENCE GROUP (UK) LIMITED.",2010,18.22
Angola,Dalia,Source: Energy Intelligence,"COPYRIGHT © 2001-2021 ENERGY INTELLIGENCE GROUP, INC. / ENERGY INTELLIGENCE GROUP (UK) LIMITED.",2010,242.68
Angola,Cabinda,Source: Energy Intelligence,"COPYRIGHT © 2001-2021 ENERGY INTELLIGENCE GROUP, INC. / ENERGY INTELLIGENCE GROUP (UK) LIMITED.",2010,218.63
Angola,Saxi Batuque,Source: Energy Intelligence,"COPYRIGHT © 2001-2021 ENERGY INTELLIGENCE GROUP, INC. / ENERGY INTELLIGENCE GROUP (UK) LIMITED.",2011,85.89
Angola,Plutonio,Source: Energy Intelligence,"COPYRIGHT © 2001-2021 ENERGY INTELLIGENCE GROUP, INC. / ENERGY INTELLIGENCE GROUP (UK) LIMITED.",2011,112.33
Angola,Pazflor,Source: Energy Intelligence,"COPYRIGHT © 2001-2021 ENERGY INTELLIGENCE GROUP, INC. / ENERGY INTELLIGENCE GROUP (UK) LIMITED.",2011,31.23
Angola,Other Crudes - Angola,Source: Energy Intelligence,"COPYRIGHT © 2001-2021 ENERGY INTELLIGENCE GROUP, INC. / ENERGY INTELLIGENCE GROUP (UK) LIMITED.",2011,64.43
Angola,Nemba,Source: Energy Intelligence,"COPYRIGHT © 2001-2021 ENERGY INTELLIGENCE GROUP, INC. / ENERGY INTELLIGENCE GROUP (UK) LIMITED.",2011,226.7
Angola,Mondo,Source: Energy Intelligence,"COPYRIGHT © 2001-2021 ENERGY INTELLIGENCE GROUP, INC. / ENERGY INTELLIGENCE GROUP (UK) LIMITED.",2011,67.67
Angola,Kuito,Source: Energy Intelligence,"COPYRIGHT © 2001-2021 ENERGY INTELLIGENCE GROUP, INC. / ENERGY INTELLIGENCE GROUP (UK) LIMITED.",2011,63.26
Angola,Kissanje Blend,Source: Energy Intelligence,"COPYRIGHT © 2001-2021 ENERGY INTELLIGENCE GROUP, INC. / ENERGY INTELLIGENCE GROUP (UK) LIMITED.",2011,148.36
Angola,Hungo,Source: Energy Intelligence,"COPYRIGHT © 2001-2021 ENERGY INTELLIGENCE GROUP, INC. / ENERGY INTELLIGENCE GROUP (UK) LIMITED.",2011,154.79
Angola,Girassol,Source: Energy Intelligence,"COPYRIGHT © 2001-2021 ENERGY INTELLIGENCE GROUP, INC. / ENERGY INTELLIGENCE GROUP (UK) LIMITED.",2011,216.44
Angola,Dalia,Source: Energy Intelligence,"COPYRIGHT © 2001-2021 ENERGY INTELLIGENCE GROUP, INC. / ENERGY INTELLIGENCE GROUP (UK) LIMITED.",2011,236.85
Angola,Cabinda,Source: Energy Intelligence,"COPYRIGHT © 2001-2021 ENERGY INTELLIGENCE GROUP, INC. / ENERGY INTELLIGENCE GROUP (UK) LIMITED.",2011,216.05
Angola,Saxi Batuque,Source: Energy Intelligence,"COPYRIGHT © 2001-2021 ENERGY INTELLIGENCE GROUP, INC. / ENERGY INTELLIGENCE GROUP (UK) LIMITED.",2012,72.68
Angola,Saturno,Source: Energy Intelligence,"COPYRIGHT © 2001-2021 ENERGY INTELLIGENCE GROUP, INC. / ENERGY INTELLIGENCE GROUP (UK) LIMITED.",2012,2.7
Angola,Plutonio,Source: Energy Intelligence,"COPYRIGHT © 2001-2021 ENERGY INTELLIGENCE GROUP, INC. / ENERGY INTELLIGENCE GROUP (UK) LIMITED.",2012,172.13
Angola,Pazflor,Source: Energy Intelligence,"COPYRIGHT © 2001-2021 ENERGY INTELLIGENCE GROUP, INC. / ENERGY INTELLIGENCE GROUP (UK) LIMITED.",2012,197.27
Angola,Other Crudes - Angola,Source: Energy Intelligence,"COPYRIGHT © 2001-2021 ENERGY INTELLIGENCE GROUP, INC. / ENERGY INTELLIGENCE GROUP (UK) LIMITED.",2012,56.9
Angola,Nemba,Source: Energy Intelligence,"COPYRIGHT © 2001-2021 ENERGY INTELLIGENCE GROUP, INC. / ENERGY INTELLIGENCE GROUP (UK) LIMITED.",2012,214.31
Angola,Mondo,Source: Energy Intelligence,"COPYRIGHT © 2001-2021 ENERGY INTELLIGENCE GROUP, INC. / ENERGY INTELLIGENCE GROUP (UK) LIMITED.",2012,56.94
Angola,Kissanje Blend,Source: Energy Intelligence,"COPYRIGHT © 2001-2021 ENERGY INTELLIGENCE GROUP, INC. / ENERGY INTELLIGENCE GROUP (UK) LIMITED.",2012,134.72
Angola,Hungo,Source: Energy Intelligence,"COPYRIGHT © 2001-2021 ENERGY INTELLIGENCE GROUP, INC. / ENERGY INTELLIGENCE GROUP (UK) LIMITED.",2012,147.95
Angola,Girassol,Source: Energy Intelligence,"COPYRIGHT © 2001-2021 ENERGY INTELLIGENCE GROUP, INC. / ENERGY INTELLIGENCE GROUP (UK) LIMITED.",2012,191.26
Angola,Dalia,Source: Energy Intelligence,"COPYRIGHT © 2001-2021 ENERGY INTELLIGENCE GROUP, INC. / ENERGY INTELLIGENCE GROUP (UK) LIMITED.",2012,224.32
Angola,Cabinda,Source: Energy Intelligence,"COPYRIGHT © 2001-2021 ENERGY INTELLIGENCE GROUP, INC. / ENERGY INTELLIGENCE GROUP (UK) LIMITED.",2012,192.08
Angola,Saxi Batuque,Source: Energy Intelligence,"COPYRIGHT © 2001-2021 ENERGY INTELLIGENCE GROUP, INC. / ENERGY INTELLIGENCE GROUP (UK) LIMITED.",2013,56.95
Angola,Saturno,Source: Energy Intelligence,"COPYRIGHT © 2001-2021 ENERGY INTELLIGENCE GROUP, INC. / ENERGY INTELLIGENCE GROUP (UK) LIMITED.",2013,101.49
Angola,Plutonio,Source: Energy Intelligence,"COPYRIGHT © 2001-2021 ENERGY INTELLIGENCE GROUP, INC. / ENERGY INTELLIGENCE GROUP (UK) LIMITED.",2013,193.63
Angola,Pazflor,Source: Energy Intelligence,"COPYRIGHT © 2001-2021 ENERGY INTELLIGENCE GROUP, INC. / ENERGY INTELLIGENCE GROUP (UK) LIMITED.",2013,210.73
Angola,Other Crudes - Angola,Source: Energy Intelligence,"COPYRIGHT © 2001-2021 ENERGY INTELLIGENCE GROUP, INC. / ENERGY INTELLIGENCE GROUP (UK) LIMITED.",2013,97.41
Angola,Nemba,Source: Energy Intelligence,"COPYRIGHT © 2001-2021 ENERGY INTELLIGENCE GROUP, INC. / ENERGY INTELLIGENCE GROUP (UK) LIMITED.",2013,174.4
Angola,Mondo,Source: Energy Intelligence,"COPYRIGHT © 2001-2021 ENERGY INTELLIGENCE GROUP, INC. / ENERGY INTELLIGENCE GROUP (UK) LIMITED.",2013,44.27
Angola,Kissanje Blend,Source: Energy Intelligence,"COPYRIGHT © 2001-2021 ENERGY INTELLIGENCE GROUP, INC. / ENERGY INTELLIGENCE GROUP (UK) LIMITED.",2013,142.26
Angola,Hungo,Source: Energy Intelligence,"COPYRIGHT © 2001-2021 ENERGY INTELLIGENCE GROUP, INC. / ENERGY INTELLIGENCE GROUP (UK) LIMITED.",2013,123.3
Angola,Girassol,Source: Energy Intelligence,"COPYRIGHT © 2001-2021 ENERGY INTELLIGENCE GROUP, INC. / ENERGY INTELLIGENCE GROUP (UK) LIMITED.",2013,181.88
Angola,Dalia,Source: Energy Intelligence,"COPYRIGHT © 2001-2021 ENERGY INTELLIGENCE GROUP, INC. / ENERGY INTELLIGENCE GROUP (UK) LIMITED.",2013,193.07
Angola,Cabinda,Source: Energy Intelligence,"COPYRIGHT © 2001-2021 ENERGY INTELLIGENCE GROUP, INC. / ENERGY INTELLIGENCE GROUP (UK) LIMITED.",2013,176.37
Angola,Saxi Batuque,Source: Energy Intelligence,"COPYRIGHT © 2001-2021 ENERGY INTELLIGENCE GROUP, INC. / ENERGY INTELLIGENCE GROUP (UK) LIMITED.",2014,48.22
Angola,Saturno,Source: Energy Intelligence,"COPYRIGHT © 2001-2021 ENERGY INTELLIGENCE GROUP, INC. / ENERGY INTELLIGENCE GROUP (UK) LIMITED.",2014,163.97
Angola,Plutonio,Source: Energy Intelligence,"COPYRIGHT © 2001-2021 ENERGY INTELLIGENCE GROUP, INC. / ENERGY INTELLIGENCE GROUP (UK) LIMITED.",2014,134.25
Angola,Pazflor,Source: Energy Intelligence,"COPYRIGHT © 2001-2021 ENERGY INTELLIGENCE GROUP, INC. / ENERGY INTELLIGENCE GROUP (UK) LIMITED.",2014,203.01
Angola,Other Crudes - Angola,Source: Energy Intelligence,"COPYRIGHT © 2001-2021 ENERGY INTELLIGENCE GROUP, INC. / ENERGY INTELLIGENCE GROUP (UK) LIMITED.",2014,29.3
Angola,Nemba,Source: Energy Intelligence,"COPYRIGHT © 2001-2021 ENERGY INTELLIGENCE GROUP, INC. / ENERGY INTELLIGENCE GROUP (UK) LIMITED.",2014,200.41
Angola,Mondo,Source: Energy Intelligence,"COPYRIGHT © 2001-2021 ENERGY INTELLIGENCE GROUP, INC. / ENERGY INTELLIGENCE GROUP (UK) LIMITED.",2014,32.6
Angola,Kissanje Blend,Source: Energy Intelligence,"COPYRIGHT © 2001-2021 ENERGY INTELLIGENCE GROUP, INC. / ENERGY INTELLIGENCE GROUP (UK) LIMITED.",2014,119.73
Angola,Hungo,Source: Energy Intelligence,"COPYRIGHT © 2001-2021 ENERGY INTELLIGENCE GROUP, INC. / ENERGY INTELLIGENCE GROUP (UK) LIMITED.",2014,124.93
Angola,Girassol,Source: Energy Intelligence,"COPYRIGHT © 2001-2021 ENERGY INTELLIGENCE GROUP, INC. / ENERGY INTELLIGENCE GROUP (UK) LIMITED.",2014,147.95
Angola,Dalia,Source: Energy Intelligence,"COPYRIGHT © 2001-2021 ENERGY INTELLIGENCE GROUP, INC. / ENERGY INTELLIGENCE GROUP (UK) LIMITED.",2014,179.59
Angola,CLOV,Source: Energy Intelligence,"COPYRIGHT © 2001-2021 ENERGY INTELLIGENCE GROUP, INC. / ENERGY INTELLIGENCE GROUP (UK) LIMITED.",2014,66.44
Angola,Cabinda,Source: Energy Intelligence,"COPYRIGHT © 2001-2021 ENERGY INTELLIGENCE GROUP, INC. / ENERGY INTELLIGENCE GROUP (UK) LIMITED.",2014,163.97
Angola,Saxi Batuque,Source: Energy Intelligence,"COPYRIGHT © 2001-2021 ENERGY INTELLIGENCE GROUP, INC. / ENERGY INTELLIGENCE GROUP (UK) LIMITED.",2015,39.04
Angola,Saturno,Source: Energy Intelligence,"COPYRIGHT © 2001-2021 ENERGY INTELLIGENCE GROUP, INC. / ENERGY INTELLIGENCE GROUP (UK) LIMITED.",2015,163.97
Angola,Sangos,Source: Energy Intelligence,"COPYRIGHT © 2001-2021 ENERGY INTELLIGENCE GROUP, INC. / ENERGY INTELLIGENCE GROUP (UK) LIMITED.",2015,49.6
Angola,Plutonio,Source: Energy Intelligence,"COPYRIGHT © 2001-2021 ENERGY INTELLIGENCE GROUP, INC. / ENERGY INTELLIGENCE GROUP (UK) LIMITED.",2015,126.03
Angola,Pazflor,Source: Energy Intelligence,"COPYRIGHT © 2001-2021 ENERGY INTELLIGENCE GROUP, INC. / ENERGY INTELLIGENCE GROUP (UK) LIMITED.",2015,163.97
Angola,Other Crudes - Angola,Source: Energy Intelligence,"COPYRIGHT © 2001-2021 ENERGY INTELLIGENCE GROUP, INC. / ENERGY INTELLIGENCE GROUP (UK) LIMITED.",2015,29.19
Angola,Nemba,Source: Energy Intelligence,"COPYRIGHT © 2001-2021 ENERGY INTELLIGENCE GROUP, INC. / ENERGY INTELLIGENCE GROUP (UK) LIMITED.",2015,205.7
Angola,Mondo,Source: Energy Intelligence,"COPYRIGHT © 2001-2021 ENERGY INTELLIGENCE GROUP, INC. / ENERGY INTELLIGENCE GROUP (UK) LIMITED.",2015,33.84
Angola,Kissanje Blend,Source: Energy Intelligence,"COPYRIGHT © 2001-2021 ENERGY INTELLIGENCE GROUP, INC. / ENERGY INTELLIGENCE GROUP (UK) LIMITED.",2015,143.29
Angola,Hungo,Source: Energy Intelligence,"COPYRIGHT © 2001-2021 ENERGY INTELLIGENCE GROUP, INC. / ENERGY INTELLIGENCE GROUP (UK) LIMITED.",2015,114.52
Angola,Girassol,Source: Energy Intelligence,"COPYRIGHT © 2001-2021 ENERGY INTELLIGENCE GROUP, INC. / ENERGY INTELLIGENCE GROUP (UK) LIMITED.",2015,156.16
Angola,Dalia,Source: Energy Intelligence,"COPYRIGHT © 2001-2021 ENERGY INTELLIGENCE GROUP, INC. / ENERGY INTELLIGENCE GROUP (UK) LIMITED.",2015,208.22
Angola,CLOV,Source: Energy Intelligence,"COPYRIGHT © 2001-2021 ENERGY INTELLIGENCE GROUP, INC. / ENERGY INTELLIGENCE GROUP (UK) LIMITED.",2015,174.52
Angola,Cabinda,Source: Energy Intelligence,"COPYRIGHT © 2001-2021 ENERGY INTELLIGENCE GROUP, INC. / ENERGY INTELLIGENCE GROUP (UK) LIMITED.",2015,161.37
Angola,Saxi Batuque,Source: Energy Intelligence,"COPYRIGHT © 2001-2021 ENERGY INTELLIGENCE GROUP, INC. / ENERGY INTELLIGENCE GROUP (UK) LIMITED.",2016,33.74
Angola,Saturno,Source: Energy Intelligence,"COPYRIGHT © 2001-2021 ENERGY INTELLIGENCE GROUP, INC. / ENERGY INTELLIGENCE GROUP (UK) LIMITED.",2016,168.72
Angola,Sangos,Source: Energy Intelligence,"COPYRIGHT © 2001-2021 ENERGY INTELLIGENCE GROUP, INC. / ENERGY INTELLIGENCE GROUP (UK) LIMITED.",2016,83.06
Angola,Plutonio,Source: Energy Intelligence,"COPYRIGHT © 2001-2021 ENERGY INTELLIGENCE GROUP, INC. / ENERGY INTELLIGENCE GROUP (UK) LIMITED.",2016,112.02
Angola,Pazflor,Source: Energy Intelligence,"COPYRIGHT © 2001-2021 ENERGY INTELLIGENCE GROUP, INC. / ENERGY INTELLIGENCE GROUP (UK) LIMITED.",2016,124.59
Angola,Other Crudes - Angola,Source: Energy Intelligence,"COPYRIGHT © 2001-2021 ENERGY INTELLIGENCE GROUP, INC. / ENERGY INTELLIGENCE GROUP (UK) LIMITED.",2016,31.88
Angola,Olombendo,Source: Energy Intelligence,"COPYRIGHT © 2001-2021 ENERGY INTELLIGENCE GROUP, INC. / ENERGY INTELLIGENCE GROUP (UK) LIMITED.",2016,0
Angola,Nemba,Source: Energy Intelligence,"COPYRIGHT © 2001-2021 ENERGY INTELLIGENCE GROUP, INC. / ENERGY INTELLIGENCE GROUP (UK) LIMITED.",2016,205.05
Angola,Mondo,Source: Energy Intelligence,"COPYRIGHT © 2001-2021 ENERGY INTELLIGENCE GROUP, INC. / ENERGY INTELLIGENCE GROUP (UK) LIMITED.",2016,64.89
Angola,Kissanje Blend,Source: Energy Intelligence,"COPYRIGHT © 2001-2021 ENERGY INTELLIGENCE GROUP, INC. / ENERGY INTELLIGENCE GROUP (UK) LIMITED.",2016,116.8
Angola,Hungo,Source: Energy Intelligence,"COPYRIGHT © 2001-2021 ENERGY INTELLIGENCE GROUP, INC. / ENERGY INTELLIGENCE GROUP (UK) LIMITED.",2016,98.63
Angola,Girassol,Source: Energy Intelligence,"COPYRIGHT © 2001-2021 ENERGY INTELLIGENCE GROUP, INC. / ENERGY INTELLIGENCE GROUP (UK) LIMITED.",2016,139.34
Angola,Dalia,Source: Energy Intelligence,"COPYRIGHT © 2001-2021 ENERGY INTELLIGENCE GROUP, INC. / ENERGY INTELLIGENCE GROUP (UK) LIMITED.",2016,194.67
Angola,CLOV,Source: Energy Intelligence,"COPYRIGHT © 2001-2021 ENERGY INTELLIGENCE GROUP, INC. / ENERGY INTELLIGENCE GROUP (UK) LIMITED.",2016,174.04
Angola,Cabinda,Source: Energy Intelligence,"COPYRIGHT © 2001-2021 ENERGY INTELLIGENCE GROUP, INC. / ENERGY INTELLIGENCE GROUP (UK) LIMITED.",2016,153.14
Angola,Saxi Batuque,Source: Energy Intelligence,"COPYRIGHT © 2001-2021 ENERGY INTELLIGENCE GROUP, INC. / ENERGY INTELLIGENCE GROUP (UK) LIMITED.",2017,39
Angola,Saturno,Source: Energy Intelligence,"COPYRIGHT © 2001-2021 ENERGY INTELLIGENCE GROUP, INC. / ENERGY INTELLIGENCE GROUP (UK) LIMITED.",2017,148.36
Angola,Sangos,Source: Energy Intelligence,"COPYRIGHT © 2001-2021 ENERGY INTELLIGENCE GROUP, INC. / ENERGY INTELLIGENCE GROUP (UK) LIMITED.",2017,65.07
Angola,Plutonio,Source: Energy Intelligence,"COPYRIGHT © 2001-2021 ENERGY INTELLIGENCE GROUP, INC. / ENERGY INTELLIGENCE GROUP (UK) LIMITED.",2017,87.4
Angola,Pazflor,Source: Energy Intelligence,"COPYRIGHT © 2001-2021 ENERGY INTELLIGENCE GROUP, INC. / ENERGY INTELLIGENCE GROUP (UK) LIMITED.",2017,101.51
Angola,Other Crudes - Angola,Source: Energy Intelligence,"COPYRIGHT © 2001-2021 ENERGY INTELLIGENCE GROUP, INC. / ENERGY INTELLIGENCE GROUP (UK) LIMITED.",2017,21.73
Angola,Olombendo,Source: Energy Intelligence,"COPYRIGHT © 2001-2021 ENERGY INTELLIGENCE GROUP, INC. / ENERGY INTELLIGENCE GROUP (UK) LIMITED.",2017,49.5
Angola,Nemba,Source: Energy Intelligence,"COPYRIGHT © 2001-2021 ENERGY INTELLIGENCE GROUP, INC. / ENERGY INTELLIGENCE GROUP (UK) LIMITED.",2017,166.58
Angola,Mondo,Source: Energy Intelligence,"COPYRIGHT © 2001-2021 ENERGY INTELLIGENCE GROUP, INC. / ENERGY INTELLIGENCE GROUP (UK) LIMITED.",2017,67.7
Angola,Kissanje Blend,Source: Energy Intelligence,"COPYRIGHT © 2001-2021 ENERGY INTELLIGENCE GROUP, INC. / ENERGY INTELLIGENCE GROUP (UK) LIMITED.",2017,104.1
Angola,Hungo,Source: Energy Intelligence,"COPYRIGHT © 2001-2021 ENERGY INTELLIGENCE GROUP, INC. / ENERGY INTELLIGENCE GROUP (UK) LIMITED.",2017,80.7
Angola,Girassol,Source: Energy Intelligence,"COPYRIGHT © 2001-2021 ENERGY INTELLIGENCE GROUP, INC. / ENERGY INTELLIGENCE GROUP (UK) LIMITED.",2017,128.8
Angola,Gindungo,Source: Energy Intelligence,"COPYRIGHT © 2001-2021 ENERGY INTELLIGENCE GROUP, INC. / ENERGY INTELLIGENCE GROUP (UK) LIMITED.",2017,0
Angola,Dalia,Source: Energy Intelligence,"COPYRIGHT © 2001-2021 ENERGY INTELLIGENCE GROUP, INC. / ENERGY INTELLIGENCE GROUP (UK) LIMITED.",2017,203
Angola,CLOV,Source: Energy Intelligence,"COPYRIGHT © 2001-2021 ENERGY INTELLIGENCE GROUP, INC. / ENERGY INTELLIGENCE GROUP (UK) LIMITED.",2017,168.63
Angola,Cabinda,Source: Energy Intelligence,"COPYRIGHT © 2001-2021 ENERGY INTELLIGENCE GROUP, INC. / ENERGY INTELLIGENCE GROUP (UK) LIMITED.",2017,171.92
Angola,Saxi Batuque,Source: Energy Intelligence,"COPYRIGHT © 2001-2021 ENERGY INTELLIGENCE GROUP, INC. / ENERGY INTELLIGENCE GROUP (UK) LIMITED.",2018,33.84
Angola,Saturno,Source: Energy Intelligence,"COPYRIGHT © 2001-2021 ENERGY INTELLIGENCE GROUP, INC. / ENERGY INTELLIGENCE GROUP (UK) LIMITED.",2018,111.92
Angola,Sangos,Source: Energy Intelligence,"COPYRIGHT © 2001-2021 ENERGY INTELLIGENCE GROUP, INC. / ENERGY INTELLIGENCE GROUP (UK) LIMITED.",2018,65.07
Angola,Plutonio,Source: Energy Intelligence,"COPYRIGHT © 2001-2021 ENERGY INTELLIGENCE GROUP, INC. / ENERGY INTELLIGENCE GROUP (UK) LIMITED.",2018,72.6
Angola,Pazflor,Source: Energy Intelligence,"COPYRIGHT © 2001-2021 ENERGY INTELLIGENCE GROUP, INC. / ENERGY INTELLIGENCE GROUP (UK) LIMITED.",2018,88.49
Angola,Other Crudes - Angola,Source: Energy Intelligence,"COPYRIGHT © 2001-2021 ENERGY INTELLIGENCE GROUP, INC. / ENERGY INTELLIGENCE GROUP (UK) LIMITED.",2018,16.49
Angola,Olombendo,Source: Energy Intelligence,"COPYRIGHT © 2001-2021 ENERGY INTELLIGENCE GROUP, INC. / ENERGY INTELLIGENCE GROUP (UK) LIMITED.",2018,74.25
Angola,Nemba,Source: Energy Intelligence,"COPYRIGHT © 2001-2021 ENERGY INTELLIGENCE GROUP, INC. / ENERGY INTELLIGENCE GROUP (UK) LIMITED.",2018,145.75
Angola,Mondo,Source: Energy Intelligence,"COPYRIGHT © 2001-2021 ENERGY INTELLIGENCE GROUP, INC. / ENERGY INTELLIGENCE GROUP (UK) LIMITED.",2018,49.45
Angola,Kissanje Blend,Source: Energy Intelligence,"COPYRIGHT © 2001-2021 ENERGY INTELLIGENCE GROUP, INC. / ENERGY INTELLIGENCE GROUP (UK) LIMITED.",2018,86.16
Angola,Hungo,Source: Energy Intelligence,"COPYRIGHT © 2001-2021 ENERGY INTELLIGENCE GROUP, INC. / ENERGY INTELLIGENCE GROUP (UK) LIMITED.",2018,67.67
Angola,Girassol,Source: Energy Intelligence,"COPYRIGHT © 2001-2021 ENERGY INTELLIGENCE GROUP, INC. / ENERGY INTELLIGENCE GROUP (UK) LIMITED.",2018,120.55
Angola,Gindungo,Source: Energy Intelligence,"COPYRIGHT © 2001-2021 ENERGY INTELLIGENCE GROUP, INC. / ENERGY INTELLIGENCE GROUP (UK) LIMITED.",2018,39.04
Angola,Dalia,Source: Energy Intelligence,"COPYRIGHT © 2001-2021 ENERGY INTELLIGENCE GROUP, INC. / ENERGY INTELLIGENCE GROUP (UK) LIMITED.",2018,176.99
Angola,CLOV,Source: Energy Intelligence,"COPYRIGHT © 2001-2021 ENERGY INTELLIGENCE GROUP, INC. / ENERGY INTELLIGENCE GROUP (UK) LIMITED.",2018,167.12
Angola,Cabinda,Source: Energy Intelligence,"COPYRIGHT © 2001-2021 ENERGY INTELLIGENCE GROUP, INC. / ENERGY INTELLIGENCE GROUP (UK) LIMITED.",2018,166.6
Angola,Saxi Batuque,Source: Energy Intelligence,"COPYRIGHT © 2001-2021 ENERGY INTELLIGENCE GROUP, INC. / ENERGY INTELLIGENCE GROUP (UK) LIMITED.",2019,39.04
Angola,Saturno,Source: Energy Intelligence,"COPYRIGHT © 2001-2021 ENERGY INTELLIGENCE GROUP, INC. / ENERGY INTELLIGENCE GROUP (UK) LIMITED.",2019,85.89
Angola,Sangos,Source: Energy Intelligence,"COPYRIGHT © 2001-2021 ENERGY INTELLIGENCE GROUP, INC. / ENERGY INTELLIGENCE GROUP (UK) LIMITED.",2019,75.48
Angola,Plutonio,Source: Energy Intelligence,"COPYRIGHT © 2001-2021 ENERGY INTELLIGENCE GROUP, INC. / ENERGY INTELLIGENCE GROUP (UK) LIMITED.",2019,40.96
Angola,Pazflor,Source: Energy Intelligence,"COPYRIGHT © 2001-2021 ENERGY INTELLIGENCE GROUP, INC. / ENERGY INTELLIGENCE GROUP (UK) LIMITED.",2019,75.48
Angola,Other Crudes - Angola,Source: Energy Intelligence,"COPYRIGHT © 2001-2021 ENERGY INTELLIGENCE GROUP, INC. / ENERGY INTELLIGENCE GROUP (UK) LIMITED.",2019,18.69
Angola,Olombendo,Source: Energy Intelligence,"COPYRIGHT © 2001-2021 ENERGY INTELLIGENCE GROUP, INC. / ENERGY INTELLIGENCE GROUP (UK) LIMITED.",2019,65.07
Angola,Nemba,Source: Energy Intelligence,"COPYRIGHT © 2001-2021 ENERGY INTELLIGENCE GROUP, INC. / ENERGY INTELLIGENCE GROUP (UK) LIMITED.",2019,119.73
Angola,Mostarda,Source: Energy Intelligence,"COPYRIGHT © 2001-2021 ENERGY INTELLIGENCE GROUP, INC. / ENERGY INTELLIGENCE GROUP (UK) LIMITED.",2019,70.27
Angola,Mondo,Source: Energy Intelligence,"COPYRIGHT © 2001-2021 ENERGY INTELLIGENCE GROUP, INC. / ENERGY INTELLIGENCE GROUP (UK) LIMITED.",2019,36.44
Angola,Kissanje Blend,Source: Energy Intelligence,"COPYRIGHT © 2001-2021 ENERGY INTELLIGENCE GROUP, INC. / ENERGY INTELLIGENCE GROUP (UK) LIMITED.",2019,80.68
Angola,Hungo,Source: Energy Intelligence,"COPYRIGHT © 2001-2021 ENERGY INTELLIGENCE GROUP, INC. / ENERGY INTELLIGENCE GROUP (UK) LIMITED.",2019,57.53
Angola,Girassol,Source: Energy Intelligence,"COPYRIGHT © 2001-2021 ENERGY INTELLIGENCE GROUP, INC. / ENERGY INTELLIGENCE GROUP (UK) LIMITED.",2019,87.26
Angola,Gindungo,Source: Energy Intelligence,"COPYRIGHT © 2001-2021 ENERGY INTELLIGENCE GROUP, INC. / ENERGY INTELLIGENCE GROUP (UK) LIMITED.",2019,104.11
Angola,Dalia,Source: Energy Intelligence,"COPYRIGHT © 2001-2021 ENERGY INTELLIGENCE GROUP, INC. / ENERGY INTELLIGENCE GROUP (UK) LIMITED.",2019,132.74
Angola,CLOV,Source: Energy Intelligence,"COPYRIGHT © 2001-2021 ENERGY INTELLIGENCE GROUP, INC. / ENERGY INTELLIGENCE GROUP (UK) LIMITED.",2019,127.26
Angola,Cabinda,Source: Energy Intelligence,"COPYRIGHT © 2001-2021 ENERGY INTELLIGENCE GROUP, INC. / ENERGY INTELLIGENCE GROUP (UK) LIMITED.",2019,152.36
Angola,Saxi Batuque,Source: Energy Intelligence,"COPYRIGHT © 2001-2021 ENERGY INTELLIGENCE GROUP, INC. / ENERGY INTELLIGENCE GROUP (UK) LIMITED.",2020,38.93
Angola,Saturno,Source: Energy Intelligence,"COPYRIGHT © 2001-2021 ENERGY INTELLIGENCE GROUP, INC. / ENERGY INTELLIGENCE GROUP (UK) LIMITED.",2020,70.08
Angola,Sangos,Source: Energy Intelligence,"COPYRIGHT © 2001-2021 ENERGY INTELLIGENCE GROUP, INC. / ENERGY INTELLIGENCE GROUP (UK) LIMITED.",2020,62.3
Angola,Plutonio,Source: Energy Intelligence,"COPYRIGHT © 2001-2021 ENERGY INTELLIGENCE GROUP, INC. / ENERGY INTELLIGENCE GROUP (UK) LIMITED.",2020,46.17
Angola,Pazflor,Source: Energy Intelligence,"COPYRIGHT © 2001-2021 ENERGY INTELLIGENCE GROUP, INC. / ENERGY INTELLIGENCE GROUP (UK) LIMITED.",2020,64.89
Angola,Other Crudes - Angola,Source: Energy Intelligence,"COPYRIGHT © 2001-2021 ENERGY INTELLIGENCE GROUP, INC. / ENERGY INTELLIGENCE GROUP (UK) LIMITED.",2020,13.32
Angola,Olombendo,Source: Energy Intelligence,"COPYRIGHT © 2001-2021 ENERGY INTELLIGENCE GROUP, INC. / ENERGY INTELLIGENCE GROUP (UK) LIMITED.",2020,46.72
Angola,Nemba,Source: Energy Intelligence,"COPYRIGHT © 2001-2021 ENERGY INTELLIGENCE GROUP, INC. / ENERGY INTELLIGENCE GROUP (UK) LIMITED.",2020,108.61
Angola,Mostarda,Source: Energy Intelligence,"COPYRIGHT © 2001-2021 ENERGY INTELLIGENCE GROUP, INC. / ENERGY INTELLIGENCE GROUP (UK) LIMITED.",2020,109.02
Angola,Mondo,Source: Energy Intelligence,"COPYRIGHT © 2001-2021 ENERGY INTELLIGENCE GROUP, INC. / ENERGY INTELLIGENCE GROUP (UK) LIMITED.",2020,31.15
Angola,Kissanje Blend,Source: Energy Intelligence,"COPYRIGHT © 2001-2021 ENERGY INTELLIGENCE GROUP, INC. / ENERGY INTELLIGENCE GROUP (UK) LIMITED.",2020,59.7
Angola,Hungo,Source: Energy Intelligence,"COPYRIGHT © 2001-2021 ENERGY INTELLIGENCE GROUP, INC. / ENERGY INTELLIGENCE GROUP (UK) LIMITED.",2020,51.91
Angola,Girassol,Source: Energy Intelligence,"COPYRIGHT © 2001-2021 ENERGY INTELLIGENCE GROUP, INC. / ENERGY INTELLIGENCE GROUP (UK) LIMITED.",2020,91.8
Angola,Gindungo,Source: Energy Intelligence,"COPYRIGHT © 2001-2021 ENERGY INTELLIGENCE GROUP, INC. / ENERGY INTELLIGENCE GROUP (UK) LIMITED.",2020,85.7
Angola,Dalia,Source: Energy Intelligence,"COPYRIGHT © 2001-2021 ENERGY INTELLIGENCE GROUP, INC. / ENERGY INTELLIGENCE GROUP (UK) LIMITED.",2020,134.97
Angola,CLOV,Source: Energy Intelligence,"COPYRIGHT © 2001-2021 ENERGY INTELLIGENCE GROUP, INC. / ENERGY INTELLIGENCE GROUP (UK) LIMITED.",2020,91.53
Angola,Cabinda,Source: Energy Intelligence,"COPYRIGHT © 2001-2021 ENERGY INTELLIGENCE GROUP, INC. / ENERGY INTELLIGENCE GROUP (UK) LIMITED.",2020,121.99
Angola,Saturno,Source: Energy Intelligence,"COPYRIGHT © 2001-2021 ENERGY INTELLIGENCE GROUP, INC. / ENERGY INTELLIGENCE GROUP (UK) LIMITED.",2021,65.07
Angola,Sangos,Source: Energy Intelligence,"COPYRIGHT © 2001-2021 ENERGY INTELLIGENCE GROUP, INC. / ENERGY INTELLIGENCE GROUP (UK) LIMITED.",2021,52.05
Angola,Plutonio,Source: Energy Intelligence,"COPYRIGHT © 2001-2021 ENERGY INTELLIGENCE GROUP, INC. / ENERGY INTELLIGENCE GROUP (UK) LIMITED.",2021,49.04
Angola,Pazflor,Source: Energy Intelligence,"COPYRIGHT © 2001-2021 ENERGY INTELLIGENCE GROUP, INC. / ENERGY INTELLIGENCE GROUP (UK) LIMITED.",2021,72.88
Angola,Other Crudes - Angola,Source: Energy Intelligence,"COPYRIGHT © 2001-2021 ENERGY INTELLIGENCE GROUP, INC. / ENERGY INTELLIGENCE GROUP (UK) LIMITED.",2021,69.41
Angola,Olombendo,Source: Energy Intelligence,"COPYRIGHT © 2001-2021 ENERGY INTELLIGENCE GROUP, INC. / ENERGY INTELLIGENCE GROUP (UK) LIMITED.",2021,52.05
Angola,Nemba,Source: Energy Intelligence,"COPYRIGHT © 2001-2021 ENERGY INTELLIGENCE GROUP, INC. / ENERGY INTELLIGENCE GROUP (UK) LIMITED.",2021,98.9
Angola,Mostarda,Source: Energy Intelligence,"COPYRIGHT © 2001-2021 ENERGY INTELLIGENCE GROUP, INC. / ENERGY INTELLIGENCE GROUP (UK) LIMITED.",2021,114.52
Angola,Kissanje Blend,Source: Energy Intelligence,"COPYRIGHT © 2001-2021 ENERGY INTELLIGENCE GROUP, INC. / ENERGY INTELLIGENCE GROUP (UK) LIMITED.",2021,46.85
Angola,Hungo,Source: Energy Intelligence,"COPYRIGHT © 2001-2021 ENERGY INTELLIGENCE GROUP, INC. / ENERGY INTELLIGENCE GROUP (UK) LIMITED.",2021,46.85
Angola,Girassol,Source: Energy Intelligence,"COPYRIGHT © 2001-2021 ENERGY INTELLIGENCE GROUP, INC. / ENERGY INTELLIGENCE GROUP (UK) LIMITED.",2021,90.41
Angola,Gindungo,Source: Energy Intelligence,"COPYRIGHT © 2001-2021 ENERGY INTELLIGENCE GROUP, INC. / ENERGY INTELLIGENCE GROUP (UK) LIMITED.",2021,49.45
Angola,Dalia,Source: Energy Intelligence,"COPYRIGHT © 2001-2021 ENERGY INTELLIGENCE GROUP, INC. / ENERGY INTELLIGENCE GROUP (UK) LIMITED.",2021,119.73
Angola,CLOV,Source: Energy Intelligence,"COPYRIGHT © 2001-2021 ENERGY INTELLIGENCE GROUP, INC. / ENERGY INTELLIGENCE GROUP (UK) LIMITED.",2021,79.45
Angola,Cabinda,Source: Energy Intelligence,"COPYRIGHT © 2001-2021 ENERGY INTELLIGENCE GROUP, INC. / ENERGY INTELLIGENCE GROUP (UK) LIMITED.",2021,101.51
Angola,Saturno,Source: Energy Intelligence,"COPYRIGHT © 2001-2021 ENERGY INTELLIGENCE GROUP, INC. / ENERGY INTELLIGENCE GROUP (UK) LIMITED.",2022,59.86
Angola,Sangos,Source: Energy Intelligence,"COPYRIGHT © 2001-2021 ENERGY INTELLIGENCE GROUP, INC. / ENERGY INTELLIGENCE GROUP (UK) LIMITED.",2022,54.66
Angola,Plutonio,Source: Energy Intelligence,"COPYRIGHT © 2001-2021 ENERGY INTELLIGENCE GROUP, INC. / ENERGY INTELLIGENCE GROUP (UK) LIMITED.",2022,62.6
Angola,Pazflor,Source: Energy Intelligence,"COPYRIGHT © 2001-2021 ENERGY INTELLIGENCE GROUP, INC. / ENERGY INTELLIGENCE GROUP (UK) LIMITED.",2022,80.68
Angola,Other Crudes - Angola,Source: Energy Intelligence,"COPYRIGHT © 2001-2021 ENERGY INTELLIGENCE GROUP, INC. / ENERGY INTELLIGENCE GROUP (UK) LIMITED.",2022,73.32
Angola,Olombendo,Source: Energy Intelligence,"COPYRIGHT © 2001-2021 ENERGY INTELLIGENCE GROUP, INC. / ENERGY INTELLIGENCE GROUP (UK) LIMITED.",2022,52.88
Angola,Nemba,Source: Energy Intelligence,"COPYRIGHT © 2001-2021 ENERGY INTELLIGENCE GROUP, INC. / ENERGY INTELLIGENCE GROUP (UK) LIMITED.",2022,93.7
Angola,Mostarda,Source: Energy Intelligence,"COPYRIGHT © 2001-2021 ENERGY INTELLIGENCE GROUP, INC. / ENERGY INTELLIGENCE GROUP (UK) LIMITED.",2022,114.52
Angola,Kissanje Blend,Source: Energy Intelligence,"COPYRIGHT © 2001-2021 ENERGY INTELLIGENCE GROUP, INC. / ENERGY INTELLIGENCE GROUP (UK) LIMITED.",2022,49.45
Angola,Hungo,Source: Energy Intelligence,"COPYRIGHT © 2001-2021 ENERGY INTELLIGENCE GROUP, INC. / ENERGY INTELLIGENCE GROUP (UK) LIMITED.",2022,44.25
Angola,Girassol,Source: Energy Intelligence,"COPYRIGHT © 2001-2021 ENERGY INTELLIGENCE GROUP, INC. / ENERGY INTELLIGENCE GROUP (UK) LIMITED.",2022,87.67
Angola,Gindungo,Source: Energy Intelligence,"COPYRIGHT © 2001-2021 ENERGY INTELLIGENCE GROUP, INC. / ENERGY INTELLIGENCE GROUP (UK) LIMITED.",2022,36.44
Angola,Dalia,Source: Energy Intelligence,"COPYRIGHT © 2001-2021 ENERGY INTELLIGENCE GROUP, INC. / ENERGY INTELLIGENCE GROUP (UK) LIMITED.",2022,114.52
Angola,CLOV,Source: Energy Intelligence,"COPYRIGHT © 2001-2021 ENERGY INTELLIGENCE GROUP, INC. / ENERGY INTELLIGENCE GROUP (UK) LIMITED.",2022,101.37
Angola,Cabinda,Source: Energy Intelligence,"COPYRIGHT © 2001-2021 ENERGY INTELLIGENCE GROUP, INC. / ENERGY INTELLIGENCE GROUP (UK) LIMITED.",2022,72.88
Angola,Saturno,Source: Energy Intelligence,"COPYRIGHT © 2001-2021 ENERGY INTELLIGENCE GROUP, INC. / ENERGY INTELLIGENCE GROUP (UK) LIMITED.",2023,72.9
Angola,Sangos,Source: Energy Intelligence,"COPYRIGHT © 2001-2021 ENERGY INTELLIGENCE GROUP, INC. / ENERGY INTELLIGENCE GROUP (UK) LIMITED.",2023,54.66
Angola,Plutonio,Source: Energy Intelligence,"COPYRIGHT © 2001-2021 ENERGY INTELLIGENCE GROUP, INC. / ENERGY INTELLIGENCE GROUP (UK) LIMITED.",2023,65.5
Angola,Pazflor,Source: Energy Intelligence,"COPYRIGHT © 2001-2021 ENERGY INTELLIGENCE GROUP, INC. / ENERGY INTELLIGENCE GROUP (UK) LIMITED.",2023,70.27
Angola,Other Crudes - Angola,Source: Energy Intelligence,"COPYRIGHT © 2001-2021 ENERGY INTELLIGENCE GROUP, INC. / ENERGY INTELLIGENCE GROUP (UK) LIMITED.",2023,66.52
Angola,Olombendo,Source: Energy Intelligence,"COPYRIGHT © 2001-2021 ENERGY INTELLIGENCE GROUP, INC. / ENERGY INTELLIGENCE GROUP (UK) LIMITED.",2023,41.6
Angola,Nemba,Source: Energy Intelligence,"COPYRIGHT © 2001-2021 ENERGY INTELLIGENCE GROUP, INC. / ENERGY INTELLIGENCE GROUP (UK) LIMITED.",2023,98.9
Angola,Mostarda,Source: Energy Intelligence,"COPYRIGHT © 2001-2021 ENERGY INTELLIGENCE GROUP, INC. / ENERGY INTELLIGENCE GROUP (UK) LIMITED.",2023,124.9
Angola,Kissanje Blend,Source: Energy Intelligence,"COPYRIGHT © 2001-2021 ENERGY INTELLIGENCE GROUP, INC. / ENERGY INTELLIGENCE GROUP (UK) LIMITED.",2023,46.8
Angola,Hungo,Source: Energy Intelligence,"COPYRIGHT © 2001-2021 ENERGY INTELLIGENCE GROUP, INC. / ENERGY INTELLIGENCE GROUP (UK) LIMITED.",2023,54.7
Angola,Girassol,Source: Energy Intelligence,"COPYRIGHT © 2001-2021 ENERGY INTELLIGENCE GROUP, INC. / ENERGY INTELLIGENCE GROUP (UK) LIMITED.",2023,76.6
Angola,Gindungo,Source: Energy Intelligence,"COPYRIGHT © 2001-2021 ENERGY INTELLIGENCE GROUP, INC. / ENERGY INTELLIGENCE GROUP (UK) LIMITED.",2023,28.8
Angola,Dalia,Source: Energy Intelligence,"COPYRIGHT © 2001-2021 ENERGY INTELLIGENCE GROUP, INC. / ENERGY INTELLIGENCE GROUP (UK) LIMITED.",2023,101.5
Angola,CLOV,Source: Energy Intelligence,"COPYRIGHT © 2001-2021 ENERGY INTELLIGENCE GROUP, INC. / ENERGY INTELLIGENCE GROUP (UK) LIMITED.",2023,101.37
Angola,Cabinda,Source: Energy Intelligence,"COPYRIGHT © 2001-2021 ENERGY INTELLIGENCE GROUP, INC. / ENERGY INTELLIGENCE GROUP (UK) LIMITED.",2023,72.88
Angola,Saturno,Source: Energy Intelligence,"COPYRIGHT © 2001-2021 ENERGY INTELLIGENCE GROUP, INC. / ENERGY INTELLIGENCE GROUP (UK) LIMITED.",2024,70.6
Angola,Sangos,Source: Energy Intelligence,"COPYRIGHT © 2001-2021 ENERGY INTELLIGENCE GROUP, INC. / ENERGY INTELLIGENCE GROUP (UK) LIMITED.",2024,56.1
Angola,Plutonio,Source: Energy Intelligence,"COPYRIGHT © 2001-2021 ENERGY INTELLIGENCE GROUP, INC. / ENERGY INTELLIGENCE GROUP (UK) LIMITED.",2024,60.65
Angola,Pazflor,Source: Energy Intelligence,"COPYRIGHT © 2001-2021 ENERGY INTELLIGENCE GROUP, INC. / ENERGY INTELLIGENCE GROUP (UK) LIMITED.",2024,74.3
Angola,Other Crudes - Angola,Source: Energy Intelligence,"COPYRIGHT © 2001-2021 ENERGY INTELLIGENCE GROUP, INC. / ENERGY INTELLIGENCE GROUP (UK) LIMITED.",2024,69.85
Angola,Olombendo,Source: Energy Intelligence,"COPYRIGHT © 2001-2021 ENERGY INTELLIGENCE GROUP, INC. / ENERGY INTELLIGENCE GROUP (UK) LIMITED.",2024,41.8
Angola,Nemba,Source: Energy Intelligence,"COPYRIGHT © 2001-2021 ENERGY INTELLIGENCE GROUP, INC. / ENERGY INTELLIGENCE GROUP (UK) LIMITED.",2024,99.2
Angola,Mostarda,Source: Energy Intelligence,"COPYRIGHT © 2001-2021 ENERGY INTELLIGENCE GROUP, INC. / ENERGY INTELLIGENCE GROUP (UK) LIMITED.",2024,127.8
Angola,Kissanje Blend,Source: Energy Intelligence,"COPYRIGHT © 2001-2021 ENERGY INTELLIGENCE GROUP, INC. / ENERGY INTELLIGENCE GROUP (UK) LIMITED.",2024,50.8
Angola,Hungo,Source: Energy Intelligence,"COPYRIGHT © 2001-2021 ENERGY INTELLIGENCE GROUP, INC. / ENERGY INTELLIGENCE GROUP (UK) LIMITED.",2024,58.6
Angola,Girassol,Source: Energy Intelligence,"COPYRIGHT © 2001-2021 ENERGY INTELLIGENCE GROUP, INC. / ENERGY INTELLIGENCE GROUP (UK) LIMITED.",2024,74.7
Angola,Gindungo,Source: Energy Intelligence,"COPYRIGHT © 2001-2021 ENERGY INTELLIGENCE GROUP, INC. / ENERGY INTELLIGENCE GROUP (UK) LIMITED.",2024,29.9
Angola,Dalia,Source: Energy Intelligence,"COPYRIGHT © 2001-2021 ENERGY INTELLIGENCE GROUP, INC. / ENERGY INTELLIGENCE GROUP (UK) LIMITED.",2024,112.1
Angola,CLOV,Source: Energy Intelligence,"COPYRIGHT © 2001-2021 ENERGY INTELLIGENCE GROUP, INC. / ENERGY INTELLIGENCE GROUP (UK) LIMITED.",2024,94.2
Angola,Cabinda,Source: Energy Intelligence,"COPYRIGHT © 2001-2021 ENERGY INTELLIGENCE GROUP, INC. / ENERGY INTELLIGENCE GROUP (UK) LIMITED.",2024,73.1
Argentina,Other Crudes - Argentina,Source: Energy Intelligence,"COPYRIGHT © 2001-2021 ENERGY INTELLIGENCE GROUP, INC. / ENERGY INTELLIGENCE GROUP (UK) LIMITED.",2006,32
Argentina,Escalante,Source: Energy Intelligence,"COPYRIGHT © 2001-2021 ENERGY INTELLIGENCE GROUP, INC. / ENERGY INTELLIGENCE GROUP (UK) LIMITED.",2006,55
Argentina,Other Crudes - Argentina,Source: Energy Intelligence,"COPYRIGHT © 2001-2021 ENERGY INTELLIGENCE GROUP, INC. / ENERGY INTELLIGENCE GROUP (UK) LIMITED.",2007,18.7
Argentina,Escalante,Source: Energy Intelligence,"COPYRIGHT © 2001-2021 ENERGY INTELLIGENCE GROUP, INC. / ENERGY INTELLIGENCE GROUP (UK) LIMITED.",2007,38.3
Argentina,Other Crudes - Argentina,Source: Energy Intelligence,"COPYRIGHT © 2001-2021 ENERGY INTELLIGENCE GROUP, INC. / ENERGY INTELLIGENCE GROUP (UK) LIMITED.",2008,2.2
Argentina,Escalante,Source: Energy Intelligence,"COPYRIGHT © 2001-2021 ENERGY INTELLIGENCE GROUP, INC. / ENERGY INTELLIGENCE GROUP (UK) LIMITED.",2008,52.8
Argentina,Other Crudes - Argentina,Source: Energy Intelligence,"COPYRIGHT © 2001-2021 ENERGY INTELLIGENCE GROUP, INC. / ENERGY INTELLIGENCE GROUP (UK) LIMITED.",2009,16
Argentina,Escalante,Source: Energy Intelligence,"COPYRIGHT © 2001-2021 ENERGY INTELLIGENCE GROUP, INC. / ENERGY INTELLIGENCE GROUP (UK) LIMITED.",2009,89
Argentina,Other Crudes - Argentina,Source: Energy Intelligence,"COPYRIGHT © 2001-2021 ENERGY INTELLIGENCE GROUP, INC. / ENERGY INTELLIGENCE GROUP (UK) LIMITED.",2010,20.39
Argentina,Escalante,Source: Energy Intelligence,"COPYRIGHT © 2001-2021 ENERGY INTELLIGENCE GROUP, INC. / ENERGY INTELLIGENCE GROUP (UK) LIMITED.",2010,71.2
Argentina,Other Crudes - Argentina,Source: Energy Intelligence,"COPYRIGHT © 2001-2021 ENERGY INTELLIGENCE GROUP, INC. / ENERGY INTELLIGENCE GROUP (UK) LIMITED.",2011,7.09
Argentina,Escalante,Source: Energy Intelligence,"COPYRIGHT © 2001-2021 ENERGY INTELLIGENCE GROUP, INC. / ENERGY INTELLIGENCE GROUP (UK) LIMITED.",2011,52.43
Argentina,Other Crudes - Argentina,Source: Energy Intelligence,"COPYRIGHT © 2001-2021 ENERGY INTELLIGENCE GROUP, INC. / ENERGY INTELLIGENCE GROUP (UK) LIMITED.",2012,21.67
Argentina,Escalante,Source: Energy Intelligence,"COPYRIGHT © 2001-2021 ENERGY INTELLIGENCE GROUP, INC. / ENERGY INTELLIGENCE GROUP (UK) LIMITED.",2012,44.06
Argentina,Other Crudes - Argentina,Source: Energy Intelligence,"COPYRIGHT © 2001-2021 ENERGY INTELLIGENCE GROUP, INC. / ENERGY INTELLIGENCE GROUP (UK) LIMITED.",2013,9.21
Argentina,Escalante,Source: Energy Intelligence,"COPYRIGHT © 2001-2021 ENERGY INTELLIGENCE GROUP, INC. / ENERGY INTELLIGENCE GROUP (UK) LIMITED.",2013,34.44
Argentina,Other Crudes - Argentina,Source: Energy Intelligence,"COPYRIGHT © 2001-2021 ENERGY INTELLIGENCE GROUP, INC. / ENERGY INTELLIGENCE GROUP (UK) LIMITED.",2014,0.62
Argentina,Escalante,Source: Energy Intelligence,"COPYRIGHT © 2001-2021 ENERGY INTELLIGENCE GROUP, INC. / ENERGY INTELLIGENCE GROUP (UK) LIMITED.",2014,45.48
Argentina,Other Crudes - Argentina,Source: Energy Intelligence,"COPYRIGHT © 2001-2021 ENERGY INTELLIGENCE GROUP, INC. / ENERGY INTELLIGENCE GROUP (UK) LIMITED.",2015,0.63
Argentina,Escalante,Source: Energy Intelligence,"COPYRIGHT © 2001-2021 ENERGY INTELLIGENCE GROUP, INC. / ENERGY INTELLIGENCE GROUP (UK) LIMITED.",2015,39.72
Argentina,Other Crudes - Argentina,Source: Energy Intelligence,"COPYRIGHT © 2001-2021 ENERGY INTELLIGENCE GROUP, INC. / ENERGY INTELLIGENCE GROUP (UK) LIMITED.",2016,3.72
Argentina,Escalante,Source: Energy Intelligence,"COPYRIGHT © 2001-2021 ENERGY INTELLIGENCE GROUP, INC. / ENERGY INTELLIGENCE GROUP (UK) LIMITED.",2016,47.33
Argentina,Other Crudes - Argentina,Source: Energy Intelligence,"COPYRIGHT © 2001-2021 ENERGY INTELLIGENCE GROUP, INC. / ENERGY INTELLIGENCE GROUP (UK) LIMITED.",2017,2.32
Argentina,Escalante,Source: Energy Intelligence,"COPYRIGHT © 2001-2021 ENERGY INTELLIGENCE GROUP, INC. / ENERGY INTELLIGENCE GROUP (UK) LIMITED.",2017,26.36
Argentina,Other Crudes - Argentina,Source: Energy Intelligence,"COPYRIGHT © 2001-2021 ENERGY INTELLIGENCE GROUP, INC. / ENERGY INTELLIGENCE GROUP (UK) LIMITED.",2018,11.43
Argentina,Escalante,Source: Energy Intelligence,"COPYRIGHT © 2001-2021 ENERGY INTELLIGENCE GROUP, INC. / ENERGY INTELLIGENCE GROUP (UK) LIMITED.",2018,47.2
Argentina,Other Crudes - Argentina,Source: Energy Intelligence,"COPYRIGHT © 2001-2021 ENERGY INTELLIGENCE GROUP, INC. / ENERGY INTELLIGENCE GROUP (UK) LIMITED.",2019,16.05
Argentina,Escalante,Source: Energy Intelligence,"COPYRIGHT © 2001-2021 ENERGY INTELLIGENCE GROUP, INC. / ENERGY INTELLIGENCE GROUP (UK) LIMITED.",2019,49.22
Argentina,Other Crudes - Argentina,Source: Energy Intelligence,"COPYRIGHT © 2001-2021 ENERGY INTELLIGENCE GROUP, INC. / ENERGY INTELLIGENCE GROUP (UK) LIMITED.",2020,26.31
Argentina,Escalante,Source: Energy Intelligence,"COPYRIGHT © 2001-2021 ENERGY INTELLIGENCE GROUP, INC. / ENERGY INTELLIGENCE GROUP (UK) LIMITED.",2020,46.14
Argentina,Other Crudes - Argentina,Source: Energy Intelligence,"COPYRIGHT © 2001-2021 ENERGY INTELLIGENCE GROUP, INC. / ENERGY INTELLIGENCE GROUP (UK) LIMITED.",2021,24.19
Argentina,Escalante,Source: Energy Intelligence,"COPYRIGHT © 2001-2021 ENERGY INTELLIGENCE GROUP, INC. / ENERGY INTELLIGENCE GROUP (UK) LIMITED.",2021,34.3
Argentina,Other Crudes - Argentina,Source: Energy Intelligence,"COPYRIGHT © 2001-2021 ENERGY INTELLIGENCE GROUP, INC. / ENERGY INTELLIGENCE GROUP (UK) LIMITED.",2022,73.26
Argentina,Escalante,Source: Energy Intelligence,"COPYRIGHT © 2001-2021 ENERGY INTELLIGENCE GROUP, INC. / ENERGY INTELLIGENCE GROUP (UK) LIMITED.",2022,31.13
Argentina,Other Crudes - Argentina,Source: Energy Intelligence,"COPYRIGHT © 2001-2021 ENERGY INTELLIGENCE GROUP, INC. / ENERGY INTELLIGENCE GROUP (UK) LIMITED.",2023,10.8
Argentina,Medanito,Source: Energy Intelligence,"COPYRIGHT © 2001-2021 ENERGY INTELLIGENCE GROUP, INC. / ENERGY INTELLIGENCE GROUP (UK) LIMITED.",2023,90.57
Argentina,Escalante,Source: Energy Intelligence,"COPYRIGHT © 2001-2021 ENERGY INTELLIGENCE GROUP, INC. / ENERGY INTELLIGENCE GROUP (UK) LIMITED.",2023,26.4
Argentina,Other Crudes - Argentina,Source: Energy Intelligence,"COPYRIGHT © 2001-2021 ENERGY INTELLIGENCE GROUP, INC. / ENERGY INTELLIGENCE GROUP (UK) LIMITED.",2024,12
Argentina,Medanito,Source: Energy Intelligence,"COPYRIGHT © 2001-2021 ENERGY INTELLIGENCE GROUP, INC. / ENERGY INTELLIGENCE GROUP (UK) LIMITED.",2024,108
Argentina,Escalante,Source: Energy Intelligence,"COPYRIGHT © 2001-2021 ENERGY INTELLIGENCE GROUP, INC. / ENERGY INTELLIGENCE GROUP (UK) LIMITED.",2024,25.2
Australia,Other Crudes - Australia,Source: Energy Intelligence,"COPYRIGHT © 2001-2021 ENERGY INTELLIGENCE GROUP, INC. / ENERGY INTELLIGENCE GROUP (UK) LIMITED.",2006,65.63
Australia,Northwest Shelf Condensate,Source: Energy Intelligence,"COPYRIGHT © 2001-2021 ENERGY INTELLIGENCE GROUP, INC. / ENERGY INTELLIGENCE GROUP (UK) LIMITED.",2006,82.4
Australia,Bayu-Undan,Source: Energy Intelligence,"COPYRIGHT © 2001-2021 ENERGY INTELLIGENCE GROUP, INC. / ENERGY INTELLIGENCE GROUP (UK) LIMITED.",2006,56
Australia,Other Crudes - Australia,Source: Energy Intelligence,"COPYRIGHT © 2001-2021 ENERGY INTELLIGENCE GROUP, INC. / ENERGY INTELLIGENCE GROUP (UK) LIMITED.",2007,104.4
Australia,Northwest Shelf Condensate,Source: Energy Intelligence,"COPYRIGHT © 2001-2021 ENERGY INTELLIGENCE GROUP, INC. / ENERGY INTELLIGENCE GROUP (UK) LIMITED.",2007,89
Australia,Bayu-Undan,Source: Energy Intelligence,"COPYRIGHT © 2001-2021 ENERGY INTELLIGENCE GROUP, INC. / ENERGY INTELLIGENCE GROUP (UK) LIMITED.",2007,55
Australia,Other Crudes - Australia,Source: Energy Intelligence,"COPYRIGHT © 2001-2021 ENERGY INTELLIGENCE GROUP, INC. / ENERGY INTELLIGENCE GROUP (UK) LIMITED.",2008,100.75
Australia,Northwest Shelf Condensate,Source: Energy Intelligence,"COPYRIGHT © 2001-2021 ENERGY INTELLIGENCE GROUP, INC. / ENERGY INTELLIGENCE GROUP (UK) LIMITED.",2008,97
Australia,Bayu-Undan,Source: Energy Intelligence,"COPYRIGHT © 2001-2021 ENERGY INTELLIGENCE GROUP, INC. / ENERGY INTELLIGENCE GROUP (UK) LIMITED.",2008,65
Australia,Other Crudes - Australia,Source: Energy Intelligence,"COPYRIGHT © 2001-2021 ENERGY INTELLIGENCE GROUP, INC. / ENERGY INTELLIGENCE GROUP (UK) LIMITED.",2009,82.69
Australia,Northwest Shelf Condensate,Source: Energy Intelligence,"COPYRIGHT © 2001-2021 ENERGY INTELLIGENCE GROUP, INC. / ENERGY INTELLIGENCE GROUP (UK) LIMITED.",2009,122.5
Australia,Bayu-Undan,Source: Energy Intelligence,"COPYRIGHT © 2001-2021 ENERGY INTELLIGENCE GROUP, INC. / ENERGY INTELLIGENCE GROUP (UK) LIMITED.",2009,61.2
Australia,Pyrenees,Source: Energy Intelligence,"COPYRIGHT © 2001-2021 ENERGY INTELLIGENCE GROUP, INC. / ENERGY INTELLIGENCE GROUP (UK) LIMITED.",2010,80
Australia,Other Crudes - Australia,Source: Energy Intelligence,"COPYRIGHT © 2001-2021 ENERGY INTELLIGENCE GROUP, INC. / ENERGY INTELLIGENCE GROUP (UK) LIMITED.",2010,95.04
Australia,Northwest Shelf Condensate,Source: Energy Intelligence,"COPYRIGHT © 2001-2021 ENERGY INTELLIGENCE GROUP, INC. / ENERGY INTELLIGENCE GROUP (UK) LIMITED.",2010,122.3
Australia,Bayu-Undan,Source: Energy Intelligence,"COPYRIGHT © 2001-2021 ENERGY INTELLIGENCE GROUP, INC. / ENERGY INTELLIGENCE GROUP (UK) LIMITED.",2010,55
Australia,Van Gogh,Source: Energy Intelligence,"COPYRIGHT © 2001-2021 ENERGY INTELLIGENCE GROUP, INC. / ENERGY INTELLIGENCE GROUP (UK) LIMITED.",2011,17.7
Australia,Pyrenees,Source: Energy Intelligence,"COPYRIGHT © 2001-2021 ENERGY INTELLIGENCE GROUP, INC. / ENERGY INTELLIGENCE GROUP (UK) LIMITED.",2011,75.9
Australia,Other Crudes - Australia,Source: Energy Intelligence,"COPYRIGHT © 2001-2021 ENERGY INTELLIGENCE GROUP, INC. / ENERGY INTELLIGENCE GROUP (UK) LIMITED.",2011,27.87
Australia,Northwest Shelf Condensate,Source: Energy Intelligence,"COPYRIGHT © 2001-2021 ENERGY INTELLIGENCE GROUP, INC. / ENERGY INTELLIGENCE GROUP (UK) LIMITED.",2011,104.7
Australia,Gippsland,Source: Energy Intelligence,"COPYRIGHT © 2001-2021 ENERGY INTELLIGENCE GROUP, INC. / ENERGY INTELLIGENCE GROUP (UK) LIMITED.",2011,19.73
Australia,Cossack,Source: Energy Intelligence,"COPYRIGHT © 2001-2021 ENERGY INTELLIGENCE GROUP, INC. / ENERGY INTELLIGENCE GROUP (UK) LIMITED.",2011,7.7
Australia,Bayu-Undan,Source: Energy Intelligence,"COPYRIGHT © 2001-2021 ENERGY INTELLIGENCE GROUP, INC. / ENERGY INTELLIGENCE GROUP (UK) LIMITED.",2011,57.1
Australia,Van Gogh,Source: Energy Intelligence,"COPYRIGHT © 2001-2021 ENERGY INTELLIGENCE GROUP, INC. / ENERGY INTELLIGENCE GROUP (UK) LIMITED.",2012,18.3
Australia,Pyrenees,Source: Energy Intelligence,"COPYRIGHT © 2001-2021 ENERGY INTELLIGENCE GROUP, INC. / ENERGY INTELLIGENCE GROUP (UK) LIMITED.",2012,45.9
Australia,Other Crudes - Australia,Source: Energy Intelligence,"COPYRIGHT © 2001-2021 ENERGY INTELLIGENCE GROUP, INC. / ENERGY INTELLIGENCE GROUP (UK) LIMITED.",2012,42.78
Australia,Northwest Shelf Condensate,Source: Energy Intelligence,"COPYRIGHT © 2001-2021 ENERGY INTELLIGENCE GROUP, INC. / ENERGY INTELLIGENCE GROUP (UK) LIMITED.",2012,96.7
Australia,Gippsland,Source: Energy Intelligence,"COPYRIGHT © 2001-2021 ENERGY INTELLIGENCE GROUP, INC. / ENERGY INTELLIGENCE GROUP (UK) LIMITED.",2012,18.82
Australia,Cossack,Source: Energy Intelligence,"COPYRIGHT © 2001-2021 ENERGY INTELLIGENCE GROUP, INC. / ENERGY INTELLIGENCE GROUP (UK) LIMITED.",2012,28.2
Australia,Bayu-Undan,Source: Energy Intelligence,"COPYRIGHT © 2001-2021 ENERGY INTELLIGENCE GROUP, INC. / ENERGY INTELLIGENCE GROUP (UK) LIMITED.",2012,49.9
Australia,Van Gogh,Source: Energy Intelligence,"COPYRIGHT © 2001-2021 ENERGY INTELLIGENCE GROUP, INC. / ENERGY INTELLIGENCE GROUP (UK) LIMITED.",2013,10.98
Australia,Pyrenees,Source: Energy Intelligence,"COPYRIGHT © 2001-2021 ENERGY INTELLIGENCE GROUP, INC. / ENERGY INTELLIGENCE GROUP (UK) LIMITED.",2013,29.6
Australia,Other Crudes - Australia,Source: Energy Intelligence,"COPYRIGHT © 2001-2021 ENERGY INTELLIGENCE GROUP, INC. / ENERGY INTELLIGENCE GROUP (UK) LIMITED.",2013,20.36
Australia,Northwest Shelf Condensate,Source: Energy Intelligence,"COPYRIGHT © 2001-2021 ENERGY INTELLIGENCE GROUP, INC. / ENERGY INTELLIGENCE GROUP (UK) LIMITED.",2013,88.85
Australia,Gippsland,Source: Energy Intelligence,"COPYRIGHT © 2001-2021 ENERGY INTELLIGENCE GROUP, INC. / ENERGY INTELLIGENCE GROUP (UK) LIMITED.",2013,16.31
Australia,Cossack,Source: Energy Intelligence,"COPYRIGHT © 2001-2021 ENERGY INTELLIGENCE GROUP, INC. / ENERGY INTELLIGENCE GROUP (UK) LIMITED.",2013,28.4
Australia,Bayu-Undan,Source: Energy Intelligence,"COPYRIGHT © 2001-2021 ENERGY INTELLIGENCE GROUP, INC. / ENERGY INTELLIGENCE GROUP (UK) LIMITED.",2013,40
Australia,Pyrenees,Source: Energy Intelligence,"COPYRIGHT © 2001-2021 ENERGY INTELLIGENCE GROUP, INC. / ENERGY INTELLIGENCE GROUP (UK) LIMITED.",2014,37.02
Australia,Other Crudes - Australia,Source: Energy Intelligence,"COPYRIGHT © 2001-2021 ENERGY INTELLIGENCE GROUP, INC. / ENERGY INTELLIGENCE GROUP (UK) LIMITED.",2014,116.21
Australia,Northwest Shelf Condensate,Source: Energy Intelligence,"COPYRIGHT © 2001-2021 ENERGY INTELLIGENCE GROUP, INC. / ENERGY INTELLIGENCE GROUP (UK) LIMITED.",2014,104.6
Australia,Gippsland,Source: Energy Intelligence,"COPYRIGHT © 2001-2021 ENERGY INTELLIGENCE GROUP, INC. / ENERGY INTELLIGENCE GROUP (UK) LIMITED.",2014,19.47
Australia,Pyrenees,Source: Energy Intelligence,"COPYRIGHT © 2001-2021 ENERGY INTELLIGENCE GROUP, INC. / ENERGY INTELLIGENCE GROUP (UK) LIMITED.",2015,32.92
Australia,Other Crudes - Australia,Source: Energy Intelligence,"COPYRIGHT © 2001-2021 ENERGY INTELLIGENCE GROUP, INC. / ENERGY INTELLIGENCE GROUP (UK) LIMITED.",2015,110.9
Australia,Northwest Shelf Condensate,Source: Energy Intelligence,"COPYRIGHT © 2001-2021 ENERGY INTELLIGENCE GROUP, INC. / ENERGY INTELLIGENCE GROUP (UK) LIMITED.",2015,92.99
Australia,Gippsland,Source: Energy Intelligence,"COPYRIGHT © 2001-2021 ENERGY INTELLIGENCE GROUP, INC. / ENERGY INTELLIGENCE GROUP (UK) LIMITED.",2015,12.09
Australia,Vincent,Source: Energy Intelligence,"COPYRIGHT © 2001-2021 ENERGY INTELLIGENCE GROUP, INC. / ENERGY INTELLIGENCE GROUP (UK) LIMITED.",2016,11.91
Australia,Pyrenees,Source: Energy Intelligence,"COPYRIGHT © 2001-2021 ENERGY INTELLIGENCE GROUP, INC. / ENERGY INTELLIGENCE GROUP (UK) LIMITED.",2016,32.93
Australia,Other Crudes - Australia,Source: Energy Intelligence,"COPYRIGHT © 2001-2021 ENERGY INTELLIGENCE GROUP, INC. / ENERGY INTELLIGENCE GROUP (UK) LIMITED.",2016,61.84
Australia,Northwest Shelf Condensate,Source: Energy Intelligence,"COPYRIGHT © 2001-2021 ENERGY INTELLIGENCE GROUP, INC. / ENERGY INTELLIGENCE GROUP (UK) LIMITED.",2016,100.85
Australia,Gippsland,Source: Energy Intelligence,"COPYRIGHT © 2001-2021 ENERGY INTELLIGENCE GROUP, INC. / ENERGY INTELLIGENCE GROUP (UK) LIMITED.",2016,14.26
Australia,Vincent,Source: Energy Intelligence,"COPYRIGHT © 2001-2021 ENERGY INTELLIGENCE GROUP, INC. / ENERGY INTELLIGENCE GROUP (UK) LIMITED.",2017,18.08
Australia,Pyrenees,Source: Energy Intelligence,"COPYRIGHT © 2001-2021 ENERGY INTELLIGENCE GROUP, INC. / ENERGY INTELLIGENCE GROUP (UK) LIMITED.",2017,25.38
Australia,Other Crudes - Australia,Source: Energy Intelligence,"COPYRIGHT © 2001-2021 ENERGY INTELLIGENCE GROUP, INC. / ENERGY INTELLIGENCE GROUP (UK) LIMITED.",2017,66.11
Australia,Northwest Shelf Condensate,Source: Energy Intelligence,"COPYRIGHT © 2001-2021 ENERGY INTELLIGENCE GROUP, INC. / ENERGY INTELLIGENCE GROUP (UK) LIMITED.",2017,89.88
Australia,Gippsland,Source: Energy Intelligence,"COPYRIGHT © 2001-2021 ENERGY INTELLIGENCE GROUP, INC. / ENERGY INTELLIGENCE GROUP (UK) LIMITED.",2017,12.3
Australia,Wheatstone Condensate,Source: Energy Intelligence,"COPYRIGHT © 2001-2021 ENERGY INTELLIGENCE GROUP, INC. / ENERGY INTELLIGENCE GROUP (UK) LIMITED.",2018,29.27
Australia,Vincent,Source: Energy Intelligence,"COPYRIGHT © 2001-2021 ENERGY INTELLIGENCE GROUP, INC. / ENERGY INTELLIGENCE GROUP (UK) LIMITED.",2018,9
Australia,Pyrenees,Source: Energy Intelligence,"COPYRIGHT © 2001-2021 ENERGY INTELLIGENCE GROUP, INC. / ENERGY INTELLIGENCE GROUP (UK) LIMITED.",2018,16.53
Australia,Other Crudes - Australia,Source: Energy Intelligence,"COPYRIGHT © 2001-2021 ENERGY INTELLIGENCE GROUP, INC. / ENERGY INTELLIGENCE GROUP (UK) LIMITED.",2018,80.17
Australia,Northwest Shelf Condensate,Source: Energy Intelligence,"COPYRIGHT © 2001-2021 ENERGY INTELLIGENCE GROUP, INC. / ENERGY INTELLIGENCE GROUP (UK) LIMITED.",2018,93.32
Australia,Gippsland,Source: Energy Intelligence,"COPYRIGHT © 2001-2021 ENERGY INTELLIGENCE GROUP, INC. / ENERGY INTELLIGENCE GROUP (UK) LIMITED.",2018,10.93
Australia,Wheatstone Condensate,Source: Energy Intelligence,"COPYRIGHT © 2001-2021 ENERGY INTELLIGENCE GROUP, INC. / ENERGY INTELLIGENCE GROUP (UK) LIMITED.",2019,48.85
Australia,Vincent,Source: Energy Intelligence,"COPYRIGHT © 2001-2021 ENERGY INTELLIGENCE GROUP, INC. / ENERGY INTELLIGENCE GROUP (UK) LIMITED.",2019,43.84
Australia,Pyrenees,Source: Energy Intelligence,"COPYRIGHT © 2001-2021 ENERGY INTELLIGENCE GROUP, INC. / ENERGY INTELLIGENCE GROUP (UK) LIMITED.",2019,16.76
Australia,Other Crudes - Australia,Source: Energy Intelligence,"COPYRIGHT © 2001-2021 ENERGY INTELLIGENCE GROUP, INC. / ENERGY INTELLIGENCE GROUP (UK) LIMITED.",2019,22.14
Australia,Northwest Shelf Condensate,Source: Energy Intelligence,"COPYRIGHT © 2001-2021 ENERGY INTELLIGENCE GROUP, INC. / ENERGY INTELLIGENCE GROUP (UK) LIMITED.",2019,90.41
Australia,Ichthys Condensate,Source: Energy Intelligence,"COPYRIGHT © 2001-2021 ENERGY INTELLIGENCE GROUP, INC. / ENERGY INTELLIGENCE GROUP (UK) LIMITED.",2019,50.3
Australia,Gippsland,Source: Energy Intelligence,"COPYRIGHT © 2001-2021 ENERGY INTELLIGENCE GROUP, INC. / ENERGY INTELLIGENCE GROUP (UK) LIMITED.",2019,9.81
Australia,Wheatstone Condensate,Source: Energy Intelligence,"COPYRIGHT © 2001-2021 ENERGY INTELLIGENCE GROUP, INC. / ENERGY INTELLIGENCE GROUP (UK) LIMITED.",2020,51.93
Australia,Vincent,Source: Energy Intelligence,"COPYRIGHT © 2001-2021 ENERGY INTELLIGENCE GROUP, INC. / ENERGY INTELLIGENCE GROUP (UK) LIMITED.",2020,37.72
Australia,Pyrenees,Source: Energy Intelligence,"COPYRIGHT © 2001-2021 ENERGY INTELLIGENCE GROUP, INC. / ENERGY INTELLIGENCE GROUP (UK) LIMITED.",2020,15.4
Australia,Other Crudes - Australia,Source: Energy Intelligence,"COPYRIGHT © 2001-2021 ENERGY INTELLIGENCE GROUP, INC. / ENERGY INTELLIGENCE GROUP (UK) LIMITED.",2020,31.43
Australia,Northwest Shelf Condensate,Source: Energy Intelligence,"COPYRIGHT © 2001-2021 ENERGY INTELLIGENCE GROUP, INC. / ENERGY INTELLIGENCE GROUP (UK) LIMITED.",2020,80.66
Australia,Ichthys Condensate,Source: Energy Intelligence,"COPYRIGHT © 2001-2021 ENERGY INTELLIGENCE GROUP, INC. / ENERGY INTELLIGENCE GROUP (UK) LIMITED.",2020,58.7
Australia,Gippsland,Source: Energy Intelligence,"COPYRIGHT © 2001-2021 ENERGY INTELLIGENCE GROUP, INC. / ENERGY INTELLIGENCE GROUP (UK) LIMITED.",2020,8.78
Australia,Wheatstone Condensate,Source: Energy Intelligence,"COPYRIGHT © 2001-2021 ENERGY INTELLIGENCE GROUP, INC. / ENERGY INTELLIGENCE GROUP (UK) LIMITED.",2021,36.88
Australia,Vincent,Source: Energy Intelligence,"COPYRIGHT © 2001-2021 ENERGY INTELLIGENCE GROUP, INC. / ENERGY INTELLIGENCE GROUP (UK) LIMITED.",2021,32.48
Australia,Pyrenees,Source: Energy Intelligence,"COPYRIGHT © 2001-2021 ENERGY INTELLIGENCE GROUP, INC. / ENERGY INTELLIGENCE GROUP (UK) LIMITED.",2021,12.2
Australia,Other Crudes - Australia,Source: Energy Intelligence,"COPYRIGHT © 2001-2021 ENERGY INTELLIGENCE GROUP, INC. / ENERGY INTELLIGENCE GROUP (UK) LIMITED.",2021,75.1
Australia,Northwest Shelf Condensate,Source: Energy Intelligence,"COPYRIGHT © 2001-2021 ENERGY INTELLIGENCE GROUP, INC. / ENERGY INTELLIGENCE GROUP (UK) LIMITED.",2021,59.4
Australia,Ichthys Condensate,Source: Energy Intelligence,"COPYRIGHT © 2001-2021 ENERGY INTELLIGENCE GROUP, INC. / ENERGY INTELLIGENCE GROUP (UK) LIMITED.",2021,62.87
Australia,Gippsland,Source: Energy Intelligence,"COPYRIGHT © 2001-2021 ENERGY INTELLIGENCE GROUP, INC. / ENERGY INTELLIGENCE GROUP (UK) LIMITED.",2021,9.58
Australia,Wheatstone Condensate,Source: Energy Intelligence,"COPYRIGHT © 2001-2021 ENERGY INTELLIGENCE GROUP, INC. / ENERGY INTELLIGENCE GROUP (UK) LIMITED.",2022,33
Australia,Vincent,Source: Energy Intelligence,"COPYRIGHT © 2001-2021 ENERGY INTELLIGENCE GROUP, INC. / ENERGY INTELLIGENCE GROUP (UK) LIMITED.",2022,34
Australia,Pyrenees,Source: Energy Intelligence,"COPYRIGHT © 2001-2021 ENERGY INTELLIGENCE GROUP, INC. / ENERGY INTELLIGENCE GROUP (UK) LIMITED.",2022,11
Australia,Other Crudes - Australia,Source: Energy Intelligence,"COPYRIGHT © 2001-2021 ENERGY INTELLIGENCE GROUP, INC. / ENERGY INTELLIGENCE GROUP (UK) LIMITED.",2022,78.2
Australia,Northwest Shelf Condensate,Source: Energy Intelligence,"COPYRIGHT © 2001-2021 ENERGY INTELLIGENCE GROUP, INC. / ENERGY INTELLIGENCE GROUP (UK) LIMITED.",2022,61
Australia,Ichthys Condensate,Source: Energy Intelligence,"COPYRIGHT © 2001-2021 ENERGY INTELLIGENCE GROUP, INC. / ENERGY INTELLIGENCE GROUP (UK) LIMITED.",2022,43.6
Australia,Gippsland,Source: Energy Intelligence,"COPYRIGHT © 2001-2021 ENERGY INTELLIGENCE GROUP, INC. / ENERGY INTELLIGENCE GROUP (UK) LIMITED.",2022,9.5
Australia,Wheatstone Condensate,Source: Energy Intelligence,"COPYRIGHT © 2001-2021 ENERGY INTELLIGENCE GROUP, INC. / ENERGY INTELLIGENCE GROUP (UK) LIMITED.",2023,31.5
Australia,Other Crudes - Australia,Source: Energy Intelligence,"COPYRIGHT © 2001-2021 ENERGY INTELLIGENCE GROUP, INC. / ENERGY INTELLIGENCE GROUP (UK) LIMITED.",2023,141
Australia,Northwest Shelf Condensate,Source: Energy Intelligence,"COPYRIGHT © 2001-2021 ENERGY INTELLIGENCE GROUP, INC. / ENERGY INTELLIGENCE GROUP (UK) LIMITED.",2023,52
Australia,Ichthys Condensate,Source: Energy Intelligence,"COPYRIGHT © 2001-2021 ENERGY INTELLIGENCE GROUP, INC. / ENERGY INTELLIGENCE GROUP (UK) LIMITED.",2023,45.8
Australia,Wheatstone Condensate,Source: Energy Intelligence,"COPYRIGHT © 2001-2021 ENERGY INTELLIGENCE GROUP, INC. / ENERGY INTELLIGENCE GROUP (UK) LIMITED.",2024,31.5
Australia,Other Crudes - Australia,Source: Energy Intelligence,"COPYRIGHT © 2001-2021 ENERGY INTELLIGENCE GROUP, INC. / ENERGY INTELLIGENCE GROUP (UK) LIMITED.",2024,137.4
Australia,Northwest Shelf Condensate,Source: Energy Intelligence,"COPYRIGHT © 2001-2021 ENERGY INTELLIGENCE GROUP, INC. / ENERGY INTELLIGENCE GROUP (UK) LIMITED.",2024,48.3
Australia,Ichthys Condensate,Source: Energy Intelligence,"COPYRIGHT © 2001-2021 ENERGY INTELLIGENCE GROUP, INC. / ENERGY INTELLIGENCE GROUP (UK) LIMITED.",2024,41.4
Azerbaijan,Other Crudes - Azerbaijan,Source: Energy Intelligence,"COPYRIGHT © 2001-2021 ENERGY INTELLIGENCE GROUP, INC. / ENERGY INTELLIGENCE GROUP (UK) LIMITED.",2006,9
Azerbaijan,Azeri Light,Source: Energy Intelligence,"COPYRIGHT © 2001-2021 ENERGY INTELLIGENCE GROUP, INC. / ENERGY INTELLIGENCE GROUP (UK) LIMITED.",2006,200
Azerbaijan,Azeri (BTC),Source: Energy Intelligence,"COPYRIGHT © 2001-2021 ENERGY INTELLIGENCE GROUP, INC. / ENERGY INTELLIGENCE GROUP (UK) LIMITED.",2006,200
Azerbaijan,Other Crudes - Azerbaijan,Source: Energy Intelligence,"COPYRIGHT © 2001-2021 ENERGY INTELLIGENCE GROUP, INC. / ENERGY INTELLIGENCE GROUP (UK) LIMITED.",2007,12
Azerbaijan,Azeri Light,Source: Energy Intelligence,"COPYRIGHT © 2001-2021 ENERGY INTELLIGENCE GROUP, INC. / ENERGY INTELLIGENCE GROUP (UK) LIMITED.",2007,100
Azerbaijan,Azeri (BTC),Source: Energy Intelligence,"COPYRIGHT © 2001-2021 ENERGY INTELLIGENCE GROUP, INC. / ENERGY INTELLIGENCE GROUP (UK) LIMITED.",2007,608
Azerbaijan,Other Crudes - Azerbaijan,Source: Energy Intelligence,"COPYRIGHT © 2001-2021 ENERGY INTELLIGENCE GROUP, INC. / ENERGY INTELLIGENCE GROUP (UK) LIMITED.",2008,23
Azerbaijan,Azeri Light,Source: Energy Intelligence,"COPYRIGHT © 2001-2021 ENERGY INTELLIGENCE GROUP, INC. / ENERGY INTELLIGENCE GROUP (UK) LIMITED.",2008,86
Azerbaijan,Azeri (BTC),Source: Energy Intelligence,"COPYRIGHT © 2001-2021 ENERGY INTELLIGENCE GROUP, INC. / ENERGY INTELLIGENCE GROUP (UK) LIMITED.",2008,648
Azerbaijan,Other Crudes - Azerbaijan,Source: Energy Intelligence,"COPYRIGHT © 2001-2021 ENERGY INTELLIGENCE GROUP, INC. / ENERGY INTELLIGENCE GROUP (UK) LIMITED.",2009,32
Azerbaijan,Azeri Light,Source: Energy Intelligence,"COPYRIGHT © 2001-2021 ENERGY INTELLIGENCE GROUP, INC. / ENERGY INTELLIGENCE GROUP (UK) LIMITED.",2009,90
Azerbaijan,Azeri (BTC),Source: Energy Intelligence,"COPYRIGHT © 2001-2021 ENERGY INTELLIGENCE GROUP, INC. / ENERGY INTELLIGENCE GROUP (UK) LIMITED.",2009,780
Azerbaijan,Other Crudes - Azerbaijan,Source: Energy Intelligence,"COPYRIGHT © 2001-2021 ENERGY INTELLIGENCE GROUP, INC. / ENERGY INTELLIGENCE GROUP (UK) LIMITED.",2010,32.4
Azerbaijan,Azeri Light,Source: Energy Intelligence,"COPYRIGHT © 2001-2021 ENERGY INTELLIGENCE GROUP, INC. / ENERGY INTELLIGENCE GROUP (UK) LIMITED.",2010,105
Azerbaijan,Azeri (BTC),Source: Energy Intelligence,"COPYRIGHT © 2001-2021 ENERGY INTELLIGENCE GROUP, INC. / ENERGY INTELLIGENCE GROUP (UK) LIMITED.",2010,783
Azerbaijan,Other Crudes - Azerbaijan,Source: Energy Intelligence,"COPYRIGHT © 2001-2021 ENERGY INTELLIGENCE GROUP, INC. / ENERGY INTELLIGENCE GROUP (UK) LIMITED.",2011,112.96
Azerbaijan,Azeri Light,Source: Energy Intelligence,"COPYRIGHT © 2001-2021 ENERGY INTELLIGENCE GROUP, INC. / ENERGY INTELLIGENCE GROUP (UK) LIMITED.",2011,96.39
Azerbaijan,Azeri (BTC),Source: Energy Intelligence,"COPYRIGHT © 2001-2021 ENERGY INTELLIGENCE GROUP, INC. / ENERGY INTELLIGENCE GROUP (UK) LIMITED.",2011,646.65
Azerbaijan,Other Crudes - Azerbaijan,Source: Energy Intelligence,"COPYRIGHT © 2001-2021 ENERGY INTELLIGENCE GROUP, INC. / ENERGY INTELLIGENCE GROUP (UK) LIMITED.",2012,48
Azerbaijan,Azeri Light,Source: Energy Intelligence,"COPYRIGHT © 2001-2021 ENERGY INTELLIGENCE GROUP, INC. / ENERGY INTELLIGENCE GROUP (UK) LIMITED.",2012,94
Azerbaijan,Azeri (BTC),Source: Energy Intelligence,"COPYRIGHT © 2001-2021 ENERGY INTELLIGENCE GROUP, INC. / ENERGY INTELLIGENCE GROUP (UK) LIMITED.",2012,672
Azerbaijan,Other Crudes - Azerbaijan,Source: Energy Intelligence,"COPYRIGHT © 2001-2021 ENERGY INTELLIGENCE GROUP, INC. / ENERGY INTELLIGENCE GROUP (UK) LIMITED.",2013,35.1
Azerbaijan,Azeri Light,Source: Energy Intelligence,"COPYRIGHT © 2001-2021 ENERGY INTELLIGENCE GROUP, INC. / ENERGY INTELLIGENCE GROUP (UK) LIMITED.",2013,97.5
Azerbaijan,Azeri (BTC),Source: Energy Intelligence,"COPYRIGHT © 2001-2021 ENERGY INTELLIGENCE GROUP, INC. / ENERGY INTELLIGENCE GROUP (UK) LIMITED.",2013,572.6
Azerbaijan,Other Crudes - Azerbaijan,Source: Energy Intelligence,"COPYRIGHT © 2001-2021 ENERGY INTELLIGENCE GROUP, INC. / ENERGY INTELLIGENCE GROUP (UK) LIMITED.",2014,18.7
Azerbaijan,Azeri Light,Source: Energy Intelligence,"COPYRIGHT © 2001-2021 ENERGY INTELLIGENCE GROUP, INC. / ENERGY INTELLIGENCE GROUP (UK) LIMITED.",2014,100.55
Azerbaijan,Azeri (BTC),Source: Energy Intelligence,"COPYRIGHT © 2001-2021 ENERGY INTELLIGENCE GROUP, INC. / ENERGY INTELLIGENCE GROUP (UK) LIMITED.",2014,565
Azerbaijan,Other Crudes - Azerbaijan,Source: Energy Intelligence,"COPYRIGHT © 2001-2021 ENERGY INTELLIGENCE GROUP, INC. / ENERGY INTELLIGENCE GROUP (UK) LIMITED.",2015,25.4
Azerbaijan,Azeri Light,Source: Energy Intelligence,"COPYRIGHT © 2001-2021 ENERGY INTELLIGENCE GROUP, INC. / ENERGY INTELLIGENCE GROUP (UK) LIMITED.",2015,92
Azerbaijan,Azeri (BTC),Source: Energy Intelligence,"COPYRIGHT © 2001-2021 ENERGY INTELLIGENCE GROUP, INC. / ENERGY INTELLIGENCE GROUP (UK) LIMITED.",2015,565.5
Azerbaijan,Other Crudes - Azerbaijan,Source: Energy Intelligence,"COPYRIGHT © 2001-2021 ENERGY INTELLIGENCE GROUP, INC. / ENERGY INTELLIGENCE GROUP (UK) LIMITED.",2016,34.59
Azerbaijan,Azeri Light,Source: Energy Intelligence,"COPYRIGHT © 2001-2021 ENERGY INTELLIGENCE GROUP, INC. / ENERGY INTELLIGENCE GROUP (UK) LIMITED.",2016,92
Azerbaijan,Azeri (BTC),Source: Energy Intelligence,"COPYRIGHT © 2001-2021 ENERGY INTELLIGENCE GROUP, INC. / ENERGY INTELLIGENCE GROUP (UK) LIMITED.",2016,558.2
Azerbaijan,Other Crudes - Azerbaijan,Source: Energy Intelligence,"COPYRIGHT © 2001-2021 ENERGY INTELLIGENCE GROUP, INC. / ENERGY INTELLIGENCE GROUP (UK) LIMITED.",2017,31.8
Azerbaijan,Azeri Light,Source: Energy Intelligence,"COPYRIGHT © 2001-2021 ENERGY INTELLIGENCE GROUP, INC. / ENERGY INTELLIGENCE GROUP (UK) LIMITED.",2017,76.71
Azerbaijan,Azeri (BTC),Source: Energy Intelligence,"COPYRIGHT © 2001-2021 ENERGY INTELLIGENCE GROUP, INC. / ENERGY INTELLIGENCE GROUP (UK) LIMITED.",2017,531.6
Azerbaijan,Other Crudes - Azerbaijan,Source: Energy Intelligence,"COPYRIGHT © 2001-2021 ENERGY INTELLIGENCE GROUP, INC. / ENERGY INTELLIGENCE GROUP (UK) LIMITED.",2018,24.4
Azerbaijan,Azeri Light,Source: Energy Intelligence,"COPYRIGHT © 2001-2021 ENERGY INTELLIGENCE GROUP, INC. / ENERGY INTELLIGENCE GROUP (UK) LIMITED.",2018,76.71
Azerbaijan,Azeri (BTC),Source: Energy Intelligence,"COPYRIGHT © 2001-2021 ENERGY INTELLIGENCE GROUP, INC. / ENERGY INTELLIGENCE GROUP (UK) LIMITED.",2018,539.1
Azerbaijan,Other Crudes - Azerbaijan,Source: Energy Intelligence,"COPYRIGHT © 2001-2021 ENERGY INTELLIGENCE GROUP, INC. / ENERGY INTELLIGENCE GROUP (UK) LIMITED.",2019,16
Azerbaijan,Azeri Light,Source: Energy Intelligence,"COPYRIGHT © 2001-2021 ENERGY INTELLIGENCE GROUP, INC. / ENERGY INTELLIGENCE GROUP (UK) LIMITED.",2019,76.71
Azerbaijan,Azeri (BTC),Source: Energy Intelligence,"COPYRIGHT © 2001-2021 ENERGY INTELLIGENCE GROUP, INC. / ENERGY INTELLIGENCE GROUP (UK) LIMITED.",2019,520.1
Azerbaijan,Other Crudes - Azerbaijan,Source: Energy Intelligence,"COPYRIGHT © 2001-2021 ENERGY INTELLIGENCE GROUP, INC. / ENERGY INTELLIGENCE GROUP (UK) LIMITED.",2020,12
Azerbaijan,Azeri Light,Source: Energy Intelligence,"COPYRIGHT © 2001-2021 ENERGY INTELLIGENCE GROUP, INC. / ENERGY INTELLIGENCE GROUP (UK) LIMITED.",2020,84.7
Azerbaijan,Azeri (BTC),Source: Energy Intelligence,"COPYRIGHT © 2001-2021 ENERGY INTELLIGENCE GROUP, INC. / ENERGY INTELLIGENCE GROUP (UK) LIMITED.",2020,459.5
Azerbaijan,Other Crudes - Azerbaijan,Source: Energy Intelligence,"COPYRIGHT © 2001-2021 ENERGY INTELLIGENCE GROUP, INC. / ENERGY INTELLIGENCE GROUP (UK) LIMITED.",2021,21.9
Azerbaijan,Azeri Light,Source: Energy Intelligence,"COPYRIGHT © 2001-2021 ENERGY INTELLIGENCE GROUP, INC. / ENERGY INTELLIGENCE GROUP (UK) LIMITED.",2021,84.93
Azerbaijan,Azeri (BTC),Source: Energy Intelligence,"COPYRIGHT © 2001-2021 ENERGY INTELLIGENCE GROUP, INC. / ENERGY INTELLIGENCE GROUP (UK) LIMITED.",2021,444.3
Azerbaijan,Other Crudes - Azerbaijan,Source: Energy Intelligence,"COPYRIGHT © 2001-2021 ENERGY INTELLIGENCE GROUP, INC. / ENERGY INTELLIGENCE GROUP (UK) LIMITED.",2022,8.1
Azerbaijan,Azeri Light,Source: Energy Intelligence,"COPYRIGHT © 2001-2021 ENERGY INTELLIGENCE GROUP, INC. / ENERGY INTELLIGENCE GROUP (UK) LIMITED.",2022,19.2
Azerbaijan,Azeri (BTC),Source: Energy Intelligence,"COPYRIGHT © 2001-2021 ENERGY INTELLIGENCE GROUP, INC. / ENERGY INTELLIGENCE GROUP (UK) LIMITED.",2022,486.7
Azerbaijan,Other Crudes - Azerbaijan,Source: Energy Intelligence,"COPYRIGHT © 2001-2021 ENERGY INTELLIGENCE GROUP, INC. / ENERGY INTELLIGENCE GROUP (UK) LIMITED.",2023,0
Azerbaijan,Azeri Light,Source: Energy Intelligence,"COPYRIGHT © 2001-2021 ENERGY INTELLIGENCE GROUP, INC. / ENERGY INTELLIGENCE GROUP (UK) LIMITED.",2023,2.74
Azerbaijan,Azeri (BTC),Source: Energy Intelligence,"COPYRIGHT © 2001-2021 ENERGY INTELLIGENCE GROUP, INC. / ENERGY INTELLIGENCE GROUP (UK) LIMITED.",2023,456.15
Azerbaijan,Other Crudes - Azerbaijan,Source: Energy Intelligence,"COPYRIGHT © 2001-2021 ENERGY INTELLIGENCE GROUP, INC. / ENERGY INTELLIGENCE GROUP (UK) LIMITED.",2024,0
Azerbaijan,Azeri (BTC),Source: Energy Intelligence,"COPYRIGHT © 2001-2021 ENERGY INTELLIGENCE GROUP, INC. / ENERGY INTELLIGENCE GROUP (UK) LIMITED.",2024,438
Brazil,Roncador,Source: Energy Intelligence,"COPYRIGHT © 2001-2021 ENERGY INTELLIGENCE GROUP, INC. / ENERGY INTELLIGENCE GROUP (UK) LIMITED.",2006,27.67
Brazil,Other Crudes - Brazil,Source: Energy Intelligence,"COPYRIGHT © 2001-2021 ENERGY INTELLIGENCE GROUP, INC. / ENERGY INTELLIGENCE GROUP (UK) LIMITED.",2006,75.47
Brazil,Marlim,Source: Energy Intelligence,"COPYRIGHT © 2001-2021 ENERGY INTELLIGENCE GROUP, INC. / ENERGY INTELLIGENCE GROUP (UK) LIMITED.",2006,222.31
Brazil,Jubarte,Source: Energy Intelligence,"COPYRIGHT © 2001-2021 ENERGY INTELLIGENCE GROUP, INC. / ENERGY INTELLIGENCE GROUP (UK) LIMITED.",2006,0
Brazil,Roncador,Source: Energy Intelligence,"COPYRIGHT © 2001-2021 ENERGY INTELLIGENCE GROUP, INC. / ENERGY INTELLIGENCE GROUP (UK) LIMITED.",2007,27
Brazil,Other Crudes - Brazil,Source: Energy Intelligence,"COPYRIGHT © 2001-2021 ENERGY INTELLIGENCE GROUP, INC. / ENERGY INTELLIGENCE GROUP (UK) LIMITED.",2007,91
Brazil,Marlim,Source: Energy Intelligence,"COPYRIGHT © 2001-2021 ENERGY INTELLIGENCE GROUP, INC. / ENERGY INTELLIGENCE GROUP (UK) LIMITED.",2007,194
Brazil,Jubarte,Source: Energy Intelligence,"COPYRIGHT © 2001-2021 ENERGY INTELLIGENCE GROUP, INC. / ENERGY INTELLIGENCE GROUP (UK) LIMITED.",2007,0
Brazil,Roncador,Source: Energy Intelligence,"COPYRIGHT © 2001-2021 ENERGY INTELLIGENCE GROUP, INC. / ENERGY INTELLIGENCE GROUP (UK) LIMITED.",2008,95
Brazil,Other Crudes - Brazil,Source: Energy Intelligence,"COPYRIGHT © 2001-2021 ENERGY INTELLIGENCE GROUP, INC. / ENERGY INTELLIGENCE GROUP (UK) LIMITED.",2008,23
Brazil,Marlim,Source: Energy Intelligence,"COPYRIGHT © 2001-2021 ENERGY INTELLIGENCE GROUP, INC. / ENERGY INTELLIGENCE GROUP (UK) LIMITED.",2008,220
Brazil,Jubarte,Source: Energy Intelligence,"COPYRIGHT © 2001-2021 ENERGY INTELLIGENCE GROUP, INC. / ENERGY INTELLIGENCE GROUP (UK) LIMITED.",2008,0
Brazil,Tupi,Source: Energy Intelligence,"COPYRIGHT © 2001-2021 ENERGY INTELLIGENCE GROUP, INC. / ENERGY INTELLIGENCE GROUP (UK) LIMITED.",2009,0
Brazil,Roncador,Source: Energy Intelligence,"COPYRIGHT © 2001-2021 ENERGY INTELLIGENCE GROUP, INC. / ENERGY INTELLIGENCE GROUP (UK) LIMITED.",2009,222
Brazil,Other Crudes - Brazil,Source: Energy Intelligence,"COPYRIGHT © 2001-2021 ENERGY INTELLIGENCE GROUP, INC. / ENERGY INTELLIGENCE GROUP (UK) LIMITED.",2009,40.95
Brazil,Marlim,Source: Energy Intelligence,"COPYRIGHT © 2001-2021 ENERGY INTELLIGENCE GROUP, INC. / ENERGY INTELLIGENCE GROUP (UK) LIMITED.",2009,212
Brazil,Jubarte,Source: Energy Intelligence,"COPYRIGHT © 2001-2021 ENERGY INTELLIGENCE GROUP, INC. / ENERGY INTELLIGENCE GROUP (UK) LIMITED.",2009,0
Brazil,Frade,Source: Energy Intelligence,"COPYRIGHT © 2001-2021 ENERGY INTELLIGENCE GROUP, INC. / ENERGY INTELLIGENCE GROUP (UK) LIMITED.",2009,3.33
Brazil,Tupi,Source: Energy Intelligence,"COPYRIGHT © 2001-2021 ENERGY INTELLIGENCE GROUP, INC. / ENERGY INTELLIGENCE GROUP (UK) LIMITED.",2010,0
Brazil,Roncador,Source: Energy Intelligence,"COPYRIGHT © 2001-2021 ENERGY INTELLIGENCE GROUP, INC. / ENERGY INTELLIGENCE GROUP (UK) LIMITED.",2010,236
Brazil,Peregrino,Source: Energy Intelligence,"COPYRIGHT © 2001-2021 ENERGY INTELLIGENCE GROUP, INC. / ENERGY INTELLIGENCE GROUP (UK) LIMITED.",2010,0
Brazil,Other Crudes - Brazil,Source: Energy Intelligence,"COPYRIGHT © 2001-2021 ENERGY INTELLIGENCE GROUP, INC. / ENERGY INTELLIGENCE GROUP (UK) LIMITED.",2010,11.65
Brazil,Ostra,Source: Energy Intelligence,"COPYRIGHT © 2001-2021 ENERGY INTELLIGENCE GROUP, INC. / ENERGY INTELLIGENCE GROUP (UK) LIMITED.",2010,71.43
Brazil,Marlim,Source: Energy Intelligence,"COPYRIGHT © 2001-2021 ENERGY INTELLIGENCE GROUP, INC. / ENERGY INTELLIGENCE GROUP (UK) LIMITED.",2010,158
Brazil,Jubarte,Source: Energy Intelligence,"COPYRIGHT © 2001-2021 ENERGY INTELLIGENCE GROUP, INC. / ENERGY INTELLIGENCE GROUP (UK) LIMITED.",2010,48
Brazil,Frade,Source: Energy Intelligence,"COPYRIGHT © 2001-2021 ENERGY INTELLIGENCE GROUP, INC. / ENERGY INTELLIGENCE GROUP (UK) LIMITED.",2010,49.93
Brazil,Cachalote,Source: Energy Intelligence,"COPYRIGHT © 2001-2021 ENERGY INTELLIGENCE GROUP, INC. / ENERGY INTELLIGENCE GROUP (UK) LIMITED.",2010,0
Brazil,Albacora Leste,Source: Energy Intelligence,"COPYRIGHT © 2001-2021 ENERGY INTELLIGENCE GROUP, INC. / ENERGY INTELLIGENCE GROUP (UK) LIMITED.",2010,56
Brazil,Tupi,Source: Energy Intelligence,"COPYRIGHT © 2001-2021 ENERGY INTELLIGENCE GROUP, INC. / ENERGY INTELLIGENCE GROUP (UK) LIMITED.",2011,18.05
Brazil,Sapinhoa,Source: Energy Intelligence,"COPYRIGHT © 2001-2021 ENERGY INTELLIGENCE GROUP, INC. / ENERGY INTELLIGENCE GROUP (UK) LIMITED.",2011,0
Brazil,Roncador,Source: Energy Intelligence,"COPYRIGHT © 2001-2021 ENERGY INTELLIGENCE GROUP, INC. / ENERGY INTELLIGENCE GROUP (UK) LIMITED.",2011,183.54
Brazil,Peregrino,Source: Energy Intelligence,"COPYRIGHT © 2001-2021 ENERGY INTELLIGENCE GROUP, INC. / ENERGY INTELLIGENCE GROUP (UK) LIMITED.",2011,15.72
Brazil,Other Crudes - Brazil,Source: Energy Intelligence,"COPYRIGHT © 2001-2021 ENERGY INTELLIGENCE GROUP, INC. / ENERGY INTELLIGENCE GROUP (UK) LIMITED.",2011,40.91
Brazil,Marlim,Source: Energy Intelligence,"COPYRIGHT © 2001-2021 ENERGY INTELLIGENCE GROUP, INC. / ENERGY INTELLIGENCE GROUP (UK) LIMITED.",2011,136.8
Brazil,Lapa,Source: Energy Intelligence,"COPYRIGHT © 2001-2021 ENERGY INTELLIGENCE GROUP, INC. / ENERGY INTELLIGENCE GROUP (UK) LIMITED.",2011,5
Brazil,Jubarte,Source: Energy Intelligence,"COPYRIGHT © 2001-2021 ENERGY INTELLIGENCE GROUP, INC. / ENERGY INTELLIGENCE GROUP (UK) LIMITED.",2011,39.51
Brazil,Frade,Source: Energy Intelligence,"COPYRIGHT © 2001-2021 ENERGY INTELLIGENCE GROUP, INC. / ENERGY INTELLIGENCE GROUP (UK) LIMITED.",2011,71.48
Brazil,Tupi,Source: Energy Intelligence,"COPYRIGHT © 2001-2021 ENERGY INTELLIGENCE GROUP, INC. / ENERGY INTELLIGENCE GROUP (UK) LIMITED.",2012,42.36
Brazil,Roncador,Source: Energy Intelligence,"COPYRIGHT © 2001-2021 ENERGY INTELLIGENCE GROUP, INC. / ENERGY INTELLIGENCE GROUP (UK) LIMITED.",2012,146.17
Brazil,Peregrino,Source: Energy Intelligence,"COPYRIGHT © 2001-2021 ENERGY INTELLIGENCE GROUP, INC. / ENERGY INTELLIGENCE GROUP (UK) LIMITED.",2012,61.35
Brazil,Other Crudes - Brazil,Source: Energy Intelligence,"COPYRIGHT © 2001-2021 ENERGY INTELLIGENCE GROUP, INC. / ENERGY INTELLIGENCE GROUP (UK) LIMITED.",2012,29.77
Brazil,Marlim,Source: Energy Intelligence,"COPYRIGHT © 2001-2021 ENERGY INTELLIGENCE GROUP, INC. / ENERGY INTELLIGENCE GROUP (UK) LIMITED.",2012,127.09
Brazil,Jubarte,Source: Energy Intelligence,"COPYRIGHT © 2001-2021 ENERGY INTELLIGENCE GROUP, INC. / ENERGY INTELLIGENCE GROUP (UK) LIMITED.",2012,49.64
Brazil,Frade,Source: Energy Intelligence,"COPYRIGHT © 2001-2021 ENERGY INTELLIGENCE GROUP, INC. / ENERGY INTELLIGENCE GROUP (UK) LIMITED.",2012,12.29
Brazil,Tupi,Source: Energy Intelligence,"COPYRIGHT © 2001-2021 ENERGY INTELLIGENCE GROUP, INC. / ENERGY INTELLIGENCE GROUP (UK) LIMITED.",2013,53.96
Brazil,Sapinhoa,Source: Energy Intelligence,"COPYRIGHT © 2001-2021 ENERGY INTELLIGENCE GROUP, INC. / ENERGY INTELLIGENCE GROUP (UK) LIMITED.",2013,15.7
Brazil,Roncador,Source: Energy Intelligence,"COPYRIGHT © 2001-2021 ENERGY INTELLIGENCE GROUP, INC. / ENERGY INTELLIGENCE GROUP (UK) LIMITED.",2013,100.42
Brazil,Peregrino,Source: Energy Intelligence,"COPYRIGHT © 2001-2021 ENERGY INTELLIGENCE GROUP, INC. / ENERGY INTELLIGENCE GROUP (UK) LIMITED.",2013,71.81
Brazil,Other Crudes - Brazil,Source: Energy Intelligence,"COPYRIGHT © 2001-2021 ENERGY INTELLIGENCE GROUP, INC. / ENERGY INTELLIGENCE GROUP (UK) LIMITED.",2013,3.86
Brazil,Marlim,Source: Energy Intelligence,"COPYRIGHT © 2001-2021 ENERGY INTELLIGENCE GROUP, INC. / ENERGY INTELLIGENCE GROUP (UK) LIMITED.",2013,75.04
Brazil,Jubarte,Source: Energy Intelligence,"COPYRIGHT © 2001-2021 ENERGY INTELLIGENCE GROUP, INC. / ENERGY INTELLIGENCE GROUP (UK) LIMITED.",2013,27.7
Brazil,Frade,Source: Energy Intelligence,"COPYRIGHT © 2001-2021 ENERGY INTELLIGENCE GROUP, INC. / ENERGY INTELLIGENCE GROUP (UK) LIMITED.",2013,11.35
Brazil,Tupi,Source: Energy Intelligence,"COPYRIGHT © 2001-2021 ENERGY INTELLIGENCE GROUP, INC. / ENERGY INTELLIGENCE GROUP (UK) LIMITED.",2014,83.36
Brazil,Sururu,Source: Energy Intelligence,"COPYRIGHT © 2001-2021 ENERGY INTELLIGENCE GROUP, INC. / ENERGY INTELLIGENCE GROUP (UK) LIMITED.",2014,0
Brazil,Sapinhoa,Source: Energy Intelligence,"COPYRIGHT © 2001-2021 ENERGY INTELLIGENCE GROUP, INC. / ENERGY INTELLIGENCE GROUP (UK) LIMITED.",2014,47.44
Brazil,Roncador,Source: Energy Intelligence,"COPYRIGHT © 2001-2021 ENERGY INTELLIGENCE GROUP, INC. / ENERGY INTELLIGENCE GROUP (UK) LIMITED.",2014,108.47
Brazil,Peregrino,Source: Energy Intelligence,"COPYRIGHT © 2001-2021 ENERGY INTELLIGENCE GROUP, INC. / ENERGY INTELLIGENCE GROUP (UK) LIMITED.",2014,74.49
Brazil,Other Crudes - Brazil,Source: Energy Intelligence,"COPYRIGHT © 2001-2021 ENERGY INTELLIGENCE GROUP, INC. / ENERGY INTELLIGENCE GROUP (UK) LIMITED.",2014,9.97
Brazil,Marlim,Source: Energy Intelligence,"COPYRIGHT © 2001-2021 ENERGY INTELLIGENCE GROUP, INC. / ENERGY INTELLIGENCE GROUP (UK) LIMITED.",2014,108.33
Brazil,Jubarte,Source: Energy Intelligence,"COPYRIGHT © 2001-2021 ENERGY INTELLIGENCE GROUP, INC. / ENERGY INTELLIGENCE GROUP (UK) LIMITED.",2014,39.45
Brazil,Frade,Source: Energy Intelligence,"COPYRIGHT © 2001-2021 ENERGY INTELLIGENCE GROUP, INC. / ENERGY INTELLIGENCE GROUP (UK) LIMITED.",2014,24.86
Brazil,Tupi,Source: Energy Intelligence,"COPYRIGHT © 2001-2021 ENERGY INTELLIGENCE GROUP, INC. / ENERGY INTELLIGENCE GROUP (UK) LIMITED.",2015,179.87
Brazil,Sapinhoa,Source: Energy Intelligence,"COPYRIGHT © 2001-2021 ENERGY INTELLIGENCE GROUP, INC. / ENERGY INTELLIGENCE GROUP (UK) LIMITED.",2015,109.47
Brazil,Roncador,Source: Energy Intelligence,"COPYRIGHT © 2001-2021 ENERGY INTELLIGENCE GROUP, INC. / ENERGY INTELLIGENCE GROUP (UK) LIMITED.",2015,150.48
Brazil,Peregrino,Source: Energy Intelligence,"COPYRIGHT © 2001-2021 ENERGY INTELLIGENCE GROUP, INC. / ENERGY INTELLIGENCE GROUP (UK) LIMITED.",2015,72.49
Brazil,Other Crudes - Brazil,Source: Energy Intelligence,"COPYRIGHT © 2001-2021 ENERGY INTELLIGENCE GROUP, INC. / ENERGY INTELLIGENCE GROUP (UK) LIMITED.",2015,17.98
Brazil,Marlim,Source: Energy Intelligence,"COPYRIGHT © 2001-2021 ENERGY INTELLIGENCE GROUP, INC. / ENERGY INTELLIGENCE GROUP (UK) LIMITED.",2015,112.02
Brazil,Jubarte,Source: Energy Intelligence,"COPYRIGHT © 2001-2021 ENERGY INTELLIGENCE GROUP, INC. / ENERGY INTELLIGENCE GROUP (UK) LIMITED.",2015,47.63
Brazil,Frade,Source: Energy Intelligence,"COPYRIGHT © 2001-2021 ENERGY INTELLIGENCE GROUP, INC. / ENERGY INTELLIGENCE GROUP (UK) LIMITED.",2015,23.29
Brazil,Buzios,Source: Energy Intelligence,"COPYRIGHT © 2001-2021 ENERGY INTELLIGENCE GROUP, INC. / ENERGY INTELLIGENCE GROUP (UK) LIMITED.",2015,0
Brazil,Atapu,Source: Energy Intelligence,"COPYRIGHT © 2001-2021 ENERGY INTELLIGENCE GROUP, INC. / ENERGY INTELLIGENCE GROUP (UK) LIMITED.",2015,0
Brazil,Tupi,Source: Energy Intelligence,"COPYRIGHT © 2001-2021 ENERGY INTELLIGENCE GROUP, INC. / ENERGY INTELLIGENCE GROUP (UK) LIMITED.",2016,290.05
Brazil,Sepia,Source: Energy Intelligence,"COPYRIGHT © 2001-2021 ENERGY INTELLIGENCE GROUP, INC. / ENERGY INTELLIGENCE GROUP (UK) LIMITED.",2016,0
Brazil,Sapinhoa,Source: Energy Intelligence,"COPYRIGHT © 2001-2021 ENERGY INTELLIGENCE GROUP, INC. / ENERGY INTELLIGENCE GROUP (UK) LIMITED.",2016,136.09
Brazil,Roncador,Source: Energy Intelligence,"COPYRIGHT © 2001-2021 ENERGY INTELLIGENCE GROUP, INC. / ENERGY INTELLIGENCE GROUP (UK) LIMITED.",2016,112.99
Brazil,Peregrino,Source: Energy Intelligence,"COPYRIGHT © 2001-2021 ENERGY INTELLIGENCE GROUP, INC. / ENERGY INTELLIGENCE GROUP (UK) LIMITED.",2016,62.49
Brazil,Other Crudes - Brazil,Source: Energy Intelligence,"COPYRIGHT © 2001-2021 ENERGY INTELLIGENCE GROUP, INC. / ENERGY INTELLIGENCE GROUP (UK) LIMITED.",2016,12.62
Brazil,Marlim,Source: Energy Intelligence,"COPYRIGHT © 2001-2021 ENERGY INTELLIGENCE GROUP, INC. / ENERGY INTELLIGENCE GROUP (UK) LIMITED.",2016,89.2
Brazil,Lapa,Source: Energy Intelligence,"COPYRIGHT © 2001-2021 ENERGY INTELLIGENCE GROUP, INC. / ENERGY INTELLIGENCE GROUP (UK) LIMITED.",2016,8.35
Brazil,Jubarte,Source: Energy Intelligence,"COPYRIGHT © 2001-2021 ENERGY INTELLIGENCE GROUP, INC. / ENERGY INTELLIGENCE GROUP (UK) LIMITED.",2016,45.65
Brazil,Frade,Source: Energy Intelligence,"COPYRIGHT © 2001-2021 ENERGY INTELLIGENCE GROUP, INC. / ENERGY INTELLIGENCE GROUP (UK) LIMITED.",2016,22.43
Brazil,Buzios,Source: Energy Intelligence,"COPYRIGHT © 2001-2021 ENERGY INTELLIGENCE GROUP, INC. / ENERGY INTELLIGENCE GROUP (UK) LIMITED.",2016,0
Brazil,Tupi,Source: Energy Intelligence,"COPYRIGHT © 2001-2021 ENERGY INTELLIGENCE GROUP, INC. / ENERGY INTELLIGENCE GROUP (UK) LIMITED.",2017,481.27
Brazil,Sapinhoa,Source: Energy Intelligence,"COPYRIGHT © 2001-2021 ENERGY INTELLIGENCE GROUP, INC. / ENERGY INTELLIGENCE GROUP (UK) LIMITED.",2017,164.72
Brazil,Roncador,Source: Energy Intelligence,"COPYRIGHT © 2001-2021 ENERGY INTELLIGENCE GROUP, INC. / ENERGY INTELLIGENCE GROUP (UK) LIMITED.",2017,110.04
Brazil,Peregrino,Source: Energy Intelligence,"COPYRIGHT © 2001-2021 ENERGY INTELLIGENCE GROUP, INC. / ENERGY INTELLIGENCE GROUP (UK) LIMITED.",2017,66.85
Brazil,Other Crudes - Brazil,Source: Energy Intelligence,"COPYRIGHT © 2001-2021 ENERGY INTELLIGENCE GROUP, INC. / ENERGY INTELLIGENCE GROUP (UK) LIMITED.",2017,9.25
Brazil,Marlim,Source: Energy Intelligence,"COPYRIGHT © 2001-2021 ENERGY INTELLIGENCE GROUP, INC. / ENERGY INTELLIGENCE GROUP (UK) LIMITED.",2017,82.09
Brazil,Lapa,Source: Energy Intelligence,"COPYRIGHT © 2001-2021 ENERGY INTELLIGENCE GROUP, INC. / ENERGY INTELLIGENCE GROUP (UK) LIMITED.",2017,35.65
Brazil,Jubarte,Source: Energy Intelligence,"COPYRIGHT © 2001-2021 ENERGY INTELLIGENCE GROUP, INC. / ENERGY INTELLIGENCE GROUP (UK) LIMITED.",2017,43.33
Brazil,Frade,Source: Energy Intelligence,"COPYRIGHT © 2001-2021 ENERGY INTELLIGENCE GROUP, INC. / ENERGY INTELLIGENCE GROUP (UK) LIMITED.",2017,19.28
Brazil,Buzios,Source: Energy Intelligence,"COPYRIGHT © 2001-2021 ENERGY INTELLIGENCE GROUP, INC. / ENERGY INTELLIGENCE GROUP (UK) LIMITED.",2017,0
Brazil,Tupi,Source: Energy Intelligence,"COPYRIGHT © 2001-2021 ENERGY INTELLIGENCE GROUP, INC. / ENERGY INTELLIGENCE GROUP (UK) LIMITED.",2018,500
Brazil,Sururu,Source: Energy Intelligence,"COPYRIGHT © 2001-2021 ENERGY INTELLIGENCE GROUP, INC. / ENERGY INTELLIGENCE GROUP (UK) LIMITED.",2018,0
Brazil,Sapinhoa,Source: Energy Intelligence,"COPYRIGHT © 2001-2021 ENERGY INTELLIGENCE GROUP, INC. / ENERGY INTELLIGENCE GROUP (UK) LIMITED.",2018,161.02
Brazil,Roncador,Source: Energy Intelligence,"COPYRIGHT © 2001-2021 ENERGY INTELLIGENCE GROUP, INC. / ENERGY INTELLIGENCE GROUP (UK) LIMITED.",2018,89.73
Brazil,Peregrino,Source: Energy Intelligence,"COPYRIGHT © 2001-2021 ENERGY INTELLIGENCE GROUP, INC. / ENERGY INTELLIGENCE GROUP (UK) LIMITED.",2018,61.73
Brazil,Other Crudes - Brazil,Source: Energy Intelligence,"COPYRIGHT © 2001-2021 ENERGY INTELLIGENCE GROUP, INC. / ENERGY INTELLIGENCE GROUP (UK) LIMITED.",2018,164.19
Brazil,Mero,Source: Energy Intelligence,"COPYRIGHT © 2001-2021 ENERGY INTELLIGENCE GROUP, INC. / ENERGY INTELLIGENCE GROUP (UK) LIMITED.",2018,11.2
Brazil,Marlim,Source: Energy Intelligence,"COPYRIGHT © 2001-2021 ENERGY INTELLIGENCE GROUP, INC. / ENERGY INTELLIGENCE GROUP (UK) LIMITED.",2018,75.5
Brazil,Lapa,Source: Energy Intelligence,"COPYRIGHT © 2001-2021 ENERGY INTELLIGENCE GROUP, INC. / ENERGY INTELLIGENCE GROUP (UK) LIMITED.",2018,36.77
Brazil,Jubarte,Source: Energy Intelligence,"COPYRIGHT © 2001-2021 ENERGY INTELLIGENCE GROUP, INC. / ENERGY INTELLIGENCE GROUP (UK) LIMITED.",2018,39.54
Brazil,Frade,Source: Energy Intelligence,"COPYRIGHT © 2001-2021 ENERGY INTELLIGENCE GROUP, INC. / ENERGY INTELLIGENCE GROUP (UK) LIMITED.",2018,17.8
Brazil,Buzios,Source: Energy Intelligence,"COPYRIGHT © 2001-2021 ENERGY INTELLIGENCE GROUP, INC. / ENERGY INTELLIGENCE GROUP (UK) LIMITED.",2018,2.5
Brazil,Tupi,Source: Energy Intelligence,"COPYRIGHT © 2001-2021 ENERGY INTELLIGENCE GROUP, INC. / ENERGY INTELLIGENCE GROUP (UK) LIMITED.",2019,650
Brazil,Sururu,Source: Energy Intelligence,"COPYRIGHT © 2001-2021 ENERGY INTELLIGENCE GROUP, INC. / ENERGY INTELLIGENCE GROUP (UK) LIMITED.",2019,0
Brazil,Sapinhoa,Source: Energy Intelligence,"COPYRIGHT © 2001-2021 ENERGY INTELLIGENCE GROUP, INC. / ENERGY INTELLIGENCE GROUP (UK) LIMITED.",2019,159.14
Brazil,Roncador,Source: Energy Intelligence,"COPYRIGHT © 2001-2021 ENERGY INTELLIGENCE GROUP, INC. / ENERGY INTELLIGENCE GROUP (UK) LIMITED.",2019,48.32
Brazil,Peregrino,Source: Energy Intelligence,"COPYRIGHT © 2001-2021 ENERGY INTELLIGENCE GROUP, INC. / ENERGY INTELLIGENCE GROUP (UK) LIMITED.",2019,61.15
Brazil,Other Crudes - Brazil,Source: Energy Intelligence,"COPYRIGHT © 2001-2021 ENERGY INTELLIGENCE GROUP, INC. / ENERGY INTELLIGENCE GROUP (UK) LIMITED.",2019,148.8
Brazil,Mero,Source: Energy Intelligence,"COPYRIGHT © 2001-2021 ENERGY INTELLIGENCE GROUP, INC. / ENERGY INTELLIGENCE GROUP (UK) LIMITED.",2019,11.7
Brazil,Marlim,Source: Energy Intelligence,"COPYRIGHT © 2001-2021 ENERGY INTELLIGENCE GROUP, INC. / ENERGY INTELLIGENCE GROUP (UK) LIMITED.",2019,13.24
Brazil,Lapa,Source: Energy Intelligence,"COPYRIGHT © 2001-2021 ENERGY INTELLIGENCE GROUP, INC. / ENERGY INTELLIGENCE GROUP (UK) LIMITED.",2019,25.31
Brazil,Jubarte,Source: Energy Intelligence,"COPYRIGHT © 2001-2021 ENERGY INTELLIGENCE GROUP, INC. / ENERGY INTELLIGENCE GROUP (UK) LIMITED.",2019,20
Brazil,Frade,Source: Energy Intelligence,"COPYRIGHT © 2001-2021 ENERGY INTELLIGENCE GROUP, INC. / ENERGY INTELLIGENCE GROUP (UK) LIMITED.",2019,18.97
Brazil,Buzios,Source: Energy Intelligence,"COPYRIGHT © 2001-2021 ENERGY INTELLIGENCE GROUP, INC. / ENERGY INTELLIGENCE GROUP (UK) LIMITED.",2019,60
Brazil,Tupi,Source: Energy Intelligence,"COPYRIGHT © 2001-2021 ENERGY INTELLIGENCE GROUP, INC. / ENERGY INTELLIGENCE GROUP (UK) LIMITED.",2020,675
Brazil,Sururu,Source: Energy Intelligence,"COPYRIGHT © 2001-2021 ENERGY INTELLIGENCE GROUP, INC. / ENERGY INTELLIGENCE GROUP (UK) LIMITED.",2020,50
Brazil,Sapinhoa,Source: Energy Intelligence,"COPYRIGHT © 2001-2021 ENERGY INTELLIGENCE GROUP, INC. / ENERGY INTELLIGENCE GROUP (UK) LIMITED.",2020,150
Brazil,Roncador,Source: Energy Intelligence,"COPYRIGHT © 2001-2021 ENERGY INTELLIGENCE GROUP, INC. / ENERGY INTELLIGENCE GROUP (UK) LIMITED.",2020,47.79
Brazil,Peregrino,Source: Energy Intelligence,"COPYRIGHT © 2001-2021 ENERGY INTELLIGENCE GROUP, INC. / ENERGY INTELLIGENCE GROUP (UK) LIMITED.",2020,15.46
Brazil,Other Crudes - Brazil,Source: Energy Intelligence,"COPYRIGHT © 2001-2021 ENERGY INTELLIGENCE GROUP, INC. / ENERGY INTELLIGENCE GROUP (UK) LIMITED.",2020,3.3
Brazil,Mero,Source: Energy Intelligence,"COPYRIGHT © 2001-2021 ENERGY INTELLIGENCE GROUP, INC. / ENERGY INTELLIGENCE GROUP (UK) LIMITED.",2020,20.5
Brazil,Marlim,Source: Energy Intelligence,"COPYRIGHT © 2001-2021 ENERGY INTELLIGENCE GROUP, INC. / ENERGY INTELLIGENCE GROUP (UK) LIMITED.",2020,20
Brazil,Lapa,Source: Energy Intelligence,"COPYRIGHT © 2001-2021 ENERGY INTELLIGENCE GROUP, INC. / ENERGY INTELLIGENCE GROUP (UK) LIMITED.",2020,35.01
Brazil,Jubarte,Source: Energy Intelligence,"COPYRIGHT © 2001-2021 ENERGY INTELLIGENCE GROUP, INC. / ENERGY INTELLIGENCE GROUP (UK) LIMITED.",2020,0
Brazil,Frade,Source: Energy Intelligence,"COPYRIGHT © 2001-2021 ENERGY INTELLIGENCE GROUP, INC. / ENERGY INTELLIGENCE GROUP (UK) LIMITED.",2020,18.22
Brazil,Buzios,Source: Energy Intelligence,"COPYRIGHT © 2001-2021 ENERGY INTELLIGENCE GROUP, INC. / ENERGY INTELLIGENCE GROUP (UK) LIMITED.",2020,341.75
Brazil,Atapu,Source: Energy Intelligence,"COPYRIGHT © 2001-2021 ENERGY INTELLIGENCE GROUP, INC. / ENERGY INTELLIGENCE GROUP (UK) LIMITED.",2020,8.34
Brazil,Tupi,Source: Energy Intelligence,"COPYRIGHT © 2001-2021 ENERGY INTELLIGENCE GROUP, INC. / ENERGY INTELLIGENCE GROUP (UK) LIMITED.",2021,600
Brazil,Sururu,Source: Energy Intelligence,"COPYRIGHT © 2001-2021 ENERGY INTELLIGENCE GROUP, INC. / ENERGY INTELLIGENCE GROUP (UK) LIMITED.",2021,55
Brazil,Sepia,Source: Energy Intelligence,"COPYRIGHT © 2001-2021 ENERGY INTELLIGENCE GROUP, INC. / ENERGY INTELLIGENCE GROUP (UK) LIMITED.",2021,3
Brazil,Sapinhoa,Source: Energy Intelligence,"COPYRIGHT © 2001-2021 ENERGY INTELLIGENCE GROUP, INC. / ENERGY INTELLIGENCE GROUP (UK) LIMITED.",2021,132.8
Brazil,Roncador,Source: Energy Intelligence,"COPYRIGHT © 2001-2021 ENERGY INTELLIGENCE GROUP, INC. / ENERGY INTELLIGENCE GROUP (UK) LIMITED.",2021,53.12
Brazil,Other Crudes - Brazil,Source: Energy Intelligence,"COPYRIGHT © 2001-2021 ENERGY INTELLIGENCE GROUP, INC. / ENERGY INTELLIGENCE GROUP (UK) LIMITED.",2021,5.6
Brazil,Mero,Source: Energy Intelligence,"COPYRIGHT © 2001-2021 ENERGY INTELLIGENCE GROUP, INC. / ENERGY INTELLIGENCE GROUP (UK) LIMITED.",2021,10.6
Brazil,Marlim,Source: Energy Intelligence,"COPYRIGHT © 2001-2021 ENERGY INTELLIGENCE GROUP, INC. / ENERGY INTELLIGENCE GROUP (UK) LIMITED.",2021,1
Brazil,Lapa,Source: Energy Intelligence,"COPYRIGHT © 2001-2021 ENERGY INTELLIGENCE GROUP, INC. / ENERGY INTELLIGENCE GROUP (UK) LIMITED.",2021,52.1
Brazil,Jubarte,Source: Energy Intelligence,"COPYRIGHT © 2001-2021 ENERGY INTELLIGENCE GROUP, INC. / ENERGY INTELLIGENCE GROUP (UK) LIMITED.",2021,2.5
Brazil,Frade,Source: Energy Intelligence,"COPYRIGHT © 2001-2021 ENERGY INTELLIGENCE GROUP, INC. / ENERGY INTELLIGENCE GROUP (UK) LIMITED.",2021,15.87
Brazil,Buzios,Source: Energy Intelligence,"COPYRIGHT © 2001-2021 ENERGY INTELLIGENCE GROUP, INC. / ENERGY INTELLIGENCE GROUP (UK) LIMITED.",2021,332
Brazil,Atapu,Source: Energy Intelligence,"COPYRIGHT © 2001-2021 ENERGY INTELLIGENCE GROUP, INC. / ENERGY INTELLIGENCE GROUP (UK) LIMITED.",2021,80
Brazil,Tupi,Source: Energy Intelligence,"COPYRIGHT © 2001-2021 ENERGY INTELLIGENCE GROUP, INC. / ENERGY INTELLIGENCE GROUP (UK) LIMITED.",2022,552
Brazil,Sururu,Source: Energy Intelligence,"COPYRIGHT © 2001-2021 ENERGY INTELLIGENCE GROUP, INC. / ENERGY INTELLIGENCE GROUP (UK) LIMITED.",2022,80.74
Brazil,Sepia,Source: Energy Intelligence,"COPYRIGHT © 2001-2021 ENERGY INTELLIGENCE GROUP, INC. / ENERGY INTELLIGENCE GROUP (UK) LIMITED.",2022,54
Brazil,Sapinhoa,Source: Energy Intelligence,"COPYRIGHT © 2001-2021 ENERGY INTELLIGENCE GROUP, INC. / ENERGY INTELLIGENCE GROUP (UK) LIMITED.",2022,121.11
Brazil,Roncador,Source: Energy Intelligence,"COPYRIGHT © 2001-2021 ENERGY INTELLIGENCE GROUP, INC. / ENERGY INTELLIGENCE GROUP (UK) LIMITED.",2022,33.64
Brazil,Peregrino,Source: Energy Intelligence,"COPYRIGHT © 2001-2021 ENERGY INTELLIGENCE GROUP, INC. / ENERGY INTELLIGENCE GROUP (UK) LIMITED.",2022,27.7
Brazil,Other Crudes - Brazil,Source: Energy Intelligence,"COPYRIGHT © 2001-2021 ENERGY INTELLIGENCE GROUP, INC. / ENERGY INTELLIGENCE GROUP (UK) LIMITED.",2022,2.2
Brazil,Mero,Source: Energy Intelligence,"COPYRIGHT © 2001-2021 ENERGY INTELLIGENCE GROUP, INC. / ENERGY INTELLIGENCE GROUP (UK) LIMITED.",2022,49.8
Brazil,Marlim,Source: Energy Intelligence,"COPYRIGHT © 2001-2021 ENERGY INTELLIGENCE GROUP, INC. / ENERGY INTELLIGENCE GROUP (UK) LIMITED.",2022,0
Brazil,Lapa,Source: Energy Intelligence,"COPYRIGHT © 2001-2021 ENERGY INTELLIGENCE GROUP, INC. / ENERGY INTELLIGENCE GROUP (UK) LIMITED.",2022,45
Brazil,Jubarte,Source: Energy Intelligence,"COPYRIGHT © 2001-2021 ENERGY INTELLIGENCE GROUP, INC. / ENERGY INTELLIGENCE GROUP (UK) LIMITED.",2022,2.15
Brazil,Frade,Source: Energy Intelligence,"COPYRIGHT © 2001-2021 ENERGY INTELLIGENCE GROUP, INC. / ENERGY INTELLIGENCE GROUP (UK) LIMITED.",2022,22.27
Brazil,Buzios,Source: Energy Intelligence,"COPYRIGHT © 2001-2021 ENERGY INTELLIGENCE GROUP, INC. / ENERGY INTELLIGENCE GROUP (UK) LIMITED.",2022,282.6
Brazil,Atapu,Source: Energy Intelligence,"COPYRIGHT © 2001-2021 ENERGY INTELLIGENCE GROUP, INC. / ENERGY INTELLIGENCE GROUP (UK) LIMITED.",2022,94.8
Brazil,Tupi,Source: Energy Intelligence,"COPYRIGHT © 2001-2021 ENERGY INTELLIGENCE GROUP, INC. / ENERGY INTELLIGENCE GROUP (UK) LIMITED.",2023,618.24
Brazil,Sururu,Source: Energy Intelligence,"COPYRIGHT © 2001-2021 ENERGY INTELLIGENCE GROUP, INC. / ENERGY INTELLIGENCE GROUP (UK) LIMITED.",2023,90
Brazil,Sepia,Source: Energy Intelligence,"COPYRIGHT © 2001-2021 ENERGY INTELLIGENCE GROUP, INC. / ENERGY INTELLIGENCE GROUP (UK) LIMITED.",2023,77
Brazil,Sapinhoa,Source: Energy Intelligence,"COPYRIGHT © 2001-2021 ENERGY INTELLIGENCE GROUP, INC. / ENERGY INTELLIGENCE GROUP (UK) LIMITED.",2023,96
Brazil,Roncador,Source: Energy Intelligence,"COPYRIGHT © 2001-2021 ENERGY INTELLIGENCE GROUP, INC. / ENERGY INTELLIGENCE GROUP (UK) LIMITED.",2023,16
Brazil,Peregrino,Source: Energy Intelligence,"COPYRIGHT © 2001-2021 ENERGY INTELLIGENCE GROUP, INC. / ENERGY INTELLIGENCE GROUP (UK) LIMITED.",2023,85.2
Brazil,Other Crudes - Brazil,Source: Energy Intelligence,"COPYRIGHT © 2001-2021 ENERGY INTELLIGENCE GROUP, INC. / ENERGY INTELLIGENCE GROUP (UK) LIMITED.",2023,51.5
Brazil,Mero,Source: Energy Intelligence,"COPYRIGHT © 2001-2021 ENERGY INTELLIGENCE GROUP, INC. / ENERGY INTELLIGENCE GROUP (UK) LIMITED.",2023,112.1
Brazil,Marlim,Source: Energy Intelligence,"COPYRIGHT © 2001-2021 ENERGY INTELLIGENCE GROUP, INC. / ENERGY INTELLIGENCE GROUP (UK) LIMITED.",2023,0
Brazil,Lapa,Source: Energy Intelligence,"COPYRIGHT © 2001-2021 ENERGY INTELLIGENCE GROUP, INC. / ENERGY INTELLIGENCE GROUP (UK) LIMITED.",2023,45.3
Brazil,Jubarte,Source: Energy Intelligence,"COPYRIGHT © 2001-2021 ENERGY INTELLIGENCE GROUP, INC. / ENERGY INTELLIGENCE GROUP (UK) LIMITED.",2023,0
Brazil,Frade,Source: Energy Intelligence,"COPYRIGHT © 2001-2021 ENERGY INTELLIGENCE GROUP, INC. / ENERGY INTELLIGENCE GROUP (UK) LIMITED.",2023,47.46
Brazil,Buzios,Source: Energy Intelligence,"COPYRIGHT © 2001-2021 ENERGY INTELLIGENCE GROUP, INC. / ENERGY INTELLIGENCE GROUP (UK) LIMITED.",2023,256.3
Brazil,Atapu,Source: Energy Intelligence,"COPYRIGHT © 2001-2021 ENERGY INTELLIGENCE GROUP, INC. / ENERGY INTELLIGENCE GROUP (UK) LIMITED.",2023,106.4
Brazil,Tupi,Source: Energy Intelligence,"COPYRIGHT © 2001-2021 ENERGY INTELLIGENCE GROUP, INC. / ENERGY INTELLIGENCE GROUP (UK) LIMITED.",2024,550.23
Brazil,Sururu,Source: Energy Intelligence,"COPYRIGHT © 2001-2021 ENERGY INTELLIGENCE GROUP, INC. / ENERGY INTELLIGENCE GROUP (UK) LIMITED.",2024,113.19
Brazil,Sepia,Source: Energy Intelligence,"COPYRIGHT © 2001-2021 ENERGY INTELLIGENCE GROUP, INC. / ENERGY INTELLIGENCE GROUP (UK) LIMITED.",2024,104.5
Brazil,Sapinhoa,Source: Energy Intelligence,"COPYRIGHT © 2001-2021 ENERGY INTELLIGENCE GROUP, INC. / ENERGY INTELLIGENCE GROUP (UK) LIMITED.",2024,87.07
Brazil,Roncador,Source: Energy Intelligence,"COPYRIGHT © 2001-2021 ENERGY INTELLIGENCE GROUP, INC. / ENERGY INTELLIGENCE GROUP (UK) LIMITED.",2024,8.71
Brazil,Peregrino,Source: Energy Intelligence,"COPYRIGHT © 2001-2021 ENERGY INTELLIGENCE GROUP, INC. / ENERGY INTELLIGENCE GROUP (UK) LIMITED.",2024,79.6
Brazil,Other Crudes - Brazil,Source: Energy Intelligence,"COPYRIGHT © 2001-2021 ENERGY INTELLIGENCE GROUP, INC. / ENERGY INTELLIGENCE GROUP (UK) LIMITED.",2024,103.5
Brazil,Mero,Source: Energy Intelligence,"COPYRIGHT © 2001-2021 ENERGY INTELLIGENCE GROUP, INC. / ENERGY INTELLIGENCE GROUP (UK) LIMITED.",2024,191.6
Brazil,Marlim,Source: Energy Intelligence,"COPYRIGHT © 2001-2021 ENERGY INTELLIGENCE GROUP, INC. / ENERGY INTELLIGENCE GROUP (UK) LIMITED.",2024,0
Brazil,Lapa,Source: Energy Intelligence,"COPYRIGHT © 2001-2021 ENERGY INTELLIGENCE GROUP, INC. / ENERGY INTELLIGENCE GROUP (UK) LIMITED.",2024,44
Brazil,Jubarte,Source: Energy Intelligence,"COPYRIGHT © 2001-2021 ENERGY INTELLIGENCE GROUP, INC. / ENERGY INTELLIGENCE GROUP (UK) LIMITED.",2024,0
Brazil,Frade,Source: Energy Intelligence,"COPYRIGHT © 2001-2021 ENERGY INTELLIGENCE GROUP, INC. / ENERGY INTELLIGENCE GROUP (UK) LIMITED.",2024,42.2
Brazil,Buzios,Source: Energy Intelligence,"COPYRIGHT © 2001-2021 ENERGY INTELLIGENCE GROUP, INC. / ENERGY INTELLIGENCE GROUP (UK) LIMITED.",2024,313.45
Brazil,Atapu,Source: Energy Intelligence,"COPYRIGHT © 2001-2021 ENERGY INTELLIGENCE GROUP, INC. / ENERGY INTELLIGENCE GROUP (UK) LIMITED.",2024,103.4
Brunei,Seria Light,Source: Energy Intelligence,"COPYRIGHT © 2001-2021 ENERGY INTELLIGENCE GROUP, INC. / ENERGY INTELLIGENCE GROUP (UK) LIMITED.",2006,100
Brunei,Other Crudes - Brunei,Source: Energy Intelligence,"COPYRIGHT © 2001-2021 ENERGY INTELLIGENCE GROUP, INC. / ENERGY INTELLIGENCE GROUP (UK) LIMITED.",2006,47
Brunei,Champion,Source: Energy Intelligence,"COPYRIGHT © 2001-2021 ENERGY INTELLIGENCE GROUP, INC. / ENERGY INTELLIGENCE GROUP (UK) LIMITED.",2006,60
Brunei,Seria Light,Source: Energy Intelligence,"COPYRIGHT © 2001-2021 ENERGY INTELLIGENCE GROUP, INC. / ENERGY INTELLIGENCE GROUP (UK) LIMITED.",2007,93
Brunei,Other Crudes - Brunei,Source: Energy Intelligence,"COPYRIGHT © 2001-2021 ENERGY INTELLIGENCE GROUP, INC. / ENERGY INTELLIGENCE GROUP (UK) LIMITED.",2007,34.3
Brunei,Champion,Source: Energy Intelligence,"COPYRIGHT © 2001-2021 ENERGY INTELLIGENCE GROUP, INC. / ENERGY INTELLIGENCE GROUP (UK) LIMITED.",2007,51.7
Brunei,Seria Light,Source: Energy Intelligence,"COPYRIGHT © 2001-2021 ENERGY INTELLIGENCE GROUP, INC. / ENERGY INTELLIGENCE GROUP (UK) LIMITED.",2008,92.9
Brunei,Other Crudes - Brunei,Source: Energy Intelligence,"COPYRIGHT © 2001-2021 ENERGY INTELLIGENCE GROUP, INC. / ENERGY INTELLIGENCE GROUP (UK) LIMITED.",2008,8.4
Brunei,Champion,Source: Energy Intelligence,"COPYRIGHT © 2001-2021 ENERGY INTELLIGENCE GROUP, INC. / ENERGY INTELLIGENCE GROUP (UK) LIMITED.",2008,51.7
Brunei,Seria Light,Source: Energy Intelligence,"COPYRIGHT © 2001-2021 ENERGY INTELLIGENCE GROUP, INC. / ENERGY INTELLIGENCE GROUP (UK) LIMITED.",2009,100
Brunei,Other Crudes - Brunei,Source: Energy Intelligence,"COPYRIGHT © 2001-2021 ENERGY INTELLIGENCE GROUP, INC. / ENERGY INTELLIGENCE GROUP (UK) LIMITED.",2009,1
Brunei,Champion,Source: Energy Intelligence,"COPYRIGHT © 2001-2021 ENERGY INTELLIGENCE GROUP, INC. / ENERGY INTELLIGENCE GROUP (UK) LIMITED.",2009,47
Brunei,Seria Light,Source: Energy Intelligence,"COPYRIGHT © 2001-2021 ENERGY INTELLIGENCE GROUP, INC. / ENERGY INTELLIGENCE GROUP (UK) LIMITED.",2010,98.5
Brunei,Other Crudes - Brunei,Source: Energy Intelligence,"COPYRIGHT © 2001-2021 ENERGY INTELLIGENCE GROUP, INC. / ENERGY INTELLIGENCE GROUP (UK) LIMITED.",2010,1.5
Brunei,Champion,Source: Energy Intelligence,"COPYRIGHT © 2001-2021 ENERGY INTELLIGENCE GROUP, INC. / ENERGY INTELLIGENCE GROUP (UK) LIMITED.",2010,55
Brunei,Seria Light,Source: Energy Intelligence,"COPYRIGHT © 2001-2021 ENERGY INTELLIGENCE GROUP, INC. / ENERGY INTELLIGENCE GROUP (UK) LIMITED.",2011,89.74
Brunei,Other Crudes - Brunei,Source: Energy Intelligence,"COPYRIGHT © 2001-2021 ENERGY INTELLIGENCE GROUP, INC. / ENERGY INTELLIGENCE GROUP (UK) LIMITED.",2011,1.5
Brunei,Champion,Source: Energy Intelligence,"COPYRIGHT © 2001-2021 ENERGY INTELLIGENCE GROUP, INC. / ENERGY INTELLIGENCE GROUP (UK) LIMITED.",2011,49.76
Brunei,Seria Light,Source: Energy Intelligence,"COPYRIGHT © 2001-2021 ENERGY INTELLIGENCE GROUP, INC. / ENERGY INTELLIGENCE GROUP (UK) LIMITED.",2012,83.55
Brunei,Other Crudes - Brunei,Source: Energy Intelligence,"COPYRIGHT © 2001-2021 ENERGY INTELLIGENCE GROUP, INC. / ENERGY INTELLIGENCE GROUP (UK) LIMITED.",2012,1.12
Brunei,Champion,Source: Energy Intelligence,"COPYRIGHT © 2001-2021 ENERGY INTELLIGENCE GROUP, INC. / ENERGY INTELLIGENCE GROUP (UK) LIMITED.",2012,46.33
Brunei,Seria Light,Source: Energy Intelligence,"COPYRIGHT © 2001-2021 ENERGY INTELLIGENCE GROUP, INC. / ENERGY INTELLIGENCE GROUP (UK) LIMITED.",2013,68.66
Brunei,Other Crudes - Brunei,Source: Energy Intelligence,"COPYRIGHT © 2001-2021 ENERGY INTELLIGENCE GROUP, INC. / ENERGY INTELLIGENCE GROUP (UK) LIMITED.",2013,12.72
Brunei,Champion,Source: Energy Intelligence,"COPYRIGHT © 2001-2021 ENERGY INTELLIGENCE GROUP, INC. / ENERGY INTELLIGENCE GROUP (UK) LIMITED.",2013,45.77
Brunei,Seria Light,Source: Energy Intelligence,"COPYRIGHT © 2001-2021 ENERGY INTELLIGENCE GROUP, INC. / ENERGY INTELLIGENCE GROUP (UK) LIMITED.",2014,65.87
Brunei,Other Crudes - Brunei,Source: Energy Intelligence,"COPYRIGHT © 2001-2021 ENERGY INTELLIGENCE GROUP, INC. / ENERGY INTELLIGENCE GROUP (UK) LIMITED.",2014,12.2
Brunei,Champion,Source: Energy Intelligence,"COPYRIGHT © 2001-2021 ENERGY INTELLIGENCE GROUP, INC. / ENERGY INTELLIGENCE GROUP (UK) LIMITED.",2014,43.91
Brunei,Seria Light,Source: Energy Intelligence,"COPYRIGHT © 2001-2021 ENERGY INTELLIGENCE GROUP, INC. / ENERGY INTELLIGENCE GROUP (UK) LIMITED.",2015,65.67
Brunei,Other Crudes - Brunei,Source: Energy Intelligence,"COPYRIGHT © 2001-2021 ENERGY INTELLIGENCE GROUP, INC. / ENERGY INTELLIGENCE GROUP (UK) LIMITED.",2015,12.17
Brunei,Champion,Source: Energy Intelligence,"COPYRIGHT © 2001-2021 ENERGY INTELLIGENCE GROUP, INC. / ENERGY INTELLIGENCE GROUP (UK) LIMITED.",2015,43.77
Brunei,Seria Light,Source: Energy Intelligence,"COPYRIGHT © 2001-2021 ENERGY INTELLIGENCE GROUP, INC. / ENERGY INTELLIGENCE GROUP (UK) LIMITED.",2016,63.06
Brunei,Other Crudes - Brunei,Source: Energy Intelligence,"COPYRIGHT © 2001-2021 ENERGY INTELLIGENCE GROUP, INC. / ENERGY INTELLIGENCE GROUP (UK) LIMITED.",2016,11.68
Brunei,Champion,Source: Energy Intelligence,"COPYRIGHT © 2001-2021 ENERGY INTELLIGENCE GROUP, INC. / ENERGY INTELLIGENCE GROUP (UK) LIMITED.",2016,42.03
Brunei,Seria Light,Source: Energy Intelligence,"COPYRIGHT © 2001-2021 ENERGY INTELLIGENCE GROUP, INC. / ENERGY INTELLIGENCE GROUP (UK) LIMITED.",2017,60
Brunei,Other Crudes - Brunei,Source: Energy Intelligence,"COPYRIGHT © 2001-2021 ENERGY INTELLIGENCE GROUP, INC. / ENERGY INTELLIGENCE GROUP (UK) LIMITED.",2017,9.97
Brunei,Champion,Source: Energy Intelligence,"COPYRIGHT © 2001-2021 ENERGY INTELLIGENCE GROUP, INC. / ENERGY INTELLIGENCE GROUP (UK) LIMITED.",2017,39.7
Brunei,Seria Light,Source: Energy Intelligence,"COPYRIGHT © 2001-2021 ENERGY INTELLIGENCE GROUP, INC. / ENERGY INTELLIGENCE GROUP (UK) LIMITED.",2018,54
Brunei,Other Crudes - Brunei,Source: Energy Intelligence,"COPYRIGHT © 2001-2021 ENERGY INTELLIGENCE GROUP, INC. / ENERGY INTELLIGENCE GROUP (UK) LIMITED.",2018,8.29
Brunei,Champion,Source: Energy Intelligence,"COPYRIGHT © 2001-2021 ENERGY INTELLIGENCE GROUP, INC. / ENERGY INTELLIGENCE GROUP (UK) LIMITED.",2018,36
Brunei,Seria Light,Source: Energy Intelligence,"COPYRIGHT © 2001-2021 ENERGY INTELLIGENCE GROUP, INC. / ENERGY INTELLIGENCE GROUP (UK) LIMITED.",2019,51.36
Brunei,Other Crudes - Brunei,Source: Energy Intelligence,"COPYRIGHT © 2001-2021 ENERGY INTELLIGENCE GROUP, INC. / ENERGY INTELLIGENCE GROUP (UK) LIMITED.",2019,9.49
Brunei,Champion,Source: Energy Intelligence,"COPYRIGHT © 2001-2021 ENERGY INTELLIGENCE GROUP, INC. / ENERGY INTELLIGENCE GROUP (UK) LIMITED.",2019,34.24
Brunei,Seria Light,Source: Energy Intelligence,"COPYRIGHT © 2001-2021 ENERGY INTELLIGENCE GROUP, INC. / ENERGY INTELLIGENCE GROUP (UK) LIMITED.",2020,40.73
Brunei,Other Crudes - Brunei,Source: Energy Intelligence,"COPYRIGHT © 2001-2021 ENERGY INTELLIGENCE GROUP, INC. / ENERGY INTELLIGENCE GROUP (UK) LIMITED.",2020,6.72
Brunei,Champion,Source: Energy Intelligence,"COPYRIGHT © 2001-2021 ENERGY INTELLIGENCE GROUP, INC. / ENERGY INTELLIGENCE GROUP (UK) LIMITED.",2020,27.15
Brunei,Seria Light,Source: Energy Intelligence,"COPYRIGHT © 2001-2021 ENERGY INTELLIGENCE GROUP, INC. / ENERGY INTELLIGENCE GROUP (UK) LIMITED.",2021,30.72
Brunei,Other Crudes - Brunei,Source: Energy Intelligence,"COPYRIGHT © 2001-2021 ENERGY INTELLIGENCE GROUP, INC. / ENERGY INTELLIGENCE GROUP (UK) LIMITED.",2021,5.07
Brunei,Champion,Source: Energy Intelligence,"COPYRIGHT © 2001-2021 ENERGY INTELLIGENCE GROUP, INC. / ENERGY INTELLIGENCE GROUP (UK) LIMITED.",2021,20.48
Brunei,Seria Light,Source: Energy Intelligence,"COPYRIGHT © 2001-2021 ENERGY INTELLIGENCE GROUP, INC. / ENERGY INTELLIGENCE GROUP (UK) LIMITED.",2022,20.29
Brunei,Other Crudes - Brunei,Source: Energy Intelligence,"COPYRIGHT © 2001-2021 ENERGY INTELLIGENCE GROUP, INC. / ENERGY INTELLIGENCE GROUP (UK) LIMITED.",2022,3.35
Brunei,Champion,Source: Energy Intelligence,"COPYRIGHT © 2001-2021 ENERGY INTELLIGENCE GROUP, INC. / ENERGY INTELLIGENCE GROUP (UK) LIMITED.",2022,13.53
Brunei,Seria Light,Source: Energy Intelligence,"COPYRIGHT © 2001-2021 ENERGY INTELLIGENCE GROUP, INC. / ENERGY INTELLIGENCE GROUP (UK) LIMITED.",2023,21.52
Brunei,Other Crudes - Brunei,Source: Energy Intelligence,"COPYRIGHT © 2001-2021 ENERGY INTELLIGENCE GROUP, INC. / ENERGY INTELLIGENCE GROUP (UK) LIMITED.",2023,3.55
Brunei,Champion,Source: Energy Intelligence,"COPYRIGHT © 2001-2021 ENERGY INTELLIGENCE GROUP, INC. / ENERGY INTELLIGENCE GROUP (UK) LIMITED.",2023,14.35
Brunei,Seria Light,Source: Energy Intelligence,"COPYRIGHT © 2001-2021 ENERGY INTELLIGENCE GROUP, INC. / ENERGY INTELLIGENCE GROUP (UK) LIMITED.",2024,22.3
Brunei,Other Crudes - Brunei,Source: Energy Intelligence,"COPYRIGHT © 2001-2021 ENERGY INTELLIGENCE GROUP, INC. / ENERGY INTELLIGENCE GROUP (UK) LIMITED.",2024,3.7
Brunei,Champion,Source: Energy Intelligence,"COPYRIGHT © 2001-2021 ENERGY INTELLIGENCE GROUP, INC. / ENERGY INTELLIGENCE GROUP (UK) LIMITED.",2024,14.86
Canada,White Rose,Source: Energy Intelligence,"COPYRIGHT © 2001-2021 ENERGY INTELLIGENCE GROUP, INC. / ENERGY INTELLIGENCE GROUP (UK) LIMITED.",2006,28.21
Canada,Western Canadian Select,Source: Energy Intelligence,"COPYRIGHT © 2001-2021 ENERGY INTELLIGENCE GROUP, INC. / ENERGY INTELLIGENCE GROUP (UK) LIMITED.",2006,234.5
Canada,Terra Nova,Source: Energy Intelligence,"COPYRIGHT © 2001-2021 ENERGY INTELLIGENCE GROUP, INC. / ENERGY INTELLIGENCE GROUP (UK) LIMITED.",2006,18.22
Canada,Syncrude Sweet Premium,Source: Energy Intelligence,"COPYRIGHT © 2001-2021 ENERGY INTELLIGENCE GROUP, INC. / ENERGY INTELLIGENCE GROUP (UK) LIMITED.",2006,81.78
Canada,Premium Albian,Source: Energy Intelligence,"COPYRIGHT © 2001-2021 ENERGY INTELLIGENCE GROUP, INC. / ENERGY INTELLIGENCE GROUP (UK) LIMITED.",2006,8.7
Canada,Other Crudes - Canada,Source: Energy Intelligence,"COPYRIGHT © 2001-2021 ENERGY INTELLIGENCE GROUP, INC. / ENERGY INTELLIGENCE GROUP (UK) LIMITED.",2006,890.39
Canada,Hibernia,Source: Energy Intelligence,"COPYRIGHT © 2001-2021 ENERGY INTELLIGENCE GROUP, INC. / ENERGY INTELLIGENCE GROUP (UK) LIMITED.",2006,99.68
Canada,Cold Lake Blend,Source: Energy Intelligence,"COPYRIGHT © 2001-2021 ENERGY INTELLIGENCE GROUP, INC. / ENERGY INTELLIGENCE GROUP (UK) LIMITED.",2006,189.31
Canada,Bow River,Source: Energy Intelligence,"COPYRIGHT © 2001-2021 ENERGY INTELLIGENCE GROUP, INC. / ENERGY INTELLIGENCE GROUP (UK) LIMITED.",2006,107.51
Canada,Albian Heavy,Source: Energy Intelligence,"COPYRIGHT © 2001-2021 ENERGY INTELLIGENCE GROUP, INC. / ENERGY INTELLIGENCE GROUP (UK) LIMITED.",2006,79.15
Canada,White Rose,Source: Energy Intelligence,"COPYRIGHT © 2001-2021 ENERGY INTELLIGENCE GROUP, INC. / ENERGY INTELLIGENCE GROUP (UK) LIMITED.",2007,40.44
Canada,Western Canadian Select,Source: Energy Intelligence,"COPYRIGHT © 2001-2021 ENERGY INTELLIGENCE GROUP, INC. / ENERGY INTELLIGENCE GROUP (UK) LIMITED.",2007,234.5
Canada,Terra Nova,Source: Energy Intelligence,"COPYRIGHT © 2001-2021 ENERGY INTELLIGENCE GROUP, INC. / ENERGY INTELLIGENCE GROUP (UK) LIMITED.",2007,50.92
Canada,Syncrude Sweet Premium,Source: Energy Intelligence,"COPYRIGHT © 2001-2021 ENERGY INTELLIGENCE GROUP, INC. / ENERGY INTELLIGENCE GROUP (UK) LIMITED.",2007,118.59
Canada,Premium Albian,Source: Energy Intelligence,"COPYRIGHT © 2001-2021 ENERGY INTELLIGENCE GROUP, INC. / ENERGY INTELLIGENCE GROUP (UK) LIMITED.",2007,4.96
Canada,Other Crudes - Canada,Source: Energy Intelligence,"COPYRIGHT © 2001-2021 ENERGY INTELLIGENCE GROUP, INC. / ENERGY INTELLIGENCE GROUP (UK) LIMITED.",2007,820.36
Canada,Hibernia,Source: Energy Intelligence,"COPYRIGHT © 2001-2021 ENERGY INTELLIGENCE GROUP, INC. / ENERGY INTELLIGENCE GROUP (UK) LIMITED.",2007,78.47
Canada,Cold Lake Blend,Source: Energy Intelligence,"COPYRIGHT © 2001-2021 ENERGY INTELLIGENCE GROUP, INC. / ENERGY INTELLIGENCE GROUP (UK) LIMITED.",2007,213.1
Canada,Bow River,Source: Energy Intelligence,"COPYRIGHT © 2001-2021 ENERGY INTELLIGENCE GROUP, INC. / ENERGY INTELLIGENCE GROUP (UK) LIMITED.",2007,91.39
Canada,Albian Heavy,Source: Energy Intelligence,"COPYRIGHT © 2001-2021 ENERGY INTELLIGENCE GROUP, INC. / ENERGY INTELLIGENCE GROUP (UK) LIMITED.",2007,69.58
Canada,White Rose,Source: Energy Intelligence,"COPYRIGHT © 2001-2021 ENERGY INTELLIGENCE GROUP, INC. / ENERGY INTELLIGENCE GROUP (UK) LIMITED.",2008,33.26
Canada,Western Canadian Select,Source: Energy Intelligence,"COPYRIGHT © 2001-2021 ENERGY INTELLIGENCE GROUP, INC. / ENERGY INTELLIGENCE GROUP (UK) LIMITED.",2008,258.97
Canada,Terra Nova,Source: Energy Intelligence,"COPYRIGHT © 2001-2021 ENERGY INTELLIGENCE GROUP, INC. / ENERGY INTELLIGENCE GROUP (UK) LIMITED.",2008,45
Canada,Syncrude Sweet Premium,Source: Energy Intelligence,"COPYRIGHT © 2001-2021 ENERGY INTELLIGENCE GROUP, INC. / ENERGY INTELLIGENCE GROUP (UK) LIMITED.",2008,119
Canada,Premium Albian,Source: Energy Intelligence,"COPYRIGHT © 2001-2021 ENERGY INTELLIGENCE GROUP, INC. / ENERGY INTELLIGENCE GROUP (UK) LIMITED.",2008,12.88
Canada,Other Crudes - Canada,Source: Energy Intelligence,"COPYRIGHT © 2001-2021 ENERGY INTELLIGENCE GROUP, INC. / ENERGY INTELLIGENCE GROUP (UK) LIMITED.",2008,883.38
Canada,Hibernia,Source: Energy Intelligence,"COPYRIGHT © 2001-2021 ENERGY INTELLIGENCE GROUP, INC. / ENERGY INTELLIGENCE GROUP (UK) LIMITED.",2008,67.91
Canada,Cold Lake Blend,Source: Energy Intelligence,"COPYRIGHT © 2001-2021 ENERGY INTELLIGENCE GROUP, INC. / ENERGY INTELLIGENCE GROUP (UK) LIMITED.",2008,217.74
Canada,Bow River,Source: Energy Intelligence,"COPYRIGHT © 2001-2021 ENERGY INTELLIGENCE GROUP, INC. / ENERGY INTELLIGENCE GROUP (UK) LIMITED.",2008,101.69
Canada,Albian Heavy,Source: Energy Intelligence,"COPYRIGHT © 2001-2021 ENERGY INTELLIGENCE GROUP, INC. / ENERGY INTELLIGENCE GROUP (UK) LIMITED.",2008,46.16
Canada,White Rose,Source: Energy Intelligence,"COPYRIGHT © 2001-2021 ENERGY INTELLIGENCE GROUP, INC. / ENERGY INTELLIGENCE GROUP (UK) LIMITED.",2009,9.25
Canada,Western Canadian Select,Source: Energy Intelligence,"COPYRIGHT © 2001-2021 ENERGY INTELLIGENCE GROUP, INC. / ENERGY INTELLIGENCE GROUP (UK) LIMITED.",2009,233.13
Canada,Terra Nova,Source: Energy Intelligence,"COPYRIGHT © 2001-2021 ENERGY INTELLIGENCE GROUP, INC. / ENERGY INTELLIGENCE GROUP (UK) LIMITED.",2009,60.14
Canada,Syncrude Sweet Premium,Source: Energy Intelligence,"COPYRIGHT © 2001-2021 ENERGY INTELLIGENCE GROUP, INC. / ENERGY INTELLIGENCE GROUP (UK) LIMITED.",2009,119
Canada,Premium Albian,Source: Energy Intelligence,"COPYRIGHT © 2001-2021 ENERGY INTELLIGENCE GROUP, INC. / ENERGY INTELLIGENCE GROUP (UK) LIMITED.",2009,12.24
Canada,Other Crudes - Canada,Source: Energy Intelligence,"COPYRIGHT © 2001-2021 ENERGY INTELLIGENCE GROUP, INC. / ENERGY INTELLIGENCE GROUP (UK) LIMITED.",2009,954.58
Canada,Hibernia,Source: Energy Intelligence,"COPYRIGHT © 2001-2021 ENERGY INTELLIGENCE GROUP, INC. / ENERGY INTELLIGENCE GROUP (UK) LIMITED.",2009,59.27
Canada,Cold Lake Blend,Source: Energy Intelligence,"COPYRIGHT © 2001-2021 ENERGY INTELLIGENCE GROUP, INC. / ENERGY INTELLIGENCE GROUP (UK) LIMITED.",2009,231.66
Canada,Bow River,Source: Energy Intelligence,"COPYRIGHT © 2001-2021 ENERGY INTELLIGENCE GROUP, INC. / ENERGY INTELLIGENCE GROUP (UK) LIMITED.",2009,103.63
Canada,Albian Heavy,Source: Energy Intelligence,"COPYRIGHT © 2001-2021 ENERGY INTELLIGENCE GROUP, INC. / ENERGY INTELLIGENCE GROUP (UK) LIMITED.",2009,51.1
Canada,White Rose,Source: Energy Intelligence,"COPYRIGHT © 2001-2021 ENERGY INTELLIGENCE GROUP, INC. / ENERGY INTELLIGENCE GROUP (UK) LIMITED.",2010,5
Canada,Western Canadian Select,Source: Energy Intelligence,"COPYRIGHT © 2001-2021 ENERGY INTELLIGENCE GROUP, INC. / ENERGY INTELLIGENCE GROUP (UK) LIMITED.",2010,250.3
Canada,Terra Nova,Source: Energy Intelligence,"COPYRIGHT © 2001-2021 ENERGY INTELLIGENCE GROUP, INC. / ENERGY INTELLIGENCE GROUP (UK) LIMITED.",2010,40.8
Canada,Syncrude Sweet Premium,Source: Energy Intelligence,"COPYRIGHT © 2001-2021 ENERGY INTELLIGENCE GROUP, INC. / ENERGY INTELLIGENCE GROUP (UK) LIMITED.",2010,115
Canada,Premium Albian,Source: Energy Intelligence,"COPYRIGHT © 2001-2021 ENERGY INTELLIGENCE GROUP, INC. / ENERGY INTELLIGENCE GROUP (UK) LIMITED.",2010,12.5
Canada,Other Crudes - Canada,Source: Energy Intelligence,"COPYRIGHT © 2001-2021 ENERGY INTELLIGENCE GROUP, INC. / ENERGY INTELLIGENCE GROUP (UK) LIMITED.",2010,983.2
Canada,Hibernia,Source: Energy Intelligence,"COPYRIGHT © 2001-2021 ENERGY INTELLIGENCE GROUP, INC. / ENERGY INTELLIGENCE GROUP (UK) LIMITED.",2010,80
Canada,Cold Lake Blend,Source: Energy Intelligence,"COPYRIGHT © 2001-2021 ENERGY INTELLIGENCE GROUP, INC. / ENERGY INTELLIGENCE GROUP (UK) LIMITED.",2010,305
Canada,Bow River,Source: Energy Intelligence,"COPYRIGHT © 2001-2021 ENERGY INTELLIGENCE GROUP, INC. / ENERGY INTELLIGENCE GROUP (UK) LIMITED.",2010,104
Canada,Albian Heavy,Source: Energy Intelligence,"COPYRIGHT © 2001-2021 ENERGY INTELLIGENCE GROUP, INC. / ENERGY INTELLIGENCE GROUP (UK) LIMITED.",2010,50
Canada,White Rose,Source: Energy Intelligence,"COPYRIGHT © 2001-2021 ENERGY INTELLIGENCE GROUP, INC. / ENERGY INTELLIGENCE GROUP (UK) LIMITED.",2011,33.71
Canada,Western Canadian Select,Source: Energy Intelligence,"COPYRIGHT © 2001-2021 ENERGY INTELLIGENCE GROUP, INC. / ENERGY INTELLIGENCE GROUP (UK) LIMITED.",2011,269.98
Canada,Terra Nova,Source: Energy Intelligence,"COPYRIGHT © 2001-2021 ENERGY INTELLIGENCE GROUP, INC. / ENERGY INTELLIGENCE GROUP (UK) LIMITED.",2011,23.6
Canada,Syncrude Sweet Premium,Source: Energy Intelligence,"COPYRIGHT © 2001-2021 ENERGY INTELLIGENCE GROUP, INC. / ENERGY INTELLIGENCE GROUP (UK) LIMITED.",2011,115.32
Canada,Premium Albian,Source: Energy Intelligence,"COPYRIGHT © 2001-2021 ENERGY INTELLIGENCE GROUP, INC. / ENERGY INTELLIGENCE GROUP (UK) LIMITED.",2011,25.2
Canada,Other Crudes - Canada,Source: Energy Intelligence,"COPYRIGHT © 2001-2021 ENERGY INTELLIGENCE GROUP, INC. / ENERGY INTELLIGENCE GROUP (UK) LIMITED.",2011,1030.94
Canada,Hibernia,Source: Energy Intelligence,"COPYRIGHT © 2001-2021 ENERGY INTELLIGENCE GROUP, INC. / ENERGY INTELLIGENCE GROUP (UK) LIMITED.",2011,83
Canada,Cold Lake Blend,Source: Energy Intelligence,"COPYRIGHT © 2001-2021 ENERGY INTELLIGENCE GROUP, INC. / ENERGY INTELLIGENCE GROUP (UK) LIMITED.",2011,347.8
Canada,Bow River,Source: Energy Intelligence,"COPYRIGHT © 2001-2021 ENERGY INTELLIGENCE GROUP, INC. / ENERGY INTELLIGENCE GROUP (UK) LIMITED.",2011,100.49
Canada,Albian Heavy,Source: Energy Intelligence,"COPYRIGHT © 2001-2021 ENERGY INTELLIGENCE GROUP, INC. / ENERGY INTELLIGENCE GROUP (UK) LIMITED.",2011,100.8
Canada,White Rose,Source: Energy Intelligence,"COPYRIGHT © 2001-2021 ENERGY INTELLIGENCE GROUP, INC. / ENERGY INTELLIGENCE GROUP (UK) LIMITED.",2012,18.75
Canada,Western Canadian Select,Source: Energy Intelligence,"COPYRIGHT © 2001-2021 ENERGY INTELLIGENCE GROUP, INC. / ENERGY INTELLIGENCE GROUP (UK) LIMITED.",2012,284.69
Canada,Terra Nova,Source: Energy Intelligence,"COPYRIGHT © 2001-2021 ENERGY INTELLIGENCE GROUP, INC. / ENERGY INTELLIGENCE GROUP (UK) LIMITED.",2012,19.7
Canada,Syncrude Sweet Premium,Source: Energy Intelligence,"COPYRIGHT © 2001-2021 ENERGY INTELLIGENCE GROUP, INC. / ENERGY INTELLIGENCE GROUP (UK) LIMITED.",2012,114.6
Canada,Premium Albian,Source: Energy Intelligence,"COPYRIGHT © 2001-2021 ENERGY INTELLIGENCE GROUP, INC. / ENERGY INTELLIGENCE GROUP (UK) LIMITED.",2012,27
Canada,Other Crudes - Canada,Source: Energy Intelligence,"COPYRIGHT © 2001-2021 ENERGY INTELLIGENCE GROUP, INC. / ENERGY INTELLIGENCE GROUP (UK) LIMITED.",2012,1235.69
Canada,Hibernia,Source: Energy Intelligence,"COPYRIGHT © 2001-2021 ENERGY INTELLIGENCE GROUP, INC. / ENERGY INTELLIGENCE GROUP (UK) LIMITED.",2012,85
Canada,Cold Lake Blend,Source: Energy Intelligence,"COPYRIGHT © 2001-2021 ENERGY INTELLIGENCE GROUP, INC. / ENERGY INTELLIGENCE GROUP (UK) LIMITED.",2012,351.8
Canada,Bow River,Source: Energy Intelligence,"COPYRIGHT © 2001-2021 ENERGY INTELLIGENCE GROUP, INC. / ENERGY INTELLIGENCE GROUP (UK) LIMITED.",2012,99.65
Canada,Albian Heavy,Source: Energy Intelligence,"COPYRIGHT © 2001-2021 ENERGY INTELLIGENCE GROUP, INC. / ENERGY INTELLIGENCE GROUP (UK) LIMITED.",2012,108
Canada,White Rose,Source: Energy Intelligence,"COPYRIGHT © 2001-2021 ENERGY INTELLIGENCE GROUP, INC. / ENERGY INTELLIGENCE GROUP (UK) LIMITED.",2013,25.18
Canada,Western Canadian Select,Source: Energy Intelligence,"COPYRIGHT © 2001-2021 ENERGY INTELLIGENCE GROUP, INC. / ENERGY INTELLIGENCE GROUP (UK) LIMITED.",2013,273.9
Canada,Syncrude Sweet Premium,Source: Energy Intelligence,"COPYRIGHT © 2001-2021 ENERGY INTELLIGENCE GROUP, INC. / ENERGY INTELLIGENCE GROUP (UK) LIMITED.",2013,106.8
Canada,Premium Albian,Source: Energy Intelligence,"COPYRIGHT © 2001-2021 ENERGY INTELLIGENCE GROUP, INC. / ENERGY INTELLIGENCE GROUP (UK) LIMITED.",2013,28.32
Canada,Other Crudes - Canada,Source: Energy Intelligence,"COPYRIGHT © 2001-2021 ENERGY INTELLIGENCE GROUP, INC. / ENERGY INTELLIGENCE GROUP (UK) LIMITED.",2013,1524.24
Canada,Hibernia,Source: Energy Intelligence,"COPYRIGHT © 2001-2021 ENERGY INTELLIGENCE GROUP, INC. / ENERGY INTELLIGENCE GROUP (UK) LIMITED.",2013,96.61
Canada,Cold Lake Blend,Source: Energy Intelligence,"COPYRIGHT © 2001-2021 ENERGY INTELLIGENCE GROUP, INC. / ENERGY INTELLIGENCE GROUP (UK) LIMITED.",2013,335.6
Canada,Bow River,Source: Energy Intelligence,"COPYRIGHT © 2001-2021 ENERGY INTELLIGENCE GROUP, INC. / ENERGY INTELLIGENCE GROUP (UK) LIMITED.",2013,91.15
Canada,Albian Heavy,Source: Energy Intelligence,"COPYRIGHT © 2001-2021 ENERGY INTELLIGENCE GROUP, INC. / ENERGY INTELLIGENCE GROUP (UK) LIMITED.",2013,113.28
Canada,White Rose,Source: Energy Intelligence,"COPYRIGHT © 2001-2021 ENERGY INTELLIGENCE GROUP, INC. / ENERGY INTELLIGENCE GROUP (UK) LIMITED.",2014,25.76
Canada,Western Canadian Select,Source: Energy Intelligence,"COPYRIGHT © 2001-2021 ENERGY INTELLIGENCE GROUP, INC. / ENERGY INTELLIGENCE GROUP (UK) LIMITED.",2014,296.3
Canada,Syncrude Sweet Premium,Source: Energy Intelligence,"COPYRIGHT © 2001-2021 ENERGY INTELLIGENCE GROUP, INC. / ENERGY INTELLIGENCE GROUP (UK) LIMITED.",2014,103.24
Canada,Premium Albian,Source: Energy Intelligence,"COPYRIGHT © 2001-2021 ENERGY INTELLIGENCE GROUP, INC. / ENERGY INTELLIGENCE GROUP (UK) LIMITED.",2014,29.16
Canada,Other Crudes - Canada,Source: Energy Intelligence,"COPYRIGHT © 2001-2021 ENERGY INTELLIGENCE GROUP, INC. / ENERGY INTELLIGENCE GROUP (UK) LIMITED.",2014,1731.94
Canada,Hibernia,Source: Energy Intelligence,"COPYRIGHT © 2001-2021 ENERGY INTELLIGENCE GROUP, INC. / ENERGY INTELLIGENCE GROUP (UK) LIMITED.",2014,93.41
Canada,Cold Lake Blend,Source: Energy Intelligence,"COPYRIGHT © 2001-2021 ENERGY INTELLIGENCE GROUP, INC. / ENERGY INTELLIGENCE GROUP (UK) LIMITED.",2014,361.5
Canada,Bow River,Source: Energy Intelligence,"COPYRIGHT © 2001-2021 ENERGY INTELLIGENCE GROUP, INC. / ENERGY INTELLIGENCE GROUP (UK) LIMITED.",2014,94.14
Canada,Albian Heavy,Source: Energy Intelligence,"COPYRIGHT © 2001-2021 ENERGY INTELLIGENCE GROUP, INC. / ENERGY INTELLIGENCE GROUP (UK) LIMITED.",2014,116.64
Canada,White Rose,Source: Energy Intelligence,"COPYRIGHT © 2001-2021 ENERGY INTELLIGENCE GROUP, INC. / ENERGY INTELLIGENCE GROUP (UK) LIMITED.",2015,20.48
Canada,Western Canadian Select,Source: Energy Intelligence,"COPYRIGHT © 2001-2021 ENERGY INTELLIGENCE GROUP, INC. / ENERGY INTELLIGENCE GROUP (UK) LIMITED.",2015,318.72
Canada,Syncrude Sweet Premium,Source: Energy Intelligence,"COPYRIGHT © 2001-2021 ENERGY INTELLIGENCE GROUP, INC. / ENERGY INTELLIGENCE GROUP (UK) LIMITED.",2015,98.04
Canada,Premium Albian,Source: Energy Intelligence,"COPYRIGHT © 2001-2021 ENERGY INTELLIGENCE GROUP, INC. / ENERGY INTELLIGENCE GROUP (UK) LIMITED.",2015,28.2
Canada,Other Crudes - Canada,Source: Energy Intelligence,"COPYRIGHT © 2001-2021 ENERGY INTELLIGENCE GROUP, INC. / ENERGY INTELLIGENCE GROUP (UK) LIMITED.",2015,1852.5
Canada,Hibernia,Source: Energy Intelligence,"COPYRIGHT © 2001-2021 ENERGY INTELLIGENCE GROUP, INC. / ENERGY INTELLIGENCE GROUP (UK) LIMITED.",2015,57.93
Canada,Cold Lake Blend,Source: Energy Intelligence,"COPYRIGHT © 2001-2021 ENERGY INTELLIGENCE GROUP, INC. / ENERGY INTELLIGENCE GROUP (UK) LIMITED.",2015,418.8
Canada,Bow River,Source: Energy Intelligence,"COPYRIGHT © 2001-2021 ENERGY INTELLIGENCE GROUP, INC. / ENERGY INTELLIGENCE GROUP (UK) LIMITED.",2015,92.54
Canada,Albian Heavy,Source: Energy Intelligence,"COPYRIGHT © 2001-2021 ENERGY INTELLIGENCE GROUP, INC. / ENERGY INTELLIGENCE GROUP (UK) LIMITED.",2015,112.8
Canada,White Rose,Source: Energy Intelligence,"COPYRIGHT © 2001-2021 ENERGY INTELLIGENCE GROUP, INC. / ENERGY INTELLIGENCE GROUP (UK) LIMITED.",2016,15.16
Canada,Western Canadian Select,Source: Energy Intelligence,"COPYRIGHT © 2001-2021 ENERGY INTELLIGENCE GROUP, INC. / ENERGY INTELLIGENCE GROUP (UK) LIMITED.",2016,457.12
Canada,Syncrude Sweet Premium,Source: Energy Intelligence,"COPYRIGHT © 2001-2021 ENERGY INTELLIGENCE GROUP, INC. / ENERGY INTELLIGENCE GROUP (UK) LIMITED.",2016,77.25
Canada,Premium Albian,Source: Energy Intelligence,"COPYRIGHT © 2001-2021 ENERGY INTELLIGENCE GROUP, INC. / ENERGY INTELLIGENCE GROUP (UK) LIMITED.",2016,30
Canada,Other Crudes - Canada,Source: Energy Intelligence,"COPYRIGHT © 2001-2021 ENERGY INTELLIGENCE GROUP, INC. / ENERGY INTELLIGENCE GROUP (UK) LIMITED.",2016,1944.39
Canada,Hibernia,Source: Energy Intelligence,"COPYRIGHT © 2001-2021 ENERGY INTELLIGENCE GROUP, INC. / ENERGY INTELLIGENCE GROUP (UK) LIMITED.",2016,87.28
Canada,Cold Lake Blend,Source: Energy Intelligence,"COPYRIGHT © 2001-2021 ENERGY INTELLIGENCE GROUP, INC. / ENERGY INTELLIGENCE GROUP (UK) LIMITED.",2016,415.9
Canada,Bow River,Source: Energy Intelligence,"COPYRIGHT © 2001-2021 ENERGY INTELLIGENCE GROUP, INC. / ENERGY INTELLIGENCE GROUP (UK) LIMITED.",2016,83.9
Canada,Albian Heavy,Source: Energy Intelligence,"COPYRIGHT © 2001-2021 ENERGY INTELLIGENCE GROUP, INC. / ENERGY INTELLIGENCE GROUP (UK) LIMITED.",2016,120
Canada,White Rose,Source: Energy Intelligence,"COPYRIGHT © 2001-2021 ENERGY INTELLIGENCE GROUP, INC. / ENERGY INTELLIGENCE GROUP (UK) LIMITED.",2017,19.23
Canada,Western Canadian Select,Source: Energy Intelligence,"COPYRIGHT © 2001-2021 ENERGY INTELLIGENCE GROUP, INC. / ENERGY INTELLIGENCE GROUP (UK) LIMITED.",2017,427.2
Canada,Syncrude Sweet Premium,Source: Energy Intelligence,"COPYRIGHT © 2001-2021 ENERGY INTELLIGENCE GROUP, INC. / ENERGY INTELLIGENCE GROUP (UK) LIMITED.",2017,92.62
Canada,Premium Albian,Source: Energy Intelligence,"COPYRIGHT © 2001-2021 ENERGY INTELLIGENCE GROUP, INC. / ENERGY INTELLIGENCE GROUP (UK) LIMITED.",2017,30.6
Canada,Other Crudes - Canada,Source: Energy Intelligence,"COPYRIGHT © 2001-2021 ENERGY INTELLIGENCE GROUP, INC. / ENERGY INTELLIGENCE GROUP (UK) LIMITED.",2017,2006.06
Canada,Hibernia,Source: Energy Intelligence,"COPYRIGHT © 2001-2021 ENERGY INTELLIGENCE GROUP, INC. / ENERGY INTELLIGENCE GROUP (UK) LIMITED.",2017,93
Canada,Cold Lake Blend,Source: Energy Intelligence,"COPYRIGHT © 2001-2021 ENERGY INTELLIGENCE GROUP, INC. / ENERGY INTELLIGENCE GROUP (UK) LIMITED.",2017,447
Canada,Bow River,Source: Energy Intelligence,"COPYRIGHT © 2001-2021 ENERGY INTELLIGENCE GROUP, INC. / ENERGY INTELLIGENCE GROUP (UK) LIMITED.",2017,84.82
Canada,Albian Heavy,Source: Energy Intelligence,"COPYRIGHT © 2001-2021 ENERGY INTELLIGENCE GROUP, INC. / ENERGY INTELLIGENCE GROUP (UK) LIMITED.",2017,122.4
Canada,White Rose,Source: Energy Intelligence,"COPYRIGHT © 2001-2021 ENERGY INTELLIGENCE GROUP, INC. / ENERGY INTELLIGENCE GROUP (UK) LIMITED.",2018,11.16
Canada,Western Canadian Select,Source: Energy Intelligence,"COPYRIGHT © 2001-2021 ENERGY INTELLIGENCE GROUP, INC. / ENERGY INTELLIGENCE GROUP (UK) LIMITED.",2018,382.03
Canada,Syncrude Sweet Premium,Source: Energy Intelligence,"COPYRIGHT © 2001-2021 ENERGY INTELLIGENCE GROUP, INC. / ENERGY INTELLIGENCE GROUP (UK) LIMITED.",2018,112.47
Canada,Premium Albian,Source: Energy Intelligence,"COPYRIGHT © 2001-2021 ENERGY INTELLIGENCE GROUP, INC. / ENERGY INTELLIGENCE GROUP (UK) LIMITED.",2018,31.8
Canada,Other Crudes - Canada,Source: Energy Intelligence,"COPYRIGHT © 2001-2021 ENERGY INTELLIGENCE GROUP, INC. / ENERGY INTELLIGENCE GROUP (UK) LIMITED.",2018,2307.16
Canada,Hibernia,Source: Energy Intelligence,"COPYRIGHT © 2001-2021 ENERGY INTELLIGENCE GROUP, INC. / ENERGY INTELLIGENCE GROUP (UK) LIMITED.",2018,72.02
Canada,Hebron,Source: Energy Intelligence,"COPYRIGHT © 2001-2021 ENERGY INTELLIGENCE GROUP, INC. / ENERGY INTELLIGENCE GROUP (UK) LIMITED.",2018,55.66
Canada,Cold Lake Blend,Source: Energy Intelligence,"COPYRIGHT © 2001-2021 ENERGY INTELLIGENCE GROUP, INC. / ENERGY INTELLIGENCE GROUP (UK) LIMITED.",2018,436.3
Canada,Bow River,Source: Energy Intelligence,"COPYRIGHT © 2001-2021 ENERGY INTELLIGENCE GROUP, INC. / ENERGY INTELLIGENCE GROUP (UK) LIMITED.",2018,83.68
Canada,Albian Heavy,Source: Energy Intelligence,"COPYRIGHT © 2001-2021 ENERGY INTELLIGENCE GROUP, INC. / ENERGY INTELLIGENCE GROUP (UK) LIMITED.",2018,127.2
Canada,White Rose,Source: Energy Intelligence,"COPYRIGHT © 2001-2021 ENERGY INTELLIGENCE GROUP, INC. / ENERGY INTELLIGENCE GROUP (UK) LIMITED.",2019,7.78
Canada,Western Canadian Select,Source: Energy Intelligence,"COPYRIGHT © 2001-2021 ENERGY INTELLIGENCE GROUP, INC. / ENERGY INTELLIGENCE GROUP (UK) LIMITED.",2019,381.16
Canada,Syncrude Sweet Premium,Source: Energy Intelligence,"COPYRIGHT © 2001-2021 ENERGY INTELLIGENCE GROUP, INC. / ENERGY INTELLIGENCE GROUP (UK) LIMITED.",2019,117.33
Canada,Premium Albian,Source: Energy Intelligence,"COPYRIGHT © 2001-2021 ENERGY INTELLIGENCE GROUP, INC. / ENERGY INTELLIGENCE GROUP (UK) LIMITED.",2019,31.8
Canada,Other Crudes - Canada,Source: Energy Intelligence,"COPYRIGHT © 2001-2021 ENERGY INTELLIGENCE GROUP, INC. / ENERGY INTELLIGENCE GROUP (UK) LIMITED.",2019,2408.06
Canada,Hibernia,Source: Energy Intelligence,"COPYRIGHT © 2001-2021 ENERGY INTELLIGENCE GROUP, INC. / ENERGY INTELLIGENCE GROUP (UK) LIMITED.",2019,65.26
Canada,Hebron,Source: Energy Intelligence,"COPYRIGHT © 2001-2021 ENERGY INTELLIGENCE GROUP, INC. / ENERGY INTELLIGENCE GROUP (UK) LIMITED.",2019,92.66
Canada,Cold Lake Blend,Source: Energy Intelligence,"COPYRIGHT © 2001-2021 ENERGY INTELLIGENCE GROUP, INC. / ENERGY INTELLIGENCE GROUP (UK) LIMITED.",2019,433.12
Canada,Bow River,Source: Energy Intelligence,"COPYRIGHT © 2001-2021 ENERGY INTELLIGENCE GROUP, INC. / ENERGY INTELLIGENCE GROUP (UK) LIMITED.",2019,90.77
Canada,Albian Heavy,Source: Energy Intelligence,"COPYRIGHT © 2001-2021 ENERGY INTELLIGENCE GROUP, INC. / ENERGY INTELLIGENCE GROUP (UK) LIMITED.",2019,127.2
Canada,White Rose,Source: Energy Intelligence,"COPYRIGHT © 2001-2021 ENERGY INTELLIGENCE GROUP, INC. / ENERGY INTELLIGENCE GROUP (UK) LIMITED.",2020,11.32
Canada,Western Canadian Select,Source: Energy Intelligence,"COPYRIGHT © 2001-2021 ENERGY INTELLIGENCE GROUP, INC. / ENERGY INTELLIGENCE GROUP (UK) LIMITED.",2020,316.46
Canada,Syncrude Sweet Premium,Source: Energy Intelligence,"COPYRIGHT © 2001-2021 ENERGY INTELLIGENCE GROUP, INC. / ENERGY INTELLIGENCE GROUP (UK) LIMITED.",2020,111.07
Canada,Premium Albian,Source: Energy Intelligence,"COPYRIGHT © 2001-2021 ENERGY INTELLIGENCE GROUP, INC. / ENERGY INTELLIGENCE GROUP (UK) LIMITED.",2020,32.4
Canada,Other Crudes - Canada,Source: Energy Intelligence,"COPYRIGHT © 2001-2021 ENERGY INTELLIGENCE GROUP, INC. / ENERGY INTELLIGENCE GROUP (UK) LIMITED.",2020,2302.31
Canada,Hibernia,Source: Energy Intelligence,"COPYRIGHT © 2001-2021 ENERGY INTELLIGENCE GROUP, INC. / ENERGY INTELLIGENCE GROUP (UK) LIMITED.",2020,75.42
Canada,Hebron,Source: Energy Intelligence,"COPYRIGHT © 2001-2021 ENERGY INTELLIGENCE GROUP, INC. / ENERGY INTELLIGENCE GROUP (UK) LIMITED.",2020,117.25
Canada,Cold Lake Blend,Source: Energy Intelligence,"COPYRIGHT © 2001-2021 ENERGY INTELLIGENCE GROUP, INC. / ENERGY INTELLIGENCE GROUP (UK) LIMITED.",2020,478.71
Canada,Bow River,Source: Energy Intelligence,"COPYRIGHT © 2001-2021 ENERGY INTELLIGENCE GROUP, INC. / ENERGY INTELLIGENCE GROUP (UK) LIMITED.",2020,79.35
Canada,Albian Heavy,Source: Energy Intelligence,"COPYRIGHT © 2001-2021 ENERGY INTELLIGENCE GROUP, INC. / ENERGY INTELLIGENCE GROUP (UK) LIMITED.",2020,129.6
Canada,White Rose,Source: Energy Intelligence,"COPYRIGHT © 2001-2021 ENERGY INTELLIGENCE GROUP, INC. / ENERGY INTELLIGENCE GROUP (UK) LIMITED.",2021,8.98
Canada,Western Canadian Select,Source: Energy Intelligence,"COPYRIGHT © 2001-2021 ENERGY INTELLIGENCE GROUP, INC. / ENERGY INTELLIGENCE GROUP (UK) LIMITED.",2021,331.36
Canada,Syncrude Sweet Premium,Source: Energy Intelligence,"COPYRIGHT © 2001-2021 ENERGY INTELLIGENCE GROUP, INC. / ENERGY INTELLIGENCE GROUP (UK) LIMITED.",2021,113.72
Canada,Premium Albian,Source: Energy Intelligence,"COPYRIGHT © 2001-2021 ENERGY INTELLIGENCE GROUP, INC. / ENERGY INTELLIGENCE GROUP (UK) LIMITED.",2021,33
Canada,Other Crudes - Canada,Source: Energy Intelligence,"COPYRIGHT © 2001-2021 ENERGY INTELLIGENCE GROUP, INC. / ENERGY INTELLIGENCE GROUP (UK) LIMITED.",2021,2408.42
Canada,Hibernia,Source: Energy Intelligence,"COPYRIGHT © 2001-2021 ENERGY INTELLIGENCE GROUP, INC. / ENERGY INTELLIGENCE GROUP (UK) LIMITED.",2021,63.43
Canada,Hebron,Source: Energy Intelligence,"COPYRIGHT © 2001-2021 ENERGY INTELLIGENCE GROUP, INC. / ENERGY INTELLIGENCE GROUP (UK) LIMITED.",2021,115.05
Canada,Cold Lake Blend,Source: Energy Intelligence,"COPYRIGHT © 2001-2021 ENERGY INTELLIGENCE GROUP, INC. / ENERGY INTELLIGENCE GROUP (UK) LIMITED.",2021,485.03
Canada,Bow River,Source: Energy Intelligence,"COPYRIGHT © 2001-2021 ENERGY INTELLIGENCE GROUP, INC. / ENERGY INTELLIGENCE GROUP (UK) LIMITED.",2021,82.31
Canada,Albian Heavy,Source: Energy Intelligence,"COPYRIGHT © 2001-2021 ENERGY INTELLIGENCE GROUP, INC. / ENERGY INTELLIGENCE GROUP (UK) LIMITED.",2021,132
Canada,White Rose,Source: Energy Intelligence,"COPYRIGHT © 2001-2021 ENERGY INTELLIGENCE GROUP, INC. / ENERGY INTELLIGENCE GROUP (UK) LIMITED.",2022,8.16
Canada,Western Canadian Select,Source: Energy Intelligence,"COPYRIGHT © 2001-2021 ENERGY INTELLIGENCE GROUP, INC. / ENERGY INTELLIGENCE GROUP (UK) LIMITED.",2022,389.45
Canada,Syncrude Sweet Premium,Source: Energy Intelligence,"COPYRIGHT © 2001-2021 ENERGY INTELLIGENCE GROUP, INC. / ENERGY INTELLIGENCE GROUP (UK) LIMITED.",2022,122.65
Canada,Premium Albian,Source: Energy Intelligence,"COPYRIGHT © 2001-2021 ENERGY INTELLIGENCE GROUP, INC. / ENERGY INTELLIGENCE GROUP (UK) LIMITED.",2022,27
Canada,Other Crudes - Canada,Source: Energy Intelligence,"COPYRIGHT © 2001-2021 ENERGY INTELLIGENCE GROUP, INC. / ENERGY INTELLIGENCE GROUP (UK) LIMITED.",2022,2492.07
Canada,Hibernia,Source: Energy Intelligence,"COPYRIGHT © 2001-2021 ENERGY INTELLIGENCE GROUP, INC. / ENERGY INTELLIGENCE GROUP (UK) LIMITED.",2022,47.94
Canada,Hebron,Source: Energy Intelligence,"COPYRIGHT © 2001-2021 ENERGY INTELLIGENCE GROUP, INC. / ENERGY INTELLIGENCE GROUP (UK) LIMITED.",2022,114.46
Canada,Cold Lake Blend,Source: Energy Intelligence,"COPYRIGHT © 2001-2021 ENERGY INTELLIGENCE GROUP, INC. / ENERGY INTELLIGENCE GROUP (UK) LIMITED.",2022,488.5
Canada,Bow River,Source: Energy Intelligence,"COPYRIGHT © 2001-2021 ENERGY INTELLIGENCE GROUP, INC. / ENERGY INTELLIGENCE GROUP (UK) LIMITED.",2022,79.59
Canada,Albian Heavy,Source: Energy Intelligence,"COPYRIGHT © 2001-2021 ENERGY INTELLIGENCE GROUP, INC. / ENERGY INTELLIGENCE GROUP (UK) LIMITED.",2022,108
Canada,Western Canadian Select,Source: Energy Intelligence,"COPYRIGHT © 2001-2021 ENERGY INTELLIGENCE GROUP, INC. / ENERGY INTELLIGENCE GROUP (UK) LIMITED.",2023,473.45
Canada,Syncrude Sweet Premium,Source: Energy Intelligence,"COPYRIGHT © 2001-2021 ENERGY INTELLIGENCE GROUP, INC. / ENERGY INTELLIGENCE GROUP (UK) LIMITED.",2023,126.6
Canada,Premium Albian,Source: Energy Intelligence,"COPYRIGHT © 2001-2021 ENERGY INTELLIGENCE GROUP, INC. / ENERGY INTELLIGENCE GROUP (UK) LIMITED.",2023,37.5
Canada,Other Crudes - Canada,Source: Energy Intelligence,"COPYRIGHT © 2001-2021 ENERGY INTELLIGENCE GROUP, INC. / ENERGY INTELLIGENCE GROUP (UK) LIMITED.",2023,2726.5
Canada,Hibernia,Source: Energy Intelligence,"COPYRIGHT © 2001-2021 ENERGY INTELLIGENCE GROUP, INC. / ENERGY INTELLIGENCE GROUP (UK) LIMITED.",2023,43.51
Canada,Hebron,Source: Energy Intelligence,"COPYRIGHT © 2001-2021 ENERGY INTELLIGENCE GROUP, INC. / ENERGY INTELLIGENCE GROUP (UK) LIMITED.",2023,97.69
Canada,Cold Lake Blend,Source: Energy Intelligence,"COPYRIGHT © 2001-2021 ENERGY INTELLIGENCE GROUP, INC. / ENERGY INTELLIGENCE GROUP (UK) LIMITED.",2023,327.6
Canada,Albian Heavy,Source: Energy Intelligence,"COPYRIGHT © 2001-2021 ENERGY INTELLIGENCE GROUP, INC. / ENERGY INTELLIGENCE GROUP (UK) LIMITED.",2023,149.88
Canada,Western Canadian Select,Source: Energy Intelligence,"COPYRIGHT © 2001-2021 ENERGY INTELLIGENCE GROUP, INC. / ENERGY INTELLIGENCE GROUP (UK) LIMITED.",2024,462.5
Canada,Syncrude Sweet Premium,Source: Energy Intelligence,"COPYRIGHT © 2001-2021 ENERGY INTELLIGENCE GROUP, INC. / ENERGY INTELLIGENCE GROUP (UK) LIMITED.",2024,128.2
Canada,Premium Albian,Source: Energy Intelligence,"COPYRIGHT © 2001-2021 ENERGY INTELLIGENCE GROUP, INC. / ENERGY INTELLIGENCE GROUP (UK) LIMITED.",2024,38
Canada,Other Crudes - Canada,Source: Energy Intelligence,"COPYRIGHT © 2001-2021 ENERGY INTELLIGENCE GROUP, INC. / ENERGY INTELLIGENCE GROUP (UK) LIMITED.",2024,2923
Canada,Hibernia,Source: Energy Intelligence,"COPYRIGHT © 2001-2021 ENERGY INTELLIGENCE GROUP, INC. / ENERGY INTELLIGENCE GROUP (UK) LIMITED.",2024,45.1
Canada,Hebron,Source: Energy Intelligence,"COPYRIGHT © 2001-2021 ENERGY INTELLIGENCE GROUP, INC. / ENERGY INTELLIGENCE GROUP (UK) LIMITED.",2024,120.2
Canada,Cold Lake Blend,Source: Energy Intelligence,"COPYRIGHT © 2001-2021 ENERGY INTELLIGENCE GROUP, INC. / ENERGY INTELLIGENCE GROUP (UK) LIMITED.",2024,344.41
Canada,Albian Heavy,Source: Energy Intelligence,"COPYRIGHT © 2001-2021 ENERGY INTELLIGENCE GROUP, INC. / ENERGY INTELLIGENCE GROUP (UK) LIMITED.",2024,152.28
Chad,Other Crudes - Chad,Source: Energy Intelligence,"COPYRIGHT © 2001-2021 ENERGY INTELLIGENCE GROUP, INC. / ENERGY INTELLIGENCE GROUP (UK) LIMITED.",2006,0
Chad,Doba,Source: Energy Intelligence,"COPYRIGHT © 2001-2021 ENERGY INTELLIGENCE GROUP, INC. / ENERGY INTELLIGENCE GROUP (UK) LIMITED.",2006,160.64
Chad,Other Crudes - Chad,Source: Energy Intelligence,"COPYRIGHT © 2001-2021 ENERGY INTELLIGENCE GROUP, INC. / ENERGY INTELLIGENCE GROUP (UK) LIMITED.",2007,0
Chad,Doba,Source: Energy Intelligence,"COPYRIGHT © 2001-2021 ENERGY INTELLIGENCE GROUP, INC. / ENERGY INTELLIGENCE GROUP (UK) LIMITED.",2007,142.7
Chad,Other Crudes - Chad,Source: Energy Intelligence,"COPYRIGHT © 2001-2021 ENERGY INTELLIGENCE GROUP, INC. / ENERGY INTELLIGENCE GROUP (UK) LIMITED.",2008,0
Chad,Doba,Source: Energy Intelligence,"COPYRIGHT © 2001-2021 ENERGY INTELLIGENCE GROUP, INC. / ENERGY INTELLIGENCE GROUP (UK) LIMITED.",2008,108
Chad,Other Crudes - Chad,Source: Energy Intelligence,"COPYRIGHT © 2001-2021 ENERGY INTELLIGENCE GROUP, INC. / ENERGY INTELLIGENCE GROUP (UK) LIMITED.",2009,0
Chad,Doba,Source: Energy Intelligence,"COPYRIGHT © 2001-2021 ENERGY INTELLIGENCE GROUP, INC. / ENERGY INTELLIGENCE GROUP (UK) LIMITED.",2009,117
Chad,Other Crudes - Chad,Source: Energy Intelligence,"COPYRIGHT © 2001-2021 ENERGY INTELLIGENCE GROUP, INC. / ENERGY INTELLIGENCE GROUP (UK) LIMITED.",2010,0
Chad,Doba,Source: Energy Intelligence,"COPYRIGHT © 2001-2021 ENERGY INTELLIGENCE GROUP, INC. / ENERGY INTELLIGENCE GROUP (UK) LIMITED.",2010,122.3
Chad,Other Crudes - Chad,Source: Energy Intelligence,"COPYRIGHT © 2001-2021 ENERGY INTELLIGENCE GROUP, INC. / ENERGY INTELLIGENCE GROUP (UK) LIMITED.",2011,0
Chad,Doba,Source: Energy Intelligence,"COPYRIGHT © 2001-2021 ENERGY INTELLIGENCE GROUP, INC. / ENERGY INTELLIGENCE GROUP (UK) LIMITED.",2011,115
Chad,Other Crudes - Chad,Source: Energy Intelligence,"COPYRIGHT © 2001-2021 ENERGY INTELLIGENCE GROUP, INC. / ENERGY INTELLIGENCE GROUP (UK) LIMITED.",2012,0
Chad,Doba,Source: Energy Intelligence,"COPYRIGHT © 2001-2021 ENERGY INTELLIGENCE GROUP, INC. / ENERGY INTELLIGENCE GROUP (UK) LIMITED.",2012,101.23
Chad,Other Crudes - Chad,Source: Energy Intelligence,"COPYRIGHT © 2001-2021 ENERGY INTELLIGENCE GROUP, INC. / ENERGY INTELLIGENCE GROUP (UK) LIMITED.",2013,0
Chad,Doba,Source: Energy Intelligence,"COPYRIGHT © 2001-2021 ENERGY INTELLIGENCE GROUP, INC. / ENERGY INTELLIGENCE GROUP (UK) LIMITED.",2013,101.2
Chad,Other Crudes - Chad,Source: Energy Intelligence,"COPYRIGHT © 2001-2021 ENERGY INTELLIGENCE GROUP, INC. / ENERGY INTELLIGENCE GROUP (UK) LIMITED.",2014,0
Chad,Doba,Source: Energy Intelligence,"COPYRIGHT © 2001-2021 ENERGY INTELLIGENCE GROUP, INC. / ENERGY INTELLIGENCE GROUP (UK) LIMITED.",2014,91.01
Chad,Other Crudes - Chad,Source: Energy Intelligence,"COPYRIGHT © 2001-2021 ENERGY INTELLIGENCE GROUP, INC. / ENERGY INTELLIGENCE GROUP (UK) LIMITED.",2015,0
Chad,Doba,Source: Energy Intelligence,"COPYRIGHT © 2001-2021 ENERGY INTELLIGENCE GROUP, INC. / ENERGY INTELLIGENCE GROUP (UK) LIMITED.",2015,132
Chad,Other Crudes - Chad,Source: Energy Intelligence,"COPYRIGHT © 2001-2021 ENERGY INTELLIGENCE GROUP, INC. / ENERGY INTELLIGENCE GROUP (UK) LIMITED.",2016,0
Chad,Doba,Source: Energy Intelligence,"COPYRIGHT © 2001-2021 ENERGY INTELLIGENCE GROUP, INC. / ENERGY INTELLIGENCE GROUP (UK) LIMITED.",2016,117
Chad,Other Crudes - Chad,Source: Energy Intelligence,"COPYRIGHT © 2001-2021 ENERGY INTELLIGENCE GROUP, INC. / ENERGY INTELLIGENCE GROUP (UK) LIMITED.",2017,0
Chad,Doba,Source: Energy Intelligence,"COPYRIGHT © 2001-2021 ENERGY INTELLIGENCE GROUP, INC. / ENERGY INTELLIGENCE GROUP (UK) LIMITED.",2017,99
Chad,Other Crudes - Chad,Source: Energy Intelligence,"COPYRIGHT © 2001-2021 ENERGY INTELLIGENCE GROUP, INC. / ENERGY INTELLIGENCE GROUP (UK) LIMITED.",2018,0
Chad,Doba,Source: Energy Intelligence,"COPYRIGHT © 2001-2021 ENERGY INTELLIGENCE GROUP, INC. / ENERGY INTELLIGENCE GROUP (UK) LIMITED.",2018,114.52
Chad,Other Crudes - Chad,Source: Energy Intelligence,"COPYRIGHT © 2001-2021 ENERGY INTELLIGENCE GROUP, INC. / ENERGY INTELLIGENCE GROUP (UK) LIMITED.",2019,0
Chad,Doba,Source: Energy Intelligence,"COPYRIGHT © 2001-2021 ENERGY INTELLIGENCE GROUP, INC. / ENERGY INTELLIGENCE GROUP (UK) LIMITED.",2019,124.93
Chad,Other Crudes - Chad,Source: Energy Intelligence,"COPYRIGHT © 2001-2021 ENERGY INTELLIGENCE GROUP, INC. / ENERGY INTELLIGENCE GROUP (UK) LIMITED.",2020,0
Chad,Doba,Source: Energy Intelligence,"COPYRIGHT © 2001-2021 ENERGY INTELLIGENCE GROUP, INC. / ENERGY INTELLIGENCE GROUP (UK) LIMITED.",2020,132.4
Chad,Other Crudes - Chad,Source: Energy Intelligence,"COPYRIGHT © 2001-2021 ENERGY INTELLIGENCE GROUP, INC. / ENERGY INTELLIGENCE GROUP (UK) LIMITED.",2021,0
Chad,Doba,Source: Energy Intelligence,"COPYRIGHT © 2001-2021 ENERGY INTELLIGENCE GROUP, INC. / ENERGY INTELLIGENCE GROUP (UK) LIMITED.",2021,122.33
Chad,Other Crudes - Chad,Source: Energy Intelligence,"COPYRIGHT © 2001-2021 ENERGY INTELLIGENCE GROUP, INC. / ENERGY INTELLIGENCE GROUP (UK) LIMITED.",2022,0
Chad,Doba,Source: Energy Intelligence,"COPYRIGHT © 2001-2021 ENERGY INTELLIGENCE GROUP, INC. / ENERGY INTELLIGENCE GROUP (UK) LIMITED.",2022,122
Chad,Other Crudes - Chad,Source: Energy Intelligence,"COPYRIGHT © 2001-2021 ENERGY INTELLIGENCE GROUP, INC. / ENERGY INTELLIGENCE GROUP (UK) LIMITED.",2023,0
Chad,Doba,Source: Energy Intelligence,"COPYRIGHT © 2001-2021 ENERGY INTELLIGENCE GROUP, INC. / ENERGY INTELLIGENCE GROUP (UK) LIMITED.",2023,127
Chad,Other Crudes - Chad,Source: Energy Intelligence,"COPYRIGHT © 2001-2021 ENERGY INTELLIGENCE GROUP, INC. / ENERGY INTELLIGENCE GROUP (UK) LIMITED.",2024,0
Chad,Doba,Source: Energy Intelligence,"COPYRIGHT © 2001-2021 ENERGY INTELLIGENCE GROUP, INC. / ENERGY INTELLIGENCE GROUP (UK) LIMITED.",2024,129.6
China,Other Crudes - China,Source: Energy Intelligence,"COPYRIGHT © 2001-2021 ENERGY INTELLIGENCE GROUP, INC. / ENERGY INTELLIGENCE GROUP (UK) LIMITED.",2006,123
China,Other Crudes - China,Source: Energy Intelligence,"COPYRIGHT © 2001-2021 ENERGY INTELLIGENCE GROUP, INC. / ENERGY INTELLIGENCE GROUP (UK) LIMITED.",2007,94
China,Other Crudes - China,Source: Energy Intelligence,"COPYRIGHT © 2001-2021 ENERGY INTELLIGENCE GROUP, INC. / ENERGY INTELLIGENCE GROUP (UK) LIMITED.",2008,78
China,Changqing,Source: Energy Intelligence,"COPYRIGHT © 2001-2021 ENERGY INTELLIGENCE GROUP, INC. / ENERGY INTELLIGENCE GROUP (UK) LIMITED.",2008,0
China,Other Crudes - China,Source: Energy Intelligence,"COPYRIGHT © 2001-2021 ENERGY INTELLIGENCE GROUP, INC. / ENERGY INTELLIGENCE GROUP (UK) LIMITED.",2009,101
China,Other Crudes - China,Source: Energy Intelligence,"COPYRIGHT © 2001-2021 ENERGY INTELLIGENCE GROUP, INC. / ENERGY INTELLIGENCE GROUP (UK) LIMITED.",2010,61
China,Other Crudes - China,Source: Energy Intelligence,"COPYRIGHT © 2001-2021 ENERGY INTELLIGENCE GROUP, INC. / ENERGY INTELLIGENCE GROUP (UK) LIMITED.",2011,51
China,Other Crudes - China,Source: Energy Intelligence,"COPYRIGHT © 2001-2021 ENERGY INTELLIGENCE GROUP, INC. / ENERGY INTELLIGENCE GROUP (UK) LIMITED.",2012,49
China,Other Crudes - China,Source: Energy Intelligence,"COPYRIGHT © 2001-2021 ENERGY INTELLIGENCE GROUP, INC. / ENERGY INTELLIGENCE GROUP (UK) LIMITED.",2013,19
China,Other Crudes - China,Source: Energy Intelligence,"COPYRIGHT © 2001-2021 ENERGY INTELLIGENCE GROUP, INC. / ENERGY INTELLIGENCE GROUP (UK) LIMITED.",2014,12.54
China,Other Crudes - China,Source: Energy Intelligence,"COPYRIGHT © 2001-2021 ENERGY INTELLIGENCE GROUP, INC. / ENERGY INTELLIGENCE GROUP (UK) LIMITED.",2015,57.54
China,Other Crudes - China,Source: Energy Intelligence,"COPYRIGHT © 2001-2021 ENERGY INTELLIGENCE GROUP, INC. / ENERGY INTELLIGENCE GROUP (UK) LIMITED.",2016,59
China,Other Crudes - China,Source: Energy Intelligence,"COPYRIGHT © 2001-2021 ENERGY INTELLIGENCE GROUP, INC. / ENERGY INTELLIGENCE GROUP (UK) LIMITED.",2017,97.7
China,Other Crudes - China,Source: Energy Intelligence,"COPYRIGHT © 2001-2021 ENERGY INTELLIGENCE GROUP, INC. / ENERGY INTELLIGENCE GROUP (UK) LIMITED.",2018,52.75
China,Other Crudes - China,Source: Energy Intelligence,"COPYRIGHT © 2001-2021 ENERGY INTELLIGENCE GROUP, INC. / ENERGY INTELLIGENCE GROUP (UK) LIMITED.",2019,16.3
China,Other Crudes - China,Source: Energy Intelligence,"COPYRIGHT © 2001-2021 ENERGY INTELLIGENCE GROUP, INC. / ENERGY INTELLIGENCE GROUP (UK) LIMITED.",2020,32.8
China,Other Crudes - China,Source: Energy Intelligence,"COPYRIGHT © 2001-2021 ENERGY INTELLIGENCE GROUP, INC. / ENERGY INTELLIGENCE GROUP (UK) LIMITED.",2021,52.43
China,Other Crudes - China,Source: Energy Intelligence,"COPYRIGHT © 2001-2021 ENERGY INTELLIGENCE GROUP, INC. / ENERGY INTELLIGENCE GROUP (UK) LIMITED.",2022,41.27
China,Other Crudes - China,Source: Energy Intelligence,"COPYRIGHT © 2001-2021 ENERGY INTELLIGENCE GROUP, INC. / ENERGY INTELLIGENCE GROUP (UK) LIMITED.",2023,28.25
China,Other Crudes - China,Source: Energy Intelligence,"COPYRIGHT © 2001-2021 ENERGY INTELLIGENCE GROUP, INC. / ENERGY INTELLIGENCE GROUP (UK) LIMITED.",2024,41.67
Colombia,Other Crudes - Colombia,Source: Energy Intelligence,"COPYRIGHT © 2001-2021 ENERGY INTELLIGENCE GROUP, INC. / ENERGY INTELLIGENCE GROUP (UK) LIMITED.",2006,219.2
Colombia,Other Crudes - Colombia,Source: Energy Intelligence,"COPYRIGHT © 2001-2021 ENERGY INTELLIGENCE GROUP, INC. / ENERGY INTELLIGENCE GROUP (UK) LIMITED.",2007,242.5
Colombia,Other Crudes - Colombia,Source: Energy Intelligence,"COPYRIGHT © 2001-2021 ENERGY INTELLIGENCE GROUP, INC. / ENERGY INTELLIGENCE GROUP (UK) LIMITED.",2008,274.7
Colombia,Other Crudes - Colombia,Source: Energy Intelligence,"COPYRIGHT © 2001-2021 ENERGY INTELLIGENCE GROUP, INC. / ENERGY INTELLIGENCE GROUP (UK) LIMITED.",2009,162.8
Colombia,Castilla,Source: Energy Intelligence,"COPYRIGHT © 2001-2021 ENERGY INTELLIGENCE GROUP, INC. / ENERGY INTELLIGENCE GROUP (UK) LIMITED.",2009,188
Colombia,Other Crudes - Colombia,Source: Energy Intelligence,"COPYRIGHT © 2001-2021 ENERGY INTELLIGENCE GROUP, INC. / ENERGY INTELLIGENCE GROUP (UK) LIMITED.",2010,194.6
Colombia,Castilla,Source: Energy Intelligence,"COPYRIGHT © 2001-2021 ENERGY INTELLIGENCE GROUP, INC. / ENERGY INTELLIGENCE GROUP (UK) LIMITED.",2010,249
Colombia,Other Crudes - Colombia,Source: Energy Intelligence,"COPYRIGHT © 2001-2021 ENERGY INTELLIGENCE GROUP, INC. / ENERGY INTELLIGENCE GROUP (UK) LIMITED.",2011,283.1
Colombia,Castilla,Source: Energy Intelligence,"COPYRIGHT © 2001-2021 ENERGY INTELLIGENCE GROUP, INC. / ENERGY INTELLIGENCE GROUP (UK) LIMITED.",2011,314.8
Colombia,Other Crudes - Colombia,Source: Energy Intelligence,"COPYRIGHT © 2001-2021 ENERGY INTELLIGENCE GROUP, INC. / ENERGY INTELLIGENCE GROUP (UK) LIMITED.",2012,355
Colombia,Castilla,Source: Energy Intelligence,"COPYRIGHT © 2001-2021 ENERGY INTELLIGENCE GROUP, INC. / ENERGY INTELLIGENCE GROUP (UK) LIMITED.",2012,267.6
Colombia,Other Crudes - Colombia,Source: Energy Intelligence,"COPYRIGHT © 2001-2021 ENERGY INTELLIGENCE GROUP, INC. / ENERGY INTELLIGENCE GROUP (UK) LIMITED.",2013,364.5
Colombia,Castilla,Source: Energy Intelligence,"COPYRIGHT © 2001-2021 ENERGY INTELLIGENCE GROUP, INC. / ENERGY INTELLIGENCE GROUP (UK) LIMITED.",2013,338.6
Colombia,Other Crudes - Colombia,Source: Energy Intelligence,"COPYRIGHT © 2001-2021 ENERGY INTELLIGENCE GROUP, INC. / ENERGY INTELLIGENCE GROUP (UK) LIMITED.",2014,385
Colombia,Castilla,Source: Energy Intelligence,"COPYRIGHT © 2001-2021 ENERGY INTELLIGENCE GROUP, INC. / ENERGY INTELLIGENCE GROUP (UK) LIMITED.",2014,337
Colombia,Other Crudes - Colombia,Source: Energy Intelligence,"COPYRIGHT © 2001-2021 ENERGY INTELLIGENCE GROUP, INC. / ENERGY INTELLIGENCE GROUP (UK) LIMITED.",2015,388.1
Colombia,Castilla,Source: Energy Intelligence,"COPYRIGHT © 2001-2021 ENERGY INTELLIGENCE GROUP, INC. / ENERGY INTELLIGENCE GROUP (UK) LIMITED.",2015,348
Colombia,Other Crudes - Colombia,Source: Energy Intelligence,"COPYRIGHT © 2001-2021 ENERGY INTELLIGENCE GROUP, INC. / ENERGY INTELLIGENCE GROUP (UK) LIMITED.",2016,282.7
Colombia,Castilla,Source: Energy Intelligence,"COPYRIGHT © 2001-2021 ENERGY INTELLIGENCE GROUP, INC. / ENERGY INTELLIGENCE GROUP (UK) LIMITED.",2016,330.8
Colombia,Vasconia,Source: Energy Intelligence,"COPYRIGHT © 2001-2021 ENERGY INTELLIGENCE GROUP, INC. / ENERGY INTELLIGENCE GROUP (UK) LIMITED.",2017,232.4
Colombia,Other Crudes - Colombia,Source: Energy Intelligence,"COPYRIGHT © 2001-2021 ENERGY INTELLIGENCE GROUP, INC. / ENERGY INTELLIGENCE GROUP (UK) LIMITED.",2017,93.5
Colombia,Castilla,Source: Energy Intelligence,"COPYRIGHT © 2001-2021 ENERGY INTELLIGENCE GROUP, INC. / ENERGY INTELLIGENCE GROUP (UK) LIMITED.",2017,315.1
Colombia,Vasconia,Source: Energy Intelligence,"COPYRIGHT © 2001-2021 ENERGY INTELLIGENCE GROUP, INC. / ENERGY INTELLIGENCE GROUP (UK) LIMITED.",2018,227.62
Colombia,Other Crudes - Colombia,Source: Energy Intelligence,"COPYRIGHT © 2001-2021 ENERGY INTELLIGENCE GROUP, INC. / ENERGY INTELLIGENCE GROUP (UK) LIMITED.",2018,28.68
Colombia,Castilla,Source: Energy Intelligence,"COPYRIGHT © 2001-2021 ENERGY INTELLIGENCE GROUP, INC. / ENERGY INTELLIGENCE GROUP (UK) LIMITED.",2018,334
Colombia,Vasconia,Source: Energy Intelligence,"COPYRIGHT © 2001-2021 ENERGY INTELLIGENCE GROUP, INC. / ENERGY INTELLIGENCE GROUP (UK) LIMITED.",2019,223
Colombia,Other Crudes - Colombia,Source: Energy Intelligence,"COPYRIGHT © 2001-2021 ENERGY INTELLIGENCE GROUP, INC. / ENERGY INTELLIGENCE GROUP (UK) LIMITED.",2019,21.6
Colombia,Castilla,Source: Energy Intelligence,"COPYRIGHT © 2001-2021 ENERGY INTELLIGENCE GROUP, INC. / ENERGY INTELLIGENCE GROUP (UK) LIMITED.",2019,367
Colombia,Vasconia,Source: Energy Intelligence,"COPYRIGHT © 2001-2021 ENERGY INTELLIGENCE GROUP, INC. / ENERGY INTELLIGENCE GROUP (UK) LIMITED.",2020,144
Colombia,Other Crudes - Colombia,Source: Energy Intelligence,"COPYRIGHT © 2001-2021 ENERGY INTELLIGENCE GROUP, INC. / ENERGY INTELLIGENCE GROUP (UK) LIMITED.",2020,26
Colombia,Castilla,Source: Energy Intelligence,"COPYRIGHT © 2001-2021 ENERGY INTELLIGENCE GROUP, INC. / ENERGY INTELLIGENCE GROUP (UK) LIMITED.",2020,371
Colombia,Vasconia,Source: Energy Intelligence,"COPYRIGHT © 2001-2021 ENERGY INTELLIGENCE GROUP, INC. / ENERGY INTELLIGENCE GROUP (UK) LIMITED.",2021,110.03
Colombia,Other Crudes - Colombia,Source: Energy Intelligence,"COPYRIGHT © 2001-2021 ENERGY INTELLIGENCE GROUP, INC. / ENERGY INTELLIGENCE GROUP (UK) LIMITED.",2021,39.99
Colombia,Castilla,Source: Energy Intelligence,"COPYRIGHT © 2001-2021 ENERGY INTELLIGENCE GROUP, INC. / ENERGY INTELLIGENCE GROUP (UK) LIMITED.",2021,297.9
Colombia,Vasconia,Source: Energy Intelligence,"COPYRIGHT © 2001-2021 ENERGY INTELLIGENCE GROUP, INC. / ENERGY INTELLIGENCE GROUP (UK) LIMITED.",2022,135.7
Colombia,Other Crudes - Colombia,Source: Energy Intelligence,"COPYRIGHT © 2001-2021 ENERGY INTELLIGENCE GROUP, INC. / ENERGY INTELLIGENCE GROUP (UK) LIMITED.",2022,21.1
Colombia,Castilla,Source: Energy Intelligence,"COPYRIGHT © 2001-2021 ENERGY INTELLIGENCE GROUP, INC. / ENERGY INTELLIGENCE GROUP (UK) LIMITED.",2022,281.2
Colombia,Apiay,Source: Energy Intelligence,"COPYRIGHT © 2001-2021 ENERGY INTELLIGENCE GROUP, INC. / ENERGY INTELLIGENCE GROUP (UK) LIMITED.",2022,49
Colombia,Vasconia,Source: Energy Intelligence,"COPYRIGHT © 2001-2021 ENERGY INTELLIGENCE GROUP, INC. / ENERGY INTELLIGENCE GROUP (UK) LIMITED.",2023,108.3
Colombia,Other Crudes - Colombia,Source: Energy Intelligence,"COPYRIGHT © 2001-2021 ENERGY INTELLIGENCE GROUP, INC. / ENERGY INTELLIGENCE GROUP (UK) LIMITED.",2023,44.6
Colombia,Castilla,Source: Energy Intelligence,"COPYRIGHT © 2001-2021 ENERGY INTELLIGENCE GROUP, INC. / ENERGY INTELLIGENCE GROUP (UK) LIMITED.",2023,279.3
Colombia,Apiay,Source: Energy Intelligence,"COPYRIGHT © 2001-2021 ENERGY INTELLIGENCE GROUP, INC. / ENERGY INTELLIGENCE GROUP (UK) LIMITED.",2023,51.8
Colombia,Vasconia,Source: Energy Intelligence,"COPYRIGHT © 2001-2021 ENERGY INTELLIGENCE GROUP, INC. / ENERGY INTELLIGENCE GROUP (UK) LIMITED.",2024,92.5
Colombia,Other Crudes - Colombia,Source: Energy Intelligence,"COPYRIGHT © 2001-2021 ENERGY INTELLIGENCE GROUP, INC. / ENERGY INTELLIGENCE GROUP (UK) LIMITED.",2024,49
Colombia,Castilla,Source: Energy Intelligence,"COPYRIGHT © 2001-2021 ENERGY INTELLIGENCE GROUP, INC. / ENERGY INTELLIGENCE GROUP (UK) LIMITED.",2024,270
Colombia,Apiay,Source: Energy Intelligence,"COPYRIGHT © 2001-2021 ENERGY INTELLIGENCE GROUP, INC. / ENERGY INTELLIGENCE GROUP (UK) LIMITED.",2024,61.5
Congo (Brazzaville),Other Crudes - Congo (Brazzaville),Source: Energy Intelligence,"COPYRIGHT © 2001-2021 ENERGY INTELLIGENCE GROUP, INC. / ENERGY INTELLIGENCE GROUP (UK) LIMITED.",2006,6.04
Congo (Brazzaville),Nkossa,Source: Energy Intelligence,"COPYRIGHT © 2001-2021 ENERGY INTELLIGENCE GROUP, INC. / ENERGY INTELLIGENCE GROUP (UK) LIMITED.",2006,106
Congo (Brazzaville),Djeno,Source: Energy Intelligence,"COPYRIGHT © 2001-2021 ENERGY INTELLIGENCE GROUP, INC. / ENERGY INTELLIGENCE GROUP (UK) LIMITED.",2006,145
Congo (Brazzaville),Other Crudes - Congo (Brazzaville),Source: Energy Intelligence,"COPYRIGHT © 2001-2021 ENERGY INTELLIGENCE GROUP, INC. / ENERGY INTELLIGENCE GROUP (UK) LIMITED.",2007,0.23
Congo (Brazzaville),Nkossa,Source: Energy Intelligence,"COPYRIGHT © 2001-2021 ENERGY INTELLIGENCE GROUP, INC. / ENERGY INTELLIGENCE GROUP (UK) LIMITED.",2007,76
Congo (Brazzaville),Djeno,Source: Energy Intelligence,"COPYRIGHT © 2001-2021 ENERGY INTELLIGENCE GROUP, INC. / ENERGY INTELLIGENCE GROUP (UK) LIMITED.",2007,140
Congo (Brazzaville),Other Crudes - Congo (Brazzaville),Source: Energy Intelligence,"COPYRIGHT © 2001-2021 ENERGY INTELLIGENCE GROUP, INC. / ENERGY INTELLIGENCE GROUP (UK) LIMITED.",2008,31.93
Congo (Brazzaville),Nkossa,Source: Energy Intelligence,"COPYRIGHT © 2001-2021 ENERGY INTELLIGENCE GROUP, INC. / ENERGY INTELLIGENCE GROUP (UK) LIMITED.",2008,88
Congo (Brazzaville),Djeno,Source: Energy Intelligence,"COPYRIGHT © 2001-2021 ENERGY INTELLIGENCE GROUP, INC. / ENERGY INTELLIGENCE GROUP (UK) LIMITED.",2008,160
Congo (Brazzaville),Other Crudes - Congo (Brazzaville),Source: Energy Intelligence,"COPYRIGHT © 2001-2021 ENERGY INTELLIGENCE GROUP, INC. / ENERGY INTELLIGENCE GROUP (UK) LIMITED.",2009,4.5
Congo (Brazzaville),Nkossa,Source: Energy Intelligence,"COPYRIGHT © 2001-2021 ENERGY INTELLIGENCE GROUP, INC. / ENERGY INTELLIGENCE GROUP (UK) LIMITED.",2009,73
Congo (Brazzaville),Djeno,Source: Energy Intelligence,"COPYRIGHT © 2001-2021 ENERGY INTELLIGENCE GROUP, INC. / ENERGY INTELLIGENCE GROUP (UK) LIMITED.",2009,190
Congo (Brazzaville),Other Crudes - Congo (Brazzaville),Source: Energy Intelligence,"COPYRIGHT © 2001-2021 ENERGY INTELLIGENCE GROUP, INC. / ENERGY INTELLIGENCE GROUP (UK) LIMITED.",2010,3.95
Congo (Brazzaville),Nkossa,Source: Energy Intelligence,"COPYRIGHT © 2001-2021 ENERGY INTELLIGENCE GROUP, INC. / ENERGY INTELLIGENCE GROUP (UK) LIMITED.",2010,81
Congo (Brazzaville),Djeno,Source: Energy Intelligence,"COPYRIGHT © 2001-2021 ENERGY INTELLIGENCE GROUP, INC. / ENERGY INTELLIGENCE GROUP (UK) LIMITED.",2010,185
Congo (Brazzaville),Other Crudes - Congo (Brazzaville),Source: Energy Intelligence,"COPYRIGHT © 2001-2021 ENERGY INTELLIGENCE GROUP, INC. / ENERGY INTELLIGENCE GROUP (UK) LIMITED.",2011,0
Congo (Brazzaville),Nkossa,Source: Energy Intelligence,"COPYRIGHT © 2001-2021 ENERGY INTELLIGENCE GROUP, INC. / ENERGY INTELLIGENCE GROUP (UK) LIMITED.",2011,62.38
Congo (Brazzaville),Djeno,Source: Energy Intelligence,"COPYRIGHT © 2001-2021 ENERGY INTELLIGENCE GROUP, INC. / ENERGY INTELLIGENCE GROUP (UK) LIMITED.",2011,175.2
Congo (Brazzaville),Other Crudes - Congo (Brazzaville),Source: Energy Intelligence,"COPYRIGHT © 2001-2021 ENERGY INTELLIGENCE GROUP, INC. / ENERGY INTELLIGENCE GROUP (UK) LIMITED.",2012,2.97
Congo (Brazzaville),Nkossa,Source: Energy Intelligence,"COPYRIGHT © 2001-2021 ENERGY INTELLIGENCE GROUP, INC. / ENERGY INTELLIGENCE GROUP (UK) LIMITED.",2012,54.34
Congo (Brazzaville),Djeno,Source: Energy Intelligence,"COPYRIGHT © 2001-2021 ENERGY INTELLIGENCE GROUP, INC. / ENERGY INTELLIGENCE GROUP (UK) LIMITED.",2012,175.68
Congo (Brazzaville),Other Crudes - Congo (Brazzaville),Source: Energy Intelligence,"COPYRIGHT © 2001-2021 ENERGY INTELLIGENCE GROUP, INC. / ENERGY INTELLIGENCE GROUP (UK) LIMITED.",2013,0
Congo (Brazzaville),Nkossa,Source: Energy Intelligence,"COPYRIGHT © 2001-2021 ENERGY INTELLIGENCE GROUP, INC. / ENERGY INTELLIGENCE GROUP (UK) LIMITED.",2013,46.77
Congo (Brazzaville),Djeno,Source: Energy Intelligence,"COPYRIGHT © 2001-2021 ENERGY INTELLIGENCE GROUP, INC. / ENERGY INTELLIGENCE GROUP (UK) LIMITED.",2013,163.84
Congo (Brazzaville),Other Crudes - Congo (Brazzaville),Source: Energy Intelligence,"COPYRIGHT © 2001-2021 ENERGY INTELLIGENCE GROUP, INC. / ENERGY INTELLIGENCE GROUP (UK) LIMITED.",2014,0
Congo (Brazzaville),Nkossa,Source: Energy Intelligence,"COPYRIGHT © 2001-2021 ENERGY INTELLIGENCE GROUP, INC. / ENERGY INTELLIGENCE GROUP (UK) LIMITED.",2014,46.77
Congo (Brazzaville),Djeno,Source: Energy Intelligence,"COPYRIGHT © 2001-2021 ENERGY INTELLIGENCE GROUP, INC. / ENERGY INTELLIGENCE GROUP (UK) LIMITED.",2014,168.88
Congo (Brazzaville),Other Crudes - Congo (Brazzaville),Source: Energy Intelligence,"COPYRIGHT © 2001-2021 ENERGY INTELLIGENCE GROUP, INC. / ENERGY INTELLIGENCE GROUP (UK) LIMITED.",2015,0
Congo (Brazzaville),Nkossa,Source: Energy Intelligence,"COPYRIGHT © 2001-2021 ENERGY INTELLIGENCE GROUP, INC. / ENERGY INTELLIGENCE GROUP (UK) LIMITED.",2015,44.25
Congo (Brazzaville),Djeno,Source: Energy Intelligence,"COPYRIGHT © 2001-2021 ENERGY INTELLIGENCE GROUP, INC. / ENERGY INTELLIGENCE GROUP (UK) LIMITED.",2015,156.68
Congo (Brazzaville),Other Crudes - Congo (Brazzaville),Source: Energy Intelligence,"COPYRIGHT © 2001-2021 ENERGY INTELLIGENCE GROUP, INC. / ENERGY INTELLIGENCE GROUP (UK) LIMITED.",2016,0
Congo (Brazzaville),Nkossa,Source: Energy Intelligence,"COPYRIGHT © 2001-2021 ENERGY INTELLIGENCE GROUP, INC. / ENERGY INTELLIGENCE GROUP (UK) LIMITED.",2016,38.93
Congo (Brazzaville),Djeno,Source: Energy Intelligence,"COPYRIGHT © 2001-2021 ENERGY INTELLIGENCE GROUP, INC. / ENERGY INTELLIGENCE GROUP (UK) LIMITED.",2016,153.42
Congo (Brazzaville),Other Crudes - Congo (Brazzaville),Source: Energy Intelligence,"COPYRIGHT © 2001-2021 ENERGY INTELLIGENCE GROUP, INC. / ENERGY INTELLIGENCE GROUP (UK) LIMITED.",2017,0
Congo (Brazzaville),Nkossa,Source: Energy Intelligence,"COPYRIGHT © 2001-2021 ENERGY INTELLIGENCE GROUP, INC. / ENERGY INTELLIGENCE GROUP (UK) LIMITED.",2017,44.25
Congo (Brazzaville),Djeno,Source: Energy Intelligence,"COPYRIGHT © 2001-2021 ENERGY INTELLIGENCE GROUP, INC. / ENERGY INTELLIGENCE GROUP (UK) LIMITED.",2017,189.04
Congo (Brazzaville),Other Crudes - Congo (Brazzaville),Source: Energy Intelligence,"COPYRIGHT © 2001-2021 ENERGY INTELLIGENCE GROUP, INC. / ENERGY INTELLIGENCE GROUP (UK) LIMITED.",2018,0
Congo (Brazzaville),Nkossa,Source: Energy Intelligence,"COPYRIGHT © 2001-2021 ENERGY INTELLIGENCE GROUP, INC. / ENERGY INTELLIGENCE GROUP (UK) LIMITED.",2018,49.45
Congo (Brazzaville),Djeno,Source: Energy Intelligence,"COPYRIGHT © 2001-2021 ENERGY INTELLIGENCE GROUP, INC. / ENERGY INTELLIGENCE GROUP (UK) LIMITED.",2018,249.53
Congo (Brazzaville),Other Crudes - Congo (Brazzaville),Source: Energy Intelligence,"COPYRIGHT © 2001-2021 ENERGY INTELLIGENCE GROUP, INC. / ENERGY INTELLIGENCE GROUP (UK) LIMITED.",2019,3.01
Congo (Brazzaville),Nkossa,Source: Energy Intelligence,"COPYRIGHT © 2001-2021 ENERGY INTELLIGENCE GROUP, INC. / ENERGY INTELLIGENCE GROUP (UK) LIMITED.",2019,49.45
Congo (Brazzaville),Djeno,Source: Energy Intelligence,"COPYRIGHT © 2001-2021 ENERGY INTELLIGENCE GROUP, INC. / ENERGY INTELLIGENCE GROUP (UK) LIMITED.",2019,252.05
Congo (Brazzaville),Other Crudes - Congo (Brazzaville),Source: Energy Intelligence,"COPYRIGHT © 2001-2021 ENERGY INTELLIGENCE GROUP, INC. / ENERGY INTELLIGENCE GROUP (UK) LIMITED.",2020,3.01
Congo (Brazzaville),Nkossa,Source: Energy Intelligence,"COPYRIGHT © 2001-2021 ENERGY INTELLIGENCE GROUP, INC. / ENERGY INTELLIGENCE GROUP (UK) LIMITED.",2020,44.04
Congo (Brazzaville),Djeno,Source: Energy Intelligence,"COPYRIGHT © 2001-2021 ENERGY INTELLIGENCE GROUP, INC. / ENERGY INTELLIGENCE GROUP (UK) LIMITED.",2020,226.23
Congo (Brazzaville),Other Crudes - Congo (Brazzaville),Source: Energy Intelligence,"COPYRIGHT © 2001-2021 ENERGY INTELLIGENCE GROUP, INC. / ENERGY INTELLIGENCE GROUP (UK) LIMITED.",2021,3.48
Congo (Brazzaville),Nkossa,Source: Energy Intelligence,"COPYRIGHT © 2001-2021 ENERGY INTELLIGENCE GROUP, INC. / ENERGY INTELLIGENCE GROUP (UK) LIMITED.",2021,38.92
Congo (Brazzaville),Djeno,Source: Energy Intelligence,"COPYRIGHT © 2001-2021 ENERGY INTELLIGENCE GROUP, INC. / ENERGY INTELLIGENCE GROUP (UK) LIMITED.",2021,204.4
Congo (Brazzaville),Other Crudes - Congo (Brazzaville),Source: Energy Intelligence,"COPYRIGHT © 2001-2021 ENERGY INTELLIGENCE GROUP, INC. / ENERGY INTELLIGENCE GROUP (UK) LIMITED.",2022,0
Congo (Brazzaville),Nkossa,Source: Energy Intelligence,"COPYRIGHT © 2001-2021 ENERGY INTELLIGENCE GROUP, INC. / ENERGY INTELLIGENCE GROUP (UK) LIMITED.",2022,39.01
Congo (Brazzaville),Djeno,Source: Energy Intelligence,"COPYRIGHT © 2001-2021 ENERGY INTELLIGENCE GROUP, INC. / ENERGY INTELLIGENCE GROUP (UK) LIMITED.",2022,189.3
Congo (Brazzaville),Other Crudes - Congo (Brazzaville),Source: Energy Intelligence,"COPYRIGHT © 2001-2021 ENERGY INTELLIGENCE GROUP, INC. / ENERGY INTELLIGENCE GROUP (UK) LIMITED.",2023,0
Congo (Brazzaville),Nkossa,Source: Energy Intelligence,"COPYRIGHT © 2001-2021 ENERGY INTELLIGENCE GROUP, INC. / ENERGY INTELLIGENCE GROUP (UK) LIMITED.",2023,31.23
Congo (Brazzaville),Djeno,Source: Energy Intelligence,"COPYRIGHT © 2001-2021 ENERGY INTELLIGENCE GROUP, INC. / ENERGY INTELLIGENCE GROUP (UK) LIMITED.",2023,199.7
Congo (Brazzaville),Nkossa,Source: Energy Intelligence,"COPYRIGHT © 2001-2021 ENERGY INTELLIGENCE GROUP, INC. / ENERGY INTELLIGENCE GROUP (UK) LIMITED.",2024,18
Congo (Brazzaville),Djeno,Source: Energy Intelligence,"COPYRIGHT © 2001-2021 ENERGY INTELLIGENCE GROUP, INC. / ENERGY INTELLIGENCE GROUP (UK) LIMITED.",2024,208
Denmark,Other Crudes - Denmark,Source: Energy Intelligence,"COPYRIGHT © 2001-2021 ENERGY INTELLIGENCE GROUP, INC. / ENERGY INTELLIGENCE GROUP (UK) LIMITED.",2006,4
Denmark,Danish Crude Blend,Source: Energy Intelligence,"COPYRIGHT © 2001-2021 ENERGY INTELLIGENCE GROUP, INC. / ENERGY INTELLIGENCE GROUP (UK) LIMITED.",2006,233.35
Denmark,Other Crudes - Denmark,Source: Energy Intelligence,"COPYRIGHT © 2001-2021 ENERGY INTELLIGENCE GROUP, INC. / ENERGY INTELLIGENCE GROUP (UK) LIMITED.",2007,3
Denmark,Danish Crude Blend,Source: Energy Intelligence,"COPYRIGHT © 2001-2021 ENERGY INTELLIGENCE GROUP, INC. / ENERGY INTELLIGENCE GROUP (UK) LIMITED.",2007,190.01
Denmark,Other Crudes - Denmark,Source: Energy Intelligence,"COPYRIGHT © 2001-2021 ENERGY INTELLIGENCE GROUP, INC. / ENERGY INTELLIGENCE GROUP (UK) LIMITED.",2008,11
Denmark,Danish Crude Blend,Source: Energy Intelligence,"COPYRIGHT © 2001-2021 ENERGY INTELLIGENCE GROUP, INC. / ENERGY INTELLIGENCE GROUP (UK) LIMITED.",2008,165.88
Denmark,Other Crudes - Denmark,Source: Energy Intelligence,"COPYRIGHT © 2001-2021 ENERGY INTELLIGENCE GROUP, INC. / ENERGY INTELLIGENCE GROUP (UK) LIMITED.",2009,2
Denmark,Danish Crude Blend,Source: Energy Intelligence,"COPYRIGHT © 2001-2021 ENERGY INTELLIGENCE GROUP, INC. / ENERGY INTELLIGENCE GROUP (UK) LIMITED.",2009,170.88
Denmark,Other Crudes - Denmark,Source: Energy Intelligence,"COPYRIGHT © 2001-2021 ENERGY INTELLIGENCE GROUP, INC. / ENERGY INTELLIGENCE GROUP (UK) LIMITED.",2010,33
Denmark,Danish Crude Blend,Source: Energy Intelligence,"COPYRIGHT © 2001-2021 ENERGY INTELLIGENCE GROUP, INC. / ENERGY INTELLIGENCE GROUP (UK) LIMITED.",2010,121.89
Denmark,Other Crudes - Denmark,Source: Energy Intelligence,"COPYRIGHT © 2001-2021 ENERGY INTELLIGENCE GROUP, INC. / ENERGY INTELLIGENCE GROUP (UK) LIMITED.",2011,30.55
Denmark,Danish Crude Blend,Source: Energy Intelligence,"COPYRIGHT © 2001-2021 ENERGY INTELLIGENCE GROUP, INC. / ENERGY INTELLIGENCE GROUP (UK) LIMITED.",2011,116.16
Denmark,Other Crudes - Denmark,Source: Energy Intelligence,"COPYRIGHT © 2001-2021 ENERGY INTELLIGENCE GROUP, INC. / ENERGY INTELLIGENCE GROUP (UK) LIMITED.",2012,26.62
Denmark,Danish Crude Blend,Source: Energy Intelligence,"COPYRIGHT © 2001-2021 ENERGY INTELLIGENCE GROUP, INC. / ENERGY INTELLIGENCE GROUP (UK) LIMITED.",2012,95.07
Denmark,Other Crudes - Denmark,Source: Energy Intelligence,"COPYRIGHT © 2001-2021 ENERGY INTELLIGENCE GROUP, INC. / ENERGY INTELLIGENCE GROUP (UK) LIMITED.",2013,19.27
Denmark,Danish Crude Blend,Source: Energy Intelligence,"COPYRIGHT © 2001-2021 ENERGY INTELLIGENCE GROUP, INC. / ENERGY INTELLIGENCE GROUP (UK) LIMITED.",2013,105.53
Denmark,Other Crudes - Denmark,Source: Energy Intelligence,"COPYRIGHT © 2001-2021 ENERGY INTELLIGENCE GROUP, INC. / ENERGY INTELLIGENCE GROUP (UK) LIMITED.",2014,25.23
Denmark,Danish Crude Blend,Source: Energy Intelligence,"COPYRIGHT © 2001-2021 ENERGY INTELLIGENCE GROUP, INC. / ENERGY INTELLIGENCE GROUP (UK) LIMITED.",2014,71.42
Denmark,Other Crudes - Denmark,Source: Energy Intelligence,"COPYRIGHT © 2001-2021 ENERGY INTELLIGENCE GROUP, INC. / ENERGY INTELLIGENCE GROUP (UK) LIMITED.",2015,26.77
Denmark,Danish Crude Blend,Source: Energy Intelligence,"COPYRIGHT © 2001-2021 ENERGY INTELLIGENCE GROUP, INC. / ENERGY INTELLIGENCE GROUP (UK) LIMITED.",2015,64.73
Denmark,Other Crudes - Denmark,Source: Energy Intelligence,"COPYRIGHT © 2001-2021 ENERGY INTELLIGENCE GROUP, INC. / ENERGY INTELLIGENCE GROUP (UK) LIMITED.",2016,25.8
Denmark,Danish Crude Blend,Source: Energy Intelligence,"COPYRIGHT © 2001-2021 ENERGY INTELLIGENCE GROUP, INC. / ENERGY INTELLIGENCE GROUP (UK) LIMITED.",2016,52.2
Denmark,Other Crudes - Denmark,Source: Energy Intelligence,"COPYRIGHT © 2001-2021 ENERGY INTELLIGENCE GROUP, INC. / ENERGY INTELLIGENCE GROUP (UK) LIMITED.",2017,21.18
Denmark,Danish Crude Blend,Source: Energy Intelligence,"COPYRIGHT © 2001-2021 ENERGY INTELLIGENCE GROUP, INC. / ENERGY INTELLIGENCE GROUP (UK) LIMITED.",2017,61.46
Denmark,Other Crudes - Denmark,Source: Energy Intelligence,"COPYRIGHT © 2001-2021 ENERGY INTELLIGENCE GROUP, INC. / ENERGY INTELLIGENCE GROUP (UK) LIMITED.",2018,17.07
Denmark,Danish Crude Blend,Source: Energy Intelligence,"COPYRIGHT © 2001-2021 ENERGY INTELLIGENCE GROUP, INC. / ENERGY INTELLIGENCE GROUP (UK) LIMITED.",2018,39.93
Denmark,Other Crudes - Denmark,Source: Energy Intelligence,"COPYRIGHT © 2001-2021 ENERGY INTELLIGENCE GROUP, INC. / ENERGY INTELLIGENCE GROUP (UK) LIMITED.",2019,16.01
Denmark,Danish Crude Blend,Source: Energy Intelligence,"COPYRIGHT © 2001-2021 ENERGY INTELLIGENCE GROUP, INC. / ENERGY INTELLIGENCE GROUP (UK) LIMITED.",2019,30.65
Denmark,Other Crudes - Denmark,Source: Energy Intelligence,"COPYRIGHT © 2001-2021 ENERGY INTELLIGENCE GROUP, INC. / ENERGY INTELLIGENCE GROUP (UK) LIMITED.",2020,12.66
Denmark,Danish Crude Blend,Source: Energy Intelligence,"COPYRIGHT © 2001-2021 ENERGY INTELLIGENCE GROUP, INC. / ENERGY INTELLIGENCE GROUP (UK) LIMITED.",2020,10.97
Denmark,Other Crudes - Denmark,Source: Energy Intelligence,"COPYRIGHT © 2001-2021 ENERGY INTELLIGENCE GROUP, INC. / ENERGY INTELLIGENCE GROUP (UK) LIMITED.",2021,9.91
Denmark,Danish Crude Blend,Source: Energy Intelligence,"COPYRIGHT © 2001-2021 ENERGY INTELLIGENCE GROUP, INC. / ENERGY INTELLIGENCE GROUP (UK) LIMITED.",2021,7.23
Denmark,Other Crudes - Denmark,Source: Energy Intelligence,"COPYRIGHT © 2001-2021 ENERGY INTELLIGENCE GROUP, INC. / ENERGY INTELLIGENCE GROUP (UK) LIMITED.",2022,8.65
Denmark,Danish Crude Blend,Source: Energy Intelligence,"COPYRIGHT © 2001-2021 ENERGY INTELLIGENCE GROUP, INC. / ENERGY INTELLIGENCE GROUP (UK) LIMITED.",2022,2.87
Denmark,Other Crudes - Denmark,Source: Energy Intelligence,"COPYRIGHT © 2001-2021 ENERGY INTELLIGENCE GROUP, INC. / ENERGY INTELLIGENCE GROUP (UK) LIMITED.",2023,4.5
Denmark,Danish Crude Blend,Source: Energy Intelligence,"COPYRIGHT © 2001-2021 ENERGY INTELLIGENCE GROUP, INC. / ENERGY INTELLIGENCE GROUP (UK) LIMITED.",2023,0
Denmark,Other Crudes - Denmark,Source: Energy Intelligence,"COPYRIGHT © 2001-2021 ENERGY INTELLIGENCE GROUP, INC. / ENERGY INTELLIGENCE GROUP (UK) LIMITED.",2024,6.51
Denmark,Danish Crude Blend,Source: Energy Intelligence,"COPYRIGHT © 2001-2021 ENERGY INTELLIGENCE GROUP, INC. / ENERGY INTELLIGENCE GROUP (UK) LIMITED.",2024,8.59
Dubai,Dubai,Source: Energy Intelligence,"COPYRIGHT © 2001-2021 ENERGY INTELLIGENCE GROUP, INC. / ENERGY INTELLIGENCE GROUP (UK) LIMITED.",2006,89
Dubai,Dubai,Source: Energy Intelligence,"COPYRIGHT © 2001-2021 ENERGY INTELLIGENCE GROUP, INC. / ENERGY INTELLIGENCE GROUP (UK) LIMITED.",2007,77
Dubai,Dubai,Source: Energy Intelligence,"COPYRIGHT © 2001-2021 ENERGY INTELLIGENCE GROUP, INC. / ENERGY INTELLIGENCE GROUP (UK) LIMITED.",2008,60
Dubai,Dubai,Source: Energy Intelligence,"COPYRIGHT © 2001-2021 ENERGY INTELLIGENCE GROUP, INC. / ENERGY INTELLIGENCE GROUP (UK) LIMITED.",2009,54
Dubai,Dubai,Source: Energy Intelligence,"COPYRIGHT © 2001-2021 ENERGY INTELLIGENCE GROUP, INC. / ENERGY INTELLIGENCE GROUP (UK) LIMITED.",2010,44.6
Dubai,Dubai,Source: Energy Intelligence,"COPYRIGHT © 2001-2021 ENERGY INTELLIGENCE GROUP, INC. / ENERGY INTELLIGENCE GROUP (UK) LIMITED.",2011,41.36
Dubai,Dubai,Source: Energy Intelligence,"COPYRIGHT © 2001-2021 ENERGY INTELLIGENCE GROUP, INC. / ENERGY INTELLIGENCE GROUP (UK) LIMITED.",2012,38.06
Dubai,Dubai,Source: Energy Intelligence,"COPYRIGHT © 2001-2021 ENERGY INTELLIGENCE GROUP, INC. / ENERGY INTELLIGENCE GROUP (UK) LIMITED.",2013,34
Dubai,Dubai,Source: Energy Intelligence,"COPYRIGHT © 2001-2021 ENERGY INTELLIGENCE GROUP, INC. / ENERGY INTELLIGENCE GROUP (UK) LIMITED.",2014,30
Dubai,Dubai,Source: Energy Intelligence,"COPYRIGHT © 2001-2021 ENERGY INTELLIGENCE GROUP, INC. / ENERGY INTELLIGENCE GROUP (UK) LIMITED.",2015,26.58
Dubai,Dubai,Source: Energy Intelligence,"COPYRIGHT © 2001-2021 ENERGY INTELLIGENCE GROUP, INC. / ENERGY INTELLIGENCE GROUP (UK) LIMITED.",2016,25.65
Dubai,Dubai,Source: Energy Intelligence,"COPYRIGHT © 2001-2021 ENERGY INTELLIGENCE GROUP, INC. / ENERGY INTELLIGENCE GROUP (UK) LIMITED.",2017,24.83
Dubai,Dubai,Source: Energy Intelligence,"COPYRIGHT © 2001-2021 ENERGY INTELLIGENCE GROUP, INC. / ENERGY INTELLIGENCE GROUP (UK) LIMITED.",2018,23.92
Dubai,Dubai,Source: Energy Intelligence,"COPYRIGHT © 2001-2021 ENERGY INTELLIGENCE GROUP, INC. / ENERGY INTELLIGENCE GROUP (UK) LIMITED.",2019,23.58
Dubai,Dubai,Source: Energy Intelligence,"COPYRIGHT © 2001-2021 ENERGY INTELLIGENCE GROUP, INC. / ENERGY INTELLIGENCE GROUP (UK) LIMITED.",2020,22.75
Dubai,Dubai,Source: Energy Intelligence,"COPYRIGHT © 2001-2021 ENERGY INTELLIGENCE GROUP, INC. / ENERGY INTELLIGENCE GROUP (UK) LIMITED.",2021,22
Dubai,Dubai,Source: Energy Intelligence,"COPYRIGHT © 2001-2021 ENERGY INTELLIGENCE GROUP, INC. / ENERGY INTELLIGENCE GROUP (UK) LIMITED.",2022,21
Dubai,Dubai,Source: Energy Intelligence,"COPYRIGHT © 2001-2021 ENERGY INTELLIGENCE GROUP, INC. / ENERGY INTELLIGENCE GROUP (UK) LIMITED.",2023,21
Dubai,Dubai,Source: Energy Intelligence,"COPYRIGHT © 2001-2021 ENERGY INTELLIGENCE GROUP, INC. / ENERGY INTELLIGENCE GROUP (UK) LIMITED.",2024,21
Ecuador,Other Crudes - Ecuador,Source: Energy Intelligence,"COPYRIGHT © 2001-2021 ENERGY INTELLIGENCE GROUP, INC. / ENERGY INTELLIGENCE GROUP (UK) LIMITED.",2006,0.03
Ecuador,Oriente,Source: Energy Intelligence,"COPYRIGHT © 2001-2021 ENERGY INTELLIGENCE GROUP, INC. / ENERGY INTELLIGENCE GROUP (UK) LIMITED.",2006,215.59
Ecuador,Napo,Source: Energy Intelligence,"COPYRIGHT © 2001-2021 ENERGY INTELLIGENCE GROUP, INC. / ENERGY INTELLIGENCE GROUP (UK) LIMITED.",2006,158.78
Ecuador,Other Crudes - Ecuador,Source: Energy Intelligence,"COPYRIGHT © 2001-2021 ENERGY INTELLIGENCE GROUP, INC. / ENERGY INTELLIGENCE GROUP (UK) LIMITED.",2007,0
Ecuador,Oriente,Source: Energy Intelligence,"COPYRIGHT © 2001-2021 ENERGY INTELLIGENCE GROUP, INC. / ENERGY INTELLIGENCE GROUP (UK) LIMITED.",2007,192.79
Ecuador,Napo,Source: Energy Intelligence,"COPYRIGHT © 2001-2021 ENERGY INTELLIGENCE GROUP, INC. / ENERGY INTELLIGENCE GROUP (UK) LIMITED.",2007,146.65
Ecuador,Other Crudes - Ecuador,Source: Energy Intelligence,"COPYRIGHT © 2001-2021 ENERGY INTELLIGENCE GROUP, INC. / ENERGY INTELLIGENCE GROUP (UK) LIMITED.",2008,0.04
Ecuador,Oriente,Source: Energy Intelligence,"COPYRIGHT © 2001-2021 ENERGY INTELLIGENCE GROUP, INC. / ENERGY INTELLIGENCE GROUP (UK) LIMITED.",2008,217.96
Ecuador,Napo,Source: Energy Intelligence,"COPYRIGHT © 2001-2021 ENERGY INTELLIGENCE GROUP, INC. / ENERGY INTELLIGENCE GROUP (UK) LIMITED.",2008,131.4
Ecuador,Other Crudes - Ecuador,Source: Energy Intelligence,"COPYRIGHT © 2001-2021 ENERGY INTELLIGENCE GROUP, INC. / ENERGY INTELLIGENCE GROUP (UK) LIMITED.",2009,10.23
Ecuador,Oriente,Source: Energy Intelligence,"COPYRIGHT © 2001-2021 ENERGY INTELLIGENCE GROUP, INC. / ENERGY INTELLIGENCE GROUP (UK) LIMITED.",2009,204.85
Ecuador,Napo,Source: Energy Intelligence,"COPYRIGHT © 2001-2021 ENERGY INTELLIGENCE GROUP, INC. / ENERGY INTELLIGENCE GROUP (UK) LIMITED.",2009,112.92
Ecuador,Other Crudes - Ecuador,Source: Energy Intelligence,"COPYRIGHT © 2001-2021 ENERGY INTELLIGENCE GROUP, INC. / ENERGY INTELLIGENCE GROUP (UK) LIMITED.",2010,13.06
Ecuador,Oriente,Source: Energy Intelligence,"COPYRIGHT © 2001-2021 ENERGY INTELLIGENCE GROUP, INC. / ENERGY INTELLIGENCE GROUP (UK) LIMITED.",2010,221.82
Ecuador,Napo,Source: Energy Intelligence,"COPYRIGHT © 2001-2021 ENERGY INTELLIGENCE GROUP, INC. / ENERGY INTELLIGENCE GROUP (UK) LIMITED.",2010,106.12
Ecuador,Other Crudes - Ecuador,Source: Energy Intelligence,"COPYRIGHT © 2001-2021 ENERGY INTELLIGENCE GROUP, INC. / ENERGY INTELLIGENCE GROUP (UK) LIMITED.",2011,20.39
Ecuador,Oriente,Source: Energy Intelligence,"COPYRIGHT © 2001-2021 ENERGY INTELLIGENCE GROUP, INC. / ENERGY INTELLIGENCE GROUP (UK) LIMITED.",2011,214.08
Ecuador,Napo,Source: Energy Intelligence,"COPYRIGHT © 2001-2021 ENERGY INTELLIGENCE GROUP, INC. / ENERGY INTELLIGENCE GROUP (UK) LIMITED.",2011,119.43
Ecuador,Other Crudes - Ecuador,Source: Energy Intelligence,"COPYRIGHT © 2001-2021 ENERGY INTELLIGENCE GROUP, INC. / ENERGY INTELLIGENCE GROUP (UK) LIMITED.",2012,0.03
Ecuador,Oriente,Source: Energy Intelligence,"COPYRIGHT © 2001-2021 ENERGY INTELLIGENCE GROUP, INC. / ENERGY INTELLIGENCE GROUP (UK) LIMITED.",2012,229.57
Ecuador,Napo,Source: Energy Intelligence,"COPYRIGHT © 2001-2021 ENERGY INTELLIGENCE GROUP, INC. / ENERGY INTELLIGENCE GROUP (UK) LIMITED.",2012,124.3
Ecuador,Other Crudes - Ecuador,Source: Energy Intelligence,"COPYRIGHT © 2001-2021 ENERGY INTELLIGENCE GROUP, INC. / ENERGY INTELLIGENCE GROUP (UK) LIMITED.",2013,0
Ecuador,Oriente,Source: Energy Intelligence,"COPYRIGHT © 2001-2021 ENERGY INTELLIGENCE GROUP, INC. / ENERGY INTELLIGENCE GROUP (UK) LIMITED.",2013,245.64
Ecuador,Napo,Source: Energy Intelligence,"COPYRIGHT © 2001-2021 ENERGY INTELLIGENCE GROUP, INC. / ENERGY INTELLIGENCE GROUP (UK) LIMITED.",2013,138.59
Ecuador,Other Crudes - Ecuador,Source: Energy Intelligence,"COPYRIGHT © 2001-2021 ENERGY INTELLIGENCE GROUP, INC. / ENERGY INTELLIGENCE GROUP (UK) LIMITED.",2014,0
Ecuador,Oriente,Source: Energy Intelligence,"COPYRIGHT © 2001-2021 ENERGY INTELLIGENCE GROUP, INC. / ENERGY INTELLIGENCE GROUP (UK) LIMITED.",2014,265.46
Ecuador,Napo,Source: Energy Intelligence,"COPYRIGHT © 2001-2021 ENERGY INTELLIGENCE GROUP, INC. / ENERGY INTELLIGENCE GROUP (UK) LIMITED.",2014,158.26
Ecuador,Other Crudes - Ecuador,Source: Energy Intelligence,"COPYRIGHT © 2001-2021 ENERGY INTELLIGENCE GROUP, INC. / ENERGY INTELLIGENCE GROUP (UK) LIMITED.",2015,0.01
Ecuador,Oriente,Source: Energy Intelligence,"COPYRIGHT © 2001-2021 ENERGY INTELLIGENCE GROUP, INC. / ENERGY INTELLIGENCE GROUP (UK) LIMITED.",2015,282.03
Ecuador,Napo,Source: Energy Intelligence,"COPYRIGHT © 2001-2021 ENERGY INTELLIGENCE GROUP, INC. / ENERGY INTELLIGENCE GROUP (UK) LIMITED.",2015,133.76
Ecuador,Other Crudes - Ecuador,Source: Energy Intelligence,"COPYRIGHT © 2001-2021 ENERGY INTELLIGENCE GROUP, INC. / ENERGY INTELLIGENCE GROUP (UK) LIMITED.",2016,0
Ecuador,Oriente,Source: Energy Intelligence,"COPYRIGHT © 2001-2021 ENERGY INTELLIGENCE GROUP, INC. / ENERGY INTELLIGENCE GROUP (UK) LIMITED.",2016,248.61
Ecuador,Napo,Source: Energy Intelligence,"COPYRIGHT © 2001-2021 ENERGY INTELLIGENCE GROUP, INC. / ENERGY INTELLIGENCE GROUP (UK) LIMITED.",2016,146.5
Ecuador,Other Crudes - Ecuador,Source: Energy Intelligence,"COPYRIGHT © 2001-2021 ENERGY INTELLIGENCE GROUP, INC. / ENERGY INTELLIGENCE GROUP (UK) LIMITED.",2017,0.14
Ecuador,Oriente,Source: Energy Intelligence,"COPYRIGHT © 2001-2021 ENERGY INTELLIGENCE GROUP, INC. / ENERGY INTELLIGENCE GROUP (UK) LIMITED.",2017,233.3
Ecuador,Napo,Source: Energy Intelligence,"COPYRIGHT © 2001-2021 ENERGY INTELLIGENCE GROUP, INC. / ENERGY INTELLIGENCE GROUP (UK) LIMITED.",2017,137.78
Ecuador,Other Crudes - Ecuador,Source: Energy Intelligence,"COPYRIGHT © 2001-2021 ENERGY INTELLIGENCE GROUP, INC. / ENERGY INTELLIGENCE GROUP (UK) LIMITED.",2018,0
Ecuador,Oriente,Source: Energy Intelligence,"COPYRIGHT © 2001-2021 ENERGY INTELLIGENCE GROUP, INC. / ENERGY INTELLIGENCE GROUP (UK) LIMITED.",2018,215.43
Ecuador,Napo,Source: Energy Intelligence,"COPYRIGHT © 2001-2021 ENERGY INTELLIGENCE GROUP, INC. / ENERGY INTELLIGENCE GROUP (UK) LIMITED.",2018,139.89
Ecuador,Other Crudes - Ecuador,Source: Energy Intelligence,"COPYRIGHT © 2001-2021 ENERGY INTELLIGENCE GROUP, INC. / ENERGY INTELLIGENCE GROUP (UK) LIMITED.",2019,1.08
Ecuador,Oriente,Source: Energy Intelligence,"COPYRIGHT © 2001-2021 ENERGY INTELLIGENCE GROUP, INC. / ENERGY INTELLIGENCE GROUP (UK) LIMITED.",2019,225.6
Ecuador,Napo,Source: Energy Intelligence,"COPYRIGHT © 2001-2021 ENERGY INTELLIGENCE GROUP, INC. / ENERGY INTELLIGENCE GROUP (UK) LIMITED.",2019,159.29
Ecuador,Other Crudes - Ecuador,Source: Energy Intelligence,"COPYRIGHT © 2001-2021 ENERGY INTELLIGENCE GROUP, INC. / ENERGY INTELLIGENCE GROUP (UK) LIMITED.",2020,0
Ecuador,Oriente,Source: Energy Intelligence,"COPYRIGHT © 2001-2021 ENERGY INTELLIGENCE GROUP, INC. / ENERGY INTELLIGENCE GROUP (UK) LIMITED.",2020,223.5
Ecuador,Napo,Source: Energy Intelligence,"COPYRIGHT © 2001-2021 ENERGY INTELLIGENCE GROUP, INC. / ENERGY INTELLIGENCE GROUP (UK) LIMITED.",2020,135.88
Ecuador,Other Crudes - Ecuador,Source: Energy Intelligence,"COPYRIGHT © 2001-2021 ENERGY INTELLIGENCE GROUP, INC. / ENERGY INTELLIGENCE GROUP (UK) LIMITED.",2021,0
Ecuador,Oriente,Source: Energy Intelligence,"COPYRIGHT © 2001-2021 ENERGY INTELLIGENCE GROUP, INC. / ENERGY INTELLIGENCE GROUP (UK) LIMITED.",2021,186.6
Ecuador,Napo,Source: Energy Intelligence,"COPYRIGHT © 2001-2021 ENERGY INTELLIGENCE GROUP, INC. / ENERGY INTELLIGENCE GROUP (UK) LIMITED.",2021,135
Ecuador,Other Crudes - Ecuador,Source: Energy Intelligence,"COPYRIGHT © 2001-2021 ENERGY INTELLIGENCE GROUP, INC. / ENERGY INTELLIGENCE GROUP (UK) LIMITED.",2022,0
Ecuador,Oriente,Source: Energy Intelligence,"COPYRIGHT © 2001-2021 ENERGY INTELLIGENCE GROUP, INC. / ENERGY INTELLIGENCE GROUP (UK) LIMITED.",2022,191.2
Ecuador,Napo,Source: Energy Intelligence,"COPYRIGHT © 2001-2021 ENERGY INTELLIGENCE GROUP, INC. / ENERGY INTELLIGENCE GROUP (UK) LIMITED.",2022,128
Ecuador,Other Crudes - Ecuador,Source: Energy Intelligence,"COPYRIGHT © 2001-2021 ENERGY INTELLIGENCE GROUP, INC. / ENERGY INTELLIGENCE GROUP (UK) LIMITED.",2023,0
Ecuador,Oriente,Source: Energy Intelligence,"COPYRIGHT © 2001-2021 ENERGY INTELLIGENCE GROUP, INC. / ENERGY INTELLIGENCE GROUP (UK) LIMITED.",2023,183.8
Ecuador,Napo,Source: Energy Intelligence,"COPYRIGHT © 2001-2021 ENERGY INTELLIGENCE GROUP, INC. / ENERGY INTELLIGENCE GROUP (UK) LIMITED.",2023,130.91
Ecuador,Other Crudes - Ecuador,Source: Energy Intelligence,"COPYRIGHT © 2001-2021 ENERGY INTELLIGENCE GROUP, INC. / ENERGY INTELLIGENCE GROUP (UK) LIMITED.",2024,0
Ecuador,Oriente,Source: Energy Intelligence,"COPYRIGHT © 2001-2021 ENERGY INTELLIGENCE GROUP, INC. / ENERGY INTELLIGENCE GROUP (UK) LIMITED.",2024,205
Ecuador,Napo,Source: Energy Intelligence,"COPYRIGHT © 2001-2021 ENERGY INTELLIGENCE GROUP, INC. / ENERGY INTELLIGENCE GROUP (UK) LIMITED.",2024,141
Egypt,Other Crudes - Egypt,Source: Energy Intelligence,"COPYRIGHT © 2001-2021 ENERGY INTELLIGENCE GROUP, INC. / ENERGY INTELLIGENCE GROUP (UK) LIMITED.",2006,25
Egypt,Belayim Blend,Source: Energy Intelligence,"COPYRIGHT © 2001-2021 ENERGY INTELLIGENCE GROUP, INC. / ENERGY INTELLIGENCE GROUP (UK) LIMITED.",2006,75
Egypt,Other Crudes - Egypt,Source: Energy Intelligence,"COPYRIGHT © 2001-2021 ENERGY INTELLIGENCE GROUP, INC. / ENERGY INTELLIGENCE GROUP (UK) LIMITED.",2007,45
Egypt,Belayim Blend,Source: Energy Intelligence,"COPYRIGHT © 2001-2021 ENERGY INTELLIGENCE GROUP, INC. / ENERGY INTELLIGENCE GROUP (UK) LIMITED.",2007,60
Egypt,Other Crudes - Egypt,Source: Energy Intelligence,"COPYRIGHT © 2001-2021 ENERGY INTELLIGENCE GROUP, INC. / ENERGY INTELLIGENCE GROUP (UK) LIMITED.",2008,55
Egypt,Belayim Blend,Source: Energy Intelligence,"COPYRIGHT © 2001-2021 ENERGY INTELLIGENCE GROUP, INC. / ENERGY INTELLIGENCE GROUP (UK) LIMITED.",2008,60
Egypt,Suez Blend,Source: Energy Intelligence,"COPYRIGHT © 2001-2021 ENERGY INTELLIGENCE GROUP, INC. / ENERGY INTELLIGENCE GROUP (UK) LIMITED.",2009,53
Egypt,Other Crudes - Egypt,Source: Energy Intelligence,"COPYRIGHT © 2001-2021 ENERGY INTELLIGENCE GROUP, INC. / ENERGY INTELLIGENCE GROUP (UK) LIMITED.",2009,77
Egypt,Belayim Blend,Source: Energy Intelligence,"COPYRIGHT © 2001-2021 ENERGY INTELLIGENCE GROUP, INC. / ENERGY INTELLIGENCE GROUP (UK) LIMITED.",2009,60
Egypt,Western Desert Blend,Source: Energy Intelligence,"COPYRIGHT © 2001-2021 ENERGY INTELLIGENCE GROUP, INC. / ENERGY INTELLIGENCE GROUP (UK) LIMITED.",2010,30
Egypt,Suez Blend,Source: Energy Intelligence,"COPYRIGHT © 2001-2021 ENERGY INTELLIGENCE GROUP, INC. / ENERGY INTELLIGENCE GROUP (UK) LIMITED.",2010,20
Egypt,Other Crudes - Egypt,Source: Energy Intelligence,"COPYRIGHT © 2001-2021 ENERGY INTELLIGENCE GROUP, INC. / ENERGY INTELLIGENCE GROUP (UK) LIMITED.",2010,35
Egypt,Belayim Blend,Source: Energy Intelligence,"COPYRIGHT © 2001-2021 ENERGY INTELLIGENCE GROUP, INC. / ENERGY INTELLIGENCE GROUP (UK) LIMITED.",2010,70
Egypt,Western Desert Blend,Source: Energy Intelligence,"COPYRIGHT © 2001-2021 ENERGY INTELLIGENCE GROUP, INC. / ENERGY INTELLIGENCE GROUP (UK) LIMITED.",2011,30
Egypt,Suez Blend,Source: Energy Intelligence,"COPYRIGHT © 2001-2021 ENERGY INTELLIGENCE GROUP, INC. / ENERGY INTELLIGENCE GROUP (UK) LIMITED.",2011,20
Egypt,Other Crudes - Egypt,Source: Energy Intelligence,"COPYRIGHT © 2001-2021 ENERGY INTELLIGENCE GROUP, INC. / ENERGY INTELLIGENCE GROUP (UK) LIMITED.",2011,35
Egypt,Belayim Blend,Source: Energy Intelligence,"COPYRIGHT © 2001-2021 ENERGY INTELLIGENCE GROUP, INC. / ENERGY INTELLIGENCE GROUP (UK) LIMITED.",2011,66
Egypt,Western Desert Blend,Source: Energy Intelligence,"COPYRIGHT © 2001-2021 ENERGY INTELLIGENCE GROUP, INC. / ENERGY INTELLIGENCE GROUP (UK) LIMITED.",2012,30
Egypt,Suez Blend,Source: Energy Intelligence,"COPYRIGHT © 2001-2021 ENERGY INTELLIGENCE GROUP, INC. / ENERGY INTELLIGENCE GROUP (UK) LIMITED.",2012,20
Egypt,Other Crudes - Egypt,Source: Energy Intelligence,"COPYRIGHT © 2001-2021 ENERGY INTELLIGENCE GROUP, INC. / ENERGY INTELLIGENCE GROUP (UK) LIMITED.",2012,35
Egypt,Belayim Blend,Source: Energy Intelligence,"COPYRIGHT © 2001-2021 ENERGY INTELLIGENCE GROUP, INC. / ENERGY INTELLIGENCE GROUP (UK) LIMITED.",2012,65
Egypt,Western Desert Blend,Source: Energy Intelligence,"COPYRIGHT © 2001-2021 ENERGY INTELLIGENCE GROUP, INC. / ENERGY INTELLIGENCE GROUP (UK) LIMITED.",2013,35
Egypt,Suez Blend,Source: Energy Intelligence,"COPYRIGHT © 2001-2021 ENERGY INTELLIGENCE GROUP, INC. / ENERGY INTELLIGENCE GROUP (UK) LIMITED.",2013,18
Egypt,Other Crudes - Egypt,Source: Energy Intelligence,"COPYRIGHT © 2001-2021 ENERGY INTELLIGENCE GROUP, INC. / ENERGY INTELLIGENCE GROUP (UK) LIMITED.",2013,42
Egypt,Belayim Blend,Source: Energy Intelligence,"COPYRIGHT © 2001-2021 ENERGY INTELLIGENCE GROUP, INC. / ENERGY INTELLIGENCE GROUP (UK) LIMITED.",2013,50
Egypt,Western Desert Blend,Source: Energy Intelligence,"COPYRIGHT © 2001-2021 ENERGY INTELLIGENCE GROUP, INC. / ENERGY INTELLIGENCE GROUP (UK) LIMITED.",2014,45
Egypt,Suez Blend,Source: Energy Intelligence,"COPYRIGHT © 2001-2021 ENERGY INTELLIGENCE GROUP, INC. / ENERGY INTELLIGENCE GROUP (UK) LIMITED.",2014,18
Egypt,Other Crudes - Egypt,Source: Energy Intelligence,"COPYRIGHT © 2001-2021 ENERGY INTELLIGENCE GROUP, INC. / ENERGY INTELLIGENCE GROUP (UK) LIMITED.",2014,30
Egypt,Belayim Blend,Source: Energy Intelligence,"COPYRIGHT © 2001-2021 ENERGY INTELLIGENCE GROUP, INC. / ENERGY INTELLIGENCE GROUP (UK) LIMITED.",2014,50
Egypt,Western Desert Blend,Source: Energy Intelligence,"COPYRIGHT © 2001-2021 ENERGY INTELLIGENCE GROUP, INC. / ENERGY INTELLIGENCE GROUP (UK) LIMITED.",2015,57.86
Egypt,Suez Blend,Source: Energy Intelligence,"COPYRIGHT © 2001-2021 ENERGY INTELLIGENCE GROUP, INC. / ENERGY INTELLIGENCE GROUP (UK) LIMITED.",2015,18
Egypt,Other Crudes - Egypt,Source: Energy Intelligence,"COPYRIGHT © 2001-2021 ENERGY INTELLIGENCE GROUP, INC. / ENERGY INTELLIGENCE GROUP (UK) LIMITED.",2015,29.68
Egypt,Belayim Blend,Source: Energy Intelligence,"COPYRIGHT © 2001-2021 ENERGY INTELLIGENCE GROUP, INC. / ENERGY INTELLIGENCE GROUP (UK) LIMITED.",2015,50
Egypt,Western Desert Blend,Source: Energy Intelligence,"COPYRIGHT © 2001-2021 ENERGY INTELLIGENCE GROUP, INC. / ENERGY INTELLIGENCE GROUP (UK) LIMITED.",2016,87.66
Egypt,Suez Blend,Source: Energy Intelligence,"COPYRIGHT © 2001-2021 ENERGY INTELLIGENCE GROUP, INC. / ENERGY INTELLIGENCE GROUP (UK) LIMITED.",2016,20.31
Egypt,Other Crudes - Egypt,Source: Energy Intelligence,"COPYRIGHT © 2001-2021 ENERGY INTELLIGENCE GROUP, INC. / ENERGY INTELLIGENCE GROUP (UK) LIMITED.",2016,17.03
Egypt,Belayim Blend,Source: Energy Intelligence,"COPYRIGHT © 2001-2021 ENERGY INTELLIGENCE GROUP, INC. / ENERGY INTELLIGENCE GROUP (UK) LIMITED.",2016,40
Egypt,Western Desert Blend,Source: Energy Intelligence,"COPYRIGHT © 2001-2021 ENERGY INTELLIGENCE GROUP, INC. / ENERGY INTELLIGENCE GROUP (UK) LIMITED.",2017,90
Egypt,Suez Blend,Source: Energy Intelligence,"COPYRIGHT © 2001-2021 ENERGY INTELLIGENCE GROUP, INC. / ENERGY INTELLIGENCE GROUP (UK) LIMITED.",2017,19.3
Egypt,Other Crudes - Egypt,Source: Energy Intelligence,"COPYRIGHT © 2001-2021 ENERGY INTELLIGENCE GROUP, INC. / ENERGY INTELLIGENCE GROUP (UK) LIMITED.",2017,9.7
Egypt,Belayim Blend,Source: Energy Intelligence,"COPYRIGHT © 2001-2021 ENERGY INTELLIGENCE GROUP, INC. / ENERGY INTELLIGENCE GROUP (UK) LIMITED.",2017,20
Egypt,Western Desert Blend,Source: Energy Intelligence,"COPYRIGHT © 2001-2021 ENERGY INTELLIGENCE GROUP, INC. / ENERGY INTELLIGENCE GROUP (UK) LIMITED.",2018,90
Egypt,Suez Blend,Source: Energy Intelligence,"COPYRIGHT © 2001-2021 ENERGY INTELLIGENCE GROUP, INC. / ENERGY INTELLIGENCE GROUP (UK) LIMITED.",2018,16
Egypt,Other Crudes - Egypt,Source: Energy Intelligence,"COPYRIGHT © 2001-2021 ENERGY INTELLIGENCE GROUP, INC. / ENERGY INTELLIGENCE GROUP (UK) LIMITED.",2018,0
Egypt,Belayim Blend,Source: Energy Intelligence,"COPYRIGHT © 2001-2021 ENERGY INTELLIGENCE GROUP, INC. / ENERGY INTELLIGENCE GROUP (UK) LIMITED.",2018,9
Egypt,Western Desert Blend,Source: Energy Intelligence,"COPYRIGHT © 2001-2021 ENERGY INTELLIGENCE GROUP, INC. / ENERGY INTELLIGENCE GROUP (UK) LIMITED.",2019,69
Egypt,Suez Blend,Source: Energy Intelligence,"COPYRIGHT © 2001-2021 ENERGY INTELLIGENCE GROUP, INC. / ENERGY INTELLIGENCE GROUP (UK) LIMITED.",2019,12.3
Egypt,Other Crudes - Egypt,Source: Energy Intelligence,"COPYRIGHT © 2001-2021 ENERGY INTELLIGENCE GROUP, INC. / ENERGY INTELLIGENCE GROUP (UK) LIMITED.",2019,0
Egypt,Belayim Blend,Source: Energy Intelligence,"COPYRIGHT © 2001-2021 ENERGY INTELLIGENCE GROUP, INC. / ENERGY INTELLIGENCE GROUP (UK) LIMITED.",2019,9
Egypt,Western Desert Blend,Source: Energy Intelligence,"COPYRIGHT © 2001-2021 ENERGY INTELLIGENCE GROUP, INC. / ENERGY INTELLIGENCE GROUP (UK) LIMITED.",2020,82.9
Egypt,Suez Blend,Source: Energy Intelligence,"COPYRIGHT © 2001-2021 ENERGY INTELLIGENCE GROUP, INC. / ENERGY INTELLIGENCE GROUP (UK) LIMITED.",2020,12
Egypt,Other Crudes - Egypt,Source: Energy Intelligence,"COPYRIGHT © 2001-2021 ENERGY INTELLIGENCE GROUP, INC. / ENERGY INTELLIGENCE GROUP (UK) LIMITED.",2020,0
Egypt,Belayim Blend,Source: Energy Intelligence,"COPYRIGHT © 2001-2021 ENERGY INTELLIGENCE GROUP, INC. / ENERGY INTELLIGENCE GROUP (UK) LIMITED.",2020,8.1
Egypt,Western Desert Blend,Source: Energy Intelligence,"COPYRIGHT © 2001-2021 ENERGY INTELLIGENCE GROUP, INC. / ENERGY INTELLIGENCE GROUP (UK) LIMITED.",2021,92.71
Egypt,Suez Blend,Source: Energy Intelligence,"COPYRIGHT © 2001-2021 ENERGY INTELLIGENCE GROUP, INC. / ENERGY INTELLIGENCE GROUP (UK) LIMITED.",2021,10
Egypt,Other Crudes - Egypt,Source: Energy Intelligence,"COPYRIGHT © 2001-2021 ENERGY INTELLIGENCE GROUP, INC. / ENERGY INTELLIGENCE GROUP (UK) LIMITED.",2021,0
Egypt,Belayim Blend,Source: Energy Intelligence,"COPYRIGHT © 2001-2021 ENERGY INTELLIGENCE GROUP, INC. / ENERGY INTELLIGENCE GROUP (UK) LIMITED.",2021,7.29
Egypt,Western Desert Blend,Source: Energy Intelligence,"COPYRIGHT © 2001-2021 ENERGY INTELLIGENCE GROUP, INC. / ENERGY INTELLIGENCE GROUP (UK) LIMITED.",2022,70
Egypt,Other Crudes - Egypt,Source: Energy Intelligence,"COPYRIGHT © 2001-2021 ENERGY INTELLIGENCE GROUP, INC. / ENERGY INTELLIGENCE GROUP (UK) LIMITED.",2022,0
Egypt,Belayim Blend,Source: Energy Intelligence,"COPYRIGHT © 2001-2021 ENERGY INTELLIGENCE GROUP, INC. / ENERGY INTELLIGENCE GROUP (UK) LIMITED.",2022,1
Egypt,Western Desert Blend,Source: Energy Intelligence,"COPYRIGHT © 2001-2021 ENERGY INTELLIGENCE GROUP, INC. / ENERGY INTELLIGENCE GROUP (UK) LIMITED.",2023,75.42
Egypt,Suez Blend,Source: Energy Intelligence,"COPYRIGHT © 2001-2021 ENERGY INTELLIGENCE GROUP, INC. / ENERGY INTELLIGENCE GROUP (UK) LIMITED.",2023,0
Egypt,Other Crudes - Egypt,Source: Energy Intelligence,"COPYRIGHT © 2001-2021 ENERGY INTELLIGENCE GROUP, INC. / ENERGY INTELLIGENCE GROUP (UK) LIMITED.",2023,0
Egypt,Belayim Blend,Source: Energy Intelligence,"COPYRIGHT © 2001-2021 ENERGY INTELLIGENCE GROUP, INC. / ENERGY INTELLIGENCE GROUP (UK) LIMITED.",2023,0
Egypt,Western Desert Blend,Source: Energy Intelligence,"COPYRIGHT © 2001-2021 ENERGY INTELLIGENCE GROUP, INC. / ENERGY INTELLIGENCE GROUP (UK) LIMITED.",2024,37.7
Egypt,Suez Blend,Source: Energy Intelligence,"COPYRIGHT © 2001-2021 ENERGY INTELLIGENCE GROUP, INC. / ENERGY INTELLIGENCE GROUP (UK) LIMITED.",2024,0
Egypt,Other Crudes - Egypt,Source: Energy Intelligence,"COPYRIGHT © 2001-2021 ENERGY INTELLIGENCE GROUP, INC. / ENERGY INTELLIGENCE GROUP (UK) LIMITED.",2024,0
Egypt,Belayim Blend,Source: Energy Intelligence,"COPYRIGHT © 2001-2021 ENERGY INTELLIGENCE GROUP, INC. / ENERGY INTELLIGENCE GROUP (UK) LIMITED.",2024,0
Equatorial Guinea,New Zafiro,Source: Energy Intelligence,"COPYRIGHT © 2001-2021 ENERGY INTELLIGENCE GROUP, INC. / ENERGY INTELLIGENCE GROUP (UK) LIMITED.",2006,239
Equatorial Guinea,Ceiba,Source: Energy Intelligence,"COPYRIGHT © 2001-2021 ENERGY INTELLIGENCE GROUP, INC. / ENERGY INTELLIGENCE GROUP (UK) LIMITED.",2006,40
Equatorial Guinea,Alba Condensate,Source: Energy Intelligence,"COPYRIGHT © 2001-2021 ENERGY INTELLIGENCE GROUP, INC. / ENERGY INTELLIGENCE GROUP (UK) LIMITED.",2006,70
Equatorial Guinea,New Zafiro,Source: Energy Intelligence,"COPYRIGHT © 2001-2021 ENERGY INTELLIGENCE GROUP, INC. / ENERGY INTELLIGENCE GROUP (UK) LIMITED.",2007,212
Equatorial Guinea,Ceiba,Source: Energy Intelligence,"COPYRIGHT © 2001-2021 ENERGY INTELLIGENCE GROUP, INC. / ENERGY INTELLIGENCE GROUP (UK) LIMITED.",2007,89
Equatorial Guinea,Alba Condensate,Source: Energy Intelligence,"COPYRIGHT © 2001-2021 ENERGY INTELLIGENCE GROUP, INC. / ENERGY INTELLIGENCE GROUP (UK) LIMITED.",2007,50
Equatorial Guinea,New Zafiro,Source: Energy Intelligence,"COPYRIGHT © 2001-2021 ENERGY INTELLIGENCE GROUP, INC. / ENERGY INTELLIGENCE GROUP (UK) LIMITED.",2008,200
Equatorial Guinea,Ceiba,Source: Energy Intelligence,"COPYRIGHT © 2001-2021 ENERGY INTELLIGENCE GROUP, INC. / ENERGY INTELLIGENCE GROUP (UK) LIMITED.",2008,72
Equatorial Guinea,Alba Condensate,Source: Energy Intelligence,"COPYRIGHT © 2001-2021 ENERGY INTELLIGENCE GROUP, INC. / ENERGY INTELLIGENCE GROUP (UK) LIMITED.",2008,60
Equatorial Guinea,New Zafiro,Source: Energy Intelligence,"COPYRIGHT © 2001-2021 ENERGY INTELLIGENCE GROUP, INC. / ENERGY INTELLIGENCE GROUP (UK) LIMITED.",2009,210
Equatorial Guinea,Ceiba,Source: Energy Intelligence,"COPYRIGHT © 2001-2021 ENERGY INTELLIGENCE GROUP, INC. / ENERGY INTELLIGENCE GROUP (UK) LIMITED.",2009,106
Equatorial Guinea,Alba Condensate,Source: Energy Intelligence,"COPYRIGHT © 2001-2021 ENERGY INTELLIGENCE GROUP, INC. / ENERGY INTELLIGENCE GROUP (UK) LIMITED.",2009,60
Equatorial Guinea,New Zafiro,Source: Energy Intelligence,"COPYRIGHT © 2001-2021 ENERGY INTELLIGENCE GROUP, INC. / ENERGY INTELLIGENCE GROUP (UK) LIMITED.",2010,119.8
Equatorial Guinea,Ceiba,Source: Energy Intelligence,"COPYRIGHT © 2001-2021 ENERGY INTELLIGENCE GROUP, INC. / ENERGY INTELLIGENCE GROUP (UK) LIMITED.",2010,114
Equatorial Guinea,Alba Condensate,Source: Energy Intelligence,"COPYRIGHT © 2001-2021 ENERGY INTELLIGENCE GROUP, INC. / ENERGY INTELLIGENCE GROUP (UK) LIMITED.",2010,42
Equatorial Guinea,Other Crudes - Equatorial Guinea,Source: Energy Intelligence,"COPYRIGHT © 2001-2021 ENERGY INTELLIGENCE GROUP, INC. / ENERGY INTELLIGENCE GROUP (UK) LIMITED.",2011,1.42
Equatorial Guinea,New Zafiro,Source: Energy Intelligence,"COPYRIGHT © 2001-2021 ENERGY INTELLIGENCE GROUP, INC. / ENERGY INTELLIGENCE GROUP (UK) LIMITED.",2011,121
Equatorial Guinea,Ceiba,Source: Energy Intelligence,"COPYRIGHT © 2001-2021 ENERGY INTELLIGENCE GROUP, INC. / ENERGY INTELLIGENCE GROUP (UK) LIMITED.",2011,91.58
Equatorial Guinea,Alba Condensate,Source: Energy Intelligence,"COPYRIGHT © 2001-2021 ENERGY INTELLIGENCE GROUP, INC. / ENERGY INTELLIGENCE GROUP (UK) LIMITED.",2011,44
Equatorial Guinea,Other Crudes - Equatorial Guinea,Source: Energy Intelligence,"COPYRIGHT © 2001-2021 ENERGY INTELLIGENCE GROUP, INC. / ENERGY INTELLIGENCE GROUP (UK) LIMITED.",2012,49.32
Equatorial Guinea,New Zafiro,Source: Energy Intelligence,"COPYRIGHT © 2001-2021 ENERGY INTELLIGENCE GROUP, INC. / ENERGY INTELLIGENCE GROUP (UK) LIMITED.",2012,120
Equatorial Guinea,Ceiba,Source: Energy Intelligence,"COPYRIGHT © 2001-2021 ENERGY INTELLIGENCE GROUP, INC. / ENERGY INTELLIGENCE GROUP (UK) LIMITED.",2012,85
Equatorial Guinea,Alba Condensate,Source: Energy Intelligence,"COPYRIGHT © 2001-2021 ENERGY INTELLIGENCE GROUP, INC. / ENERGY INTELLIGENCE GROUP (UK) LIMITED.",2012,41.68
Equatorial Guinea,Other Crudes - Equatorial Guinea,Source: Energy Intelligence,"COPYRIGHT © 2001-2021 ENERGY INTELLIGENCE GROUP, INC. / ENERGY INTELLIGENCE GROUP (UK) LIMITED.",2013,45.42
Equatorial Guinea,New Zafiro,Source: Energy Intelligence,"COPYRIGHT © 2001-2021 ENERGY INTELLIGENCE GROUP, INC. / ENERGY INTELLIGENCE GROUP (UK) LIMITED.",2013,90
Equatorial Guinea,Ceiba,Source: Energy Intelligence,"COPYRIGHT © 2001-2021 ENERGY INTELLIGENCE GROUP, INC. / ENERGY INTELLIGENCE GROUP (UK) LIMITED.",2013,68.07
Equatorial Guinea,Alba Condensate,Source: Energy Intelligence,"COPYRIGHT © 2001-2021 ENERGY INTELLIGENCE GROUP, INC. / ENERGY INTELLIGENCE GROUP (UK) LIMITED.",2013,36.51
Equatorial Guinea,Other Crudes - Equatorial Guinea,Source: Energy Intelligence,"COPYRIGHT © 2001-2021 ENERGY INTELLIGENCE GROUP, INC. / ENERGY INTELLIGENCE GROUP (UK) LIMITED.",2014,44.67
Equatorial Guinea,New Zafiro,Source: Energy Intelligence,"COPYRIGHT © 2001-2021 ENERGY INTELLIGENCE GROUP, INC. / ENERGY INTELLIGENCE GROUP (UK) LIMITED.",2014,88
Equatorial Guinea,Ceiba,Source: Energy Intelligence,"COPYRIGHT © 2001-2021 ENERGY INTELLIGENCE GROUP, INC. / ENERGY INTELLIGENCE GROUP (UK) LIMITED.",2014,58
Equatorial Guinea,Alba Condensate,Source: Energy Intelligence,"COPYRIGHT © 2001-2021 ENERGY INTELLIGENCE GROUP, INC. / ENERGY INTELLIGENCE GROUP (UK) LIMITED.",2014,33.33
Equatorial Guinea,Other Crudes - Equatorial Guinea,Source: Energy Intelligence,"COPYRIGHT © 2001-2021 ENERGY INTELLIGENCE GROUP, INC. / ENERGY INTELLIGENCE GROUP (UK) LIMITED.",2015,41.72
Equatorial Guinea,New Zafiro,Source: Energy Intelligence,"COPYRIGHT © 2001-2021 ENERGY INTELLIGENCE GROUP, INC. / ENERGY INTELLIGENCE GROUP (UK) LIMITED.",2015,84.38
Equatorial Guinea,Ceiba,Source: Energy Intelligence,"COPYRIGHT © 2001-2021 ENERGY INTELLIGENCE GROUP, INC. / ENERGY INTELLIGENCE GROUP (UK) LIMITED.",2015,62.74
Equatorial Guinea,Alba Condensate,Source: Energy Intelligence,"COPYRIGHT © 2001-2021 ENERGY INTELLIGENCE GROUP, INC. / ENERGY INTELLIGENCE GROUP (UK) LIMITED.",2015,30.16
Equatorial Guinea,Other Crudes - Equatorial Guinea,Source: Energy Intelligence,"COPYRIGHT © 2001-2021 ENERGY INTELLIGENCE GROUP, INC. / ENERGY INTELLIGENCE GROUP (UK) LIMITED.",2016,28.59
Equatorial Guinea,New Zafiro,Source: Energy Intelligence,"COPYRIGHT © 2001-2021 ENERGY INTELLIGENCE GROUP, INC. / ENERGY INTELLIGENCE GROUP (UK) LIMITED.",2016,82
Equatorial Guinea,Ceiba,Source: Energy Intelligence,"COPYRIGHT © 2001-2021 ENERGY INTELLIGENCE GROUP, INC. / ENERGY INTELLIGENCE GROUP (UK) LIMITED.",2016,57.4
Equatorial Guinea,Alba Condensate,Source: Energy Intelligence,"COPYRIGHT © 2001-2021 ENERGY INTELLIGENCE GROUP, INC. / ENERGY INTELLIGENCE GROUP (UK) LIMITED.",2016,31.75
Equatorial Guinea,Other Crudes - Equatorial Guinea,Source: Energy Intelligence,"COPYRIGHT © 2001-2021 ENERGY INTELLIGENCE GROUP, INC. / ENERGY INTELLIGENCE GROUP (UK) LIMITED.",2017,26.69
Equatorial Guinea,New Zafiro,Source: Energy Intelligence,"COPYRIGHT © 2001-2021 ENERGY INTELLIGENCE GROUP, INC. / ENERGY INTELLIGENCE GROUP (UK) LIMITED.",2017,62.88
Equatorial Guinea,Ceiba,Source: Energy Intelligence,"COPYRIGHT © 2001-2021 ENERGY INTELLIGENCE GROUP, INC. / ENERGY INTELLIGENCE GROUP (UK) LIMITED.",2017,41.1
Equatorial Guinea,Alba Condensate,Source: Energy Intelligence,"COPYRIGHT © 2001-2021 ENERGY INTELLIGENCE GROUP, INC. / ENERGY INTELLIGENCE GROUP (UK) LIMITED.",2017,33.33
Equatorial Guinea,Other Crudes - Equatorial Guinea,Source: Energy Intelligence,"COPYRIGHT © 2001-2021 ENERGY INTELLIGENCE GROUP, INC. / ENERGY INTELLIGENCE GROUP (UK) LIMITED.",2018,16.46
Equatorial Guinea,New Zafiro,Source: Energy Intelligence,"COPYRIGHT © 2001-2021 ENERGY INTELLIGENCE GROUP, INC. / ENERGY INTELLIGENCE GROUP (UK) LIMITED.",2018,57.26
Equatorial Guinea,Ceiba,Source: Energy Intelligence,"COPYRIGHT © 2001-2021 ENERGY INTELLIGENCE GROUP, INC. / ENERGY INTELLIGENCE GROUP (UK) LIMITED.",2018,46.3
Equatorial Guinea,Alba Condensate,Source: Energy Intelligence,"COPYRIGHT © 2001-2021 ENERGY INTELLIGENCE GROUP, INC. / ENERGY INTELLIGENCE GROUP (UK) LIMITED.",2018,26.98
Equatorial Guinea,Other Crudes - Equatorial Guinea,Source: Energy Intelligence,"COPYRIGHT © 2001-2021 ENERGY INTELLIGENCE GROUP, INC. / ENERGY INTELLIGENCE GROUP (UK) LIMITED.",2019,16.85
Equatorial Guinea,New Zafiro,Source: Energy Intelligence,"COPYRIGHT © 2001-2021 ENERGY INTELLIGENCE GROUP, INC. / ENERGY INTELLIGENCE GROUP (UK) LIMITED.",2019,57.4
Equatorial Guinea,Ceiba,Source: Energy Intelligence,"COPYRIGHT © 2001-2021 ENERGY INTELLIGENCE GROUP, INC. / ENERGY INTELLIGENCE GROUP (UK) LIMITED.",2019,40.82
Equatorial Guinea,Alba Condensate,Source: Energy Intelligence,"COPYRIGHT © 2001-2021 ENERGY INTELLIGENCE GROUP, INC. / ENERGY INTELLIGENCE GROUP (UK) LIMITED.",2019,25.4
Equatorial Guinea,Other Crudes - Equatorial Guinea,Source: Energy Intelligence,"COPYRIGHT © 2001-2021 ENERGY INTELLIGENCE GROUP, INC. / ENERGY INTELLIGENCE GROUP (UK) LIMITED.",2020,19.59
Equatorial Guinea,New Zafiro,Source: Energy Intelligence,"COPYRIGHT © 2001-2021 ENERGY INTELLIGENCE GROUP, INC. / ENERGY INTELLIGENCE GROUP (UK) LIMITED.",2020,63.01
Equatorial Guinea,Ceiba,Source: Energy Intelligence,"COPYRIGHT © 2001-2021 ENERGY INTELLIGENCE GROUP, INC. / ENERGY INTELLIGENCE GROUP (UK) LIMITED.",2020,37.95
Equatorial Guinea,Alba Condensate,Source: Energy Intelligence,"COPYRIGHT © 2001-2021 ENERGY INTELLIGENCE GROUP, INC. / ENERGY INTELLIGENCE GROUP (UK) LIMITED.",2020,21.83
Equatorial Guinea,Other Crudes - Equatorial Guinea,Source: Energy Intelligence,"COPYRIGHT © 2001-2021 ENERGY INTELLIGENCE GROUP, INC. / ENERGY INTELLIGENCE GROUP (UK) LIMITED.",2021,14.34
Equatorial Guinea,New Zafiro,Source: Energy Intelligence,"COPYRIGHT © 2001-2021 ENERGY INTELLIGENCE GROUP, INC. / ENERGY INTELLIGENCE GROUP (UK) LIMITED.",2021,52
Equatorial Guinea,Ceiba,Source: Energy Intelligence,"COPYRIGHT © 2001-2021 ENERGY INTELLIGENCE GROUP, INC. / ENERGY INTELLIGENCE GROUP (UK) LIMITED.",2021,35.5
Equatorial Guinea,Alba Condensate,Source: Energy Intelligence,"COPYRIGHT © 2001-2021 ENERGY INTELLIGENCE GROUP, INC. / ENERGY INTELLIGENCE GROUP (UK) LIMITED.",2021,17.46
Equatorial Guinea,Other Crudes - Equatorial Guinea,Source: Energy Intelligence,"COPYRIGHT © 2001-2021 ENERGY INTELLIGENCE GROUP, INC. / ENERGY INTELLIGENCE GROUP (UK) LIMITED.",2022,13.29
Equatorial Guinea,New Zafiro,Source: Energy Intelligence,"COPYRIGHT © 2001-2021 ENERGY INTELLIGENCE GROUP, INC. / ENERGY INTELLIGENCE GROUP (UK) LIMITED.",2022,38.36
Equatorial Guinea,Ceiba,Source: Energy Intelligence,"COPYRIGHT © 2001-2021 ENERGY INTELLIGENCE GROUP, INC. / ENERGY INTELLIGENCE GROUP (UK) LIMITED.",2022,29.32
Equatorial Guinea,Alba Condensate,Source: Energy Intelligence,"COPYRIGHT © 2001-2021 ENERGY INTELLIGENCE GROUP, INC. / ENERGY INTELLIGENCE GROUP (UK) LIMITED.",2022,15.87
Equatorial Guinea,Other Crudes - Equatorial Guinea,Source: Energy Intelligence,"COPYRIGHT © 2001-2021 ENERGY INTELLIGENCE GROUP, INC. / ENERGY INTELLIGENCE GROUP (UK) LIMITED.",2023,14.24
Equatorial Guinea,New Zafiro,Source: Energy Intelligence,"COPYRIGHT © 2001-2021 ENERGY INTELLIGENCE GROUP, INC. / ENERGY INTELLIGENCE GROUP (UK) LIMITED.",2023,13.7
Equatorial Guinea,Ceiba,Source: Energy Intelligence,"COPYRIGHT © 2001-2021 ENERGY INTELLIGENCE GROUP, INC. / ENERGY INTELLIGENCE GROUP (UK) LIMITED.",2023,24.4
Equatorial Guinea,Alba Condensate,Source: Energy Intelligence,"COPYRIGHT © 2001-2021 ENERGY INTELLIGENCE GROUP, INC. / ENERGY INTELLIGENCE GROUP (UK) LIMITED.",2023,14
Equatorial Guinea,Other Crudes - Equatorial Guinea,Source: Energy Intelligence,"COPYRIGHT © 2001-2021 ENERGY INTELLIGENCE GROUP, INC. / ENERGY INTELLIGENCE GROUP (UK) LIMITED.",2024,9
Equatorial Guinea,New Zafiro,Source: Energy Intelligence,"COPYRIGHT © 2001-2021 ENERGY INTELLIGENCE GROUP, INC. / ENERGY INTELLIGENCE GROUP (UK) LIMITED.",2024,17.8
Equatorial Guinea,Ceiba,Source: Energy Intelligence,"COPYRIGHT © 2001-2021 ENERGY INTELLIGENCE GROUP, INC. / ENERGY INTELLIGENCE GROUP (UK) LIMITED.",2024,28
Equatorial Guinea,Alba Condensate,Source: Energy Intelligence,"COPYRIGHT © 2001-2021 ENERGY INTELLIGENCE GROUP, INC. / ENERGY INTELLIGENCE GROUP (UK) LIMITED.",2024,13
Gabon,Rabi Light,Source: Energy Intelligence,"COPYRIGHT © 2001-2021 ENERGY INTELLIGENCE GROUP, INC. / ENERGY INTELLIGENCE GROUP (UK) LIMITED.",2006,60.13
Gabon,Rabi Blend,Source: Energy Intelligence,"COPYRIGHT © 2001-2021 ENERGY INTELLIGENCE GROUP, INC. / ENERGY INTELLIGENCE GROUP (UK) LIMITED.",2006,60
Gabon,Other Crudes - Gabon,Source: Energy Intelligence,"COPYRIGHT © 2001-2021 ENERGY INTELLIGENCE GROUP, INC. / ENERGY INTELLIGENCE GROUP (UK) LIMITED.",2006,36.74
Gabon,Mandji,Source: Energy Intelligence,"COPYRIGHT © 2001-2021 ENERGY INTELLIGENCE GROUP, INC. / ENERGY INTELLIGENCE GROUP (UK) LIMITED.",2006,34
Gabon,Rabi Light,Source: Energy Intelligence,"COPYRIGHT © 2001-2021 ENERGY INTELLIGENCE GROUP, INC. / ENERGY INTELLIGENCE GROUP (UK) LIMITED.",2007,60.24
Gabon,Rabi Blend,Source: Energy Intelligence,"COPYRIGHT © 2001-2021 ENERGY INTELLIGENCE GROUP, INC. / ENERGY INTELLIGENCE GROUP (UK) LIMITED.",2007,63
Gabon,Other Crudes - Gabon,Source: Energy Intelligence,"COPYRIGHT © 2001-2021 ENERGY INTELLIGENCE GROUP, INC. / ENERGY INTELLIGENCE GROUP (UK) LIMITED.",2007,46.84
Gabon,Mandji,Source: Energy Intelligence,"COPYRIGHT © 2001-2021 ENERGY INTELLIGENCE GROUP, INC. / ENERGY INTELLIGENCE GROUP (UK) LIMITED.",2007,27.6
Gabon,Rabi Light,Source: Energy Intelligence,"COPYRIGHT © 2001-2021 ENERGY INTELLIGENCE GROUP, INC. / ENERGY INTELLIGENCE GROUP (UK) LIMITED.",2008,65
Gabon,Rabi Blend,Source: Energy Intelligence,"COPYRIGHT © 2001-2021 ENERGY INTELLIGENCE GROUP, INC. / ENERGY INTELLIGENCE GROUP (UK) LIMITED.",2008,60
Gabon,Other Crudes - Gabon,Source: Energy Intelligence,"COPYRIGHT © 2001-2021 ENERGY INTELLIGENCE GROUP, INC. / ENERGY INTELLIGENCE GROUP (UK) LIMITED.",2008,49.25
Gabon,Mandji,Source: Energy Intelligence,"COPYRIGHT © 2001-2021 ENERGY INTELLIGENCE GROUP, INC. / ENERGY INTELLIGENCE GROUP (UK) LIMITED.",2008,18
Gabon,Rabi Light,Source: Energy Intelligence,"COPYRIGHT © 2001-2021 ENERGY INTELLIGENCE GROUP, INC. / ENERGY INTELLIGENCE GROUP (UK) LIMITED.",2009,59
Gabon,Rabi Blend,Source: Energy Intelligence,"COPYRIGHT © 2001-2021 ENERGY INTELLIGENCE GROUP, INC. / ENERGY INTELLIGENCE GROUP (UK) LIMITED.",2009,63
Gabon,Other Crudes - Gabon,Source: Energy Intelligence,"COPYRIGHT © 2001-2021 ENERGY INTELLIGENCE GROUP, INC. / ENERGY INTELLIGENCE GROUP (UK) LIMITED.",2009,56.71
Gabon,Mandji,Source: Energy Intelligence,"COPYRIGHT © 2001-2021 ENERGY INTELLIGENCE GROUP, INC. / ENERGY INTELLIGENCE GROUP (UK) LIMITED.",2009,12
Gabon,Rabi Light,Source: Energy Intelligence,"COPYRIGHT © 2001-2021 ENERGY INTELLIGENCE GROUP, INC. / ENERGY INTELLIGENCE GROUP (UK) LIMITED.",2010,52.13
Gabon,Rabi Blend,Source: Energy Intelligence,"COPYRIGHT © 2001-2021 ENERGY INTELLIGENCE GROUP, INC. / ENERGY INTELLIGENCE GROUP (UK) LIMITED.",2010,75
Gabon,Other Crudes - Gabon,Source: Energy Intelligence,"COPYRIGHT © 2001-2021 ENERGY INTELLIGENCE GROUP, INC. / ENERGY INTELLIGENCE GROUP (UK) LIMITED.",2010,70.36
Gabon,Rabi Light,Source: Energy Intelligence,"COPYRIGHT © 2001-2021 ENERGY INTELLIGENCE GROUP, INC. / ENERGY INTELLIGENCE GROUP (UK) LIMITED.",2011,45.86
Gabon,Rabi Blend,Source: Energy Intelligence,"COPYRIGHT © 2001-2021 ENERGY INTELLIGENCE GROUP, INC. / ENERGY INTELLIGENCE GROUP (UK) LIMITED.",2011,75.4
Gabon,Other Crudes - Gabon,Source: Energy Intelligence,"COPYRIGHT © 2001-2021 ENERGY INTELLIGENCE GROUP, INC. / ENERGY INTELLIGENCE GROUP (UK) LIMITED.",2011,79.06
Gabon,Rabi Light,Source: Energy Intelligence,"COPYRIGHT © 2001-2021 ENERGY INTELLIGENCE GROUP, INC. / ENERGY INTELLIGENCE GROUP (UK) LIMITED.",2012,55.6
Gabon,Rabi Blend,Source: Energy Intelligence,"COPYRIGHT © 2001-2021 ENERGY INTELLIGENCE GROUP, INC. / ENERGY INTELLIGENCE GROUP (UK) LIMITED.",2012,68.83
Gabon,Other Crudes - Gabon,Source: Energy Intelligence,"COPYRIGHT © 2001-2021 ENERGY INTELLIGENCE GROUP, INC. / ENERGY INTELLIGENCE GROUP (UK) LIMITED.",2012,61.79
Gabon,Rabi Light,Source: Energy Intelligence,"COPYRIGHT © 2001-2021 ENERGY INTELLIGENCE GROUP, INC. / ENERGY INTELLIGENCE GROUP (UK) LIMITED.",2013,46.33
Gabon,Rabi Blend,Source: Energy Intelligence,"COPYRIGHT © 2001-2021 ENERGY INTELLIGENCE GROUP, INC. / ENERGY INTELLIGENCE GROUP (UK) LIMITED.",2013,71.1
Gabon,Other Crudes - Gabon,Source: Energy Intelligence,"COPYRIGHT © 2001-2021 ENERGY INTELLIGENCE GROUP, INC. / ENERGY INTELLIGENCE GROUP (UK) LIMITED.",2013,56.59
Gabon,Rabi Light,Source: Energy Intelligence,"COPYRIGHT © 2001-2021 ENERGY INTELLIGENCE GROUP, INC. / ENERGY INTELLIGENCE GROUP (UK) LIMITED.",2014,43.56
Gabon,Rabi Blend,Source: Energy Intelligence,"COPYRIGHT © 2001-2021 ENERGY INTELLIGENCE GROUP, INC. / ENERGY INTELLIGENCE GROUP (UK) LIMITED.",2014,53.42
Gabon,Other Crudes - Gabon,Source: Energy Intelligence,"COPYRIGHT © 2001-2021 ENERGY INTELLIGENCE GROUP, INC. / ENERGY INTELLIGENCE GROUP (UK) LIMITED.",2014,23.42
Gabon,Mandji,Source: Energy Intelligence,"COPYRIGHT © 2001-2021 ENERGY INTELLIGENCE GROUP, INC. / ENERGY INTELLIGENCE GROUP (UK) LIMITED.",2014,44.6
Gabon,Rabi Light,Source: Energy Intelligence,"COPYRIGHT © 2001-2021 ENERGY INTELLIGENCE GROUP, INC. / ENERGY INTELLIGENCE GROUP (UK) LIMITED.",2015,24.4
Gabon,Rabi Blend,Source: Energy Intelligence,"COPYRIGHT © 2001-2021 ENERGY INTELLIGENCE GROUP, INC. / ENERGY INTELLIGENCE GROUP (UK) LIMITED.",2015,64.9
Gabon,Other Crudes - Gabon,Source: Energy Intelligence,"COPYRIGHT © 2001-2021 ENERGY INTELLIGENCE GROUP, INC. / ENERGY INTELLIGENCE GROUP (UK) LIMITED.",2015,4.95
Gabon,Oguendjo Blend,Source: Energy Intelligence,"COPYRIGHT © 2001-2021 ENERGY INTELLIGENCE GROUP, INC. / ENERGY INTELLIGENCE GROUP (UK) LIMITED.",2015,50
Gabon,Mandji,Source: Energy Intelligence,"COPYRIGHT © 2001-2021 ENERGY INTELLIGENCE GROUP, INC. / ENERGY INTELLIGENCE GROUP (UK) LIMITED.",2015,45.5
Gabon,Rabi Light,Source: Energy Intelligence,"COPYRIGHT © 2001-2021 ENERGY INTELLIGENCE GROUP, INC. / ENERGY INTELLIGENCE GROUP (UK) LIMITED.",2016,27.81
Gabon,Rabi Blend,Source: Energy Intelligence,"COPYRIGHT © 2001-2021 ENERGY INTELLIGENCE GROUP, INC. / ENERGY INTELLIGENCE GROUP (UK) LIMITED.",2016,66.8
Gabon,Other Crudes - Gabon,Source: Energy Intelligence,"COPYRIGHT © 2001-2021 ENERGY INTELLIGENCE GROUP, INC. / ENERGY INTELLIGENCE GROUP (UK) LIMITED.",2016,23.54
Gabon,Oguendjo Blend,Source: Energy Intelligence,"COPYRIGHT © 2001-2021 ENERGY INTELLIGENCE GROUP, INC. / ENERGY INTELLIGENCE GROUP (UK) LIMITED.",2016,50.2
Gabon,Mandji,Source: Energy Intelligence,"COPYRIGHT © 2001-2021 ENERGY INTELLIGENCE GROUP, INC. / ENERGY INTELLIGENCE GROUP (UK) LIMITED.",2016,45.1
Gabon,Rabi Light,Source: Energy Intelligence,"COPYRIGHT © 2001-2021 ENERGY INTELLIGENCE GROUP, INC. / ENERGY INTELLIGENCE GROUP (UK) LIMITED.",2017,27.4
Gabon,Rabi Blend,Source: Energy Intelligence,"COPYRIGHT © 2001-2021 ENERGY INTELLIGENCE GROUP, INC. / ENERGY INTELLIGENCE GROUP (UK) LIMITED.",2017,60
Gabon,Other Crudes - Gabon,Source: Energy Intelligence,"COPYRIGHT © 2001-2021 ENERGY INTELLIGENCE GROUP, INC. / ENERGY INTELLIGENCE GROUP (UK) LIMITED.",2017,13.4
Gabon,Oguendjo Blend,Source: Energy Intelligence,"COPYRIGHT © 2001-2021 ENERGY INTELLIGENCE GROUP, INC. / ENERGY INTELLIGENCE GROUP (UK) LIMITED.",2017,42.2
Gabon,Mandji,Source: Energy Intelligence,"COPYRIGHT © 2001-2021 ENERGY INTELLIGENCE GROUP, INC. / ENERGY INTELLIGENCE GROUP (UK) LIMITED.",2017,42
Gabon,Rabi Light,Source: Energy Intelligence,"COPYRIGHT © 2001-2021 ENERGY INTELLIGENCE GROUP, INC. / ENERGY INTELLIGENCE GROUP (UK) LIMITED.",2018,23.3
Gabon,Rabi Blend,Source: Energy Intelligence,"COPYRIGHT © 2001-2021 ENERGY INTELLIGENCE GROUP, INC. / ENERGY INTELLIGENCE GROUP (UK) LIMITED.",2018,54.1
Gabon,Other Crudes - Gabon,Source: Energy Intelligence,"COPYRIGHT © 2001-2021 ENERGY INTELLIGENCE GROUP, INC. / ENERGY INTELLIGENCE GROUP (UK) LIMITED.",2018,8.73
Gabon,Oguendjo Blend,Source: Energy Intelligence,"COPYRIGHT © 2001-2021 ENERGY INTELLIGENCE GROUP, INC. / ENERGY INTELLIGENCE GROUP (UK) LIMITED.",2018,43.2
Gabon,Mandji,Source: Energy Intelligence,"COPYRIGHT © 2001-2021 ENERGY INTELLIGENCE GROUP, INC. / ENERGY INTELLIGENCE GROUP (UK) LIMITED.",2018,37.2
Gabon,Dussafu,Source: Energy Intelligence,"COPYRIGHT © 2001-2021 ENERGY INTELLIGENCE GROUP, INC. / ENERGY INTELLIGENCE GROUP (UK) LIMITED.",2018,2.47
Gabon,Rabi Light,Source: Energy Intelligence,"COPYRIGHT © 2001-2021 ENERGY INTELLIGENCE GROUP, INC. / ENERGY INTELLIGENCE GROUP (UK) LIMITED.",2019,37.26
Gabon,Rabi Blend,Source: Energy Intelligence,"COPYRIGHT © 2001-2021 ENERGY INTELLIGENCE GROUP, INC. / ENERGY INTELLIGENCE GROUP (UK) LIMITED.",2019,52.6
Gabon,Other Crudes - Gabon,Source: Energy Intelligence,"COPYRIGHT © 2001-2021 ENERGY INTELLIGENCE GROUP, INC. / ENERGY INTELLIGENCE GROUP (UK) LIMITED.",2019,16.65
Gabon,Oguendjo Blend,Source: Energy Intelligence,"COPYRIGHT © 2001-2021 ENERGY INTELLIGENCE GROUP, INC. / ENERGY INTELLIGENCE GROUP (UK) LIMITED.",2019,46.33
Gabon,Mandji,Source: Energy Intelligence,"COPYRIGHT © 2001-2021 ENERGY INTELLIGENCE GROUP, INC. / ENERGY INTELLIGENCE GROUP (UK) LIMITED.",2019,36.79
Gabon,Dussafu,Source: Energy Intelligence,"COPYRIGHT © 2001-2021 ENERGY INTELLIGENCE GROUP, INC. / ENERGY INTELLIGENCE GROUP (UK) LIMITED.",2019,11.78
Gabon,Rabi Light,Source: Energy Intelligence,"COPYRIGHT © 2001-2021 ENERGY INTELLIGENCE GROUP, INC. / ENERGY INTELLIGENCE GROUP (UK) LIMITED.",2020,31.15
Gabon,Rabi Blend,Source: Energy Intelligence,"COPYRIGHT © 2001-2021 ENERGY INTELLIGENCE GROUP, INC. / ENERGY INTELLIGENCE GROUP (UK) LIMITED.",2020,61.45
Gabon,Other Crudes - Gabon,Source: Energy Intelligence,"COPYRIGHT © 2001-2021 ENERGY INTELLIGENCE GROUP, INC. / ENERGY INTELLIGENCE GROUP (UK) LIMITED.",2020,19.16
Gabon,Oguendjo Blend,Source: Energy Intelligence,"COPYRIGHT © 2001-2021 ENERGY INTELLIGENCE GROUP, INC. / ENERGY INTELLIGENCE GROUP (UK) LIMITED.",2020,39.37
Gabon,Mandji,Source: Energy Intelligence,"COPYRIGHT © 2001-2021 ENERGY INTELLIGENCE GROUP, INC. / ENERGY INTELLIGENCE GROUP (UK) LIMITED.",2020,23.31
Gabon,Dussafu,Source: Energy Intelligence,"COPYRIGHT © 2001-2021 ENERGY INTELLIGENCE GROUP, INC. / ENERGY INTELLIGENCE GROUP (UK) LIMITED.",2020,14.25
Gabon,Rabi Light,Source: Energy Intelligence,"COPYRIGHT © 2001-2021 ENERGY INTELLIGENCE GROUP, INC. / ENERGY INTELLIGENCE GROUP (UK) LIMITED.",2021,27.55
Gabon,Rabi Blend,Source: Energy Intelligence,"COPYRIGHT © 2001-2021 ENERGY INTELLIGENCE GROUP, INC. / ENERGY INTELLIGENCE GROUP (UK) LIMITED.",2021,48.85
Gabon,Other Crudes - Gabon,Source: Energy Intelligence,"COPYRIGHT © 2001-2021 ENERGY INTELLIGENCE GROUP, INC. / ENERGY INTELLIGENCE GROUP (UK) LIMITED.",2021,18.57
Gabon,Oguendjo Blend,Source: Energy Intelligence,"COPYRIGHT © 2001-2021 ENERGY INTELLIGENCE GROUP, INC. / ENERGY INTELLIGENCE GROUP (UK) LIMITED.",2021,41.64
Gabon,Mandji,Source: Energy Intelligence,"COPYRIGHT © 2001-2021 ENERGY INTELLIGENCE GROUP, INC. / ENERGY INTELLIGENCE GROUP (UK) LIMITED.",2021,31.2
Gabon,Dussafu,Source: Energy Intelligence,"COPYRIGHT © 2001-2021 ENERGY INTELLIGENCE GROUP, INC. / ENERGY INTELLIGENCE GROUP (UK) LIMITED.",2021,16
Gabon,Rabi Light,Source: Energy Intelligence,"COPYRIGHT © 2001-2021 ENERGY INTELLIGENCE GROUP, INC. / ENERGY INTELLIGENCE GROUP (UK) LIMITED.",2022,55.75
Gabon,Rabi Blend,Source: Energy Intelligence,"COPYRIGHT © 2001-2021 ENERGY INTELLIGENCE GROUP, INC. / ENERGY INTELLIGENCE GROUP (UK) LIMITED.",2022,48.52
Gabon,Other Crudes - Gabon,Source: Energy Intelligence,"COPYRIGHT © 2001-2021 ENERGY INTELLIGENCE GROUP, INC. / ENERGY INTELLIGENCE GROUP (UK) LIMITED.",2022,19.1
Gabon,Oguendjo Blend,Source: Energy Intelligence,"COPYRIGHT © 2001-2021 ENERGY INTELLIGENCE GROUP, INC. / ENERGY INTELLIGENCE GROUP (UK) LIMITED.",2022,10.96
Gabon,Mandji,Source: Energy Intelligence,"COPYRIGHT © 2001-2021 ENERGY INTELLIGENCE GROUP, INC. / ENERGY INTELLIGENCE GROUP (UK) LIMITED.",2022,47.59
Gabon,Dussafu,Source: Energy Intelligence,"COPYRIGHT © 2001-2021 ENERGY INTELLIGENCE GROUP, INC. / ENERGY INTELLIGENCE GROUP (UK) LIMITED.",2022,10.58
Gabon,Rabi Light,Source: Energy Intelligence,"COPYRIGHT © 2001-2021 ENERGY INTELLIGENCE GROUP, INC. / ENERGY INTELLIGENCE GROUP (UK) LIMITED.",2023,66.16
Gabon,Rabi Blend,Source: Energy Intelligence,"COPYRIGHT © 2001-2021 ENERGY INTELLIGENCE GROUP, INC. / ENERGY INTELLIGENCE GROUP (UK) LIMITED.",2023,44.8
Gabon,Other Crudes - Gabon,Source: Energy Intelligence,"COPYRIGHT © 2001-2021 ENERGY INTELLIGENCE GROUP, INC. / ENERGY INTELLIGENCE GROUP (UK) LIMITED.",2023,27.22
Gabon,Mandji,Source: Energy Intelligence,"COPYRIGHT © 2001-2021 ENERGY INTELLIGENCE GROUP, INC. / ENERGY INTELLIGENCE GROUP (UK) LIMITED.",2023,49.3
Gabon,Dussafu,Source: Energy Intelligence,"COPYRIGHT © 2001-2021 ENERGY INTELLIGENCE GROUP, INC. / ENERGY INTELLIGENCE GROUP (UK) LIMITED.",2023,12.9
Gabon,Rabi Light,Source: Energy Intelligence,"COPYRIGHT © 2001-2021 ENERGY INTELLIGENCE GROUP, INC. / ENERGY INTELLIGENCE GROUP (UK) LIMITED.",2024,65.08
Gabon,Rabi Blend,Source: Energy Intelligence,"COPYRIGHT © 2001-2021 ENERGY INTELLIGENCE GROUP, INC. / ENERGY INTELLIGENCE GROUP (UK) LIMITED.",2024,44.31
Gabon,Other Crudes - Gabon,Source: Energy Intelligence,"COPYRIGHT © 2001-2021 ENERGY INTELLIGENCE GROUP, INC. / ENERGY INTELLIGENCE GROUP (UK) LIMITED.",2024,26.93
Gabon,Mandji,Source: Energy Intelligence,"COPYRIGHT © 2001-2021 ENERGY INTELLIGENCE GROUP, INC. / ENERGY INTELLIGENCE GROUP (UK) LIMITED.",2024,48.97
Gabon,Dussafu,Source: Energy Intelligence,"COPYRIGHT © 2001-2021 ENERGY INTELLIGENCE GROUP, INC. / ENERGY INTELLIGENCE GROUP (UK) LIMITED.",2024,12.7
Ghana,Other Crudes - Ghana,Source: Energy Intelligence,"COPYRIGHT © 2001-2021 ENERGY INTELLIGENCE GROUP, INC. / ENERGY INTELLIGENCE GROUP (UK) LIMITED.",2007,0
Ghana,Other Crudes - Ghana,Source: Energy Intelligence,"COPYRIGHT © 2001-2021 ENERGY INTELLIGENCE GROUP, INC. / ENERGY INTELLIGENCE GROUP (UK) LIMITED.",2008,0
Ghana,Other Crudes - Ghana,Source: Energy Intelligence,"COPYRIGHT © 2001-2021 ENERGY INTELLIGENCE GROUP, INC. / ENERGY INTELLIGENCE GROUP (UK) LIMITED.",2009,0
Ghana,Other Crudes - Ghana,Source: Energy Intelligence,"COPYRIGHT © 2001-2021 ENERGY INTELLIGENCE GROUP, INC. / ENERGY INTELLIGENCE GROUP (UK) LIMITED.",2010,0
Ghana,Jubilee,Source: Energy Intelligence,"COPYRIGHT © 2001-2021 ENERGY INTELLIGENCE GROUP, INC. / ENERGY INTELLIGENCE GROUP (UK) LIMITED.",2010,0
Ghana,Other Crudes - Ghana,Source: Energy Intelligence,"COPYRIGHT © 2001-2021 ENERGY INTELLIGENCE GROUP, INC. / ENERGY INTELLIGENCE GROUP (UK) LIMITED.",2011,0
Ghana,Jubilee,Source: Energy Intelligence,"COPYRIGHT © 2001-2021 ENERGY INTELLIGENCE GROUP, INC. / ENERGY INTELLIGENCE GROUP (UK) LIMITED.",2011,65.42
Ghana,Other Crudes - Ghana,Source: Energy Intelligence,"COPYRIGHT © 2001-2021 ENERGY INTELLIGENCE GROUP, INC. / ENERGY INTELLIGENCE GROUP (UK) LIMITED.",2012,0
Ghana,Jubilee,Source: Energy Intelligence,"COPYRIGHT © 2001-2021 ENERGY INTELLIGENCE GROUP, INC. / ENERGY INTELLIGENCE GROUP (UK) LIMITED.",2012,71.01
Ghana,Other Crudes - Ghana,Source: Energy Intelligence,"COPYRIGHT © 2001-2021 ENERGY INTELLIGENCE GROUP, INC. / ENERGY INTELLIGENCE GROUP (UK) LIMITED.",2013,0
Ghana,Jubilee,Source: Energy Intelligence,"COPYRIGHT © 2001-2021 ENERGY INTELLIGENCE GROUP, INC. / ENERGY INTELLIGENCE GROUP (UK) LIMITED.",2013,97.15
Ghana,Other Crudes - Ghana,Source: Energy Intelligence,"COPYRIGHT © 2001-2021 ENERGY INTELLIGENCE GROUP, INC. / ENERGY INTELLIGENCE GROUP (UK) LIMITED.",2014,0.05
Ghana,Jubilee,Source: Energy Intelligence,"COPYRIGHT © 2001-2021 ENERGY INTELLIGENCE GROUP, INC. / ENERGY INTELLIGENCE GROUP (UK) LIMITED.",2014,99.5
Ghana,Other Crudes - Ghana,Source: Energy Intelligence,"COPYRIGHT © 2001-2021 ENERGY INTELLIGENCE GROUP, INC. / ENERGY INTELLIGENCE GROUP (UK) LIMITED.",2015,0
Ghana,Jubilee,Source: Energy Intelligence,"COPYRIGHT © 2001-2021 ENERGY INTELLIGENCE GROUP, INC. / ENERGY INTELLIGENCE GROUP (UK) LIMITED.",2015,106.71
Ghana,TEN,Source: Energy Intelligence,"COPYRIGHT © 2001-2021 ENERGY INTELLIGENCE GROUP, INC. / ENERGY INTELLIGENCE GROUP (UK) LIMITED.",2016,11.87
Ghana,Other Crudes - Ghana,Source: Energy Intelligence,"COPYRIGHT © 2001-2021 ENERGY INTELLIGENCE GROUP, INC. / ENERGY INTELLIGENCE GROUP (UK) LIMITED.",2016,0
Ghana,Jubilee,Source: Energy Intelligence,"COPYRIGHT © 2001-2021 ENERGY INTELLIGENCE GROUP, INC. / ENERGY INTELLIGENCE GROUP (UK) LIMITED.",2016,77.87
Ghana,TEN,Source: Energy Intelligence,"COPYRIGHT © 2001-2021 ENERGY INTELLIGENCE GROUP, INC. / ENERGY INTELLIGENCE GROUP (UK) LIMITED.",2017,52.74
Ghana,Sankofa,Source: Energy Intelligence,"COPYRIGHT © 2001-2021 ENERGY INTELLIGENCE GROUP, INC. / ENERGY INTELLIGENCE GROUP (UK) LIMITED.",2017,13.01
Ghana,Jubilee,Source: Energy Intelligence,"COPYRIGHT © 2001-2021 ENERGY INTELLIGENCE GROUP, INC. / ENERGY INTELLIGENCE GROUP (UK) LIMITED.",2017,85.07
Ghana,TEN,Source: Energy Intelligence,"COPYRIGHT © 2001-2021 ENERGY INTELLIGENCE GROUP, INC. / ENERGY INTELLIGENCE GROUP (UK) LIMITED.",2018,59.87
Ghana,Sankofa,Source: Energy Intelligence,"COPYRIGHT © 2001-2021 ENERGY INTELLIGENCE GROUP, INC. / ENERGY INTELLIGENCE GROUP (UK) LIMITED.",2018,28.63
Ghana,Other Crudes - Ghana,Source: Energy Intelligence,"COPYRIGHT © 2001-2021 ENERGY INTELLIGENCE GROUP, INC. / ENERGY INTELLIGENCE GROUP (UK) LIMITED.",2018,0
Ghana,Jubilee,Source: Energy Intelligence,"COPYRIGHT © 2001-2021 ENERGY INTELLIGENCE GROUP, INC. / ENERGY INTELLIGENCE GROUP (UK) LIMITED.",2018,80.68
Ghana,TEN,Source: Energy Intelligence,"COPYRIGHT © 2001-2021 ENERGY INTELLIGENCE GROUP, INC. / ENERGY INTELLIGENCE GROUP (UK) LIMITED.",2019,62.47
Ghana,Sankofa,Source: Energy Intelligence,"COPYRIGHT © 2001-2021 ENERGY INTELLIGENCE GROUP, INC. / ENERGY INTELLIGENCE GROUP (UK) LIMITED.",2019,41.64
Ghana,Other Crudes - Ghana,Source: Energy Intelligence,"COPYRIGHT © 2001-2021 ENERGY INTELLIGENCE GROUP, INC. / ENERGY INTELLIGENCE GROUP (UK) LIMITED.",2019,0
Ghana,Jubilee,Source: Energy Intelligence,"COPYRIGHT © 2001-2021 ENERGY INTELLIGENCE GROUP, INC. / ENERGY INTELLIGENCE GROUP (UK) LIMITED.",2019,88.49
Ghana,TEN,Source: Energy Intelligence,"COPYRIGHT © 2001-2021 ENERGY INTELLIGENCE GROUP, INC. / ENERGY INTELLIGENCE GROUP (UK) LIMITED.",2020,49.3
Ghana,Sankofa,Source: Energy Intelligence,"COPYRIGHT © 2001-2021 ENERGY INTELLIGENCE GROUP, INC. / ENERGY INTELLIGENCE GROUP (UK) LIMITED.",2020,49.3
Ghana,Other Crudes - Ghana,Source: Energy Intelligence,"COPYRIGHT © 2001-2021 ENERGY INTELLIGENCE GROUP, INC. / ENERGY INTELLIGENCE GROUP (UK) LIMITED.",2020,0
Ghana,Jubilee,Source: Energy Intelligence,"COPYRIGHT © 2001-2021 ENERGY INTELLIGENCE GROUP, INC. / ENERGY INTELLIGENCE GROUP (UK) LIMITED.",2020,80.46
Ghana,TEN,Source: Energy Intelligence,"COPYRIGHT © 2001-2021 ENERGY INTELLIGENCE GROUP, INC. / ENERGY INTELLIGENCE GROUP (UK) LIMITED.",2021,28.63
Ghana,Sankofa,Source: Energy Intelligence,"COPYRIGHT © 2001-2021 ENERGY INTELLIGENCE GROUP, INC. / ENERGY INTELLIGENCE GROUP (UK) LIMITED.",2021,44.25
Ghana,Other Crudes - Ghana,Source: Energy Intelligence,"COPYRIGHT © 2001-2021 ENERGY INTELLIGENCE GROUP, INC. / ENERGY INTELLIGENCE GROUP (UK) LIMITED.",2021,0
Ghana,Jubilee,Source: Energy Intelligence,"COPYRIGHT © 2001-2021 ENERGY INTELLIGENCE GROUP, INC. / ENERGY INTELLIGENCE GROUP (UK) LIMITED.",2021,72.87
Ghana,TEN,Source: Energy Intelligence,"COPYRIGHT © 2001-2021 ENERGY INTELLIGENCE GROUP, INC. / ENERGY INTELLIGENCE GROUP (UK) LIMITED.",2022,23.42
Ghana,Sankofa,Source: Energy Intelligence,"COPYRIGHT © 2001-2021 ENERGY INTELLIGENCE GROUP, INC. / ENERGY INTELLIGENCE GROUP (UK) LIMITED.",2022,33.84
Ghana,Other Crudes - Ghana,Source: Energy Intelligence,"COPYRIGHT © 2001-2021 ENERGY INTELLIGENCE GROUP, INC. / ENERGY INTELLIGENCE GROUP (UK) LIMITED.",2022,0
Ghana,Jubilee,Source: Energy Intelligence,"COPYRIGHT © 2001-2021 ENERGY INTELLIGENCE GROUP, INC. / ENERGY INTELLIGENCE GROUP (UK) LIMITED.",2022,80.68
Ghana,TEN,Source: Energy Intelligence,"COPYRIGHT © 2001-2021 ENERGY INTELLIGENCE GROUP, INC. / ENERGY INTELLIGENCE GROUP (UK) LIMITED.",2023,7.85
Ghana,Sankofa,Source: Energy Intelligence,"COPYRIGHT © 2001-2021 ENERGY INTELLIGENCE GROUP, INC. / ENERGY INTELLIGENCE GROUP (UK) LIMITED.",2023,28.63
Ghana,Other Crudes - Ghana,Source: Energy Intelligence,"COPYRIGHT © 2001-2021 ENERGY INTELLIGENCE GROUP, INC. / ENERGY INTELLIGENCE GROUP (UK) LIMITED.",2023,0
Ghana,Jubilee,Source: Energy Intelligence,"COPYRIGHT © 2001-2021 ENERGY INTELLIGENCE GROUP, INC. / ENERGY INTELLIGENCE GROUP (UK) LIMITED.",2023,83.29
Ghana,TEN,Source: Energy Intelligence,"COPYRIGHT © 2001-2021 ENERGY INTELLIGENCE GROUP, INC. / ENERGY INTELLIGENCE GROUP (UK) LIMITED.",2024,18.6
Ghana,Sankofa,Source: Energy Intelligence,"COPYRIGHT © 2001-2021 ENERGY INTELLIGENCE GROUP, INC. / ENERGY INTELLIGENCE GROUP (UK) LIMITED.",2024,30
Ghana,Other Crudes - Ghana,Source: Energy Intelligence,"COPYRIGHT © 2001-2021 ENERGY INTELLIGENCE GROUP, INC. / ENERGY INTELLIGENCE GROUP (UK) LIMITED.",2024,7.4
Ghana,Jubilee,Source: Energy Intelligence,"COPYRIGHT © 2001-2021 ENERGY INTELLIGENCE GROUP, INC. / ENERGY INTELLIGENCE GROUP (UK) LIMITED.",2024,71
Guyana,Liza,Source: Energy Intelligence,"COPYRIGHT © 2001-2021 ENERGY INTELLIGENCE GROUP, INC. / ENERGY INTELLIGENCE GROUP (UK) LIMITED.",2019,0
Guyana,Liza,Source: Energy Intelligence,"COPYRIGHT © 2001-2021 ENERGY INTELLIGENCE GROUP, INC. / ENERGY INTELLIGENCE GROUP (UK) LIMITED.",2020,74.64
Guyana,Liza,Source: Energy Intelligence,"COPYRIGHT © 2001-2021 ENERGY INTELLIGENCE GROUP, INC. / ENERGY INTELLIGENCE GROUP (UK) LIMITED.",2021,113.3
Guyana,Unity Gold,Source: Energy Intelligence,"COPYRIGHT © 2001-2021 ENERGY INTELLIGENCE GROUP, INC. / ENERGY INTELLIGENCE GROUP (UK) LIMITED.",2022,150
Guyana,Liza,Source: Energy Intelligence,"COPYRIGHT © 2001-2021 ENERGY INTELLIGENCE GROUP, INC. / ENERGY INTELLIGENCE GROUP (UK) LIMITED.",2022,128
Guyana,Unity Gold,Source: Energy Intelligence,"COPYRIGHT © 2001-2021 ENERGY INTELLIGENCE GROUP, INC. / ENERGY INTELLIGENCE GROUP (UK) LIMITED.",2023,235
Guyana,Payara Gold,Source: Energy Intelligence,"COPYRIGHT © 2001-2021 ENERGY INTELLIGENCE GROUP, INC. / ENERGY INTELLIGENCE GROUP (UK) LIMITED.",2023,14
Guyana,Liza,Source: Energy Intelligence,"COPYRIGHT © 2001-2021 ENERGY INTELLIGENCE GROUP, INC. / ENERGY INTELLIGENCE GROUP (UK) LIMITED.",2023,142
Guyana,Unity Gold,Source: Energy Intelligence,"COPYRIGHT © 2001-2021 ENERGY INTELLIGENCE GROUP, INC. / ENERGY INTELLIGENCE GROUP (UK) LIMITED.",2024,231.6
Guyana,Payara Gold,Source: Energy Intelligence,"COPYRIGHT © 2001-2021 ENERGY INTELLIGENCE GROUP, INC. / ENERGY INTELLIGENCE GROUP (UK) LIMITED.",2024,235.5
Guyana,Liza,Source: Energy Intelligence,"COPYRIGHT © 2001-2021 ENERGY INTELLIGENCE GROUP, INC. / ENERGY INTELLIGENCE GROUP (UK) LIMITED.",2024,149
Indonesia,Other Crudes - Indonesia,Source: Energy Intelligence,"COPYRIGHT © 2001-2021 ENERGY INTELLIGENCE GROUP, INC. / ENERGY INTELLIGENCE GROUP (UK) LIMITED.",2006,123.7
Indonesia,Minas,Source: Energy Intelligence,"COPYRIGHT © 2001-2021 ENERGY INTELLIGENCE GROUP, INC. / ENERGY INTELLIGENCE GROUP (UK) LIMITED.",2006,113.6
Indonesia,Duri,Source: Energy Intelligence,"COPYRIGHT © 2001-2021 ENERGY INTELLIGENCE GROUP, INC. / ENERGY INTELLIGENCE GROUP (UK) LIMITED.",2006,62.7
Indonesia,Belanak,Source: Energy Intelligence,"COPYRIGHT © 2001-2021 ENERGY INTELLIGENCE GROUP, INC. / ENERGY INTELLIGENCE GROUP (UK) LIMITED.",2006,20
Indonesia,Ardjuna,Source: Energy Intelligence,"COPYRIGHT © 2001-2021 ENERGY INTELLIGENCE GROUP, INC. / ENERGY INTELLIGENCE GROUP (UK) LIMITED.",2006,0
Indonesia,Other Crudes - Indonesia,Source: Energy Intelligence,"COPYRIGHT © 2001-2021 ENERGY INTELLIGENCE GROUP, INC. / ENERGY INTELLIGENCE GROUP (UK) LIMITED.",2007,146.5
Indonesia,Minas,Source: Energy Intelligence,"COPYRIGHT © 2001-2021 ENERGY INTELLIGENCE GROUP, INC. / ENERGY INTELLIGENCE GROUP (UK) LIMITED.",2007,102
Indonesia,Duri,Source: Energy Intelligence,"COPYRIGHT © 2001-2021 ENERGY INTELLIGENCE GROUP, INC. / ENERGY INTELLIGENCE GROUP (UK) LIMITED.",2007,59.5
Indonesia,Belanak,Source: Energy Intelligence,"COPYRIGHT © 2001-2021 ENERGY INTELLIGENCE GROUP, INC. / ENERGY INTELLIGENCE GROUP (UK) LIMITED.",2007,40
Indonesia,Other Crudes - Indonesia,Source: Energy Intelligence,"COPYRIGHT © 2001-2021 ENERGY INTELLIGENCE GROUP, INC. / ENERGY INTELLIGENCE GROUP (UK) LIMITED.",2008,154.65
Indonesia,Minas,Source: Energy Intelligence,"COPYRIGHT © 2001-2021 ENERGY INTELLIGENCE GROUP, INC. / ENERGY INTELLIGENCE GROUP (UK) LIMITED.",2008,73.85
Indonesia,Duri,Source: Energy Intelligence,"COPYRIGHT © 2001-2021 ENERGY INTELLIGENCE GROUP, INC. / ENERGY INTELLIGENCE GROUP (UK) LIMITED.",2008,64.5
Indonesia,Belanak,Source: Energy Intelligence,"COPYRIGHT © 2001-2021 ENERGY INTELLIGENCE GROUP, INC. / ENERGY INTELLIGENCE GROUP (UK) LIMITED.",2008,55
Indonesia,Other Crudes - Indonesia,Source: Energy Intelligence,"COPYRIGHT © 2001-2021 ENERGY INTELLIGENCE GROUP, INC. / ENERGY INTELLIGENCE GROUP (UK) LIMITED.",2009,182.55
Indonesia,Minas,Source: Energy Intelligence,"COPYRIGHT © 2001-2021 ENERGY INTELLIGENCE GROUP, INC. / ENERGY INTELLIGENCE GROUP (UK) LIMITED.",2009,75
Indonesia,Duri,Source: Energy Intelligence,"COPYRIGHT © 2001-2021 ENERGY INTELLIGENCE GROUP, INC. / ENERGY INTELLIGENCE GROUP (UK) LIMITED.",2009,61
Indonesia,Belanak,Source: Energy Intelligence,"COPYRIGHT © 2001-2021 ENERGY INTELLIGENCE GROUP, INC. / ENERGY INTELLIGENCE GROUP (UK) LIMITED.",2009,43
Indonesia,Other Crudes - Indonesia,Source: Energy Intelligence,"COPYRIGHT © 2001-2021 ENERGY INTELLIGENCE GROUP, INC. / ENERGY INTELLIGENCE GROUP (UK) LIMITED.",2010,197.72
Indonesia,Minas,Source: Energy Intelligence,"COPYRIGHT © 2001-2021 ENERGY INTELLIGENCE GROUP, INC. / ENERGY INTELLIGENCE GROUP (UK) LIMITED.",2010,65
Indonesia,Duri,Source: Energy Intelligence,"COPYRIGHT © 2001-2021 ENERGY INTELLIGENCE GROUP, INC. / ENERGY INTELLIGENCE GROUP (UK) LIMITED.",2010,62
Indonesia,Belanak,Source: Energy Intelligence,"COPYRIGHT © 2001-2021 ENERGY INTELLIGENCE GROUP, INC. / ENERGY INTELLIGENCE GROUP (UK) LIMITED.",2010,43.7
Indonesia,Other Crudes - Indonesia,Source: Energy Intelligence,"COPYRIGHT © 2001-2021 ENERGY INTELLIGENCE GROUP, INC. / ENERGY INTELLIGENCE GROUP (UK) LIMITED.",2011,188.43
Indonesia,Minas,Source: Energy Intelligence,"COPYRIGHT © 2001-2021 ENERGY INTELLIGENCE GROUP, INC. / ENERGY INTELLIGENCE GROUP (UK) LIMITED.",2011,75
Indonesia,Duri,Source: Energy Intelligence,"COPYRIGHT © 2001-2021 ENERGY INTELLIGENCE GROUP, INC. / ENERGY INTELLIGENCE GROUP (UK) LIMITED.",2011,65
Indonesia,Belanak,Source: Energy Intelligence,"COPYRIGHT © 2001-2021 ENERGY INTELLIGENCE GROUP, INC. / ENERGY INTELLIGENCE GROUP (UK) LIMITED.",2011,43
Indonesia,Other Crudes - Indonesia,Source: Energy Intelligence,"COPYRIGHT © 2001-2021 ENERGY INTELLIGENCE GROUP, INC. / ENERGY INTELLIGENCE GROUP (UK) LIMITED.",2012,97.94
Indonesia,Minas,Source: Energy Intelligence,"COPYRIGHT © 2001-2021 ENERGY INTELLIGENCE GROUP, INC. / ENERGY INTELLIGENCE GROUP (UK) LIMITED.",2012,85
Indonesia,Duri,Source: Energy Intelligence,"COPYRIGHT © 2001-2021 ENERGY INTELLIGENCE GROUP, INC. / ENERGY INTELLIGENCE GROUP (UK) LIMITED.",2012,65
Indonesia,Belanak,Source: Energy Intelligence,"COPYRIGHT © 2001-2021 ENERGY INTELLIGENCE GROUP, INC. / ENERGY INTELLIGENCE GROUP (UK) LIMITED.",2012,43
Indonesia,Other Crudes - Indonesia,Source: Energy Intelligence,"COPYRIGHT © 2001-2021 ENERGY INTELLIGENCE GROUP, INC. / ENERGY INTELLIGENCE GROUP (UK) LIMITED.",2013,90.62
Indonesia,Minas,Source: Energy Intelligence,"COPYRIGHT © 2001-2021 ENERGY INTELLIGENCE GROUP, INC. / ENERGY INTELLIGENCE GROUP (UK) LIMITED.",2013,80
Indonesia,Duri,Source: Energy Intelligence,"COPYRIGHT © 2001-2021 ENERGY INTELLIGENCE GROUP, INC. / ENERGY INTELLIGENCE GROUP (UK) LIMITED.",2013,65
Indonesia,Cepu,Source: Energy Intelligence,"COPYRIGHT © 2001-2021 ENERGY INTELLIGENCE GROUP, INC. / ENERGY INTELLIGENCE GROUP (UK) LIMITED.",2013,11.38
Indonesia,Belanak,Source: Energy Intelligence,"COPYRIGHT © 2001-2021 ENERGY INTELLIGENCE GROUP, INC. / ENERGY INTELLIGENCE GROUP (UK) LIMITED.",2013,40
Indonesia,Other Crudes - Indonesia,Source: Energy Intelligence,"COPYRIGHT © 2001-2021 ENERGY INTELLIGENCE GROUP, INC. / ENERGY INTELLIGENCE GROUP (UK) LIMITED.",2014,76.01
Indonesia,Minas,Source: Energy Intelligence,"COPYRIGHT © 2001-2021 ENERGY INTELLIGENCE GROUP, INC. / ENERGY INTELLIGENCE GROUP (UK) LIMITED.",2014,75
Indonesia,Duri,Source: Energy Intelligence,"COPYRIGHT © 2001-2021 ENERGY INTELLIGENCE GROUP, INC. / ENERGY INTELLIGENCE GROUP (UK) LIMITED.",2014,55
Indonesia,Cepu,Source: Energy Intelligence,"COPYRIGHT © 2001-2021 ENERGY INTELLIGENCE GROUP, INC. / ENERGY INTELLIGENCE GROUP (UK) LIMITED.",2014,18
Indonesia,Belanak,Source: Energy Intelligence,"COPYRIGHT © 2001-2021 ENERGY INTELLIGENCE GROUP, INC. / ENERGY INTELLIGENCE GROUP (UK) LIMITED.",2014,31
Indonesia,Other Crudes - Indonesia,Source: Energy Intelligence,"COPYRIGHT © 2001-2021 ENERGY INTELLIGENCE GROUP, INC. / ENERGY INTELLIGENCE GROUP (UK) LIMITED.",2015,136.74
Indonesia,Minas,Source: Energy Intelligence,"COPYRIGHT © 2001-2021 ENERGY INTELLIGENCE GROUP, INC. / ENERGY INTELLIGENCE GROUP (UK) LIMITED.",2015,66.18
Indonesia,Duri,Source: Energy Intelligence,"COPYRIGHT © 2001-2021 ENERGY INTELLIGENCE GROUP, INC. / ENERGY INTELLIGENCE GROUP (UK) LIMITED.",2015,46
Indonesia,Cepu,Source: Energy Intelligence,"COPYRIGHT © 2001-2021 ENERGY INTELLIGENCE GROUP, INC. / ENERGY INTELLIGENCE GROUP (UK) LIMITED.",2015,43.2
Indonesia,Belanak,Source: Energy Intelligence,"COPYRIGHT © 2001-2021 ENERGY INTELLIGENCE GROUP, INC. / ENERGY INTELLIGENCE GROUP (UK) LIMITED.",2015,23
Indonesia,Other Crudes - Indonesia,Source: Energy Intelligence,"COPYRIGHT © 2001-2021 ENERGY INTELLIGENCE GROUP, INC. / ENERGY INTELLIGENCE GROUP (UK) LIMITED.",2016,137.6
Indonesia,Minas,Source: Energy Intelligence,"COPYRIGHT © 2001-2021 ENERGY INTELLIGENCE GROUP, INC. / ENERGY INTELLIGENCE GROUP (UK) LIMITED.",2016,58.4
Indonesia,Duri,Source: Energy Intelligence,"COPYRIGHT © 2001-2021 ENERGY INTELLIGENCE GROUP, INC. / ENERGY INTELLIGENCE GROUP (UK) LIMITED.",2016,56
Indonesia,Cepu,Source: Energy Intelligence,"COPYRIGHT © 2001-2021 ENERGY INTELLIGENCE GROUP, INC. / ENERGY INTELLIGENCE GROUP (UK) LIMITED.",2016,72
Indonesia,Belanak,Source: Energy Intelligence,"COPYRIGHT © 2001-2021 ENERGY INTELLIGENCE GROUP, INC. / ENERGY INTELLIGENCE GROUP (UK) LIMITED.",2016,19
Indonesia,Other Crudes - Indonesia,Source: Energy Intelligence,"COPYRIGHT © 2001-2021 ENERGY INTELLIGENCE GROUP, INC. / ENERGY INTELLIGENCE GROUP (UK) LIMITED.",2017,59.6
Indonesia,Minas,Source: Energy Intelligence,"COPYRIGHT © 2001-2021 ENERGY INTELLIGENCE GROUP, INC. / ENERGY INTELLIGENCE GROUP (UK) LIMITED.",2017,63
Indonesia,Duri,Source: Energy Intelligence,"COPYRIGHT © 2001-2021 ENERGY INTELLIGENCE GROUP, INC. / ENERGY INTELLIGENCE GROUP (UK) LIMITED.",2017,50
Indonesia,Cepu,Source: Energy Intelligence,"COPYRIGHT © 2001-2021 ENERGY INTELLIGENCE GROUP, INC. / ENERGY INTELLIGENCE GROUP (UK) LIMITED.",2017,90
Indonesia,Belanak,Source: Energy Intelligence,"COPYRIGHT © 2001-2021 ENERGY INTELLIGENCE GROUP, INC. / ENERGY INTELLIGENCE GROUP (UK) LIMITED.",2017,18.4
Indonesia,Other Crudes - Indonesia,Source: Energy Intelligence,"COPYRIGHT © 2001-2021 ENERGY INTELLIGENCE GROUP, INC. / ENERGY INTELLIGENCE GROUP (UK) LIMITED.",2018,14.58
Indonesia,Minas,Source: Energy Intelligence,"COPYRIGHT © 2001-2021 ENERGY INTELLIGENCE GROUP, INC. / ENERGY INTELLIGENCE GROUP (UK) LIMITED.",2018,58
Indonesia,Duri,Source: Energy Intelligence,"COPYRIGHT © 2001-2021 ENERGY INTELLIGENCE GROUP, INC. / ENERGY INTELLIGENCE GROUP (UK) LIMITED.",2018,20
Indonesia,Cepu,Source: Energy Intelligence,"COPYRIGHT © 2001-2021 ENERGY INTELLIGENCE GROUP, INC. / ENERGY INTELLIGENCE GROUP (UK) LIMITED.",2018,94.5
Indonesia,Belanak,Source: Energy Intelligence,"COPYRIGHT © 2001-2021 ENERGY INTELLIGENCE GROUP, INC. / ENERGY INTELLIGENCE GROUP (UK) LIMITED.",2018,16.95
Indonesia,Other Crudes - Indonesia,Source: Energy Intelligence,"COPYRIGHT © 2001-2021 ENERGY INTELLIGENCE GROUP, INC. / ENERGY INTELLIGENCE GROUP (UK) LIMITED.",2019,1.42
Indonesia,Minas,Source: Energy Intelligence,"COPYRIGHT © 2001-2021 ENERGY INTELLIGENCE GROUP, INC. / ENERGY INTELLIGENCE GROUP (UK) LIMITED.",2019,6
Indonesia,Duri,Source: Energy Intelligence,"COPYRIGHT © 2001-2021 ENERGY INTELLIGENCE GROUP, INC. / ENERGY INTELLIGENCE GROUP (UK) LIMITED.",2019,3
Indonesia,Cepu,Source: Energy Intelligence,"COPYRIGHT © 2001-2021 ENERGY INTELLIGENCE GROUP, INC. / ENERGY INTELLIGENCE GROUP (UK) LIMITED.",2019,60.03
Indonesia,Other Crudes - Indonesia,Source: Energy Intelligence,"COPYRIGHT © 2001-2021 ENERGY INTELLIGENCE GROUP, INC. / ENERGY INTELLIGENCE GROUP (UK) LIMITED.",2020,11.36
Indonesia,Minas,Source: Energy Intelligence,"COPYRIGHT © 2001-2021 ENERGY INTELLIGENCE GROUP, INC. / ENERGY INTELLIGENCE GROUP (UK) LIMITED.",2020,7
Indonesia,Duri,Source: Energy Intelligence,"COPYRIGHT © 2001-2021 ENERGY INTELLIGENCE GROUP, INC. / ENERGY INTELLIGENCE GROUP (UK) LIMITED.",2020,0
Indonesia,Cepu,Source: Energy Intelligence,"COPYRIGHT © 2001-2021 ENERGY INTELLIGENCE GROUP, INC. / ENERGY INTELLIGENCE GROUP (UK) LIMITED.",2020,75
Indonesia,Other Crudes - Indonesia,Source: Energy Intelligence,"COPYRIGHT © 2001-2021 ENERGY INTELLIGENCE GROUP, INC. / ENERGY INTELLIGENCE GROUP (UK) LIMITED.",2021,0
Indonesia,Minas,Source: Energy Intelligence,"COPYRIGHT © 2001-2021 ENERGY INTELLIGENCE GROUP, INC. / ENERGY INTELLIGENCE GROUP (UK) LIMITED.",2021,19
Indonesia,Duri,Source: Energy Intelligence,"COPYRIGHT © 2001-2021 ENERGY INTELLIGENCE GROUP, INC. / ENERGY INTELLIGENCE GROUP (UK) LIMITED.",2021,0.68
Indonesia,Cepu,Source: Energy Intelligence,"COPYRIGHT © 2001-2021 ENERGY INTELLIGENCE GROUP, INC. / ENERGY INTELLIGENCE GROUP (UK) LIMITED.",2021,108.85
Indonesia,Other Crudes - Indonesia,Source: Energy Intelligence,"COPYRIGHT © 2001-2021 ENERGY INTELLIGENCE GROUP, INC. / ENERGY INTELLIGENCE GROUP (UK) LIMITED.",2022,29.41
Indonesia,Minas,Source: Energy Intelligence,"COPYRIGHT © 2001-2021 ENERGY INTELLIGENCE GROUP, INC. / ENERGY INTELLIGENCE GROUP (UK) LIMITED.",2022,0.25
Indonesia,Duri,Source: Energy Intelligence,"COPYRIGHT © 2001-2021 ENERGY INTELLIGENCE GROUP, INC. / ENERGY INTELLIGENCE GROUP (UK) LIMITED.",2022,0
Indonesia,Cepu,Source: Energy Intelligence,"COPYRIGHT © 2001-2021 ENERGY INTELLIGENCE GROUP, INC. / ENERGY INTELLIGENCE GROUP (UK) LIMITED.",2022,30.48
Indonesia,Other Crudes - Indonesia,Source: Energy Intelligence,"COPYRIGHT © 2001-2021 ENERGY INTELLIGENCE GROUP, INC. / ENERGY INTELLIGENCE GROUP (UK) LIMITED.",2023,14.92
Indonesia,Minas,Source: Energy Intelligence,"COPYRIGHT © 2001-2021 ENERGY INTELLIGENCE GROUP, INC. / ENERGY INTELLIGENCE GROUP (UK) LIMITED.",2023,3
Indonesia,Duri,Source: Energy Intelligence,"COPYRIGHT © 2001-2021 ENERGY INTELLIGENCE GROUP, INC. / ENERGY INTELLIGENCE GROUP (UK) LIMITED.",2023,0
Indonesia,Cepu,Source: Energy Intelligence,"COPYRIGHT © 2001-2021 ENERGY INTELLIGENCE GROUP, INC. / ENERGY INTELLIGENCE GROUP (UK) LIMITED.",2023,34.44
Indonesia,Other Crudes - Indonesia,Source: Energy Intelligence,"COPYRIGHT © 2001-2021 ENERGY INTELLIGENCE GROUP, INC. / ENERGY INTELLIGENCE GROUP (UK) LIMITED.",2024,26.76
Indonesia,Minas,Source: Energy Intelligence,"COPYRIGHT © 2001-2021 ENERGY INTELLIGENCE GROUP, INC. / ENERGY INTELLIGENCE GROUP (UK) LIMITED.",2024,11
Indonesia,Duri,Source: Energy Intelligence,"COPYRIGHT © 2001-2021 ENERGY INTELLIGENCE GROUP, INC. / ENERGY INTELLIGENCE GROUP (UK) LIMITED.",2024,0
Indonesia,Cepu,Source: Energy Intelligence,"COPYRIGHT © 2001-2021 ENERGY INTELLIGENCE GROUP, INC. / ENERGY INTELLIGENCE GROUP (UK) LIMITED.",2024,26.17
Iran,Sirri,Source: Energy Intelligence,"COPYRIGHT © 2001-2021 ENERGY INTELLIGENCE GROUP, INC. / ENERGY INTELLIGENCE GROUP (UK) LIMITED.",2006,101
Iran,Other Crudes - Iran,Source: Energy Intelligence,"COPYRIGHT © 2001-2021 ENERGY INTELLIGENCE GROUP, INC. / ENERGY INTELLIGENCE GROUP (UK) LIMITED.",2006,160.6
Iran,Nowruz-Soroush,Source: Energy Intelligence,"COPYRIGHT © 2001-2021 ENERGY INTELLIGENCE GROUP, INC. / ENERGY INTELLIGENCE GROUP (UK) LIMITED.",2006,180
Iran,Lavan Blend,Source: Energy Intelligence,"COPYRIGHT © 2001-2021 ENERGY INTELLIGENCE GROUP, INC. / ENERGY INTELLIGENCE GROUP (UK) LIMITED.",2006,80
Iran,Iran Light,Source: Energy Intelligence,"COPYRIGHT © 2001-2021 ENERGY INTELLIGENCE GROUP, INC. / ENERGY INTELLIGENCE GROUP (UK) LIMITED.",2006,815
Iran,Iran Heavy,Source: Energy Intelligence,"COPYRIGHT © 2001-2021 ENERGY INTELLIGENCE GROUP, INC. / ENERGY INTELLIGENCE GROUP (UK) LIMITED.",2006,1000
Iran,Foroozan Blend,Source: Energy Intelligence,"COPYRIGHT © 2001-2021 ENERGY INTELLIGENCE GROUP, INC. / ENERGY INTELLIGENCE GROUP (UK) LIMITED.",2006,500
Iran,Sirri,Source: Energy Intelligence,"COPYRIGHT © 2001-2021 ENERGY INTELLIGENCE GROUP, INC. / ENERGY INTELLIGENCE GROUP (UK) LIMITED.",2007,100
Iran,Other Crudes - Iran,Source: Energy Intelligence,"COPYRIGHT © 2001-2021 ENERGY INTELLIGENCE GROUP, INC. / ENERGY INTELLIGENCE GROUP (UK) LIMITED.",2007,179
Iran,Nowruz-Soroush,Source: Energy Intelligence,"COPYRIGHT © 2001-2021 ENERGY INTELLIGENCE GROUP, INC. / ENERGY INTELLIGENCE GROUP (UK) LIMITED.",2007,153
Iran,Lavan Blend,Source: Energy Intelligence,"COPYRIGHT © 2001-2021 ENERGY INTELLIGENCE GROUP, INC. / ENERGY INTELLIGENCE GROUP (UK) LIMITED.",2007,64
Iran,Iran Light,Source: Energy Intelligence,"COPYRIGHT © 2001-2021 ENERGY INTELLIGENCE GROUP, INC. / ENERGY INTELLIGENCE GROUP (UK) LIMITED.",2007,800
Iran,Iran Heavy,Source: Energy Intelligence,"COPYRIGHT © 2001-2021 ENERGY INTELLIGENCE GROUP, INC. / ENERGY INTELLIGENCE GROUP (UK) LIMITED.",2007,1000
Iran,Foroozan Blend,Source: Energy Intelligence,"COPYRIGHT © 2001-2021 ENERGY INTELLIGENCE GROUP, INC. / ENERGY INTELLIGENCE GROUP (UK) LIMITED.",2007,400
Iran,Azadegan,Source: Energy Intelligence,"COPYRIGHT © 2001-2021 ENERGY INTELLIGENCE GROUP, INC. / ENERGY INTELLIGENCE GROUP (UK) LIMITED.",2007,0
Iran,Sirri,Source: Energy Intelligence,"COPYRIGHT © 2001-2021 ENERGY INTELLIGENCE GROUP, INC. / ENERGY INTELLIGENCE GROUP (UK) LIMITED.",2008,100
Iran,Other Crudes - Iran,Source: Energy Intelligence,"COPYRIGHT © 2001-2021 ENERGY INTELLIGENCE GROUP, INC. / ENERGY INTELLIGENCE GROUP (UK) LIMITED.",2008,208
Iran,Nowruz-Soroush,Source: Energy Intelligence,"COPYRIGHT © 2001-2021 ENERGY INTELLIGENCE GROUP, INC. / ENERGY INTELLIGENCE GROUP (UK) LIMITED.",2008,100
Iran,Lavan Blend,Source: Energy Intelligence,"COPYRIGHT © 2001-2021 ENERGY INTELLIGENCE GROUP, INC. / ENERGY INTELLIGENCE GROUP (UK) LIMITED.",2008,110
Iran,Iran Light,Source: Energy Intelligence,"COPYRIGHT © 2001-2021 ENERGY INTELLIGENCE GROUP, INC. / ENERGY INTELLIGENCE GROUP (UK) LIMITED.",2008,800
Iran,Iran Heavy,Source: Energy Intelligence,"COPYRIGHT © 2001-2021 ENERGY INTELLIGENCE GROUP, INC. / ENERGY INTELLIGENCE GROUP (UK) LIMITED.",2008,1000
Iran,Foroozan Blend,Source: Energy Intelligence,"COPYRIGHT © 2001-2021 ENERGY INTELLIGENCE GROUP, INC. / ENERGY INTELLIGENCE GROUP (UK) LIMITED.",2008,335
Iran,South Pars Condensate,Source: Energy Intelligence,"COPYRIGHT © 2001-2021 ENERGY INTELLIGENCE GROUP, INC. / ENERGY INTELLIGENCE GROUP (UK) LIMITED.",2009,200
Iran,Sirri,Source: Energy Intelligence,"COPYRIGHT © 2001-2021 ENERGY INTELLIGENCE GROUP, INC. / ENERGY INTELLIGENCE GROUP (UK) LIMITED.",2009,100
Iran,Other Crudes - Iran,Source: Energy Intelligence,"COPYRIGHT © 2001-2021 ENERGY INTELLIGENCE GROUP, INC. / ENERGY INTELLIGENCE GROUP (UK) LIMITED.",2009,62
Iran,Nowruz-Soroush,Source: Energy Intelligence,"COPYRIGHT © 2001-2021 ENERGY INTELLIGENCE GROUP, INC. / ENERGY INTELLIGENCE GROUP (UK) LIMITED.",2009,150
Iran,Lavan Blend,Source: Energy Intelligence,"COPYRIGHT © 2001-2021 ENERGY INTELLIGENCE GROUP, INC. / ENERGY INTELLIGENCE GROUP (UK) LIMITED.",2009,62
Iran,Iran Light,Source: Energy Intelligence,"COPYRIGHT © 2001-2021 ENERGY INTELLIGENCE GROUP, INC. / ENERGY INTELLIGENCE GROUP (UK) LIMITED.",2009,700
Iran,Iran Heavy,Source: Energy Intelligence,"COPYRIGHT © 2001-2021 ENERGY INTELLIGENCE GROUP, INC. / ENERGY INTELLIGENCE GROUP (UK) LIMITED.",2009,1000
Iran,Foroozan Blend,Source: Energy Intelligence,"COPYRIGHT © 2001-2021 ENERGY INTELLIGENCE GROUP, INC. / ENERGY INTELLIGENCE GROUP (UK) LIMITED.",2009,300
Iran,South Pars Condensate,Source: Energy Intelligence,"COPYRIGHT © 2001-2021 ENERGY INTELLIGENCE GROUP, INC. / ENERGY INTELLIGENCE GROUP (UK) LIMITED.",2010,244
Iran,Sirri,Source: Energy Intelligence,"COPYRIGHT © 2001-2021 ENERGY INTELLIGENCE GROUP, INC. / ENERGY INTELLIGENCE GROUP (UK) LIMITED.",2010,100
Iran,Other Crudes - Iran,Source: Energy Intelligence,"COPYRIGHT © 2001-2021 ENERGY INTELLIGENCE GROUP, INC. / ENERGY INTELLIGENCE GROUP (UK) LIMITED.",2010,191
Iran,Nowruz-Soroush,Source: Energy Intelligence,"COPYRIGHT © 2001-2021 ENERGY INTELLIGENCE GROUP, INC. / ENERGY INTELLIGENCE GROUP (UK) LIMITED.",2010,100
Iran,Lavan Blend,Source: Energy Intelligence,"COPYRIGHT © 2001-2021 ENERGY INTELLIGENCE GROUP, INC. / ENERGY INTELLIGENCE GROUP (UK) LIMITED.",2010,72
Iran,Iran Light,Source: Energy Intelligence,"COPYRIGHT © 2001-2021 ENERGY INTELLIGENCE GROUP, INC. / ENERGY INTELLIGENCE GROUP (UK) LIMITED.",2010,700
Iran,Iran Heavy,Source: Energy Intelligence,"COPYRIGHT © 2001-2021 ENERGY INTELLIGENCE GROUP, INC. / ENERGY INTELLIGENCE GROUP (UK) LIMITED.",2010,1000
Iran,Foroozan Blend,Source: Energy Intelligence,"COPYRIGHT © 2001-2021 ENERGY INTELLIGENCE GROUP, INC. / ENERGY INTELLIGENCE GROUP (UK) LIMITED.",2010,290
Iran,South Pars Condensate,Source: Energy Intelligence,"COPYRIGHT © 2001-2021 ENERGY INTELLIGENCE GROUP, INC. / ENERGY INTELLIGENCE GROUP (UK) LIMITED.",2011,240
Iran,Sirri,Source: Energy Intelligence,"COPYRIGHT © 2001-2021 ENERGY INTELLIGENCE GROUP, INC. / ENERGY INTELLIGENCE GROUP (UK) LIMITED.",2011,75
Iran,Other Crudes - Iran,Source: Energy Intelligence,"COPYRIGHT © 2001-2021 ENERGY INTELLIGENCE GROUP, INC. / ENERGY INTELLIGENCE GROUP (UK) LIMITED.",2011,160
Iran,Nowruz-Soroush,Source: Energy Intelligence,"COPYRIGHT © 2001-2021 ENERGY INTELLIGENCE GROUP, INC. / ENERGY INTELLIGENCE GROUP (UK) LIMITED.",2011,70
Iran,Lavan Blend,Source: Energy Intelligence,"COPYRIGHT © 2001-2021 ENERGY INTELLIGENCE GROUP, INC. / ENERGY INTELLIGENCE GROUP (UK) LIMITED.",2011,105
Iran,Iran Light,Source: Energy Intelligence,"COPYRIGHT © 2001-2021 ENERGY INTELLIGENCE GROUP, INC. / ENERGY INTELLIGENCE GROUP (UK) LIMITED.",2011,730
Iran,Iran Heavy,Source: Energy Intelligence,"COPYRIGHT © 2001-2021 ENERGY INTELLIGENCE GROUP, INC. / ENERGY INTELLIGENCE GROUP (UK) LIMITED.",2011,1235
Iran,Foroozan Blend,Source: Energy Intelligence,"COPYRIGHT © 2001-2021 ENERGY INTELLIGENCE GROUP, INC. / ENERGY INTELLIGENCE GROUP (UK) LIMITED.",2011,260
Iran,South Pars Condensate,Source: Energy Intelligence,"COPYRIGHT © 2001-2021 ENERGY INTELLIGENCE GROUP, INC. / ENERGY INTELLIGENCE GROUP (UK) LIMITED.",2012,180
Iran,Sirri,Source: Energy Intelligence,"COPYRIGHT © 2001-2021 ENERGY INTELLIGENCE GROUP, INC. / ENERGY INTELLIGENCE GROUP (UK) LIMITED.",2012,60
Iran,Other Crudes - Iran,Source: Energy Intelligence,"COPYRIGHT © 2001-2021 ENERGY INTELLIGENCE GROUP, INC. / ENERGY INTELLIGENCE GROUP (UK) LIMITED.",2012,70
Iran,Nowruz-Soroush,Source: Energy Intelligence,"COPYRIGHT © 2001-2021 ENERGY INTELLIGENCE GROUP, INC. / ENERGY INTELLIGENCE GROUP (UK) LIMITED.",2012,70
Iran,Lavan Blend,Source: Energy Intelligence,"COPYRIGHT © 2001-2021 ENERGY INTELLIGENCE GROUP, INC. / ENERGY INTELLIGENCE GROUP (UK) LIMITED.",2012,75
Iran,Iran Light,Source: Energy Intelligence,"COPYRIGHT © 2001-2021 ENERGY INTELLIGENCE GROUP, INC. / ENERGY INTELLIGENCE GROUP (UK) LIMITED.",2012,428
Iran,Iran Heavy,Source: Energy Intelligence,"COPYRIGHT © 2001-2021 ENERGY INTELLIGENCE GROUP, INC. / ENERGY INTELLIGENCE GROUP (UK) LIMITED.",2012,750
Iran,Foroozan Blend,Source: Energy Intelligence,"COPYRIGHT © 2001-2021 ENERGY INTELLIGENCE GROUP, INC. / ENERGY INTELLIGENCE GROUP (UK) LIMITED.",2012,230
Iran,South Pars Condensate,Source: Energy Intelligence,"COPYRIGHT © 2001-2021 ENERGY INTELLIGENCE GROUP, INC. / ENERGY INTELLIGENCE GROUP (UK) LIMITED.",2013,200
Iran,Sirri,Source: Energy Intelligence,"COPYRIGHT © 2001-2021 ENERGY INTELLIGENCE GROUP, INC. / ENERGY INTELLIGENCE GROUP (UK) LIMITED.",2013,55
Iran,Other Crudes - Iran,Source: Energy Intelligence,"COPYRIGHT © 2001-2021 ENERGY INTELLIGENCE GROUP, INC. / ENERGY INTELLIGENCE GROUP (UK) LIMITED.",2013,5
Iran,Nowruz-Soroush,Source: Energy Intelligence,"COPYRIGHT © 2001-2021 ENERGY INTELLIGENCE GROUP, INC. / ENERGY INTELLIGENCE GROUP (UK) LIMITED.",2013,60
Iran,Lavan Blend,Source: Energy Intelligence,"COPYRIGHT © 2001-2021 ENERGY INTELLIGENCE GROUP, INC. / ENERGY INTELLIGENCE GROUP (UK) LIMITED.",2013,60
Iran,Iran Light,Source: Energy Intelligence,"COPYRIGHT © 2001-2021 ENERGY INTELLIGENCE GROUP, INC. / ENERGY INTELLIGENCE GROUP (UK) LIMITED.",2013,310
Iran,Iran Heavy,Source: Energy Intelligence,"COPYRIGHT © 2001-2021 ENERGY INTELLIGENCE GROUP, INC. / ENERGY INTELLIGENCE GROUP (UK) LIMITED.",2013,560
Iran,Foroozan Blend,Source: Energy Intelligence,"COPYRIGHT © 2001-2021 ENERGY INTELLIGENCE GROUP, INC. / ENERGY INTELLIGENCE GROUP (UK) LIMITED.",2013,200
Iran,Doroud,Source: Energy Intelligence,"COPYRIGHT © 2001-2021 ENERGY INTELLIGENCE GROUP, INC. / ENERGY INTELLIGENCE GROUP (UK) LIMITED.",2013,0
Iran,Azadegan,Source: Energy Intelligence,"COPYRIGHT © 2001-2021 ENERGY INTELLIGENCE GROUP, INC. / ENERGY INTELLIGENCE GROUP (UK) LIMITED.",2013,0
Iran,South Pars Condensate,Source: Energy Intelligence,"COPYRIGHT © 2001-2021 ENERGY INTELLIGENCE GROUP, INC. / ENERGY INTELLIGENCE GROUP (UK) LIMITED.",2014,250
Iran,Sirri,Source: Energy Intelligence,"COPYRIGHT © 2001-2021 ENERGY INTELLIGENCE GROUP, INC. / ENERGY INTELLIGENCE GROUP (UK) LIMITED.",2014,50
Iran,Other Crudes - Iran,Source: Energy Intelligence,"COPYRIGHT © 2001-2021 ENERGY INTELLIGENCE GROUP, INC. / ENERGY INTELLIGENCE GROUP (UK) LIMITED.",2014,10
Iran,Nowruz-Soroush,Source: Energy Intelligence,"COPYRIGHT © 2001-2021 ENERGY INTELLIGENCE GROUP, INC. / ENERGY INTELLIGENCE GROUP (UK) LIMITED.",2014,50
Iran,Lavan Blend,Source: Energy Intelligence,"COPYRIGHT © 2001-2021 ENERGY INTELLIGENCE GROUP, INC. / ENERGY INTELLIGENCE GROUP (UK) LIMITED.",2014,50
Iran,Iran Light,Source: Energy Intelligence,"COPYRIGHT © 2001-2021 ENERGY INTELLIGENCE GROUP, INC. / ENERGY INTELLIGENCE GROUP (UK) LIMITED.",2014,330
Iran,Iran Heavy,Source: Energy Intelligence,"COPYRIGHT © 2001-2021 ENERGY INTELLIGENCE GROUP, INC. / ENERGY INTELLIGENCE GROUP (UK) LIMITED.",2014,600
Iran,Foroozan Blend,Source: Energy Intelligence,"COPYRIGHT © 2001-2021 ENERGY INTELLIGENCE GROUP, INC. / ENERGY INTELLIGENCE GROUP (UK) LIMITED.",2014,210
Iran,Doroud,Source: Energy Intelligence,"COPYRIGHT © 2001-2021 ENERGY INTELLIGENCE GROUP, INC. / ENERGY INTELLIGENCE GROUP (UK) LIMITED.",2014,0
Iran,Azadegan,Source: Energy Intelligence,"COPYRIGHT © 2001-2021 ENERGY INTELLIGENCE GROUP, INC. / ENERGY INTELLIGENCE GROUP (UK) LIMITED.",2014,0
Iran,South Pars Condensate,Source: Energy Intelligence,"COPYRIGHT © 2001-2021 ENERGY INTELLIGENCE GROUP, INC. / ENERGY INTELLIGENCE GROUP (UK) LIMITED.",2015,300
Iran,Sirri,Source: Energy Intelligence,"COPYRIGHT © 2001-2021 ENERGY INTELLIGENCE GROUP, INC. / ENERGY INTELLIGENCE GROUP (UK) LIMITED.",2015,35
Iran,Other Crudes - Iran,Source: Energy Intelligence,"COPYRIGHT © 2001-2021 ENERGY INTELLIGENCE GROUP, INC. / ENERGY INTELLIGENCE GROUP (UK) LIMITED.",2015,0
Iran,Nowruz-Soroush,Source: Energy Intelligence,"COPYRIGHT © 2001-2021 ENERGY INTELLIGENCE GROUP, INC. / ENERGY INTELLIGENCE GROUP (UK) LIMITED.",2015,25
Iran,Lavan Blend,Source: Energy Intelligence,"COPYRIGHT © 2001-2021 ENERGY INTELLIGENCE GROUP, INC. / ENERGY INTELLIGENCE GROUP (UK) LIMITED.",2015,31
Iran,Iran Light,Source: Energy Intelligence,"COPYRIGHT © 2001-2021 ENERGY INTELLIGENCE GROUP, INC. / ENERGY INTELLIGENCE GROUP (UK) LIMITED.",2015,300
Iran,Iran Heavy,Source: Energy Intelligence,"COPYRIGHT © 2001-2021 ENERGY INTELLIGENCE GROUP, INC. / ENERGY INTELLIGENCE GROUP (UK) LIMITED.",2015,560
Iran,Foroozan Blend,Source: Energy Intelligence,"COPYRIGHT © 2001-2021 ENERGY INTELLIGENCE GROUP, INC. / ENERGY INTELLIGENCE GROUP (UK) LIMITED.",2015,165
Iran,Doroud,Source: Energy Intelligence,"COPYRIGHT © 2001-2021 ENERGY INTELLIGENCE GROUP, INC. / ENERGY INTELLIGENCE GROUP (UK) LIMITED.",2015,0
Iran,Azadegan,Source: Energy Intelligence,"COPYRIGHT © 2001-2021 ENERGY INTELLIGENCE GROUP, INC. / ENERGY INTELLIGENCE GROUP (UK) LIMITED.",2015,0
Iran,South Pars Condensate,Source: Energy Intelligence,"COPYRIGHT © 2001-2021 ENERGY INTELLIGENCE GROUP, INC. / ENERGY INTELLIGENCE GROUP (UK) LIMITED.",2016,400
Iran,Sirri,Source: Energy Intelligence,"COPYRIGHT © 2001-2021 ENERGY INTELLIGENCE GROUP, INC. / ENERGY INTELLIGENCE GROUP (UK) LIMITED.",2016,45
Iran,Other Crudes - Iran,Source: Energy Intelligence,"COPYRIGHT © 2001-2021 ENERGY INTELLIGENCE GROUP, INC. / ENERGY INTELLIGENCE GROUP (UK) LIMITED.",2016,0
Iran,Nowruz-Soroush,Source: Energy Intelligence,"COPYRIGHT © 2001-2021 ENERGY INTELLIGENCE GROUP, INC. / ENERGY INTELLIGENCE GROUP (UK) LIMITED.",2016,40
Iran,Lavan Blend,Source: Energy Intelligence,"COPYRIGHT © 2001-2021 ENERGY INTELLIGENCE GROUP, INC. / ENERGY INTELLIGENCE GROUP (UK) LIMITED.",2016,60
Iran,Iran Light,Source: Energy Intelligence,"COPYRIGHT © 2001-2021 ENERGY INTELLIGENCE GROUP, INC. / ENERGY INTELLIGENCE GROUP (UK) LIMITED.",2016,750
Iran,Iran Heavy,Source: Energy Intelligence,"COPYRIGHT © 2001-2021 ENERGY INTELLIGENCE GROUP, INC. / ENERGY INTELLIGENCE GROUP (UK) LIMITED.",2016,900
Iran,Foroozan Blend,Source: Energy Intelligence,"COPYRIGHT © 2001-2021 ENERGY INTELLIGENCE GROUP, INC. / ENERGY INTELLIGENCE GROUP (UK) LIMITED.",2016,200
Iran,Doroud,Source: Energy Intelligence,"COPYRIGHT © 2001-2021 ENERGY INTELLIGENCE GROUP, INC. / ENERGY INTELLIGENCE GROUP (UK) LIMITED.",2016,0
Iran,Azadegan,Source: Energy Intelligence,"COPYRIGHT © 2001-2021 ENERGY INTELLIGENCE GROUP, INC. / ENERGY INTELLIGENCE GROUP (UK) LIMITED.",2016,8.22
Iran,South Pars Condensate,Source: Energy Intelligence,"COPYRIGHT © 2001-2021 ENERGY INTELLIGENCE GROUP, INC. / ENERGY INTELLIGENCE GROUP (UK) LIMITED.",2017,300
Iran,Sirri,Source: Energy Intelligence,"COPYRIGHT © 2001-2021 ENERGY INTELLIGENCE GROUP, INC. / ENERGY INTELLIGENCE GROUP (UK) LIMITED.",2017,33
Iran,Other Crudes - Iran,Source: Energy Intelligence,"COPYRIGHT © 2001-2021 ENERGY INTELLIGENCE GROUP, INC. / ENERGY INTELLIGENCE GROUP (UK) LIMITED.",2017,130
Iran,Nowruz-Soroush,Source: Energy Intelligence,"COPYRIGHT © 2001-2021 ENERGY INTELLIGENCE GROUP, INC. / ENERGY INTELLIGENCE GROUP (UK) LIMITED.",2017,40
Iran,Lavan Blend,Source: Energy Intelligence,"COPYRIGHT © 2001-2021 ENERGY INTELLIGENCE GROUP, INC. / ENERGY INTELLIGENCE GROUP (UK) LIMITED.",2017,60
Iran,Iran Light,Source: Energy Intelligence,"COPYRIGHT © 2001-2021 ENERGY INTELLIGENCE GROUP, INC. / ENERGY INTELLIGENCE GROUP (UK) LIMITED.",2017,837
Iran,Iran Heavy,Source: Energy Intelligence,"COPYRIGHT © 2001-2021 ENERGY INTELLIGENCE GROUP, INC. / ENERGY INTELLIGENCE GROUP (UK) LIMITED.",2017,1120
Iran,Foroozan Blend,Source: Energy Intelligence,"COPYRIGHT © 2001-2021 ENERGY INTELLIGENCE GROUP, INC. / ENERGY INTELLIGENCE GROUP (UK) LIMITED.",2017,200
Iran,Doroud,Source: Energy Intelligence,"COPYRIGHT © 2001-2021 ENERGY INTELLIGENCE GROUP, INC. / ENERGY INTELLIGENCE GROUP (UK) LIMITED.",2017,0
Iran,Azadegan,Source: Energy Intelligence,"COPYRIGHT © 2001-2021 ENERGY INTELLIGENCE GROUP, INC. / ENERGY INTELLIGENCE GROUP (UK) LIMITED.",2017,0
Iran,South Pars Condensate,Source: Energy Intelligence,"COPYRIGHT © 2001-2021 ENERGY INTELLIGENCE GROUP, INC. / ENERGY INTELLIGENCE GROUP (UK) LIMITED.",2018,135
Iran,Sirri,Source: Energy Intelligence,"COPYRIGHT © 2001-2021 ENERGY INTELLIGENCE GROUP, INC. / ENERGY INTELLIGENCE GROUP (UK) LIMITED.",2018,75
Iran,Other Crudes - Iran,Source: Energy Intelligence,"COPYRIGHT © 2001-2021 ENERGY INTELLIGENCE GROUP, INC. / ENERGY INTELLIGENCE GROUP (UK) LIMITED.",2018,110
Iran,Nowruz-Soroush,Source: Energy Intelligence,"COPYRIGHT © 2001-2021 ENERGY INTELLIGENCE GROUP, INC. / ENERGY INTELLIGENCE GROUP (UK) LIMITED.",2018,60
Iran,Lavan Blend,Source: Energy Intelligence,"COPYRIGHT © 2001-2021 ENERGY INTELLIGENCE GROUP, INC. / ENERGY INTELLIGENCE GROUP (UK) LIMITED.",2018,65
Iran,Iran Light,Source: Energy Intelligence,"COPYRIGHT © 2001-2021 ENERGY INTELLIGENCE GROUP, INC. / ENERGY INTELLIGENCE GROUP (UK) LIMITED.",2018,589
Iran,Iran Heavy,Source: Energy Intelligence,"COPYRIGHT © 2001-2021 ENERGY INTELLIGENCE GROUP, INC. / ENERGY INTELLIGENCE GROUP (UK) LIMITED.",2018,862
Iran,Foroozan Blend,Source: Energy Intelligence,"COPYRIGHT © 2001-2021 ENERGY INTELLIGENCE GROUP, INC. / ENERGY INTELLIGENCE GROUP (UK) LIMITED.",2018,154
Iran,Doroud,Source: Energy Intelligence,"COPYRIGHT © 2001-2021 ENERGY INTELLIGENCE GROUP, INC. / ENERGY INTELLIGENCE GROUP (UK) LIMITED.",2018,0
Iran,Azadegan,Source: Energy Intelligence,"COPYRIGHT © 2001-2021 ENERGY INTELLIGENCE GROUP, INC. / ENERGY INTELLIGENCE GROUP (UK) LIMITED.",2018,0
Iran,South Pars Condensate,Source: Energy Intelligence,"COPYRIGHT © 2001-2021 ENERGY INTELLIGENCE GROUP, INC. / ENERGY INTELLIGENCE GROUP (UK) LIMITED.",2019,50
Iran,Sirri,Source: Energy Intelligence,"COPYRIGHT © 2001-2021 ENERGY INTELLIGENCE GROUP, INC. / ENERGY INTELLIGENCE GROUP (UK) LIMITED.",2019,0
Iran,Other Crudes - Iran,Source: Energy Intelligence,"COPYRIGHT © 2001-2021 ENERGY INTELLIGENCE GROUP, INC. / ENERGY INTELLIGENCE GROUP (UK) LIMITED.",2019,0
Iran,Nowruz-Soroush,Source: Energy Intelligence,"COPYRIGHT © 2001-2021 ENERGY INTELLIGENCE GROUP, INC. / ENERGY INTELLIGENCE GROUP (UK) LIMITED.",2019,0
Iran,Lavan Blend,Source: Energy Intelligence,"COPYRIGHT © 2001-2021 ENERGY INTELLIGENCE GROUP, INC. / ENERGY INTELLIGENCE GROUP (UK) LIMITED.",2019,0
Iran,Iran Light,Source: Energy Intelligence,"COPYRIGHT © 2001-2021 ENERGY INTELLIGENCE GROUP, INC. / ENERGY INTELLIGENCE GROUP (UK) LIMITED.",2019,140
Iran,Iran Heavy,Source: Energy Intelligence,"COPYRIGHT © 2001-2021 ENERGY INTELLIGENCE GROUP, INC. / ENERGY INTELLIGENCE GROUP (UK) LIMITED.",2019,300
Iran,Foroozan Blend,Source: Energy Intelligence,"COPYRIGHT © 2001-2021 ENERGY INTELLIGENCE GROUP, INC. / ENERGY INTELLIGENCE GROUP (UK) LIMITED.",2019,0
Iran,Doroud,Source: Energy Intelligence,"COPYRIGHT © 2001-2021 ENERGY INTELLIGENCE GROUP, INC. / ENERGY INTELLIGENCE GROUP (UK) LIMITED.",2019,0
Iran,Azadegan,Source: Energy Intelligence,"COPYRIGHT © 2001-2021 ENERGY INTELLIGENCE GROUP, INC. / ENERGY INTELLIGENCE GROUP (UK) LIMITED.",2019,0
Iran,South Pars Condensate,Source: Energy Intelligence,"COPYRIGHT © 2001-2021 ENERGY INTELLIGENCE GROUP, INC. / ENERGY INTELLIGENCE GROUP (UK) LIMITED.",2020,60
Iran,Sirri,Source: Energy Intelligence,"COPYRIGHT © 2001-2021 ENERGY INTELLIGENCE GROUP, INC. / ENERGY INTELLIGENCE GROUP (UK) LIMITED.",2020,0
Iran,Other Crudes - Iran,Source: Energy Intelligence,"COPYRIGHT © 2001-2021 ENERGY INTELLIGENCE GROUP, INC. / ENERGY INTELLIGENCE GROUP (UK) LIMITED.",2020,0
Iran,Nowruz-Soroush,Source: Energy Intelligence,"COPYRIGHT © 2001-2021 ENERGY INTELLIGENCE GROUP, INC. / ENERGY INTELLIGENCE GROUP (UK) LIMITED.",2020,0
Iran,Lavan Blend,Source: Energy Intelligence,"COPYRIGHT © 2001-2021 ENERGY INTELLIGENCE GROUP, INC. / ENERGY INTELLIGENCE GROUP (UK) LIMITED.",2020,0
Iran,Iran Light,Source: Energy Intelligence,"COPYRIGHT © 2001-2021 ENERGY INTELLIGENCE GROUP, INC. / ENERGY INTELLIGENCE GROUP (UK) LIMITED.",2020,75
Iran,Iran Heavy,Source: Energy Intelligence,"COPYRIGHT © 2001-2021 ENERGY INTELLIGENCE GROUP, INC. / ENERGY INTELLIGENCE GROUP (UK) LIMITED.",2020,215
Iran,Foroozan Blend,Source: Energy Intelligence,"COPYRIGHT © 2001-2021 ENERGY INTELLIGENCE GROUP, INC. / ENERGY INTELLIGENCE GROUP (UK) LIMITED.",2020,0
Iran,Doroud,Source: Energy Intelligence,"COPYRIGHT © 2001-2021 ENERGY INTELLIGENCE GROUP, INC. / ENERGY INTELLIGENCE GROUP (UK) LIMITED.",2020,0
Iran,Azadegan,Source: Energy Intelligence,"COPYRIGHT © 2001-2021 ENERGY INTELLIGENCE GROUP, INC. / ENERGY INTELLIGENCE GROUP (UK) LIMITED.",2020,0
Iran,South Pars Condensate,Source: Energy Intelligence,"COPYRIGHT © 2001-2021 ENERGY INTELLIGENCE GROUP, INC. / ENERGY INTELLIGENCE GROUP (UK) LIMITED.",2021,100
Iran,Sirri,Source: Energy Intelligence,"COPYRIGHT © 2001-2021 ENERGY INTELLIGENCE GROUP, INC. / ENERGY INTELLIGENCE GROUP (UK) LIMITED.",2021,0
Iran,Other Crudes - Iran,Source: Energy Intelligence,"COPYRIGHT © 2001-2021 ENERGY INTELLIGENCE GROUP, INC. / ENERGY INTELLIGENCE GROUP (UK) LIMITED.",2021,0
Iran,Nowruz-Soroush,Source: Energy Intelligence,"COPYRIGHT © 2001-2021 ENERGY INTELLIGENCE GROUP, INC. / ENERGY INTELLIGENCE GROUP (UK) LIMITED.",2021,0
Iran,Lavan Blend,Source: Energy Intelligence,"COPYRIGHT © 2001-2021 ENERGY INTELLIGENCE GROUP, INC. / ENERGY INTELLIGENCE GROUP (UK) LIMITED.",2021,0
Iran,Iran Light,Source: Energy Intelligence,"COPYRIGHT © 2001-2021 ENERGY INTELLIGENCE GROUP, INC. / ENERGY INTELLIGENCE GROUP (UK) LIMITED.",2021,270
Iran,Iran Heavy,Source: Energy Intelligence,"COPYRIGHT © 2001-2021 ENERGY INTELLIGENCE GROUP, INC. / ENERGY INTELLIGENCE GROUP (UK) LIMITED.",2021,345
Iran,Foroozan Blend,Source: Energy Intelligence,"COPYRIGHT © 2001-2021 ENERGY INTELLIGENCE GROUP, INC. / ENERGY INTELLIGENCE GROUP (UK) LIMITED.",2021,25
Iran,Doroud,Source: Energy Intelligence,"COPYRIGHT © 2001-2021 ENERGY INTELLIGENCE GROUP, INC. / ENERGY INTELLIGENCE GROUP (UK) LIMITED.",2021,0
Iran,Azadegan,Source: Energy Intelligence,"COPYRIGHT © 2001-2021 ENERGY INTELLIGENCE GROUP, INC. / ENERGY INTELLIGENCE GROUP (UK) LIMITED.",2021,0
Iran,South Pars Condensate,Source: Energy Intelligence,"COPYRIGHT © 2001-2021 ENERGY INTELLIGENCE GROUP, INC. / ENERGY INTELLIGENCE GROUP (UK) LIMITED.",2022,200
Iran,Sirri,Source: Energy Intelligence,"COPYRIGHT © 2001-2021 ENERGY INTELLIGENCE GROUP, INC. / ENERGY INTELLIGENCE GROUP (UK) LIMITED.",2022,0
Iran,Other Crudes - Iran,Source: Energy Intelligence,"COPYRIGHT © 2001-2021 ENERGY INTELLIGENCE GROUP, INC. / ENERGY INTELLIGENCE GROUP (UK) LIMITED.",2022,0
Iran,Nowruz-Soroush,Source: Energy Intelligence,"COPYRIGHT © 2001-2021 ENERGY INTELLIGENCE GROUP, INC. / ENERGY INTELLIGENCE GROUP (UK) LIMITED.",2022,0
Iran,Lavan Blend,Source: Energy Intelligence,"COPYRIGHT © 2001-2021 ENERGY INTELLIGENCE GROUP, INC. / ENERGY INTELLIGENCE GROUP (UK) LIMITED.",2022,0
Iran,Iran Light,Source: Energy Intelligence,"COPYRIGHT © 2001-2021 ENERGY INTELLIGENCE GROUP, INC. / ENERGY INTELLIGENCE GROUP (UK) LIMITED.",2022,364.5
Iran,Iran Heavy,Source: Energy Intelligence,"COPYRIGHT © 2001-2021 ENERGY INTELLIGENCE GROUP, INC. / ENERGY INTELLIGENCE GROUP (UK) LIMITED.",2022,465.75
Iran,Foroozan Blend,Source: Energy Intelligence,"COPYRIGHT © 2001-2021 ENERGY INTELLIGENCE GROUP, INC. / ENERGY INTELLIGENCE GROUP (UK) LIMITED.",2022,25
Iran,Doroud,Source: Energy Intelligence,"COPYRIGHT © 2001-2021 ENERGY INTELLIGENCE GROUP, INC. / ENERGY INTELLIGENCE GROUP (UK) LIMITED.",2022,0
Iran,Azadegan,Source: Energy Intelligence,"COPYRIGHT © 2001-2021 ENERGY INTELLIGENCE GROUP, INC. / ENERGY INTELLIGENCE GROUP (UK) LIMITED.",2022,0
Iran,South Pars Condensate,Source: Energy Intelligence,"COPYRIGHT © 2001-2021 ENERGY INTELLIGENCE GROUP, INC. / ENERGY INTELLIGENCE GROUP (UK) LIMITED.",2023,200
Iran,Sirri,Source: Energy Intelligence,"COPYRIGHT © 2001-2021 ENERGY INTELLIGENCE GROUP, INC. / ENERGY INTELLIGENCE GROUP (UK) LIMITED.",2023,30
Iran,Other Crudes - Iran,Source: Energy Intelligence,"COPYRIGHT © 2001-2021 ENERGY INTELLIGENCE GROUP, INC. / ENERGY INTELLIGENCE GROUP (UK) LIMITED.",2023,0
Iran,Nowruz-Soroush,Source: Energy Intelligence,"COPYRIGHT © 2001-2021 ENERGY INTELLIGENCE GROUP, INC. / ENERGY INTELLIGENCE GROUP (UK) LIMITED.",2023,12.5
Iran,Lavan Blend,Source: Energy Intelligence,"COPYRIGHT © 2001-2021 ENERGY INTELLIGENCE GROUP, INC. / ENERGY INTELLIGENCE GROUP (UK) LIMITED.",2023,17.5
Iran,Iran Light,Source: Energy Intelligence,"COPYRIGHT © 2001-2021 ENERGY INTELLIGENCE GROUP, INC. / ENERGY INTELLIGENCE GROUP (UK) LIMITED.",2023,521.24
Iran,Iran Heavy,Source: Energy Intelligence,"COPYRIGHT © 2001-2021 ENERGY INTELLIGENCE GROUP, INC. / ENERGY INTELLIGENCE GROUP (UK) LIMITED.",2023,652.05
Iran,Foroozan Blend,Source: Energy Intelligence,"COPYRIGHT © 2001-2021 ENERGY INTELLIGENCE GROUP, INC. / ENERGY INTELLIGENCE GROUP (UK) LIMITED.",2023,0
Iran,Doroud,Source: Energy Intelligence,"COPYRIGHT © 2001-2021 ENERGY INTELLIGENCE GROUP, INC. / ENERGY INTELLIGENCE GROUP (UK) LIMITED.",2023,0
Iran,Azadegan,Source: Energy Intelligence,"COPYRIGHT © 2001-2021 ENERGY INTELLIGENCE GROUP, INC. / ENERGY INTELLIGENCE GROUP (UK) LIMITED.",2023,0
Iran,South Pars Condensate,Source: Energy Intelligence,"COPYRIGHT © 2001-2021 ENERGY INTELLIGENCE GROUP, INC. / ENERGY INTELLIGENCE GROUP (UK) LIMITED.",2024,200
Iran,Sirri,Source: Energy Intelligence,"COPYRIGHT © 2001-2021 ENERGY INTELLIGENCE GROUP, INC. / ENERGY INTELLIGENCE GROUP (UK) LIMITED.",2024,30
Iran,Other Crudes - Iran,Source: Energy Intelligence,"COPYRIGHT © 2001-2021 ENERGY INTELLIGENCE GROUP, INC. / ENERGY INTELLIGENCE GROUP (UK) LIMITED.",2024,0
Iran,Nowruz-Soroush,Source: Energy Intelligence,"COPYRIGHT © 2001-2021 ENERGY INTELLIGENCE GROUP, INC. / ENERGY INTELLIGENCE GROUP (UK) LIMITED.",2024,30
Iran,Lavan Blend,Source: Energy Intelligence,"COPYRIGHT © 2001-2021 ENERGY INTELLIGENCE GROUP, INC. / ENERGY INTELLIGENCE GROUP (UK) LIMITED.",2024,17.5
Iran,Iran Light,Source: Energy Intelligence,"COPYRIGHT © 2001-2021 ENERGY INTELLIGENCE GROUP, INC. / ENERGY INTELLIGENCE GROUP (UK) LIMITED.",2024,625.48
Iran,Iran Heavy,Source: Energy Intelligence,"COPYRIGHT © 2001-2021 ENERGY INTELLIGENCE GROUP, INC. / ENERGY INTELLIGENCE GROUP (UK) LIMITED.",2024,782.46
Iran,Foroozan Blend,Source: Energy Intelligence,"COPYRIGHT © 2001-2021 ENERGY INTELLIGENCE GROUP, INC. / ENERGY INTELLIGENCE GROUP (UK) LIMITED.",2024,0
Iran,Doroud,Source: Energy Intelligence,"COPYRIGHT © 2001-2021 ENERGY INTELLIGENCE GROUP, INC. / ENERGY INTELLIGENCE GROUP (UK) LIMITED.",2024,0
Iran,Azadegan,Source: Energy Intelligence,"COPYRIGHT © 2001-2021 ENERGY INTELLIGENCE GROUP, INC. / ENERGY INTELLIGENCE GROUP (UK) LIMITED.",2024,0
Iraq,Other Crudes - Iraq,Source: Energy Intelligence,"COPYRIGHT © 2001-2021 ENERGY INTELLIGENCE GROUP, INC. / ENERGY INTELLIGENCE GROUP (UK) LIMITED.",2006,0.03
Iraq,Kirkuk,Source: Energy Intelligence,"COPYRIGHT © 2001-2021 ENERGY INTELLIGENCE GROUP, INC. / ENERGY INTELLIGENCE GROUP (UK) LIMITED.",2006,17
Iraq,Basrah Light,Source: Energy Intelligence,"COPYRIGHT © 2001-2021 ENERGY INTELLIGENCE GROUP, INC. / ENERGY INTELLIGENCE GROUP (UK) LIMITED.",2006,1486.37
Iraq,Kirkuk,Source: Energy Intelligence,"COPYRIGHT © 2001-2021 ENERGY INTELLIGENCE GROUP, INC. / ENERGY INTELLIGENCE GROUP (UK) LIMITED.",2007,112.19
Iraq,Basrah Light,Source: Energy Intelligence,"COPYRIGHT © 2001-2021 ENERGY INTELLIGENCE GROUP, INC. / ENERGY INTELLIGENCE GROUP (UK) LIMITED.",2007,1561.33
Iraq,Other Crudes - Iraq,Source: Energy Intelligence,"COPYRIGHT © 2001-2021 ENERGY INTELLIGENCE GROUP, INC. / ENERGY INTELLIGENCE GROUP (UK) LIMITED.",2008,0.01
Iraq,Kirkuk,Source: Energy Intelligence,"COPYRIGHT © 2001-2021 ENERGY INTELLIGENCE GROUP, INC. / ENERGY INTELLIGENCE GROUP (UK) LIMITED.",2008,341
Iraq,Basrah Light,Source: Energy Intelligence,"COPYRIGHT © 2001-2021 ENERGY INTELLIGENCE GROUP, INC. / ENERGY INTELLIGENCE GROUP (UK) LIMITED.",2008,1488.99
Iraq,Other Crudes - Iraq,Source: Energy Intelligence,"COPYRIGHT © 2001-2021 ENERGY INTELLIGENCE GROUP, INC. / ENERGY INTELLIGENCE GROUP (UK) LIMITED.",2009,0
Iraq,Kirkuk,Source: Energy Intelligence,"COPYRIGHT © 2001-2021 ENERGY INTELLIGENCE GROUP, INC. / ENERGY INTELLIGENCE GROUP (UK) LIMITED.",2009,483
Iraq,Basrah Light,Source: Energy Intelligence,"COPYRIGHT © 2001-2021 ENERGY INTELLIGENCE GROUP, INC. / ENERGY INTELLIGENCE GROUP (UK) LIMITED.",2009,1436
Iraq,Other Crudes - Iraq,Source: Energy Intelligence,"COPYRIGHT © 2001-2021 ENERGY INTELLIGENCE GROUP, INC. / ENERGY INTELLIGENCE GROUP (UK) LIMITED.",2010,0.3
Iraq,Kirkuk,Source: Energy Intelligence,"COPYRIGHT © 2001-2021 ENERGY INTELLIGENCE GROUP, INC. / ENERGY INTELLIGENCE GROUP (UK) LIMITED.",2010,412.7
Iraq,Basrah Light,Source: Energy Intelligence,"COPYRIGHT © 2001-2021 ENERGY INTELLIGENCE GROUP, INC. / ENERGY INTELLIGENCE GROUP (UK) LIMITED.",2010,1479
Iraq,Kirkuk,Source: Energy Intelligence,"COPYRIGHT © 2001-2021 ENERGY INTELLIGENCE GROUP, INC. / ENERGY INTELLIGENCE GROUP (UK) LIMITED.",2011,449.66
Iraq,Basrah Light,Source: Energy Intelligence,"COPYRIGHT © 2001-2021 ENERGY INTELLIGENCE GROUP, INC. / ENERGY INTELLIGENCE GROUP (UK) LIMITED.",2011,1717.18
Iraq,Other Crudes - Iraq,Source: Energy Intelligence,"COPYRIGHT © 2001-2021 ENERGY INTELLIGENCE GROUP, INC. / ENERGY INTELLIGENCE GROUP (UK) LIMITED.",2012,2.02
Iraq,Kirkuk,Source: Energy Intelligence,"COPYRIGHT © 2001-2021 ENERGY INTELLIGENCE GROUP, INC. / ENERGY INTELLIGENCE GROUP (UK) LIMITED.",2012,373.36
Iraq,Basrah Light,Source: Energy Intelligence,"COPYRIGHT © 2001-2021 ENERGY INTELLIGENCE GROUP, INC. / ENERGY INTELLIGENCE GROUP (UK) LIMITED.",2012,2049.32
Iraq,Other Crudes - Iraq,Source: Energy Intelligence,"COPYRIGHT © 2001-2021 ENERGY INTELLIGENCE GROUP, INC. / ENERGY INTELLIGENCE GROUP (UK) LIMITED.",2013,32.23
Iraq,Kirkuk,Source: Energy Intelligence,"COPYRIGHT © 2001-2021 ENERGY INTELLIGENCE GROUP, INC. / ENERGY INTELLIGENCE GROUP (UK) LIMITED.",2013,263.92
Iraq,Basrah Light,Source: Energy Intelligence,"COPYRIGHT © 2001-2021 ENERGY INTELLIGENCE GROUP, INC. / ENERGY INTELLIGENCE GROUP (UK) LIMITED.",2013,2127.25
Iraq,Other Crudes - Iraq,Source: Energy Intelligence,"COPYRIGHT © 2001-2021 ENERGY INTELLIGENCE GROUP, INC. / ENERGY INTELLIGENCE GROUP (UK) LIMITED.",2014,134.22
Iraq,Kirkuk,Source: Energy Intelligence,"COPYRIGHT © 2001-2021 ENERGY INTELLIGENCE GROUP, INC. / ENERGY INTELLIGENCE GROUP (UK) LIMITED.",2014,62
Iraq,Basrah Light,Source: Energy Intelligence,"COPYRIGHT © 2001-2021 ENERGY INTELLIGENCE GROUP, INC. / ENERGY INTELLIGENCE GROUP (UK) LIMITED.",2014,2455.58
Iraq,Other Crudes - Iraq,Source: Energy Intelligence,"COPYRIGHT © 2001-2021 ENERGY INTELLIGENCE GROUP, INC. / ENERGY INTELLIGENCE GROUP (UK) LIMITED.",2015,4
Iraq,Kirkuk,Source: Energy Intelligence,"COPYRIGHT © 2001-2021 ENERGY INTELLIGENCE GROUP, INC. / ENERGY INTELLIGENCE GROUP (UK) LIMITED.",2015,560
Iraq,Basrah Light,Source: Energy Intelligence,"COPYRIGHT © 2001-2021 ENERGY INTELLIGENCE GROUP, INC. / ENERGY INTELLIGENCE GROUP (UK) LIMITED.",2015,2309
Iraq,Basrah Heavy,Source: Energy Intelligence,"COPYRIGHT © 2001-2021 ENERGY INTELLIGENCE GROUP, INC. / ENERGY INTELLIGENCE GROUP (UK) LIMITED.",2015,535
Iraq,Other Crudes - Iraq,Source: Energy Intelligence,"COPYRIGHT © 2001-2021 ENERGY INTELLIGENCE GROUP, INC. / ENERGY INTELLIGENCE GROUP (UK) LIMITED.",2016,30.68
Iraq,Kirkuk,Source: Energy Intelligence,"COPYRIGHT © 2001-2021 ENERGY INTELLIGENCE GROUP, INC. / ENERGY INTELLIGENCE GROUP (UK) LIMITED.",2016,494
Iraq,Basrah Light,Source: Energy Intelligence,"COPYRIGHT © 2001-2021 ENERGY INTELLIGENCE GROUP, INC. / ENERGY INTELLIGENCE GROUP (UK) LIMITED.",2016,2457.32
Iraq,Basrah Heavy,Source: Energy Intelligence,"COPYRIGHT © 2001-2021 ENERGY INTELLIGENCE GROUP, INC. / ENERGY INTELLIGENCE GROUP (UK) LIMITED.",2016,838
Iraq,Other Crudes - Iraq,Source: Energy Intelligence,"COPYRIGHT © 2001-2021 ENERGY INTELLIGENCE GROUP, INC. / ENERGY INTELLIGENCE GROUP (UK) LIMITED.",2017,4.41
Iraq,Kirkuk,Source: Energy Intelligence,"COPYRIGHT © 2001-2021 ENERGY INTELLIGENCE GROUP, INC. / ENERGY INTELLIGENCE GROUP (UK) LIMITED.",2017,505
Iraq,Basrah Light,Source: Energy Intelligence,"COPYRIGHT © 2001-2021 ENERGY INTELLIGENCE GROUP, INC. / ENERGY INTELLIGENCE GROUP (UK) LIMITED.",2017,2492.36
Iraq,Basrah Heavy,Source: Energy Intelligence,"COPYRIGHT © 2001-2021 ENERGY INTELLIGENCE GROUP, INC. / ENERGY INTELLIGENCE GROUP (UK) LIMITED.",2017,810
Iraq,Other Crudes - Iraq,Source: Energy Intelligence,"COPYRIGHT © 2001-2021 ENERGY INTELLIGENCE GROUP, INC. / ENERGY INTELLIGENCE GROUP (UK) LIMITED.",2018,130.32
Iraq,Kirkuk,Source: Energy Intelligence,"COPYRIGHT © 2001-2021 ENERGY INTELLIGENCE GROUP, INC. / ENERGY INTELLIGENCE GROUP (UK) LIMITED.",2018,296.68
Iraq,Basrah Light,Source: Energy Intelligence,"COPYRIGHT © 2001-2021 ENERGY INTELLIGENCE GROUP, INC. / ENERGY INTELLIGENCE GROUP (UK) LIMITED.",2018,2654
Iraq,Basrah Heavy,Source: Energy Intelligence,"COPYRIGHT © 2001-2021 ENERGY INTELLIGENCE GROUP, INC. / ENERGY INTELLIGENCE GROUP (UK) LIMITED.",2018,829
Iraq,Other Crudes - Iraq,Source: Energy Intelligence,"COPYRIGHT © 2001-2021 ENERGY INTELLIGENCE GROUP, INC. / ENERGY INTELLIGENCE GROUP (UK) LIMITED.",2019,72.39
Iraq,Kirkuk,Source: Energy Intelligence,"COPYRIGHT © 2001-2021 ENERGY INTELLIGENCE GROUP, INC. / ENERGY INTELLIGENCE GROUP (UK) LIMITED.",2019,484.35
Iraq,Basrah Light,Source: Energy Intelligence,"COPYRIGHT © 2001-2021 ENERGY INTELLIGENCE GROUP, INC. / ENERGY INTELLIGENCE GROUP (UK) LIMITED.",2019,2530
Iraq,Basrah Heavy,Source: Energy Intelligence,"COPYRIGHT © 2001-2021 ENERGY INTELLIGENCE GROUP, INC. / ENERGY INTELLIGENCE GROUP (UK) LIMITED.",2019,868
Iraq,Other Crudes - Iraq,Source: Energy Intelligence,"COPYRIGHT © 2001-2021 ENERGY INTELLIGENCE GROUP, INC. / ENERGY INTELLIGENCE GROUP (UK) LIMITED.",2020,53.3
Iraq,Kirkuk,Source: Energy Intelligence,"COPYRIGHT © 2001-2021 ENERGY INTELLIGENCE GROUP, INC. / ENERGY INTELLIGENCE GROUP (UK) LIMITED.",2020,468.66
Iraq,Basrah Medium,Source: Energy Intelligence,"COPYRIGHT © 2001-2021 ENERGY INTELLIGENCE GROUP, INC. / ENERGY INTELLIGENCE GROUP (UK) LIMITED.",2020,0
Iraq,Basrah Light,Source: Energy Intelligence,"COPYRIGHT © 2001-2021 ENERGY INTELLIGENCE GROUP, INC. / ENERGY INTELLIGENCE GROUP (UK) LIMITED.",2020,2114
Iraq,Basrah Heavy,Source: Energy Intelligence,"COPYRIGHT © 2001-2021 ENERGY INTELLIGENCE GROUP, INC. / ENERGY INTELLIGENCE GROUP (UK) LIMITED.",2020,784
Iraq,Other Crudes - Iraq,Source: Energy Intelligence,"COPYRIGHT © 2001-2021 ENERGY INTELLIGENCE GROUP, INC. / ENERGY INTELLIGENCE GROUP (UK) LIMITED.",2021,47
Iraq,Kirkuk,Source: Energy Intelligence,"COPYRIGHT © 2001-2021 ENERGY INTELLIGENCE GROUP, INC. / ENERGY INTELLIGENCE GROUP (UK) LIMITED.",2021,433
Iraq,Basrah Medium,Source: Energy Intelligence,"COPYRIGHT © 2001-2021 ENERGY INTELLIGENCE GROUP, INC. / ENERGY INTELLIGENCE GROUP (UK) LIMITED.",2021,1082
Iraq,Basrah Light,Source: Energy Intelligence,"COPYRIGHT © 2001-2021 ENERGY INTELLIGENCE GROUP, INC. / ENERGY INTELLIGENCE GROUP (UK) LIMITED.",2021,893
Iraq,Basrah Heavy,Source: Energy Intelligence,"COPYRIGHT © 2001-2021 ENERGY INTELLIGENCE GROUP, INC. / ENERGY INTELLIGENCE GROUP (UK) LIMITED.",2021,974
Iraq,Other Crudes - Iraq,Source: Energy Intelligence,"COPYRIGHT © 2001-2021 ENERGY INTELLIGENCE GROUP, INC. / ENERGY INTELLIGENCE GROUP (UK) LIMITED.",2022,23
Iraq,Kurdish crude,Source: Energy Intelligence,"COPYRIGHT © 2001-2021 ENERGY INTELLIGENCE GROUP, INC. / ENERGY INTELLIGENCE GROUP (UK) LIMITED.",2022,389
Iraq,Kirkuk,Source: Energy Intelligence,"COPYRIGHT © 2001-2021 ENERGY INTELLIGENCE GROUP, INC. / ENERGY INTELLIGENCE GROUP (UK) LIMITED.",2022,82
Iraq,Basrah Medium,Source: Energy Intelligence,"COPYRIGHT © 2001-2021 ENERGY INTELLIGENCE GROUP, INC. / ENERGY INTELLIGENCE GROUP (UK) LIMITED.",2022,2165
Iraq,Basrah Light,Source: Energy Intelligence,"COPYRIGHT © 2001-2021 ENERGY INTELLIGENCE GROUP, INC. / ENERGY INTELLIGENCE GROUP (UK) LIMITED.",2022,0
Iraq,Basrah Heavy,Source: Energy Intelligence,"COPYRIGHT © 2001-2021 ENERGY INTELLIGENCE GROUP, INC. / ENERGY INTELLIGENCE GROUP (UK) LIMITED.",2022,1071
Iraq,Other Crudes - Iraq,Source: Energy Intelligence,"COPYRIGHT © 2001-2021 ENERGY INTELLIGENCE GROUP, INC. / ENERGY INTELLIGENCE GROUP (UK) LIMITED.",2023,0
Iraq,Kurdish crude,Source: Energy Intelligence,"COPYRIGHT © 2001-2021 ENERGY INTELLIGENCE GROUP, INC. / ENERGY INTELLIGENCE GROUP (UK) LIMITED.",2023,88
Iraq,Kirkuk,Source: Energy Intelligence,"COPYRIGHT © 2001-2021 ENERGY INTELLIGENCE GROUP, INC. / ENERGY INTELLIGENCE GROUP (UK) LIMITED.",2023,23
Iraq,Basrah Medium,Source: Energy Intelligence,"COPYRIGHT © 2001-2021 ENERGY INTELLIGENCE GROUP, INC. / ENERGY INTELLIGENCE GROUP (UK) LIMITED.",2023,2246
Iraq,Basrah Heavy,Source: Energy Intelligence,"COPYRIGHT © 2001-2021 ENERGY INTELLIGENCE GROUP, INC. / ENERGY INTELLIGENCE GROUP (UK) LIMITED.",2023,1087
Iraq,Kurdish crude,Source: Energy Intelligence,"COPYRIGHT © 2001-2021 ENERGY INTELLIGENCE GROUP, INC. / ENERGY INTELLIGENCE GROUP (UK) LIMITED.",2024,0
Iraq,Kirkuk,Source: Energy Intelligence,"COPYRIGHT © 2001-2021 ENERGY INTELLIGENCE GROUP, INC. / ENERGY INTELLIGENCE GROUP (UK) LIMITED.",2024,0
Iraq,Basrah Medium,Source: Energy Intelligence,"COPYRIGHT © 2001-2021 ENERGY INTELLIGENCE GROUP, INC. / ENERGY INTELLIGENCE GROUP (UK) LIMITED.",2024,2229
Iraq,Basrah Heavy,Source: Energy Intelligence,"COPYRIGHT © 2001-2021 ENERGY INTELLIGENCE GROUP, INC. / ENERGY INTELLIGENCE GROUP (UK) LIMITED.",2024,1138
Kazakhstan,Other Crudes - Kazakhstan,Source: Energy Intelligence,"COPYRIGHT © 2001-2021 ENERGY INTELLIGENCE GROUP, INC. / ENERGY INTELLIGENCE GROUP (UK) LIMITED.",2006,495.19
Kazakhstan,CPC Blend - Kazakhstan,Source: Energy Intelligence,"COPYRIGHT © 2001-2021 ENERGY INTELLIGENCE GROUP, INC. / ENERGY INTELLIGENCE GROUP (UK) LIMITED.",2006,650
Kazakhstan,Aktobe,Source: Energy Intelligence,"COPYRIGHT © 2001-2021 ENERGY INTELLIGENCE GROUP, INC. / ENERGY INTELLIGENCE GROUP (UK) LIMITED.",2006,0
Kazakhstan,Other Crudes - Kazakhstan,Source: Energy Intelligence,"COPYRIGHT © 2001-2021 ENERGY INTELLIGENCE GROUP, INC. / ENERGY INTELLIGENCE GROUP (UK) LIMITED.",2007,517
Kazakhstan,CPC Blend - Kazakhstan,Source: Energy Intelligence,"COPYRIGHT © 2001-2021 ENERGY INTELLIGENCE GROUP, INC. / ENERGY INTELLIGENCE GROUP (UK) LIMITED.",2007,700
Kazakhstan,Other Crudes - Kazakhstan,Source: Energy Intelligence,"COPYRIGHT © 2001-2021 ENERGY INTELLIGENCE GROUP, INC. / ENERGY INTELLIGENCE GROUP (UK) LIMITED.",2008,612
Kazakhstan,CPC Blend - Kazakhstan,Source: Energy Intelligence,"COPYRIGHT © 2001-2021 ENERGY INTELLIGENCE GROUP, INC. / ENERGY INTELLIGENCE GROUP (UK) LIMITED.",2008,672
Kazakhstan,Tengiz,Source: Energy Intelligence,"COPYRIGHT © 2001-2021 ENERGY INTELLIGENCE GROUP, INC. / ENERGY INTELLIGENCE GROUP (UK) LIMITED.",2009,62
Kazakhstan,Other Crudes - Kazakhstan,Source: Energy Intelligence,"COPYRIGHT © 2001-2021 ENERGY INTELLIGENCE GROUP, INC. / ENERGY INTELLIGENCE GROUP (UK) LIMITED.",2009,457
Kazakhstan,Kumkol,Source: Energy Intelligence,"COPYRIGHT © 2001-2021 ENERGY INTELLIGENCE GROUP, INC. / ENERGY INTELLIGENCE GROUP (UK) LIMITED.",2009,90
Kazakhstan,Karachaganak Condensate,Source: Energy Intelligence,"COPYRIGHT © 2001-2021 ENERGY INTELLIGENCE GROUP, INC. / ENERGY INTELLIGENCE GROUP (UK) LIMITED.",2009,99
Kazakhstan,CPC Blend - Kazakhstan,Source: Energy Intelligence,"COPYRIGHT © 2001-2021 ENERGY INTELLIGENCE GROUP, INC. / ENERGY INTELLIGENCE GROUP (UK) LIMITED.",2009,739
Kazakhstan,Tengiz,Source: Energy Intelligence,"COPYRIGHT © 2001-2021 ENERGY INTELLIGENCE GROUP, INC. / ENERGY INTELLIGENCE GROUP (UK) LIMITED.",2010,130
Kazakhstan,Other Crudes - Kazakhstan,Source: Energy Intelligence,"COPYRIGHT © 2001-2021 ENERGY INTELLIGENCE GROUP, INC. / ENERGY INTELLIGENCE GROUP (UK) LIMITED.",2010,366.9
Kazakhstan,Kumkol,Source: Energy Intelligence,"COPYRIGHT © 2001-2021 ENERGY INTELLIGENCE GROUP, INC. / ENERGY INTELLIGENCE GROUP (UK) LIMITED.",2010,95
Kazakhstan,Karachaganak Condensate,Source: Energy Intelligence,"COPYRIGHT © 2001-2021 ENERGY INTELLIGENCE GROUP, INC. / ENERGY INTELLIGENCE GROUP (UK) LIMITED.",2010,88
Kazakhstan,CPC Blend - Kazakhstan,Source: Energy Intelligence,"COPYRIGHT © 2001-2021 ENERGY INTELLIGENCE GROUP, INC. / ENERGY INTELLIGENCE GROUP (UK) LIMITED.",2010,750
Kazakhstan,Tengiz,Source: Energy Intelligence,"COPYRIGHT © 2001-2021 ENERGY INTELLIGENCE GROUP, INC. / ENERGY INTELLIGENCE GROUP (UK) LIMITED.",2011,135
Kazakhstan,Other Crudes - Kazakhstan,Source: Energy Intelligence,"COPYRIGHT © 2001-2021 ENERGY INTELLIGENCE GROUP, INC. / ENERGY INTELLIGENCE GROUP (UK) LIMITED.",2011,306.2
Kazakhstan,Kumkol,Source: Energy Intelligence,"COPYRIGHT © 2001-2021 ENERGY INTELLIGENCE GROUP, INC. / ENERGY INTELLIGENCE GROUP (UK) LIMITED.",2011,90
Kazakhstan,Karachaganak Condensate,Source: Energy Intelligence,"COPYRIGHT © 2001-2021 ENERGY INTELLIGENCE GROUP, INC. / ENERGY INTELLIGENCE GROUP (UK) LIMITED.",2011,217.8
Kazakhstan,CPC Blend - Kazakhstan,Source: Energy Intelligence,"COPYRIGHT © 2001-2021 ENERGY INTELLIGENCE GROUP, INC. / ENERGY INTELLIGENCE GROUP (UK) LIMITED.",2011,671
Kazakhstan,Tengiz,Source: Energy Intelligence,"COPYRIGHT © 2001-2021 ENERGY INTELLIGENCE GROUP, INC. / ENERGY INTELLIGENCE GROUP (UK) LIMITED.",2012,120
Kazakhstan,Other Crudes - Kazakhstan,Source: Energy Intelligence,"COPYRIGHT © 2001-2021 ENERGY INTELLIGENCE GROUP, INC. / ENERGY INTELLIGENCE GROUP (UK) LIMITED.",2012,274.6
Kazakhstan,Kumkol,Source: Energy Intelligence,"COPYRIGHT © 2001-2021 ENERGY INTELLIGENCE GROUP, INC. / ENERGY INTELLIGENCE GROUP (UK) LIMITED.",2012,85
Kazakhstan,Kashagan,Source: Energy Intelligence,"COPYRIGHT © 2001-2021 ENERGY INTELLIGENCE GROUP, INC. / ENERGY INTELLIGENCE GROUP (UK) LIMITED.",2012,0
Kazakhstan,Karachaganak Condensate,Source: Energy Intelligence,"COPYRIGHT © 2001-2021 ENERGY INTELLIGENCE GROUP, INC. / ENERGY INTELLIGENCE GROUP (UK) LIMITED.",2012,225.4
Kazakhstan,CPC Blend - Kazakhstan,Source: Energy Intelligence,"COPYRIGHT © 2001-2021 ENERGY INTELLIGENCE GROUP, INC. / ENERGY INTELLIGENCE GROUP (UK) LIMITED.",2012,645
Kazakhstan,Tengiz,Source: Energy Intelligence,"COPYRIGHT © 2001-2021 ENERGY INTELLIGENCE GROUP, INC. / ENERGY INTELLIGENCE GROUP (UK) LIMITED.",2013,157.19
Kazakhstan,Other Crudes - Kazakhstan,Source: Energy Intelligence,"COPYRIGHT © 2001-2021 ENERGY INTELLIGENCE GROUP, INC. / ENERGY INTELLIGENCE GROUP (UK) LIMITED.",2013,254.44
Kazakhstan,Kumkol,Source: Energy Intelligence,"COPYRIGHT © 2001-2021 ENERGY INTELLIGENCE GROUP, INC. / ENERGY INTELLIGENCE GROUP (UK) LIMITED.",2013,59.26
Kazakhstan,Kashagan,Source: Energy Intelligence,"COPYRIGHT © 2001-2021 ENERGY INTELLIGENCE GROUP, INC. / ENERGY INTELLIGENCE GROUP (UK) LIMITED.",2013,0
Kazakhstan,Karachaganak Condensate,Source: Energy Intelligence,"COPYRIGHT © 2001-2021 ENERGY INTELLIGENCE GROUP, INC. / ENERGY INTELLIGENCE GROUP (UK) LIMITED.",2013,234.23
Kazakhstan,CPC Blend - Kazakhstan,Source: Energy Intelligence,"COPYRIGHT © 2001-2021 ENERGY INTELLIGENCE GROUP, INC. / ENERGY INTELLIGENCE GROUP (UK) LIMITED.",2013,704.6
Kazakhstan,Tengiz,Source: Energy Intelligence,"COPYRIGHT © 2001-2021 ENERGY INTELLIGENCE GROUP, INC. / ENERGY INTELLIGENCE GROUP (UK) LIMITED.",2014,60.04
Kazakhstan,Other Crudes - Kazakhstan,Source: Energy Intelligence,"COPYRIGHT © 2001-2021 ENERGY INTELLIGENCE GROUP, INC. / ENERGY INTELLIGENCE GROUP (UK) LIMITED.",2014,210.45
Kazakhstan,Kumkol,Source: Energy Intelligence,"COPYRIGHT © 2001-2021 ENERGY INTELLIGENCE GROUP, INC. / ENERGY INTELLIGENCE GROUP (UK) LIMITED.",2014,60.2
Kazakhstan,Kashagan,Source: Energy Intelligence,"COPYRIGHT © 2001-2021 ENERGY INTELLIGENCE GROUP, INC. / ENERGY INTELLIGENCE GROUP (UK) LIMITED.",2014,0
Kazakhstan,Karachaganak Condensate,Source: Energy Intelligence,"COPYRIGHT © 2001-2021 ENERGY INTELLIGENCE GROUP, INC. / ENERGY INTELLIGENCE GROUP (UK) LIMITED.",2014,245.53
Kazakhstan,CPC Blend - Kazakhstan,Source: Energy Intelligence,"COPYRIGHT © 2001-2021 ENERGY INTELLIGENCE GROUP, INC. / ENERGY INTELLIGENCE GROUP (UK) LIMITED.",2014,864.87
Kazakhstan,Tengiz,Source: Energy Intelligence,"COPYRIGHT © 2001-2021 ENERGY INTELLIGENCE GROUP, INC. / ENERGY INTELLIGENCE GROUP (UK) LIMITED.",2015,73.48
Kazakhstan,Other Crudes - Kazakhstan,Source: Energy Intelligence,"COPYRIGHT © 2001-2021 ENERGY INTELLIGENCE GROUP, INC. / ENERGY INTELLIGENCE GROUP (UK) LIMITED.",2015,120.83
Kazakhstan,Kumkol,Source: Energy Intelligence,"COPYRIGHT © 2001-2021 ENERGY INTELLIGENCE GROUP, INC. / ENERGY INTELLIGENCE GROUP (UK) LIMITED.",2015,61.1
Kazakhstan,Kashagan,Source: Energy Intelligence,"COPYRIGHT © 2001-2021 ENERGY INTELLIGENCE GROUP, INC. / ENERGY INTELLIGENCE GROUP (UK) LIMITED.",2015,0
Kazakhstan,Karachaganak Condensate,Source: Energy Intelligence,"COPYRIGHT © 2001-2021 ENERGY INTELLIGENCE GROUP, INC. / ENERGY INTELLIGENCE GROUP (UK) LIMITED.",2015,240.91
Kazakhstan,CPC Blend - Kazakhstan,Source: Energy Intelligence,"COPYRIGHT © 2001-2021 ENERGY INTELLIGENCE GROUP, INC. / ENERGY INTELLIGENCE GROUP (UK) LIMITED.",2015,858.69
Kazakhstan,Tengiz,Source: Energy Intelligence,"COPYRIGHT © 2001-2021 ENERGY INTELLIGENCE GROUP, INC. / ENERGY INTELLIGENCE GROUP (UK) LIMITED.",2016,24.71
Kazakhstan,Other Crudes - Kazakhstan,Source: Energy Intelligence,"COPYRIGHT © 2001-2021 ENERGY INTELLIGENCE GROUP, INC. / ENERGY INTELLIGENCE GROUP (UK) LIMITED.",2016,11.13
Kazakhstan,Kumkol,Source: Energy Intelligence,"COPYRIGHT © 2001-2021 ENERGY INTELLIGENCE GROUP, INC. / ENERGY INTELLIGENCE GROUP (UK) LIMITED.",2016,53.68
Kazakhstan,Kashagan,Source: Energy Intelligence,"COPYRIGHT © 2001-2021 ENERGY INTELLIGENCE GROUP, INC. / ENERGY INTELLIGENCE GROUP (UK) LIMITED.",2016,19.34
Kazakhstan,Karachaganak Condensate,Source: Energy Intelligence,"COPYRIGHT © 2001-2021 ENERGY INTELLIGENCE GROUP, INC. / ENERGY INTELLIGENCE GROUP (UK) LIMITED.",2016,232.91
Kazakhstan,CPC Blend - Kazakhstan,Source: Energy Intelligence,"COPYRIGHT © 2001-2021 ENERGY INTELLIGENCE GROUP, INC. / ENERGY INTELLIGENCE GROUP (UK) LIMITED.",2016,958.45
Kazakhstan,Tengiz,Source: Energy Intelligence,"COPYRIGHT © 2001-2021 ENERGY INTELLIGENCE GROUP, INC. / ENERGY INTELLIGENCE GROUP (UK) LIMITED.",2017,623.07
Kazakhstan,Other Crudes - Kazakhstan,Source: Energy Intelligence,"COPYRIGHT © 2001-2021 ENERGY INTELLIGENCE GROUP, INC. / ENERGY INTELLIGENCE GROUP (UK) LIMITED.",2017,172.04
Kazakhstan,Kumkol,Source: Energy Intelligence,"COPYRIGHT © 2001-2021 ENERGY INTELLIGENCE GROUP, INC. / ENERGY INTELLIGENCE GROUP (UK) LIMITED.",2017,48.12
Kazakhstan,Kashagan,Source: Energy Intelligence,"COPYRIGHT © 2001-2021 ENERGY INTELLIGENCE GROUP, INC. / ENERGY INTELLIGENCE GROUP (UK) LIMITED.",2017,181.81
Kazakhstan,Karachaganak Condensate,Source: Energy Intelligence,"COPYRIGHT © 2001-2021 ENERGY INTELLIGENCE GROUP, INC. / ENERGY INTELLIGENCE GROUP (UK) LIMITED.",2017,270.51
Kazakhstan,CPC Blend - Kazakhstan,Source: Energy Intelligence,"COPYRIGHT © 2001-2021 ENERGY INTELLIGENCE GROUP, INC. / ENERGY INTELLIGENCE GROUP (UK) LIMITED.",2017,1193.15
Kazakhstan,Tengiz,Source: Energy Intelligence,"COPYRIGHT © 2001-2021 ENERGY INTELLIGENCE GROUP, INC. / ENERGY INTELLIGENCE GROUP (UK) LIMITED.",2018,621.43
Kazakhstan,Other Crudes - Kazakhstan,Source: Energy Intelligence,"COPYRIGHT © 2001-2021 ENERGY INTELLIGENCE GROUP, INC. / ENERGY INTELLIGENCE GROUP (UK) LIMITED.",2018,260.76
Kazakhstan,Kumkol,Source: Energy Intelligence,"COPYRIGHT © 2001-2021 ENERGY INTELLIGENCE GROUP, INC. / ENERGY INTELLIGENCE GROUP (UK) LIMITED.",2018,43.31
Kazakhstan,Kashagan,Source: Energy Intelligence,"COPYRIGHT © 2001-2021 ENERGY INTELLIGENCE GROUP, INC. / ENERGY INTELLIGENCE GROUP (UK) LIMITED.",2018,287.71
Kazakhstan,Karachaganak Condensate,Source: Energy Intelligence,"COPYRIGHT © 2001-2021 ENERGY INTELLIGENCE GROUP, INC. / ENERGY INTELLIGENCE GROUP (UK) LIMITED.",2018,263.54
Kazakhstan,CPC Blend - Kazakhstan,Source: Energy Intelligence,"COPYRIGHT © 2001-2021 ENERGY INTELLIGENCE GROUP, INC. / ENERGY INTELLIGENCE GROUP (UK) LIMITED.",2018,1323.77
Kazakhstan,Tengiz,Source: Energy Intelligence,"COPYRIGHT © 2001-2021 ENERGY INTELLIGENCE GROUP, INC. / ENERGY INTELLIGENCE GROUP (UK) LIMITED.",2019,646.61
Kazakhstan,Other Crudes - Kazakhstan,Source: Energy Intelligence,"COPYRIGHT © 2001-2021 ENERGY INTELLIGENCE GROUP, INC. / ENERGY INTELLIGENCE GROUP (UK) LIMITED.",2019,224
Kazakhstan,Kumkol,Source: Energy Intelligence,"COPYRIGHT © 2001-2021 ENERGY INTELLIGENCE GROUP, INC. / ENERGY INTELLIGENCE GROUP (UK) LIMITED.",2019,36.66
Kazakhstan,Kashagan,Source: Energy Intelligence,"COPYRIGHT © 2001-2021 ENERGY INTELLIGENCE GROUP, INC. / ENERGY INTELLIGENCE GROUP (UK) LIMITED.",2019,307.21
Kazakhstan,Karachaganak Condensate,Source: Energy Intelligence,"COPYRIGHT © 2001-2021 ENERGY INTELLIGENCE GROUP, INC. / ENERGY INTELLIGENCE GROUP (UK) LIMITED.",2019,244.05
Kazakhstan,CPC Blend - Kazakhstan,Source: Energy Intelligence,"COPYRIGHT © 2001-2021 ENERGY INTELLIGENCE GROUP, INC. / ENERGY INTELLIGENCE GROUP (UK) LIMITED.",2019,1372.77
Kazakhstan,Tengiz,Source: Energy Intelligence,"COPYRIGHT © 2001-2021 ENERGY INTELLIGENCE GROUP, INC. / ENERGY INTELLIGENCE GROUP (UK) LIMITED.",2020,572.87
Kazakhstan,Other Crudes - Kazakhstan,Source: Energy Intelligence,"COPYRIGHT © 2001-2021 ENERGY INTELLIGENCE GROUP, INC. / ENERGY INTELLIGENCE GROUP (UK) LIMITED.",2020,256.42
Kazakhstan,Kumkol,Source: Energy Intelligence,"COPYRIGHT © 2001-2021 ENERGY INTELLIGENCE GROUP, INC. / ENERGY INTELLIGENCE GROUP (UK) LIMITED.",2020,27.97
Kazakhstan,Kashagan,Source: Energy Intelligence,"COPYRIGHT © 2001-2021 ENERGY INTELLIGENCE GROUP, INC. / ENERGY INTELLIGENCE GROUP (UK) LIMITED.",2020,328.77
Kazakhstan,Karachaganak Condensate,Source: Energy Intelligence,"COPYRIGHT © 2001-2021 ENERGY INTELLIGENCE GROUP, INC. / ENERGY INTELLIGENCE GROUP (UK) LIMITED.",2020,262.41
Kazakhstan,CPC Blend - Kazakhstan,Source: Energy Intelligence,"COPYRIGHT © 2001-2021 ENERGY INTELLIGENCE GROUP, INC. / ENERGY INTELLIGENCE GROUP (UK) LIMITED.",2020,1278
Kazakhstan,Tengiz,Source: Energy Intelligence,"COPYRIGHT © 2001-2021 ENERGY INTELLIGENCE GROUP, INC. / ENERGY INTELLIGENCE GROUP (UK) LIMITED.",2021,576.65
Kazakhstan,Other Crudes - Kazakhstan,Source: Energy Intelligence,"COPYRIGHT © 2001-2021 ENERGY INTELLIGENCE GROUP, INC. / ENERGY INTELLIGENCE GROUP (UK) LIMITED.",2021,204.06
Kazakhstan,Kumkol,Source: Energy Intelligence,"COPYRIGHT © 2001-2021 ENERGY INTELLIGENCE GROUP, INC. / ENERGY INTELLIGENCE GROUP (UK) LIMITED.",2021,25.44
Kazakhstan,Kashagan,Source: Energy Intelligence,"COPYRIGHT © 2001-2021 ENERGY INTELLIGENCE GROUP, INC. / ENERGY INTELLIGENCE GROUP (UK) LIMITED.",2021,353.03
Kazakhstan,Karachaganak Condensate,Source: Energy Intelligence,"COPYRIGHT © 2001-2021 ENERGY INTELLIGENCE GROUP, INC. / ENERGY INTELLIGENCE GROUP (UK) LIMITED.",2021,248.69
Kazakhstan,CPC Blend - Kazakhstan,Source: Energy Intelligence,"COPYRIGHT © 2001-2021 ENERGY INTELLIGENCE GROUP, INC. / ENERGY INTELLIGENCE GROUP (UK) LIMITED.",2021,1320.62
Kazakhstan,Tengiz,Source: Energy Intelligence,"COPYRIGHT © 2001-2021 ENERGY INTELLIGENCE GROUP, INC. / ENERGY INTELLIGENCE GROUP (UK) LIMITED.",2022,633.29
Kazakhstan,Other Crudes - Kazakhstan,Source: Energy Intelligence,"COPYRIGHT © 2001-2021 ENERGY INTELLIGENCE GROUP, INC. / ENERGY INTELLIGENCE GROUP (UK) LIMITED.",2022,82.67
Kazakhstan,Kumkol,Source: Energy Intelligence,"COPYRIGHT © 2001-2021 ENERGY INTELLIGENCE GROUP, INC. / ENERGY INTELLIGENCE GROUP (UK) LIMITED.",2022,22.48
Kazakhstan,Kebco,Source: Energy Intelligence,"COPYRIGHT © 2001-2021 ENERGY INTELLIGENCE GROUP, INC. / ENERGY INTELLIGENCE GROUP (UK) LIMITED.",2022,117
Kazakhstan,Kashagan,Source: Energy Intelligence,"COPYRIGHT © 2001-2021 ENERGY INTELLIGENCE GROUP, INC. / ENERGY INTELLIGENCE GROUP (UK) LIMITED.",2022,276.28
Kazakhstan,Karachaganak Condensate,Source: Energy Intelligence,"COPYRIGHT © 2001-2021 ENERGY INTELLIGENCE GROUP, INC. / ENERGY INTELLIGENCE GROUP (UK) LIMITED.",2022,243.67
Kazakhstan,CPC Blend - Kazakhstan,Source: Energy Intelligence,"COPYRIGHT © 2001-2021 ENERGY INTELLIGENCE GROUP, INC. / ENERGY INTELLIGENCE GROUP (UK) LIMITED.",2022,1270.73
Kazakhstan,Tengiz,Source: Energy Intelligence,"COPYRIGHT © 2001-2021 ENERGY INTELLIGENCE GROUP, INC. / ENERGY INTELLIGENCE GROUP (UK) LIMITED.",2023,627.03
Kazakhstan,Other Crudes - Kazakhstan,Source: Energy Intelligence,"COPYRIGHT © 2001-2021 ENERGY INTELLIGENCE GROUP, INC. / ENERGY INTELLIGENCE GROUP (UK) LIMITED.",2023,246.93
Kazakhstan,Kumkol,Source: Energy Intelligence,"COPYRIGHT © 2001-2021 ENERGY INTELLIGENCE GROUP, INC. / ENERGY INTELLIGENCE GROUP (UK) LIMITED.",2023,20.58
Kazakhstan,Kebco,Source: Energy Intelligence,"COPYRIGHT © 2001-2021 ENERGY INTELLIGENCE GROUP, INC. / ENERGY INTELLIGENCE GROUP (UK) LIMITED.",2023,226.89
Kazakhstan,Kashagan,Source: Energy Intelligence,"COPYRIGHT © 2001-2021 ENERGY INTELLIGENCE GROUP, INC. / ENERGY INTELLIGENCE GROUP (UK) LIMITED.",2023,408.47
Kazakhstan,Karachaganak Condensate,Source: Energy Intelligence,"COPYRIGHT © 2001-2021 ENERGY INTELLIGENCE GROUP, INC. / ENERGY INTELLIGENCE GROUP (UK) LIMITED.",2023,261.25
Kazakhstan,CPC Blend - Kazakhstan,Source: Energy Intelligence,"COPYRIGHT © 2001-2021 ENERGY INTELLIGENCE GROUP, INC. / ENERGY INTELLIGENCE GROUP (UK) LIMITED.",2023,1244.5
Kazakhstan,Tengiz,Source: Energy Intelligence,"COPYRIGHT © 2001-2021 ENERGY INTELLIGENCE GROUP, INC. / ENERGY INTELLIGENCE GROUP (UK) LIMITED.",2024,602.2
Kazakhstan,Other Crudes - Kazakhstan,Source: Energy Intelligence,"COPYRIGHT © 2001-2021 ENERGY INTELLIGENCE GROUP, INC. / ENERGY INTELLIGENCE GROUP (UK) LIMITED.",2024,254.08
Kazakhstan,Kumkol,Source: Energy Intelligence,"COPYRIGHT © 2001-2021 ENERGY INTELLIGENCE GROUP, INC. / ENERGY INTELLIGENCE GROUP (UK) LIMITED.",2024,17.98
Kazakhstan,Kebco,Source: Energy Intelligence,"COPYRIGHT © 2001-2021 ENERGY INTELLIGENCE GROUP, INC. / ENERGY INTELLIGENCE GROUP (UK) LIMITED.",2024,212.4
Kazakhstan,Kashagan,Source: Energy Intelligence,"COPYRIGHT © 2001-2021 ENERGY INTELLIGENCE GROUP, INC. / ENERGY INTELLIGENCE GROUP (UK) LIMITED.",2024,378.39
Kazakhstan,Karachaganak Condensate,Source: Energy Intelligence,"COPYRIGHT © 2001-2021 ENERGY INTELLIGENCE GROUP, INC. / ENERGY INTELLIGENCE GROUP (UK) LIMITED.",2024,263
Kazakhstan,CPC Blend - Kazakhstan,Source: Energy Intelligence,"COPYRIGHT © 2001-2021 ENERGY INTELLIGENCE GROUP, INC. / ENERGY INTELLIGENCE GROUP (UK) LIMITED.",2024,1190.99
Kuwait,Other Crudes - Kuwait,Source: Energy Intelligence,"COPYRIGHT © 2001-2021 ENERGY INTELLIGENCE GROUP, INC. / ENERGY INTELLIGENCE GROUP (UK) LIMITED.",2006,0
Kuwait,Kuwait,Source: Energy Intelligence,"COPYRIGHT © 2001-2021 ENERGY INTELLIGENCE GROUP, INC. / ENERGY INTELLIGENCE GROUP (UK) LIMITED.",2006,1725
Kuwait,Other Crudes - Kuwait,Source: Energy Intelligence,"COPYRIGHT © 2001-2021 ENERGY INTELLIGENCE GROUP, INC. / ENERGY INTELLIGENCE GROUP (UK) LIMITED.",2007,0
Kuwait,Kuwait,Source: Energy Intelligence,"COPYRIGHT © 2001-2021 ENERGY INTELLIGENCE GROUP, INC. / ENERGY INTELLIGENCE GROUP (UK) LIMITED.",2007,1596
Kuwait,Other Crudes - Kuwait,Source: Energy Intelligence,"COPYRIGHT © 2001-2021 ENERGY INTELLIGENCE GROUP, INC. / ENERGY INTELLIGENCE GROUP (UK) LIMITED.",2008,0
Kuwait,Kuwait,Source: Energy Intelligence,"COPYRIGHT © 2001-2021 ENERGY INTELLIGENCE GROUP, INC. / ENERGY INTELLIGENCE GROUP (UK) LIMITED.",2008,1738
Kuwait,Other Crudes - Kuwait,Source: Energy Intelligence,"COPYRIGHT © 2001-2021 ENERGY INTELLIGENCE GROUP, INC. / ENERGY INTELLIGENCE GROUP (UK) LIMITED.",2009,0
Kuwait,Kuwait,Source: Energy Intelligence,"COPYRIGHT © 2001-2021 ENERGY INTELLIGENCE GROUP, INC. / ENERGY INTELLIGENCE GROUP (UK) LIMITED.",2009,1348
Kuwait,Other Crudes - Kuwait,Source: Energy Intelligence,"COPYRIGHT © 2001-2021 ENERGY INTELLIGENCE GROUP, INC. / ENERGY INTELLIGENCE GROUP (UK) LIMITED.",2010,0
Kuwait,Kuwait,Source: Energy Intelligence,"COPYRIGHT © 2001-2021 ENERGY INTELLIGENCE GROUP, INC. / ENERGY INTELLIGENCE GROUP (UK) LIMITED.",2010,1350
Kuwait,Other Crudes - Kuwait,Source: Energy Intelligence,"COPYRIGHT © 2001-2021 ENERGY INTELLIGENCE GROUP, INC. / ENERGY INTELLIGENCE GROUP (UK) LIMITED.",2011,0
Kuwait,Kuwait,Source: Energy Intelligence,"COPYRIGHT © 2001-2021 ENERGY INTELLIGENCE GROUP, INC. / ENERGY INTELLIGENCE GROUP (UK) LIMITED.",2011,1816
Kuwait,Other Crudes - Kuwait,Source: Energy Intelligence,"COPYRIGHT © 2001-2021 ENERGY INTELLIGENCE GROUP, INC. / ENERGY INTELLIGENCE GROUP (UK) LIMITED.",2012,0
Kuwait,Kuwait,Source: Energy Intelligence,"COPYRIGHT © 2001-2021 ENERGY INTELLIGENCE GROUP, INC. / ENERGY INTELLIGENCE GROUP (UK) LIMITED.",2012,2070
Kuwait,Other Crudes - Kuwait,Source: Energy Intelligence,"COPYRIGHT © 2001-2021 ENERGY INTELLIGENCE GROUP, INC. / ENERGY INTELLIGENCE GROUP (UK) LIMITED.",2013,0
Kuwait,Kuwait,Source: Energy Intelligence,"COPYRIGHT © 2001-2021 ENERGY INTELLIGENCE GROUP, INC. / ENERGY INTELLIGENCE GROUP (UK) LIMITED.",2013,2058
Kuwait,Other Crudes - Kuwait,Source: Energy Intelligence,"COPYRIGHT © 2001-2021 ENERGY INTELLIGENCE GROUP, INC. / ENERGY INTELLIGENCE GROUP (UK) LIMITED.",2014,0
Kuwait,Kuwait,Source: Energy Intelligence,"COPYRIGHT © 2001-2021 ENERGY INTELLIGENCE GROUP, INC. / ENERGY INTELLIGENCE GROUP (UK) LIMITED.",2014,1995
Kuwait,Other Crudes - Kuwait,Source: Energy Intelligence,"COPYRIGHT © 2001-2021 ENERGY INTELLIGENCE GROUP, INC. / ENERGY INTELLIGENCE GROUP (UK) LIMITED.",2015,0
Kuwait,Kuwait,Source: Energy Intelligence,"COPYRIGHT © 2001-2021 ENERGY INTELLIGENCE GROUP, INC. / ENERGY INTELLIGENCE GROUP (UK) LIMITED.",2015,1963.8
Kuwait,Other Crudes - Kuwait,Source: Energy Intelligence,"COPYRIGHT © 2001-2021 ENERGY INTELLIGENCE GROUP, INC. / ENERGY INTELLIGENCE GROUP (UK) LIMITED.",2016,0
Kuwait,Kuwait,Source: Energy Intelligence,"COPYRIGHT © 2001-2021 ENERGY INTELLIGENCE GROUP, INC. / ENERGY INTELLIGENCE GROUP (UK) LIMITED.",2016,2128.19
Kuwait,Other Crudes - Kuwait,Source: Energy Intelligence,"COPYRIGHT © 2001-2021 ENERGY INTELLIGENCE GROUP, INC. / ENERGY INTELLIGENCE GROUP (UK) LIMITED.",2017,0
Kuwait,Kuwait,Source: Energy Intelligence,"COPYRIGHT © 2001-2021 ENERGY INTELLIGENCE GROUP, INC. / ENERGY INTELLIGENCE GROUP (UK) LIMITED.",2017,2010
Kuwait,Kuwait Super Light,Source: Energy Intelligence,"COPYRIGHT © 2001-2021 ENERGY INTELLIGENCE GROUP, INC. / ENERGY INTELLIGENCE GROUP (UK) LIMITED.",2018,17.24
Kuwait,Kuwait Export Heavy,Source: Energy Intelligence,"COPYRIGHT © 2001-2021 ENERGY INTELLIGENCE GROUP, INC. / ENERGY INTELLIGENCE GROUP (UK) LIMITED.",2018,0
Kuwait,Kuwait,Source: Energy Intelligence,"COPYRIGHT © 2001-2021 ENERGY INTELLIGENCE GROUP, INC. / ENERGY INTELLIGENCE GROUP (UK) LIMITED.",2018,2032.76
Kuwait,Kuwait Super Light,Source: Energy Intelligence,"COPYRIGHT © 2001-2021 ENERGY INTELLIGENCE GROUP, INC. / ENERGY INTELLIGENCE GROUP (UK) LIMITED.",2019,56.52
Kuwait,Kuwait Export Heavy,Source: Energy Intelligence,"COPYRIGHT © 2001-2021 ENERGY INTELLIGENCE GROUP, INC. / ENERGY INTELLIGENCE GROUP (UK) LIMITED.",2019,0
Kuwait,Kuwait,Source: Energy Intelligence,"COPYRIGHT © 2001-2021 ENERGY INTELLIGENCE GROUP, INC. / ENERGY INTELLIGENCE GROUP (UK) LIMITED.",2019,1929.78
Kuwait,Other Crudes - Kuwait,Source: Energy Intelligence,"COPYRIGHT © 2001-2021 ENERGY INTELLIGENCE GROUP, INC. / ENERGY INTELLIGENCE GROUP (UK) LIMITED.",2020,0
Kuwait,Kuwait Super Light,Source: Energy Intelligence,"COPYRIGHT © 2001-2021 ENERGY INTELLIGENCE GROUP, INC. / ENERGY INTELLIGENCE GROUP (UK) LIMITED.",2020,94
Kuwait,Kuwait Export Heavy,Source: Energy Intelligence,"COPYRIGHT © 2001-2021 ENERGY INTELLIGENCE GROUP, INC. / ENERGY INTELLIGENCE GROUP (UK) LIMITED.",2020,13
Kuwait,Kuwait,Source: Energy Intelligence,"COPYRIGHT © 2001-2021 ENERGY INTELLIGENCE GROUP, INC. / ENERGY INTELLIGENCE GROUP (UK) LIMITED.",2020,1673
Kuwait,Other Crudes - Kuwait,Source: Energy Intelligence,"COPYRIGHT © 2001-2021 ENERGY INTELLIGENCE GROUP, INC. / ENERGY INTELLIGENCE GROUP (UK) LIMITED.",2021,0
Kuwait,Kuwait Super Light,Source: Energy Intelligence,"COPYRIGHT © 2001-2021 ENERGY INTELLIGENCE GROUP, INC. / ENERGY INTELLIGENCE GROUP (UK) LIMITED.",2021,88
Kuwait,Kuwait Export Heavy,Source: Energy Intelligence,"COPYRIGHT © 2001-2021 ENERGY INTELLIGENCE GROUP, INC. / ENERGY INTELLIGENCE GROUP (UK) LIMITED.",2021,24
Kuwait,Kuwait,Source: Energy Intelligence,"COPYRIGHT © 2001-2021 ENERGY INTELLIGENCE GROUP, INC. / ENERGY INTELLIGENCE GROUP (UK) LIMITED.",2021,1603
Kuwait,Other Crudes - Kuwait,Source: Energy Intelligence,"COPYRIGHT © 2001-2021 ENERGY INTELLIGENCE GROUP, INC. / ENERGY INTELLIGENCE GROUP (UK) LIMITED.",2022,0
Kuwait,Kuwait Super Light,Source: Energy Intelligence,"COPYRIGHT © 2001-2021 ENERGY INTELLIGENCE GROUP, INC. / ENERGY INTELLIGENCE GROUP (UK) LIMITED.",2022,80
Kuwait,Kuwait Export Heavy,Source: Energy Intelligence,"COPYRIGHT © 2001-2021 ENERGY INTELLIGENCE GROUP, INC. / ENERGY INTELLIGENCE GROUP (UK) LIMITED.",2022,11
Kuwait,Kuwait,Source: Energy Intelligence,"COPYRIGHT © 2001-2021 ENERGY INTELLIGENCE GROUP, INC. / ENERGY INTELLIGENCE GROUP (UK) LIMITED.",2022,1788.63
Kuwait,Other Crudes - Kuwait,Source: Energy Intelligence,"COPYRIGHT © 2001-2021 ENERGY INTELLIGENCE GROUP, INC. / ENERGY INTELLIGENCE GROUP (UK) LIMITED.",2023,0
Kuwait,Kuwait Super Light,Source: Energy Intelligence,"COPYRIGHT © 2001-2021 ENERGY INTELLIGENCE GROUP, INC. / ENERGY INTELLIGENCE GROUP (UK) LIMITED.",2023,78
Kuwait,Kuwait Export Heavy,Source: Energy Intelligence,"COPYRIGHT © 2001-2021 ENERGY INTELLIGENCE GROUP, INC. / ENERGY INTELLIGENCE GROUP (UK) LIMITED.",2023,7
Kuwait,Kuwait,Source: Energy Intelligence,"COPYRIGHT © 2001-2021 ENERGY INTELLIGENCE GROUP, INC. / ENERGY INTELLIGENCE GROUP (UK) LIMITED.",2023,1511.33
Kuwait,Other Crudes - Kuwait,Source: Energy Intelligence,"COPYRIGHT © 2001-2021 ENERGY INTELLIGENCE GROUP, INC. / ENERGY INTELLIGENCE GROUP (UK) LIMITED.",2024,0
Kuwait,Kuwait Super Light,Source: Energy Intelligence,"COPYRIGHT © 2001-2021 ENERGY INTELLIGENCE GROUP, INC. / ENERGY INTELLIGENCE GROUP (UK) LIMITED.",2024,26
Kuwait,Kuwait Export Heavy,Source: Energy Intelligence,"COPYRIGHT © 2001-2021 ENERGY INTELLIGENCE GROUP, INC. / ENERGY INTELLIGENCE GROUP (UK) LIMITED.",2024,6
Kuwait,Kuwait,Source: Energy Intelligence,"COPYRIGHT © 2001-2021 ENERGY INTELLIGENCE GROUP, INC. / ENERGY INTELLIGENCE GROUP (UK) LIMITED.",2024,1274
Libya,Zueitina,Source: Energy Intelligence,"COPYRIGHT © 2001-2021 ENERGY INTELLIGENCE GROUP, INC. / ENERGY INTELLIGENCE GROUP (UK) LIMITED.",2006,80
Libya,Sirtica,Source: Energy Intelligence,"COPYRIGHT © 2001-2021 ENERGY INTELLIGENCE GROUP, INC. / ENERGY INTELLIGENCE GROUP (UK) LIMITED.",2006,105
Libya,Sarir,Source: Energy Intelligence,"COPYRIGHT © 2001-2021 ENERGY INTELLIGENCE GROUP, INC. / ENERGY INTELLIGENCE GROUP (UK) LIMITED.",2006,190
Libya,Other Crudes - Libya,Source: Energy Intelligence,"COPYRIGHT © 2001-2021 ENERGY INTELLIGENCE GROUP, INC. / ENERGY INTELLIGENCE GROUP (UK) LIMITED.",2006,0.6
Libya,Mellitah,Source: Energy Intelligence,"COPYRIGHT © 2001-2021 ENERGY INTELLIGENCE GROUP, INC. / ENERGY INTELLIGENCE GROUP (UK) LIMITED.",2006,155
Libya,Es Sider,Source: Energy Intelligence,"COPYRIGHT © 2001-2021 ENERGY INTELLIGENCE GROUP, INC. / ENERGY INTELLIGENCE GROUP (UK) LIMITED.",2006,285
Libya,El-Sharara,Source: Energy Intelligence,"COPYRIGHT © 2001-2021 ENERGY INTELLIGENCE GROUP, INC. / ENERGY INTELLIGENCE GROUP (UK) LIMITED.",2006,150
Libya,Brega,Source: Energy Intelligence,"COPYRIGHT © 2001-2021 ENERGY INTELLIGENCE GROUP, INC. / ENERGY INTELLIGENCE GROUP (UK) LIMITED.",2006,110
Libya,Bouri,Source: Energy Intelligence,"COPYRIGHT © 2001-2021 ENERGY INTELLIGENCE GROUP, INC. / ENERGY INTELLIGENCE GROUP (UK) LIMITED.",2006,26.7
Libya,Amna,Source: Energy Intelligence,"COPYRIGHT © 2001-2021 ENERGY INTELLIGENCE GROUP, INC. / ENERGY INTELLIGENCE GROUP (UK) LIMITED.",2006,200
Libya,Al-Jurf,Source: Energy Intelligence,"COPYRIGHT © 2001-2021 ENERGY INTELLIGENCE GROUP, INC. / ENERGY INTELLIGENCE GROUP (UK) LIMITED.",2006,26.7
Libya,Abu Attifel,Source: Energy Intelligence,"COPYRIGHT © 2001-2021 ENERGY INTELLIGENCE GROUP, INC. / ENERGY INTELLIGENCE GROUP (UK) LIMITED.",2006,99
Libya,Zueitina,Source: Energy Intelligence,"COPYRIGHT © 2001-2021 ENERGY INTELLIGENCE GROUP, INC. / ENERGY INTELLIGENCE GROUP (UK) LIMITED.",2007,45
Libya,Sirtica,Source: Energy Intelligence,"COPYRIGHT © 2001-2021 ENERGY INTELLIGENCE GROUP, INC. / ENERGY INTELLIGENCE GROUP (UK) LIMITED.",2007,92
Libya,Sarir,Source: Energy Intelligence,"COPYRIGHT © 2001-2021 ENERGY INTELLIGENCE GROUP, INC. / ENERGY INTELLIGENCE GROUP (UK) LIMITED.",2007,120
Libya,Other Crudes - Libya,Source: Energy Intelligence,"COPYRIGHT © 2001-2021 ENERGY INTELLIGENCE GROUP, INC. / ENERGY INTELLIGENCE GROUP (UK) LIMITED.",2007,71.2
Libya,Mellitah,Source: Energy Intelligence,"COPYRIGHT © 2001-2021 ENERGY INTELLIGENCE GROUP, INC. / ENERGY INTELLIGENCE GROUP (UK) LIMITED.",2007,155
Libya,Es Sider,Source: Energy Intelligence,"COPYRIGHT © 2001-2021 ENERGY INTELLIGENCE GROUP, INC. / ENERGY INTELLIGENCE GROUP (UK) LIMITED.",2007,280
Libya,El-Sharara,Source: Energy Intelligence,"COPYRIGHT © 2001-2021 ENERGY INTELLIGENCE GROUP, INC. / ENERGY INTELLIGENCE GROUP (UK) LIMITED.",2007,105
Libya,Brega,Source: Energy Intelligence,"COPYRIGHT © 2001-2021 ENERGY INTELLIGENCE GROUP, INC. / ENERGY INTELLIGENCE GROUP (UK) LIMITED.",2007,81
Libya,Bouri,Source: Energy Intelligence,"COPYRIGHT © 2001-2021 ENERGY INTELLIGENCE GROUP, INC. / ENERGY INTELLIGENCE GROUP (UK) LIMITED.",2007,53.8
Libya,Amna,Source: Energy Intelligence,"COPYRIGHT © 2001-2021 ENERGY INTELLIGENCE GROUP, INC. / ENERGY INTELLIGENCE GROUP (UK) LIMITED.",2007,200
Libya,Al-Jurf,Source: Energy Intelligence,"COPYRIGHT © 2001-2021 ENERGY INTELLIGENCE GROUP, INC. / ENERGY INTELLIGENCE GROUP (UK) LIMITED.",2007,28
Libya,Abu Attifel,Source: Energy Intelligence,"COPYRIGHT © 2001-2021 ENERGY INTELLIGENCE GROUP, INC. / ENERGY INTELLIGENCE GROUP (UK) LIMITED.",2007,120
Libya,Zueitina,Source: Energy Intelligence,"COPYRIGHT © 2001-2021 ENERGY INTELLIGENCE GROUP, INC. / ENERGY INTELLIGENCE GROUP (UK) LIMITED.",2008,42
Libya,Sirtica,Source: Energy Intelligence,"COPYRIGHT © 2001-2021 ENERGY INTELLIGENCE GROUP, INC. / ENERGY INTELLIGENCE GROUP (UK) LIMITED.",2008,85
Libya,Sarir,Source: Energy Intelligence,"COPYRIGHT © 2001-2021 ENERGY INTELLIGENCE GROUP, INC. / ENERGY INTELLIGENCE GROUP (UK) LIMITED.",2008,120
Libya,Other Crudes - Libya,Source: Energy Intelligence,"COPYRIGHT © 2001-2021 ENERGY INTELLIGENCE GROUP, INC. / ENERGY INTELLIGENCE GROUP (UK) LIMITED.",2008,71.2
Libya,Mellitah,Source: Energy Intelligence,"COPYRIGHT © 2001-2021 ENERGY INTELLIGENCE GROUP, INC. / ENERGY INTELLIGENCE GROUP (UK) LIMITED.",2008,150
Libya,Es Sider,Source: Energy Intelligence,"COPYRIGHT © 2001-2021 ENERGY INTELLIGENCE GROUP, INC. / ENERGY INTELLIGENCE GROUP (UK) LIMITED.",2008,285
Libya,El-Sharara,Source: Energy Intelligence,"COPYRIGHT © 2001-2021 ENERGY INTELLIGENCE GROUP, INC. / ENERGY INTELLIGENCE GROUP (UK) LIMITED.",2008,215
Libya,Brega,Source: Energy Intelligence,"COPYRIGHT © 2001-2021 ENERGY INTELLIGENCE GROUP, INC. / ENERGY INTELLIGENCE GROUP (UK) LIMITED.",2008,70
Libya,Bouri,Source: Energy Intelligence,"COPYRIGHT © 2001-2021 ENERGY INTELLIGENCE GROUP, INC. / ENERGY INTELLIGENCE GROUP (UK) LIMITED.",2008,45.8
Libya,Amna,Source: Energy Intelligence,"COPYRIGHT © 2001-2021 ENERGY INTELLIGENCE GROUP, INC. / ENERGY INTELLIGENCE GROUP (UK) LIMITED.",2008,200
Libya,Al-Jurf,Source: Energy Intelligence,"COPYRIGHT © 2001-2021 ENERGY INTELLIGENCE GROUP, INC. / ENERGY INTELLIGENCE GROUP (UK) LIMITED.",2008,10
Libya,Abu Attifel,Source: Energy Intelligence,"COPYRIGHT © 2001-2021 ENERGY INTELLIGENCE GROUP, INC. / ENERGY INTELLIGENCE GROUP (UK) LIMITED.",2008,120
Libya,Zueitina,Source: Energy Intelligence,"COPYRIGHT © 2001-2021 ENERGY INTELLIGENCE GROUP, INC. / ENERGY INTELLIGENCE GROUP (UK) LIMITED.",2009,50
Libya,Sirtica,Source: Energy Intelligence,"COPYRIGHT © 2001-2021 ENERGY INTELLIGENCE GROUP, INC. / ENERGY INTELLIGENCE GROUP (UK) LIMITED.",2009,75
Libya,Sarir,Source: Energy Intelligence,"COPYRIGHT © 2001-2021 ENERGY INTELLIGENCE GROUP, INC. / ENERGY INTELLIGENCE GROUP (UK) LIMITED.",2009,90
Libya,Other Crudes - Libya,Source: Energy Intelligence,"COPYRIGHT © 2001-2021 ENERGY INTELLIGENCE GROUP, INC. / ENERGY INTELLIGENCE GROUP (UK) LIMITED.",2009,10.3
Libya,Mellitah,Source: Energy Intelligence,"COPYRIGHT © 2001-2021 ENERGY INTELLIGENCE GROUP, INC. / ENERGY INTELLIGENCE GROUP (UK) LIMITED.",2009,110
Libya,Es Sider,Source: Energy Intelligence,"COPYRIGHT © 2001-2021 ENERGY INTELLIGENCE GROUP, INC. / ENERGY INTELLIGENCE GROUP (UK) LIMITED.",2009,300
Libya,El-Sharara,Source: Energy Intelligence,"COPYRIGHT © 2001-2021 ENERGY INTELLIGENCE GROUP, INC. / ENERGY INTELLIGENCE GROUP (UK) LIMITED.",2009,175
Libya,Brega,Source: Energy Intelligence,"COPYRIGHT © 2001-2021 ENERGY INTELLIGENCE GROUP, INC. / ENERGY INTELLIGENCE GROUP (UK) LIMITED.",2009,70
Libya,Bouri,Source: Energy Intelligence,"COPYRIGHT © 2001-2021 ENERGY INTELLIGENCE GROUP, INC. / ENERGY INTELLIGENCE GROUP (UK) LIMITED.",2009,44.7
Libya,Amna,Source: Energy Intelligence,"COPYRIGHT © 2001-2021 ENERGY INTELLIGENCE GROUP, INC. / ENERGY INTELLIGENCE GROUP (UK) LIMITED.",2009,180
Libya,Al-Jurf,Source: Energy Intelligence,"COPYRIGHT © 2001-2021 ENERGY INTELLIGENCE GROUP, INC. / ENERGY INTELLIGENCE GROUP (UK) LIMITED.",2009,25
Libya,Abu Attifel,Source: Energy Intelligence,"COPYRIGHT © 2001-2021 ENERGY INTELLIGENCE GROUP, INC. / ENERGY INTELLIGENCE GROUP (UK) LIMITED.",2009,100
Libya,Zueitina,Source: Energy Intelligence,"COPYRIGHT © 2001-2021 ENERGY INTELLIGENCE GROUP, INC. / ENERGY INTELLIGENCE GROUP (UK) LIMITED.",2010,50
Libya,Sirtica,Source: Energy Intelligence,"COPYRIGHT © 2001-2021 ENERGY INTELLIGENCE GROUP, INC. / ENERGY INTELLIGENCE GROUP (UK) LIMITED.",2010,75
Libya,Sarir,Source: Energy Intelligence,"COPYRIGHT © 2001-2021 ENERGY INTELLIGENCE GROUP, INC. / ENERGY INTELLIGENCE GROUP (UK) LIMITED.",2010,90
Libya,Other Crudes - Libya,Source: Energy Intelligence,"COPYRIGHT © 2001-2021 ENERGY INTELLIGENCE GROUP, INC. / ENERGY INTELLIGENCE GROUP (UK) LIMITED.",2010,42
Libya,Mellitah,Source: Energy Intelligence,"COPYRIGHT © 2001-2021 ENERGY INTELLIGENCE GROUP, INC. / ENERGY INTELLIGENCE GROUP (UK) LIMITED.",2010,167
Libya,Es Sider,Source: Energy Intelligence,"COPYRIGHT © 2001-2021 ENERGY INTELLIGENCE GROUP, INC. / ENERGY INTELLIGENCE GROUP (UK) LIMITED.",2010,300
Libya,El-Sharara,Source: Energy Intelligence,"COPYRIGHT © 2001-2021 ENERGY INTELLIGENCE GROUP, INC. / ENERGY INTELLIGENCE GROUP (UK) LIMITED.",2010,200
Libya,Brega,Source: Energy Intelligence,"COPYRIGHT © 2001-2021 ENERGY INTELLIGENCE GROUP, INC. / ENERGY INTELLIGENCE GROUP (UK) LIMITED.",2010,70
Libya,Bouri,Source: Energy Intelligence,"COPYRIGHT © 2001-2021 ENERGY INTELLIGENCE GROUP, INC. / ENERGY INTELLIGENCE GROUP (UK) LIMITED.",2010,42
Libya,Amna,Source: Energy Intelligence,"COPYRIGHT © 2001-2021 ENERGY INTELLIGENCE GROUP, INC. / ENERGY INTELLIGENCE GROUP (UK) LIMITED.",2010,217
Libya,Abu Attifel,Source: Energy Intelligence,"COPYRIGHT © 2001-2021 ENERGY INTELLIGENCE GROUP, INC. / ENERGY INTELLIGENCE GROUP (UK) LIMITED.",2010,100
Libya,Zueitina,Source: Energy Intelligence,"COPYRIGHT © 2001-2021 ENERGY INTELLIGENCE GROUP, INC. / ENERGY INTELLIGENCE GROUP (UK) LIMITED.",2011,12
Libya,Sirtica,Source: Energy Intelligence,"COPYRIGHT © 2001-2021 ENERGY INTELLIGENCE GROUP, INC. / ENERGY INTELLIGENCE GROUP (UK) LIMITED.",2011,18
Libya,Sarir,Source: Energy Intelligence,"COPYRIGHT © 2001-2021 ENERGY INTELLIGENCE GROUP, INC. / ENERGY INTELLIGENCE GROUP (UK) LIMITED.",2011,20
Libya,Other Crudes - Libya,Source: Energy Intelligence,"COPYRIGHT © 2001-2021 ENERGY INTELLIGENCE GROUP, INC. / ENERGY INTELLIGENCE GROUP (UK) LIMITED.",2011,0
Libya,Mellitah,Source: Energy Intelligence,"COPYRIGHT © 2001-2021 ENERGY INTELLIGENCE GROUP, INC. / ENERGY INTELLIGENCE GROUP (UK) LIMITED.",2011,150
Libya,Es Sider,Source: Energy Intelligence,"COPYRIGHT © 2001-2021 ENERGY INTELLIGENCE GROUP, INC. / ENERGY INTELLIGENCE GROUP (UK) LIMITED.",2011,0
Libya,El-Sharara,Source: Energy Intelligence,"COPYRIGHT © 2001-2021 ENERGY INTELLIGENCE GROUP, INC. / ENERGY INTELLIGENCE GROUP (UK) LIMITED.",2011,30
Libya,Brega,Source: Energy Intelligence,"COPYRIGHT © 2001-2021 ENERGY INTELLIGENCE GROUP, INC. / ENERGY INTELLIGENCE GROUP (UK) LIMITED.",2011,0
Libya,Bouri,Source: Energy Intelligence,"COPYRIGHT © 2001-2021 ENERGY INTELLIGENCE GROUP, INC. / ENERGY INTELLIGENCE GROUP (UK) LIMITED.",2011,0
Libya,Amna,Source: Energy Intelligence,"COPYRIGHT © 2001-2021 ENERGY INTELLIGENCE GROUP, INC. / ENERGY INTELLIGENCE GROUP (UK) LIMITED.",2011,50
Libya,Abu Attifel,Source: Energy Intelligence,"COPYRIGHT © 2001-2021 ENERGY INTELLIGENCE GROUP, INC. / ENERGY INTELLIGENCE GROUP (UK) LIMITED.",2011,20
Libya,Zueitina,Source: Energy Intelligence,"COPYRIGHT © 2001-2021 ENERGY INTELLIGENCE GROUP, INC. / ENERGY INTELLIGENCE GROUP (UK) LIMITED.",2012,45
Libya,Sirtica,Source: Energy Intelligence,"COPYRIGHT © 2001-2021 ENERGY INTELLIGENCE GROUP, INC. / ENERGY INTELLIGENCE GROUP (UK) LIMITED.",2012,70
Libya,Sarir,Source: Energy Intelligence,"COPYRIGHT © 2001-2021 ENERGY INTELLIGENCE GROUP, INC. / ENERGY INTELLIGENCE GROUP (UK) LIMITED.",2012,121.5
Libya,Other Crudes - Libya,Source: Energy Intelligence,"COPYRIGHT © 2001-2021 ENERGY INTELLIGENCE GROUP, INC. / ENERGY INTELLIGENCE GROUP (UK) LIMITED.",2012,0
Libya,Mellitah,Source: Energy Intelligence,"COPYRIGHT © 2001-2021 ENERGY INTELLIGENCE GROUP, INC. / ENERGY INTELLIGENCE GROUP (UK) LIMITED.",2012,154
Libya,Es Sider,Source: Energy Intelligence,"COPYRIGHT © 2001-2021 ENERGY INTELLIGENCE GROUP, INC. / ENERGY INTELLIGENCE GROUP (UK) LIMITED.",2012,299
Libya,El-Sharara,Source: Energy Intelligence,"COPYRIGHT © 2001-2021 ENERGY INTELLIGENCE GROUP, INC. / ENERGY INTELLIGENCE GROUP (UK) LIMITED.",2012,192
Libya,Brega,Source: Energy Intelligence,"COPYRIGHT © 2001-2021 ENERGY INTELLIGENCE GROUP, INC. / ENERGY INTELLIGENCE GROUP (UK) LIMITED.",2012,62
Libya,Bouri,Source: Energy Intelligence,"COPYRIGHT © 2001-2021 ENERGY INTELLIGENCE GROUP, INC. / ENERGY INTELLIGENCE GROUP (UK) LIMITED.",2012,34
Libya,Amna,Source: Energy Intelligence,"COPYRIGHT © 2001-2021 ENERGY INTELLIGENCE GROUP, INC. / ENERGY INTELLIGENCE GROUP (UK) LIMITED.",2012,173
Libya,Abu Attifel,Source: Energy Intelligence,"COPYRIGHT © 2001-2021 ENERGY INTELLIGENCE GROUP, INC. / ENERGY INTELLIGENCE GROUP (UK) LIMITED.",2012,89.5
Libya,Zueitina,Source: Energy Intelligence,"COPYRIGHT © 2001-2021 ENERGY INTELLIGENCE GROUP, INC. / ENERGY INTELLIGENCE GROUP (UK) LIMITED.",2013,35
Libya,Sirtica,Source: Energy Intelligence,"COPYRIGHT © 2001-2021 ENERGY INTELLIGENCE GROUP, INC. / ENERGY INTELLIGENCE GROUP (UK) LIMITED.",2013,42
Libya,Sarir,Source: Energy Intelligence,"COPYRIGHT © 2001-2021 ENERGY INTELLIGENCE GROUP, INC. / ENERGY INTELLIGENCE GROUP (UK) LIMITED.",2013,115
Libya,Mellitah,Source: Energy Intelligence,"COPYRIGHT © 2001-2021 ENERGY INTELLIGENCE GROUP, INC. / ENERGY INTELLIGENCE GROUP (UK) LIMITED.",2013,90
Libya,Es Sider,Source: Energy Intelligence,"COPYRIGHT © 2001-2021 ENERGY INTELLIGENCE GROUP, INC. / ENERGY INTELLIGENCE GROUP (UK) LIMITED.",2013,190
Libya,El-Sharara,Source: Energy Intelligence,"COPYRIGHT © 2001-2021 ENERGY INTELLIGENCE GROUP, INC. / ENERGY INTELLIGENCE GROUP (UK) LIMITED.",2013,90
Libya,Brega,Source: Energy Intelligence,"COPYRIGHT © 2001-2021 ENERGY INTELLIGENCE GROUP, INC. / ENERGY INTELLIGENCE GROUP (UK) LIMITED.",2013,35
Libya,Bouri,Source: Energy Intelligence,"COPYRIGHT © 2001-2021 ENERGY INTELLIGENCE GROUP, INC. / ENERGY INTELLIGENCE GROUP (UK) LIMITED.",2013,31
Libya,Amna,Source: Energy Intelligence,"COPYRIGHT © 2001-2021 ENERGY INTELLIGENCE GROUP, INC. / ENERGY INTELLIGENCE GROUP (UK) LIMITED.",2013,120
Libya,Al-Jurf,Source: Energy Intelligence,"COPYRIGHT © 2001-2021 ENERGY INTELLIGENCE GROUP, INC. / ENERGY INTELLIGENCE GROUP (UK) LIMITED.",2013,31
Libya,Abu Attifel,Source: Energy Intelligence,"COPYRIGHT © 2001-2021 ENERGY INTELLIGENCE GROUP, INC. / ENERGY INTELLIGENCE GROUP (UK) LIMITED.",2013,58
Libya,Zueitina,Source: Energy Intelligence,"COPYRIGHT © 2001-2021 ENERGY INTELLIGENCE GROUP, INC. / ENERGY INTELLIGENCE GROUP (UK) LIMITED.",2014,6
Libya,Sirtica,Source: Energy Intelligence,"COPYRIGHT © 2001-2021 ENERGY INTELLIGENCE GROUP, INC. / ENERGY INTELLIGENCE GROUP (UK) LIMITED.",2014,44
Libya,Sarir,Source: Energy Intelligence,"COPYRIGHT © 2001-2021 ENERGY INTELLIGENCE GROUP, INC. / ENERGY INTELLIGENCE GROUP (UK) LIMITED.",2014,12
Libya,Mellitah,Source: Energy Intelligence,"COPYRIGHT © 2001-2021 ENERGY INTELLIGENCE GROUP, INC. / ENERGY INTELLIGENCE GROUP (UK) LIMITED.",2014,72
Libya,Es Sider,Source: Energy Intelligence,"COPYRIGHT © 2001-2021 ENERGY INTELLIGENCE GROUP, INC. / ENERGY INTELLIGENCE GROUP (UK) LIMITED.",2014,35
Libya,El-Sharara,Source: Energy Intelligence,"COPYRIGHT © 2001-2021 ENERGY INTELLIGENCE GROUP, INC. / ENERGY INTELLIGENCE GROUP (UK) LIMITED.",2014,40
Libya,Brega,Source: Energy Intelligence,"COPYRIGHT © 2001-2021 ENERGY INTELLIGENCE GROUP, INC. / ENERGY INTELLIGENCE GROUP (UK) LIMITED.",2014,20
Libya,Bouri,Source: Energy Intelligence,"COPYRIGHT © 2001-2021 ENERGY INTELLIGENCE GROUP, INC. / ENERGY INTELLIGENCE GROUP (UK) LIMITED.",2014,30
Libya,Amna,Source: Energy Intelligence,"COPYRIGHT © 2001-2021 ENERGY INTELLIGENCE GROUP, INC. / ENERGY INTELLIGENCE GROUP (UK) LIMITED.",2014,30
Libya,Al-Jurf,Source: Energy Intelligence,"COPYRIGHT © 2001-2021 ENERGY INTELLIGENCE GROUP, INC. / ENERGY INTELLIGENCE GROUP (UK) LIMITED.",2014,30
Libya,Abu Attifel,Source: Energy Intelligence,"COPYRIGHT © 2001-2021 ENERGY INTELLIGENCE GROUP, INC. / ENERGY INTELLIGENCE GROUP (UK) LIMITED.",2014,0
Libya,Zueitina,Source: Energy Intelligence,"COPYRIGHT © 2001-2021 ENERGY INTELLIGENCE GROUP, INC. / ENERGY INTELLIGENCE GROUP (UK) LIMITED.",2015,15
Libya,Sirtica,Source: Energy Intelligence,"COPYRIGHT © 2001-2021 ENERGY INTELLIGENCE GROUP, INC. / ENERGY INTELLIGENCE GROUP (UK) LIMITED.",2015,30
Libya,Sarir,Source: Energy Intelligence,"COPYRIGHT © 2001-2021 ENERGY INTELLIGENCE GROUP, INC. / ENERGY INTELLIGENCE GROUP (UK) LIMITED.",2015,27
Libya,Mellitah,Source: Energy Intelligence,"COPYRIGHT © 2001-2021 ENERGY INTELLIGENCE GROUP, INC. / ENERGY INTELLIGENCE GROUP (UK) LIMITED.",2015,70
Libya,Es Sider,Source: Energy Intelligence,"COPYRIGHT © 2001-2021 ENERGY INTELLIGENCE GROUP, INC. / ENERGY INTELLIGENCE GROUP (UK) LIMITED.",2015,0
Libya,El-Sharara,Source: Energy Intelligence,"COPYRIGHT © 2001-2021 ENERGY INTELLIGENCE GROUP, INC. / ENERGY INTELLIGENCE GROUP (UK) LIMITED.",2015,0
Libya,Brega,Source: Energy Intelligence,"COPYRIGHT © 2001-2021 ENERGY INTELLIGENCE GROUP, INC. / ENERGY INTELLIGENCE GROUP (UK) LIMITED.",2015,15
Libya,Bouri,Source: Energy Intelligence,"COPYRIGHT © 2001-2021 ENERGY INTELLIGENCE GROUP, INC. / ENERGY INTELLIGENCE GROUP (UK) LIMITED.",2015,30
Libya,Amna,Source: Energy Intelligence,"COPYRIGHT © 2001-2021 ENERGY INTELLIGENCE GROUP, INC. / ENERGY INTELLIGENCE GROUP (UK) LIMITED.",2015,10
Libya,Al-Jurf,Source: Energy Intelligence,"COPYRIGHT © 2001-2021 ENERGY INTELLIGENCE GROUP, INC. / ENERGY INTELLIGENCE GROUP (UK) LIMITED.",2015,31
Libya,Abu Attifel,Source: Energy Intelligence,"COPYRIGHT © 2001-2021 ENERGY INTELLIGENCE GROUP, INC. / ENERGY INTELLIGENCE GROUP (UK) LIMITED.",2015,7
Libya,Zueitina,Source: Energy Intelligence,"COPYRIGHT © 2001-2021 ENERGY INTELLIGENCE GROUP, INC. / ENERGY INTELLIGENCE GROUP (UK) LIMITED.",2016,13
Libya,Sirtica,Source: Energy Intelligence,"COPYRIGHT © 2001-2021 ENERGY INTELLIGENCE GROUP, INC. / ENERGY INTELLIGENCE GROUP (UK) LIMITED.",2016,62
Libya,Sarir,Source: Energy Intelligence,"COPYRIGHT © 2001-2021 ENERGY INTELLIGENCE GROUP, INC. / ENERGY INTELLIGENCE GROUP (UK) LIMITED.",2016,38
Libya,Mellitah,Source: Energy Intelligence,"COPYRIGHT © 2001-2021 ENERGY INTELLIGENCE GROUP, INC. / ENERGY INTELLIGENCE GROUP (UK) LIMITED.",2016,81
Libya,Es Sider,Source: Energy Intelligence,"COPYRIGHT © 2001-2021 ENERGY INTELLIGENCE GROUP, INC. / ENERGY INTELLIGENCE GROUP (UK) LIMITED.",2016,14
Libya,El-Sharara,Source: Energy Intelligence,"COPYRIGHT © 2001-2021 ENERGY INTELLIGENCE GROUP, INC. / ENERGY INTELLIGENCE GROUP (UK) LIMITED.",2016,0
Libya,Brega,Source: Energy Intelligence,"COPYRIGHT © 2001-2021 ENERGY INTELLIGENCE GROUP, INC. / ENERGY INTELLIGENCE GROUP (UK) LIMITED.",2016,19
Libya,Bouri,Source: Energy Intelligence,"COPYRIGHT © 2001-2021 ENERGY INTELLIGENCE GROUP, INC. / ENERGY INTELLIGENCE GROUP (UK) LIMITED.",2016,30
Libya,Amna,Source: Energy Intelligence,"COPYRIGHT © 2001-2021 ENERGY INTELLIGENCE GROUP, INC. / ENERGY INTELLIGENCE GROUP (UK) LIMITED.",2016,48
Libya,Al-Jurf,Source: Energy Intelligence,"COPYRIGHT © 2001-2021 ENERGY INTELLIGENCE GROUP, INC. / ENERGY INTELLIGENCE GROUP (UK) LIMITED.",2016,31
Libya,Abu Attifel,Source: Energy Intelligence,"COPYRIGHT © 2001-2021 ENERGY INTELLIGENCE GROUP, INC. / ENERGY INTELLIGENCE GROUP (UK) LIMITED.",2016,14
Libya,Zueitina,Source: Energy Intelligence,"COPYRIGHT © 2001-2021 ENERGY INTELLIGENCE GROUP, INC. / ENERGY INTELLIGENCE GROUP (UK) LIMITED.",2017,13
Libya,Sirtica,Source: Energy Intelligence,"COPYRIGHT © 2001-2021 ENERGY INTELLIGENCE GROUP, INC. / ENERGY INTELLIGENCE GROUP (UK) LIMITED.",2017,62
Libya,Sarir,Source: Energy Intelligence,"COPYRIGHT © 2001-2021 ENERGY INTELLIGENCE GROUP, INC. / ENERGY INTELLIGENCE GROUP (UK) LIMITED.",2017,88
Libya,Mellitah,Source: Energy Intelligence,"COPYRIGHT © 2001-2021 ENERGY INTELLIGENCE GROUP, INC. / ENERGY INTELLIGENCE GROUP (UK) LIMITED.",2017,121
Libya,Es Sider,Source: Energy Intelligence,"COPYRIGHT © 2001-2021 ENERGY INTELLIGENCE GROUP, INC. / ENERGY INTELLIGENCE GROUP (UK) LIMITED.",2017,103
Libya,El-Sharara,Source: Energy Intelligence,"COPYRIGHT © 2001-2021 ENERGY INTELLIGENCE GROUP, INC. / ENERGY INTELLIGENCE GROUP (UK) LIMITED.",2017,218
Libya,Brega,Source: Energy Intelligence,"COPYRIGHT © 2001-2021 ENERGY INTELLIGENCE GROUP, INC. / ENERGY INTELLIGENCE GROUP (UK) LIMITED.",2017,30
Libya,Bouri,Source: Energy Intelligence,"COPYRIGHT © 2001-2021 ENERGY INTELLIGENCE GROUP, INC. / ENERGY INTELLIGENCE GROUP (UK) LIMITED.",2017,37
Libya,Amna,Source: Energy Intelligence,"COPYRIGHT © 2001-2021 ENERGY INTELLIGENCE GROUP, INC. / ENERGY INTELLIGENCE GROUP (UK) LIMITED.",2017,70
Libya,Al-Jurf,Source: Energy Intelligence,"COPYRIGHT © 2001-2021 ENERGY INTELLIGENCE GROUP, INC. / ENERGY INTELLIGENCE GROUP (UK) LIMITED.",2017,31
Libya,Abu Attifel,Source: Energy Intelligence,"COPYRIGHT © 2001-2021 ENERGY INTELLIGENCE GROUP, INC. / ENERGY INTELLIGENCE GROUP (UK) LIMITED.",2017,19
Libya,Zueitina,Source: Energy Intelligence,"COPYRIGHT © 2001-2021 ENERGY INTELLIGENCE GROUP, INC. / ENERGY INTELLIGENCE GROUP (UK) LIMITED.",2018,13
Libya,Sirtica,Source: Energy Intelligence,"COPYRIGHT © 2001-2021 ENERGY INTELLIGENCE GROUP, INC. / ENERGY INTELLIGENCE GROUP (UK) LIMITED.",2018,62
Libya,Sarir,Source: Energy Intelligence,"COPYRIGHT © 2001-2021 ENERGY INTELLIGENCE GROUP, INC. / ENERGY INTELLIGENCE GROUP (UK) LIMITED.",2018,78
Libya,Mellitah,Source: Energy Intelligence,"COPYRIGHT © 2001-2021 ENERGY INTELLIGENCE GROUP, INC. / ENERGY INTELLIGENCE GROUP (UK) LIMITED.",2018,100
Libya,Es Sider,Source: Energy Intelligence,"COPYRIGHT © 2001-2021 ENERGY INTELLIGENCE GROUP, INC. / ENERGY INTELLIGENCE GROUP (UK) LIMITED.",2018,113
Libya,El-Sharara,Source: Energy Intelligence,"COPYRIGHT © 2001-2021 ENERGY INTELLIGENCE GROUP, INC. / ENERGY INTELLIGENCE GROUP (UK) LIMITED.",2018,234
Libya,Brega,Source: Energy Intelligence,"COPYRIGHT © 2001-2021 ENERGY INTELLIGENCE GROUP, INC. / ENERGY INTELLIGENCE GROUP (UK) LIMITED.",2018,20
Libya,Bouri,Source: Energy Intelligence,"COPYRIGHT © 2001-2021 ENERGY INTELLIGENCE GROUP, INC. / ENERGY INTELLIGENCE GROUP (UK) LIMITED.",2018,37
Libya,Amna,Source: Energy Intelligence,"COPYRIGHT © 2001-2021 ENERGY INTELLIGENCE GROUP, INC. / ENERGY INTELLIGENCE GROUP (UK) LIMITED.",2018,81
Libya,Al-Jurf,Source: Energy Intelligence,"COPYRIGHT © 2001-2021 ENERGY INTELLIGENCE GROUP, INC. / ENERGY INTELLIGENCE GROUP (UK) LIMITED.",2018,31
Libya,Abu Attifel,Source: Energy Intelligence,"COPYRIGHT © 2001-2021 ENERGY INTELLIGENCE GROUP, INC. / ENERGY INTELLIGENCE GROUP (UK) LIMITED.",2018,60
Libya,Zueitina,Source: Energy Intelligence,"COPYRIGHT © 2001-2021 ENERGY INTELLIGENCE GROUP, INC. / ENERGY INTELLIGENCE GROUP (UK) LIMITED.",2019,50
Libya,Sirtica,Source: Energy Intelligence,"COPYRIGHT © 2001-2021 ENERGY INTELLIGENCE GROUP, INC. / ENERGY INTELLIGENCE GROUP (UK) LIMITED.",2019,62
Libya,Sarir,Source: Energy Intelligence,"COPYRIGHT © 2001-2021 ENERGY INTELLIGENCE GROUP, INC. / ENERGY INTELLIGENCE GROUP (UK) LIMITED.",2019,78
Libya,Mellitah,Source: Energy Intelligence,"COPYRIGHT © 2001-2021 ENERGY INTELLIGENCE GROUP, INC. / ENERGY INTELLIGENCE GROUP (UK) LIMITED.",2019,100
Libya,Es Sider,Source: Energy Intelligence,"COPYRIGHT © 2001-2021 ENERGY INTELLIGENCE GROUP, INC. / ENERGY INTELLIGENCE GROUP (UK) LIMITED.",2019,330
Libya,El-Sharara,Source: Energy Intelligence,"COPYRIGHT © 2001-2021 ENERGY INTELLIGENCE GROUP, INC. / ENERGY INTELLIGENCE GROUP (UK) LIMITED.",2019,167
Libya,Brega,Source: Energy Intelligence,"COPYRIGHT © 2001-2021 ENERGY INTELLIGENCE GROUP, INC. / ENERGY INTELLIGENCE GROUP (UK) LIMITED.",2019,20
Libya,Bouri,Source: Energy Intelligence,"COPYRIGHT © 2001-2021 ENERGY INTELLIGENCE GROUP, INC. / ENERGY INTELLIGENCE GROUP (UK) LIMITED.",2019,37
Libya,Amna,Source: Energy Intelligence,"COPYRIGHT © 2001-2021 ENERGY INTELLIGENCE GROUP, INC. / ENERGY INTELLIGENCE GROUP (UK) LIMITED.",2019,81
Libya,Al-Jurf,Source: Energy Intelligence,"COPYRIGHT © 2001-2021 ENERGY INTELLIGENCE GROUP, INC. / ENERGY INTELLIGENCE GROUP (UK) LIMITED.",2019,31
Libya,Abu Attifel,Source: Energy Intelligence,"COPYRIGHT © 2001-2021 ENERGY INTELLIGENCE GROUP, INC. / ENERGY INTELLIGENCE GROUP (UK) LIMITED.",2019,80
Libya,Zueitina,Source: Energy Intelligence,"COPYRIGHT © 2001-2021 ENERGY INTELLIGENCE GROUP, INC. / ENERGY INTELLIGENCE GROUP (UK) LIMITED.",2020,17
Libya,Sirtica,Source: Energy Intelligence,"COPYRIGHT © 2001-2021 ENERGY INTELLIGENCE GROUP, INC. / ENERGY INTELLIGENCE GROUP (UK) LIMITED.",2020,21
Libya,Sarir,Source: Energy Intelligence,"COPYRIGHT © 2001-2021 ENERGY INTELLIGENCE GROUP, INC. / ENERGY INTELLIGENCE GROUP (UK) LIMITED.",2020,6
Libya,Mellitah,Source: Energy Intelligence,"COPYRIGHT © 2001-2021 ENERGY INTELLIGENCE GROUP, INC. / ENERGY INTELLIGENCE GROUP (UK) LIMITED.",2020,33
Libya,Es Sider,Source: Energy Intelligence,"COPYRIGHT © 2001-2021 ENERGY INTELLIGENCE GROUP, INC. / ENERGY INTELLIGENCE GROUP (UK) LIMITED.",2020,85
Libya,El-Sharara,Source: Energy Intelligence,"COPYRIGHT © 2001-2021 ENERGY INTELLIGENCE GROUP, INC. / ENERGY INTELLIGENCE GROUP (UK) LIMITED.",2020,27.35
Libya,Brega,Source: Energy Intelligence,"COPYRIGHT © 2001-2021 ENERGY INTELLIGENCE GROUP, INC. / ENERGY INTELLIGENCE GROUP (UK) LIMITED.",2020,6
Libya,Bouri,Source: Energy Intelligence,"COPYRIGHT © 2001-2021 ENERGY INTELLIGENCE GROUP, INC. / ENERGY INTELLIGENCE GROUP (UK) LIMITED.",2020,33
Libya,Amna,Source: Energy Intelligence,"COPYRIGHT © 2001-2021 ENERGY INTELLIGENCE GROUP, INC. / ENERGY INTELLIGENCE GROUP (UK) LIMITED.",2020,24
Libya,Al-Jurf,Source: Energy Intelligence,"COPYRIGHT © 2001-2021 ENERGY INTELLIGENCE GROUP, INC. / ENERGY INTELLIGENCE GROUP (UK) LIMITED.",2020,29
Libya,Abu Attifel,Source: Energy Intelligence,"COPYRIGHT © 2001-2021 ENERGY INTELLIGENCE GROUP, INC. / ENERGY INTELLIGENCE GROUP (UK) LIMITED.",2020,27
Libya,Zueitina,Source: Energy Intelligence,"COPYRIGHT © 2001-2021 ENERGY INTELLIGENCE GROUP, INC. / ENERGY INTELLIGENCE GROUP (UK) LIMITED.",2021,50
Libya,Sirtica,Source: Energy Intelligence,"COPYRIGHT © 2001-2021 ENERGY INTELLIGENCE GROUP, INC. / ENERGY INTELLIGENCE GROUP (UK) LIMITED.",2021,62
Libya,Sarir,Source: Energy Intelligence,"COPYRIGHT © 2001-2021 ENERGY INTELLIGENCE GROUP, INC. / ENERGY INTELLIGENCE GROUP (UK) LIMITED.",2021,65
Libya,Mellitah,Source: Energy Intelligence,"COPYRIGHT © 2001-2021 ENERGY INTELLIGENCE GROUP, INC. / ENERGY INTELLIGENCE GROUP (UK) LIMITED.",2021,110
Libya,Es Sider,Source: Energy Intelligence,"COPYRIGHT © 2001-2021 ENERGY INTELLIGENCE GROUP, INC. / ENERGY INTELLIGENCE GROUP (UK) LIMITED.",2021,315
Libya,El-Sharara,Source: Energy Intelligence,"COPYRIGHT © 2001-2021 ENERGY INTELLIGENCE GROUP, INC. / ENERGY INTELLIGENCE GROUP (UK) LIMITED.",2021,225.16
Libya,Brega,Source: Energy Intelligence,"COPYRIGHT © 2001-2021 ENERGY INTELLIGENCE GROUP, INC. / ENERGY INTELLIGENCE GROUP (UK) LIMITED.",2021,20
Libya,Bouri,Source: Energy Intelligence,"COPYRIGHT © 2001-2021 ENERGY INTELLIGENCE GROUP, INC. / ENERGY INTELLIGENCE GROUP (UK) LIMITED.",2021,33
Libya,Amna,Source: Energy Intelligence,"COPYRIGHT © 2001-2021 ENERGY INTELLIGENCE GROUP, INC. / ENERGY INTELLIGENCE GROUP (UK) LIMITED.",2021,81
Libya,Al-Jurf,Source: Energy Intelligence,"COPYRIGHT © 2001-2021 ENERGY INTELLIGENCE GROUP, INC. / ENERGY INTELLIGENCE GROUP (UK) LIMITED.",2021,29
Libya,Abu Attifel,Source: Energy Intelligence,"COPYRIGHT © 2001-2021 ENERGY INTELLIGENCE GROUP, INC. / ENERGY INTELLIGENCE GROUP (UK) LIMITED.",2021,80
Libya,Zueitina,Source: Energy Intelligence,"COPYRIGHT © 2001-2021 ENERGY INTELLIGENCE GROUP, INC. / ENERGY INTELLIGENCE GROUP (UK) LIMITED.",2022,23
Libya,Sirtica,Source: Energy Intelligence,"COPYRIGHT © 2001-2021 ENERGY INTELLIGENCE GROUP, INC. / ENERGY INTELLIGENCE GROUP (UK) LIMITED.",2022,59.7
Libya,Sarir,Source: Energy Intelligence,"COPYRIGHT © 2001-2021 ENERGY INTELLIGENCE GROUP, INC. / ENERGY INTELLIGENCE GROUP (UK) LIMITED.",2022,100
Libya,Mellitah,Source: Energy Intelligence,"COPYRIGHT © 2001-2021 ENERGY INTELLIGENCE GROUP, INC. / ENERGY INTELLIGENCE GROUP (UK) LIMITED.",2022,130
Libya,Es Sider,Source: Energy Intelligence,"COPYRIGHT © 2001-2021 ENERGY INTELLIGENCE GROUP, INC. / ENERGY INTELLIGENCE GROUP (UK) LIMITED.",2022,284.6
Libya,El-Sharara,Source: Energy Intelligence,"COPYRIGHT © 2001-2021 ENERGY INTELLIGENCE GROUP, INC. / ENERGY INTELLIGENCE GROUP (UK) LIMITED.",2022,135
Libya,Brega,Source: Energy Intelligence,"COPYRIGHT © 2001-2021 ENERGY INTELLIGENCE GROUP, INC. / ENERGY INTELLIGENCE GROUP (UK) LIMITED.",2022,15
Libya,Bouri,Source: Energy Intelligence,"COPYRIGHT © 2001-2021 ENERGY INTELLIGENCE GROUP, INC. / ENERGY INTELLIGENCE GROUP (UK) LIMITED.",2022,28
Libya,Amna,Source: Energy Intelligence,"COPYRIGHT © 2001-2021 ENERGY INTELLIGENCE GROUP, INC. / ENERGY INTELLIGENCE GROUP (UK) LIMITED.",2022,84.9
Libya,Al-Jurf,Source: Energy Intelligence,"COPYRIGHT © 2001-2021 ENERGY INTELLIGENCE GROUP, INC. / ENERGY INTELLIGENCE GROUP (UK) LIMITED.",2022,29
Libya,Abu Attifel,Source: Energy Intelligence,"COPYRIGHT © 2001-2021 ENERGY INTELLIGENCE GROUP, INC. / ENERGY INTELLIGENCE GROUP (UK) LIMITED.",2022,27.9
Libya,Zueitina,Source: Energy Intelligence,"COPYRIGHT © 2001-2021 ENERGY INTELLIGENCE GROUP, INC. / ENERGY INTELLIGENCE GROUP (UK) LIMITED.",2023,25.4
Libya,Sirtica,Source: Energy Intelligence,"COPYRIGHT © 2001-2021 ENERGY INTELLIGENCE GROUP, INC. / ENERGY INTELLIGENCE GROUP (UK) LIMITED.",2023,63.3
Libya,Sarir,Source: Energy Intelligence,"COPYRIGHT © 2001-2021 ENERGY INTELLIGENCE GROUP, INC. / ENERGY INTELLIGENCE GROUP (UK) LIMITED.",2023,137
Libya,Other Crudes - Libya,Source: Energy Intelligence,"COPYRIGHT © 2001-2021 ENERGY INTELLIGENCE GROUP, INC. / ENERGY INTELLIGENCE GROUP (UK) LIMITED.",2023,16.39
Libya,Mellitah,Source: Energy Intelligence,"COPYRIGHT © 2001-2021 ENERGY INTELLIGENCE GROUP, INC. / ENERGY INTELLIGENCE GROUP (UK) LIMITED.",2023,176.5
Libya,Es Sider,Source: Energy Intelligence,"COPYRIGHT © 2001-2021 ENERGY INTELLIGENCE GROUP, INC. / ENERGY INTELLIGENCE GROUP (UK) LIMITED.",2023,324.2
Libya,El-Sharara,Source: Energy Intelligence,"COPYRIGHT © 2001-2021 ENERGY INTELLIGENCE GROUP, INC. / ENERGY INTELLIGENCE GROUP (UK) LIMITED.",2023,230
Libya,Brega,Source: Energy Intelligence,"COPYRIGHT © 2001-2021 ENERGY INTELLIGENCE GROUP, INC. / ENERGY INTELLIGENCE GROUP (UK) LIMITED.",2023,20
Libya,Bouri,Source: Energy Intelligence,"COPYRIGHT © 2001-2021 ENERGY INTELLIGENCE GROUP, INC. / ENERGY INTELLIGENCE GROUP (UK) LIMITED.",2023,24.2
Libya,Amna,Source: Energy Intelligence,"COPYRIGHT © 2001-2021 ENERGY INTELLIGENCE GROUP, INC. / ENERGY INTELLIGENCE GROUP (UK) LIMITED.",2023,91.4
Libya,Abu Attifel,Source: Energy Intelligence,"COPYRIGHT © 2001-2021 ENERGY INTELLIGENCE GROUP, INC. / ENERGY INTELLIGENCE GROUP (UK) LIMITED.",2023,39
Libya,Sirtica,Source: Energy Intelligence,"COPYRIGHT © 2001-2021 ENERGY INTELLIGENCE GROUP, INC. / ENERGY INTELLIGENCE GROUP (UK) LIMITED.",2024,70
Libya,Sarir,Source: Energy Intelligence,"COPYRIGHT © 2001-2021 ENERGY INTELLIGENCE GROUP, INC. / ENERGY INTELLIGENCE GROUP (UK) LIMITED.",2024,135
Libya,Mellitah,Source: Energy Intelligence,"COPYRIGHT © 2001-2021 ENERGY INTELLIGENCE GROUP, INC. / ENERGY INTELLIGENCE GROUP (UK) LIMITED.",2024,162.75
Libya,Es Sider,Source: Energy Intelligence,"COPYRIGHT © 2001-2021 ENERGY INTELLIGENCE GROUP, INC. / ENERGY INTELLIGENCE GROUP (UK) LIMITED.",2024,293.4
Libya,El-Sharara,Source: Energy Intelligence,"COPYRIGHT © 2001-2021 ENERGY INTELLIGENCE GROUP, INC. / ENERGY INTELLIGENCE GROUP (UK) LIMITED.",2024,181
Libya,Brega,Source: Energy Intelligence,"COPYRIGHT © 2001-2021 ENERGY INTELLIGENCE GROUP, INC. / ENERGY INTELLIGENCE GROUP (UK) LIMITED.",2024,20
Libya,Amna,Source: Energy Intelligence,"COPYRIGHT © 2001-2021 ENERGY INTELLIGENCE GROUP, INC. / ENERGY INTELLIGENCE GROUP (UK) LIMITED.",2024,91.7
Libya,Abu Attifel,Source: Energy Intelligence,"COPYRIGHT © 2001-2021 ENERGY INTELLIGENCE GROUP, INC. / ENERGY INTELLIGENCE GROUP (UK) LIMITED.",2024,38.6
Malaysia,Tapis,Source: Energy Intelligence,"COPYRIGHT © 2001-2021 ENERGY INTELLIGENCE GROUP, INC. / ENERGY INTELLIGENCE GROUP (UK) LIMITED.",2006,135
Malaysia,Other Crudes - Malaysia,Source: Energy Intelligence,"COPYRIGHT © 2001-2021 ENERGY INTELLIGENCE GROUP, INC. / ENERGY INTELLIGENCE GROUP (UK) LIMITED.",2006,123
Malaysia,Miri,Source: Energy Intelligence,"COPYRIGHT © 2001-2021 ENERGY INTELLIGENCE GROUP, INC. / ENERGY INTELLIGENCE GROUP (UK) LIMITED.",2006,54
Malaysia,Labuan,Source: Energy Intelligence,"COPYRIGHT © 2001-2021 ENERGY INTELLIGENCE GROUP, INC. / ENERGY INTELLIGENCE GROUP (UK) LIMITED.",2006,70
Malaysia,Bintulu Condensate,Source: Energy Intelligence,"COPYRIGHT © 2001-2021 ENERGY INTELLIGENCE GROUP, INC. / ENERGY INTELLIGENCE GROUP (UK) LIMITED.",2006,0
Malaysia,Tapis,Source: Energy Intelligence,"COPYRIGHT © 2001-2021 ENERGY INTELLIGENCE GROUP, INC. / ENERGY INTELLIGENCE GROUP (UK) LIMITED.",2007,139.95
Malaysia,Other Crudes - Malaysia,Source: Energy Intelligence,"COPYRIGHT © 2001-2021 ENERGY INTELLIGENCE GROUP, INC. / ENERGY INTELLIGENCE GROUP (UK) LIMITED.",2007,143.83
Malaysia,Miri,Source: Energy Intelligence,"COPYRIGHT © 2001-2021 ENERGY INTELLIGENCE GROUP, INC. / ENERGY INTELLIGENCE GROUP (UK) LIMITED.",2007,43.92
Malaysia,Labuan,Source: Energy Intelligence,"COPYRIGHT © 2001-2021 ENERGY INTELLIGENCE GROUP, INC. / ENERGY INTELLIGENCE GROUP (UK) LIMITED.",2007,55.3
Malaysia,Bintulu Condensate,Source: Energy Intelligence,"COPYRIGHT © 2001-2021 ENERGY INTELLIGENCE GROUP, INC. / ENERGY INTELLIGENCE GROUP (UK) LIMITED.",2007,0
Malaysia,Tapis,Source: Energy Intelligence,"COPYRIGHT © 2001-2021 ENERGY INTELLIGENCE GROUP, INC. / ENERGY INTELLIGENCE GROUP (UK) LIMITED.",2008,99
Malaysia,Other Crudes - Malaysia,Source: Energy Intelligence,"COPYRIGHT © 2001-2021 ENERGY INTELLIGENCE GROUP, INC. / ENERGY INTELLIGENCE GROUP (UK) LIMITED.",2008,86
Malaysia,Miri,Source: Energy Intelligence,"COPYRIGHT © 2001-2021 ENERGY INTELLIGENCE GROUP, INC. / ENERGY INTELLIGENCE GROUP (UK) LIMITED.",2008,53.28
Malaysia,Labuan,Source: Energy Intelligence,"COPYRIGHT © 2001-2021 ENERGY INTELLIGENCE GROUP, INC. / ENERGY INTELLIGENCE GROUP (UK) LIMITED.",2008,47.6
Malaysia,Kikeh,Source: Energy Intelligence,"COPYRIGHT © 2001-2021 ENERGY INTELLIGENCE GROUP, INC. / ENERGY INTELLIGENCE GROUP (UK) LIMITED.",2008,70
Malaysia,Bintulu Condensate,Source: Energy Intelligence,"COPYRIGHT © 2001-2021 ENERGY INTELLIGENCE GROUP, INC. / ENERGY INTELLIGENCE GROUP (UK) LIMITED.",2008,0
Malaysia,Tapis,Source: Energy Intelligence,"COPYRIGHT © 2001-2021 ENERGY INTELLIGENCE GROUP, INC. / ENERGY INTELLIGENCE GROUP (UK) LIMITED.",2009,76.5
Malaysia,Other Crudes - Malaysia,Source: Energy Intelligence,"COPYRIGHT © 2001-2021 ENERGY INTELLIGENCE GROUP, INC. / ENERGY INTELLIGENCE GROUP (UK) LIMITED.",2009,132
Malaysia,Miri,Source: Energy Intelligence,"COPYRIGHT © 2001-2021 ENERGY INTELLIGENCE GROUP, INC. / ENERGY INTELLIGENCE GROUP (UK) LIMITED.",2009,50.4
Malaysia,Labuan,Source: Energy Intelligence,"COPYRIGHT © 2001-2021 ENERGY INTELLIGENCE GROUP, INC. / ENERGY INTELLIGENCE GROUP (UK) LIMITED.",2009,44.1
Malaysia,Kikeh,Source: Energy Intelligence,"COPYRIGHT © 2001-2021 ENERGY INTELLIGENCE GROUP, INC. / ENERGY INTELLIGENCE GROUP (UK) LIMITED.",2009,70
Malaysia,Bintulu Condensate,Source: Energy Intelligence,"COPYRIGHT © 2001-2021 ENERGY INTELLIGENCE GROUP, INC. / ENERGY INTELLIGENCE GROUP (UK) LIMITED.",2009,0
Malaysia,Tapis,Source: Energy Intelligence,"COPYRIGHT © 2001-2021 ENERGY INTELLIGENCE GROUP, INC. / ENERGY INTELLIGENCE GROUP (UK) LIMITED.",2010,58
Malaysia,Other Crudes - Malaysia,Source: Energy Intelligence,"COPYRIGHT © 2001-2021 ENERGY INTELLIGENCE GROUP, INC. / ENERGY INTELLIGENCE GROUP (UK) LIMITED.",2010,114
Malaysia,Miri,Source: Energy Intelligence,"COPYRIGHT © 2001-2021 ENERGY INTELLIGENCE GROUP, INC. / ENERGY INTELLIGENCE GROUP (UK) LIMITED.",2010,54
Malaysia,Labuan,Source: Energy Intelligence,"COPYRIGHT © 2001-2021 ENERGY INTELLIGENCE GROUP, INC. / ENERGY INTELLIGENCE GROUP (UK) LIMITED.",2010,45.5
Malaysia,Kikeh,Source: Energy Intelligence,"COPYRIGHT © 2001-2021 ENERGY INTELLIGENCE GROUP, INC. / ENERGY INTELLIGENCE GROUP (UK) LIMITED.",2010,98
Malaysia,Bintulu Condensate,Source: Energy Intelligence,"COPYRIGHT © 2001-2021 ENERGY INTELLIGENCE GROUP, INC. / ENERGY INTELLIGENCE GROUP (UK) LIMITED.",2010,0
Malaysia,Tapis,Source: Energy Intelligence,"COPYRIGHT © 2001-2021 ENERGY INTELLIGENCE GROUP, INC. / ENERGY INTELLIGENCE GROUP (UK) LIMITED.",2011,48.01
Malaysia,Other Crudes - Malaysia,Source: Energy Intelligence,"COPYRIGHT © 2001-2021 ENERGY INTELLIGENCE GROUP, INC. / ENERGY INTELLIGENCE GROUP (UK) LIMITED.",2011,71
Malaysia,Miri,Source: Energy Intelligence,"COPYRIGHT © 2001-2021 ENERGY INTELLIGENCE GROUP, INC. / ENERGY INTELLIGENCE GROUP (UK) LIMITED.",2011,50.4
Malaysia,Labuan,Source: Energy Intelligence,"COPYRIGHT © 2001-2021 ENERGY INTELLIGENCE GROUP, INC. / ENERGY INTELLIGENCE GROUP (UK) LIMITED.",2011,49
Malaysia,Kikeh,Source: Energy Intelligence,"COPYRIGHT © 2001-2021 ENERGY INTELLIGENCE GROUP, INC. / ENERGY INTELLIGENCE GROUP (UK) LIMITED.",2011,61.75
Malaysia,Bintulu Condensate,Source: Energy Intelligence,"COPYRIGHT © 2001-2021 ENERGY INTELLIGENCE GROUP, INC. / ENERGY INTELLIGENCE GROUP (UK) LIMITED.",2011,0
Malaysia,Tapis,Source: Energy Intelligence,"COPYRIGHT © 2001-2021 ENERGY INTELLIGENCE GROUP, INC. / ENERGY INTELLIGENCE GROUP (UK) LIMITED.",2012,49.99
Malaysia,Other Crudes - Malaysia,Source: Energy Intelligence,"COPYRIGHT © 2001-2021 ENERGY INTELLIGENCE GROUP, INC. / ENERGY INTELLIGENCE GROUP (UK) LIMITED.",2012,56
Malaysia,Miri,Source: Energy Intelligence,"COPYRIGHT © 2001-2021 ENERGY INTELLIGENCE GROUP, INC. / ENERGY INTELLIGENCE GROUP (UK) LIMITED.",2012,50.4
Malaysia,Labuan,Source: Energy Intelligence,"COPYRIGHT © 2001-2021 ENERGY INTELLIGENCE GROUP, INC. / ENERGY INTELLIGENCE GROUP (UK) LIMITED.",2012,45.5
Malaysia,Kikeh,Source: Energy Intelligence,"COPYRIGHT © 2001-2021 ENERGY INTELLIGENCE GROUP, INC. / ENERGY INTELLIGENCE GROUP (UK) LIMITED.",2012,65.83
Malaysia,Bintulu Condensate,Source: Energy Intelligence,"COPYRIGHT © 2001-2021 ENERGY INTELLIGENCE GROUP, INC. / ENERGY INTELLIGENCE GROUP (UK) LIMITED.",2012,0
Malaysia,Tapis,Source: Energy Intelligence,"COPYRIGHT © 2001-2021 ENERGY INTELLIGENCE GROUP, INC. / ENERGY INTELLIGENCE GROUP (UK) LIMITED.",2013,46
Malaysia,Other Crudes - Malaysia,Source: Energy Intelligence,"COPYRIGHT © 2001-2021 ENERGY INTELLIGENCE GROUP, INC. / ENERGY INTELLIGENCE GROUP (UK) LIMITED.",2013,17
Malaysia,Miri,Source: Energy Intelligence,"COPYRIGHT © 2001-2021 ENERGY INTELLIGENCE GROUP, INC. / ENERGY INTELLIGENCE GROUP (UK) LIMITED.",2013,50
Malaysia,Labuan,Source: Energy Intelligence,"COPYRIGHT © 2001-2021 ENERGY INTELLIGENCE GROUP, INC. / ENERGY INTELLIGENCE GROUP (UK) LIMITED.",2013,45.5
Malaysia,Kikeh,Source: Energy Intelligence,"COPYRIGHT © 2001-2021 ENERGY INTELLIGENCE GROUP, INC. / ENERGY INTELLIGENCE GROUP (UK) LIMITED.",2013,50.5
Malaysia,Bintulu Condensate,Source: Energy Intelligence,"COPYRIGHT © 2001-2021 ENERGY INTELLIGENCE GROUP, INC. / ENERGY INTELLIGENCE GROUP (UK) LIMITED.",2013,0
Malaysia,Tapis,Source: Energy Intelligence,"COPYRIGHT © 2001-2021 ENERGY INTELLIGENCE GROUP, INC. / ENERGY INTELLIGENCE GROUP (UK) LIMITED.",2014,43
Malaysia,Other Crudes - Malaysia,Source: Energy Intelligence,"COPYRIGHT © 2001-2021 ENERGY INTELLIGENCE GROUP, INC. / ENERGY INTELLIGENCE GROUP (UK) LIMITED.",2014,66
Malaysia,Miri,Source: Energy Intelligence,"COPYRIGHT © 2001-2021 ENERGY INTELLIGENCE GROUP, INC. / ENERGY INTELLIGENCE GROUP (UK) LIMITED.",2014,50
Malaysia,Labuan,Source: Energy Intelligence,"COPYRIGHT © 2001-2021 ENERGY INTELLIGENCE GROUP, INC. / ENERGY INTELLIGENCE GROUP (UK) LIMITED.",2014,40
Malaysia,Kikeh,Source: Energy Intelligence,"COPYRIGHT © 2001-2021 ENERGY INTELLIGENCE GROUP, INC. / ENERGY INTELLIGENCE GROUP (UK) LIMITED.",2014,30.25
Malaysia,Bintulu Condensate,Source: Energy Intelligence,"COPYRIGHT © 2001-2021 ENERGY INTELLIGENCE GROUP, INC. / ENERGY INTELLIGENCE GROUP (UK) LIMITED.",2014,0
Malaysia,Tapis,Source: Energy Intelligence,"COPYRIGHT © 2001-2021 ENERGY INTELLIGENCE GROUP, INC. / ENERGY INTELLIGENCE GROUP (UK) LIMITED.",2015,40.99
Malaysia,Other Crudes - Malaysia,Source: Energy Intelligence,"COPYRIGHT © 2001-2021 ENERGY INTELLIGENCE GROUP, INC. / ENERGY INTELLIGENCE GROUP (UK) LIMITED.",2015,94
Malaysia,Miri,Source: Energy Intelligence,"COPYRIGHT © 2001-2021 ENERGY INTELLIGENCE GROUP, INC. / ENERGY INTELLIGENCE GROUP (UK) LIMITED.",2015,50
Malaysia,Labuan,Source: Energy Intelligence,"COPYRIGHT © 2001-2021 ENERGY INTELLIGENCE GROUP, INC. / ENERGY INTELLIGENCE GROUP (UK) LIMITED.",2015,11.45
Malaysia,Kimanis,Source: Energy Intelligence,"COPYRIGHT © 2001-2021 ENERGY INTELLIGENCE GROUP, INC. / ENERGY INTELLIGENCE GROUP (UK) LIMITED.",2015,115
Malaysia,Kikeh,Source: Energy Intelligence,"COPYRIGHT © 2001-2021 ENERGY INTELLIGENCE GROUP, INC. / ENERGY INTELLIGENCE GROUP (UK) LIMITED.",2015,26.25
Malaysia,Bintulu Condensate,Source: Energy Intelligence,"COPYRIGHT © 2001-2021 ENERGY INTELLIGENCE GROUP, INC. / ENERGY INTELLIGENCE GROUP (UK) LIMITED.",2015,0
Malaysia,Tapis,Source: Energy Intelligence,"COPYRIGHT © 2001-2021 ENERGY INTELLIGENCE GROUP, INC. / ENERGY INTELLIGENCE GROUP (UK) LIMITED.",2016,40
Malaysia,Other Crudes - Malaysia,Source: Energy Intelligence,"COPYRIGHT © 2001-2021 ENERGY INTELLIGENCE GROUP, INC. / ENERGY INTELLIGENCE GROUP (UK) LIMITED.",2016,76
Malaysia,Miri,Source: Energy Intelligence,"COPYRIGHT © 2001-2021 ENERGY INTELLIGENCE GROUP, INC. / ENERGY INTELLIGENCE GROUP (UK) LIMITED.",2016,50
Malaysia,Labuan,Source: Energy Intelligence,"COPYRIGHT © 2001-2021 ENERGY INTELLIGENCE GROUP, INC. / ENERGY INTELLIGENCE GROUP (UK) LIMITED.",2016,10.18
Malaysia,Kimanis,Source: Energy Intelligence,"COPYRIGHT © 2001-2021 ENERGY INTELLIGENCE GROUP, INC. / ENERGY INTELLIGENCE GROUP (UK) LIMITED.",2016,156
Malaysia,Kikeh,Source: Energy Intelligence,"COPYRIGHT © 2001-2021 ENERGY INTELLIGENCE GROUP, INC. / ENERGY INTELLIGENCE GROUP (UK) LIMITED.",2016,10.5
Malaysia,Bintulu Condensate,Source: Energy Intelligence,"COPYRIGHT © 2001-2021 ENERGY INTELLIGENCE GROUP, INC. / ENERGY INTELLIGENCE GROUP (UK) LIMITED.",2016,0.55
Malaysia,Tapis,Source: Energy Intelligence,"COPYRIGHT © 2001-2021 ENERGY INTELLIGENCE GROUP, INC. / ENERGY INTELLIGENCE GROUP (UK) LIMITED.",2017,35
Malaysia,Other Crudes - Malaysia,Source: Energy Intelligence,"COPYRIGHT © 2001-2021 ENERGY INTELLIGENCE GROUP, INC. / ENERGY INTELLIGENCE GROUP (UK) LIMITED.",2017,61
Malaysia,Miri,Source: Energy Intelligence,"COPYRIGHT © 2001-2021 ENERGY INTELLIGENCE GROUP, INC. / ENERGY INTELLIGENCE GROUP (UK) LIMITED.",2017,48.5
Malaysia,Kimanis,Source: Energy Intelligence,"COPYRIGHT © 2001-2021 ENERGY INTELLIGENCE GROUP, INC. / ENERGY INTELLIGENCE GROUP (UK) LIMITED.",2017,200
Malaysia,Tapis,Source: Energy Intelligence,"COPYRIGHT © 2001-2021 ENERGY INTELLIGENCE GROUP, INC. / ENERGY INTELLIGENCE GROUP (UK) LIMITED.",2018,35
Malaysia,Other Crudes - Malaysia,Source: Energy Intelligence,"COPYRIGHT © 2001-2021 ENERGY INTELLIGENCE GROUP, INC. / ENERGY INTELLIGENCE GROUP (UK) LIMITED.",2018,76
Malaysia,Miri,Source: Energy Intelligence,"COPYRIGHT © 2001-2021 ENERGY INTELLIGENCE GROUP, INC. / ENERGY INTELLIGENCE GROUP (UK) LIMITED.",2018,47.05
Malaysia,Kimanis,Source: Energy Intelligence,"COPYRIGHT © 2001-2021 ENERGY INTELLIGENCE GROUP, INC. / ENERGY INTELLIGENCE GROUP (UK) LIMITED.",2018,200
Malaysia,Tapis,Source: Energy Intelligence,"COPYRIGHT © 2001-2021 ENERGY INTELLIGENCE GROUP, INC. / ENERGY INTELLIGENCE GROUP (UK) LIMITED.",2019,37
Malaysia,Other Crudes - Malaysia,Source: Energy Intelligence,"COPYRIGHT © 2001-2021 ENERGY INTELLIGENCE GROUP, INC. / ENERGY INTELLIGENCE GROUP (UK) LIMITED.",2019,21
Malaysia,Miri,Source: Energy Intelligence,"COPYRIGHT © 2001-2021 ENERGY INTELLIGENCE GROUP, INC. / ENERGY INTELLIGENCE GROUP (UK) LIMITED.",2019,39.2
Malaysia,Kimanis,Source: Energy Intelligence,"COPYRIGHT © 2001-2021 ENERGY INTELLIGENCE GROUP, INC. / ENERGY INTELLIGENCE GROUP (UK) LIMITED.",2019,189.47
Malaysia,Tapis,Source: Energy Intelligence,"COPYRIGHT © 2001-2021 ENERGY INTELLIGENCE GROUP, INC. / ENERGY INTELLIGENCE GROUP (UK) LIMITED.",2020,36
Malaysia,Other Crudes - Malaysia,Source: Energy Intelligence,"COPYRIGHT © 2001-2021 ENERGY INTELLIGENCE GROUP, INC. / ENERGY INTELLIGENCE GROUP (UK) LIMITED.",2020,102.96
Malaysia,Miri,Source: Energy Intelligence,"COPYRIGHT © 2001-2021 ENERGY INTELLIGENCE GROUP, INC. / ENERGY INTELLIGENCE GROUP (UK) LIMITED.",2020,26.66
Malaysia,Kimanis,Source: Energy Intelligence,"COPYRIGHT © 2001-2021 ENERGY INTELLIGENCE GROUP, INC. / ENERGY INTELLIGENCE GROUP (UK) LIMITED.",2020,114.38
Malaysia,Tapis,Source: Energy Intelligence,"COPYRIGHT © 2001-2021 ENERGY INTELLIGENCE GROUP, INC. / ENERGY INTELLIGENCE GROUP (UK) LIMITED.",2021,9.3
Malaysia,Other Crudes - Malaysia,Source: Energy Intelligence,"COPYRIGHT © 2001-2021 ENERGY INTELLIGENCE GROUP, INC. / ENERGY INTELLIGENCE GROUP (UK) LIMITED.",2021,51.67
Malaysia,Miri,Source: Energy Intelligence,"COPYRIGHT © 2001-2021 ENERGY INTELLIGENCE GROUP, INC. / ENERGY INTELLIGENCE GROUP (UK) LIMITED.",2021,18
Malaysia,Kimanis,Source: Energy Intelligence,"COPYRIGHT © 2001-2021 ENERGY INTELLIGENCE GROUP, INC. / ENERGY INTELLIGENCE GROUP (UK) LIMITED.",2021,130
Malaysia,Tapis,Source: Energy Intelligence,"COPYRIGHT © 2001-2021 ENERGY INTELLIGENCE GROUP, INC. / ENERGY INTELLIGENCE GROUP (UK) LIMITED.",2022,29.59
Malaysia,Other Crudes - Malaysia,Source: Energy Intelligence,"COPYRIGHT © 2001-2021 ENERGY INTELLIGENCE GROUP, INC. / ENERGY INTELLIGENCE GROUP (UK) LIMITED.",2022,60.71
Malaysia,Miri,Source: Energy Intelligence,"COPYRIGHT © 2001-2021 ENERGY INTELLIGENCE GROUP, INC. / ENERGY INTELLIGENCE GROUP (UK) LIMITED.",2022,27
Malaysia,Kimanis,Source: Energy Intelligence,"COPYRIGHT © 2001-2021 ENERGY INTELLIGENCE GROUP, INC. / ENERGY INTELLIGENCE GROUP (UK) LIMITED.",2022,86
Malaysia,Tapis,Source: Energy Intelligence,"COPYRIGHT © 2001-2021 ENERGY INTELLIGENCE GROUP, INC. / ENERGY INTELLIGENCE GROUP (UK) LIMITED.",2023,30.94
Malaysia,Other Crudes - Malaysia,Source: Energy Intelligence,"COPYRIGHT © 2001-2021 ENERGY INTELLIGENCE GROUP, INC. / ENERGY INTELLIGENCE GROUP (UK) LIMITED.",2023,63.41
Malaysia,Miri,Source: Energy Intelligence,"COPYRIGHT © 2001-2021 ENERGY INTELLIGENCE GROUP, INC. / ENERGY INTELLIGENCE GROUP (UK) LIMITED.",2023,38
Malaysia,Kimanis,Source: Energy Intelligence,"COPYRIGHT © 2001-2021 ENERGY INTELLIGENCE GROUP, INC. / ENERGY INTELLIGENCE GROUP (UK) LIMITED.",2023,78.4
Malaysia,Tapis,Source: Energy Intelligence,"COPYRIGHT © 2001-2021 ENERGY INTELLIGENCE GROUP, INC. / ENERGY INTELLIGENCE GROUP (UK) LIMITED.",2024,27.7
Malaysia,Other Crudes - Malaysia,Source: Energy Intelligence,"COPYRIGHT © 2001-2021 ENERGY INTELLIGENCE GROUP, INC. / ENERGY INTELLIGENCE GROUP (UK) LIMITED.",2024,87.14
Malaysia,Miri,Source: Energy Intelligence,"COPYRIGHT © 2001-2021 ENERGY INTELLIGENCE GROUP, INC. / ENERGY INTELLIGENCE GROUP (UK) LIMITED.",2024,33
Malaysia,Kimanis,Source: Energy Intelligence,"COPYRIGHT © 2001-2021 ENERGY INTELLIGENCE GROUP, INC. / ENERGY INTELLIGENCE GROUP (UK) LIMITED.",2024,71.7
Mexico,Olmeca,Source: Energy Intelligence,"COPYRIGHT © 2001-2021 ENERGY INTELLIGENCE GROUP, INC. / ENERGY INTELLIGENCE GROUP (UK) LIMITED.",2006,230.61
Mexico,Maya,Source: Energy Intelligence,"COPYRIGHT © 2001-2021 ENERGY INTELLIGENCE GROUP, INC. / ENERGY INTELLIGENCE GROUP (UK) LIMITED.",2006,1493.79
Mexico,Isthmus,Source: Energy Intelligence,"COPYRIGHT © 2001-2021 ENERGY INTELLIGENCE GROUP, INC. / ENERGY INTELLIGENCE GROUP (UK) LIMITED.",2006,68.29
Mexico,Olmeca,Source: Energy Intelligence,"COPYRIGHT © 2001-2021 ENERGY INTELLIGENCE GROUP, INC. / ENERGY INTELLIGENCE GROUP (UK) LIMITED.",2007,172.72
Mexico,Maya,Source: Energy Intelligence,"COPYRIGHT © 2001-2021 ENERGY INTELLIGENCE GROUP, INC. / ENERGY INTELLIGENCE GROUP (UK) LIMITED.",2007,1472.3
Mexico,Isthmus,Source: Energy Intelligence,"COPYRIGHT © 2001-2021 ENERGY INTELLIGENCE GROUP, INC. / ENERGY INTELLIGENCE GROUP (UK) LIMITED.",2007,41.14
Mexico,Olmeca,Source: Energy Intelligence,"COPYRIGHT © 2001-2021 ENERGY INTELLIGENCE GROUP, INC. / ENERGY INTELLIGENCE GROUP (UK) LIMITED.",2008,129.56
Mexico,Maya,Source: Energy Intelligence,"COPYRIGHT © 2001-2021 ENERGY INTELLIGENCE GROUP, INC. / ENERGY INTELLIGENCE GROUP (UK) LIMITED.",2008,1250.79
Mexico,Isthmus,Source: Energy Intelligence,"COPYRIGHT © 2001-2021 ENERGY INTELLIGENCE GROUP, INC. / ENERGY INTELLIGENCE GROUP (UK) LIMITED.",2008,23.02
Mexico,Olmeca,Source: Energy Intelligence,"COPYRIGHT © 2001-2021 ENERGY INTELLIGENCE GROUP, INC. / ENERGY INTELLIGENCE GROUP (UK) LIMITED.",2009,143.45
Mexico,Maya,Source: Energy Intelligence,"COPYRIGHT © 2001-2021 ENERGY INTELLIGENCE GROUP, INC. / ENERGY INTELLIGENCE GROUP (UK) LIMITED.",2009,1064.53
Mexico,Isthmus,Source: Energy Intelligence,"COPYRIGHT © 2001-2021 ENERGY INTELLIGENCE GROUP, INC. / ENERGY INTELLIGENCE GROUP (UK) LIMITED.",2009,14.15
Mexico,Olmeca,Source: Energy Intelligence,"COPYRIGHT © 2001-2021 ENERGY INTELLIGENCE GROUP, INC. / ENERGY INTELLIGENCE GROUP (UK) LIMITED.",2010,211.71
Mexico,Maya,Source: Energy Intelligence,"COPYRIGHT © 2001-2021 ENERGY INTELLIGENCE GROUP, INC. / ENERGY INTELLIGENCE GROUP (UK) LIMITED.",2010,1073.96
Mexico,Isthmus,Source: Energy Intelligence,"COPYRIGHT © 2001-2021 ENERGY INTELLIGENCE GROUP, INC. / ENERGY INTELLIGENCE GROUP (UK) LIMITED.",2010,74.87
Mexico,Olmeca,Source: Energy Intelligence,"COPYRIGHT © 2001-2021 ENERGY INTELLIGENCE GROUP, INC. / ENERGY INTELLIGENCE GROUP (UK) LIMITED.",2011,202.87
Mexico,Maya,Source: Energy Intelligence,"COPYRIGHT © 2001-2021 ENERGY INTELLIGENCE GROUP, INC. / ENERGY INTELLIGENCE GROUP (UK) LIMITED.",2011,1035.6
Mexico,Isthmus,Source: Energy Intelligence,"COPYRIGHT © 2001-2021 ENERGY INTELLIGENCE GROUP, INC. / ENERGY INTELLIGENCE GROUP (UK) LIMITED.",2011,99.28
Mexico,Olmeca,Source: Energy Intelligence,"COPYRIGHT © 2001-2021 ENERGY INTELLIGENCE GROUP, INC. / ENERGY INTELLIGENCE GROUP (UK) LIMITED.",2012,193.68
Mexico,Maya,Source: Energy Intelligence,"COPYRIGHT © 2001-2021 ENERGY INTELLIGENCE GROUP, INC. / ENERGY INTELLIGENCE GROUP (UK) LIMITED.",2012,962.43
Mexico,Isthmus,Source: Energy Intelligence,"COPYRIGHT © 2001-2021 ENERGY INTELLIGENCE GROUP, INC. / ENERGY INTELLIGENCE GROUP (UK) LIMITED.",2012,99.47
Mexico,Olmeca,Source: Energy Intelligence,"COPYRIGHT © 2001-2021 ENERGY INTELLIGENCE GROUP, INC. / ENERGY INTELLIGENCE GROUP (UK) LIMITED.",2013,99
Mexico,Maya,Source: Energy Intelligence,"COPYRIGHT © 2001-2021 ENERGY INTELLIGENCE GROUP, INC. / ENERGY INTELLIGENCE GROUP (UK) LIMITED.",2013,987
Mexico,Isthmus,Source: Energy Intelligence,"COPYRIGHT © 2001-2021 ENERGY INTELLIGENCE GROUP, INC. / ENERGY INTELLIGENCE GROUP (UK) LIMITED.",2013,103
Mexico,Olmeca,Source: Energy Intelligence,"COPYRIGHT © 2001-2021 ENERGY INTELLIGENCE GROUP, INC. / ENERGY INTELLIGENCE GROUP (UK) LIMITED.",2014,91
Mexico,Maya,Source: Energy Intelligence,"COPYRIGHT © 2001-2021 ENERGY INTELLIGENCE GROUP, INC. / ENERGY INTELLIGENCE GROUP (UK) LIMITED.",2014,917
Mexico,Isthmus,Source: Energy Intelligence,"COPYRIGHT © 2001-2021 ENERGY INTELLIGENCE GROUP, INC. / ENERGY INTELLIGENCE GROUP (UK) LIMITED.",2014,134
Mexico,Olmeca,Source: Energy Intelligence,"COPYRIGHT © 2001-2021 ENERGY INTELLIGENCE GROUP, INC. / ENERGY INTELLIGENCE GROUP (UK) LIMITED.",2015,124
Mexico,Maya,Source: Energy Intelligence,"COPYRIGHT © 2001-2021 ENERGY INTELLIGENCE GROUP, INC. / ENERGY INTELLIGENCE GROUP (UK) LIMITED.",2015,854
Mexico,Isthmus,Source: Energy Intelligence,"COPYRIGHT © 2001-2021 ENERGY INTELLIGENCE GROUP, INC. / ENERGY INTELLIGENCE GROUP (UK) LIMITED.",2015,194
Mexico,Olmeca,Source: Energy Intelligence,"COPYRIGHT © 2001-2021 ENERGY INTELLIGENCE GROUP, INC. / ENERGY INTELLIGENCE GROUP (UK) LIMITED.",2016,108
Mexico,Maya,Source: Energy Intelligence,"COPYRIGHT © 2001-2021 ENERGY INTELLIGENCE GROUP, INC. / ENERGY INTELLIGENCE GROUP (UK) LIMITED.",2016,934
Mexico,Isthmus,Source: Energy Intelligence,"COPYRIGHT © 2001-2021 ENERGY INTELLIGENCE GROUP, INC. / ENERGY INTELLIGENCE GROUP (UK) LIMITED.",2016,153
Mexico,Olmeca,Source: Energy Intelligence,"COPYRIGHT © 2001-2021 ENERGY INTELLIGENCE GROUP, INC. / ENERGY INTELLIGENCE GROUP (UK) LIMITED.",2017,19
Mexico,Maya,Source: Energy Intelligence,"COPYRIGHT © 2001-2021 ENERGY INTELLIGENCE GROUP, INC. / ENERGY INTELLIGENCE GROUP (UK) LIMITED.",2017,1069
Mexico,Isthmus,Source: Energy Intelligence,"COPYRIGHT © 2001-2021 ENERGY INTELLIGENCE GROUP, INC. / ENERGY INTELLIGENCE GROUP (UK) LIMITED.",2017,86
Mexico,Olmeca,Source: Energy Intelligence,"COPYRIGHT © 2001-2021 ENERGY INTELLIGENCE GROUP, INC. / ENERGY INTELLIGENCE GROUP (UK) LIMITED.",2018,0
Mexico,Maya,Source: Energy Intelligence,"COPYRIGHT © 2001-2021 ENERGY INTELLIGENCE GROUP, INC. / ENERGY INTELLIGENCE GROUP (UK) LIMITED.",2018,1153.49
Mexico,Isthmus,Source: Energy Intelligence,"COPYRIGHT © 2001-2021 ENERGY INTELLIGENCE GROUP, INC. / ENERGY INTELLIGENCE GROUP (UK) LIMITED.",2018,30.66
Mexico,Other Crudes - Mexico,Source: Energy Intelligence,"COPYRIGHT © 2001-2021 ENERGY INTELLIGENCE GROUP, INC. / ENERGY INTELLIGENCE GROUP (UK) LIMITED.",2019,0
Mexico,Olmeca,Source: Energy Intelligence,"COPYRIGHT © 2001-2021 ENERGY INTELLIGENCE GROUP, INC. / ENERGY INTELLIGENCE GROUP (UK) LIMITED.",2019,0
Mexico,Maya,Source: Energy Intelligence,"COPYRIGHT © 2001-2021 ENERGY INTELLIGENCE GROUP, INC. / ENERGY INTELLIGENCE GROUP (UK) LIMITED.",2019,1099
Mexico,Isthmus,Source: Energy Intelligence,"COPYRIGHT © 2001-2021 ENERGY INTELLIGENCE GROUP, INC. / ENERGY INTELLIGENCE GROUP (UK) LIMITED.",2019,4
Mexico,Other Crudes - Mexico,Source: Energy Intelligence,"COPYRIGHT © 2001-2021 ENERGY INTELLIGENCE GROUP, INC. / ENERGY INTELLIGENCE GROUP (UK) LIMITED.",2020,0
Mexico,Olmeca,Source: Energy Intelligence,"COPYRIGHT © 2001-2021 ENERGY INTELLIGENCE GROUP, INC. / ENERGY INTELLIGENCE GROUP (UK) LIMITED.",2020,0
Mexico,Maya,Source: Energy Intelligence,"COPYRIGHT © 2001-2021 ENERGY INTELLIGENCE GROUP, INC. / ENERGY INTELLIGENCE GROUP (UK) LIMITED.",2020,980
Mexico,Isthmus,Source: Energy Intelligence,"COPYRIGHT © 2001-2021 ENERGY INTELLIGENCE GROUP, INC. / ENERGY INTELLIGENCE GROUP (UK) LIMITED.",2020,140
Mexico,Other Crudes - Mexico,Source: Energy Intelligence,"COPYRIGHT © 2001-2021 ENERGY INTELLIGENCE GROUP, INC. / ENERGY INTELLIGENCE GROUP (UK) LIMITED.",2021,0
Mexico,Olmeca,Source: Energy Intelligence,"COPYRIGHT © 2001-2021 ENERGY INTELLIGENCE GROUP, INC. / ENERGY INTELLIGENCE GROUP (UK) LIMITED.",2021,0
Mexico,Maya,Source: Energy Intelligence,"COPYRIGHT © 2001-2021 ENERGY INTELLIGENCE GROUP, INC. / ENERGY INTELLIGENCE GROUP (UK) LIMITED.",2021,837
Mexico,Isthmus,Source: Energy Intelligence,"COPYRIGHT © 2001-2021 ENERGY INTELLIGENCE GROUP, INC. / ENERGY INTELLIGENCE GROUP (UK) LIMITED.",2021,181
Mexico,Other Crudes - Mexico,Source: Energy Intelligence,"COPYRIGHT © 2001-2021 ENERGY INTELLIGENCE GROUP, INC. / ENERGY INTELLIGENCE GROUP (UK) LIMITED.",2022,0
Mexico,Olmeca,Source: Energy Intelligence,"COPYRIGHT © 2001-2021 ENERGY INTELLIGENCE GROUP, INC. / ENERGY INTELLIGENCE GROUP (UK) LIMITED.",2022,0
Mexico,Maya,Source: Energy Intelligence,"COPYRIGHT © 2001-2021 ENERGY INTELLIGENCE GROUP, INC. / ENERGY INTELLIGENCE GROUP (UK) LIMITED.",2022,664
Mexico,Isthmus,Source: Energy Intelligence,"COPYRIGHT © 2001-2021 ENERGY INTELLIGENCE GROUP, INC. / ENERGY INTELLIGENCE GROUP (UK) LIMITED.",2022,289
Mexico,Zapoteco,Source: Energy Intelligence,"COPYRIGHT © 2001-2021 ENERGY INTELLIGENCE GROUP, INC. / ENERGY INTELLIGENCE GROUP (UK) LIMITED.",2023,8
Mexico,Other Crudes - Mexico,Source: Energy Intelligence,"COPYRIGHT © 2001-2021 ENERGY INTELLIGENCE GROUP, INC. / ENERGY INTELLIGENCE GROUP (UK) LIMITED.",2023,1
Mexico,Olmeca,Source: Energy Intelligence,"COPYRIGHT © 2001-2021 ENERGY INTELLIGENCE GROUP, INC. / ENERGY INTELLIGENCE GROUP (UK) LIMITED.",2023,15
Mexico,Maya,Source: Energy Intelligence,"COPYRIGHT © 2001-2021 ENERGY INTELLIGENCE GROUP, INC. / ENERGY INTELLIGENCE GROUP (UK) LIMITED.",2023,589
Mexico,Isthmus,Source: Energy Intelligence,"COPYRIGHT © 2001-2021 ENERGY INTELLIGENCE GROUP, INC. / ENERGY INTELLIGENCE GROUP (UK) LIMITED.",2023,420
Mexico,Zapoteco,Source: Energy Intelligence,"COPYRIGHT © 2001-2021 ENERGY INTELLIGENCE GROUP, INC. / ENERGY INTELLIGENCE GROUP (UK) LIMITED.",2024,55
Mexico,Other Crudes - Mexico,Source: Energy Intelligence,"COPYRIGHT © 2001-2021 ENERGY INTELLIGENCE GROUP, INC. / ENERGY INTELLIGENCE GROUP (UK) LIMITED.",2024,0
Mexico,Olmeca,Source: Energy Intelligence,"COPYRIGHT © 2001-2021 ENERGY INTELLIGENCE GROUP, INC. / ENERGY INTELLIGENCE GROUP (UK) LIMITED.",2024,43
Mexico,Maya,Source: Energy Intelligence,"COPYRIGHT © 2001-2021 ENERGY INTELLIGENCE GROUP, INC. / ENERGY INTELLIGENCE GROUP (UK) LIMITED.",2024,477
Mexico,Isthmus,Source: Energy Intelligence,"COPYRIGHT © 2001-2021 ENERGY INTELLIGENCE GROUP, INC. / ENERGY INTELLIGENCE GROUP (UK) LIMITED.",2024,231
Neutral Zone,Wafra,Source: Energy Intelligence,"COPYRIGHT © 2001-2021 ENERGY INTELLIGENCE GROUP, INC. / ENERGY INTELLIGENCE GROUP (UK) LIMITED.",2006,160
Neutral Zone,Other Crudes - Neutral Zone,Source: Energy Intelligence,"COPYRIGHT © 2001-2021 ENERGY INTELLIGENCE GROUP, INC. / ENERGY INTELLIGENCE GROUP (UK) LIMITED.",2006,100
Neutral Zone,Khafji,Source: Energy Intelligence,"COPYRIGHT © 2001-2021 ENERGY INTELLIGENCE GROUP, INC. / ENERGY INTELLIGENCE GROUP (UK) LIMITED.",2006,280
Neutral Zone,Wafra,Source: Energy Intelligence,"COPYRIGHT © 2001-2021 ENERGY INTELLIGENCE GROUP, INC. / ENERGY INTELLIGENCE GROUP (UK) LIMITED.",2007,202
Neutral Zone,Other Crudes - Neutral Zone,Source: Energy Intelligence,"COPYRIGHT © 2001-2021 ENERGY INTELLIGENCE GROUP, INC. / ENERGY INTELLIGENCE GROUP (UK) LIMITED.",2007,35
Neutral Zone,Khafji,Source: Energy Intelligence,"COPYRIGHT © 2001-2021 ENERGY INTELLIGENCE GROUP, INC. / ENERGY INTELLIGENCE GROUP (UK) LIMITED.",2007,265
Neutral Zone,Eocene,Source: Energy Intelligence,"COPYRIGHT © 2001-2021 ENERGY INTELLIGENCE GROUP, INC. / ENERGY INTELLIGENCE GROUP (UK) LIMITED.",2007,78
Neutral Zone,Wafra,Source: Energy Intelligence,"COPYRIGHT © 2001-2021 ENERGY INTELLIGENCE GROUP, INC. / ENERGY INTELLIGENCE GROUP (UK) LIMITED.",2008,180
Neutral Zone,Other Crudes - Neutral Zone,Source: Energy Intelligence,"COPYRIGHT © 2001-2021 ENERGY INTELLIGENCE GROUP, INC. / ENERGY INTELLIGENCE GROUP (UK) LIMITED.",2008,35
Neutral Zone,Khafji,Source: Energy Intelligence,"COPYRIGHT © 2001-2021 ENERGY INTELLIGENCE GROUP, INC. / ENERGY INTELLIGENCE GROUP (UK) LIMITED.",2008,240
Neutral Zone,Eocene,Source: Energy Intelligence,"COPYRIGHT © 2001-2021 ENERGY INTELLIGENCE GROUP, INC. / ENERGY INTELLIGENCE GROUP (UK) LIMITED.",2008,80
Neutral Zone,Wafra,Source: Energy Intelligence,"COPYRIGHT © 2001-2021 ENERGY INTELLIGENCE GROUP, INC. / ENERGY INTELLIGENCE GROUP (UK) LIMITED.",2009,174
Neutral Zone,Other Crudes - Neutral Zone,Source: Energy Intelligence,"COPYRIGHT © 2001-2021 ENERGY INTELLIGENCE GROUP, INC. / ENERGY INTELLIGENCE GROUP (UK) LIMITED.",2009,0
Neutral Zone,Khafji,Source: Energy Intelligence,"COPYRIGHT © 2001-2021 ENERGY INTELLIGENCE GROUP, INC. / ENERGY INTELLIGENCE GROUP (UK) LIMITED.",2009,236
Neutral Zone,Eocene,Source: Energy Intelligence,"COPYRIGHT © 2001-2021 ENERGY INTELLIGENCE GROUP, INC. / ENERGY INTELLIGENCE GROUP (UK) LIMITED.",2009,80
Neutral Zone,Wafra,Source: Energy Intelligence,"COPYRIGHT © 2001-2021 ENERGY INTELLIGENCE GROUP, INC. / ENERGY INTELLIGENCE GROUP (UK) LIMITED.",2010,166
Neutral Zone,Other Crudes - Neutral Zone,Source: Energy Intelligence,"COPYRIGHT © 2001-2021 ENERGY INTELLIGENCE GROUP, INC. / ENERGY INTELLIGENCE GROUP (UK) LIMITED.",2010,10
Neutral Zone,Khafji,Source: Energy Intelligence,"COPYRIGHT © 2001-2021 ENERGY INTELLIGENCE GROUP, INC. / ENERGY INTELLIGENCE GROUP (UK) LIMITED.",2010,267
Neutral Zone,Eocene,Source: Energy Intelligence,"COPYRIGHT © 2001-2021 ENERGY INTELLIGENCE GROUP, INC. / ENERGY INTELLIGENCE GROUP (UK) LIMITED.",2010,70
Neutral Zone,Wafra,Source: Energy Intelligence,"COPYRIGHT © 2001-2021 ENERGY INTELLIGENCE GROUP, INC. / ENERGY INTELLIGENCE GROUP (UK) LIMITED.",2011,154
Neutral Zone,Khafji,Source: Energy Intelligence,"COPYRIGHT © 2001-2021 ENERGY INTELLIGENCE GROUP, INC. / ENERGY INTELLIGENCE GROUP (UK) LIMITED.",2011,368
Neutral Zone,Eocene,Source: Energy Intelligence,"COPYRIGHT © 2001-2021 ENERGY INTELLIGENCE GROUP, INC. / ENERGY INTELLIGENCE GROUP (UK) LIMITED.",2011,66
Neutral Zone,Wafra,Source: Energy Intelligence,"COPYRIGHT © 2001-2021 ENERGY INTELLIGENCE GROUP, INC. / ENERGY INTELLIGENCE GROUP (UK) LIMITED.",2012,150.5
Neutral Zone,Khafji,Source: Energy Intelligence,"COPYRIGHT © 2001-2021 ENERGY INTELLIGENCE GROUP, INC. / ENERGY INTELLIGENCE GROUP (UK) LIMITED.",2012,355
Neutral Zone,Eocene,Source: Energy Intelligence,"COPYRIGHT © 2001-2021 ENERGY INTELLIGENCE GROUP, INC. / ENERGY INTELLIGENCE GROUP (UK) LIMITED.",2012,64.5
Neutral Zone,Wafra,Source: Energy Intelligence,"COPYRIGHT © 2001-2021 ENERGY INTELLIGENCE GROUP, INC. / ENERGY INTELLIGENCE GROUP (UK) LIMITED.",2013,147
Neutral Zone,Khafji,Source: Energy Intelligence,"COPYRIGHT © 2001-2021 ENERGY INTELLIGENCE GROUP, INC. / ENERGY INTELLIGENCE GROUP (UK) LIMITED.",2013,270
Neutral Zone,Eocene,Source: Energy Intelligence,"COPYRIGHT © 2001-2021 ENERGY INTELLIGENCE GROUP, INC. / ENERGY INTELLIGENCE GROUP (UK) LIMITED.",2013,63
Neutral Zone,Wafra,Source: Energy Intelligence,"COPYRIGHT © 2001-2021 ENERGY INTELLIGENCE GROUP, INC. / ENERGY INTELLIGENCE GROUP (UK) LIMITED.",2014,136.5
Neutral Zone,Khafji,Source: Energy Intelligence,"COPYRIGHT © 2001-2021 ENERGY INTELLIGENCE GROUP, INC. / ENERGY INTELLIGENCE GROUP (UK) LIMITED.",2014,170
Neutral Zone,Eocene,Source: Energy Intelligence,"COPYRIGHT © 2001-2021 ENERGY INTELLIGENCE GROUP, INC. / ENERGY INTELLIGENCE GROUP (UK) LIMITED.",2014,58.5
Neutral Zone,Wafra,Source: Energy Intelligence,"COPYRIGHT © 2001-2021 ENERGY INTELLIGENCE GROUP, INC. / ENERGY INTELLIGENCE GROUP (UK) LIMITED.",2015,46.9
Neutral Zone,Khafji,Source: Energy Intelligence,"COPYRIGHT © 2001-2021 ENERGY INTELLIGENCE GROUP, INC. / ENERGY INTELLIGENCE GROUP (UK) LIMITED.",2015,0
Neutral Zone,Eocene,Source: Energy Intelligence,"COPYRIGHT © 2001-2021 ENERGY INTELLIGENCE GROUP, INC. / ENERGY INTELLIGENCE GROUP (UK) LIMITED.",2015,20.1
Neutral Zone,Wafra,Source: Energy Intelligence,"COPYRIGHT © 2001-2021 ENERGY INTELLIGENCE GROUP, INC. / ENERGY INTELLIGENCE GROUP (UK) LIMITED.",2016,0
Neutral Zone,Khafji,Source: Energy Intelligence,"COPYRIGHT © 2001-2021 ENERGY INTELLIGENCE GROUP, INC. / ENERGY INTELLIGENCE GROUP (UK) LIMITED.",2016,0
Neutral Zone,Eocene,Source: Energy Intelligence,"COPYRIGHT © 2001-2021 ENERGY INTELLIGENCE GROUP, INC. / ENERGY INTELLIGENCE GROUP (UK) LIMITED.",2016,0
Neutral Zone,Wafra,Source: Energy Intelligence,"COPYRIGHT © 2001-2021 ENERGY INTELLIGENCE GROUP, INC. / ENERGY INTELLIGENCE GROUP (UK) LIMITED.",2017,0
Neutral Zone,Khafji,Source: Energy Intelligence,"COPYRIGHT © 2001-2021 ENERGY INTELLIGENCE GROUP, INC. / ENERGY INTELLIGENCE GROUP (UK) LIMITED.",2017,0
Neutral Zone,Eocene,Source: Energy Intelligence,"COPYRIGHT © 2001-2021 ENERGY INTELLIGENCE GROUP, INC. / ENERGY INTELLIGENCE GROUP (UK) LIMITED.",2017,0
Neutral Zone,Wafra,Source: Energy Intelligence,"COPYRIGHT © 2001-2021 ENERGY INTELLIGENCE GROUP, INC. / ENERGY INTELLIGENCE GROUP (UK) LIMITED.",2018,0
Neutral Zone,Khafji,Source: Energy Intelligence,"COPYRIGHT © 2001-2021 ENERGY INTELLIGENCE GROUP, INC. / ENERGY INTELLIGENCE GROUP (UK) LIMITED.",2018,0
Neutral Zone,Eocene,Source: Energy Intelligence,"COPYRIGHT © 2001-2021 ENERGY INTELLIGENCE GROUP, INC. / ENERGY INTELLIGENCE GROUP (UK) LIMITED.",2018,0
Neutral Zone,Wafra,Source: Energy Intelligence,"COPYRIGHT © 2001-2021 ENERGY INTELLIGENCE GROUP, INC. / ENERGY INTELLIGENCE GROUP (UK) LIMITED.",2019,0
Neutral Zone,Khafji,Source: Energy Intelligence,"COPYRIGHT © 2001-2021 ENERGY INTELLIGENCE GROUP, INC. / ENERGY INTELLIGENCE GROUP (UK) LIMITED.",2019,0
Neutral Zone,Eocene,Source: Energy Intelligence,"COPYRIGHT © 2001-2021 ENERGY INTELLIGENCE GROUP, INC. / ENERGY INTELLIGENCE GROUP (UK) LIMITED.",2019,0
Neutral Zone,Wafra,Source: Energy Intelligence,"COPYRIGHT © 2001-2021 ENERGY INTELLIGENCE GROUP, INC. / ENERGY INTELLIGENCE GROUP (UK) LIMITED.",2020,22
Neutral Zone,Khafji,Source: Energy Intelligence,"COPYRIGHT © 2001-2021 ENERGY INTELLIGENCE GROUP, INC. / ENERGY INTELLIGENCE GROUP (UK) LIMITED.",2020,82
Neutral Zone,Eocene,Source: Energy Intelligence,"COPYRIGHT © 2001-2021 ENERGY INTELLIGENCE GROUP, INC. / ENERGY INTELLIGENCE GROUP (UK) LIMITED.",2020,0
Neutral Zone,Wafra,Source: Energy Intelligence,"COPYRIGHT © 2001-2021 ENERGY INTELLIGENCE GROUP, INC. / ENERGY INTELLIGENCE GROUP (UK) LIMITED.",2021,60
Neutral Zone,Khafji,Source: Energy Intelligence,"COPYRIGHT © 2001-2021 ENERGY INTELLIGENCE GROUP, INC. / ENERGY INTELLIGENCE GROUP (UK) LIMITED.",2021,119.8
Neutral Zone,Eocene,Source: Energy Intelligence,"COPYRIGHT © 2001-2021 ENERGY INTELLIGENCE GROUP, INC. / ENERGY INTELLIGENCE GROUP (UK) LIMITED.",2021,17
Neutral Zone,Wafra,Source: Energy Intelligence,"COPYRIGHT © 2001-2021 ENERGY INTELLIGENCE GROUP, INC. / ENERGY INTELLIGENCE GROUP (UK) LIMITED.",2022,55
Neutral Zone,Khafji,Source: Energy Intelligence,"COPYRIGHT © 2001-2021 ENERGY INTELLIGENCE GROUP, INC. / ENERGY INTELLIGENCE GROUP (UK) LIMITED.",2022,150
Neutral Zone,Eocene,Source: Energy Intelligence,"COPYRIGHT © 2001-2021 ENERGY INTELLIGENCE GROUP, INC. / ENERGY INTELLIGENCE GROUP (UK) LIMITED.",2022,20
Neutral Zone,Wafra,Source: Energy Intelligence,"COPYRIGHT © 2001-2021 ENERGY INTELLIGENCE GROUP, INC. / ENERGY INTELLIGENCE GROUP (UK) LIMITED.",2023,61
Neutral Zone,Khafji,Source: Energy Intelligence,"COPYRIGHT © 2001-2021 ENERGY INTELLIGENCE GROUP, INC. / ENERGY INTELLIGENCE GROUP (UK) LIMITED.",2023,205
Neutral Zone,Eocene,Source: Energy Intelligence,"COPYRIGHT © 2001-2021 ENERGY INTELLIGENCE GROUP, INC. / ENERGY INTELLIGENCE GROUP (UK) LIMITED.",2023,21
Neutral Zone,Wafra,Source: Energy Intelligence,"COPYRIGHT © 2001-2021 ENERGY INTELLIGENCE GROUP, INC. / ENERGY INTELLIGENCE GROUP (UK) LIMITED.",2024,65
Neutral Zone,Khafji,Source: Energy Intelligence,"COPYRIGHT © 2001-2021 ENERGY INTELLIGENCE GROUP, INC. / ENERGY INTELLIGENCE GROUP (UK) LIMITED.",2024,270
Neutral Zone,Eocene,Source: Energy Intelligence,"COPYRIGHT © 2001-2021 ENERGY INTELLIGENCE GROUP, INC. / ENERGY INTELLIGENCE GROUP (UK) LIMITED.",2024,15
Nigeria,Yoho,Source: Energy Intelligence,"COPYRIGHT © 2001-2021 ENERGY INTELLIGENCE GROUP, INC. / ENERGY INTELLIGENCE GROUP (UK) LIMITED.",2006,146
Nigeria,Qua Iboe,Source: Energy Intelligence,"COPYRIGHT © 2001-2021 ENERGY INTELLIGENCE GROUP, INC. / ENERGY INTELLIGENCE GROUP (UK) LIMITED.",2006,383
Nigeria,Pennington,Source: Energy Intelligence,"COPYRIGHT © 2001-2021 ENERGY INTELLIGENCE GROUP, INC. / ENERGY INTELLIGENCE GROUP (UK) LIMITED.",2006,39.04
Nigeria,Other Crudes - Nigeria,Source: Energy Intelligence,"COPYRIGHT © 2001-2021 ENERGY INTELLIGENCE GROUP, INC. / ENERGY INTELLIGENCE GROUP (UK) LIMITED.",2006,80.64
Nigeria,Oso Condensate,Source: Energy Intelligence,"COPYRIGHT © 2001-2021 ENERGY INTELLIGENCE GROUP, INC. / ENERGY INTELLIGENCE GROUP (UK) LIMITED.",2006,65.89
Nigeria,Okono Blend,Source: Energy Intelligence,"COPYRIGHT © 2001-2021 ENERGY INTELLIGENCE GROUP, INC. / ENERGY INTELLIGENCE GROUP (UK) LIMITED.",2006,61.1
Nigeria,Forcados,Source: Energy Intelligence,"COPYRIGHT © 2001-2021 ENERGY INTELLIGENCE GROUP, INC. / ENERGY INTELLIGENCE GROUP (UK) LIMITED.",2006,81.99
Nigeria,Escravos,Source: Energy Intelligence,"COPYRIGHT © 2001-2021 ENERGY INTELLIGENCE GROUP, INC. / ENERGY INTELLIGENCE GROUP (UK) LIMITED.",2006,322.74
Nigeria,Erha,Source: Energy Intelligence,"COPYRIGHT © 2001-2021 ENERGY INTELLIGENCE GROUP, INC. / ENERGY INTELLIGENCE GROUP (UK) LIMITED.",2006,129
Nigeria,EA,Source: Energy Intelligence,"COPYRIGHT © 2001-2021 ENERGY INTELLIGENCE GROUP, INC. / ENERGY INTELLIGENCE GROUP (UK) LIMITED.",2006,23.4
Nigeria,Brass River,Source: Energy Intelligence,"COPYRIGHT © 2001-2021 ENERGY INTELLIGENCE GROUP, INC. / ENERGY INTELLIGENCE GROUP (UK) LIMITED.",2006,177.95
Nigeria,Bonny Light,Source: Energy Intelligence,"COPYRIGHT © 2001-2021 ENERGY INTELLIGENCE GROUP, INC. / ENERGY INTELLIGENCE GROUP (UK) LIMITED.",2006,344.66
Nigeria,Bonga,Source: Energy Intelligence,"COPYRIGHT © 2001-2021 ENERGY INTELLIGENCE GROUP, INC. / ENERGY INTELLIGENCE GROUP (UK) LIMITED.",2006,192.49
Nigeria,Antan Blend,Source: Energy Intelligence,"COPYRIGHT © 2001-2021 ENERGY INTELLIGENCE GROUP, INC. / ENERGY INTELLIGENCE GROUP (UK) LIMITED.",2006,63
Nigeria,Amenam Blend,Source: Energy Intelligence,"COPYRIGHT © 2001-2021 ENERGY INTELLIGENCE GROUP, INC. / ENERGY INTELLIGENCE GROUP (UK) LIMITED.",2006,189.1
Nigeria,Yoho,Source: Energy Intelligence,"COPYRIGHT © 2001-2021 ENERGY INTELLIGENCE GROUP, INC. / ENERGY INTELLIGENCE GROUP (UK) LIMITED.",2007,126
Nigeria,Qua Iboe,Source: Energy Intelligence,"COPYRIGHT © 2001-2021 ENERGY INTELLIGENCE GROUP, INC. / ENERGY INTELLIGENCE GROUP (UK) LIMITED.",2007,369.73
Nigeria,Pennington,Source: Energy Intelligence,"COPYRIGHT © 2001-2021 ENERGY INTELLIGENCE GROUP, INC. / ENERGY INTELLIGENCE GROUP (UK) LIMITED.",2007,31.23
Nigeria,Other Crudes - Nigeria,Source: Energy Intelligence,"COPYRIGHT © 2001-2021 ENERGY INTELLIGENCE GROUP, INC. / ENERGY INTELLIGENCE GROUP (UK) LIMITED.",2007,90.71
Nigeria,Oso Condensate,Source: Energy Intelligence,"COPYRIGHT © 2001-2021 ENERGY INTELLIGENCE GROUP, INC. / ENERGY INTELLIGENCE GROUP (UK) LIMITED.",2007,53.01
Nigeria,Okono Blend,Source: Energy Intelligence,"COPYRIGHT © 2001-2021 ENERGY INTELLIGENCE GROUP, INC. / ENERGY INTELLIGENCE GROUP (UK) LIMITED.",2007,49
Nigeria,Forcados,Source: Energy Intelligence,"COPYRIGHT © 2001-2021 ENERGY INTELLIGENCE GROUP, INC. / ENERGY INTELLIGENCE GROUP (UK) LIMITED.",2007,48.77
Nigeria,Escravos,Source: Energy Intelligence,"COPYRIGHT © 2001-2021 ENERGY INTELLIGENCE GROUP, INC. / ENERGY INTELLIGENCE GROUP (UK) LIMITED.",2007,312.33
Nigeria,Erha,Source: Energy Intelligence,"COPYRIGHT © 2001-2021 ENERGY INTELLIGENCE GROUP, INC. / ENERGY INTELLIGENCE GROUP (UK) LIMITED.",2007,201.78
Nigeria,EA,Source: Energy Intelligence,"COPYRIGHT © 2001-2021 ENERGY INTELLIGENCE GROUP, INC. / ENERGY INTELLIGENCE GROUP (UK) LIMITED.",2007,0
Nigeria,Brass River,Source: Energy Intelligence,"COPYRIGHT © 2001-2021 ENERGY INTELLIGENCE GROUP, INC. / ENERGY INTELLIGENCE GROUP (UK) LIMITED.",2007,138.46
Nigeria,Bonny Light,Source: Energy Intelligence,"COPYRIGHT © 2001-2021 ENERGY INTELLIGENCE GROUP, INC. / ENERGY INTELLIGENCE GROUP (UK) LIMITED.",2007,313.21
Nigeria,Bonga,Source: Energy Intelligence,"COPYRIGHT © 2001-2021 ENERGY INTELLIGENCE GROUP, INC. / ENERGY INTELLIGENCE GROUP (UK) LIMITED.",2007,178.29
Nigeria,Antan Blend,Source: Energy Intelligence,"COPYRIGHT © 2001-2021 ENERGY INTELLIGENCE GROUP, INC. / ENERGY INTELLIGENCE GROUP (UK) LIMITED.",2007,67.75
Nigeria,Amenam Blend,Source: Energy Intelligence,"COPYRIGHT © 2001-2021 ENERGY INTELLIGENCE GROUP, INC. / ENERGY INTELLIGENCE GROUP (UK) LIMITED.",2007,179.73
Nigeria,Yoho,Source: Energy Intelligence,"COPYRIGHT © 2001-2021 ENERGY INTELLIGENCE GROUP, INC. / ENERGY INTELLIGENCE GROUP (UK) LIMITED.",2008,120
Nigeria,Qua Iboe,Source: Energy Intelligence,"COPYRIGHT © 2001-2021 ENERGY INTELLIGENCE GROUP, INC. / ENERGY INTELLIGENCE GROUP (UK) LIMITED.",2008,302
Nigeria,Pennington,Source: Energy Intelligence,"COPYRIGHT © 2001-2021 ENERGY INTELLIGENCE GROUP, INC. / ENERGY INTELLIGENCE GROUP (UK) LIMITED.",2008,20.64
Nigeria,Other Crudes - Nigeria,Source: Energy Intelligence,"COPYRIGHT © 2001-2021 ENERGY INTELLIGENCE GROUP, INC. / ENERGY INTELLIGENCE GROUP (UK) LIMITED.",2008,61.38
Nigeria,Oso Condensate,Source: Energy Intelligence,"COPYRIGHT © 2001-2021 ENERGY INTELLIGENCE GROUP, INC. / ENERGY INTELLIGENCE GROUP (UK) LIMITED.",2008,43.46
Nigeria,Okono Blend,Source: Energy Intelligence,"COPYRIGHT © 2001-2021 ENERGY INTELLIGENCE GROUP, INC. / ENERGY INTELLIGENCE GROUP (UK) LIMITED.",2008,31
Nigeria,Forcados,Source: Energy Intelligence,"COPYRIGHT © 2001-2021 ENERGY INTELLIGENCE GROUP, INC. / ENERGY INTELLIGENCE GROUP (UK) LIMITED.",2008,182.38
Nigeria,Escravos,Source: Energy Intelligence,"COPYRIGHT © 2001-2021 ENERGY INTELLIGENCE GROUP, INC. / ENERGY INTELLIGENCE GROUP (UK) LIMITED.",2008,213.06
Nigeria,Erha,Source: Energy Intelligence,"COPYRIGHT © 2001-2021 ENERGY INTELLIGENCE GROUP, INC. / ENERGY INTELLIGENCE GROUP (UK) LIMITED.",2008,195
Nigeria,EA,Source: Energy Intelligence,"COPYRIGHT © 2001-2021 ENERGY INTELLIGENCE GROUP, INC. / ENERGY INTELLIGENCE GROUP (UK) LIMITED.",2008,0
Nigeria,Brass River,Source: Energy Intelligence,"COPYRIGHT © 2001-2021 ENERGY INTELLIGENCE GROUP, INC. / ENERGY INTELLIGENCE GROUP (UK) LIMITED.",2008,155.29
Nigeria,Bonny Light,Source: Energy Intelligence,"COPYRIGHT © 2001-2021 ENERGY INTELLIGENCE GROUP, INC. / ENERGY INTELLIGENCE GROUP (UK) LIMITED.",2008,187.49
Nigeria,Bonga,Source: Energy Intelligence,"COPYRIGHT © 2001-2021 ENERGY INTELLIGENCE GROUP, INC. / ENERGY INTELLIGENCE GROUP (UK) LIMITED.",2008,167.9
Nigeria,Antan Blend,Source: Energy Intelligence,"COPYRIGHT © 2001-2021 ENERGY INTELLIGENCE GROUP, INC. / ENERGY INTELLIGENCE GROUP (UK) LIMITED.",2008,70
Nigeria,Amenam Blend,Source: Energy Intelligence,"COPYRIGHT © 2001-2021 ENERGY INTELLIGENCE GROUP, INC. / ENERGY INTELLIGENCE GROUP (UK) LIMITED.",2008,150
Nigeria,Agbami,Source: Energy Intelligence,"COPYRIGHT © 2001-2021 ENERGY INTELLIGENCE GROUP, INC. / ENERGY INTELLIGENCE GROUP (UK) LIMITED.",2008,39.4
Nigeria,Yoho,Source: Energy Intelligence,"COPYRIGHT © 2001-2021 ENERGY INTELLIGENCE GROUP, INC. / ENERGY INTELLIGENCE GROUP (UK) LIMITED.",2009,96.55
Nigeria,Qua Iboe,Source: Energy Intelligence,"COPYRIGHT © 2001-2021 ENERGY INTELLIGENCE GROUP, INC. / ENERGY INTELLIGENCE GROUP (UK) LIMITED.",2009,295.23
Nigeria,Other Crudes - Nigeria,Source: Energy Intelligence,"COPYRIGHT © 2001-2021 ENERGY INTELLIGENCE GROUP, INC. / ENERGY INTELLIGENCE GROUP (UK) LIMITED.",2009,129.5
Nigeria,Okono Blend,Source: Energy Intelligence,"COPYRIGHT © 2001-2021 ENERGY INTELLIGENCE GROUP, INC. / ENERGY INTELLIGENCE GROUP (UK) LIMITED.",2009,58
Nigeria,Forcados,Source: Energy Intelligence,"COPYRIGHT © 2001-2021 ENERGY INTELLIGENCE GROUP, INC. / ENERGY INTELLIGENCE GROUP (UK) LIMITED.",2009,145.89
Nigeria,Escravos,Source: Energy Intelligence,"COPYRIGHT © 2001-2021 ENERGY INTELLIGENCE GROUP, INC. / ENERGY INTELLIGENCE GROUP (UK) LIMITED.",2009,148.03
Nigeria,Erha,Source: Energy Intelligence,"COPYRIGHT © 2001-2021 ENERGY INTELLIGENCE GROUP, INC. / ENERGY INTELLIGENCE GROUP (UK) LIMITED.",2009,162
Nigeria,EA,Source: Energy Intelligence,"COPYRIGHT © 2001-2021 ENERGY INTELLIGENCE GROUP, INC. / ENERGY INTELLIGENCE GROUP (UK) LIMITED.",2009,12.5
Nigeria,Brass River,Source: Energy Intelligence,"COPYRIGHT © 2001-2021 ENERGY INTELLIGENCE GROUP, INC. / ENERGY INTELLIGENCE GROUP (UK) LIMITED.",2009,132.11
Nigeria,Bonny Light,Source: Energy Intelligence,"COPYRIGHT © 2001-2021 ENERGY INTELLIGENCE GROUP, INC. / ENERGY INTELLIGENCE GROUP (UK) LIMITED.",2009,139.64
Nigeria,Bonga,Source: Energy Intelligence,"COPYRIGHT © 2001-2021 ENERGY INTELLIGENCE GROUP, INC. / ENERGY INTELLIGENCE GROUP (UK) LIMITED.",2009,160.69
Nigeria,Antan Blend,Source: Energy Intelligence,"COPYRIGHT © 2001-2021 ENERGY INTELLIGENCE GROUP, INC. / ENERGY INTELLIGENCE GROUP (UK) LIMITED.",2009,57
Nigeria,Amenam Blend,Source: Energy Intelligence,"COPYRIGHT © 2001-2021 ENERGY INTELLIGENCE GROUP, INC. / ENERGY INTELLIGENCE GROUP (UK) LIMITED.",2009,127
Nigeria,Akpo Blend,Source: Energy Intelligence,"COPYRIGHT © 2001-2021 ENERGY INTELLIGENCE GROUP, INC. / ENERGY INTELLIGENCE GROUP (UK) LIMITED.",2009,64.23
Nigeria,Agbami,Source: Energy Intelligence,"COPYRIGHT © 2001-2021 ENERGY INTELLIGENCE GROUP, INC. / ENERGY INTELLIGENCE GROUP (UK) LIMITED.",2009,196.63
Nigeria,Yoho,Source: Energy Intelligence,"COPYRIGHT © 2001-2021 ENERGY INTELLIGENCE GROUP, INC. / ENERGY INTELLIGENCE GROUP (UK) LIMITED.",2010,88.5
Nigeria,Qua Iboe,Source: Energy Intelligence,"COPYRIGHT © 2001-2021 ENERGY INTELLIGENCE GROUP, INC. / ENERGY INTELLIGENCE GROUP (UK) LIMITED.",2010,335.75
Nigeria,Other Crudes - Nigeria,Source: Energy Intelligence,"COPYRIGHT © 2001-2021 ENERGY INTELLIGENCE GROUP, INC. / ENERGY INTELLIGENCE GROUP (UK) LIMITED.",2010,131.63
Nigeria,Okono Blend,Source: Energy Intelligence,"COPYRIGHT © 2001-2021 ENERGY INTELLIGENCE GROUP, INC. / ENERGY INTELLIGENCE GROUP (UK) LIMITED.",2010,49.86
Nigeria,Forcados,Source: Energy Intelligence,"COPYRIGHT © 2001-2021 ENERGY INTELLIGENCE GROUP, INC. / ENERGY INTELLIGENCE GROUP (UK) LIMITED.",2010,162.68
Nigeria,Escravos,Source: Energy Intelligence,"COPYRIGHT © 2001-2021 ENERGY INTELLIGENCE GROUP, INC. / ENERGY INTELLIGENCE GROUP (UK) LIMITED.",2010,176.99
Nigeria,Erha,Source: Energy Intelligence,"COPYRIGHT © 2001-2021 ENERGY INTELLIGENCE GROUP, INC. / ENERGY INTELLIGENCE GROUP (UK) LIMITED.",2010,166
Nigeria,EA,Source: Energy Intelligence,"COPYRIGHT © 2001-2021 ENERGY INTELLIGENCE GROUP, INC. / ENERGY INTELLIGENCE GROUP (UK) LIMITED.",2010,85
Nigeria,Brass River,Source: Energy Intelligence,"COPYRIGHT © 2001-2021 ENERGY INTELLIGENCE GROUP, INC. / ENERGY INTELLIGENCE GROUP (UK) LIMITED.",2010,137.5
Nigeria,Bonny Light,Source: Energy Intelligence,"COPYRIGHT © 2001-2021 ENERGY INTELLIGENCE GROUP, INC. / ENERGY INTELLIGENCE GROUP (UK) LIMITED.",2010,189.77
Nigeria,Bonga,Source: Energy Intelligence,"COPYRIGHT © 2001-2021 ENERGY INTELLIGENCE GROUP, INC. / ENERGY INTELLIGENCE GROUP (UK) LIMITED.",2010,177.09
Nigeria,Antan Blend,Source: Energy Intelligence,"COPYRIGHT © 2001-2021 ENERGY INTELLIGENCE GROUP, INC. / ENERGY INTELLIGENCE GROUP (UK) LIMITED.",2010,53
Nigeria,Amenam Blend,Source: Energy Intelligence,"COPYRIGHT © 2001-2021 ENERGY INTELLIGENCE GROUP, INC. / ENERGY INTELLIGENCE GROUP (UK) LIMITED.",2010,112
Nigeria,Akpo Blend,Source: Energy Intelligence,"COPYRIGHT © 2001-2021 ENERGY INTELLIGENCE GROUP, INC. / ENERGY INTELLIGENCE GROUP (UK) LIMITED.",2010,153.56
Nigeria,Agbami,Source: Energy Intelligence,"COPYRIGHT © 2001-2021 ENERGY INTELLIGENCE GROUP, INC. / ENERGY INTELLIGENCE GROUP (UK) LIMITED.",2010,237.67
Nigeria,Yoho,Source: Energy Intelligence,"COPYRIGHT © 2001-2021 ENERGY INTELLIGENCE GROUP, INC. / ENERGY INTELLIGENCE GROUP (UK) LIMITED.",2011,83.19
Nigeria,Qua Iboe,Source: Energy Intelligence,"COPYRIGHT © 2001-2021 ENERGY INTELLIGENCE GROUP, INC. / ENERGY INTELLIGENCE GROUP (UK) LIMITED.",2011,351.71
Nigeria,Other Crudes - Nigeria,Source: Energy Intelligence,"COPYRIGHT © 2001-2021 ENERGY INTELLIGENCE GROUP, INC. / ENERGY INTELLIGENCE GROUP (UK) LIMITED.",2011,180.79
Nigeria,Okono Blend,Source: Energy Intelligence,"COPYRIGHT © 2001-2021 ENERGY INTELLIGENCE GROUP, INC. / ENERGY INTELLIGENCE GROUP (UK) LIMITED.",2011,43.06
Nigeria,Forcados,Source: Energy Intelligence,"COPYRIGHT © 2001-2021 ENERGY INTELLIGENCE GROUP, INC. / ENERGY INTELLIGENCE GROUP (UK) LIMITED.",2011,193.23
Nigeria,Escravos,Source: Energy Intelligence,"COPYRIGHT © 2001-2021 ENERGY INTELLIGENCE GROUP, INC. / ENERGY INTELLIGENCE GROUP (UK) LIMITED.",2011,166.58
Nigeria,Erha,Source: Energy Intelligence,"COPYRIGHT © 2001-2021 ENERGY INTELLIGENCE GROUP, INC. / ENERGY INTELLIGENCE GROUP (UK) LIMITED.",2011,143.01
Nigeria,EA,Source: Energy Intelligence,"COPYRIGHT © 2001-2021 ENERGY INTELLIGENCE GROUP, INC. / ENERGY INTELLIGENCE GROUP (UK) LIMITED.",2011,63.24
Nigeria,Brass River,Source: Energy Intelligence,"COPYRIGHT © 2001-2021 ENERGY INTELLIGENCE GROUP, INC. / ENERGY INTELLIGENCE GROUP (UK) LIMITED.",2011,125.32
Nigeria,Bonny Light,Source: Energy Intelligence,"COPYRIGHT © 2001-2021 ENERGY INTELLIGENCE GROUP, INC. / ENERGY INTELLIGENCE GROUP (UK) LIMITED.",2011,224.39
Nigeria,Bonga,Source: Energy Intelligence,"COPYRIGHT © 2001-2021 ENERGY INTELLIGENCE GROUP, INC. / ENERGY INTELLIGENCE GROUP (UK) LIMITED.",2011,143.42
Nigeria,Antan Blend,Source: Energy Intelligence,"COPYRIGHT © 2001-2021 ENERGY INTELLIGENCE GROUP, INC. / ENERGY INTELLIGENCE GROUP (UK) LIMITED.",2011,39.86
Nigeria,Amenam Blend,Source: Energy Intelligence,"COPYRIGHT © 2001-2021 ENERGY INTELLIGENCE GROUP, INC. / ENERGY INTELLIGENCE GROUP (UK) LIMITED.",2011,104.11
Nigeria,Akpo Blend,Source: Energy Intelligence,"COPYRIGHT © 2001-2021 ENERGY INTELLIGENCE GROUP, INC. / ENERGY INTELLIGENCE GROUP (UK) LIMITED.",2011,153.56
Nigeria,Agbami,Source: Energy Intelligence,"COPYRIGHT © 2001-2021 ENERGY INTELLIGENCE GROUP, INC. / ENERGY INTELLIGENCE GROUP (UK) LIMITED.",2011,241.93
Nigeria,Yoho,Source: Energy Intelligence,"COPYRIGHT © 2001-2021 ENERGY INTELLIGENCE GROUP, INC. / ENERGY INTELLIGENCE GROUP (UK) LIMITED.",2012,75.27
Nigeria,Usan,Source: Energy Intelligence,"COPYRIGHT © 2001-2021 ENERGY INTELLIGENCE GROUP, INC. / ENERGY INTELLIGENCE GROUP (UK) LIMITED.",2012,80.49
Nigeria,Qua Iboe,Source: Energy Intelligence,"COPYRIGHT © 2001-2021 ENERGY INTELLIGENCE GROUP, INC. / ENERGY INTELLIGENCE GROUP (UK) LIMITED.",2012,339.76
Nigeria,Other Crudes - Nigeria,Source: Energy Intelligence,"COPYRIGHT © 2001-2021 ENERGY INTELLIGENCE GROUP, INC. / ENERGY INTELLIGENCE GROUP (UK) LIMITED.",2012,179.3
Nigeria,Okono Blend,Source: Energy Intelligence,"COPYRIGHT © 2001-2021 ENERGY INTELLIGENCE GROUP, INC. / ENERGY INTELLIGENCE GROUP (UK) LIMITED.",2012,36.85
Nigeria,Forcados,Source: Energy Intelligence,"COPYRIGHT © 2001-2021 ENERGY INTELLIGENCE GROUP, INC. / ENERGY INTELLIGENCE GROUP (UK) LIMITED.",2012,191.81
Nigeria,Escravos,Source: Energy Intelligence,"COPYRIGHT © 2001-2021 ENERGY INTELLIGENCE GROUP, INC. / ENERGY INTELLIGENCE GROUP (UK) LIMITED.",2012,137.57
Nigeria,Erha,Source: Energy Intelligence,"COPYRIGHT © 2001-2021 ENERGY INTELLIGENCE GROUP, INC. / ENERGY INTELLIGENCE GROUP (UK) LIMITED.",2012,122.39
Nigeria,EA,Source: Energy Intelligence,"COPYRIGHT © 2001-2021 ENERGY INTELLIGENCE GROUP, INC. / ENERGY INTELLIGENCE GROUP (UK) LIMITED.",2012,57.58
Nigeria,Brass River,Source: Energy Intelligence,"COPYRIGHT © 2001-2021 ENERGY INTELLIGENCE GROUP, INC. / ENERGY INTELLIGENCE GROUP (UK) LIMITED.",2012,106.27
Nigeria,Bonny Light,Source: Energy Intelligence,"COPYRIGHT © 2001-2021 ENERGY INTELLIGENCE GROUP, INC. / ENERGY INTELLIGENCE GROUP (UK) LIMITED.",2012,179.85
Nigeria,Bonga,Source: Energy Intelligence,"COPYRIGHT © 2001-2021 ENERGY INTELLIGENCE GROUP, INC. / ENERGY INTELLIGENCE GROUP (UK) LIMITED.",2012,160.48
Nigeria,Antan Blend,Source: Energy Intelligence,"COPYRIGHT © 2001-2021 ENERGY INTELLIGENCE GROUP, INC. / ENERGY INTELLIGENCE GROUP (UK) LIMITED.",2012,49.73
Nigeria,Amenam Blend,Source: Energy Intelligence,"COPYRIGHT © 2001-2021 ENERGY INTELLIGENCE GROUP, INC. / ENERGY INTELLIGENCE GROUP (UK) LIMITED.",2012,93.99
Nigeria,Akpo Blend,Source: Energy Intelligence,"COPYRIGHT © 2001-2021 ENERGY INTELLIGENCE GROUP, INC. / ENERGY INTELLIGENCE GROUP (UK) LIMITED.",2012,151.5
Nigeria,Agbami,Source: Energy Intelligence,"COPYRIGHT © 2001-2021 ENERGY INTELLIGENCE GROUP, INC. / ENERGY INTELLIGENCE GROUP (UK) LIMITED.",2012,232.36
Nigeria,Yoho,Source: Energy Intelligence,"COPYRIGHT © 2001-2021 ENERGY INTELLIGENCE GROUP, INC. / ENERGY INTELLIGENCE GROUP (UK) LIMITED.",2013,68.88
Nigeria,Usan,Source: Energy Intelligence,"COPYRIGHT © 2001-2021 ENERGY INTELLIGENCE GROUP, INC. / ENERGY INTELLIGENCE GROUP (UK) LIMITED.",2013,107.44
Nigeria,Qua Iboe,Source: Energy Intelligence,"COPYRIGHT © 2001-2021 ENERGY INTELLIGENCE GROUP, INC. / ENERGY INTELLIGENCE GROUP (UK) LIMITED.",2013,344.17
Nigeria,Other Crudes - Nigeria,Source: Energy Intelligence,"COPYRIGHT © 2001-2021 ENERGY INTELLIGENCE GROUP, INC. / ENERGY INTELLIGENCE GROUP (UK) LIMITED.",2013,127.63
Nigeria,Okono Blend,Source: Energy Intelligence,"COPYRIGHT © 2001-2021 ENERGY INTELLIGENCE GROUP, INC. / ENERGY INTELLIGENCE GROUP (UK) LIMITED.",2013,40.87
Nigeria,Forcados,Source: Energy Intelligence,"COPYRIGHT © 2001-2021 ENERGY INTELLIGENCE GROUP, INC. / ENERGY INTELLIGENCE GROUP (UK) LIMITED.",2013,192.96
Nigeria,Escravos,Source: Energy Intelligence,"COPYRIGHT © 2001-2021 ENERGY INTELLIGENCE GROUP, INC. / ENERGY INTELLIGENCE GROUP (UK) LIMITED.",2013,141.57
Nigeria,Erha,Source: Energy Intelligence,"COPYRIGHT © 2001-2021 ENERGY INTELLIGENCE GROUP, INC. / ENERGY INTELLIGENCE GROUP (UK) LIMITED.",2013,103.11
Nigeria,EA,Source: Energy Intelligence,"COPYRIGHT © 2001-2021 ENERGY INTELLIGENCE GROUP, INC. / ENERGY INTELLIGENCE GROUP (UK) LIMITED.",2013,42.81
Nigeria,Brass River,Source: Energy Intelligence,"COPYRIGHT © 2001-2021 ENERGY INTELLIGENCE GROUP, INC. / ENERGY INTELLIGENCE GROUP (UK) LIMITED.",2013,85.69
Nigeria,Bonny Light,Source: Energy Intelligence,"COPYRIGHT © 2001-2021 ENERGY INTELLIGENCE GROUP, INC. / ENERGY INTELLIGENCE GROUP (UK) LIMITED.",2013,158.84
Nigeria,Bonga,Source: Energy Intelligence,"COPYRIGHT © 2001-2021 ENERGY INTELLIGENCE GROUP, INC. / ENERGY INTELLIGENCE GROUP (UK) LIMITED.",2013,139.58
Nigeria,Antan Blend,Source: Energy Intelligence,"COPYRIGHT © 2001-2021 ENERGY INTELLIGENCE GROUP, INC. / ENERGY INTELLIGENCE GROUP (UK) LIMITED.",2013,54.29
Nigeria,Amenam Blend,Source: Energy Intelligence,"COPYRIGHT © 2001-2021 ENERGY INTELLIGENCE GROUP, INC. / ENERGY INTELLIGENCE GROUP (UK) LIMITED.",2013,81.07
Nigeria,Akpo Blend,Source: Energy Intelligence,"COPYRIGHT © 2001-2021 ENERGY INTELLIGENCE GROUP, INC. / ENERGY INTELLIGENCE GROUP (UK) LIMITED.",2013,166.57
Nigeria,Agbami,Source: Energy Intelligence,"COPYRIGHT © 2001-2021 ENERGY INTELLIGENCE GROUP, INC. / ENERGY INTELLIGENCE GROUP (UK) LIMITED.",2013,232.52
Nigeria,Yoho,Source: Energy Intelligence,"COPYRIGHT © 2001-2021 ENERGY INTELLIGENCE GROUP, INC. / ENERGY INTELLIGENCE GROUP (UK) LIMITED.",2014,52.9
Nigeria,Usan,Source: Energy Intelligence,"COPYRIGHT © 2001-2021 ENERGY INTELLIGENCE GROUP, INC. / ENERGY INTELLIGENCE GROUP (UK) LIMITED.",2014,122.1
Nigeria,Qua Iboe,Source: Energy Intelligence,"COPYRIGHT © 2001-2021 ENERGY INTELLIGENCE GROUP, INC. / ENERGY INTELLIGENCE GROUP (UK) LIMITED.",2014,349.9
Nigeria,Other Crudes - Nigeria,Source: Energy Intelligence,"COPYRIGHT © 2001-2021 ENERGY INTELLIGENCE GROUP, INC. / ENERGY INTELLIGENCE GROUP (UK) LIMITED.",2014,239.79
Nigeria,Okono Blend,Source: Energy Intelligence,"COPYRIGHT © 2001-2021 ENERGY INTELLIGENCE GROUP, INC. / ENERGY INTELLIGENCE GROUP (UK) LIMITED.",2014,35.1
Nigeria,Forcados,Source: Energy Intelligence,"COPYRIGHT © 2001-2021 ENERGY INTELLIGENCE GROUP, INC. / ENERGY INTELLIGENCE GROUP (UK) LIMITED.",2014,187.1
Nigeria,Escravos,Source: Energy Intelligence,"COPYRIGHT © 2001-2021 ENERGY INTELLIGENCE GROUP, INC. / ENERGY INTELLIGENCE GROUP (UK) LIMITED.",2014,94
Nigeria,Erha,Source: Energy Intelligence,"COPYRIGHT © 2001-2021 ENERGY INTELLIGENCE GROUP, INC. / ENERGY INTELLIGENCE GROUP (UK) LIMITED.",2014,99.1
Nigeria,EA,Source: Energy Intelligence,"COPYRIGHT © 2001-2021 ENERGY INTELLIGENCE GROUP, INC. / ENERGY INTELLIGENCE GROUP (UK) LIMITED.",2014,19.74
Nigeria,Brass River,Source: Energy Intelligence,"COPYRIGHT © 2001-2021 ENERGY INTELLIGENCE GROUP, INC. / ENERGY INTELLIGENCE GROUP (UK) LIMITED.",2014,92.6
Nigeria,Bonny Light,Source: Energy Intelligence,"COPYRIGHT © 2001-2021 ENERGY INTELLIGENCE GROUP, INC. / ENERGY INTELLIGENCE GROUP (UK) LIMITED.",2014,162.3
Nigeria,Bonga,Source: Energy Intelligence,"COPYRIGHT © 2001-2021 ENERGY INTELLIGENCE GROUP, INC. / ENERGY INTELLIGENCE GROUP (UK) LIMITED.",2014,159.5
Nigeria,Antan Blend,Source: Energy Intelligence,"COPYRIGHT © 2001-2021 ENERGY INTELLIGENCE GROUP, INC. / ENERGY INTELLIGENCE GROUP (UK) LIMITED.",2014,48.05
Nigeria,Amenam Blend,Source: Energy Intelligence,"COPYRIGHT © 2001-2021 ENERGY INTELLIGENCE GROUP, INC. / ENERGY INTELLIGENCE GROUP (UK) LIMITED.",2014,72
Nigeria,Akpo Blend,Source: Energy Intelligence,"COPYRIGHT © 2001-2021 ENERGY INTELLIGENCE GROUP, INC. / ENERGY INTELLIGENCE GROUP (UK) LIMITED.",2014,151.7
Nigeria,Agbami,Source: Energy Intelligence,"COPYRIGHT © 2001-2021 ENERGY INTELLIGENCE GROUP, INC. / ENERGY INTELLIGENCE GROUP (UK) LIMITED.",2014,239.12
Nigeria,Yoho,Source: Energy Intelligence,"COPYRIGHT © 2001-2021 ENERGY INTELLIGENCE GROUP, INC. / ENERGY INTELLIGENCE GROUP (UK) LIMITED.",2015,47.5
Nigeria,Usan,Source: Energy Intelligence,"COPYRIGHT © 2001-2021 ENERGY INTELLIGENCE GROUP, INC. / ENERGY INTELLIGENCE GROUP (UK) LIMITED.",2015,107.9
Nigeria,Qua Iboe,Source: Energy Intelligence,"COPYRIGHT © 2001-2021 ENERGY INTELLIGENCE GROUP, INC. / ENERGY INTELLIGENCE GROUP (UK) LIMITED.",2015,347.3
Nigeria,Other Crudes - Nigeria,Source: Energy Intelligence,"COPYRIGHT © 2001-2021 ENERGY INTELLIGENCE GROUP, INC. / ENERGY INTELLIGENCE GROUP (UK) LIMITED.",2015,119.8
Nigeria,Okono Blend,Source: Energy Intelligence,"COPYRIGHT © 2001-2021 ENERGY INTELLIGENCE GROUP, INC. / ENERGY INTELLIGENCE GROUP (UK) LIMITED.",2015,23.2
Nigeria,Forcados,Source: Energy Intelligence,"COPYRIGHT © 2001-2021 ENERGY INTELLIGENCE GROUP, INC. / ENERGY INTELLIGENCE GROUP (UK) LIMITED.",2015,188.4
Nigeria,Escravos,Source: Energy Intelligence,"COPYRIGHT © 2001-2021 ENERGY INTELLIGENCE GROUP, INC. / ENERGY INTELLIGENCE GROUP (UK) LIMITED.",2015,160.5
Nigeria,Erha,Source: Energy Intelligence,"COPYRIGHT © 2001-2021 ENERGY INTELLIGENCE GROUP, INC. / ENERGY INTELLIGENCE GROUP (UK) LIMITED.",2015,91.7
Nigeria,EA,Source: Energy Intelligence,"COPYRIGHT © 2001-2021 ENERGY INTELLIGENCE GROUP, INC. / ENERGY INTELLIGENCE GROUP (UK) LIMITED.",2015,38.3
Nigeria,Brass River,Source: Energy Intelligence,"COPYRIGHT © 2001-2021 ENERGY INTELLIGENCE GROUP, INC. / ENERGY INTELLIGENCE GROUP (UK) LIMITED.",2015,106.1
Nigeria,Bonny Light,Source: Energy Intelligence,"COPYRIGHT © 2001-2021 ENERGY INTELLIGENCE GROUP, INC. / ENERGY INTELLIGENCE GROUP (UK) LIMITED.",2015,176
Nigeria,Bonga,Source: Energy Intelligence,"COPYRIGHT © 2001-2021 ENERGY INTELLIGENCE GROUP, INC. / ENERGY INTELLIGENCE GROUP (UK) LIMITED.",2015,191.8
Nigeria,Antan Blend,Source: Energy Intelligence,"COPYRIGHT © 2001-2021 ENERGY INTELLIGENCE GROUP, INC. / ENERGY INTELLIGENCE GROUP (UK) LIMITED.",2015,42.1
Nigeria,Amenam Blend,Source: Energy Intelligence,"COPYRIGHT © 2001-2021 ENERGY INTELLIGENCE GROUP, INC. / ENERGY INTELLIGENCE GROUP (UK) LIMITED.",2015,68.5
Nigeria,Akpo Blend,Source: Energy Intelligence,"COPYRIGHT © 2001-2021 ENERGY INTELLIGENCE GROUP, INC. / ENERGY INTELLIGENCE GROUP (UK) LIMITED.",2015,152.1
Nigeria,Agbami,Source: Energy Intelligence,"COPYRIGHT © 2001-2021 ENERGY INTELLIGENCE GROUP, INC. / ENERGY INTELLIGENCE GROUP (UK) LIMITED.",2015,233.8
Nigeria,Yoho,Source: Energy Intelligence,"COPYRIGHT © 2001-2021 ENERGY INTELLIGENCE GROUP, INC. / ENERGY INTELLIGENCE GROUP (UK) LIMITED.",2016,43.3
Nigeria,Usan,Source: Energy Intelligence,"COPYRIGHT © 2001-2021 ENERGY INTELLIGENCE GROUP, INC. / ENERGY INTELLIGENCE GROUP (UK) LIMITED.",2016,102.15
Nigeria,Qua Iboe,Source: Energy Intelligence,"COPYRIGHT © 2001-2021 ENERGY INTELLIGENCE GROUP, INC. / ENERGY INTELLIGENCE GROUP (UK) LIMITED.",2016,216.41
Nigeria,Other Crudes - Nigeria,Source: Energy Intelligence,"COPYRIGHT © 2001-2021 ENERGY INTELLIGENCE GROUP, INC. / ENERGY INTELLIGENCE GROUP (UK) LIMITED.",2016,114.95
Nigeria,Okono Blend,Source: Energy Intelligence,"COPYRIGHT © 2001-2021 ENERGY INTELLIGENCE GROUP, INC. / ENERGY INTELLIGENCE GROUP (UK) LIMITED.",2016,22.82
Nigeria,Forcados,Source: Energy Intelligence,"COPYRIGHT © 2001-2021 ENERGY INTELLIGENCE GROUP, INC. / ENERGY INTELLIGENCE GROUP (UK) LIMITED.",2016,29
Nigeria,Escravos,Source: Energy Intelligence,"COPYRIGHT © 2001-2021 ENERGY INTELLIGENCE GROUP, INC. / ENERGY INTELLIGENCE GROUP (UK) LIMITED.",2016,132.38
Nigeria,Erha,Source: Energy Intelligence,"COPYRIGHT © 2001-2021 ENERGY INTELLIGENCE GROUP, INC. / ENERGY INTELLIGENCE GROUP (UK) LIMITED.",2016,125.02
Nigeria,EA,Source: Energy Intelligence,"COPYRIGHT © 2001-2021 ENERGY INTELLIGENCE GROUP, INC. / ENERGY INTELLIGENCE GROUP (UK) LIMITED.",2016,29.91
Nigeria,Brass River,Source: Energy Intelligence,"COPYRIGHT © 2001-2021 ENERGY INTELLIGENCE GROUP, INC. / ENERGY INTELLIGENCE GROUP (UK) LIMITED.",2016,94.11
Nigeria,Bonny Light,Source: Energy Intelligence,"COPYRIGHT © 2001-2021 ENERGY INTELLIGENCE GROUP, INC. / ENERGY INTELLIGENCE GROUP (UK) LIMITED.",2016,153.88
Nigeria,Bonga,Source: Energy Intelligence,"COPYRIGHT © 2001-2021 ENERGY INTELLIGENCE GROUP, INC. / ENERGY INTELLIGENCE GROUP (UK) LIMITED.",2016,203.42
Nigeria,Antan Blend,Source: Energy Intelligence,"COPYRIGHT © 2001-2021 ENERGY INTELLIGENCE GROUP, INC. / ENERGY INTELLIGENCE GROUP (UK) LIMITED.",2016,32.27
Nigeria,Amenam Blend,Source: Energy Intelligence,"COPYRIGHT © 2001-2021 ENERGY INTELLIGENCE GROUP, INC. / ENERGY INTELLIGENCE GROUP (UK) LIMITED.",2016,76.82
Nigeria,Akpo Blend,Source: Energy Intelligence,"COPYRIGHT © 2001-2021 ENERGY INTELLIGENCE GROUP, INC. / ENERGY INTELLIGENCE GROUP (UK) LIMITED.",2016,136.19
Nigeria,Agbami,Source: Energy Intelligence,"COPYRIGHT © 2001-2021 ENERGY INTELLIGENCE GROUP, INC. / ENERGY INTELLIGENCE GROUP (UK) LIMITED.",2016,229.06
Nigeria,Yoho,Source: Energy Intelligence,"COPYRIGHT © 2001-2021 ENERGY INTELLIGENCE GROUP, INC. / ENERGY INTELLIGENCE GROUP (UK) LIMITED.",2017,31.52
Nigeria,Usan,Source: Energy Intelligence,"COPYRIGHT © 2001-2021 ENERGY INTELLIGENCE GROUP, INC. / ENERGY INTELLIGENCE GROUP (UK) LIMITED.",2017,97.66
Nigeria,Qua Iboe,Source: Energy Intelligence,"COPYRIGHT © 2001-2021 ENERGY INTELLIGENCE GROUP, INC. / ENERGY INTELLIGENCE GROUP (UK) LIMITED.",2017,225.9
Nigeria,Other Crudes - Nigeria,Source: Energy Intelligence,"COPYRIGHT © 2001-2021 ENERGY INTELLIGENCE GROUP, INC. / ENERGY INTELLIGENCE GROUP (UK) LIMITED.",2017,118.14
Nigeria,Okono Blend,Source: Energy Intelligence,"COPYRIGHT © 2001-2021 ENERGY INTELLIGENCE GROUP, INC. / ENERGY INTELLIGENCE GROUP (UK) LIMITED.",2017,21.66
Nigeria,Forcados,Source: Energy Intelligence,"COPYRIGHT © 2001-2021 ENERGY INTELLIGENCE GROUP, INC. / ENERGY INTELLIGENCE GROUP (UK) LIMITED.",2017,141.3
Nigeria,Escravos,Source: Energy Intelligence,"COPYRIGHT © 2001-2021 ENERGY INTELLIGENCE GROUP, INC. / ENERGY INTELLIGENCE GROUP (UK) LIMITED.",2017,148.84
Nigeria,Erha,Source: Energy Intelligence,"COPYRIGHT © 2001-2021 ENERGY INTELLIGENCE GROUP, INC. / ENERGY INTELLIGENCE GROUP (UK) LIMITED.",2017,123.69
Nigeria,EA,Source: Energy Intelligence,"COPYRIGHT © 2001-2021 ENERGY INTELLIGENCE GROUP, INC. / ENERGY INTELLIGENCE GROUP (UK) LIMITED.",2017,24.97
Nigeria,Brass River,Source: Energy Intelligence,"COPYRIGHT © 2001-2021 ENERGY INTELLIGENCE GROUP, INC. / ENERGY INTELLIGENCE GROUP (UK) LIMITED.",2017,87.24
Nigeria,Bonny Light,Source: Energy Intelligence,"COPYRIGHT © 2001-2021 ENERGY INTELLIGENCE GROUP, INC. / ENERGY INTELLIGENCE GROUP (UK) LIMITED.",2017,138.92
Nigeria,Bonga,Source: Energy Intelligence,"COPYRIGHT © 2001-2021 ENERGY INTELLIGENCE GROUP, INC. / ENERGY INTELLIGENCE GROUP (UK) LIMITED.",2017,167.66
Nigeria,Antan Blend,Source: Energy Intelligence,"COPYRIGHT © 2001-2021 ENERGY INTELLIGENCE GROUP, INC. / ENERGY INTELLIGENCE GROUP (UK) LIMITED.",2017,24.89
Nigeria,Amenam Blend,Source: Energy Intelligence,"COPYRIGHT © 2001-2021 ENERGY INTELLIGENCE GROUP, INC. / ENERGY INTELLIGENCE GROUP (UK) LIMITED.",2017,91.84
Nigeria,Akpo Blend,Source: Energy Intelligence,"COPYRIGHT © 2001-2021 ENERGY INTELLIGENCE GROUP, INC. / ENERGY INTELLIGENCE GROUP (UK) LIMITED.",2017,123.69
Nigeria,Agbami,Source: Energy Intelligence,"COPYRIGHT © 2001-2021 ENERGY INTELLIGENCE GROUP, INC. / ENERGY INTELLIGENCE GROUP (UK) LIMITED.",2017,234.79
Nigeria,Yoho,Source: Energy Intelligence,"COPYRIGHT © 2001-2021 ENERGY INTELLIGENCE GROUP, INC. / ENERGY INTELLIGENCE GROUP (UK) LIMITED.",2018,39.9
Nigeria,Usan,Source: Energy Intelligence,"COPYRIGHT © 2001-2021 ENERGY INTELLIGENCE GROUP, INC. / ENERGY INTELLIGENCE GROUP (UK) LIMITED.",2018,75.47
Nigeria,Qua Iboe,Source: Energy Intelligence,"COPYRIGHT © 2001-2021 ENERGY INTELLIGENCE GROUP, INC. / ENERGY INTELLIGENCE GROUP (UK) LIMITED.",2018,236.8
Nigeria,Other Crudes - Nigeria,Source: Energy Intelligence,"COPYRIGHT © 2001-2021 ENERGY INTELLIGENCE GROUP, INC. / ENERGY INTELLIGENCE GROUP (UK) LIMITED.",2018,134.96
Nigeria,Okono Blend,Source: Energy Intelligence,"COPYRIGHT © 2001-2021 ENERGY INTELLIGENCE GROUP, INC. / ENERGY INTELLIGENCE GROUP (UK) LIMITED.",2018,17.7
Nigeria,Forcados,Source: Energy Intelligence,"COPYRIGHT © 2001-2021 ENERGY INTELLIGENCE GROUP, INC. / ENERGY INTELLIGENCE GROUP (UK) LIMITED.",2018,220.7
Nigeria,Escravos,Source: Energy Intelligence,"COPYRIGHT © 2001-2021 ENERGY INTELLIGENCE GROUP, INC. / ENERGY INTELLIGENCE GROUP (UK) LIMITED.",2018,153.7
Nigeria,Erha,Source: Energy Intelligence,"COPYRIGHT © 2001-2021 ENERGY INTELLIGENCE GROUP, INC. / ENERGY INTELLIGENCE GROUP (UK) LIMITED.",2018,109.32
Nigeria,Egina,Source: Energy Intelligence,"COPYRIGHT © 2001-2021 ENERGY INTELLIGENCE GROUP, INC. / ENERGY INTELLIGENCE GROUP (UK) LIMITED.",2018,0
Nigeria,EA,Source: Energy Intelligence,"COPYRIGHT © 2001-2021 ENERGY INTELLIGENCE GROUP, INC. / ENERGY INTELLIGENCE GROUP (UK) LIMITED.",2018,22.5
Nigeria,Brass River,Source: Energy Intelligence,"COPYRIGHT © 2001-2021 ENERGY INTELLIGENCE GROUP, INC. / ENERGY INTELLIGENCE GROUP (UK) LIMITED.",2018,85.9
Nigeria,Bonny Light,Source: Energy Intelligence,"COPYRIGHT © 2001-2021 ENERGY INTELLIGENCE GROUP, INC. / ENERGY INTELLIGENCE GROUP (UK) LIMITED.",2018,182.45
Nigeria,Bonga,Source: Energy Intelligence,"COPYRIGHT © 2001-2021 ENERGY INTELLIGENCE GROUP, INC. / ENERGY INTELLIGENCE GROUP (UK) LIMITED.",2018,162.8
Nigeria,Antan Blend,Source: Energy Intelligence,"COPYRIGHT © 2001-2021 ENERGY INTELLIGENCE GROUP, INC. / ENERGY INTELLIGENCE GROUP (UK) LIMITED.",2018,19.3
Nigeria,Amenam Blend,Source: Energy Intelligence,"COPYRIGHT © 2001-2021 ENERGY INTELLIGENCE GROUP, INC. / ENERGY INTELLIGENCE GROUP (UK) LIMITED.",2018,117.1
Nigeria,Akpo Blend,Source: Energy Intelligence,"COPYRIGHT © 2001-2021 ENERGY INTELLIGENCE GROUP, INC. / ENERGY INTELLIGENCE GROUP (UK) LIMITED.",2018,106.8
Nigeria,Agbami,Source: Energy Intelligence,"COPYRIGHT © 2001-2021 ENERGY INTELLIGENCE GROUP, INC. / ENERGY INTELLIGENCE GROUP (UK) LIMITED.",2018,205.68
Nigeria,Yoho,Source: Energy Intelligence,"COPYRIGHT © 2001-2021 ENERGY INTELLIGENCE GROUP, INC. / ENERGY INTELLIGENCE GROUP (UK) LIMITED.",2019,33.5
Nigeria,Usan,Source: Energy Intelligence,"COPYRIGHT © 2001-2021 ENERGY INTELLIGENCE GROUP, INC. / ENERGY INTELLIGENCE GROUP (UK) LIMITED.",2019,57.56
Nigeria,Qua Iboe,Source: Energy Intelligence,"COPYRIGHT © 2001-2021 ENERGY INTELLIGENCE GROUP, INC. / ENERGY INTELLIGENCE GROUP (UK) LIMITED.",2019,223.8
Nigeria,Other Crudes - Nigeria,Source: Energy Intelligence,"COPYRIGHT © 2001-2021 ENERGY INTELLIGENCE GROUP, INC. / ENERGY INTELLIGENCE GROUP (UK) LIMITED.",2019,173.44
Nigeria,Forcados,Source: Energy Intelligence,"COPYRIGHT © 2001-2021 ENERGY INTELLIGENCE GROUP, INC. / ENERGY INTELLIGENCE GROUP (UK) LIMITED.",2019,205.25
Nigeria,Escravos,Source: Energy Intelligence,"COPYRIGHT © 2001-2021 ENERGY INTELLIGENCE GROUP, INC. / ENERGY INTELLIGENCE GROUP (UK) LIMITED.",2019,162.19
Nigeria,Erha,Source: Energy Intelligence,"COPYRIGHT © 2001-2021 ENERGY INTELLIGENCE GROUP, INC. / ENERGY INTELLIGENCE GROUP (UK) LIMITED.",2019,104.11
Nigeria,Egina,Source: Energy Intelligence,"COPYRIGHT © 2001-2021 ENERGY INTELLIGENCE GROUP, INC. / ENERGY INTELLIGENCE GROUP (UK) LIMITED.",2019,167
Nigeria,EA,Source: Energy Intelligence,"COPYRIGHT © 2001-2021 ENERGY INTELLIGENCE GROUP, INC. / ENERGY INTELLIGENCE GROUP (UK) LIMITED.",2019,13
Nigeria,Brass River,Source: Energy Intelligence,"COPYRIGHT © 2001-2021 ENERGY INTELLIGENCE GROUP, INC. / ENERGY INTELLIGENCE GROUP (UK) LIMITED.",2019,86.6
Nigeria,Bonny Light,Source: Energy Intelligence,"COPYRIGHT © 2001-2021 ENERGY INTELLIGENCE GROUP, INC. / ENERGY INTELLIGENCE GROUP (UK) LIMITED.",2019,210.8
Nigeria,Bonga,Source: Energy Intelligence,"COPYRIGHT © 2001-2021 ENERGY INTELLIGENCE GROUP, INC. / ENERGY INTELLIGENCE GROUP (UK) LIMITED.",2019,156.8
Nigeria,Amenam Blend,Source: Energy Intelligence,"COPYRIGHT © 2001-2021 ENERGY INTELLIGENCE GROUP, INC. / ENERGY INTELLIGENCE GROUP (UK) LIMITED.",2019,91.1
Nigeria,Akpo Blend,Source: Energy Intelligence,"COPYRIGHT © 2001-2021 ENERGY INTELLIGENCE GROUP, INC. / ENERGY INTELLIGENCE GROUP (UK) LIMITED.",2019,98.63
Nigeria,Agbami,Source: Energy Intelligence,"COPYRIGHT © 2001-2021 ENERGY INTELLIGENCE GROUP, INC. / ENERGY INTELLIGENCE GROUP (UK) LIMITED.",2019,176.3
Nigeria,Yoho,Source: Energy Intelligence,"COPYRIGHT © 2001-2021 ENERGY INTELLIGENCE GROUP, INC. / ENERGY INTELLIGENCE GROUP (UK) LIMITED.",2020,35.62
Nigeria,Usan,Source: Energy Intelligence,"COPYRIGHT © 2001-2021 ENERGY INTELLIGENCE GROUP, INC. / ENERGY INTELLIGENCE GROUP (UK) LIMITED.",2020,41.92
Nigeria,Qua Iboe,Source: Energy Intelligence,"COPYRIGHT © 2001-2021 ENERGY INTELLIGENCE GROUP, INC. / ENERGY INTELLIGENCE GROUP (UK) LIMITED.",2020,184.79
Nigeria,Other Crudes - Nigeria,Source: Energy Intelligence,"COPYRIGHT © 2001-2021 ENERGY INTELLIGENCE GROUP, INC. / ENERGY INTELLIGENCE GROUP (UK) LIMITED.",2020,145.58
Nigeria,Forcados,Source: Energy Intelligence,"COPYRIGHT © 2001-2021 ENERGY INTELLIGENCE GROUP, INC. / ENERGY INTELLIGENCE GROUP (UK) LIMITED.",2020,230.45
Nigeria,Escravos,Source: Energy Intelligence,"COPYRIGHT © 2001-2021 ENERGY INTELLIGENCE GROUP, INC. / ENERGY INTELLIGENCE GROUP (UK) LIMITED.",2020,148.36
Nigeria,Erha,Source: Energy Intelligence,"COPYRIGHT © 2001-2021 ENERGY INTELLIGENCE GROUP, INC. / ENERGY INTELLIGENCE GROUP (UK) LIMITED.",2020,70.27
Nigeria,Egina,Source: Energy Intelligence,"COPYRIGHT © 2001-2021 ENERGY INTELLIGENCE GROUP, INC. / ENERGY INTELLIGENCE GROUP (UK) LIMITED.",2020,161.92
Nigeria,EA,Source: Energy Intelligence,"COPYRIGHT © 2001-2021 ENERGY INTELLIGENCE GROUP, INC. / ENERGY INTELLIGENCE GROUP (UK) LIMITED.",2020,26.03
Nigeria,Brass River,Source: Energy Intelligence,"COPYRIGHT © 2001-2021 ENERGY INTELLIGENCE GROUP, INC. / ENERGY INTELLIGENCE GROUP (UK) LIMITED.",2020,78.34
Nigeria,Bonny Light,Source: Energy Intelligence,"COPYRIGHT © 2001-2021 ENERGY INTELLIGENCE GROUP, INC. / ENERGY INTELLIGENCE GROUP (UK) LIMITED.",2020,179.51
Nigeria,Bonga,Source: Energy Intelligence,"COPYRIGHT © 2001-2021 ENERGY INTELLIGENCE GROUP, INC. / ENERGY INTELLIGENCE GROUP (UK) LIMITED.",2020,114.52
Nigeria,Anyala-Madu,Source: Energy Intelligence,"COPYRIGHT © 2001-2021 ENERGY INTELLIGENCE GROUP, INC. / ENERGY INTELLIGENCE GROUP (UK) LIMITED.",2020,0
Nigeria,Amenam Blend,Source: Energy Intelligence,"COPYRIGHT © 2001-2021 ENERGY INTELLIGENCE GROUP, INC. / ENERGY INTELLIGENCE GROUP (UK) LIMITED.",2020,85.07
Nigeria,Akpo Blend,Source: Energy Intelligence,"COPYRIGHT © 2001-2021 ENERGY INTELLIGENCE GROUP, INC. / ENERGY INTELLIGENCE GROUP (UK) LIMITED.",2020,95.89
Nigeria,Agbami,Source: Energy Intelligence,"COPYRIGHT © 2001-2021 ENERGY INTELLIGENCE GROUP, INC. / ENERGY INTELLIGENCE GROUP (UK) LIMITED.",2020,149.73
Nigeria,Usan,Source: Energy Intelligence,"COPYRIGHT © 2001-2021 ENERGY INTELLIGENCE GROUP, INC. / ENERGY INTELLIGENCE GROUP (UK) LIMITED.",2021,40.14
Nigeria,Qua Iboe,Source: Energy Intelligence,"COPYRIGHT © 2001-2021 ENERGY INTELLIGENCE GROUP, INC. / ENERGY INTELLIGENCE GROUP (UK) LIMITED.",2021,153.56
Nigeria,Other Crudes - Nigeria,Source: Energy Intelligence,"COPYRIGHT © 2001-2021 ENERGY INTELLIGENCE GROUP, INC. / ENERGY INTELLIGENCE GROUP (UK) LIMITED.",2021,142.45
Nigeria,Forcados,Source: Energy Intelligence,"COPYRIGHT © 2001-2021 ENERGY INTELLIGENCE GROUP, INC. / ENERGY INTELLIGENCE GROUP (UK) LIMITED.",2021,197.62
Nigeria,Escravos,Source: Energy Intelligence,"COPYRIGHT © 2001-2021 ENERGY INTELLIGENCE GROUP, INC. / ENERGY INTELLIGENCE GROUP (UK) LIMITED.",2021,135.08
Nigeria,Erha,Source: Energy Intelligence,"COPYRIGHT © 2001-2021 ENERGY INTELLIGENCE GROUP, INC. / ENERGY INTELLIGENCE GROUP (UK) LIMITED.",2021,49.58
Nigeria,Egina,Source: Energy Intelligence,"COPYRIGHT © 2001-2021 ENERGY INTELLIGENCE GROUP, INC. / ENERGY INTELLIGENCE GROUP (UK) LIMITED.",2021,151.76
Nigeria,Brass River,Source: Energy Intelligence,"COPYRIGHT © 2001-2021 ENERGY INTELLIGENCE GROUP, INC. / ENERGY INTELLIGENCE GROUP (UK) LIMITED.",2021,47.85
Nigeria,Bonny Light,Source: Energy Intelligence,"COPYRIGHT © 2001-2021 ENERGY INTELLIGENCE GROUP, INC. / ENERGY INTELLIGENCE GROUP (UK) LIMITED.",2021,97.18
Nigeria,Bonga,Source: Energy Intelligence,"COPYRIGHT © 2001-2021 ENERGY INTELLIGENCE GROUP, INC. / ENERGY INTELLIGENCE GROUP (UK) LIMITED.",2021,102.05
Nigeria,Anyala-Madu,Source: Energy Intelligence,"COPYRIGHT © 2001-2021 ENERGY INTELLIGENCE GROUP, INC. / ENERGY INTELLIGENCE GROUP (UK) LIMITED.",2021,22.39
Nigeria,Amenam Blend,Source: Energy Intelligence,"COPYRIGHT © 2001-2021 ENERGY INTELLIGENCE GROUP, INC. / ENERGY INTELLIGENCE GROUP (UK) LIMITED.",2021,65.07
Nigeria,Akpo Blend,Source: Energy Intelligence,"COPYRIGHT © 2001-2021 ENERGY INTELLIGENCE GROUP, INC. / ENERGY INTELLIGENCE GROUP (UK) LIMITED.",2021,82.05
Nigeria,Agbami,Source: Energy Intelligence,"COPYRIGHT © 2001-2021 ENERGY INTELLIGENCE GROUP, INC. / ENERGY INTELLIGENCE GROUP (UK) LIMITED.",2021,120.21
Nigeria,Usan,Source: Energy Intelligence,"COPYRIGHT © 2001-2021 ENERGY INTELLIGENCE GROUP, INC. / ENERGY INTELLIGENCE GROUP (UK) LIMITED.",2022,41.78
Nigeria,Qua Iboe,Source: Energy Intelligence,"COPYRIGHT © 2001-2021 ENERGY INTELLIGENCE GROUP, INC. / ENERGY INTELLIGENCE GROUP (UK) LIMITED.",2022,148.36
Nigeria,Other Crudes - Nigeria,Source: Energy Intelligence,"COPYRIGHT © 2001-2021 ENERGY INTELLIGENCE GROUP, INC. / ENERGY INTELLIGENCE GROUP (UK) LIMITED.",2022,103.89
Nigeria,Forcados,Source: Energy Intelligence,"COPYRIGHT © 2001-2021 ENERGY INTELLIGENCE GROUP, INC. / ENERGY INTELLIGENCE GROUP (UK) LIMITED.",2022,144.87
Nigeria,Escravos,Source: Energy Intelligence,"COPYRIGHT © 2001-2021 ENERGY INTELLIGENCE GROUP, INC. / ENERGY INTELLIGENCE GROUP (UK) LIMITED.",2022,133.16
Nigeria,Erha,Source: Energy Intelligence,"COPYRIGHT © 2001-2021 ENERGY INTELLIGENCE GROUP, INC. / ENERGY INTELLIGENCE GROUP (UK) LIMITED.",2022,60
Nigeria,Egina,Source: Energy Intelligence,"COPYRIGHT © 2001-2021 ENERGY INTELLIGENCE GROUP, INC. / ENERGY INTELLIGENCE GROUP (UK) LIMITED.",2022,122.46
Nigeria,Brass River,Source: Energy Intelligence,"COPYRIGHT © 2001-2021 ENERGY INTELLIGENCE GROUP, INC. / ENERGY INTELLIGENCE GROUP (UK) LIMITED.",2022,25.41
Nigeria,Bonny Light,Source: Energy Intelligence,"COPYRIGHT © 2001-2021 ENERGY INTELLIGENCE GROUP, INC. / ENERGY INTELLIGENCE GROUP (UK) LIMITED.",2022,57.63
Nigeria,Bonga,Source: Energy Intelligence,"COPYRIGHT © 2001-2021 ENERGY INTELLIGENCE GROUP, INC. / ENERGY INTELLIGENCE GROUP (UK) LIMITED.",2022,91.37
Nigeria,Anyala-Madu,Source: Energy Intelligence,"COPYRIGHT © 2001-2021 ENERGY INTELLIGENCE GROUP, INC. / ENERGY INTELLIGENCE GROUP (UK) LIMITED.",2022,44.99
Nigeria,Amenam Blend,Source: Energy Intelligence,"COPYRIGHT © 2001-2021 ENERGY INTELLIGENCE GROUP, INC. / ENERGY INTELLIGENCE GROUP (UK) LIMITED.",2022,75.75
Nigeria,Akpo Blend,Source: Energy Intelligence,"COPYRIGHT © 2001-2021 ENERGY INTELLIGENCE GROUP, INC. / ENERGY INTELLIGENCE GROUP (UK) LIMITED.",2022,76.71
Nigeria,Agbami,Source: Energy Intelligence,"COPYRIGHT © 2001-2021 ENERGY INTELLIGENCE GROUP, INC. / ENERGY INTELLIGENCE GROUP (UK) LIMITED.",2022,106.92
Nigeria,Usan,Source: Energy Intelligence,"COPYRIGHT © 2001-2021 ENERGY INTELLIGENCE GROUP, INC. / ENERGY INTELLIGENCE GROUP (UK) LIMITED.",2023,31.2
Nigeria,Qua Iboe,Source: Energy Intelligence,"COPYRIGHT © 2001-2021 ENERGY INTELLIGENCE GROUP, INC. / ENERGY INTELLIGENCE GROUP (UK) LIMITED.",2023,132.74
Nigeria,Other Crudes - Nigeria,Source: Energy Intelligence,"COPYRIGHT © 2001-2021 ENERGY INTELLIGENCE GROUP, INC. / ENERGY INTELLIGENCE GROUP (UK) LIMITED.",2023,109.39
Nigeria,Okwuibome,Source: Energy Intelligence,"COPYRIGHT © 2001-2021 ENERGY INTELLIGENCE GROUP, INC. / ENERGY INTELLIGENCE GROUP (UK) LIMITED.",2023,61.7
Nigeria,Forcados,Source: Energy Intelligence,"COPYRIGHT © 2001-2021 ENERGY INTELLIGENCE GROUP, INC. / ENERGY INTELLIGENCE GROUP (UK) LIMITED.",2023,217.3
Nigeria,Escravos,Source: Energy Intelligence,"COPYRIGHT © 2001-2021 ENERGY INTELLIGENCE GROUP, INC. / ENERGY INTELLIGENCE GROUP (UK) LIMITED.",2023,114.52
Nigeria,Erha,Source: Energy Intelligence,"COPYRIGHT © 2001-2021 ENERGY INTELLIGENCE GROUP, INC. / ENERGY INTELLIGENCE GROUP (UK) LIMITED.",2023,70.27
Nigeria,Egina,Source: Energy Intelligence,"COPYRIGHT © 2001-2021 ENERGY INTELLIGENCE GROUP, INC. / ENERGY INTELLIGENCE GROUP (UK) LIMITED.",2023,89.86
Nigeria,Brass River,Source: Energy Intelligence,"COPYRIGHT © 2001-2021 ENERGY INTELLIGENCE GROUP, INC. / ENERGY INTELLIGENCE GROUP (UK) LIMITED.",2023,37.5
Nigeria,Bonny Light,Source: Energy Intelligence,"COPYRIGHT © 2001-2021 ENERGY INTELLIGENCE GROUP, INC. / ENERGY INTELLIGENCE GROUP (UK) LIMITED.",2023,106.6
Nigeria,Bonga,Source: Energy Intelligence,"COPYRIGHT © 2001-2021 ENERGY INTELLIGENCE GROUP, INC. / ENERGY INTELLIGENCE GROUP (UK) LIMITED.",2023,118.9
Nigeria,Anyala-Madu,Source: Energy Intelligence,"COPYRIGHT © 2001-2021 ENERGY INTELLIGENCE GROUP, INC. / ENERGY INTELLIGENCE GROUP (UK) LIMITED.",2023,42.33
Nigeria,Amenam Blend,Source: Energy Intelligence,"COPYRIGHT © 2001-2021 ENERGY INTELLIGENCE GROUP, INC. / ENERGY INTELLIGENCE GROUP (UK) LIMITED.",2023,106.85
Nigeria,Akpo Blend,Source: Energy Intelligence,"COPYRIGHT © 2001-2021 ENERGY INTELLIGENCE GROUP, INC. / ENERGY INTELLIGENCE GROUP (UK) LIMITED.",2023,68.5
Nigeria,Agbami,Source: Energy Intelligence,"COPYRIGHT © 2001-2021 ENERGY INTELLIGENCE GROUP, INC. / ENERGY INTELLIGENCE GROUP (UK) LIMITED.",2023,101
Nigeria,Qua Iboe,Source: Energy Intelligence,"COPYRIGHT © 2001-2021 ENERGY INTELLIGENCE GROUP, INC. / ENERGY INTELLIGENCE GROUP (UK) LIMITED.",2024,115
Nigeria,Other Crudes - Nigeria,Source: Energy Intelligence,"COPYRIGHT © 2001-2021 ENERGY INTELLIGENCE GROUP, INC. / ENERGY INTELLIGENCE GROUP (UK) LIMITED.",2024,191
Nigeria,Okwuibome,Source: Energy Intelligence,"COPYRIGHT © 2001-2021 ENERGY INTELLIGENCE GROUP, INC. / ENERGY INTELLIGENCE GROUP (UK) LIMITED.",2024,65
Nigeria,Forcados,Source: Energy Intelligence,"COPYRIGHT © 2001-2021 ENERGY INTELLIGENCE GROUP, INC. / ENERGY INTELLIGENCE GROUP (UK) LIMITED.",2024,213
Nigeria,Escravos,Source: Energy Intelligence,"COPYRIGHT © 2001-2021 ENERGY INTELLIGENCE GROUP, INC. / ENERGY INTELLIGENCE GROUP (UK) LIMITED.",2024,102
Nigeria,Erha,Source: Energy Intelligence,"COPYRIGHT © 2001-2021 ENERGY INTELLIGENCE GROUP, INC. / ENERGY INTELLIGENCE GROUP (UK) LIMITED.",2024,66
Nigeria,Egina,Source: Energy Intelligence,"COPYRIGHT © 2001-2021 ENERGY INTELLIGENCE GROUP, INC. / ENERGY INTELLIGENCE GROUP (UK) LIMITED.",2024,78
Nigeria,Brass River,Source: Energy Intelligence,"COPYRIGHT © 2001-2021 ENERGY INTELLIGENCE GROUP, INC. / ENERGY INTELLIGENCE GROUP (UK) LIMITED.",2024,24
Nigeria,Bonny Light,Source: Energy Intelligence,"COPYRIGHT © 2001-2021 ENERGY INTELLIGENCE GROUP, INC. / ENERGY INTELLIGENCE GROUP (UK) LIMITED.",2024,122
Nigeria,Bonga,Source: Energy Intelligence,"COPYRIGHT © 2001-2021 ENERGY INTELLIGENCE GROUP, INC. / ENERGY INTELLIGENCE GROUP (UK) LIMITED.",2024,109
Nigeria,Anyala-Madu,Source: Energy Intelligence,"COPYRIGHT © 2001-2021 ENERGY INTELLIGENCE GROUP, INC. / ENERGY INTELLIGENCE GROUP (UK) LIMITED.",2024,42.33
Nigeria,Amenam Blend,Source: Energy Intelligence,"COPYRIGHT © 2001-2021 ENERGY INTELLIGENCE GROUP, INC. / ENERGY INTELLIGENCE GROUP (UK) LIMITED.",2024,54.6
Nigeria,Akpo Blend,Source: Energy Intelligence,"COPYRIGHT © 2001-2021 ENERGY INTELLIGENCE GROUP, INC. / ENERGY INTELLIGENCE GROUP (UK) LIMITED.",2024,50
Nigeria,Agbami,Source: Energy Intelligence,"COPYRIGHT © 2001-2021 ENERGY INTELLIGENCE GROUP, INC. / ENERGY INTELLIGENCE GROUP (UK) LIMITED.",2024,83
Norway,Troll,Source: Energy Intelligence,"COPYRIGHT © 2001-2021 ENERGY INTELLIGENCE GROUP, INC. / ENERGY INTELLIGENCE GROUP (UK) LIMITED.",2006,207.22
Norway,Statfjord Blend,Source: Energy Intelligence,"COPYRIGHT © 2001-2021 ENERGY INTELLIGENCE GROUP, INC. / ENERGY INTELLIGENCE GROUP (UK) LIMITED.",2006,253.48
Norway,Other Crudes - Norway,Source: Energy Intelligence,"COPYRIGHT © 2001-2021 ENERGY INTELLIGENCE GROUP, INC. / ENERGY INTELLIGENCE GROUP (UK) LIMITED.",2006,209.14
Norway,Oseberg,Source: Energy Intelligence,"COPYRIGHT © 2001-2021 ENERGY INTELLIGENCE GROUP, INC. / ENERGY INTELLIGENCE GROUP (UK) LIMITED.",2006,218.01
Norway,Heidrun,Source: Energy Intelligence,"COPYRIGHT © 2001-2021 ENERGY INTELLIGENCE GROUP, INC. / ENERGY INTELLIGENCE GROUP (UK) LIMITED.",2006,125.87
Norway,Gullfaks Blend,Source: Energy Intelligence,"COPYRIGHT © 2001-2021 ENERGY INTELLIGENCE GROUP, INC. / ENERGY INTELLIGENCE GROUP (UK) LIMITED.",2006,233.7
Norway,Grane,Source: Energy Intelligence,"COPYRIGHT © 2001-2021 ENERGY INTELLIGENCE GROUP, INC. / ENERGY INTELLIGENCE GROUP (UK) LIMITED.",2006,197.37
Norway,Ekofisk Blend,Source: Energy Intelligence,"COPYRIGHT © 2001-2021 ENERGY INTELLIGENCE GROUP, INC. / ENERGY INTELLIGENCE GROUP (UK) LIMITED.",2006,548.31
Norway,Balder,Source: Energy Intelligence,"COPYRIGHT © 2001-2021 ENERGY INTELLIGENCE GROUP, INC. / ENERGY INTELLIGENCE GROUP (UK) LIMITED.",2006,122.04
Norway,Asgard Blend,Source: Energy Intelligence,"COPYRIGHT © 2001-2021 ENERGY INTELLIGENCE GROUP, INC. / ENERGY INTELLIGENCE GROUP (UK) LIMITED.",2006,169.69
Norway,Troll,Source: Energy Intelligence,"COPYRIGHT © 2001-2021 ENERGY INTELLIGENCE GROUP, INC. / ENERGY INTELLIGENCE GROUP (UK) LIMITED.",2007,171.19
Norway,Statfjord Blend,Source: Energy Intelligence,"COPYRIGHT © 2001-2021 ENERGY INTELLIGENCE GROUP, INC. / ENERGY INTELLIGENCE GROUP (UK) LIMITED.",2007,249.02
Norway,Other Crudes - Norway,Source: Energy Intelligence,"COPYRIGHT © 2001-2021 ENERGY INTELLIGENCE GROUP, INC. / ENERGY INTELLIGENCE GROUP (UK) LIMITED.",2007,166.48
Norway,Oseberg,Source: Energy Intelligence,"COPYRIGHT © 2001-2021 ENERGY INTELLIGENCE GROUP, INC. / ENERGY INTELLIGENCE GROUP (UK) LIMITED.",2007,176.95
Norway,Heidrun,Source: Energy Intelligence,"COPYRIGHT © 2001-2021 ENERGY INTELLIGENCE GROUP, INC. / ENERGY INTELLIGENCE GROUP (UK) LIMITED.",2007,98.89
Norway,Gullfaks Blend,Source: Energy Intelligence,"COPYRIGHT © 2001-2021 ENERGY INTELLIGENCE GROUP, INC. / ENERGY INTELLIGENCE GROUP (UK) LIMITED.",2007,239.66
Norway,Grane,Source: Energy Intelligence,"COPYRIGHT © 2001-2021 ENERGY INTELLIGENCE GROUP, INC. / ENERGY INTELLIGENCE GROUP (UK) LIMITED.",2007,189.66
Norway,Ekofisk Blend,Source: Energy Intelligence,"COPYRIGHT © 2001-2021 ENERGY INTELLIGENCE GROUP, INC. / ENERGY INTELLIGENCE GROUP (UK) LIMITED.",2007,453.07
Norway,Balder,Source: Energy Intelligence,"COPYRIGHT © 2001-2021 ENERGY INTELLIGENCE GROUP, INC. / ENERGY INTELLIGENCE GROUP (UK) LIMITED.",2007,119.34
Norway,Asgard Blend,Source: Energy Intelligence,"COPYRIGHT © 2001-2021 ENERGY INTELLIGENCE GROUP, INC. / ENERGY INTELLIGENCE GROUP (UK) LIMITED.",2007,187.54
Norway,Troll,Source: Energy Intelligence,"COPYRIGHT © 2001-2021 ENERGY INTELLIGENCE GROUP, INC. / ENERGY INTELLIGENCE GROUP (UK) LIMITED.",2008,177.21
Norway,Statfjord Blend,Source: Energy Intelligence,"COPYRIGHT © 2001-2021 ENERGY INTELLIGENCE GROUP, INC. / ENERGY INTELLIGENCE GROUP (UK) LIMITED.",2008,219.82
Norway,Other Crudes - Norway,Source: Energy Intelligence,"COPYRIGHT © 2001-2021 ENERGY INTELLIGENCE GROUP, INC. / ENERGY INTELLIGENCE GROUP (UK) LIMITED.",2008,178.72
Norway,Oseberg,Source: Energy Intelligence,"COPYRIGHT © 2001-2021 ENERGY INTELLIGENCE GROUP, INC. / ENERGY INTELLIGENCE GROUP (UK) LIMITED.",2008,185.09
Norway,Heidrun,Source: Energy Intelligence,"COPYRIGHT © 2001-2021 ENERGY INTELLIGENCE GROUP, INC. / ENERGY INTELLIGENCE GROUP (UK) LIMITED.",2008,81.84
Norway,Gullfaks Blend,Source: Energy Intelligence,"COPYRIGHT © 2001-2021 ENERGY INTELLIGENCE GROUP, INC. / ENERGY INTELLIGENCE GROUP (UK) LIMITED.",2008,214.96
Norway,Grane,Source: Energy Intelligence,"COPYRIGHT © 2001-2021 ENERGY INTELLIGENCE GROUP, INC. / ENERGY INTELLIGENCE GROUP (UK) LIMITED.",2008,157.5
Norway,Ekofisk Blend,Source: Energy Intelligence,"COPYRIGHT © 2001-2021 ENERGY INTELLIGENCE GROUP, INC. / ENERGY INTELLIGENCE GROUP (UK) LIMITED.",2008,419.82
Norway,Balder,Source: Energy Intelligence,"COPYRIGHT © 2001-2021 ENERGY INTELLIGENCE GROUP, INC. / ENERGY INTELLIGENCE GROUP (UK) LIMITED.",2008,101.09
Norway,Asgard Blend,Source: Energy Intelligence,"COPYRIGHT © 2001-2021 ENERGY INTELLIGENCE GROUP, INC. / ENERGY INTELLIGENCE GROUP (UK) LIMITED.",2008,169.96
Norway,Alvheim,Source: Energy Intelligence,"COPYRIGHT © 2001-2021 ENERGY INTELLIGENCE GROUP, INC. / ENERGY INTELLIGENCE GROUP (UK) LIMITED.",2008,48.45
Norway,Troll,Source: Energy Intelligence,"COPYRIGHT © 2001-2021 ENERGY INTELLIGENCE GROUP, INC. / ENERGY INTELLIGENCE GROUP (UK) LIMITED.",2009,201
Norway,Statfjord Blend,Source: Energy Intelligence,"COPYRIGHT © 2001-2021 ENERGY INTELLIGENCE GROUP, INC. / ENERGY INTELLIGENCE GROUP (UK) LIMITED.",2009,143.72
Norway,Other Crudes - Norway,Source: Energy Intelligence,"COPYRIGHT © 2001-2021 ENERGY INTELLIGENCE GROUP, INC. / ENERGY INTELLIGENCE GROUP (UK) LIMITED.",2009,138.51
Norway,Oseberg,Source: Energy Intelligence,"COPYRIGHT © 2001-2021 ENERGY INTELLIGENCE GROUP, INC. / ENERGY INTELLIGENCE GROUP (UK) LIMITED.",2009,173.27
Norway,Heidrun,Source: Energy Intelligence,"COPYRIGHT © 2001-2021 ENERGY INTELLIGENCE GROUP, INC. / ENERGY INTELLIGENCE GROUP (UK) LIMITED.",2009,66.61
Norway,Gullfaks Blend,Source: Energy Intelligence,"COPYRIGHT © 2001-2021 ENERGY INTELLIGENCE GROUP, INC. / ENERGY INTELLIGENCE GROUP (UK) LIMITED.",2009,189.28
Norway,Grane,Source: Energy Intelligence,"COPYRIGHT © 2001-2021 ENERGY INTELLIGENCE GROUP, INC. / ENERGY INTELLIGENCE GROUP (UK) LIMITED.",2009,169.8
Norway,Ekofisk Blend,Source: Energy Intelligence,"COPYRIGHT © 2001-2021 ENERGY INTELLIGENCE GROUP, INC. / ENERGY INTELLIGENCE GROUP (UK) LIMITED.",2009,382.77
Norway,Balder,Source: Energy Intelligence,"COPYRIGHT © 2001-2021 ENERGY INTELLIGENCE GROUP, INC. / ENERGY INTELLIGENCE GROUP (UK) LIMITED.",2009,75.51
Norway,Asgard Blend,Source: Energy Intelligence,"COPYRIGHT © 2001-2021 ENERGY INTELLIGENCE GROUP, INC. / ENERGY INTELLIGENCE GROUP (UK) LIMITED.",2009,166.02
Norway,Alvheim,Source: Energy Intelligence,"COPYRIGHT © 2001-2021 ENERGY INTELLIGENCE GROUP, INC. / ENERGY INTELLIGENCE GROUP (UK) LIMITED.",2009,112.36
Norway,Troll,Source: Energy Intelligence,"COPYRIGHT © 2001-2021 ENERGY INTELLIGENCE GROUP, INC. / ENERGY INTELLIGENCE GROUP (UK) LIMITED.",2010,197.82
Norway,Statfjord Blend,Source: Energy Intelligence,"COPYRIGHT © 2001-2021 ENERGY INTELLIGENCE GROUP, INC. / ENERGY INTELLIGENCE GROUP (UK) LIMITED.",2010,150.85
Norway,Other Crudes - Norway,Source: Energy Intelligence,"COPYRIGHT © 2001-2021 ENERGY INTELLIGENCE GROUP, INC. / ENERGY INTELLIGENCE GROUP (UK) LIMITED.",2010,87.24
Norway,Oseberg,Source: Energy Intelligence,"COPYRIGHT © 2001-2021 ENERGY INTELLIGENCE GROUP, INC. / ENERGY INTELLIGENCE GROUP (UK) LIMITED.",2010,153.51
Norway,Heidrun,Source: Energy Intelligence,"COPYRIGHT © 2001-2021 ENERGY INTELLIGENCE GROUP, INC. / ENERGY INTELLIGENCE GROUP (UK) LIMITED.",2010,46.32
Norway,Gullfaks Blend,Source: Energy Intelligence,"COPYRIGHT © 2001-2021 ENERGY INTELLIGENCE GROUP, INC. / ENERGY INTELLIGENCE GROUP (UK) LIMITED.",2010,152.8
Norway,Grane,Source: Energy Intelligence,"COPYRIGHT © 2001-2021 ENERGY INTELLIGENCE GROUP, INC. / ENERGY INTELLIGENCE GROUP (UK) LIMITED.",2010,156.37
Norway,Ekofisk Blend,Source: Energy Intelligence,"COPYRIGHT © 2001-2021 ENERGY INTELLIGENCE GROUP, INC. / ENERGY INTELLIGENCE GROUP (UK) LIMITED.",2010,342.4
Norway,Balder,Source: Energy Intelligence,"COPYRIGHT © 2001-2021 ENERGY INTELLIGENCE GROUP, INC. / ENERGY INTELLIGENCE GROUP (UK) LIMITED.",2010,45.63
Norway,Asgard Blend,Source: Energy Intelligence,"COPYRIGHT © 2001-2021 ENERGY INTELLIGENCE GROUP, INC. / ENERGY INTELLIGENCE GROUP (UK) LIMITED.",2010,181.42
Norway,Alvheim,Source: Energy Intelligence,"COPYRIGHT © 2001-2021 ENERGY INTELLIGENCE GROUP, INC. / ENERGY INTELLIGENCE GROUP (UK) LIMITED.",2010,123.32
Norway,Troll,Source: Energy Intelligence,"COPYRIGHT © 2001-2021 ENERGY INTELLIGENCE GROUP, INC. / ENERGY INTELLIGENCE GROUP (UK) LIMITED.",2011,237.52
Norway,Statfjord Blend,Source: Energy Intelligence,"COPYRIGHT © 2001-2021 ENERGY INTELLIGENCE GROUP, INC. / ENERGY INTELLIGENCE GROUP (UK) LIMITED.",2011,133.96
Norway,Other Crudes - Norway,Source: Energy Intelligence,"COPYRIGHT © 2001-2021 ENERGY INTELLIGENCE GROUP, INC. / ENERGY INTELLIGENCE GROUP (UK) LIMITED.",2011,20.54
Norway,Oseberg,Source: Energy Intelligence,"COPYRIGHT © 2001-2021 ENERGY INTELLIGENCE GROUP, INC. / ENERGY INTELLIGENCE GROUP (UK) LIMITED.",2011,137.42
Norway,Heidrun,Source: Energy Intelligence,"COPYRIGHT © 2001-2021 ENERGY INTELLIGENCE GROUP, INC. / ENERGY INTELLIGENCE GROUP (UK) LIMITED.",2011,55.84
Norway,Gullfaks Blend,Source: Energy Intelligence,"COPYRIGHT © 2001-2021 ENERGY INTELLIGENCE GROUP, INC. / ENERGY INTELLIGENCE GROUP (UK) LIMITED.",2011,108.39
Norway,Grane,Source: Energy Intelligence,"COPYRIGHT © 2001-2021 ENERGY INTELLIGENCE GROUP, INC. / ENERGY INTELLIGENCE GROUP (UK) LIMITED.",2011,130.8
Norway,Ekofisk Blend,Source: Energy Intelligence,"COPYRIGHT © 2001-2021 ENERGY INTELLIGENCE GROUP, INC. / ENERGY INTELLIGENCE GROUP (UK) LIMITED.",2011,314.04
Norway,Balder,Source: Energy Intelligence,"COPYRIGHT © 2001-2021 ENERGY INTELLIGENCE GROUP, INC. / ENERGY INTELLIGENCE GROUP (UK) LIMITED.",2011,29.55
Norway,Asgard Blend,Source: Energy Intelligence,"COPYRIGHT © 2001-2021 ENERGY INTELLIGENCE GROUP, INC. / ENERGY INTELLIGENCE GROUP (UK) LIMITED.",2011,192.9
Norway,Alvheim,Source: Energy Intelligence,"COPYRIGHT © 2001-2021 ENERGY INTELLIGENCE GROUP, INC. / ENERGY INTELLIGENCE GROUP (UK) LIMITED.",2011,128.7
Norway,Troll,Source: Energy Intelligence,"COPYRIGHT © 2001-2021 ENERGY INTELLIGENCE GROUP, INC. / ENERGY INTELLIGENCE GROUP (UK) LIMITED.",2012,215.11
Norway,Statfjord Blend,Source: Energy Intelligence,"COPYRIGHT © 2001-2021 ENERGY INTELLIGENCE GROUP, INC. / ENERGY INTELLIGENCE GROUP (UK) LIMITED.",2012,95.27
Norway,Other Crudes - Norway,Source: Energy Intelligence,"COPYRIGHT © 2001-2021 ENERGY INTELLIGENCE GROUP, INC. / ENERGY INTELLIGENCE GROUP (UK) LIMITED.",2012,38.07
Norway,Oseberg,Source: Energy Intelligence,"COPYRIGHT © 2001-2021 ENERGY INTELLIGENCE GROUP, INC. / ENERGY INTELLIGENCE GROUP (UK) LIMITED.",2012,121.2
Norway,Heidrun,Source: Energy Intelligence,"COPYRIGHT © 2001-2021 ENERGY INTELLIGENCE GROUP, INC. / ENERGY INTELLIGENCE GROUP (UK) LIMITED.",2012,48.66
Norway,Gullfaks Blend,Source: Energy Intelligence,"COPYRIGHT © 2001-2021 ENERGY INTELLIGENCE GROUP, INC. / ENERGY INTELLIGENCE GROUP (UK) LIMITED.",2012,108.58
Norway,Grane,Source: Energy Intelligence,"COPYRIGHT © 2001-2021 ENERGY INTELLIGENCE GROUP, INC. / ENERGY INTELLIGENCE GROUP (UK) LIMITED.",2012,107.5
Norway,Ekofisk Blend,Source: Energy Intelligence,"COPYRIGHT © 2001-2021 ENERGY INTELLIGENCE GROUP, INC. / ENERGY INTELLIGENCE GROUP (UK) LIMITED.",2012,262.03
Norway,Balder,Source: Energy Intelligence,"COPYRIGHT © 2001-2021 ENERGY INTELLIGENCE GROUP, INC. / ENERGY INTELLIGENCE GROUP (UK) LIMITED.",2012,25.38
Norway,Asgard Blend,Source: Energy Intelligence,"COPYRIGHT © 2001-2021 ENERGY INTELLIGENCE GROUP, INC. / ENERGY INTELLIGENCE GROUP (UK) LIMITED.",2012,191.32
Norway,Alvheim,Source: Energy Intelligence,"COPYRIGHT © 2001-2021 ENERGY INTELLIGENCE GROUP, INC. / ENERGY INTELLIGENCE GROUP (UK) LIMITED.",2012,133.71
Norway,Troll,Source: Energy Intelligence,"COPYRIGHT © 2001-2021 ENERGY INTELLIGENCE GROUP, INC. / ENERGY INTELLIGENCE GROUP (UK) LIMITED.",2013,200.73
Norway,Statfjord Blend,Source: Energy Intelligence,"COPYRIGHT © 2001-2021 ENERGY INTELLIGENCE GROUP, INC. / ENERGY INTELLIGENCE GROUP (UK) LIMITED.",2013,103.37
Norway,Skarv,Source: Energy Intelligence,"COPYRIGHT © 2001-2021 ENERGY INTELLIGENCE GROUP, INC. / ENERGY INTELLIGENCE GROUP (UK) LIMITED.",2013,25.69
Norway,Other Crudes - Norway,Source: Energy Intelligence,"COPYRIGHT © 2001-2021 ENERGY INTELLIGENCE GROUP, INC. / ENERGY INTELLIGENCE GROUP (UK) LIMITED.",2013,3.73
Norway,Oseberg,Source: Energy Intelligence,"COPYRIGHT © 2001-2021 ENERGY INTELLIGENCE GROUP, INC. / ENERGY INTELLIGENCE GROUP (UK) LIMITED.",2013,113.09
Norway,Heidrun,Source: Energy Intelligence,"COPYRIGHT © 2001-2021 ENERGY INTELLIGENCE GROUP, INC. / ENERGY INTELLIGENCE GROUP (UK) LIMITED.",2013,52.5
Norway,Gullfaks Blend,Source: Energy Intelligence,"COPYRIGHT © 2001-2021 ENERGY INTELLIGENCE GROUP, INC. / ENERGY INTELLIGENCE GROUP (UK) LIMITED.",2013,135.45
Norway,Grane,Source: Energy Intelligence,"COPYRIGHT © 2001-2021 ENERGY INTELLIGENCE GROUP, INC. / ENERGY INTELLIGENCE GROUP (UK) LIMITED.",2013,83.48
Norway,Ekofisk Blend,Source: Energy Intelligence,"COPYRIGHT © 2001-2021 ENERGY INTELLIGENCE GROUP, INC. / ENERGY INTELLIGENCE GROUP (UK) LIMITED.",2013,233.96
Norway,Balder,Source: Energy Intelligence,"COPYRIGHT © 2001-2021 ENERGY INTELLIGENCE GROUP, INC. / ENERGY INTELLIGENCE GROUP (UK) LIMITED.",2013,25.33
Norway,Asgard Blend,Source: Energy Intelligence,"COPYRIGHT © 2001-2021 ENERGY INTELLIGENCE GROUP, INC. / ENERGY INTELLIGENCE GROUP (UK) LIMITED.",2013,139.69
Norway,Alvheim,Source: Energy Intelligence,"COPYRIGHT © 2001-2021 ENERGY INTELLIGENCE GROUP, INC. / ENERGY INTELLIGENCE GROUP (UK) LIMITED.",2013,115.04
Norway,Troll,Source: Energy Intelligence,"COPYRIGHT © 2001-2021 ENERGY INTELLIGENCE GROUP, INC. / ENERGY INTELLIGENCE GROUP (UK) LIMITED.",2014,201.11
Norway,Statfjord Blend,Source: Energy Intelligence,"COPYRIGHT © 2001-2021 ENERGY INTELLIGENCE GROUP, INC. / ENERGY INTELLIGENCE GROUP (UK) LIMITED.",2014,107.26
Norway,Skarv,Source: Energy Intelligence,"COPYRIGHT © 2001-2021 ENERGY INTELLIGENCE GROUP, INC. / ENERGY INTELLIGENCE GROUP (UK) LIMITED.",2014,40.69
Norway,Other Crudes - Norway,Source: Energy Intelligence,"COPYRIGHT © 2001-2021 ENERGY INTELLIGENCE GROUP, INC. / ENERGY INTELLIGENCE GROUP (UK) LIMITED.",2014,6.64
Norway,Oseberg,Source: Energy Intelligence,"COPYRIGHT © 2001-2021 ENERGY INTELLIGENCE GROUP, INC. / ENERGY INTELLIGENCE GROUP (UK) LIMITED.",2014,100
Norway,Heidrun,Source: Energy Intelligence,"COPYRIGHT © 2001-2021 ENERGY INTELLIGENCE GROUP, INC. / ENERGY INTELLIGENCE GROUP (UK) LIMITED.",2014,39.98
Norway,Gullfaks Blend,Source: Energy Intelligence,"COPYRIGHT © 2001-2021 ENERGY INTELLIGENCE GROUP, INC. / ENERGY INTELLIGENCE GROUP (UK) LIMITED.",2014,135
Norway,Gudrun Blend,Source: Energy Intelligence,"COPYRIGHT © 2001-2021 ENERGY INTELLIGENCE GROUP, INC. / ENERGY INTELLIGENCE GROUP (UK) LIMITED.",2014,24.05
Norway,Grane,Source: Energy Intelligence,"COPYRIGHT © 2001-2021 ENERGY INTELLIGENCE GROUP, INC. / ENERGY INTELLIGENCE GROUP (UK) LIMITED.",2014,77.35
Norway,Ekofisk Blend,Source: Energy Intelligence,"COPYRIGHT © 2001-2021 ENERGY INTELLIGENCE GROUP, INC. / ENERGY INTELLIGENCE GROUP (UK) LIMITED.",2014,285.69
Norway,Balder,Source: Energy Intelligence,"COPYRIGHT © 2001-2021 ENERGY INTELLIGENCE GROUP, INC. / ENERGY INTELLIGENCE GROUP (UK) LIMITED.",2014,28.49
Norway,Asgard Blend,Source: Energy Intelligence,"COPYRIGHT © 2001-2021 ENERGY INTELLIGENCE GROUP, INC. / ENERGY INTELLIGENCE GROUP (UK) LIMITED.",2014,134.27
Norway,Alvheim,Source: Energy Intelligence,"COPYRIGHT © 2001-2021 ENERGY INTELLIGENCE GROUP, INC. / ENERGY INTELLIGENCE GROUP (UK) LIMITED.",2014,92.06
Norway,Troll,Source: Energy Intelligence,"COPYRIGHT © 2001-2021 ENERGY INTELLIGENCE GROUP, INC. / ENERGY INTELLIGENCE GROUP (UK) LIMITED.",2015,191.13
Norway,Statfjord Blend,Source: Energy Intelligence,"COPYRIGHT © 2001-2021 ENERGY INTELLIGENCE GROUP, INC. / ENERGY INTELLIGENCE GROUP (UK) LIMITED.",2015,118.74
Norway,Skarv,Source: Energy Intelligence,"COPYRIGHT © 2001-2021 ENERGY INTELLIGENCE GROUP, INC. / ENERGY INTELLIGENCE GROUP (UK) LIMITED.",2015,36.98
Norway,Other Crudes - Norway,Source: Energy Intelligence,"COPYRIGHT © 2001-2021 ENERGY INTELLIGENCE GROUP, INC. / ENERGY INTELLIGENCE GROUP (UK) LIMITED.",2015,0.83
Norway,Oseberg,Source: Energy Intelligence,"COPYRIGHT © 2001-2021 ENERGY INTELLIGENCE GROUP, INC. / ENERGY INTELLIGENCE GROUP (UK) LIMITED.",2015,105.51
Norway,Heidrun,Source: Energy Intelligence,"COPYRIGHT © 2001-2021 ENERGY INTELLIGENCE GROUP, INC. / ENERGY INTELLIGENCE GROUP (UK) LIMITED.",2015,41.86
Norway,Gullfaks Blend,Source: Energy Intelligence,"COPYRIGHT © 2001-2021 ENERGY INTELLIGENCE GROUP, INC. / ENERGY INTELLIGENCE GROUP (UK) LIMITED.",2015,164.04
Norway,Gudrun Blend,Source: Energy Intelligence,"COPYRIGHT © 2001-2021 ENERGY INTELLIGENCE GROUP, INC. / ENERGY INTELLIGENCE GROUP (UK) LIMITED.",2015,47.31
Norway,Grane,Source: Energy Intelligence,"COPYRIGHT © 2001-2021 ENERGY INTELLIGENCE GROUP, INC. / ENERGY INTELLIGENCE GROUP (UK) LIMITED.",2015,90.46
Norway,Ekofisk Blend,Source: Energy Intelligence,"COPYRIGHT © 2001-2021 ENERGY INTELLIGENCE GROUP, INC. / ENERGY INTELLIGENCE GROUP (UK) LIMITED.",2015,278.87
Norway,Balder,Source: Energy Intelligence,"COPYRIGHT © 2001-2021 ENERGY INTELLIGENCE GROUP, INC. / ENERGY INTELLIGENCE GROUP (UK) LIMITED.",2015,27.15
Norway,Asgard Blend,Source: Energy Intelligence,"COPYRIGHT © 2001-2021 ENERGY INTELLIGENCE GROUP, INC. / ENERGY INTELLIGENCE GROUP (UK) LIMITED.",2015,107.6
Norway,Alvheim,Source: Energy Intelligence,"COPYRIGHT © 2001-2021 ENERGY INTELLIGENCE GROUP, INC. / ENERGY INTELLIGENCE GROUP (UK) LIMITED.",2015,83.49
Norway,Troll,Source: Energy Intelligence,"COPYRIGHT © 2001-2021 ENERGY INTELLIGENCE GROUP, INC. / ENERGY INTELLIGENCE GROUP (UK) LIMITED.",2016,191.62
Norway,Statfjord Blend,Source: Energy Intelligence,"COPYRIGHT © 2001-2021 ENERGY INTELLIGENCE GROUP, INC. / ENERGY INTELLIGENCE GROUP (UK) LIMITED.",2016,115.61
Norway,Skarv,Source: Energy Intelligence,"COPYRIGHT © 2001-2021 ENERGY INTELLIGENCE GROUP, INC. / ENERGY INTELLIGENCE GROUP (UK) LIMITED.",2016,27.65
Norway,Other Crudes - Norway,Source: Energy Intelligence,"COPYRIGHT © 2001-2021 ENERGY INTELLIGENCE GROUP, INC. / ENERGY INTELLIGENCE GROUP (UK) LIMITED.",2016,15.68
Norway,Oseberg,Source: Energy Intelligence,"COPYRIGHT © 2001-2021 ENERGY INTELLIGENCE GROUP, INC. / ENERGY INTELLIGENCE GROUP (UK) LIMITED.",2016,112.31
Norway,Heidrun,Source: Energy Intelligence,"COPYRIGHT © 2001-2021 ENERGY INTELLIGENCE GROUP, INC. / ENERGY INTELLIGENCE GROUP (UK) LIMITED.",2016,45.98
Norway,Gullfaks Blend,Source: Energy Intelligence,"COPYRIGHT © 2001-2021 ENERGY INTELLIGENCE GROUP, INC. / ENERGY INTELLIGENCE GROUP (UK) LIMITED.",2016,164.66
Norway,Gudrun Blend,Source: Energy Intelligence,"COPYRIGHT © 2001-2021 ENERGY INTELLIGENCE GROUP, INC. / ENERGY INTELLIGENCE GROUP (UK) LIMITED.",2016,57.15
Norway,Grane,Source: Energy Intelligence,"COPYRIGHT © 2001-2021 ENERGY INTELLIGENCE GROUP, INC. / ENERGY INTELLIGENCE GROUP (UK) LIMITED.",2016,150.09
Norway,Goliat,Source: Energy Intelligence,"COPYRIGHT © 2001-2021 ENERGY INTELLIGENCE GROUP, INC. / ENERGY INTELLIGENCE GROUP (UK) LIMITED.",2016,51
Norway,Ekofisk Blend,Source: Energy Intelligence,"COPYRIGHT © 2001-2021 ENERGY INTELLIGENCE GROUP, INC. / ENERGY INTELLIGENCE GROUP (UK) LIMITED.",2016,256.6
Norway,Balder,Source: Energy Intelligence,"COPYRIGHT © 2001-2021 ENERGY INTELLIGENCE GROUP, INC. / ENERGY INTELLIGENCE GROUP (UK) LIMITED.",2016,27.94
Norway,Asgard Blend,Source: Energy Intelligence,"COPYRIGHT © 2001-2021 ENERGY INTELLIGENCE GROUP, INC. / ENERGY INTELLIGENCE GROUP (UK) LIMITED.",2016,85.47
Norway,Alvheim,Source: Energy Intelligence,"COPYRIGHT © 2001-2021 ENERGY INTELLIGENCE GROUP, INC. / ENERGY INTELLIGENCE GROUP (UK) LIMITED.",2016,88.76
Norway,Troll,Source: Energy Intelligence,"COPYRIGHT © 2001-2021 ENERGY INTELLIGENCE GROUP, INC. / ENERGY INTELLIGENCE GROUP (UK) LIMITED.",2017,175.38
Norway,Statfjord Blend,Source: Energy Intelligence,"COPYRIGHT © 2001-2021 ENERGY INTELLIGENCE GROUP, INC. / ENERGY INTELLIGENCE GROUP (UK) LIMITED.",2017,98.05
Norway,Skarv,Source: Energy Intelligence,"COPYRIGHT © 2001-2021 ENERGY INTELLIGENCE GROUP, INC. / ENERGY INTELLIGENCE GROUP (UK) LIMITED.",2017,19.32
Norway,Other Crudes - Norway,Source: Energy Intelligence,"COPYRIGHT © 2001-2021 ENERGY INTELLIGENCE GROUP, INC. / ENERGY INTELLIGENCE GROUP (UK) LIMITED.",2017,35.09
Norway,Oseberg,Source: Energy Intelligence,"COPYRIGHT © 2001-2021 ENERGY INTELLIGENCE GROUP, INC. / ENERGY INTELLIGENCE GROUP (UK) LIMITED.",2017,111.39
Norway,Heidrun,Source: Energy Intelligence,"COPYRIGHT © 2001-2021 ENERGY INTELLIGENCE GROUP, INC. / ENERGY INTELLIGENCE GROUP (UK) LIMITED.",2017,42.26
Norway,Gullfaks Blend,Source: Energy Intelligence,"COPYRIGHT © 2001-2021 ENERGY INTELLIGENCE GROUP, INC. / ENERGY INTELLIGENCE GROUP (UK) LIMITED.",2017,135.47
Norway,Gudrun Blend,Source: Energy Intelligence,"COPYRIGHT © 2001-2021 ENERGY INTELLIGENCE GROUP, INC. / ENERGY INTELLIGENCE GROUP (UK) LIMITED.",2017,66.53
Norway,Grane,Source: Energy Intelligence,"COPYRIGHT © 2001-2021 ENERGY INTELLIGENCE GROUP, INC. / ENERGY INTELLIGENCE GROUP (UK) LIMITED.",2017,225.18
Norway,Goliat,Source: Energy Intelligence,"COPYRIGHT © 2001-2021 ENERGY INTELLIGENCE GROUP, INC. / ENERGY INTELLIGENCE GROUP (UK) LIMITED.",2017,43.4
Norway,Ekofisk Blend,Source: Energy Intelligence,"COPYRIGHT © 2001-2021 ENERGY INTELLIGENCE GROUP, INC. / ENERGY INTELLIGENCE GROUP (UK) LIMITED.",2017,246
Norway,Balder,Source: Energy Intelligence,"COPYRIGHT © 2001-2021 ENERGY INTELLIGENCE GROUP, INC. / ENERGY INTELLIGENCE GROUP (UK) LIMITED.",2017,22.04
Norway,Asgard Blend,Source: Energy Intelligence,"COPYRIGHT © 2001-2021 ENERGY INTELLIGENCE GROUP, INC. / ENERGY INTELLIGENCE GROUP (UK) LIMITED.",2017,81.54
Norway,Alvheim,Source: Energy Intelligence,"COPYRIGHT © 2001-2021 ENERGY INTELLIGENCE GROUP, INC. / ENERGY INTELLIGENCE GROUP (UK) LIMITED.",2017,99.9
Norway,Troll,Source: Energy Intelligence,"COPYRIGHT © 2001-2021 ENERGY INTELLIGENCE GROUP, INC. / ENERGY INTELLIGENCE GROUP (UK) LIMITED.",2018,156.24
Norway,Statfjord Blend,Source: Energy Intelligence,"COPYRIGHT © 2001-2021 ENERGY INTELLIGENCE GROUP, INC. / ENERGY INTELLIGENCE GROUP (UK) LIMITED.",2018,96.59
Norway,Skarv,Source: Energy Intelligence,"COPYRIGHT © 2001-2021 ENERGY INTELLIGENCE GROUP, INC. / ENERGY INTELLIGENCE GROUP (UK) LIMITED.",2018,15.78
Norway,Other Crudes - Norway,Source: Energy Intelligence,"COPYRIGHT © 2001-2021 ENERGY INTELLIGENCE GROUP, INC. / ENERGY INTELLIGENCE GROUP (UK) LIMITED.",2018,13.89
Norway,Oseberg,Source: Energy Intelligence,"COPYRIGHT © 2001-2021 ENERGY INTELLIGENCE GROUP, INC. / ENERGY INTELLIGENCE GROUP (UK) LIMITED.",2018,75.31
Norway,Heidrun,Source: Energy Intelligence,"COPYRIGHT © 2001-2021 ENERGY INTELLIGENCE GROUP, INC. / ENERGY INTELLIGENCE GROUP (UK) LIMITED.",2018,33.39
Norway,Gullfaks Blend,Source: Energy Intelligence,"COPYRIGHT © 2001-2021 ENERGY INTELLIGENCE GROUP, INC. / ENERGY INTELLIGENCE GROUP (UK) LIMITED.",2018,128.52
Norway,Gudrun Blend,Source: Energy Intelligence,"COPYRIGHT © 2001-2021 ENERGY INTELLIGENCE GROUP, INC. / ENERGY INTELLIGENCE GROUP (UK) LIMITED.",2018,68.78
Norway,Grane,Source: Energy Intelligence,"COPYRIGHT © 2001-2021 ENERGY INTELLIGENCE GROUP, INC. / ENERGY INTELLIGENCE GROUP (UK) LIMITED.",2018,225.45
Norway,Goliat,Source: Energy Intelligence,"COPYRIGHT © 2001-2021 ENERGY INTELLIGENCE GROUP, INC. / ENERGY INTELLIGENCE GROUP (UK) LIMITED.",2018,64.1
Norway,Ekofisk Blend,Source: Energy Intelligence,"COPYRIGHT © 2001-2021 ENERGY INTELLIGENCE GROUP, INC. / ENERGY INTELLIGENCE GROUP (UK) LIMITED.",2018,245.1
Norway,Balder,Source: Energy Intelligence,"COPYRIGHT © 2001-2021 ENERGY INTELLIGENCE GROUP, INC. / ENERGY INTELLIGENCE GROUP (UK) LIMITED.",2018,13.08
Norway,Asgard Blend,Source: Energy Intelligence,"COPYRIGHT © 2001-2021 ENERGY INTELLIGENCE GROUP, INC. / ENERGY INTELLIGENCE GROUP (UK) LIMITED.",2018,81.78
Norway,Alvheim,Source: Energy Intelligence,"COPYRIGHT © 2001-2021 ENERGY INTELLIGENCE GROUP, INC. / ENERGY INTELLIGENCE GROUP (UK) LIMITED.",2018,81.8
Norway,Troll,Source: Energy Intelligence,"COPYRIGHT © 2001-2021 ENERGY INTELLIGENCE GROUP, INC. / ENERGY INTELLIGENCE GROUP (UK) LIMITED.",2019,146.35
Norway,Statfjord Blend,Source: Energy Intelligence,"COPYRIGHT © 2001-2021 ENERGY INTELLIGENCE GROUP, INC. / ENERGY INTELLIGENCE GROUP (UK) LIMITED.",2019,64.96
Norway,Skarv,Source: Energy Intelligence,"COPYRIGHT © 2001-2021 ENERGY INTELLIGENCE GROUP, INC. / ENERGY INTELLIGENCE GROUP (UK) LIMITED.",2019,13.27
Norway,Other Crudes - Norway,Source: Energy Intelligence,"COPYRIGHT © 2001-2021 ENERGY INTELLIGENCE GROUP, INC. / ENERGY INTELLIGENCE GROUP (UK) LIMITED.",2019,16.01
Norway,Oseberg,Source: Energy Intelligence,"COPYRIGHT © 2001-2021 ENERGY INTELLIGENCE GROUP, INC. / ENERGY INTELLIGENCE GROUP (UK) LIMITED.",2019,95.76
Norway,Johan Sverdrup,Source: Energy Intelligence,"COPYRIGHT © 2001-2021 ENERGY INTELLIGENCE GROUP, INC. / ENERGY INTELLIGENCE GROUP (UK) LIMITED.",2019,64.17
Norway,Heidrun,Source: Energy Intelligence,"COPYRIGHT © 2001-2021 ENERGY INTELLIGENCE GROUP, INC. / ENERGY INTELLIGENCE GROUP (UK) LIMITED.",2019,41.04
Norway,Gullfaks Blend,Source: Energy Intelligence,"COPYRIGHT © 2001-2021 ENERGY INTELLIGENCE GROUP, INC. / ENERGY INTELLIGENCE GROUP (UK) LIMITED.",2019,122.63
Norway,Gudrun Blend,Source: Energy Intelligence,"COPYRIGHT © 2001-2021 ENERGY INTELLIGENCE GROUP, INC. / ENERGY INTELLIGENCE GROUP (UK) LIMITED.",2019,56.73
Norway,Grane,Source: Energy Intelligence,"COPYRIGHT © 2001-2021 ENERGY INTELLIGENCE GROUP, INC. / ENERGY INTELLIGENCE GROUP (UK) LIMITED.",2019,212.63
Norway,Goliat,Source: Energy Intelligence,"COPYRIGHT © 2001-2021 ENERGY INTELLIGENCE GROUP, INC. / ENERGY INTELLIGENCE GROUP (UK) LIMITED.",2019,40.65
Norway,Ekofisk Blend,Source: Energy Intelligence,"COPYRIGHT © 2001-2021 ENERGY INTELLIGENCE GROUP, INC. / ENERGY INTELLIGENCE GROUP (UK) LIMITED.",2019,235.34
Norway,Balder,Source: Energy Intelligence,"COPYRIGHT © 2001-2021 ENERGY INTELLIGENCE GROUP, INC. / ENERGY INTELLIGENCE GROUP (UK) LIMITED.",2019,14.33
Norway,Asgard Blend,Source: Energy Intelligence,"COPYRIGHT © 2001-2021 ENERGY INTELLIGENCE GROUP, INC. / ENERGY INTELLIGENCE GROUP (UK) LIMITED.",2019,73.51
Norway,Alvheim,Source: Energy Intelligence,"COPYRIGHT © 2001-2021 ENERGY INTELLIGENCE GROUP, INC. / ENERGY INTELLIGENCE GROUP (UK) LIMITED.",2019,71.34
Norway,Troll,Source: Energy Intelligence,"COPYRIGHT © 2001-2021 ENERGY INTELLIGENCE GROUP, INC. / ENERGY INTELLIGENCE GROUP (UK) LIMITED.",2020,111.6
Norway,Statfjord Blend,Source: Energy Intelligence,"COPYRIGHT © 2001-2021 ENERGY INTELLIGENCE GROUP, INC. / ENERGY INTELLIGENCE GROUP (UK) LIMITED.",2020,74.02
Norway,Skarv,Source: Energy Intelligence,"COPYRIGHT © 2001-2021 ENERGY INTELLIGENCE GROUP, INC. / ENERGY INTELLIGENCE GROUP (UK) LIMITED.",2020,12.14
Norway,Other Crudes - Norway,Source: Energy Intelligence,"COPYRIGHT © 2001-2021 ENERGY INTELLIGENCE GROUP, INC. / ENERGY INTELLIGENCE GROUP (UK) LIMITED.",2020,26.47
Norway,Oseberg,Source: Energy Intelligence,"COPYRIGHT © 2001-2021 ENERGY INTELLIGENCE GROUP, INC. / ENERGY INTELLIGENCE GROUP (UK) LIMITED.",2020,93.99
Norway,Johan Sverdrup,Source: Energy Intelligence,"COPYRIGHT © 2001-2021 ENERGY INTELLIGENCE GROUP, INC. / ENERGY INTELLIGENCE GROUP (UK) LIMITED.",2020,420.45
Norway,Heidrun,Source: Energy Intelligence,"COPYRIGHT © 2001-2021 ENERGY INTELLIGENCE GROUP, INC. / ENERGY INTELLIGENCE GROUP (UK) LIMITED.",2020,34.25
Norway,Gullfaks Blend,Source: Energy Intelligence,"COPYRIGHT © 2001-2021 ENERGY INTELLIGENCE GROUP, INC. / ENERGY INTELLIGENCE GROUP (UK) LIMITED.",2020,94.22
Norway,Gudrun Blend,Source: Energy Intelligence,"COPYRIGHT © 2001-2021 ENERGY INTELLIGENCE GROUP, INC. / ENERGY INTELLIGENCE GROUP (UK) LIMITED.",2020,39.93
Norway,Grane,Source: Energy Intelligence,"COPYRIGHT © 2001-2021 ENERGY INTELLIGENCE GROUP, INC. / ENERGY INTELLIGENCE GROUP (UK) LIMITED.",2020,179.8
Norway,Goliat,Source: Energy Intelligence,"COPYRIGHT © 2001-2021 ENERGY INTELLIGENCE GROUP, INC. / ENERGY INTELLIGENCE GROUP (UK) LIMITED.",2020,39.76
Norway,Ekofisk Blend,Source: Energy Intelligence,"COPYRIGHT © 2001-2021 ENERGY INTELLIGENCE GROUP, INC. / ENERGY INTELLIGENCE GROUP (UK) LIMITED.",2020,246.6
Norway,Balder,Source: Energy Intelligence,"COPYRIGHT © 2001-2021 ENERGY INTELLIGENCE GROUP, INC. / ENERGY INTELLIGENCE GROUP (UK) LIMITED.",2020,10.71
Norway,Asgard Blend,Source: Energy Intelligence,"COPYRIGHT © 2001-2021 ENERGY INTELLIGENCE GROUP, INC. / ENERGY INTELLIGENCE GROUP (UK) LIMITED.",2020,75.8
Norway,Alvheim,Source: Energy Intelligence,"COPYRIGHT © 2001-2021 ENERGY INTELLIGENCE GROUP, INC. / ENERGY INTELLIGENCE GROUP (UK) LIMITED.",2020,72.62
Norway,Troll,Source: Energy Intelligence,"COPYRIGHT © 2001-2021 ENERGY INTELLIGENCE GROUP, INC. / ENERGY INTELLIGENCE GROUP (UK) LIMITED.",2021,92.78
Norway,Statfjord Blend,Source: Energy Intelligence,"COPYRIGHT © 2001-2021 ENERGY INTELLIGENCE GROUP, INC. / ENERGY INTELLIGENCE GROUP (UK) LIMITED.",2021,90.77
Norway,Skarv,Source: Energy Intelligence,"COPYRIGHT © 2001-2021 ENERGY INTELLIGENCE GROUP, INC. / ENERGY INTELLIGENCE GROUP (UK) LIMITED.",2021,19.5
Norway,Other Crudes - Norway,Source: Energy Intelligence,"COPYRIGHT © 2001-2021 ENERGY INTELLIGENCE GROUP, INC. / ENERGY INTELLIGENCE GROUP (UK) LIMITED.",2021,57.97
Norway,Oseberg,Source: Energy Intelligence,"COPYRIGHT © 2001-2021 ENERGY INTELLIGENCE GROUP, INC. / ENERGY INTELLIGENCE GROUP (UK) LIMITED.",2021,82.85
Norway,Johan Sverdrup,Source: Energy Intelligence,"COPYRIGHT © 2001-2021 ENERGY INTELLIGENCE GROUP, INC. / ENERGY INTELLIGENCE GROUP (UK) LIMITED.",2021,510.71
Norway,Heidrun,Source: Energy Intelligence,"COPYRIGHT © 2001-2021 ENERGY INTELLIGENCE GROUP, INC. / ENERGY INTELLIGENCE GROUP (UK) LIMITED.",2021,38.56
Norway,Gullfaks Blend,Source: Energy Intelligence,"COPYRIGHT © 2001-2021 ENERGY INTELLIGENCE GROUP, INC. / ENERGY INTELLIGENCE GROUP (UK) LIMITED.",2021,101.1
Norway,Gudrun Blend,Source: Energy Intelligence,"COPYRIGHT © 2001-2021 ENERGY INTELLIGENCE GROUP, INC. / ENERGY INTELLIGENCE GROUP (UK) LIMITED.",2021,27.53
Norway,Grane,Source: Energy Intelligence,"COPYRIGHT © 2001-2021 ENERGY INTELLIGENCE GROUP, INC. / ENERGY INTELLIGENCE GROUP (UK) LIMITED.",2021,167.28
Norway,Goliat,Source: Energy Intelligence,"COPYRIGHT © 2001-2021 ENERGY INTELLIGENCE GROUP, INC. / ENERGY INTELLIGENCE GROUP (UK) LIMITED.",2021,34.89
Norway,Ekofisk Blend,Source: Energy Intelligence,"COPYRIGHT © 2001-2021 ENERGY INTELLIGENCE GROUP, INC. / ENERGY INTELLIGENCE GROUP (UK) LIMITED.",2021,200.7
Norway,Balder,Source: Energy Intelligence,"COPYRIGHT © 2001-2021 ENERGY INTELLIGENCE GROUP, INC. / ENERGY INTELLIGENCE GROUP (UK) LIMITED.",2021,10.99
Norway,Asgard Blend,Source: Energy Intelligence,"COPYRIGHT © 2001-2021 ENERGY INTELLIGENCE GROUP, INC. / ENERGY INTELLIGENCE GROUP (UK) LIMITED.",2021,73.02
Norway,Alvheim,Source: Energy Intelligence,"COPYRIGHT © 2001-2021 ENERGY INTELLIGENCE GROUP, INC. / ENERGY INTELLIGENCE GROUP (UK) LIMITED.",2021,60.32
Norway,Troll,Source: Energy Intelligence,"COPYRIGHT © 2001-2021 ENERGY INTELLIGENCE GROUP, INC. / ENERGY INTELLIGENCE GROUP (UK) LIMITED.",2022,98
Norway,Statfjord Blend,Source: Energy Intelligence,"COPYRIGHT © 2001-2021 ENERGY INTELLIGENCE GROUP, INC. / ENERGY INTELLIGENCE GROUP (UK) LIMITED.",2022,90
Norway,Skarv,Source: Energy Intelligence,"COPYRIGHT © 2001-2021 ENERGY INTELLIGENCE GROUP, INC. / ENERGY INTELLIGENCE GROUP (UK) LIMITED.",2022,15.78
Norway,Other Crudes - Norway,Source: Energy Intelligence,"COPYRIGHT © 2001-2021 ENERGY INTELLIGENCE GROUP, INC. / ENERGY INTELLIGENCE GROUP (UK) LIMITED.",2022,1.8
Norway,Oseberg,Source: Energy Intelligence,"COPYRIGHT © 2001-2021 ENERGY INTELLIGENCE GROUP, INC. / ENERGY INTELLIGENCE GROUP (UK) LIMITED.",2022,70
Norway,Johan Sverdrup,Source: Energy Intelligence,"COPYRIGHT © 2001-2021 ENERGY INTELLIGENCE GROUP, INC. / ENERGY INTELLIGENCE GROUP (UK) LIMITED.",2022,503.4
Norway,Heidrun,Source: Energy Intelligence,"COPYRIGHT © 2001-2021 ENERGY INTELLIGENCE GROUP, INC. / ENERGY INTELLIGENCE GROUP (UK) LIMITED.",2022,32.62
Norway,Gullfaks Blend,Source: Energy Intelligence,"COPYRIGHT © 2001-2021 ENERGY INTELLIGENCE GROUP, INC. / ENERGY INTELLIGENCE GROUP (UK) LIMITED.",2022,98
Norway,Gudrun Blend,Source: Energy Intelligence,"COPYRIGHT © 2001-2021 ENERGY INTELLIGENCE GROUP, INC. / ENERGY INTELLIGENCE GROUP (UK) LIMITED.",2022,25.77
Norway,Grane,Source: Energy Intelligence,"COPYRIGHT © 2001-2021 ENERGY INTELLIGENCE GROUP, INC. / ENERGY INTELLIGENCE GROUP (UK) LIMITED.",2022,143
Norway,Goliat,Source: Energy Intelligence,"COPYRIGHT © 2001-2021 ENERGY INTELLIGENCE GROUP, INC. / ENERGY INTELLIGENCE GROUP (UK) LIMITED.",2022,33
Norway,Ekofisk Blend,Source: Energy Intelligence,"COPYRIGHT © 2001-2021 ENERGY INTELLIGENCE GROUP, INC. / ENERGY INTELLIGENCE GROUP (UK) LIMITED.",2022,196
Norway,Balder,Source: Energy Intelligence,"COPYRIGHT © 2001-2021 ENERGY INTELLIGENCE GROUP, INC. / ENERGY INTELLIGENCE GROUP (UK) LIMITED.",2022,9
Norway,Asgard Blend,Source: Energy Intelligence,"COPYRIGHT © 2001-2021 ENERGY INTELLIGENCE GROUP, INC. / ENERGY INTELLIGENCE GROUP (UK) LIMITED.",2022,64
Norway,Alvheim,Source: Energy Intelligence,"COPYRIGHT © 2001-2021 ENERGY INTELLIGENCE GROUP, INC. / ENERGY INTELLIGENCE GROUP (UK) LIMITED.",2022,47
Norway,Troll,Source: Energy Intelligence,"COPYRIGHT © 2001-2021 ENERGY INTELLIGENCE GROUP, INC. / ENERGY INTELLIGENCE GROUP (UK) LIMITED.",2023,84
Norway,Statfjord Blend,Source: Energy Intelligence,"COPYRIGHT © 2001-2021 ENERGY INTELLIGENCE GROUP, INC. / ENERGY INTELLIGENCE GROUP (UK) LIMITED.",2023,82
Norway,Skarv,Source: Energy Intelligence,"COPYRIGHT © 2001-2021 ENERGY INTELLIGENCE GROUP, INC. / ENERGY INTELLIGENCE GROUP (UK) LIMITED.",2023,0
Norway,Other Crudes - Norway,Source: Energy Intelligence,"COPYRIGHT © 2001-2021 ENERGY INTELLIGENCE GROUP, INC. / ENERGY INTELLIGENCE GROUP (UK) LIMITED.",2023,174.3
Norway,Oseberg,Source: Energy Intelligence,"COPYRIGHT © 2001-2021 ENERGY INTELLIGENCE GROUP, INC. / ENERGY INTELLIGENCE GROUP (UK) LIMITED.",2023,68
Norway,Johan Sverdrup,Source: Energy Intelligence,"COPYRIGHT © 2001-2021 ENERGY INTELLIGENCE GROUP, INC. / ENERGY INTELLIGENCE GROUP (UK) LIMITED.",2023,711
Norway,Heidrun,Source: Energy Intelligence,"COPYRIGHT © 2001-2021 ENERGY INTELLIGENCE GROUP, INC. / ENERGY INTELLIGENCE GROUP (UK) LIMITED.",2023,0
Norway,Gullfaks Blend,Source: Energy Intelligence,"COPYRIGHT © 2001-2021 ENERGY INTELLIGENCE GROUP, INC. / ENERGY INTELLIGENCE GROUP (UK) LIMITED.",2023,83
Norway,Gudrun Blend,Source: Energy Intelligence,"COPYRIGHT © 2001-2021 ENERGY INTELLIGENCE GROUP, INC. / ENERGY INTELLIGENCE GROUP (UK) LIMITED.",2023,0
Norway,Grane,Source: Energy Intelligence,"COPYRIGHT © 2001-2021 ENERGY INTELLIGENCE GROUP, INC. / ENERGY INTELLIGENCE GROUP (UK) LIMITED.",2023,136
Norway,Goliat,Source: Energy Intelligence,"COPYRIGHT © 2001-2021 ENERGY INTELLIGENCE GROUP, INC. / ENERGY INTELLIGENCE GROUP (UK) LIMITED.",2023,0
Norway,Ekofisk Blend,Source: Energy Intelligence,"COPYRIGHT © 2001-2021 ENERGY INTELLIGENCE GROUP, INC. / ENERGY INTELLIGENCE GROUP (UK) LIMITED.",2023,204
Norway,Balder,Source: Energy Intelligence,"COPYRIGHT © 2001-2021 ENERGY INTELLIGENCE GROUP, INC. / ENERGY INTELLIGENCE GROUP (UK) LIMITED.",2023,11
Norway,Asgard Blend,Source: Energy Intelligence,"COPYRIGHT © 2001-2021 ENERGY INTELLIGENCE GROUP, INC. / ENERGY INTELLIGENCE GROUP (UK) LIMITED.",2023,51
Norway,Alvheim,Source: Energy Intelligence,"COPYRIGHT © 2001-2021 ENERGY INTELLIGENCE GROUP, INC. / ENERGY INTELLIGENCE GROUP (UK) LIMITED.",2023,36
Norway,Troll,Source: Energy Intelligence,"COPYRIGHT © 2001-2021 ENERGY INTELLIGENCE GROUP, INC. / ENERGY INTELLIGENCE GROUP (UK) LIMITED.",2024,48
Norway,Statfjord Blend,Source: Energy Intelligence,"COPYRIGHT © 2001-2021 ENERGY INTELLIGENCE GROUP, INC. / ENERGY INTELLIGENCE GROUP (UK) LIMITED.",2024,57
Norway,Skarv,Source: Energy Intelligence,"COPYRIGHT © 2001-2021 ENERGY INTELLIGENCE GROUP, INC. / ENERGY INTELLIGENCE GROUP (UK) LIMITED.",2024,0
Norway,Other Crudes - Norway,Source: Energy Intelligence,"COPYRIGHT © 2001-2021 ENERGY INTELLIGENCE GROUP, INC. / ENERGY INTELLIGENCE GROUP (UK) LIMITED.",2024,129
Norway,Oseberg,Source: Energy Intelligence,"COPYRIGHT © 2001-2021 ENERGY INTELLIGENCE GROUP, INC. / ENERGY INTELLIGENCE GROUP (UK) LIMITED.",2024,64
Norway,Johan Sverdrup,Source: Energy Intelligence,"COPYRIGHT © 2001-2021 ENERGY INTELLIGENCE GROUP, INC. / ENERGY INTELLIGENCE GROUP (UK) LIMITED.",2024,714
Norway,Heidrun,Source: Energy Intelligence,"COPYRIGHT © 2001-2021 ENERGY INTELLIGENCE GROUP, INC. / ENERGY INTELLIGENCE GROUP (UK) LIMITED.",2024,0
Norway,Gullfaks Blend,Source: Energy Intelligence,"COPYRIGHT © 2001-2021 ENERGY INTELLIGENCE GROUP, INC. / ENERGY INTELLIGENCE GROUP (UK) LIMITED.",2024,69
Norway,Gudrun Blend,Source: Energy Intelligence,"COPYRIGHT © 2001-2021 ENERGY INTELLIGENCE GROUP, INC. / ENERGY INTELLIGENCE GROUP (UK) LIMITED.",2024,0
Norway,Grane,Source: Energy Intelligence,"COPYRIGHT © 2001-2021 ENERGY INTELLIGENCE GROUP, INC. / ENERGY INTELLIGENCE GROUP (UK) LIMITED.",2024,156
Norway,Goliat,Source: Energy Intelligence,"COPYRIGHT © 2001-2021 ENERGY INTELLIGENCE GROUP, INC. / ENERGY INTELLIGENCE GROUP (UK) LIMITED.",2024,0
Norway,Ekofisk Blend,Source: Energy Intelligence,"COPYRIGHT © 2001-2021 ENERGY INTELLIGENCE GROUP, INC. / ENERGY INTELLIGENCE GROUP (UK) LIMITED.",2024,202
Norway,Balder,Source: Energy Intelligence,"COPYRIGHT © 2001-2021 ENERGY INTELLIGENCE GROUP, INC. / ENERGY INTELLIGENCE GROUP (UK) LIMITED.",2024,27
Norway,Asgard Blend,Source: Energy Intelligence,"COPYRIGHT © 2001-2021 ENERGY INTELLIGENCE GROUP, INC. / ENERGY INTELLIGENCE GROUP (UK) LIMITED.",2024,51
Norway,Alvheim,Source: Energy Intelligence,"COPYRIGHT © 2001-2021 ENERGY INTELLIGENCE GROUP, INC. / ENERGY INTELLIGENCE GROUP (UK) LIMITED.",2024,50
Oman,Oman,Source: Energy Intelligence,"COPYRIGHT © 2001-2021 ENERGY INTELLIGENCE GROUP, INC. / ENERGY INTELLIGENCE GROUP (UK) LIMITED.",2006,638.36
Oman,Oman,Source: Energy Intelligence,"COPYRIGHT © 2001-2021 ENERGY INTELLIGENCE GROUP, INC. / ENERGY INTELLIGENCE GROUP (UK) LIMITED.",2007,608.22
Oman,Oman,Source: Energy Intelligence,"COPYRIGHT © 2001-2021 ENERGY INTELLIGENCE GROUP, INC. / ENERGY INTELLIGENCE GROUP (UK) LIMITED.",2008,596
Oman,Oman,Source: Energy Intelligence,"COPYRIGHT © 2001-2021 ENERGY INTELLIGENCE GROUP, INC. / ENERGY INTELLIGENCE GROUP (UK) LIMITED.",2009,665
Oman,Oman,Source: Energy Intelligence,"COPYRIGHT © 2001-2021 ENERGY INTELLIGENCE GROUP, INC. / ENERGY INTELLIGENCE GROUP (UK) LIMITED.",2010,736
Oman,Oman,Source: Energy Intelligence,"COPYRIGHT © 2001-2021 ENERGY INTELLIGENCE GROUP, INC. / ENERGY INTELLIGENCE GROUP (UK) LIMITED.",2011,738
Oman,Oman,Source: Energy Intelligence,"COPYRIGHT © 2001-2021 ENERGY INTELLIGENCE GROUP, INC. / ENERGY INTELLIGENCE GROUP (UK) LIMITED.",2012,768
Oman,Oman,Source: Energy Intelligence,"COPYRIGHT © 2001-2021 ENERGY INTELLIGENCE GROUP, INC. / ENERGY INTELLIGENCE GROUP (UK) LIMITED.",2013,838
Oman,Oman,Source: Energy Intelligence,"COPYRIGHT © 2001-2021 ENERGY INTELLIGENCE GROUP, INC. / ENERGY INTELLIGENCE GROUP (UK) LIMITED.",2014,800
Oman,Oman,Source: Energy Intelligence,"COPYRIGHT © 2001-2021 ENERGY INTELLIGENCE GROUP, INC. / ENERGY INTELLIGENCE GROUP (UK) LIMITED.",2015,788
Oman,Oman,Source: Energy Intelligence,"COPYRIGHT © 2001-2021 ENERGY INTELLIGENCE GROUP, INC. / ENERGY INTELLIGENCE GROUP (UK) LIMITED.",2016,882
Oman,Oman,Source: Energy Intelligence,"COPYRIGHT © 2001-2021 ENERGY INTELLIGENCE GROUP, INC. / ENERGY INTELLIGENCE GROUP (UK) LIMITED.",2017,806.11
Oman,Oman,Source: Energy Intelligence,"COPYRIGHT © 2001-2021 ENERGY INTELLIGENCE GROUP, INC. / ENERGY INTELLIGENCE GROUP (UK) LIMITED.",2018,793
Oman,Oman,Source: Energy Intelligence,"COPYRIGHT © 2001-2021 ENERGY INTELLIGENCE GROUP, INC. / ENERGY INTELLIGENCE GROUP (UK) LIMITED.",2019,849
Oman,Oman,Source: Energy Intelligence,"COPYRIGHT © 2001-2021 ENERGY INTELLIGENCE GROUP, INC. / ENERGY INTELLIGENCE GROUP (UK) LIMITED.",2020,780.87
Oman,Oman,Source: Energy Intelligence,"COPYRIGHT © 2001-2021 ENERGY INTELLIGENCE GROUP, INC. / ENERGY INTELLIGENCE GROUP (UK) LIMITED.",2021,790.95
Oman,Oman,Source: Energy Intelligence,"COPYRIGHT © 2001-2021 ENERGY INTELLIGENCE GROUP, INC. / ENERGY INTELLIGENCE GROUP (UK) LIMITED.",2022,875.57
Oman,Oman,Source: Energy Intelligence,"COPYRIGHT © 2001-2021 ENERGY INTELLIGENCE GROUP, INC. / ENERGY INTELLIGENCE GROUP (UK) LIMITED.",2023,850
Oman,Oman,Source: Energy Intelligence,"COPYRIGHT © 2001-2021 ENERGY INTELLIGENCE GROUP, INC. / ENERGY INTELLIGENCE GROUP (UK) LIMITED.",2024,845
Papua New Guinea,Kutubu,Source: Energy Intelligence,"COPYRIGHT © 2001-2021 ENERGY INTELLIGENCE GROUP, INC. / ENERGY INTELLIGENCE GROUP (UK) LIMITED.",2006,39.8
Papua New Guinea,Kutubu,Source: Energy Intelligence,"COPYRIGHT © 2001-2021 ENERGY INTELLIGENCE GROUP, INC. / ENERGY INTELLIGENCE GROUP (UK) LIMITED.",2007,37.8
Papua New Guinea,Kutubu,Source: Energy Intelligence,"COPYRIGHT © 2001-2021 ENERGY INTELLIGENCE GROUP, INC. / ENERGY INTELLIGENCE GROUP (UK) LIMITED.",2008,33.3
Papua New Guinea,Kutubu,Source: Energy Intelligence,"COPYRIGHT © 2001-2021 ENERGY INTELLIGENCE GROUP, INC. / ENERGY INTELLIGENCE GROUP (UK) LIMITED.",2009,34
Papua New Guinea,Kutubu,Source: Energy Intelligence,"COPYRIGHT © 2001-2021 ENERGY INTELLIGENCE GROUP, INC. / ENERGY INTELLIGENCE GROUP (UK) LIMITED.",2010,32.5
Papua New Guinea,Kutubu,Source: Energy Intelligence,"COPYRIGHT © 2001-2021 ENERGY INTELLIGENCE GROUP, INC. / ENERGY INTELLIGENCE GROUP (UK) LIMITED.",2011,31.07
Papua New Guinea,Kutubu,Source: Energy Intelligence,"COPYRIGHT © 2001-2021 ENERGY INTELLIGENCE GROUP, INC. / ENERGY INTELLIGENCE GROUP (UK) LIMITED.",2012,28.4
Papua New Guinea,Kutubu,Source: Energy Intelligence,"COPYRIGHT © 2001-2021 ENERGY INTELLIGENCE GROUP, INC. / ENERGY INTELLIGENCE GROUP (UK) LIMITED.",2013,29.61
Papua New Guinea,Kutubu,Source: Energy Intelligence,"COPYRIGHT © 2001-2021 ENERGY INTELLIGENCE GROUP, INC. / ENERGY INTELLIGENCE GROUP (UK) LIMITED.",2014,46.07
Papua New Guinea,Kutubu,Source: Energy Intelligence,"COPYRIGHT © 2001-2021 ENERGY INTELLIGENCE GROUP, INC. / ENERGY INTELLIGENCE GROUP (UK) LIMITED.",2015,56.8
Papua New Guinea,Kutubu,Source: Energy Intelligence,"COPYRIGHT © 2001-2021 ENERGY INTELLIGENCE GROUP, INC. / ENERGY INTELLIGENCE GROUP (UK) LIMITED.",2016,55.46
Papua New Guinea,Kutubu,Source: Energy Intelligence,"COPYRIGHT © 2001-2021 ENERGY INTELLIGENCE GROUP, INC. / ENERGY INTELLIGENCE GROUP (UK) LIMITED.",2017,49.99
Papua New Guinea,Other Crudes - Papua New Guinea,Source: Energy Intelligence,"COPYRIGHT © 2001-2021 ENERGY INTELLIGENCE GROUP, INC. / ENERGY INTELLIGENCE GROUP (UK) LIMITED.",2018,0
Papua New Guinea,Kutubu,Source: Energy Intelligence,"COPYRIGHT © 2001-2021 ENERGY INTELLIGENCE GROUP, INC. / ENERGY INTELLIGENCE GROUP (UK) LIMITED.",2018,35.24
Papua New Guinea,Other Crudes - Papua New Guinea,Source: Energy Intelligence,"COPYRIGHT © 2001-2021 ENERGY INTELLIGENCE GROUP, INC. / ENERGY INTELLIGENCE GROUP (UK) LIMITED.",2019,0
Papua New Guinea,Kutubu,Source: Energy Intelligence,"COPYRIGHT © 2001-2021 ENERGY INTELLIGENCE GROUP, INC. / ENERGY INTELLIGENCE GROUP (UK) LIMITED.",2019,34.73
Papua New Guinea,Other Crudes - Papua New Guinea,Source: Energy Intelligence,"COPYRIGHT © 2001-2021 ENERGY INTELLIGENCE GROUP, INC. / ENERGY INTELLIGENCE GROUP (UK) LIMITED.",2020,0
Papua New Guinea,Kutubu,Source: Energy Intelligence,"COPYRIGHT © 2001-2021 ENERGY INTELLIGENCE GROUP, INC. / ENERGY INTELLIGENCE GROUP (UK) LIMITED.",2020,38.86
Papua New Guinea,Other Crudes - Papua New Guinea,Source: Energy Intelligence,"COPYRIGHT © 2001-2021 ENERGY INTELLIGENCE GROUP, INC. / ENERGY INTELLIGENCE GROUP (UK) LIMITED.",2021,0
Papua New Guinea,Kutubu,Source: Energy Intelligence,"COPYRIGHT © 2001-2021 ENERGY INTELLIGENCE GROUP, INC. / ENERGY INTELLIGENCE GROUP (UK) LIMITED.",2021,34.7
Papua New Guinea,Kutubu,Source: Energy Intelligence,"COPYRIGHT © 2001-2021 ENERGY INTELLIGENCE GROUP, INC. / ENERGY INTELLIGENCE GROUP (UK) LIMITED.",2022,31
Papua New Guinea,Kutubu,Source: Energy Intelligence,"COPYRIGHT © 2001-2021 ENERGY INTELLIGENCE GROUP, INC. / ENERGY INTELLIGENCE GROUP (UK) LIMITED.",2023,25.67
Qatar,Qatar Marine,Source: Energy Intelligence,"COPYRIGHT © 2001-2021 ENERGY INTELLIGENCE GROUP, INC. / ENERGY INTELLIGENCE GROUP (UK) LIMITED.",2006,230
Qatar,Other Crudes - Qatar,Source: Energy Intelligence,"COPYRIGHT © 2001-2021 ENERGY INTELLIGENCE GROUP, INC. / ENERGY INTELLIGENCE GROUP (UK) LIMITED.",2006,3
Qatar,Dukhan,Source: Energy Intelligence,"COPYRIGHT © 2001-2021 ENERGY INTELLIGENCE GROUP, INC. / ENERGY INTELLIGENCE GROUP (UK) LIMITED.",2006,280
Qatar,Al-Shaheen,Source: Energy Intelligence,"COPYRIGHT © 2001-2021 ENERGY INTELLIGENCE GROUP, INC. / ENERGY INTELLIGENCE GROUP (UK) LIMITED.",2006,180
Qatar,Qatar Marine,Source: Energy Intelligence,"COPYRIGHT © 2001-2021 ENERGY INTELLIGENCE GROUP, INC. / ENERGY INTELLIGENCE GROUP (UK) LIMITED.",2007,240
Qatar,Qatar Low Sulphur Field Condensate,Source: Energy Intelligence,"COPYRIGHT © 2001-2021 ENERGY INTELLIGENCE GROUP, INC. / ENERGY INTELLIGENCE GROUP (UK) LIMITED.",2007,30
Qatar,Other Crudes - Qatar,Source: Energy Intelligence,"COPYRIGHT © 2001-2021 ENERGY INTELLIGENCE GROUP, INC. / ENERGY INTELLIGENCE GROUP (UK) LIMITED.",2007,0
Qatar,Dukhan,Source: Energy Intelligence,"COPYRIGHT © 2001-2021 ENERGY INTELLIGENCE GROUP, INC. / ENERGY INTELLIGENCE GROUP (UK) LIMITED.",2007,248
Qatar,Deodorized Field Condensate,Source: Energy Intelligence,"COPYRIGHT © 2001-2021 ENERGY INTELLIGENCE GROUP, INC. / ENERGY INTELLIGENCE GROUP (UK) LIMITED.",2007,20
Qatar,Al-Shaheen,Source: Energy Intelligence,"COPYRIGHT © 2001-2021 ENERGY INTELLIGENCE GROUP, INC. / ENERGY INTELLIGENCE GROUP (UK) LIMITED.",2007,300
Qatar,Qatar Marine,Source: Energy Intelligence,"COPYRIGHT © 2001-2021 ENERGY INTELLIGENCE GROUP, INC. / ENERGY INTELLIGENCE GROUP (UK) LIMITED.",2008,245
Qatar,Qatar Low Sulphur Field Condensate,Source: Energy Intelligence,"COPYRIGHT © 2001-2021 ENERGY INTELLIGENCE GROUP, INC. / ENERGY INTELLIGENCE GROUP (UK) LIMITED.",2008,70
Qatar,Other Crudes - Qatar,Source: Energy Intelligence,"COPYRIGHT © 2001-2021 ENERGY INTELLIGENCE GROUP, INC. / ENERGY INTELLIGENCE GROUP (UK) LIMITED.",2008,0
Qatar,Dukhan,Source: Energy Intelligence,"COPYRIGHT © 2001-2021 ENERGY INTELLIGENCE GROUP, INC. / ENERGY INTELLIGENCE GROUP (UK) LIMITED.",2008,280
Qatar,Deodorized Field Condensate,Source: Energy Intelligence,"COPYRIGHT © 2001-2021 ENERGY INTELLIGENCE GROUP, INC. / ENERGY INTELLIGENCE GROUP (UK) LIMITED.",2008,100
Qatar,Al-Shaheen,Source: Energy Intelligence,"COPYRIGHT © 2001-2021 ENERGY INTELLIGENCE GROUP, INC. / ENERGY INTELLIGENCE GROUP (UK) LIMITED.",2008,300
Qatar,Qatar Marine,Source: Energy Intelligence,"COPYRIGHT © 2001-2021 ENERGY INTELLIGENCE GROUP, INC. / ENERGY INTELLIGENCE GROUP (UK) LIMITED.",2009,225
Qatar,Qatar Low Sulphur Field Condensate,Source: Energy Intelligence,"COPYRIGHT © 2001-2021 ENERGY INTELLIGENCE GROUP, INC. / ENERGY INTELLIGENCE GROUP (UK) LIMITED.",2009,55
Qatar,Other Crudes - Qatar,Source: Energy Intelligence,"COPYRIGHT © 2001-2021 ENERGY INTELLIGENCE GROUP, INC. / ENERGY INTELLIGENCE GROUP (UK) LIMITED.",2009,10
Qatar,Dukhan,Source: Energy Intelligence,"COPYRIGHT © 2001-2021 ENERGY INTELLIGENCE GROUP, INC. / ENERGY INTELLIGENCE GROUP (UK) LIMITED.",2009,235
Qatar,Deodorized Field Condensate,Source: Energy Intelligence,"COPYRIGHT © 2001-2021 ENERGY INTELLIGENCE GROUP, INC. / ENERGY INTELLIGENCE GROUP (UK) LIMITED.",2009,100
Qatar,Al-Shaheen,Source: Energy Intelligence,"COPYRIGHT © 2001-2021 ENERGY INTELLIGENCE GROUP, INC. / ENERGY INTELLIGENCE GROUP (UK) LIMITED.",2009,195
Qatar,Qatar Marine,Source: Energy Intelligence,"COPYRIGHT © 2001-2021 ENERGY INTELLIGENCE GROUP, INC. / ENERGY INTELLIGENCE GROUP (UK) LIMITED.",2010,238
Qatar,Qatar Low Sulphur Field Condensate,Source: Energy Intelligence,"COPYRIGHT © 2001-2021 ENERGY INTELLIGENCE GROUP, INC. / ENERGY INTELLIGENCE GROUP (UK) LIMITED.",2010,52
Qatar,Other Crudes - Qatar,Source: Energy Intelligence,"COPYRIGHT © 2001-2021 ENERGY INTELLIGENCE GROUP, INC. / ENERGY INTELLIGENCE GROUP (UK) LIMITED.",2010,0
Qatar,Dukhan,Source: Energy Intelligence,"COPYRIGHT © 2001-2021 ENERGY INTELLIGENCE GROUP, INC. / ENERGY INTELLIGENCE GROUP (UK) LIMITED.",2010,235
Qatar,Deodorized Field Condensate,Source: Energy Intelligence,"COPYRIGHT © 2001-2021 ENERGY INTELLIGENCE GROUP, INC. / ENERGY INTELLIGENCE GROUP (UK) LIMITED.",2010,133
Qatar,Al-Shaheen,Source: Energy Intelligence,"COPYRIGHT © 2001-2021 ENERGY INTELLIGENCE GROUP, INC. / ENERGY INTELLIGENCE GROUP (UK) LIMITED.",2010,257
Qatar,Qatar Marine,Source: Energy Intelligence,"COPYRIGHT © 2001-2021 ENERGY INTELLIGENCE GROUP, INC. / ENERGY INTELLIGENCE GROUP (UK) LIMITED.",2011,165
Qatar,Qatar Low Sulphur Field Condensate,Source: Energy Intelligence,"COPYRIGHT © 2001-2021 ENERGY INTELLIGENCE GROUP, INC. / ENERGY INTELLIGENCE GROUP (UK) LIMITED.",2011,110
Qatar,Other Crudes - Qatar,Source: Energy Intelligence,"COPYRIGHT © 2001-2021 ENERGY INTELLIGENCE GROUP, INC. / ENERGY INTELLIGENCE GROUP (UK) LIMITED.",2011,8
Qatar,Dukhan,Source: Energy Intelligence,"COPYRIGHT © 2001-2021 ENERGY INTELLIGENCE GROUP, INC. / ENERGY INTELLIGENCE GROUP (UK) LIMITED.",2011,187
Qatar,Deodorized Field Condensate,Source: Energy Intelligence,"COPYRIGHT © 2001-2021 ENERGY INTELLIGENCE GROUP, INC. / ENERGY INTELLIGENCE GROUP (UK) LIMITED.",2011,270
Qatar,Al-Shaheen,Source: Energy Intelligence,"COPYRIGHT © 2001-2021 ENERGY INTELLIGENCE GROUP, INC. / ENERGY INTELLIGENCE GROUP (UK) LIMITED.",2011,221
Qatar,Qatar Marine,Source: Energy Intelligence,"COPYRIGHT © 2001-2021 ENERGY INTELLIGENCE GROUP, INC. / ENERGY INTELLIGENCE GROUP (UK) LIMITED.",2012,184
Qatar,Qatar Low Sulphur Field Condensate,Source: Energy Intelligence,"COPYRIGHT © 2001-2021 ENERGY INTELLIGENCE GROUP, INC. / ENERGY INTELLIGENCE GROUP (UK) LIMITED.",2012,120
Qatar,Other Crudes - Qatar,Source: Energy Intelligence,"COPYRIGHT © 2001-2021 ENERGY INTELLIGENCE GROUP, INC. / ENERGY INTELLIGENCE GROUP (UK) LIMITED.",2012,9.6
Qatar,Dukhan,Source: Energy Intelligence,"COPYRIGHT © 2001-2021 ENERGY INTELLIGENCE GROUP, INC. / ENERGY INTELLIGENCE GROUP (UK) LIMITED.",2012,128
Qatar,Deodorized Field Condensate,Source: Energy Intelligence,"COPYRIGHT © 2001-2021 ENERGY INTELLIGENCE GROUP, INC. / ENERGY INTELLIGENCE GROUP (UK) LIMITED.",2012,312
Qatar,Al-Shaheen,Source: Energy Intelligence,"COPYRIGHT © 2001-2021 ENERGY INTELLIGENCE GROUP, INC. / ENERGY INTELLIGENCE GROUP (UK) LIMITED.",2012,268.4
Qatar,Qatar Marine,Source: Energy Intelligence,"COPYRIGHT © 2001-2021 ENERGY INTELLIGENCE GROUP, INC. / ENERGY INTELLIGENCE GROUP (UK) LIMITED.",2013,187
Qatar,Qatar Low Sulphur Field Condensate,Source: Energy Intelligence,"COPYRIGHT © 2001-2021 ENERGY INTELLIGENCE GROUP, INC. / ENERGY INTELLIGENCE GROUP (UK) LIMITED.",2013,120
Qatar,Other Crudes - Qatar,Source: Energy Intelligence,"COPYRIGHT © 2001-2021 ENERGY INTELLIGENCE GROUP, INC. / ENERGY INTELLIGENCE GROUP (UK) LIMITED.",2013,13
Qatar,Dukhan,Source: Energy Intelligence,"COPYRIGHT © 2001-2021 ENERGY INTELLIGENCE GROUP, INC. / ENERGY INTELLIGENCE GROUP (UK) LIMITED.",2013,128
Qatar,Deodorized Field Condensate,Source: Energy Intelligence,"COPYRIGHT © 2001-2021 ENERGY INTELLIGENCE GROUP, INC. / ENERGY INTELLIGENCE GROUP (UK) LIMITED.",2013,312
Qatar,Al-Shaheen,Source: Energy Intelligence,"COPYRIGHT © 2001-2021 ENERGY INTELLIGENCE GROUP, INC. / ENERGY INTELLIGENCE GROUP (UK) LIMITED.",2013,270
Qatar,Qatar Marine,Source: Energy Intelligence,"COPYRIGHT © 2001-2021 ENERGY INTELLIGENCE GROUP, INC. / ENERGY INTELLIGENCE GROUP (UK) LIMITED.",2014,187
Qatar,Qatar Low Sulphur Field Condensate,Source: Energy Intelligence,"COPYRIGHT © 2001-2021 ENERGY INTELLIGENCE GROUP, INC. / ENERGY INTELLIGENCE GROUP (UK) LIMITED.",2014,130
Qatar,Other Crudes - Qatar,Source: Energy Intelligence,"COPYRIGHT © 2001-2021 ENERGY INTELLIGENCE GROUP, INC. / ENERGY INTELLIGENCE GROUP (UK) LIMITED.",2014,12
Qatar,Dukhan,Source: Energy Intelligence,"COPYRIGHT © 2001-2021 ENERGY INTELLIGENCE GROUP, INC. / ENERGY INTELLIGENCE GROUP (UK) LIMITED.",2014,128
Qatar,Deodorized Field Condensate,Source: Energy Intelligence,"COPYRIGHT © 2001-2021 ENERGY INTELLIGENCE GROUP, INC. / ENERGY INTELLIGENCE GROUP (UK) LIMITED.",2014,370
Qatar,Al-Shaheen,Source: Energy Intelligence,"COPYRIGHT © 2001-2021 ENERGY INTELLIGENCE GROUP, INC. / ENERGY INTELLIGENCE GROUP (UK) LIMITED.",2014,268
Qatar,Qatar Marine,Source: Energy Intelligence,"COPYRIGHT © 2001-2021 ENERGY INTELLIGENCE GROUP, INC. / ENERGY INTELLIGENCE GROUP (UK) LIMITED.",2015,140
Qatar,Qatar Low Sulphur Field Condensate,Source: Energy Intelligence,"COPYRIGHT © 2001-2021 ENERGY INTELLIGENCE GROUP, INC. / ENERGY INTELLIGENCE GROUP (UK) LIMITED.",2015,130
Qatar,Other Crudes - Qatar,Source: Energy Intelligence,"COPYRIGHT © 2001-2021 ENERGY INTELLIGENCE GROUP, INC. / ENERGY INTELLIGENCE GROUP (UK) LIMITED.",2015,0
Qatar,Dukhan,Source: Energy Intelligence,"COPYRIGHT © 2001-2021 ENERGY INTELLIGENCE GROUP, INC. / ENERGY INTELLIGENCE GROUP (UK) LIMITED.",2015,110
Qatar,Deodorized Field Condensate,Source: Energy Intelligence,"COPYRIGHT © 2001-2021 ENERGY INTELLIGENCE GROUP, INC. / ENERGY INTELLIGENCE GROUP (UK) LIMITED.",2015,370
Qatar,Al-Shaheen,Source: Energy Intelligence,"COPYRIGHT © 2001-2021 ENERGY INTELLIGENCE GROUP, INC. / ENERGY INTELLIGENCE GROUP (UK) LIMITED.",2015,240
Qatar,Qatar Marine,Source: Energy Intelligence,"COPYRIGHT © 2001-2021 ENERGY INTELLIGENCE GROUP, INC. / ENERGY INTELLIGENCE GROUP (UK) LIMITED.",2016,123.77
Qatar,Qatar Low Sulphur Field Condensate,Source: Energy Intelligence,"COPYRIGHT © 2001-2021 ENERGY INTELLIGENCE GROUP, INC. / ENERGY INTELLIGENCE GROUP (UK) LIMITED.",2016,130
Qatar,Other Crudes - Qatar,Source: Energy Intelligence,"COPYRIGHT © 2001-2021 ENERGY INTELLIGENCE GROUP, INC. / ENERGY INTELLIGENCE GROUP (UK) LIMITED.",2016,37.16
Qatar,Dukhan,Source: Energy Intelligence,"COPYRIGHT © 2001-2021 ENERGY INTELLIGENCE GROUP, INC. / ENERGY INTELLIGENCE GROUP (UK) LIMITED.",2016,102.1
Qatar,Deodorized Field Condensate,Source: Energy Intelligence,"COPYRIGHT © 2001-2021 ENERGY INTELLIGENCE GROUP, INC. / ENERGY INTELLIGENCE GROUP (UK) LIMITED.",2016,370
Qatar,Al-Shaheen,Source: Energy Intelligence,"COPYRIGHT © 2001-2021 ENERGY INTELLIGENCE GROUP, INC. / ENERGY INTELLIGENCE GROUP (UK) LIMITED.",2016,240
Qatar,Qatar Marine,Source: Energy Intelligence,"COPYRIGHT © 2001-2021 ENERGY INTELLIGENCE GROUP, INC. / ENERGY INTELLIGENCE GROUP (UK) LIMITED.",2017,122.54
Qatar,Qatar Low Sulphur Field Condensate,Source: Energy Intelligence,"COPYRIGHT © 2001-2021 ENERGY INTELLIGENCE GROUP, INC. / ENERGY INTELLIGENCE GROUP (UK) LIMITED.",2017,130
Qatar,Other Crudes - Qatar,Source: Energy Intelligence,"COPYRIGHT © 2001-2021 ENERGY INTELLIGENCE GROUP, INC. / ENERGY INTELLIGENCE GROUP (UK) LIMITED.",2017,66.86
Qatar,Dukhan,Source: Energy Intelligence,"COPYRIGHT © 2001-2021 ENERGY INTELLIGENCE GROUP, INC. / ENERGY INTELLIGENCE GROUP (UK) LIMITED.",2017,101
Qatar,Deodorized Field Condensate,Source: Energy Intelligence,"COPYRIGHT © 2001-2021 ENERGY INTELLIGENCE GROUP, INC. / ENERGY INTELLIGENCE GROUP (UK) LIMITED.",2017,220
Qatar,Al-Shaheen,Source: Energy Intelligence,"COPYRIGHT © 2001-2021 ENERGY INTELLIGENCE GROUP, INC. / ENERGY INTELLIGENCE GROUP (UK) LIMITED.",2017,225.6
Qatar,Qatar Marine,Source: Energy Intelligence,"COPYRIGHT © 2001-2021 ENERGY INTELLIGENCE GROUP, INC. / ENERGY INTELLIGENCE GROUP (UK) LIMITED.",2018,120.62
Qatar,Qatar Low Sulphur Field Condensate,Source: Energy Intelligence,"COPYRIGHT © 2001-2021 ENERGY INTELLIGENCE GROUP, INC. / ENERGY INTELLIGENCE GROUP (UK) LIMITED.",2018,130
Qatar,Other Crudes - Qatar,Source: Energy Intelligence,"COPYRIGHT © 2001-2021 ENERGY INTELLIGENCE GROUP, INC. / ENERGY INTELLIGENCE GROUP (UK) LIMITED.",2018,95.6
Qatar,Dukhan,Source: Energy Intelligence,"COPYRIGHT © 2001-2021 ENERGY INTELLIGENCE GROUP, INC. / ENERGY INTELLIGENCE GROUP (UK) LIMITED.",2018,101
Qatar,Deodorized Field Condensate,Source: Energy Intelligence,"COPYRIGHT © 2001-2021 ENERGY INTELLIGENCE GROUP, INC. / ENERGY INTELLIGENCE GROUP (UK) LIMITED.",2018,220
Qatar,Al-Shaheen,Source: Energy Intelligence,"COPYRIGHT © 2001-2021 ENERGY INTELLIGENCE GROUP, INC. / ENERGY INTELLIGENCE GROUP (UK) LIMITED.",2018,210.1
Qatar,Qatar Marine,Source: Energy Intelligence,"COPYRIGHT © 2001-2021 ENERGY INTELLIGENCE GROUP, INC. / ENERGY INTELLIGENCE GROUP (UK) LIMITED.",2019,110.82
Qatar,Qatar Low Sulphur Field Condensate,Source: Energy Intelligence,"COPYRIGHT © 2001-2021 ENERGY INTELLIGENCE GROUP, INC. / ENERGY INTELLIGENCE GROUP (UK) LIMITED.",2019,130
Qatar,Other Crudes - Qatar,Source: Energy Intelligence,"COPYRIGHT © 2001-2021 ENERGY INTELLIGENCE GROUP, INC. / ENERGY INTELLIGENCE GROUP (UK) LIMITED.",2019,119.48
Qatar,Dukhan,Source: Energy Intelligence,"COPYRIGHT © 2001-2021 ENERGY INTELLIGENCE GROUP, INC. / ENERGY INTELLIGENCE GROUP (UK) LIMITED.",2019,101
Qatar,Deodorized Field Condensate,Source: Energy Intelligence,"COPYRIGHT © 2001-2021 ENERGY INTELLIGENCE GROUP, INC. / ENERGY INTELLIGENCE GROUP (UK) LIMITED.",2019,220
Qatar,Al-Shaheen,Source: Energy Intelligence,"COPYRIGHT © 2001-2021 ENERGY INTELLIGENCE GROUP, INC. / ENERGY INTELLIGENCE GROUP (UK) LIMITED.",2019,203.54
Qatar,Qatar Marine,Source: Energy Intelligence,"COPYRIGHT © 2001-2021 ENERGY INTELLIGENCE GROUP, INC. / ENERGY INTELLIGENCE GROUP (UK) LIMITED.",2020,110.82
Qatar,Qatar Low Sulphur Field Condensate,Source: Energy Intelligence,"COPYRIGHT © 2001-2021 ENERGY INTELLIGENCE GROUP, INC. / ENERGY INTELLIGENCE GROUP (UK) LIMITED.",2020,115
Qatar,Other Crudes - Qatar,Source: Energy Intelligence,"COPYRIGHT © 2001-2021 ENERGY INTELLIGENCE GROUP, INC. / ENERGY INTELLIGENCE GROUP (UK) LIMITED.",2020,127.75
Qatar,Dukhan,Source: Energy Intelligence,"COPYRIGHT © 2001-2021 ENERGY INTELLIGENCE GROUP, INC. / ENERGY INTELLIGENCE GROUP (UK) LIMITED.",2020,112
Qatar,Deodorized Field Condensate,Source: Energy Intelligence,"COPYRIGHT © 2001-2021 ENERGY INTELLIGENCE GROUP, INC. / ENERGY INTELLIGENCE GROUP (UK) LIMITED.",2020,220
Qatar,Al-Shaheen,Source: Energy Intelligence,"COPYRIGHT © 2001-2021 ENERGY INTELLIGENCE GROUP, INC. / ENERGY INTELLIGENCE GROUP (UK) LIMITED.",2020,192
Qatar,Qatar Marine,Source: Energy Intelligence,"COPYRIGHT © 2001-2021 ENERGY INTELLIGENCE GROUP, INC. / ENERGY INTELLIGENCE GROUP (UK) LIMITED.",2021,105
Qatar,Qatar Low Sulphur Field Condensate,Source: Energy Intelligence,"COPYRIGHT © 2001-2021 ENERGY INTELLIGENCE GROUP, INC. / ENERGY INTELLIGENCE GROUP (UK) LIMITED.",2021,110
Qatar,Other Crudes - Qatar,Source: Energy Intelligence,"COPYRIGHT © 2001-2021 ENERGY INTELLIGENCE GROUP, INC. / ENERGY INTELLIGENCE GROUP (UK) LIMITED.",2021,36.45
Qatar,Dukhan,Source: Energy Intelligence,"COPYRIGHT © 2001-2021 ENERGY INTELLIGENCE GROUP, INC. / ENERGY INTELLIGENCE GROUP (UK) LIMITED.",2021,112
Qatar,Deodorized Field Condensate,Source: Energy Intelligence,"COPYRIGHT © 2001-2021 ENERGY INTELLIGENCE GROUP, INC. / ENERGY INTELLIGENCE GROUP (UK) LIMITED.",2021,160
Qatar,Al-Shaheen,Source: Energy Intelligence,"COPYRIGHT © 2001-2021 ENERGY INTELLIGENCE GROUP, INC. / ENERGY INTELLIGENCE GROUP (UK) LIMITED.",2021,221
Qatar,Qatar Marine,Source: Energy Intelligence,"COPYRIGHT © 2001-2021 ENERGY INTELLIGENCE GROUP, INC. / ENERGY INTELLIGENCE GROUP (UK) LIMITED.",2022,130
Qatar,Qatar Low Sulphur Field Condensate,Source: Energy Intelligence,"COPYRIGHT © 2001-2021 ENERGY INTELLIGENCE GROUP, INC. / ENERGY INTELLIGENCE GROUP (UK) LIMITED.",2022,110
Qatar,Other Crudes - Qatar,Source: Energy Intelligence,"COPYRIGHT © 2001-2021 ENERGY INTELLIGENCE GROUP, INC. / ENERGY INTELLIGENCE GROUP (UK) LIMITED.",2022,32.13
Qatar,Dukhan,Source: Energy Intelligence,"COPYRIGHT © 2001-2021 ENERGY INTELLIGENCE GROUP, INC. / ENERGY INTELLIGENCE GROUP (UK) LIMITED.",2022,125
Qatar,Deodorized Field Condensate,Source: Energy Intelligence,"COPYRIGHT © 2001-2021 ENERGY INTELLIGENCE GROUP, INC. / ENERGY INTELLIGENCE GROUP (UK) LIMITED.",2022,140
Qatar,Al-Shaheen,Source: Energy Intelligence,"COPYRIGHT © 2001-2021 ENERGY INTELLIGENCE GROUP, INC. / ENERGY INTELLIGENCE GROUP (UK) LIMITED.",2022,250
Qatar,Qatar Marine,Source: Energy Intelligence,"COPYRIGHT © 2001-2021 ENERGY INTELLIGENCE GROUP, INC. / ENERGY INTELLIGENCE GROUP (UK) LIMITED.",2023,120
Qatar,Qatar Low Sulphur Field Condensate,Source: Energy Intelligence,"COPYRIGHT © 2001-2021 ENERGY INTELLIGENCE GROUP, INC. / ENERGY INTELLIGENCE GROUP (UK) LIMITED.",2023,100
Qatar,Other Crudes - Qatar,Source: Energy Intelligence,"COPYRIGHT © 2001-2021 ENERGY INTELLIGENCE GROUP, INC. / ENERGY INTELLIGENCE GROUP (UK) LIMITED.",2023,59
Qatar,Dukhan,Source: Energy Intelligence,"COPYRIGHT © 2001-2021 ENERGY INTELLIGENCE GROUP, INC. / ENERGY INTELLIGENCE GROUP (UK) LIMITED.",2023,128
Qatar,Deodorized Field Condensate,Source: Energy Intelligence,"COPYRIGHT © 2001-2021 ENERGY INTELLIGENCE GROUP, INC. / ENERGY INTELLIGENCE GROUP (UK) LIMITED.",2023,150
Qatar,Al-Shaheen,Source: Energy Intelligence,"COPYRIGHT © 2001-2021 ENERGY INTELLIGENCE GROUP, INC. / ENERGY INTELLIGENCE GROUP (UK) LIMITED.",2023,270
Qatar,Qatar Marine,Source: Energy Intelligence,"COPYRIGHT © 2001-2021 ENERGY INTELLIGENCE GROUP, INC. / ENERGY INTELLIGENCE GROUP (UK) LIMITED.",2024,130
Qatar,Qatar Low Sulphur Field Condensate,Source: Energy Intelligence,"COPYRIGHT © 2001-2021 ENERGY INTELLIGENCE GROUP, INC. / ENERGY INTELLIGENCE GROUP (UK) LIMITED.",2024,95
Qatar,Other Crudes - Qatar,Source: Energy Intelligence,"COPYRIGHT © 2001-2021 ENERGY INTELLIGENCE GROUP, INC. / ENERGY INTELLIGENCE GROUP (UK) LIMITED.",2024,66
Qatar,Dukhan,Source: Energy Intelligence,"COPYRIGHT © 2001-2021 ENERGY INTELLIGENCE GROUP, INC. / ENERGY INTELLIGENCE GROUP (UK) LIMITED.",2024,125
Qatar,Deodorized Field Condensate,Source: Energy Intelligence,"COPYRIGHT © 2001-2021 ENERGY INTELLIGENCE GROUP, INC. / ENERGY INTELLIGENCE GROUP (UK) LIMITED.",2024,140
Qatar,Al-Shaheen,Source: Energy Intelligence,"COPYRIGHT © 2001-2021 ENERGY INTELLIGENCE GROUP, INC. / ENERGY INTELLIGENCE GROUP (UK) LIMITED.",2024,280
Russia,Vityaz,Source: Energy Intelligence,"COPYRIGHT © 2001-2021 ENERGY INTELLIGENCE GROUP, INC. / ENERGY INTELLIGENCE GROUP (UK) LIMITED.",2006,32
Russia,Urals,Source: Energy Intelligence,"COPYRIGHT © 2001-2021 ENERGY INTELLIGENCE GROUP, INC. / ENERGY INTELLIGENCE GROUP (UK) LIMITED.",2006,3716
Russia,Sokol,Source: Energy Intelligence,"COPYRIGHT © 2001-2021 ENERGY INTELLIGENCE GROUP, INC. / ENERGY INTELLIGENCE GROUP (UK) LIMITED.",2006,40
Russia,Siberian Light,Source: Energy Intelligence,"COPYRIGHT © 2001-2021 ENERGY INTELLIGENCE GROUP, INC. / ENERGY INTELLIGENCE GROUP (UK) LIMITED.",2006,100
Russia,Other Crudes - Russia,Source: Energy Intelligence,"COPYRIGHT © 2001-2021 ENERGY INTELLIGENCE GROUP, INC. / ENERGY INTELLIGENCE GROUP (UK) LIMITED.",2006,907.77
Russia,Vityaz,Source: Energy Intelligence,"COPYRIGHT © 2001-2021 ENERGY INTELLIGENCE GROUP, INC. / ENERGY INTELLIGENCE GROUP (UK) LIMITED.",2007,34
Russia,Urals,Source: Energy Intelligence,"COPYRIGHT © 2001-2021 ENERGY INTELLIGENCE GROUP, INC. / ENERGY INTELLIGENCE GROUP (UK) LIMITED.",2007,3616
Russia,Sokol,Source: Energy Intelligence,"COPYRIGHT © 2001-2021 ENERGY INTELLIGENCE GROUP, INC. / ENERGY INTELLIGENCE GROUP (UK) LIMITED.",2007,224
Russia,Siberian Light,Source: Energy Intelligence,"COPYRIGHT © 2001-2021 ENERGY INTELLIGENCE GROUP, INC. / ENERGY INTELLIGENCE GROUP (UK) LIMITED.",2007,90
Russia,Other Crudes - Russia,Source: Energy Intelligence,"COPYRIGHT © 2001-2021 ENERGY INTELLIGENCE GROUP, INC. / ENERGY INTELLIGENCE GROUP (UK) LIMITED.",2007,974.83
Russia,YK Blend,Source: Energy Intelligence,"COPYRIGHT © 2001-2021 ENERGY INTELLIGENCE GROUP, INC. / ENERGY INTELLIGENCE GROUP (UK) LIMITED.",2008,39.16
Russia,Vityaz,Source: Energy Intelligence,"COPYRIGHT © 2001-2021 ENERGY INTELLIGENCE GROUP, INC. / ENERGY INTELLIGENCE GROUP (UK) LIMITED.",2008,29
Russia,Urals,Source: Energy Intelligence,"COPYRIGHT © 2001-2021 ENERGY INTELLIGENCE GROUP, INC. / ENERGY INTELLIGENCE GROUP (UK) LIMITED.",2008,3416
Russia,Sokol,Source: Energy Intelligence,"COPYRIGHT © 2001-2021 ENERGY INTELLIGENCE GROUP, INC. / ENERGY INTELLIGENCE GROUP (UK) LIMITED.",2008,192
Russia,Siberian Light,Source: Energy Intelligence,"COPYRIGHT © 2001-2021 ENERGY INTELLIGENCE GROUP, INC. / ENERGY INTELLIGENCE GROUP (UK) LIMITED.",2008,79
Russia,Other Crudes - Russia,Source: Energy Intelligence,"COPYRIGHT © 2001-2021 ENERGY INTELLIGENCE GROUP, INC. / ENERGY INTELLIGENCE GROUP (UK) LIMITED.",2008,941.8
Russia,YK Blend,Source: Energy Intelligence,"COPYRIGHT © 2001-2021 ENERGY INTELLIGENCE GROUP, INC. / ENERGY INTELLIGENCE GROUP (UK) LIMITED.",2009,152
Russia,Vityaz,Source: Energy Intelligence,"COPYRIGHT © 2001-2021 ENERGY INTELLIGENCE GROUP, INC. / ENERGY INTELLIGENCE GROUP (UK) LIMITED.",2009,110
Russia,Urals,Source: Energy Intelligence,"COPYRIGHT © 2001-2021 ENERGY INTELLIGENCE GROUP, INC. / ENERGY INTELLIGENCE GROUP (UK) LIMITED.",2009,3640
Russia,Sokol,Source: Energy Intelligence,"COPYRIGHT © 2001-2021 ENERGY INTELLIGENCE GROUP, INC. / ENERGY INTELLIGENCE GROUP (UK) LIMITED.",2009,165
Russia,Siberian Light,Source: Energy Intelligence,"COPYRIGHT © 2001-2021 ENERGY INTELLIGENCE GROUP, INC. / ENERGY INTELLIGENCE GROUP (UK) LIMITED.",2009,84
Russia,Other Crudes - Russia,Source: Energy Intelligence,"COPYRIGHT © 2001-2021 ENERGY INTELLIGENCE GROUP, INC. / ENERGY INTELLIGENCE GROUP (UK) LIMITED.",2009,698.55
Russia,Espo Blend,Source: Energy Intelligence,"COPYRIGHT © 2001-2021 ENERGY INTELLIGENCE GROUP, INC. / ENERGY INTELLIGENCE GROUP (UK) LIMITED.",2009,10
Russia,YK Blend,Source: Energy Intelligence,"COPYRIGHT © 2001-2021 ENERGY INTELLIGENCE GROUP, INC. / ENERGY INTELLIGENCE GROUP (UK) LIMITED.",2010,149
Russia,Vityaz,Source: Energy Intelligence,"COPYRIGHT © 2001-2021 ENERGY INTELLIGENCE GROUP, INC. / ENERGY INTELLIGENCE GROUP (UK) LIMITED.",2010,128.8
Russia,Urals,Source: Energy Intelligence,"COPYRIGHT © 2001-2021 ENERGY INTELLIGENCE GROUP, INC. / ENERGY INTELLIGENCE GROUP (UK) LIMITED.",2010,3771
Russia,Sokol,Source: Energy Intelligence,"COPYRIGHT © 2001-2021 ENERGY INTELLIGENCE GROUP, INC. / ENERGY INTELLIGENCE GROUP (UK) LIMITED.",2010,141
Russia,Siberian Light,Source: Energy Intelligence,"COPYRIGHT © 2001-2021 ENERGY INTELLIGENCE GROUP, INC. / ENERGY INTELLIGENCE GROUP (UK) LIMITED.",2010,99
Russia,Other Crudes - Russia,Source: Energy Intelligence,"COPYRIGHT © 2001-2021 ENERGY INTELLIGENCE GROUP, INC. / ENERGY INTELLIGENCE GROUP (UK) LIMITED.",2010,272.2
Russia,Espo Blend,Source: Energy Intelligence,"COPYRIGHT © 2001-2021 ENERGY INTELLIGENCE GROUP, INC. / ENERGY INTELLIGENCE GROUP (UK) LIMITED.",2010,308
Russia,YK Blend,Source: Energy Intelligence,"COPYRIGHT © 2001-2021 ENERGY INTELLIGENCE GROUP, INC. / ENERGY INTELLIGENCE GROUP (UK) LIMITED.",2011,80
Russia,Vityaz,Source: Energy Intelligence,"COPYRIGHT © 2001-2021 ENERGY INTELLIGENCE GROUP, INC. / ENERGY INTELLIGENCE GROUP (UK) LIMITED.",2011,115.7
Russia,Urals,Source: Energy Intelligence,"COPYRIGHT © 2001-2021 ENERGY INTELLIGENCE GROUP, INC. / ENERGY INTELLIGENCE GROUP (UK) LIMITED.",2011,3694.48
Russia,Sokol,Source: Energy Intelligence,"COPYRIGHT © 2001-2021 ENERGY INTELLIGENCE GROUP, INC. / ENERGY INTELLIGENCE GROUP (UK) LIMITED.",2011,158.6
Russia,Siberian Light,Source: Energy Intelligence,"COPYRIGHT © 2001-2021 ENERGY INTELLIGENCE GROUP, INC. / ENERGY INTELLIGENCE GROUP (UK) LIMITED.",2011,75.2
Russia,Other Crudes - Russia,Source: Energy Intelligence,"COPYRIGHT © 2001-2021 ENERGY INTELLIGENCE GROUP, INC. / ENERGY INTELLIGENCE GROUP (UK) LIMITED.",2011,124.66
Russia,Espo Blend,Source: Energy Intelligence,"COPYRIGHT © 2001-2021 ENERGY INTELLIGENCE GROUP, INC. / ENERGY INTELLIGENCE GROUP (UK) LIMITED.",2011,606.4
Russia,YK Blend,Source: Energy Intelligence,"COPYRIGHT © 2001-2021 ENERGY INTELLIGENCE GROUP, INC. / ENERGY INTELLIGENCE GROUP (UK) LIMITED.",2012,37.4
Russia,Vityaz,Source: Energy Intelligence,"COPYRIGHT © 2001-2021 ENERGY INTELLIGENCE GROUP, INC. / ENERGY INTELLIGENCE GROUP (UK) LIMITED.",2012,110.3
Russia,Urals,Source: Energy Intelligence,"COPYRIGHT © 2001-2021 ENERGY INTELLIGENCE GROUP, INC. / ENERGY INTELLIGENCE GROUP (UK) LIMITED.",2012,3690.7
Russia,Sokol,Source: Energy Intelligence,"COPYRIGHT © 2001-2021 ENERGY INTELLIGENCE GROUP, INC. / ENERGY INTELLIGENCE GROUP (UK) LIMITED.",2012,142.1
Russia,Siberian Light,Source: Energy Intelligence,"COPYRIGHT © 2001-2021 ENERGY INTELLIGENCE GROUP, INC. / ENERGY INTELLIGENCE GROUP (UK) LIMITED.",2012,60.2
Russia,Other Crudes - Russia,Source: Energy Intelligence,"COPYRIGHT © 2001-2021 ENERGY INTELLIGENCE GROUP, INC. / ENERGY INTELLIGENCE GROUP (UK) LIMITED.",2012,102.34
Russia,Espo Blend,Source: Energy Intelligence,"COPYRIGHT © 2001-2021 ENERGY INTELLIGENCE GROUP, INC. / ENERGY INTELLIGENCE GROUP (UK) LIMITED.",2012,627
Russia,Vityaz,Source: Energy Intelligence,"COPYRIGHT © 2001-2021 ENERGY INTELLIGENCE GROUP, INC. / ENERGY INTELLIGENCE GROUP (UK) LIMITED.",2013,107.81
Russia,Varandey,Source: Energy Intelligence,"COPYRIGHT © 2001-2021 ENERGY INTELLIGENCE GROUP, INC. / ENERGY INTELLIGENCE GROUP (UK) LIMITED.",2013,23.08
Russia,Urals,Source: Energy Intelligence,"COPYRIGHT © 2001-2021 ENERGY INTELLIGENCE GROUP, INC. / ENERGY INTELLIGENCE GROUP (UK) LIMITED.",2013,3309.63
Russia,Sokol,Source: Energy Intelligence,"COPYRIGHT © 2001-2021 ENERGY INTELLIGENCE GROUP, INC. / ENERGY INTELLIGENCE GROUP (UK) LIMITED.",2013,141.01
Russia,Siberian Light,Source: Energy Intelligence,"COPYRIGHT © 2001-2021 ENERGY INTELLIGENCE GROUP, INC. / ENERGY INTELLIGENCE GROUP (UK) LIMITED.",2013,54.62
Russia,Other Crudes - Russia,Source: Energy Intelligence,"COPYRIGHT © 2001-2021 ENERGY INTELLIGENCE GROUP, INC. / ENERGY INTELLIGENCE GROUP (UK) LIMITED.",2013,317.26
Russia,Espo Blend,Source: Energy Intelligence,"COPYRIGHT © 2001-2021 ENERGY INTELLIGENCE GROUP, INC. / ENERGY INTELLIGENCE GROUP (UK) LIMITED.",2013,743.96
Russia,Vityaz,Source: Energy Intelligence,"COPYRIGHT © 2001-2021 ENERGY INTELLIGENCE GROUP, INC. / ENERGY INTELLIGENCE GROUP (UK) LIMITED.",2014,104.58
Russia,Varandey,Source: Energy Intelligence,"COPYRIGHT © 2001-2021 ENERGY INTELLIGENCE GROUP, INC. / ENERGY INTELLIGENCE GROUP (UK) LIMITED.",2014,100.64
Russia,Urals,Source: Energy Intelligence,"COPYRIGHT © 2001-2021 ENERGY INTELLIGENCE GROUP, INC. / ENERGY INTELLIGENCE GROUP (UK) LIMITED.",2014,3031.99
Russia,Sokol,Source: Energy Intelligence,"COPYRIGHT © 2001-2021 ENERGY INTELLIGENCE GROUP, INC. / ENERGY INTELLIGENCE GROUP (UK) LIMITED.",2014,157.54
Russia,Siberian Light,Source: Energy Intelligence,"COPYRIGHT © 2001-2021 ENERGY INTELLIGENCE GROUP, INC. / ENERGY INTELLIGENCE GROUP (UK) LIMITED.",2014,61.83
Russia,Other Crudes - Russia,Source: Energy Intelligence,"COPYRIGHT © 2001-2021 ENERGY INTELLIGENCE GROUP, INC. / ENERGY INTELLIGENCE GROUP (UK) LIMITED.",2014,127.87
Russia,Espo Blend,Source: Energy Intelligence,"COPYRIGHT © 2001-2021 ENERGY INTELLIGENCE GROUP, INC. / ENERGY INTELLIGENCE GROUP (UK) LIMITED.",2014,813.38
Russia,Varandey,Source: Energy Intelligence,"COPYRIGHT © 2001-2021 ENERGY INTELLIGENCE GROUP, INC. / ENERGY INTELLIGENCE GROUP (UK) LIMITED.",2015,110.14
Russia,Urals,Source: Energy Intelligence,"COPYRIGHT © 2001-2021 ENERGY INTELLIGENCE GROUP, INC. / ENERGY INTELLIGENCE GROUP (UK) LIMITED.",2015,3180
Russia,Sokol,Source: Energy Intelligence,"COPYRIGHT © 2001-2021 ENERGY INTELLIGENCE GROUP, INC. / ENERGY INTELLIGENCE GROUP (UK) LIMITED.",2015,186
Russia,Siberian Light,Source: Energy Intelligence,"COPYRIGHT © 2001-2021 ENERGY INTELLIGENCE GROUP, INC. / ENERGY INTELLIGENCE GROUP (UK) LIMITED.",2015,95.24
Russia,Sakhalin Blend,Source: Energy Intelligence,"COPYRIGHT © 2001-2021 ENERGY INTELLIGENCE GROUP, INC. / ENERGY INTELLIGENCE GROUP (UK) LIMITED.",2015,104.68
Russia,Other Crudes - Russia,Source: Energy Intelligence,"COPYRIGHT © 2001-2021 ENERGY INTELLIGENCE GROUP, INC. / ENERGY INTELLIGENCE GROUP (UK) LIMITED.",2015,176.33
Russia,Espo Blend,Source: Energy Intelligence,"COPYRIGHT © 2001-2021 ENERGY INTELLIGENCE GROUP, INC. / ENERGY INTELLIGENCE GROUP (UK) LIMITED.",2015,932.53
Russia,Varandey,Source: Energy Intelligence,"COPYRIGHT © 2001-2021 ENERGY INTELLIGENCE GROUP, INC. / ENERGY INTELLIGENCE GROUP (UK) LIMITED.",2016,140.19
Russia,Urals,Source: Energy Intelligence,"COPYRIGHT © 2001-2021 ENERGY INTELLIGENCE GROUP, INC. / ENERGY INTELLIGENCE GROUP (UK) LIMITED.",2016,3355.9
Russia,Sokol,Source: Energy Intelligence,"COPYRIGHT © 2001-2021 ENERGY INTELLIGENCE GROUP, INC. / ENERGY INTELLIGENCE GROUP (UK) LIMITED.",2016,219.85
Russia,Siberian Light,Source: Energy Intelligence,"COPYRIGHT © 2001-2021 ENERGY INTELLIGENCE GROUP, INC. / ENERGY INTELLIGENCE GROUP (UK) LIMITED.",2016,96.73
Russia,Sakhalin Blend,Source: Energy Intelligence,"COPYRIGHT © 2001-2021 ENERGY INTELLIGENCE GROUP, INC. / ENERGY INTELLIGENCE GROUP (UK) LIMITED.",2016,108.49
Russia,Other Crudes - Russia,Source: Energy Intelligence,"COPYRIGHT © 2001-2021 ENERGY INTELLIGENCE GROUP, INC. / ENERGY INTELLIGENCE GROUP (UK) LIMITED.",2016,135.37
Russia,Espo Blend,Source: Energy Intelligence,"COPYRIGHT © 2001-2021 ENERGY INTELLIGENCE GROUP, INC. / ENERGY INTELLIGENCE GROUP (UK) LIMITED.",2016,968.17
Russia,Varandey,Source: Energy Intelligence,"COPYRIGHT © 2001-2021 ENERGY INTELLIGENCE GROUP, INC. / ENERGY INTELLIGENCE GROUP (UK) LIMITED.",2017,159.12
Russia,Urals,Source: Energy Intelligence,"COPYRIGHT © 2001-2021 ENERGY INTELLIGENCE GROUP, INC. / ENERGY INTELLIGENCE GROUP (UK) LIMITED.",2017,3263.64
Russia,Sokol,Source: Energy Intelligence,"COPYRIGHT © 2001-2021 ENERGY INTELLIGENCE GROUP, INC. / ENERGY INTELLIGENCE GROUP (UK) LIMITED.",2017,211.74
Russia,Siberian Light,Source: Energy Intelligence,"COPYRIGHT © 2001-2021 ENERGY INTELLIGENCE GROUP, INC. / ENERGY INTELLIGENCE GROUP (UK) LIMITED.",2017,118.48
Russia,Sakhalin Blend,Source: Energy Intelligence,"COPYRIGHT © 2001-2021 ENERGY INTELLIGENCE GROUP, INC. / ENERGY INTELLIGENCE GROUP (UK) LIMITED.",2017,110.7
Russia,Other Crudes - Russia,Source: Energy Intelligence,"COPYRIGHT © 2001-2021 ENERGY INTELLIGENCE GROUP, INC. / ENERGY INTELLIGENCE GROUP (UK) LIMITED.",2017,233.29
Russia,Espo Blend,Source: Energy Intelligence,"COPYRIGHT © 2001-2021 ENERGY INTELLIGENCE GROUP, INC. / ENERGY INTELLIGENCE GROUP (UK) LIMITED.",2017,968.18
Russia,Varandey,Source: Energy Intelligence,"COPYRIGHT © 2001-2021 ENERGY INTELLIGENCE GROUP, INC. / ENERGY INTELLIGENCE GROUP (UK) LIMITED.",2018,141.43
Russia,Urals,Source: Energy Intelligence,"COPYRIGHT © 2001-2021 ENERGY INTELLIGENCE GROUP, INC. / ENERGY INTELLIGENCE GROUP (UK) LIMITED.",2018,2990.17
Russia,Sokol,Source: Energy Intelligence,"COPYRIGHT © 2001-2021 ENERGY INTELLIGENCE GROUP, INC. / ENERGY INTELLIGENCE GROUP (UK) LIMITED.",2018,245.01
Russia,Siberian Light,Source: Energy Intelligence,"COPYRIGHT © 2001-2021 ENERGY INTELLIGENCE GROUP, INC. / ENERGY INTELLIGENCE GROUP (UK) LIMITED.",2018,114.51
Russia,Sakhalin Blend,Source: Energy Intelligence,"COPYRIGHT © 2001-2021 ENERGY INTELLIGENCE GROUP, INC. / ENERGY INTELLIGENCE GROUP (UK) LIMITED.",2018,114.22
Russia,Other Crudes - Russia,Source: Energy Intelligence,"COPYRIGHT © 2001-2021 ENERGY INTELLIGENCE GROUP, INC. / ENERGY INTELLIGENCE GROUP (UK) LIMITED.",2018,274.76
Russia,Espo Blend,Source: Energy Intelligence,"COPYRIGHT © 2001-2021 ENERGY INTELLIGENCE GROUP, INC. / ENERGY INTELLIGENCE GROUP (UK) LIMITED.",2018,1178.55
Russia,Varandey,Source: Energy Intelligence,"COPYRIGHT © 2001-2021 ENERGY INTELLIGENCE GROUP, INC. / ENERGY INTELLIGENCE GROUP (UK) LIMITED.",2019,142.68
Russia,Urals,Source: Energy Intelligence,"COPYRIGHT © 2001-2021 ENERGY INTELLIGENCE GROUP, INC. / ENERGY INTELLIGENCE GROUP (UK) LIMITED.",2019,2836.9
Russia,Sokol,Source: Energy Intelligence,"COPYRIGHT © 2001-2021 ENERGY INTELLIGENCE GROUP, INC. / ENERGY INTELLIGENCE GROUP (UK) LIMITED.",2019,268.9
Russia,Siberian Light,Source: Energy Intelligence,"COPYRIGHT © 2001-2021 ENERGY INTELLIGENCE GROUP, INC. / ENERGY INTELLIGENCE GROUP (UK) LIMITED.",2019,145.88
Russia,Sakhalin Blend,Source: Energy Intelligence,"COPYRIGHT © 2001-2021 ENERGY INTELLIGENCE GROUP, INC. / ENERGY INTELLIGENCE GROUP (UK) LIMITED.",2019,101.16
Russia,Other Crudes - Russia,Source: Energy Intelligence,"COPYRIGHT © 2001-2021 ENERGY INTELLIGENCE GROUP, INC. / ENERGY INTELLIGENCE GROUP (UK) LIMITED.",2019,653.09
Russia,Espo Blend,Source: Energy Intelligence,"COPYRIGHT © 2001-2021 ENERGY INTELLIGENCE GROUP, INC. / ENERGY INTELLIGENCE GROUP (UK) LIMITED.",2019,1467.74
Russia,Varandey,Source: Energy Intelligence,"COPYRIGHT © 2001-2021 ENERGY INTELLIGENCE GROUP, INC. / ENERGY INTELLIGENCE GROUP (UK) LIMITED.",2020,97.9
Russia,Urals,Source: Energy Intelligence,"COPYRIGHT © 2001-2021 ENERGY INTELLIGENCE GROUP, INC. / ENERGY INTELLIGENCE GROUP (UK) LIMITED.",2020,2335.8
Russia,Sokol,Source: Energy Intelligence,"COPYRIGHT © 2001-2021 ENERGY INTELLIGENCE GROUP, INC. / ENERGY INTELLIGENCE GROUP (UK) LIMITED.",2020,259.18
Russia,Siberian Light,Source: Energy Intelligence,"COPYRIGHT © 2001-2021 ENERGY INTELLIGENCE GROUP, INC. / ENERGY INTELLIGENCE GROUP (UK) LIMITED.",2020,109.5
Russia,Sakhalin Blend,Source: Energy Intelligence,"COPYRIGHT © 2001-2021 ENERGY INTELLIGENCE GROUP, INC. / ENERGY INTELLIGENCE GROUP (UK) LIMITED.",2020,94.7
Russia,Other Crudes - Russia,Source: Energy Intelligence,"COPYRIGHT © 2001-2021 ENERGY INTELLIGENCE GROUP, INC. / ENERGY INTELLIGENCE GROUP (UK) LIMITED.",2020,562.56
Russia,Espo Blend,Source: Energy Intelligence,"COPYRIGHT © 2001-2021 ENERGY INTELLIGENCE GROUP, INC. / ENERGY INTELLIGENCE GROUP (UK) LIMITED.",2020,1459.18
Russia,Varandey,Source: Energy Intelligence,"COPYRIGHT © 2001-2021 ENERGY INTELLIGENCE GROUP, INC. / ENERGY INTELLIGENCE GROUP (UK) LIMITED.",2021,92.85
Russia,Urals,Source: Energy Intelligence,"COPYRIGHT © 2001-2021 ENERGY INTELLIGENCE GROUP, INC. / ENERGY INTELLIGENCE GROUP (UK) LIMITED.",2021,2225.33
Russia,Sokol,Source: Energy Intelligence,"COPYRIGHT © 2001-2021 ENERGY INTELLIGENCE GROUP, INC. / ENERGY INTELLIGENCE GROUP (UK) LIMITED.",2021,233.69
Russia,Siberian Light,Source: Energy Intelligence,"COPYRIGHT © 2001-2021 ENERGY INTELLIGENCE GROUP, INC. / ENERGY INTELLIGENCE GROUP (UK) LIMITED.",2021,112.11
Russia,Sakhalin Blend,Source: Energy Intelligence,"COPYRIGHT © 2001-2021 ENERGY INTELLIGENCE GROUP, INC. / ENERGY INTELLIGENCE GROUP (UK) LIMITED.",2021,83.12
Russia,Other Crudes - Russia,Source: Energy Intelligence,"COPYRIGHT © 2001-2021 ENERGY INTELLIGENCE GROUP, INC. / ENERGY INTELLIGENCE GROUP (UK) LIMITED.",2021,472.63
Russia,Espo Blend,Source: Energy Intelligence,"COPYRIGHT © 2001-2021 ENERGY INTELLIGENCE GROUP, INC. / ENERGY INTELLIGENCE GROUP (UK) LIMITED.",2021,1506.11
Russia,Varandey,Source: Energy Intelligence,"COPYRIGHT © 2001-2021 ENERGY INTELLIGENCE GROUP, INC. / ENERGY INTELLIGENCE GROUP (UK) LIMITED.",2022,121
Russia,Urals,Source: Energy Intelligence,"COPYRIGHT © 2001-2021 ENERGY INTELLIGENCE GROUP, INC. / ENERGY INTELLIGENCE GROUP (UK) LIMITED.",2022,2628.46
Russia,Sokol,Source: Energy Intelligence,"COPYRIGHT © 2001-2021 ENERGY INTELLIGENCE GROUP, INC. / ENERGY INTELLIGENCE GROUP (UK) LIMITED.",2022,98
Russia,Siberian Light,Source: Energy Intelligence,"COPYRIGHT © 2001-2021 ENERGY INTELLIGENCE GROUP, INC. / ENERGY INTELLIGENCE GROUP (UK) LIMITED.",2022,127
Russia,Sakhalin Blend,Source: Energy Intelligence,"COPYRIGHT © 2001-2021 ENERGY INTELLIGENCE GROUP, INC. / ENERGY INTELLIGENCE GROUP (UK) LIMITED.",2022,79.5
Russia,Other Crudes - Russia,Source: Energy Intelligence,"COPYRIGHT © 2001-2021 ENERGY INTELLIGENCE GROUP, INC. / ENERGY INTELLIGENCE GROUP (UK) LIMITED.",2022,148.79
Russia,Novy Port,Source: Energy Intelligence,"COPYRIGHT © 2001-2021 ENERGY INTELLIGENCE GROUP, INC. / ENERGY INTELLIGENCE GROUP (UK) LIMITED.",2022,139
Russia,Espo Blend,Source: Energy Intelligence,"COPYRIGHT © 2001-2021 ENERGY INTELLIGENCE GROUP, INC. / ENERGY INTELLIGENCE GROUP (UK) LIMITED.",2022,1585.25
Russia,Arco,Source: Energy Intelligence,"COPYRIGHT © 2001-2021 ENERGY INTELLIGENCE GROUP, INC. / ENERGY INTELLIGENCE GROUP (UK) LIMITED.",2022,69
Russia,Varandey,Source: Energy Intelligence,"COPYRIGHT © 2001-2021 ENERGY INTELLIGENCE GROUP, INC. / ENERGY INTELLIGENCE GROUP (UK) LIMITED.",2023,147
Russia,Urals,Source: Energy Intelligence,"COPYRIGHT © 2001-2021 ENERGY INTELLIGENCE GROUP, INC. / ENERGY INTELLIGENCE GROUP (UK) LIMITED.",2023,2534.9
Russia,Sokol,Source: Energy Intelligence,"COPYRIGHT © 2001-2021 ENERGY INTELLIGENCE GROUP, INC. / ENERGY INTELLIGENCE GROUP (UK) LIMITED.",2023,189
Russia,Siberian Light,Source: Energy Intelligence,"COPYRIGHT © 2001-2021 ENERGY INTELLIGENCE GROUP, INC. / ENERGY INTELLIGENCE GROUP (UK) LIMITED.",2023,46.09
Russia,Sakhalin Blend,Source: Energy Intelligence,"COPYRIGHT © 2001-2021 ENERGY INTELLIGENCE GROUP, INC. / ENERGY INTELLIGENCE GROUP (UK) LIMITED.",2023,62.33
Russia,Other Crudes - Russia,Source: Energy Intelligence,"COPYRIGHT © 2001-2021 ENERGY INTELLIGENCE GROUP, INC. / ENERGY INTELLIGENCE GROUP (UK) LIMITED.",2023,171.8
Russia,Novy Port,Source: Energy Intelligence,"COPYRIGHT © 2001-2021 ENERGY INTELLIGENCE GROUP, INC. / ENERGY INTELLIGENCE GROUP (UK) LIMITED.",2023,129.58
Russia,Espo Blend,Source: Energy Intelligence,"COPYRIGHT © 2001-2021 ENERGY INTELLIGENCE GROUP, INC. / ENERGY INTELLIGENCE GROUP (UK) LIMITED.",2023,1659.83
Russia,Arco,Source: Energy Intelligence,"COPYRIGHT © 2001-2021 ENERGY INTELLIGENCE GROUP, INC. / ENERGY INTELLIGENCE GROUP (UK) LIMITED.",2023,70
Russia,Varandey,Source: Energy Intelligence,"COPYRIGHT © 2001-2021 ENERGY INTELLIGENCE GROUP, INC. / ENERGY INTELLIGENCE GROUP (UK) LIMITED.",2024,101.33
Russia,Urals,Source: Energy Intelligence,"COPYRIGHT © 2001-2021 ENERGY INTELLIGENCE GROUP, INC. / ENERGY INTELLIGENCE GROUP (UK) LIMITED.",2024,2373
Russia,Sokol,Source: Energy Intelligence,"COPYRIGHT © 2001-2021 ENERGY INTELLIGENCE GROUP, INC. / ENERGY INTELLIGENCE GROUP (UK) LIMITED.",2024,178.33
Russia,Siberian Light,Source: Energy Intelligence,"COPYRIGHT © 2001-2021 ENERGY INTELLIGENCE GROUP, INC. / ENERGY INTELLIGENCE GROUP (UK) LIMITED.",2024,23.99
Russia,Sakhalin Blend,Source: Energy Intelligence,"COPYRIGHT © 2001-2021 ENERGY INTELLIGENCE GROUP, INC. / ENERGY INTELLIGENCE GROUP (UK) LIMITED.",2024,61.58
Russia,Other Crudes - Russia,Source: Energy Intelligence,"COPYRIGHT © 2001-2021 ENERGY INTELLIGENCE GROUP, INC. / ENERGY INTELLIGENCE GROUP (UK) LIMITED.",2024,177.6
Russia,Novy Port,Source: Energy Intelligence,"COPYRIGHT © 2001-2021 ENERGY INTELLIGENCE GROUP, INC. / ENERGY INTELLIGENCE GROUP (UK) LIMITED.",2024,123.75
Russia,Espo Blend,Source: Energy Intelligence,"COPYRIGHT © 2001-2021 ENERGY INTELLIGENCE GROUP, INC. / ENERGY INTELLIGENCE GROUP (UK) LIMITED.",2024,1688
Russia,Arco,Source: Energy Intelligence,"COPYRIGHT © 2001-2021 ENERGY INTELLIGENCE GROUP, INC. / ENERGY INTELLIGENCE GROUP (UK) LIMITED.",2024,59
Saudi Arabia,Other Crudes - Saudi Arabia,Source: Energy Intelligence,"COPYRIGHT © 2001-2021 ENERGY INTELLIGENCE GROUP, INC. / ENERGY INTELLIGENCE GROUP (UK) LIMITED.",2006,0
Saudi Arabia,Arab Super Light,Source: Energy Intelligence,"COPYRIGHT © 2001-2021 ENERGY INTELLIGENCE GROUP, INC. / ENERGY INTELLIGENCE GROUP (UK) LIMITED.",2006,150
Saudi Arabia,Arab Medium,Source: Energy Intelligence,"COPYRIGHT © 2001-2021 ENERGY INTELLIGENCE GROUP, INC. / ENERGY INTELLIGENCE GROUP (UK) LIMITED.",2006,950
Saudi Arabia,Arab Light,Source: Energy Intelligence,"COPYRIGHT © 2001-2021 ENERGY INTELLIGENCE GROUP, INC. / ENERGY INTELLIGENCE GROUP (UK) LIMITED.",2006,3664
Saudi Arabia,Arab Heavy,Source: Energy Intelligence,"COPYRIGHT © 2001-2021 ENERGY INTELLIGENCE GROUP, INC. / ENERGY INTELLIGENCE GROUP (UK) LIMITED.",2006,900
Saudi Arabia,Arab Extra Light,Source: Energy Intelligence,"COPYRIGHT © 2001-2021 ENERGY INTELLIGENCE GROUP, INC. / ENERGY INTELLIGENCE GROUP (UK) LIMITED.",2006,1300
Saudi Arabia,Other Crudes - Saudi Arabia,Source: Energy Intelligence,"COPYRIGHT © 2001-2021 ENERGY INTELLIGENCE GROUP, INC. / ENERGY INTELLIGENCE GROUP (UK) LIMITED.",2007,0
Saudi Arabia,Arab Super Light,Source: Energy Intelligence,"COPYRIGHT © 2001-2021 ENERGY INTELLIGENCE GROUP, INC. / ENERGY INTELLIGENCE GROUP (UK) LIMITED.",2007,150
Saudi Arabia,Arab Medium,Source: Energy Intelligence,"COPYRIGHT © 2001-2021 ENERGY INTELLIGENCE GROUP, INC. / ENERGY INTELLIGENCE GROUP (UK) LIMITED.",2007,950
Saudi Arabia,Arab Light,Source: Energy Intelligence,"COPYRIGHT © 2001-2021 ENERGY INTELLIGENCE GROUP, INC. / ENERGY INTELLIGENCE GROUP (UK) LIMITED.",2007,3297
Saudi Arabia,Arab Heavy,Source: Energy Intelligence,"COPYRIGHT © 2001-2021 ENERGY INTELLIGENCE GROUP, INC. / ENERGY INTELLIGENCE GROUP (UK) LIMITED.",2007,900
Saudi Arabia,Arab Extra Light,Source: Energy Intelligence,"COPYRIGHT © 2001-2021 ENERGY INTELLIGENCE GROUP, INC. / ENERGY INTELLIGENCE GROUP (UK) LIMITED.",2007,1300
Saudi Arabia,Other Crudes - Saudi Arabia,Source: Energy Intelligence,"COPYRIGHT © 2001-2021 ENERGY INTELLIGENCE GROUP, INC. / ENERGY INTELLIGENCE GROUP (UK) LIMITED.",2008,0
Saudi Arabia,Arab Super Light,Source: Energy Intelligence,"COPYRIGHT © 2001-2021 ENERGY INTELLIGENCE GROUP, INC. / ENERGY INTELLIGENCE GROUP (UK) LIMITED.",2008,150
Saudi Arabia,Arab Medium,Source: Energy Intelligence,"COPYRIGHT © 2001-2021 ENERGY INTELLIGENCE GROUP, INC. / ENERGY INTELLIGENCE GROUP (UK) LIMITED.",2008,950
Saudi Arabia,Arab Light,Source: Energy Intelligence,"COPYRIGHT © 2001-2021 ENERGY INTELLIGENCE GROUP, INC. / ENERGY INTELLIGENCE GROUP (UK) LIMITED.",2008,3576
Saudi Arabia,Arab Heavy,Source: Energy Intelligence,"COPYRIGHT © 2001-2021 ENERGY INTELLIGENCE GROUP, INC. / ENERGY INTELLIGENCE GROUP (UK) LIMITED.",2008,900
Saudi Arabia,Arab Extra Light,Source: Energy Intelligence,"COPYRIGHT © 2001-2021 ENERGY INTELLIGENCE GROUP, INC. / ENERGY INTELLIGENCE GROUP (UK) LIMITED.",2008,1300
Saudi Arabia,Other Crudes - Saudi Arabia,Source: Energy Intelligence,"COPYRIGHT © 2001-2021 ENERGY INTELLIGENCE GROUP, INC. / ENERGY INTELLIGENCE GROUP (UK) LIMITED.",2009,0
Saudi Arabia,Arab Super Light,Source: Energy Intelligence,"COPYRIGHT © 2001-2021 ENERGY INTELLIGENCE GROUP, INC. / ENERGY INTELLIGENCE GROUP (UK) LIMITED.",2009,230
Saudi Arabia,Arab Medium,Source: Energy Intelligence,"COPYRIGHT © 2001-2021 ENERGY INTELLIGENCE GROUP, INC. / ENERGY INTELLIGENCE GROUP (UK) LIMITED.",2009,800
Saudi Arabia,Arab Light,Source: Energy Intelligence,"COPYRIGHT © 2001-2021 ENERGY INTELLIGENCE GROUP, INC. / ENERGY INTELLIGENCE GROUP (UK) LIMITED.",2009,2416
Saudi Arabia,Arab Heavy,Source: Energy Intelligence,"COPYRIGHT © 2001-2021 ENERGY INTELLIGENCE GROUP, INC. / ENERGY INTELLIGENCE GROUP (UK) LIMITED.",2009,800
Saudi Arabia,Arab Extra Light,Source: Energy Intelligence,"COPYRIGHT © 2001-2021 ENERGY INTELLIGENCE GROUP, INC. / ENERGY INTELLIGENCE GROUP (UK) LIMITED.",2009,1400
Saudi Arabia,Other Crudes - Saudi Arabia,Source: Energy Intelligence,"COPYRIGHT © 2001-2021 ENERGY INTELLIGENCE GROUP, INC. / ENERGY INTELLIGENCE GROUP (UK) LIMITED.",2010,0
Saudi Arabia,Arab Super Light,Source: Energy Intelligence,"COPYRIGHT © 2001-2021 ENERGY INTELLIGENCE GROUP, INC. / ENERGY INTELLIGENCE GROUP (UK) LIMITED.",2010,250
Saudi Arabia,Arab Medium,Source: Energy Intelligence,"COPYRIGHT © 2001-2021 ENERGY INTELLIGENCE GROUP, INC. / ENERGY INTELLIGENCE GROUP (UK) LIMITED.",2010,800
Saudi Arabia,Arab Light,Source: Energy Intelligence,"COPYRIGHT © 2001-2021 ENERGY INTELLIGENCE GROUP, INC. / ENERGY INTELLIGENCE GROUP (UK) LIMITED.",2010,2184
Saudi Arabia,Arab Heavy,Source: Energy Intelligence,"COPYRIGHT © 2001-2021 ENERGY INTELLIGENCE GROUP, INC. / ENERGY INTELLIGENCE GROUP (UK) LIMITED.",2010,800
Saudi Arabia,Arab Extra Light,Source: Energy Intelligence,"COPYRIGHT © 2001-2021 ENERGY INTELLIGENCE GROUP, INC. / ENERGY INTELLIGENCE GROUP (UK) LIMITED.",2010,1500
Saudi Arabia,Other Crudes - Saudi Arabia,Source: Energy Intelligence,"COPYRIGHT © 2001-2021 ENERGY INTELLIGENCE GROUP, INC. / ENERGY INTELLIGENCE GROUP (UK) LIMITED.",2011,0
Saudi Arabia,Arab Super Light,Source: Energy Intelligence,"COPYRIGHT © 2001-2021 ENERGY INTELLIGENCE GROUP, INC. / ENERGY INTELLIGENCE GROUP (UK) LIMITED.",2011,250
Saudi Arabia,Arab Medium,Source: Energy Intelligence,"COPYRIGHT © 2001-2021 ENERGY INTELLIGENCE GROUP, INC. / ENERGY INTELLIGENCE GROUP (UK) LIMITED.",2011,800
Saudi Arabia,Arab Light,Source: Energy Intelligence,"COPYRIGHT © 2001-2021 ENERGY INTELLIGENCE GROUP, INC. / ENERGY INTELLIGENCE GROUP (UK) LIMITED.",2011,3283
Saudi Arabia,Arab Heavy,Source: Energy Intelligence,"COPYRIGHT © 2001-2021 ENERGY INTELLIGENCE GROUP, INC. / ENERGY INTELLIGENCE GROUP (UK) LIMITED.",2011,800
Saudi Arabia,Arab Extra Light,Source: Energy Intelligence,"COPYRIGHT © 2001-2021 ENERGY INTELLIGENCE GROUP, INC. / ENERGY INTELLIGENCE GROUP (UK) LIMITED.",2011,1500
Saudi Arabia,Other Crudes - Saudi Arabia,Source: Energy Intelligence,"COPYRIGHT © 2001-2021 ENERGY INTELLIGENCE GROUP, INC. / ENERGY INTELLIGENCE GROUP (UK) LIMITED.",2012,0
Saudi Arabia,Arab Super Light,Source: Energy Intelligence,"COPYRIGHT © 2001-2021 ENERGY INTELLIGENCE GROUP, INC. / ENERGY INTELLIGENCE GROUP (UK) LIMITED.",2012,250
Saudi Arabia,Arab Medium,Source: Energy Intelligence,"COPYRIGHT © 2001-2021 ENERGY INTELLIGENCE GROUP, INC. / ENERGY INTELLIGENCE GROUP (UK) LIMITED.",2012,850
Saudi Arabia,Arab Light,Source: Energy Intelligence,"COPYRIGHT © 2001-2021 ENERGY INTELLIGENCE GROUP, INC. / ENERGY INTELLIGENCE GROUP (UK) LIMITED.",2012,3757
Saudi Arabia,Arab Heavy,Source: Energy Intelligence,"COPYRIGHT © 2001-2021 ENERGY INTELLIGENCE GROUP, INC. / ENERGY INTELLIGENCE GROUP (UK) LIMITED.",2012,800
Saudi Arabia,Arab Extra Light,Source: Energy Intelligence,"COPYRIGHT © 2001-2021 ENERGY INTELLIGENCE GROUP, INC. / ENERGY INTELLIGENCE GROUP (UK) LIMITED.",2012,1250
Saudi Arabia,Other Crudes - Saudi Arabia,Source: Energy Intelligence,"COPYRIGHT © 2001-2021 ENERGY INTELLIGENCE GROUP, INC. / ENERGY INTELLIGENCE GROUP (UK) LIMITED.",2013,0
Saudi Arabia,Arab Super Light,Source: Energy Intelligence,"COPYRIGHT © 2001-2021 ENERGY INTELLIGENCE GROUP, INC. / ENERGY INTELLIGENCE GROUP (UK) LIMITED.",2013,250
Saudi Arabia,Arab Medium,Source: Energy Intelligence,"COPYRIGHT © 2001-2021 ENERGY INTELLIGENCE GROUP, INC. / ENERGY INTELLIGENCE GROUP (UK) LIMITED.",2013,850
Saudi Arabia,Arab Light,Source: Energy Intelligence,"COPYRIGHT © 2001-2021 ENERGY INTELLIGENCE GROUP, INC. / ENERGY INTELLIGENCE GROUP (UK) LIMITED.",2013,4104
Saudi Arabia,Arab Heavy,Source: Energy Intelligence,"COPYRIGHT © 2001-2021 ENERGY INTELLIGENCE GROUP, INC. / ENERGY INTELLIGENCE GROUP (UK) LIMITED.",2013,880
Saudi Arabia,Arab Extra Light,Source: Energy Intelligence,"COPYRIGHT © 2001-2021 ENERGY INTELLIGENCE GROUP, INC. / ENERGY INTELLIGENCE GROUP (UK) LIMITED.",2013,1250
Saudi Arabia,Other Crudes - Saudi Arabia,Source: Energy Intelligence,"COPYRIGHT © 2001-2021 ENERGY INTELLIGENCE GROUP, INC. / ENERGY INTELLIGENCE GROUP (UK) LIMITED.",2014,0
Saudi Arabia,Arab Super Light,Source: Energy Intelligence,"COPYRIGHT © 2001-2021 ENERGY INTELLIGENCE GROUP, INC. / ENERGY INTELLIGENCE GROUP (UK) LIMITED.",2014,250
Saudi Arabia,Arab Medium,Source: Energy Intelligence,"COPYRIGHT © 2001-2021 ENERGY INTELLIGENCE GROUP, INC. / ENERGY INTELLIGENCE GROUP (UK) LIMITED.",2014,850
Saudi Arabia,Arab Light,Source: Energy Intelligence,"COPYRIGHT © 2001-2021 ENERGY INTELLIGENCE GROUP, INC. / ENERGY INTELLIGENCE GROUP (UK) LIMITED.",2014,3670
Saudi Arabia,Arab Heavy,Source: Energy Intelligence,"COPYRIGHT © 2001-2021 ENERGY INTELLIGENCE GROUP, INC. / ENERGY INTELLIGENCE GROUP (UK) LIMITED.",2014,950
Saudi Arabia,Arab Extra Light,Source: Energy Intelligence,"COPYRIGHT © 2001-2021 ENERGY INTELLIGENCE GROUP, INC. / ENERGY INTELLIGENCE GROUP (UK) LIMITED.",2014,1250
Saudi Arabia,Other Crudes - Saudi Arabia,Source: Energy Intelligence,"COPYRIGHT © 2001-2021 ENERGY INTELLIGENCE GROUP, INC. / ENERGY INTELLIGENCE GROUP (UK) LIMITED.",2015,0
Saudi Arabia,Arab Super Light,Source: Energy Intelligence,"COPYRIGHT © 2001-2021 ENERGY INTELLIGENCE GROUP, INC. / ENERGY INTELLIGENCE GROUP (UK) LIMITED.",2015,250
Saudi Arabia,Arab Medium,Source: Energy Intelligence,"COPYRIGHT © 2001-2021 ENERGY INTELLIGENCE GROUP, INC. / ENERGY INTELLIGENCE GROUP (UK) LIMITED.",2015,1000
Saudi Arabia,Arab Light,Source: Energy Intelligence,"COPYRIGHT © 2001-2021 ENERGY INTELLIGENCE GROUP, INC. / ENERGY INTELLIGENCE GROUP (UK) LIMITED.",2015,3532
Saudi Arabia,Arab Heavy,Source: Energy Intelligence,"COPYRIGHT © 2001-2021 ENERGY INTELLIGENCE GROUP, INC. / ENERGY INTELLIGENCE GROUP (UK) LIMITED.",2015,1000
Saudi Arabia,Arab Extra Light,Source: Energy Intelligence,"COPYRIGHT © 2001-2021 ENERGY INTELLIGENCE GROUP, INC. / ENERGY INTELLIGENCE GROUP (UK) LIMITED.",2015,1350
Saudi Arabia,Arab Super Light,Source: Energy Intelligence,"COPYRIGHT © 2001-2021 ENERGY INTELLIGENCE GROUP, INC. / ENERGY INTELLIGENCE GROUP (UK) LIMITED.",2016,250
Saudi Arabia,Arab Medium,Source: Energy Intelligence,"COPYRIGHT © 2001-2021 ENERGY INTELLIGENCE GROUP, INC. / ENERGY INTELLIGENCE GROUP (UK) LIMITED.",2016,1100
Saudi Arabia,Arab Light,Source: Energy Intelligence,"COPYRIGHT © 2001-2021 ENERGY INTELLIGENCE GROUP, INC. / ENERGY INTELLIGENCE GROUP (UK) LIMITED.",2016,3899
Saudi Arabia,Arab Heavy,Source: Energy Intelligence,"COPYRIGHT © 2001-2021 ENERGY INTELLIGENCE GROUP, INC. / ENERGY INTELLIGENCE GROUP (UK) LIMITED.",2016,1111
Saudi Arabia,Arab Extra Light,Source: Energy Intelligence,"COPYRIGHT © 2001-2021 ENERGY INTELLIGENCE GROUP, INC. / ENERGY INTELLIGENCE GROUP (UK) LIMITED.",2016,1310
Saudi Arabia,Arab Super Light,Source: Energy Intelligence,"COPYRIGHT © 2001-2021 ENERGY INTELLIGENCE GROUP, INC. / ENERGY INTELLIGENCE GROUP (UK) LIMITED.",2017,250
Saudi Arabia,Arab Medium,Source: Energy Intelligence,"COPYRIGHT © 2001-2021 ENERGY INTELLIGENCE GROUP, INC. / ENERGY INTELLIGENCE GROUP (UK) LIMITED.",2017,1100
Saudi Arabia,Arab Light,Source: Energy Intelligence,"COPYRIGHT © 2001-2021 ENERGY INTELLIGENCE GROUP, INC. / ENERGY INTELLIGENCE GROUP (UK) LIMITED.",2017,3863
Saudi Arabia,Arab Heavy,Source: Energy Intelligence,"COPYRIGHT © 2001-2021 ENERGY INTELLIGENCE GROUP, INC. / ENERGY INTELLIGENCE GROUP (UK) LIMITED.",2017,822
Saudi Arabia,Arab Extra Light,Source: Energy Intelligence,"COPYRIGHT © 2001-2021 ENERGY INTELLIGENCE GROUP, INC. / ENERGY INTELLIGENCE GROUP (UK) LIMITED.",2017,1310
Saudi Arabia,Arab Super Light,Source: Energy Intelligence,"COPYRIGHT © 2001-2021 ENERGY INTELLIGENCE GROUP, INC. / ENERGY INTELLIGENCE GROUP (UK) LIMITED.",2018,250
Saudi Arabia,Arab Medium,Source: Energy Intelligence,"COPYRIGHT © 2001-2021 ENERGY INTELLIGENCE GROUP, INC. / ENERGY INTELLIGENCE GROUP (UK) LIMITED.",2018,900
Saudi Arabia,Arab Light,Source: Energy Intelligence,"COPYRIGHT © 2001-2021 ENERGY INTELLIGENCE GROUP, INC. / ENERGY INTELLIGENCE GROUP (UK) LIMITED.",2018,4188
Saudi Arabia,Arab Heavy,Source: Energy Intelligence,"COPYRIGHT © 2001-2021 ENERGY INTELLIGENCE GROUP, INC. / ENERGY INTELLIGENCE GROUP (UK) LIMITED.",2018,622
Saudi Arabia,Arab Extra Light,Source: Energy Intelligence,"COPYRIGHT © 2001-2021 ENERGY INTELLIGENCE GROUP, INC. / ENERGY INTELLIGENCE GROUP (UK) LIMITED.",2018,1350
Saudi Arabia,Arab Super Light,Source: Energy Intelligence,"COPYRIGHT © 2001-2021 ENERGY INTELLIGENCE GROUP, INC. / ENERGY INTELLIGENCE GROUP (UK) LIMITED.",2019,61.46
Saudi Arabia,Arab Medium,Source: Energy Intelligence,"COPYRIGHT © 2001-2021 ENERGY INTELLIGENCE GROUP, INC. / ENERGY INTELLIGENCE GROUP (UK) LIMITED.",2019,1076
Saudi Arabia,Arab Light,Source: Energy Intelligence,"COPYRIGHT © 2001-2021 ENERGY INTELLIGENCE GROUP, INC. / ENERGY INTELLIGENCE GROUP (UK) LIMITED.",2019,4217
Saudi Arabia,Arab Heavy,Source: Energy Intelligence,"COPYRIGHT © 2001-2021 ENERGY INTELLIGENCE GROUP, INC. / ENERGY INTELLIGENCE GROUP (UK) LIMITED.",2019,816
Saudi Arabia,Arab Extra Light,Source: Energy Intelligence,"COPYRIGHT © 2001-2021 ENERGY INTELLIGENCE GROUP, INC. / ENERGY INTELLIGENCE GROUP (UK) LIMITED.",2019,977
Saudi Arabia,Arab Super Light,Source: Energy Intelligence,"COPYRIGHT © 2001-2021 ENERGY INTELLIGENCE GROUP, INC. / ENERGY INTELLIGENCE GROUP (UK) LIMITED.",2020,56.47
Saudi Arabia,Arab Medium,Source: Energy Intelligence,"COPYRIGHT © 2001-2021 ENERGY INTELLIGENCE GROUP, INC. / ENERGY INTELLIGENCE GROUP (UK) LIMITED.",2020,1098
Saudi Arabia,Arab Light,Source: Energy Intelligence,"COPYRIGHT © 2001-2021 ENERGY INTELLIGENCE GROUP, INC. / ENERGY INTELLIGENCE GROUP (UK) LIMITED.",2020,3706
Saudi Arabia,Arab Heavy,Source: Energy Intelligence,"COPYRIGHT © 2001-2021 ENERGY INTELLIGENCE GROUP, INC. / ENERGY INTELLIGENCE GROUP (UK) LIMITED.",2020,778
Saudi Arabia,Arab Extra Light,Source: Energy Intelligence,"COPYRIGHT © 2001-2021 ENERGY INTELLIGENCE GROUP, INC. / ENERGY INTELLIGENCE GROUP (UK) LIMITED.",2020,1021
Saudi Arabia,Arab Super Light,Source: Energy Intelligence,"COPYRIGHT © 2001-2021 ENERGY INTELLIGENCE GROUP, INC. / ENERGY INTELLIGENCE GROUP (UK) LIMITED.",2021,63.72
Saudi Arabia,Arab Medium,Source: Energy Intelligence,"COPYRIGHT © 2001-2021 ENERGY INTELLIGENCE GROUP, INC. / ENERGY INTELLIGENCE GROUP (UK) LIMITED.",2021,1112
Saudi Arabia,Arab Light,Source: Energy Intelligence,"COPYRIGHT © 2001-2021 ENERGY INTELLIGENCE GROUP, INC. / ENERGY INTELLIGENCE GROUP (UK) LIMITED.",2021,2917
Saudi Arabia,Arab Heavy,Source: Energy Intelligence,"COPYRIGHT © 2001-2021 ENERGY INTELLIGENCE GROUP, INC. / ENERGY INTELLIGENCE GROUP (UK) LIMITED.",2021,997
Saudi Arabia,Arab Extra Light,Source: Energy Intelligence,"COPYRIGHT © 2001-2021 ENERGY INTELLIGENCE GROUP, INC. / ENERGY INTELLIGENCE GROUP (UK) LIMITED.",2021,1137
Saudi Arabia,Arab Super Light,Source: Energy Intelligence,"COPYRIGHT © 2001-2021 ENERGY INTELLIGENCE GROUP, INC. / ENERGY INTELLIGENCE GROUP (UK) LIMITED.",2022,77.67
Saudi Arabia,Arab Medium,Source: Energy Intelligence,"COPYRIGHT © 2001-2021 ENERGY INTELLIGENCE GROUP, INC. / ENERGY INTELLIGENCE GROUP (UK) LIMITED.",2022,1139
Saudi Arabia,Arab Light,Source: Energy Intelligence,"COPYRIGHT © 2001-2021 ENERGY INTELLIGENCE GROUP, INC. / ENERGY INTELLIGENCE GROUP (UK) LIMITED.",2022,4061
Saudi Arabia,Arab Heavy,Source: Energy Intelligence,"COPYRIGHT © 2001-2021 ENERGY INTELLIGENCE GROUP, INC. / ENERGY INTELLIGENCE GROUP (UK) LIMITED.",2022,969
Saudi Arabia,Arab Extra Light,Source: Energy Intelligence,"COPYRIGHT © 2001-2021 ENERGY INTELLIGENCE GROUP, INC. / ENERGY INTELLIGENCE GROUP (UK) LIMITED.",2022,1117
Saudi Arabia,Arab Super Light,Source: Energy Intelligence,"COPYRIGHT © 2001-2021 ENERGY INTELLIGENCE GROUP, INC. / ENERGY INTELLIGENCE GROUP (UK) LIMITED.",2023,62.47
Saudi Arabia,Arab Medium,Source: Energy Intelligence,"COPYRIGHT © 2001-2021 ENERGY INTELLIGENCE GROUP, INC. / ENERGY INTELLIGENCE GROUP (UK) LIMITED.",2023,890
Saudi Arabia,Arab Light,Source: Energy Intelligence,"COPYRIGHT © 2001-2021 ENERGY INTELLIGENCE GROUP, INC. / ENERGY INTELLIGENCE GROUP (UK) LIMITED.",2023,3422
Saudi Arabia,Arab Heavy,Source: Energy Intelligence,"COPYRIGHT © 2001-2021 ENERGY INTELLIGENCE GROUP, INC. / ENERGY INTELLIGENCE GROUP (UK) LIMITED.",2023,1091
Saudi Arabia,Arab Extra Light,Source: Energy Intelligence,"COPYRIGHT © 2001-2021 ENERGY INTELLIGENCE GROUP, INC. / ENERGY INTELLIGENCE GROUP (UK) LIMITED.",2023,1193
Saudi Arabia,Arab Super Light,Source: Energy Intelligence,"COPYRIGHT © 2001-2021 ENERGY INTELLIGENCE GROUP, INC. / ENERGY INTELLIGENCE GROUP (UK) LIMITED.",2024,31.55
Saudi Arabia,Arab Medium,Source: Energy Intelligence,"COPYRIGHT © 2001-2021 ENERGY INTELLIGENCE GROUP, INC. / ENERGY INTELLIGENCE GROUP (UK) LIMITED.",2024,944
Saudi Arabia,Arab Light,Source: Energy Intelligence,"COPYRIGHT © 2001-2021 ENERGY INTELLIGENCE GROUP, INC. / ENERGY INTELLIGENCE GROUP (UK) LIMITED.",2024,3036.5
Saudi Arabia,Arab Heavy,Source: Energy Intelligence,"COPYRIGHT © 2001-2021 ENERGY INTELLIGENCE GROUP, INC. / ENERGY INTELLIGENCE GROUP (UK) LIMITED.",2024,881
Saudi Arabia,Arab Extra Light,Source: Energy Intelligence,"COPYRIGHT © 2001-2021 ENERGY INTELLIGENCE GROUP, INC. / ENERGY INTELLIGENCE GROUP (UK) LIMITED.",2024,1025
South Sudan,Nile Blend South Sudan,Source: Energy Intelligence,"COPYRIGHT © 2001-2021 ENERGY INTELLIGENCE GROUP, INC. / ENERGY INTELLIGENCE GROUP (UK) LIMITED.",2011,63.01
South Sudan,Dar Blend South Sudan,Source: Energy Intelligence,"COPYRIGHT © 2001-2021 ENERGY INTELLIGENCE GROUP, INC. / ENERGY INTELLIGENCE GROUP (UK) LIMITED.",2011,103.42
South Sudan,Nile Blend South Sudan,Source: Energy Intelligence,"COPYRIGHT © 2001-2021 ENERGY INTELLIGENCE GROUP, INC. / ENERGY INTELLIGENCE GROUP (UK) LIMITED.",2012,10.9
South Sudan,Dar Blend South Sudan,Source: Energy Intelligence,"COPYRIGHT © 2001-2021 ENERGY INTELLIGENCE GROUP, INC. / ENERGY INTELLIGENCE GROUP (UK) LIMITED.",2012,18.89
South Sudan,Nile Blend South Sudan,Source: Energy Intelligence,"COPYRIGHT © 2001-2021 ENERGY INTELLIGENCE GROUP, INC. / ENERGY INTELLIGENCE GROUP (UK) LIMITED.",2013,43.05
South Sudan,Dar Blend South Sudan,Source: Energy Intelligence,"COPYRIGHT © 2001-2021 ENERGY INTELLIGENCE GROUP, INC. / ENERGY INTELLIGENCE GROUP (UK) LIMITED.",2013,85.7
South Sudan,Nile Blend South Sudan,Source: Energy Intelligence,"COPYRIGHT © 2001-2021 ENERGY INTELLIGENCE GROUP, INC. / ENERGY INTELLIGENCE GROUP (UK) LIMITED.",2014,0
South Sudan,Dar Blend South Sudan,Source: Energy Intelligence,"COPYRIGHT © 2001-2021 ENERGY INTELLIGENCE GROUP, INC. / ENERGY INTELLIGENCE GROUP (UK) LIMITED.",2014,171
South Sudan,Nile Blend South Sudan,Source: Energy Intelligence,"COPYRIGHT © 2001-2021 ENERGY INTELLIGENCE GROUP, INC. / ENERGY INTELLIGENCE GROUP (UK) LIMITED.",2015,0
South Sudan,Dar Blend South Sudan,Source: Energy Intelligence,"COPYRIGHT © 2001-2021 ENERGY INTELLIGENCE GROUP, INC. / ENERGY INTELLIGENCE GROUP (UK) LIMITED.",2015,151
South Sudan,Nile Blend South Sudan,Source: Energy Intelligence,"COPYRIGHT © 2001-2021 ENERGY INTELLIGENCE GROUP, INC. / ENERGY INTELLIGENCE GROUP (UK) LIMITED.",2016,0
South Sudan,Dar Blend South Sudan,Source: Energy Intelligence,"COPYRIGHT © 2001-2021 ENERGY INTELLIGENCE GROUP, INC. / ENERGY INTELLIGENCE GROUP (UK) LIMITED.",2016,131
South Sudan,Nile Blend South Sudan,Source: Energy Intelligence,"COPYRIGHT © 2001-2021 ENERGY INTELLIGENCE GROUP, INC. / ENERGY INTELLIGENCE GROUP (UK) LIMITED.",2017,0
South Sudan,Dar Blend South Sudan,Source: Energy Intelligence,"COPYRIGHT © 2001-2021 ENERGY INTELLIGENCE GROUP, INC. / ENERGY INTELLIGENCE GROUP (UK) LIMITED.",2017,139.83
South Sudan,Nile Blend South Sudan,Source: Energy Intelligence,"COPYRIGHT © 2001-2021 ENERGY INTELLIGENCE GROUP, INC. / ENERGY INTELLIGENCE GROUP (UK) LIMITED.",2018,18
South Sudan,Dar Blend South Sudan,Source: Energy Intelligence,"COPYRIGHT © 2001-2021 ENERGY INTELLIGENCE GROUP, INC. / ENERGY INTELLIGENCE GROUP (UK) LIMITED.",2018,130
South Sudan,Nile Blend South Sudan,Source: Energy Intelligence,"COPYRIGHT © 2001-2021 ENERGY INTELLIGENCE GROUP, INC. / ENERGY INTELLIGENCE GROUP (UK) LIMITED.",2019,28
South Sudan,Dar Blend South Sudan,Source: Energy Intelligence,"COPYRIGHT © 2001-2021 ENERGY INTELLIGENCE GROUP, INC. / ENERGY INTELLIGENCE GROUP (UK) LIMITED.",2019,130
South Sudan,Nile Blend South Sudan,Source: Energy Intelligence,"COPYRIGHT © 2001-2021 ENERGY INTELLIGENCE GROUP, INC. / ENERGY INTELLIGENCE GROUP (UK) LIMITED.",2020,37.3
South Sudan,Dar Blend South Sudan,Source: Energy Intelligence,"COPYRIGHT © 2001-2021 ENERGY INTELLIGENCE GROUP, INC. / ENERGY INTELLIGENCE GROUP (UK) LIMITED.",2020,115
South Sudan,Nile Blend South Sudan,Source: Energy Intelligence,"COPYRIGHT © 2001-2021 ENERGY INTELLIGENCE GROUP, INC. / ENERGY INTELLIGENCE GROUP (UK) LIMITED.",2021,34.7
South Sudan,Dar Blend South Sudan,Source: Energy Intelligence,"COPYRIGHT © 2001-2021 ENERGY INTELLIGENCE GROUP, INC. / ENERGY INTELLIGENCE GROUP (UK) LIMITED.",2021,113
South Sudan,Nile Blend South Sudan,Source: Energy Intelligence,"COPYRIGHT © 2001-2021 ENERGY INTELLIGENCE GROUP, INC. / ENERGY INTELLIGENCE GROUP (UK) LIMITED.",2022,29
South Sudan,Dar Blend South Sudan,Source: Energy Intelligence,"COPYRIGHT © 2001-2021 ENERGY INTELLIGENCE GROUP, INC. / ENERGY INTELLIGENCE GROUP (UK) LIMITED.",2022,99
South Sudan,Nile Blend South Sudan,Source: Energy Intelligence,"COPYRIGHT © 2001-2021 ENERGY INTELLIGENCE GROUP, INC. / ENERGY INTELLIGENCE GROUP (UK) LIMITED.",2023,47
South Sudan,Dar Blend South Sudan,Source: Energy Intelligence,"COPYRIGHT © 2001-2021 ENERGY INTELLIGENCE GROUP, INC. / ENERGY INTELLIGENCE GROUP (UK) LIMITED.",2023,94
South Sudan,Nile Blend South Sudan,Source: Energy Intelligence,"COPYRIGHT © 2001-2021 ENERGY INTELLIGENCE GROUP, INC. / ENERGY INTELLIGENCE GROUP (UK) LIMITED.",2024,21
South Sudan,Dar Blend South Sudan,Source: Energy Intelligence,"COPYRIGHT © 2001-2021 ENERGY INTELLIGENCE GROUP, INC. / ENERGY INTELLIGENCE GROUP (UK) LIMITED.",2024,46
Sudan,Other Crudes - Sudan,Source: Energy Intelligence,"COPYRIGHT © 2001-2021 ENERGY INTELLIGENCE GROUP, INC. / ENERGY INTELLIGENCE GROUP (UK) LIMITED.",2006,0
Sudan,Nile Blend Sudan,Source: Energy Intelligence,"COPYRIGHT © 2001-2021 ENERGY INTELLIGENCE GROUP, INC. / ENERGY INTELLIGENCE GROUP (UK) LIMITED.",2006,196.47
Sudan,Dar Blend Sudan,Source: Energy Intelligence,"COPYRIGHT © 2001-2021 ENERGY INTELLIGENCE GROUP, INC. / ENERGY INTELLIGENCE GROUP (UK) LIMITED.",2006,65.88
Sudan,Other Crudes - Sudan,Source: Energy Intelligence,"COPYRIGHT © 2001-2021 ENERGY INTELLIGENCE GROUP, INC. / ENERGY INTELLIGENCE GROUP (UK) LIMITED.",2007,0
Sudan,Nile Blend Sudan,Source: Energy Intelligence,"COPYRIGHT © 2001-2021 ENERGY INTELLIGENCE GROUP, INC. / ENERGY INTELLIGENCE GROUP (UK) LIMITED.",2007,205.76
Sudan,Dar Blend Sudan,Source: Energy Intelligence,"COPYRIGHT © 2001-2021 ENERGY INTELLIGENCE GROUP, INC. / ENERGY INTELLIGENCE GROUP (UK) LIMITED.",2007,174.69
Sudan,Other Crudes - Sudan,Source: Energy Intelligence,"COPYRIGHT © 2001-2021 ENERGY INTELLIGENCE GROUP, INC. / ENERGY INTELLIGENCE GROUP (UK) LIMITED.",2008,0.98
Sudan,Nile Blend Sudan,Source: Energy Intelligence,"COPYRIGHT © 2001-2021 ENERGY INTELLIGENCE GROUP, INC. / ENERGY INTELLIGENCE GROUP (UK) LIMITED.",2008,169.91
Sudan,Dar Blend Sudan,Source: Energy Intelligence,"COPYRIGHT © 2001-2021 ENERGY INTELLIGENCE GROUP, INC. / ENERGY INTELLIGENCE GROUP (UK) LIMITED.",2008,194.11
Sudan,Other Crudes - Sudan,Source: Energy Intelligence,"COPYRIGHT © 2001-2021 ENERGY INTELLIGENCE GROUP, INC. / ENERGY INTELLIGENCE GROUP (UK) LIMITED.",2009,8.63
Sudan,Nile Blend Sudan,Source: Energy Intelligence,"COPYRIGHT © 2001-2021 ENERGY INTELLIGENCE GROUP, INC. / ENERGY INTELLIGENCE GROUP (UK) LIMITED.",2009,129.37
Sudan,Dar Blend Sudan,Source: Energy Intelligence,"COPYRIGHT © 2001-2021 ENERGY INTELLIGENCE GROUP, INC. / ENERGY INTELLIGENCE GROUP (UK) LIMITED.",2009,242
Sudan,Other Crudes - Sudan,Source: Energy Intelligence,"COPYRIGHT © 2001-2021 ENERGY INTELLIGENCE GROUP, INC. / ENERGY INTELLIGENCE GROUP (UK) LIMITED.",2010,0.65
Sudan,Nile Blend Sudan,Source: Energy Intelligence,"COPYRIGHT © 2001-2021 ENERGY INTELLIGENCE GROUP, INC. / ENERGY INTELLIGENCE GROUP (UK) LIMITED.",2010,107.35
Sudan,Dar Blend Sudan,Source: Energy Intelligence,"COPYRIGHT © 2001-2021 ENERGY INTELLIGENCE GROUP, INC. / ENERGY INTELLIGENCE GROUP (UK) LIMITED.",2010,254
Sudan,Other Crudes - Sudan,Source: Energy Intelligence,"COPYRIGHT © 2001-2021 ENERGY INTELLIGENCE GROUP, INC. / ENERGY INTELLIGENCE GROUP (UK) LIMITED.",2011,0
Sudan,Nile Blend Sudan,Source: Energy Intelligence,"COPYRIGHT © 2001-2021 ENERGY INTELLIGENCE GROUP, INC. / ENERGY INTELLIGENCE GROUP (UK) LIMITED.",2011,56.7
Sudan,Dar Blend Sudan,Source: Energy Intelligence,"COPYRIGHT © 2001-2021 ENERGY INTELLIGENCE GROUP, INC. / ENERGY INTELLIGENCE GROUP (UK) LIMITED.",2011,112.82
Sudan,Other Crudes - Sudan,Source: Energy Intelligence,"COPYRIGHT © 2001-2021 ENERGY INTELLIGENCE GROUP, INC. / ENERGY INTELLIGENCE GROUP (UK) LIMITED.",2012,0
Sudan,Nile Blend Sudan,Source: Energy Intelligence,"COPYRIGHT © 2001-2021 ENERGY INTELLIGENCE GROUP, INC. / ENERGY INTELLIGENCE GROUP (UK) LIMITED.",2012,19.18
Sudan,Dar Blend Sudan,Source: Energy Intelligence,"COPYRIGHT © 2001-2021 ENERGY INTELLIGENCE GROUP, INC. / ENERGY INTELLIGENCE GROUP (UK) LIMITED.",2012,0
Sudan,Other Crudes - Sudan,Source: Energy Intelligence,"COPYRIGHT © 2001-2021 ENERGY INTELLIGENCE GROUP, INC. / ENERGY INTELLIGENCE GROUP (UK) LIMITED.",2013,0
Sudan,Nile Blend Sudan,Source: Energy Intelligence,"COPYRIGHT © 2001-2021 ENERGY INTELLIGENCE GROUP, INC. / ENERGY INTELLIGENCE GROUP (UK) LIMITED.",2013,19.95
Sudan,Other Crudes - Sudan,Source: Energy Intelligence,"COPYRIGHT © 2001-2021 ENERGY INTELLIGENCE GROUP, INC. / ENERGY INTELLIGENCE GROUP (UK) LIMITED.",2014,0
Sudan,Nile Blend Sudan,Source: Energy Intelligence,"COPYRIGHT © 2001-2021 ENERGY INTELLIGENCE GROUP, INC. / ENERGY INTELLIGENCE GROUP (UK) LIMITED.",2014,5
Sudan,Other Crudes - Sudan,Source: Energy Intelligence,"COPYRIGHT © 2001-2021 ENERGY INTELLIGENCE GROUP, INC. / ENERGY INTELLIGENCE GROUP (UK) LIMITED.",2015,0
Sudan,Nile Blend Sudan,Source: Energy Intelligence,"COPYRIGHT © 2001-2021 ENERGY INTELLIGENCE GROUP, INC. / ENERGY INTELLIGENCE GROUP (UK) LIMITED.",2015,0
Sudan,Other Crudes - Sudan,Source: Energy Intelligence,"COPYRIGHT © 2001-2021 ENERGY INTELLIGENCE GROUP, INC. / ENERGY INTELLIGENCE GROUP (UK) LIMITED.",2016,0
Sudan,Nile Blend Sudan,Source: Energy Intelligence,"COPYRIGHT © 2001-2021 ENERGY INTELLIGENCE GROUP, INC. / ENERGY INTELLIGENCE GROUP (UK) LIMITED.",2016,0
Sudan,Other Crudes - Sudan,Source: Energy Intelligence,"COPYRIGHT © 2001-2021 ENERGY INTELLIGENCE GROUP, INC. / ENERGY INTELLIGENCE GROUP (UK) LIMITED.",2017,0
Sudan,Nile Blend Sudan,Source: Energy Intelligence,"COPYRIGHT © 2001-2021 ENERGY INTELLIGENCE GROUP, INC. / ENERGY INTELLIGENCE GROUP (UK) LIMITED.",2017,0
Sudan,Other Crudes - Sudan,Source: Energy Intelligence,"COPYRIGHT © 2001-2021 ENERGY INTELLIGENCE GROUP, INC. / ENERGY INTELLIGENCE GROUP (UK) LIMITED.",2018,0
Sudan,Nile Blend Sudan,Source: Energy Intelligence,"COPYRIGHT © 2001-2021 ENERGY INTELLIGENCE GROUP, INC. / ENERGY INTELLIGENCE GROUP (UK) LIMITED.",2018,0
Sudan,Other Crudes - Sudan,Source: Energy Intelligence,"COPYRIGHT © 2001-2021 ENERGY INTELLIGENCE GROUP, INC. / ENERGY INTELLIGENCE GROUP (UK) LIMITED.",2019,0
Sudan,Nile Blend Sudan,Source: Energy Intelligence,"COPYRIGHT © 2001-2021 ENERGY INTELLIGENCE GROUP, INC. / ENERGY INTELLIGENCE GROUP (UK) LIMITED.",2019,0
Sudan,Other Crudes - Sudan,Source: Energy Intelligence,"COPYRIGHT © 2001-2021 ENERGY INTELLIGENCE GROUP, INC. / ENERGY INTELLIGENCE GROUP (UK) LIMITED.",2020,0
Sudan,Nile Blend Sudan,Source: Energy Intelligence,"COPYRIGHT © 2001-2021 ENERGY INTELLIGENCE GROUP, INC. / ENERGY INTELLIGENCE GROUP (UK) LIMITED.",2020,0
Sudan,Other Crudes - Sudan,Source: Energy Intelligence,"COPYRIGHT © 2001-2021 ENERGY INTELLIGENCE GROUP, INC. / ENERGY INTELLIGENCE GROUP (UK) LIMITED.",2021,0
Sudan,Nile Blend Sudan,Source: Energy Intelligence,"COPYRIGHT © 2001-2021 ENERGY INTELLIGENCE GROUP, INC. / ENERGY INTELLIGENCE GROUP (UK) LIMITED.",2021,0
Sudan,Other Crudes - Sudan,Source: Energy Intelligence,"COPYRIGHT © 2001-2021 ENERGY INTELLIGENCE GROUP, INC. / ENERGY INTELLIGENCE GROUP (UK) LIMITED.",2022,0
Sudan,Nile Blend Sudan,Source: Energy Intelligence,"COPYRIGHT © 2001-2021 ENERGY INTELLIGENCE GROUP, INC. / ENERGY INTELLIGENCE GROUP (UK) LIMITED.",2022,0
Sudan,Other Crudes - Sudan,Source: Energy Intelligence,"COPYRIGHT © 2001-2021 ENERGY INTELLIGENCE GROUP, INC. / ENERGY INTELLIGENCE GROUP (UK) LIMITED.",2023,0
Sudan,Nile Blend Sudan,Source: Energy Intelligence,"COPYRIGHT © 2001-2021 ENERGY INTELLIGENCE GROUP, INC. / ENERGY INTELLIGENCE GROUP (UK) LIMITED.",2023,0
Sudan,Other Crudes - Sudan,Source: Energy Intelligence,"COPYRIGHT © 2001-2021 ENERGY INTELLIGENCE GROUP, INC. / ENERGY INTELLIGENCE GROUP (UK) LIMITED.",2024,0
Sudan,Nile Blend Sudan,Source: Energy Intelligence,"COPYRIGHT © 2001-2021 ENERGY INTELLIGENCE GROUP, INC. / ENERGY INTELLIGENCE GROUP (UK) LIMITED.",2024,0
Syria,Syrian Light,Source: Energy Intelligence,"COPYRIGHT © 2001-2021 ENERGY INTELLIGENCE GROUP, INC. / ENERGY INTELLIGENCE GROUP (UK) LIMITED.",2006,85
Syria,Souedieh,Source: Energy Intelligence,"COPYRIGHT © 2001-2021 ENERGY INTELLIGENCE GROUP, INC. / ENERGY INTELLIGENCE GROUP (UK) LIMITED.",2006,110
Syria,Other Crudes - Syria,Source: Energy Intelligence,"COPYRIGHT © 2001-2021 ENERGY INTELLIGENCE GROUP, INC. / ENERGY INTELLIGENCE GROUP (UK) LIMITED.",2006,0
Syria,Syrian Light,Source: Energy Intelligence,"COPYRIGHT © 2001-2021 ENERGY INTELLIGENCE GROUP, INC. / ENERGY INTELLIGENCE GROUP (UK) LIMITED.",2007,70
Syria,Souedieh,Source: Energy Intelligence,"COPYRIGHT © 2001-2021 ENERGY INTELLIGENCE GROUP, INC. / ENERGY INTELLIGENCE GROUP (UK) LIMITED.",2007,110
Syria,Other Crudes - Syria,Source: Energy Intelligence,"COPYRIGHT © 2001-2021 ENERGY INTELLIGENCE GROUP, INC. / ENERGY INTELLIGENCE GROUP (UK) LIMITED.",2007,0
Syria,Syrian Light,Source: Energy Intelligence,"COPYRIGHT © 2001-2021 ENERGY INTELLIGENCE GROUP, INC. / ENERGY INTELLIGENCE GROUP (UK) LIMITED.",2008,45
Syria,Souedieh,Source: Energy Intelligence,"COPYRIGHT © 2001-2021 ENERGY INTELLIGENCE GROUP, INC. / ENERGY INTELLIGENCE GROUP (UK) LIMITED.",2008,105
Syria,Other Crudes - Syria,Source: Energy Intelligence,"COPYRIGHT © 2001-2021 ENERGY INTELLIGENCE GROUP, INC. / ENERGY INTELLIGENCE GROUP (UK) LIMITED.",2008,0
Syria,Syrian Light,Source: Energy Intelligence,"COPYRIGHT © 2001-2021 ENERGY INTELLIGENCE GROUP, INC. / ENERGY INTELLIGENCE GROUP (UK) LIMITED.",2009,32
Syria,Souedieh,Source: Energy Intelligence,"COPYRIGHT © 2001-2021 ENERGY INTELLIGENCE GROUP, INC. / ENERGY INTELLIGENCE GROUP (UK) LIMITED.",2009,110
Syria,Other Crudes - Syria,Source: Energy Intelligence,"COPYRIGHT © 2001-2021 ENERGY INTELLIGENCE GROUP, INC. / ENERGY INTELLIGENCE GROUP (UK) LIMITED.",2009,3
Syria,Syrian Light,Source: Energy Intelligence,"COPYRIGHT © 2001-2021 ENERGY INTELLIGENCE GROUP, INC. / ENERGY INTELLIGENCE GROUP (UK) LIMITED.",2010,38
Syria,Souedieh,Source: Energy Intelligence,"COPYRIGHT © 2001-2021 ENERGY INTELLIGENCE GROUP, INC. / ENERGY INTELLIGENCE GROUP (UK) LIMITED.",2010,115
Syria,Other Crudes - Syria,Source: Energy Intelligence,"COPYRIGHT © 2001-2021 ENERGY INTELLIGENCE GROUP, INC. / ENERGY INTELLIGENCE GROUP (UK) LIMITED.",2010,5
Syria,Syrian Light,Source: Energy Intelligence,"COPYRIGHT © 2001-2021 ENERGY INTELLIGENCE GROUP, INC. / ENERGY INTELLIGENCE GROUP (UK) LIMITED.",2011,5.72
Syria,Souedieh,Source: Energy Intelligence,"COPYRIGHT © 2001-2021 ENERGY INTELLIGENCE GROUP, INC. / ENERGY INTELLIGENCE GROUP (UK) LIMITED.",2011,76.7
Syria,Other Crudes - Syria,Source: Energy Intelligence,"COPYRIGHT © 2001-2021 ENERGY INTELLIGENCE GROUP, INC. / ENERGY INTELLIGENCE GROUP (UK) LIMITED.",2011,0
Syria,Syrian Light,Source: Energy Intelligence,"COPYRIGHT © 2001-2021 ENERGY INTELLIGENCE GROUP, INC. / ENERGY INTELLIGENCE GROUP (UK) LIMITED.",2012,0
Syria,Souedieh,Source: Energy Intelligence,"COPYRIGHT © 2001-2021 ENERGY INTELLIGENCE GROUP, INC. / ENERGY INTELLIGENCE GROUP (UK) LIMITED.",2012,8
Syria,Other Crudes - Syria,Source: Energy Intelligence,"COPYRIGHT © 2001-2021 ENERGY INTELLIGENCE GROUP, INC. / ENERGY INTELLIGENCE GROUP (UK) LIMITED.",2012,0
Syria,Syrian Light,Source: Energy Intelligence,"COPYRIGHT © 2001-2021 ENERGY INTELLIGENCE GROUP, INC. / ENERGY INTELLIGENCE GROUP (UK) LIMITED.",2015,0
Syria,Souedieh,Source: Energy Intelligence,"COPYRIGHT © 2001-2021 ENERGY INTELLIGENCE GROUP, INC. / ENERGY INTELLIGENCE GROUP (UK) LIMITED.",2015,0
Syria,Syrian Light,Source: Energy Intelligence,"COPYRIGHT © 2001-2021 ENERGY INTELLIGENCE GROUP, INC. / ENERGY INTELLIGENCE GROUP (UK) LIMITED.",2016,0
Syria,Souedieh,Source: Energy Intelligence,"COPYRIGHT © 2001-2021 ENERGY INTELLIGENCE GROUP, INC. / ENERGY INTELLIGENCE GROUP (UK) LIMITED.",2016,0
Syria,Syrian Light,Source: Energy Intelligence,"COPYRIGHT © 2001-2021 ENERGY INTELLIGENCE GROUP, INC. / ENERGY INTELLIGENCE GROUP (UK) LIMITED.",2017,0
Syria,Souedieh,Source: Energy Intelligence,"COPYRIGHT © 2001-2021 ENERGY INTELLIGENCE GROUP, INC. / ENERGY INTELLIGENCE GROUP (UK) LIMITED.",2017,0
Syria,Syrian Light,Source: Energy Intelligence,"COPYRIGHT © 2001-2021 ENERGY INTELLIGENCE GROUP, INC. / ENERGY INTELLIGENCE GROUP (UK) LIMITED.",2018,0
Syria,Souedieh,Source: Energy Intelligence,"COPYRIGHT © 2001-2021 ENERGY INTELLIGENCE GROUP, INC. / ENERGY INTELLIGENCE GROUP (UK) LIMITED.",2018,0
Syria,Syrian Light,Source: Energy Intelligence,"COPYRIGHT © 2001-2021 ENERGY INTELLIGENCE GROUP, INC. / ENERGY INTELLIGENCE GROUP (UK) LIMITED.",2019,0
Syria,Souedieh,Source: Energy Intelligence,"COPYRIGHT © 2001-2021 ENERGY INTELLIGENCE GROUP, INC. / ENERGY INTELLIGENCE GROUP (UK) LIMITED.",2019,0
Syria,Other Crudes - Syria,Source: Energy Intelligence,"COPYRIGHT © 2001-2021 ENERGY INTELLIGENCE GROUP, INC. / ENERGY INTELLIGENCE GROUP (UK) LIMITED.",2019,0
Syria,Syrian Light,Source: Energy Intelligence,"COPYRIGHT © 2001-2021 ENERGY INTELLIGENCE GROUP, INC. / ENERGY INTELLIGENCE GROUP (UK) LIMITED.",2020,0
Syria,Souedieh,Source: Energy Intelligence,"COPYRIGHT © 2001-2021 ENERGY INTELLIGENCE GROUP, INC. / ENERGY INTELLIGENCE GROUP (UK) LIMITED.",2020,0
Syria,Other Crudes - Syria,Source: Energy Intelligence,"COPYRIGHT © 2001-2021 ENERGY INTELLIGENCE GROUP, INC. / ENERGY INTELLIGENCE GROUP (UK) LIMITED.",2020,0
Syria,Syrian Light,Source: Energy Intelligence,"COPYRIGHT © 2001-2021 ENERGY INTELLIGENCE GROUP, INC. / ENERGY INTELLIGENCE GROUP (UK) LIMITED.",2021,0
Syria,Souedieh,Source: Energy Intelligence,"COPYRIGHT © 2001-2021 ENERGY INTELLIGENCE GROUP, INC. / ENERGY INTELLIGENCE GROUP (UK) LIMITED.",2021,0
Syria,Other Crudes - Syria,Source: Energy Intelligence,"COPYRIGHT © 2001-2021 ENERGY INTELLIGENCE GROUP, INC. / ENERGY INTELLIGENCE GROUP (UK) LIMITED.",2021,0
Syria,Syrian Light,Source: Energy Intelligence,"COPYRIGHT © 2001-2021 ENERGY INTELLIGENCE GROUP, INC. / ENERGY INTELLIGENCE GROUP (UK) LIMITED.",2022,0
Syria,Souedieh,Source: Energy Intelligence,"COPYRIGHT © 2001-2021 ENERGY INTELLIGENCE GROUP, INC. / ENERGY INTELLIGENCE GROUP (UK) LIMITED.",2022,0
Syria,Syrian Light,Source: Energy Intelligence,"COPYRIGHT © 2001-2021 ENERGY INTELLIGENCE GROUP, INC. / ENERGY INTELLIGENCE GROUP (UK) LIMITED.",2023,0
Syria,Souedieh,Source: Energy Intelligence,"COPYRIGHT © 2001-2021 ENERGY INTELLIGENCE GROUP, INC. / ENERGY INTELLIGENCE GROUP (UK) LIMITED.",2023,0
Syria,Syrian Light,Source: Energy Intelligence,"COPYRIGHT © 2001-2021 ENERGY INTELLIGENCE GROUP, INC. / ENERGY INTELLIGENCE GROUP (UK) LIMITED.",2024,0
Syria,Souedieh,Source: Energy Intelligence,"COPYRIGHT © 2001-2021 ENERGY INTELLIGENCE GROUP, INC. / ENERGY INTELLIGENCE GROUP (UK) LIMITED.",2024,0
Turkmenistan,Turkmen Blend,Source: Energy Intelligence,"COPYRIGHT © 2001-2021 ENERGY INTELLIGENCE GROUP, INC. / ENERGY INTELLIGENCE GROUP (UK) LIMITED.",2006,34.66
Turkmenistan,Other Crudes - Turkmenistan,Source: Energy Intelligence,"COPYRIGHT © 2001-2021 ENERGY INTELLIGENCE GROUP, INC. / ENERGY INTELLIGENCE GROUP (UK) LIMITED.",2006,62.51
Turkmenistan,Turkmen Blend,Source: Energy Intelligence,"COPYRIGHT © 2001-2021 ENERGY INTELLIGENCE GROUP, INC. / ENERGY INTELLIGENCE GROUP (UK) LIMITED.",2007,38.85
Turkmenistan,Other Crudes - Turkmenistan,Source: Energy Intelligence,"COPYRIGHT © 2001-2021 ENERGY INTELLIGENCE GROUP, INC. / ENERGY INTELLIGENCE GROUP (UK) LIMITED.",2007,58.35
Turkmenistan,Other Crudes - Turkmenistan,Source: Energy Intelligence,"COPYRIGHT © 2001-2021 ENERGY INTELLIGENCE GROUP, INC. / ENERGY INTELLIGENCE GROUP (UK) LIMITED.",2008,79.94
Turkmenistan,Cheleken,Source: Energy Intelligence,"COPYRIGHT © 2001-2021 ENERGY INTELLIGENCE GROUP, INC. / ENERGY INTELLIGENCE GROUP (UK) LIMITED.",2008,21.8
Turkmenistan,Other Crudes - Turkmenistan,Source: Energy Intelligence,"COPYRIGHT © 2001-2021 ENERGY INTELLIGENCE GROUP, INC. / ENERGY INTELLIGENCE GROUP (UK) LIMITED.",2009,86.26
Turkmenistan,Cheleken,Source: Energy Intelligence,"COPYRIGHT © 2001-2021 ENERGY INTELLIGENCE GROUP, INC. / ENERGY INTELLIGENCE GROUP (UK) LIMITED.",2009,28.8
Turkmenistan,Other Crudes - Turkmenistan,Source: Energy Intelligence,"COPYRIGHT © 2001-2021 ENERGY INTELLIGENCE GROUP, INC. / ENERGY INTELLIGENCE GROUP (UK) LIMITED.",2010,78.98
Turkmenistan,Cheleken,Source: Energy Intelligence,"COPYRIGHT © 2001-2021 ENERGY INTELLIGENCE GROUP, INC. / ENERGY INTELLIGENCE GROUP (UK) LIMITED.",2010,29.59
Turkmenistan,Other Crudes - Turkmenistan,Source: Energy Intelligence,"COPYRIGHT © 2001-2021 ENERGY INTELLIGENCE GROUP, INC. / ENERGY INTELLIGENCE GROUP (UK) LIMITED.",2011,78.36
Turkmenistan,Cheleken,Source: Energy Intelligence,"COPYRIGHT © 2001-2021 ENERGY INTELLIGENCE GROUP, INC. / ENERGY INTELLIGENCE GROUP (UK) LIMITED.",2011,31.1
Turkmenistan,Other Crudes - Turkmenistan,Source: Energy Intelligence,"COPYRIGHT © 2001-2021 ENERGY INTELLIGENCE GROUP, INC. / ENERGY INTELLIGENCE GROUP (UK) LIMITED.",2012,83.11
Turkmenistan,Cheleken,Source: Energy Intelligence,"COPYRIGHT © 2001-2021 ENERGY INTELLIGENCE GROUP, INC. / ENERGY INTELLIGENCE GROUP (UK) LIMITED.",2012,31.69
Turkmenistan,Other Crudes - Turkmenistan,Source: Energy Intelligence,"COPYRIGHT © 2001-2021 ENERGY INTELLIGENCE GROUP, INC. / ENERGY INTELLIGENCE GROUP (UK) LIMITED.",2013,86.77
Turkmenistan,Cheleken,Source: Energy Intelligence,"COPYRIGHT © 2001-2021 ENERGY INTELLIGENCE GROUP, INC. / ENERGY INTELLIGENCE GROUP (UK) LIMITED.",2013,31.51
Turkmenistan,Other Crudes - Turkmenistan,Source: Energy Intelligence,"COPYRIGHT © 2001-2021 ENERGY INTELLIGENCE GROUP, INC. / ENERGY INTELLIGENCE GROUP (UK) LIMITED.",2014,82.98
Turkmenistan,Cheleken,Source: Energy Intelligence,"COPYRIGHT © 2001-2021 ENERGY INTELLIGENCE GROUP, INC. / ENERGY INTELLIGENCE GROUP (UK) LIMITED.",2014,36.99
Turkmenistan,Other Crudes - Turkmenistan,Source: Energy Intelligence,"COPYRIGHT © 2001-2021 ENERGY INTELLIGENCE GROUP, INC. / ENERGY INTELLIGENCE GROUP (UK) LIMITED.",2015,67.61
Turkmenistan,Cheleken,Source: Energy Intelligence,"COPYRIGHT © 2001-2021 ENERGY INTELLIGENCE GROUP, INC. / ENERGY INTELLIGENCE GROUP (UK) LIMITED.",2015,58.63
Turkmenistan,Other Crudes - Turkmenistan,Source: Energy Intelligence,"COPYRIGHT © 2001-2021 ENERGY INTELLIGENCE GROUP, INC. / ENERGY INTELLIGENCE GROUP (UK) LIMITED.",2016,63.65
Turkmenistan,Cheleken,Source: Energy Intelligence,"COPYRIGHT © 2001-2021 ENERGY INTELLIGENCE GROUP, INC. / ENERGY INTELLIGENCE GROUP (UK) LIMITED.",2016,63.74
Turkmenistan,Other Crudes - Turkmenistan,Source: Energy Intelligence,"COPYRIGHT © 2001-2021 ENERGY INTELLIGENCE GROUP, INC. / ENERGY INTELLIGENCE GROUP (UK) LIMITED.",2017,72.1
Turkmenistan,Cheleken,Source: Energy Intelligence,"COPYRIGHT © 2001-2021 ENERGY INTELLIGENCE GROUP, INC. / ENERGY INTELLIGENCE GROUP (UK) LIMITED.",2017,55.42
Turkmenistan,Other Crudes - Turkmenistan,Source: Energy Intelligence,"COPYRIGHT © 2001-2021 ENERGY INTELLIGENCE GROUP, INC. / ENERGY INTELLIGENCE GROUP (UK) LIMITED.",2018,54.7
Turkmenistan,Cheleken,Source: Energy Intelligence,"COPYRIGHT © 2001-2021 ENERGY INTELLIGENCE GROUP, INC. / ENERGY INTELLIGENCE GROUP (UK) LIMITED.",2018,59.97
Turkmenistan,Other Crudes - Turkmenistan,Source: Energy Intelligence,"COPYRIGHT © 2001-2021 ENERGY INTELLIGENCE GROUP, INC. / ENERGY INTELLIGENCE GROUP (UK) LIMITED.",2019,44.3
Turkmenistan,Cheleken,Source: Energy Intelligence,"COPYRIGHT © 2001-2021 ENERGY INTELLIGENCE GROUP, INC. / ENERGY INTELLIGENCE GROUP (UK) LIMITED.",2019,60
Turkmenistan,Other Crudes - Turkmenistan,Source: Energy Intelligence,"COPYRIGHT © 2001-2021 ENERGY INTELLIGENCE GROUP, INC. / ENERGY INTELLIGENCE GROUP (UK) LIMITED.",2020,22.2
Turkmenistan,Cheleken,Source: Energy Intelligence,"COPYRIGHT © 2001-2021 ENERGY INTELLIGENCE GROUP, INC. / ENERGY INTELLIGENCE GROUP (UK) LIMITED.",2020,52
Turkmenistan,Other Crudes - Turkmenistan,Source: Energy Intelligence,"COPYRIGHT © 2001-2021 ENERGY INTELLIGENCE GROUP, INC. / ENERGY INTELLIGENCE GROUP (UK) LIMITED.",2021,54
Turkmenistan,Cheleken,Source: Energy Intelligence,"COPYRIGHT © 2001-2021 ENERGY INTELLIGENCE GROUP, INC. / ENERGY INTELLIGENCE GROUP (UK) LIMITED.",2021,52
Turkmenistan,Other Crudes - Turkmenistan,Source: Energy Intelligence,"COPYRIGHT © 2001-2021 ENERGY INTELLIGENCE GROUP, INC. / ENERGY INTELLIGENCE GROUP (UK) LIMITED.",2022,0
Turkmenistan,Cheleken,Source: Energy Intelligence,"COPYRIGHT © 2001-2021 ENERGY INTELLIGENCE GROUP, INC. / ENERGY INTELLIGENCE GROUP (UK) LIMITED.",2022,60
Turkmenistan,Other Crudes - Turkmenistan,Source: Energy Intelligence,"COPYRIGHT © 2001-2021 ENERGY INTELLIGENCE GROUP, INC. / ENERGY INTELLIGENCE GROUP (UK) LIMITED.",2023,0
Turkmenistan,Cheleken,Source: Energy Intelligence,"COPYRIGHT © 2001-2021 ENERGY INTELLIGENCE GROUP, INC. / ENERGY INTELLIGENCE GROUP (UK) LIMITED.",2023,60
Turkmenistan,Other Crudes - Turkmenistan,Source: Energy Intelligence,"COPYRIGHT © 2001-2021 ENERGY INTELLIGENCE GROUP, INC. / ENERGY INTELLIGENCE GROUP (UK) LIMITED.",2024,0
Turkmenistan,Cheleken,Source: Energy Intelligence,"COPYRIGHT © 2001-2021 ENERGY INTELLIGENCE GROUP, INC. / ENERGY INTELLIGENCE GROUP (UK) LIMITED.",2024,55
United Kingdom,Schiehallion Blend,Source: Energy Intelligence,"COPYRIGHT © 2001-2021 ENERGY INTELLIGENCE GROUP, INC. / ENERGY INTELLIGENCE GROUP (UK) LIMITED.",2006,73
United Kingdom,Other Crudes - United Kingdom,Source: Energy Intelligence,"COPYRIGHT © 2001-2021 ENERGY INTELLIGENCE GROUP, INC. / ENERGY INTELLIGENCE GROUP (UK) LIMITED.",2006,493.42
United Kingdom,Forties Blend,Source: Energy Intelligence,"COPYRIGHT © 2001-2021 ENERGY INTELLIGENCE GROUP, INC. / ENERGY INTELLIGENCE GROUP (UK) LIMITED.",2006,329.12
United Kingdom,Flotta Gold,Source: Energy Intelligence,"COPYRIGHT © 2001-2021 ENERGY INTELLIGENCE GROUP, INC. / ENERGY INTELLIGENCE GROUP (UK) LIMITED.",2006,34.34
United Kingdom,Clair,Source: Energy Intelligence,"COPYRIGHT © 2001-2021 ENERGY INTELLIGENCE GROUP, INC. / ENERGY INTELLIGENCE GROUP (UK) LIMITED.",2006,25
United Kingdom,Brent Blend,Source: Energy Intelligence,"COPYRIGHT © 2001-2021 ENERGY INTELLIGENCE GROUP, INC. / ENERGY INTELLIGENCE GROUP (UK) LIMITED.",2006,162.97
United Kingdom,Schiehallion Blend,Source: Energy Intelligence,"COPYRIGHT © 2001-2021 ENERGY INTELLIGENCE GROUP, INC. / ENERGY INTELLIGENCE GROUP (UK) LIMITED.",2007,53
United Kingdom,Other Crudes - United Kingdom,Source: Energy Intelligence,"COPYRIGHT © 2001-2021 ENERGY INTELLIGENCE GROUP, INC. / ENERGY INTELLIGENCE GROUP (UK) LIMITED.",2007,515.23
United Kingdom,Forties Blend,Source: Energy Intelligence,"COPYRIGHT © 2001-2021 ENERGY INTELLIGENCE GROUP, INC. / ENERGY INTELLIGENCE GROUP (UK) LIMITED.",2007,360.45
United Kingdom,Flotta Gold,Source: Energy Intelligence,"COPYRIGHT © 2001-2021 ENERGY INTELLIGENCE GROUP, INC. / ENERGY INTELLIGENCE GROUP (UK) LIMITED.",2007,33.74
United Kingdom,Clair,Source: Energy Intelligence,"COPYRIGHT © 2001-2021 ENERGY INTELLIGENCE GROUP, INC. / ENERGY INTELLIGENCE GROUP (UK) LIMITED.",2007,29
United Kingdom,Brent Blend,Source: Energy Intelligence,"COPYRIGHT © 2001-2021 ENERGY INTELLIGENCE GROUP, INC. / ENERGY INTELLIGENCE GROUP (UK) LIMITED.",2007,132.31
United Kingdom,Schiehallion Blend,Source: Energy Intelligence,"COPYRIGHT © 2001-2021 ENERGY INTELLIGENCE GROUP, INC. / ENERGY INTELLIGENCE GROUP (UK) LIMITED.",2008,45
United Kingdom,Other Crudes - United Kingdom,Source: Energy Intelligence,"COPYRIGHT © 2001-2021 ENERGY INTELLIGENCE GROUP, INC. / ENERGY INTELLIGENCE GROUP (UK) LIMITED.",2008,430.65
United Kingdom,Forties Blend,Source: Energy Intelligence,"COPYRIGHT © 2001-2021 ENERGY INTELLIGENCE GROUP, INC. / ENERGY INTELLIGENCE GROUP (UK) LIMITED.",2008,380.96
United Kingdom,Flotta Gold,Source: Energy Intelligence,"COPYRIGHT © 2001-2021 ENERGY INTELLIGENCE GROUP, INC. / ENERGY INTELLIGENCE GROUP (UK) LIMITED.",2008,33.68
United Kingdom,Clair,Source: Energy Intelligence,"COPYRIGHT © 2001-2021 ENERGY INTELLIGENCE GROUP, INC. / ENERGY INTELLIGENCE GROUP (UK) LIMITED.",2008,46
United Kingdom,Brent Blend,Source: Energy Intelligence,"COPYRIGHT © 2001-2021 ENERGY INTELLIGENCE GROUP, INC. / ENERGY INTELLIGENCE GROUP (UK) LIMITED.",2008,111.56
United Kingdom,Schiehallion Blend,Source: Energy Intelligence,"COPYRIGHT © 2001-2021 ENERGY INTELLIGENCE GROUP, INC. / ENERGY INTELLIGENCE GROUP (UK) LIMITED.",2009,17
United Kingdom,Other Crudes - United Kingdom,Source: Energy Intelligence,"COPYRIGHT © 2001-2021 ENERGY INTELLIGENCE GROUP, INC. / ENERGY INTELLIGENCE GROUP (UK) LIMITED.",2009,380.54
United Kingdom,Forties Blend,Source: Energy Intelligence,"COPYRIGHT © 2001-2021 ENERGY INTELLIGENCE GROUP, INC. / ENERGY INTELLIGENCE GROUP (UK) LIMITED.",2009,377.32
United Kingdom,Flotta Gold,Source: Energy Intelligence,"COPYRIGHT © 2001-2021 ENERGY INTELLIGENCE GROUP, INC. / ENERGY INTELLIGENCE GROUP (UK) LIMITED.",2009,31.98
United Kingdom,Clair,Source: Energy Intelligence,"COPYRIGHT © 2001-2021 ENERGY INTELLIGENCE GROUP, INC. / ENERGY INTELLIGENCE GROUP (UK) LIMITED.",2009,51
United Kingdom,Brent Blend,Source: Energy Intelligence,"COPYRIGHT © 2001-2021 ENERGY INTELLIGENCE GROUP, INC. / ENERGY INTELLIGENCE GROUP (UK) LIMITED.",2009,110.08
United Kingdom,Other Crudes - United Kingdom,Source: Energy Intelligence,"COPYRIGHT © 2001-2021 ENERGY INTELLIGENCE GROUP, INC. / ENERGY INTELLIGENCE GROUP (UK) LIMITED.",2010,367.21
United Kingdom,Forties Blend,Source: Energy Intelligence,"COPYRIGHT © 2001-2021 ENERGY INTELLIGENCE GROUP, INC. / ENERGY INTELLIGENCE GROUP (UK) LIMITED.",2010,340.73
United Kingdom,Flotta Gold,Source: Energy Intelligence,"COPYRIGHT © 2001-2021 ENERGY INTELLIGENCE GROUP, INC. / ENERGY INTELLIGENCE GROUP (UK) LIMITED.",2010,29.66
United Kingdom,Brent Blend,Source: Energy Intelligence,"COPYRIGHT © 2001-2021 ENERGY INTELLIGENCE GROUP, INC. / ENERGY INTELLIGENCE GROUP (UK) LIMITED.",2010,108.5
United Kingdom,Schiehallion Blend,Source: Energy Intelligence,"COPYRIGHT © 2001-2021 ENERGY INTELLIGENCE GROUP, INC. / ENERGY INTELLIGENCE GROUP (UK) LIMITED.",2011,14
United Kingdom,Other Crudes - United Kingdom,Source: Energy Intelligence,"COPYRIGHT © 2001-2021 ENERGY INTELLIGENCE GROUP, INC. / ENERGY INTELLIGENCE GROUP (UK) LIMITED.",2011,355
United Kingdom,Forties Blend,Source: Energy Intelligence,"COPYRIGHT © 2001-2021 ENERGY INTELLIGENCE GROUP, INC. / ENERGY INTELLIGENCE GROUP (UK) LIMITED.",2011,185.81
United Kingdom,Flotta Gold,Source: Energy Intelligence,"COPYRIGHT © 2001-2021 ENERGY INTELLIGENCE GROUP, INC. / ENERGY INTELLIGENCE GROUP (UK) LIMITED.",2011,22.08
United Kingdom,Clair,Source: Energy Intelligence,"COPYRIGHT © 2001-2021 ENERGY INTELLIGENCE GROUP, INC. / ENERGY INTELLIGENCE GROUP (UK) LIMITED.",2011,30
United Kingdom,Brent Blend,Source: Energy Intelligence,"COPYRIGHT © 2001-2021 ENERGY INTELLIGENCE GROUP, INC. / ENERGY INTELLIGENCE GROUP (UK) LIMITED.",2011,102.56
United Kingdom,Schiehallion Blend,Source: Energy Intelligence,"COPYRIGHT © 2001-2021 ENERGY INTELLIGENCE GROUP, INC. / ENERGY INTELLIGENCE GROUP (UK) LIMITED.",2012,44
United Kingdom,Other Crudes - United Kingdom,Source: Energy Intelligence,"COPYRIGHT © 2001-2021 ENERGY INTELLIGENCE GROUP, INC. / ENERGY INTELLIGENCE GROUP (UK) LIMITED.",2012,344.89
United Kingdom,Forties Blend,Source: Energy Intelligence,"COPYRIGHT © 2001-2021 ENERGY INTELLIGENCE GROUP, INC. / ENERGY INTELLIGENCE GROUP (UK) LIMITED.",2012,227.89
United Kingdom,Flotta Gold,Source: Energy Intelligence,"COPYRIGHT © 2001-2021 ENERGY INTELLIGENCE GROUP, INC. / ENERGY INTELLIGENCE GROUP (UK) LIMITED.",2012,15.11
United Kingdom,Clair,Source: Energy Intelligence,"COPYRIGHT © 2001-2021 ENERGY INTELLIGENCE GROUP, INC. / ENERGY INTELLIGENCE GROUP (UK) LIMITED.",2012,18
United Kingdom,Brent Blend,Source: Energy Intelligence,"COPYRIGHT © 2001-2021 ENERGY INTELLIGENCE GROUP, INC. / ENERGY INTELLIGENCE GROUP (UK) LIMITED.",2012,90.18
United Kingdom,Schiehallion Blend,Source: Energy Intelligence,"COPYRIGHT © 2001-2021 ENERGY INTELLIGENCE GROUP, INC. / ENERGY INTELLIGENCE GROUP (UK) LIMITED.",2013,2
United Kingdom,Other Crudes - United Kingdom,Source: Energy Intelligence,"COPYRIGHT © 2001-2021 ENERGY INTELLIGENCE GROUP, INC. / ENERGY INTELLIGENCE GROUP (UK) LIMITED.",2013,250.16
United Kingdom,Forties Blend,Source: Energy Intelligence,"COPYRIGHT © 2001-2021 ENERGY INTELLIGENCE GROUP, INC. / ENERGY INTELLIGENCE GROUP (UK) LIMITED.",2013,262.09
United Kingdom,Flotta Gold,Source: Energy Intelligence,"COPYRIGHT © 2001-2021 ENERGY INTELLIGENCE GROUP, INC. / ENERGY INTELLIGENCE GROUP (UK) LIMITED.",2013,11
United Kingdom,Clair,Source: Energy Intelligence,"COPYRIGHT © 2001-2021 ENERGY INTELLIGENCE GROUP, INC. / ENERGY INTELLIGENCE GROUP (UK) LIMITED.",2013,10
United Kingdom,Brent Blend,Source: Energy Intelligence,"COPYRIGHT © 2001-2021 ENERGY INTELLIGENCE GROUP, INC. / ENERGY INTELLIGENCE GROUP (UK) LIMITED.",2013,82.74
United Kingdom,Other Crudes - United Kingdom,Source: Energy Intelligence,"COPYRIGHT © 2001-2021 ENERGY INTELLIGENCE GROUP, INC. / ENERGY INTELLIGENCE GROUP (UK) LIMITED.",2014,208.45
United Kingdom,Forties Blend,Source: Energy Intelligence,"COPYRIGHT © 2001-2021 ENERGY INTELLIGENCE GROUP, INC. / ENERGY INTELLIGENCE GROUP (UK) LIMITED.",2014,230.79
United Kingdom,Brent Blend,Source: Energy Intelligence,"COPYRIGHT © 2001-2021 ENERGY INTELLIGENCE GROUP, INC. / ENERGY INTELLIGENCE GROUP (UK) LIMITED.",2014,92.66
United Kingdom,Other Crudes - United Kingdom,Source: Energy Intelligence,"COPYRIGHT © 2001-2021 ENERGY INTELLIGENCE GROUP, INC. / ENERGY INTELLIGENCE GROUP (UK) LIMITED.",2015,232.04
United Kingdom,Forties Blend,Source: Energy Intelligence,"COPYRIGHT © 2001-2021 ENERGY INTELLIGENCE GROUP, INC. / ENERGY INTELLIGENCE GROUP (UK) LIMITED.",2015,290.18
United Kingdom,Brent Blend,Source: Energy Intelligence,"COPYRIGHT © 2001-2021 ENERGY INTELLIGENCE GROUP, INC. / ENERGY INTELLIGENCE GROUP (UK) LIMITED.",2015,75.38
United Kingdom,Other Crudes - United Kingdom,Source: Energy Intelligence,"COPYRIGHT © 2001-2021 ENERGY INTELLIGENCE GROUP, INC. / ENERGY INTELLIGENCE GROUP (UK) LIMITED.",2016,168.38
United Kingdom,Forties Blend,Source: Energy Intelligence,"COPYRIGHT © 2001-2021 ENERGY INTELLIGENCE GROUP, INC. / ENERGY INTELLIGENCE GROUP (UK) LIMITED.",2016,288.4
United Kingdom,Flotta Gold,Source: Energy Intelligence,"COPYRIGHT © 2001-2021 ENERGY INTELLIGENCE GROUP, INC. / ENERGY INTELLIGENCE GROUP (UK) LIMITED.",2016,86.6
United Kingdom,Clair,Source: Energy Intelligence,"COPYRIGHT © 2001-2021 ENERGY INTELLIGENCE GROUP, INC. / ENERGY INTELLIGENCE GROUP (UK) LIMITED.",2016,20
United Kingdom,Brent Blend,Source: Energy Intelligence,"COPYRIGHT © 2001-2021 ENERGY INTELLIGENCE GROUP, INC. / ENERGY INTELLIGENCE GROUP (UK) LIMITED.",2016,73.43
United Kingdom,Schiehallion Blend,Source: Energy Intelligence,"COPYRIGHT © 2001-2021 ENERGY INTELLIGENCE GROUP, INC. / ENERGY INTELLIGENCE GROUP (UK) LIMITED.",2017,27
United Kingdom,Other Crudes - United Kingdom,Source: Energy Intelligence,"COPYRIGHT © 2001-2021 ENERGY INTELLIGENCE GROUP, INC. / ENERGY INTELLIGENCE GROUP (UK) LIMITED.",2017,262.04
United Kingdom,Forties Blend,Source: Energy Intelligence,"COPYRIGHT © 2001-2021 ENERGY INTELLIGENCE GROUP, INC. / ENERGY INTELLIGENCE GROUP (UK) LIMITED.",2017,272.86
United Kingdom,Flotta Gold,Source: Energy Intelligence,"COPYRIGHT © 2001-2021 ENERGY INTELLIGENCE GROUP, INC. / ENERGY INTELLIGENCE GROUP (UK) LIMITED.",2017,92.2
United Kingdom,Clair,Source: Energy Intelligence,"COPYRIGHT © 2001-2021 ENERGY INTELLIGENCE GROUP, INC. / ENERGY INTELLIGENCE GROUP (UK) LIMITED.",2017,18.99
United Kingdom,Brent Blend,Source: Energy Intelligence,"COPYRIGHT © 2001-2021 ENERGY INTELLIGENCE GROUP, INC. / ENERGY INTELLIGENCE GROUP (UK) LIMITED.",2017,61.88
United Kingdom,Schiehallion Blend,Source: Energy Intelligence,"COPYRIGHT © 2001-2021 ENERGY INTELLIGENCE GROUP, INC. / ENERGY INTELLIGENCE GROUP (UK) LIMITED.",2018,79.77
United Kingdom,Other Crudes - United Kingdom,Source: Energy Intelligence,"COPYRIGHT © 2001-2021 ENERGY INTELLIGENCE GROUP, INC. / ENERGY INTELLIGENCE GROUP (UK) LIMITED.",2018,351.63
United Kingdom,Forties Blend,Source: Energy Intelligence,"COPYRIGHT © 2001-2021 ENERGY INTELLIGENCE GROUP, INC. / ENERGY INTELLIGENCE GROUP (UK) LIMITED.",2018,259.56
United Kingdom,Flotta Gold,Source: Energy Intelligence,"COPYRIGHT © 2001-2021 ENERGY INTELLIGENCE GROUP, INC. / ENERGY INTELLIGENCE GROUP (UK) LIMITED.",2018,63.4
United Kingdom,Clair,Source: Energy Intelligence,"COPYRIGHT © 2001-2021 ENERGY INTELLIGENCE GROUP, INC. / ENERGY INTELLIGENCE GROUP (UK) LIMITED.",2018,0
United Kingdom,Brent Blend,Source: Energy Intelligence,"COPYRIGHT © 2001-2021 ENERGY INTELLIGENCE GROUP, INC. / ENERGY INTELLIGENCE GROUP (UK) LIMITED.",2018,59.25
United Kingdom,Schiehallion Blend,Source: Energy Intelligence,"COPYRIGHT © 2001-2021 ENERGY INTELLIGENCE GROUP, INC. / ENERGY INTELLIGENCE GROUP (UK) LIMITED.",2019,68.1
United Kingdom,Other Crudes - United Kingdom,Source: Energy Intelligence,"COPYRIGHT © 2001-2021 ENERGY INTELLIGENCE GROUP, INC. / ENERGY INTELLIGENCE GROUP (UK) LIMITED.",2019,316.77
United Kingdom,Forties Blend,Source: Energy Intelligence,"COPYRIGHT © 2001-2021 ENERGY INTELLIGENCE GROUP, INC. / ENERGY INTELLIGENCE GROUP (UK) LIMITED.",2019,247.02
United Kingdom,Flotta Gold,Source: Energy Intelligence,"COPYRIGHT © 2001-2021 ENERGY INTELLIGENCE GROUP, INC. / ENERGY INTELLIGENCE GROUP (UK) LIMITED.",2019,56.9
United Kingdom,Clair,Source: Energy Intelligence,"COPYRIGHT © 2001-2021 ENERGY INTELLIGENCE GROUP, INC. / ENERGY INTELLIGENCE GROUP (UK) LIMITED.",2019,62
United Kingdom,Brent Blend,Source: Energy Intelligence,"COPYRIGHT © 2001-2021 ENERGY INTELLIGENCE GROUP, INC. / ENERGY INTELLIGENCE GROUP (UK) LIMITED.",2019,62.4
United Kingdom,Schiehallion Blend,Source: Energy Intelligence,"COPYRIGHT © 2001-2021 ENERGY INTELLIGENCE GROUP, INC. / ENERGY INTELLIGENCE GROUP (UK) LIMITED.",2020,63.3
United Kingdom,Other Crudes - United Kingdom,Source: Energy Intelligence,"COPYRIGHT © 2001-2021 ENERGY INTELLIGENCE GROUP, INC. / ENERGY INTELLIGENCE GROUP (UK) LIMITED.",2020,216.06
United Kingdom,Forties Blend,Source: Energy Intelligence,"COPYRIGHT © 2001-2021 ENERGY INTELLIGENCE GROUP, INC. / ENERGY INTELLIGENCE GROUP (UK) LIMITED.",2020,220.29
United Kingdom,Flotta Gold,Source: Energy Intelligence,"COPYRIGHT © 2001-2021 ENERGY INTELLIGENCE GROUP, INC. / ENERGY INTELLIGENCE GROUP (UK) LIMITED.",2020,51.18
United Kingdom,Clair,Source: Energy Intelligence,"COPYRIGHT © 2001-2021 ENERGY INTELLIGENCE GROUP, INC. / ENERGY INTELLIGENCE GROUP (UK) LIMITED.",2020,64
United Kingdom,Brent Blend,Source: Energy Intelligence,"COPYRIGHT © 2001-2021 ENERGY INTELLIGENCE GROUP, INC. / ENERGY INTELLIGENCE GROUP (UK) LIMITED.",2020,54.67
United Kingdom,Schiehallion Blend,Source: Energy Intelligence,"COPYRIGHT © 2001-2021 ENERGY INTELLIGENCE GROUP, INC. / ENERGY INTELLIGENCE GROUP (UK) LIMITED.",2021,56.9
United Kingdom,Other Crudes - United Kingdom,Source: Energy Intelligence,"COPYRIGHT © 2001-2021 ENERGY INTELLIGENCE GROUP, INC. / ENERGY INTELLIGENCE GROUP (UK) LIMITED.",2021,318.24
United Kingdom,Forties Blend,Source: Energy Intelligence,"COPYRIGHT © 2001-2021 ENERGY INTELLIGENCE GROUP, INC. / ENERGY INTELLIGENCE GROUP (UK) LIMITED.",2021,160.03
United Kingdom,Flotta Gold,Source: Energy Intelligence,"COPYRIGHT © 2001-2021 ENERGY INTELLIGENCE GROUP, INC. / ENERGY INTELLIGENCE GROUP (UK) LIMITED.",2021,50.03
United Kingdom,Clair,Source: Energy Intelligence,"COPYRIGHT © 2001-2021 ENERGY INTELLIGENCE GROUP, INC. / ENERGY INTELLIGENCE GROUP (UK) LIMITED.",2021,68
United Kingdom,Brent Blend,Source: Energy Intelligence,"COPYRIGHT © 2001-2021 ENERGY INTELLIGENCE GROUP, INC. / ENERGY INTELLIGENCE GROUP (UK) LIMITED.",2021,41.1
United Kingdom,Schiehallion Blend,Source: Energy Intelligence,"COPYRIGHT © 2001-2021 ENERGY INTELLIGENCE GROUP, INC. / ENERGY INTELLIGENCE GROUP (UK) LIMITED.",2022,56.81
United Kingdom,Other Crudes - United Kingdom,Source: Energy Intelligence,"COPYRIGHT © 2001-2021 ENERGY INTELLIGENCE GROUP, INC. / ENERGY INTELLIGENCE GROUP (UK) LIMITED.",2022,139.64
United Kingdom,Forties Blend,Source: Energy Intelligence,"COPYRIGHT © 2001-2021 ENERGY INTELLIGENCE GROUP, INC. / ENERGY INTELLIGENCE GROUP (UK) LIMITED.",2022,228.67
United Kingdom,Flotta Gold,Source: Energy Intelligence,"COPYRIGHT © 2001-2021 ENERGY INTELLIGENCE GROUP, INC. / ENERGY INTELLIGENCE GROUP (UK) LIMITED.",2022,40.09
United Kingdom,Clair,Source: Energy Intelligence,"COPYRIGHT © 2001-2021 ENERGY INTELLIGENCE GROUP, INC. / ENERGY INTELLIGENCE GROUP (UK) LIMITED.",2022,66
United Kingdom,Brent Blend,Source: Energy Intelligence,"COPYRIGHT © 2001-2021 ENERGY INTELLIGENCE GROUP, INC. / ENERGY INTELLIGENCE GROUP (UK) LIMITED.",2022,35.52
United Kingdom,Schiehallion Blend,Source: Energy Intelligence,"COPYRIGHT © 2001-2021 ENERGY INTELLIGENCE GROUP, INC. / ENERGY INTELLIGENCE GROUP (UK) LIMITED.",2023,52.27
United Kingdom,Other Crudes - United Kingdom,Source: Energy Intelligence,"COPYRIGHT © 2001-2021 ENERGY INTELLIGENCE GROUP, INC. / ENERGY INTELLIGENCE GROUP (UK) LIMITED.",2023,248.95
United Kingdom,Forties Blend,Source: Energy Intelligence,"COPYRIGHT © 2001-2021 ENERGY INTELLIGENCE GROUP, INC. / ENERGY INTELLIGENCE GROUP (UK) LIMITED.",2023,182.74
United Kingdom,Flotta Gold,Source: Energy Intelligence,"COPYRIGHT © 2001-2021 ENERGY INTELLIGENCE GROUP, INC. / ENERGY INTELLIGENCE GROUP (UK) LIMITED.",2023,30.01
United Kingdom,Clair,Source: Energy Intelligence,"COPYRIGHT © 2001-2021 ENERGY INTELLIGENCE GROUP, INC. / ENERGY INTELLIGENCE GROUP (UK) LIMITED.",2023,61.21
United Kingdom,Brent Blend,Source: Energy Intelligence,"COPYRIGHT © 2001-2021 ENERGY INTELLIGENCE GROUP, INC. / ENERGY INTELLIGENCE GROUP (UK) LIMITED.",2023,44.66
United Kingdom,Schiehallion Blend,Source: Energy Intelligence,"COPYRIGHT © 2001-2021 ENERGY INTELLIGENCE GROUP, INC. / ENERGY INTELLIGENCE GROUP (UK) LIMITED.",2024,46
United Kingdom,Other Crudes - United Kingdom,Source: Energy Intelligence,"COPYRIGHT © 2001-2021 ENERGY INTELLIGENCE GROUP, INC. / ENERGY INTELLIGENCE GROUP (UK) LIMITED.",2024,228.33
United Kingdom,Forties Blend,Source: Energy Intelligence,"COPYRIGHT © 2001-2021 ENERGY INTELLIGENCE GROUP, INC. / ENERGY INTELLIGENCE GROUP (UK) LIMITED.",2024,150.55
United Kingdom,Flotta Gold,Source: Energy Intelligence,"COPYRIGHT © 2001-2021 ENERGY INTELLIGENCE GROUP, INC. / ENERGY INTELLIGENCE GROUP (UK) LIMITED.",2024,31
United Kingdom,Clair,Source: Energy Intelligence,"COPYRIGHT © 2001-2021 ENERGY INTELLIGENCE GROUP, INC. / ENERGY INTELLIGENCE GROUP (UK) LIMITED.",2024,55
United Kingdom,Brent Blend,Source: Energy Intelligence,"COPYRIGHT © 2001-2021 ENERGY INTELLIGENCE GROUP, INC. / ENERGY INTELLIGENCE GROUP (UK) LIMITED.",2024,34.41
United States,Other Crudes - United States,Source: Energy Intelligence,"COPYRIGHT © 2001-2021 ENERGY INTELLIGENCE GROUP, INC. / ENERGY INTELLIGENCE GROUP (UK) LIMITED.",2006,23.7
United States,Mars Blend,Source: Energy Intelligence,"COPYRIGHT © 2001-2021 ENERGY INTELLIGENCE GROUP, INC. / ENERGY INTELLIGENCE GROUP (UK) LIMITED.",2006,1
United States,Alaska North Slope,Source: Energy Intelligence,"COPYRIGHT © 2001-2021 ENERGY INTELLIGENCE GROUP, INC. / ENERGY INTELLIGENCE GROUP (UK) LIMITED.",2006,0
United States,Other Crudes - United States,Source: Energy Intelligence,"COPYRIGHT © 2001-2021 ENERGY INTELLIGENCE GROUP, INC. / ENERGY INTELLIGENCE GROUP (UK) LIMITED.",2007,11.4
United States,Mars Blend,Source: Energy Intelligence,"COPYRIGHT © 2001-2021 ENERGY INTELLIGENCE GROUP, INC. / ENERGY INTELLIGENCE GROUP (UK) LIMITED.",2007,0
United States,Bakken,Source: Energy Intelligence,"COPYRIGHT © 2001-2021 ENERGY INTELLIGENCE GROUP, INC. / ENERGY INTELLIGENCE GROUP (UK) LIMITED.",2007,16
United States,Other Crudes - United States,Source: Energy Intelligence,"COPYRIGHT © 2001-2021 ENERGY INTELLIGENCE GROUP, INC. / ENERGY INTELLIGENCE GROUP (UK) LIMITED.",2008,0.01
United States,Mars Blend,Source: Energy Intelligence,"COPYRIGHT © 2001-2021 ENERGY INTELLIGENCE GROUP, INC. / ENERGY INTELLIGENCE GROUP (UK) LIMITED.",2008,0
United States,Bakken,Source: Energy Intelligence,"COPYRIGHT © 2001-2021 ENERGY INTELLIGENCE GROUP, INC. / ENERGY INTELLIGENCE GROUP (UK) LIMITED.",2008,28.59
United States,Other Crudes - United States,Source: Energy Intelligence,"COPYRIGHT © 2001-2021 ENERGY INTELLIGENCE GROUP, INC. / ENERGY INTELLIGENCE GROUP (UK) LIMITED.",2009,7.8
United States,Mars Blend,Source: Energy Intelligence,"COPYRIGHT © 2001-2021 ENERGY INTELLIGENCE GROUP, INC. / ENERGY INTELLIGENCE GROUP (UK) LIMITED.",2009,1
United States,Bakken,Source: Energy Intelligence,"COPYRIGHT © 2001-2021 ENERGY INTELLIGENCE GROUP, INC. / ENERGY INTELLIGENCE GROUP (UK) LIMITED.",2009,35
United States,Other Crudes - United States,Source: Energy Intelligence,"COPYRIGHT © 2001-2021 ENERGY INTELLIGENCE GROUP, INC. / ENERGY INTELLIGENCE GROUP (UK) LIMITED.",2010,5.6
United States,Mars Blend,Source: Energy Intelligence,"COPYRIGHT © 2001-2021 ENERGY INTELLIGENCE GROUP, INC. / ENERGY INTELLIGENCE GROUP (UK) LIMITED.",2010,3
United States,Bakken,Source: Energy Intelligence,"COPYRIGHT © 2001-2021 ENERGY INTELLIGENCE GROUP, INC. / ENERGY INTELLIGENCE GROUP (UK) LIMITED.",2010,33
United States,Other Crudes - United States,Source: Energy Intelligence,"COPYRIGHT © 2001-2021 ENERGY INTELLIGENCE GROUP, INC. / ENERGY INTELLIGENCE GROUP (UK) LIMITED.",2011,7
United States,Mars Blend,Source: Energy Intelligence,"COPYRIGHT © 2001-2021 ENERGY INTELLIGENCE GROUP, INC. / ENERGY INTELLIGENCE GROUP (UK) LIMITED.",2011,3
United States,Bakken,Source: Energy Intelligence,"COPYRIGHT © 2001-2021 ENERGY INTELLIGENCE GROUP, INC. / ENERGY INTELLIGENCE GROUP (UK) LIMITED.",2011,37
United States,Other Crudes - United States,Source: Energy Intelligence,"COPYRIGHT © 2001-2021 ENERGY INTELLIGENCE GROUP, INC. / ENERGY INTELLIGENCE GROUP (UK) LIMITED.",2012,8.5
United States,Mars Blend,Source: Energy Intelligence,"COPYRIGHT © 2001-2021 ENERGY INTELLIGENCE GROUP, INC. / ENERGY INTELLIGENCE GROUP (UK) LIMITED.",2012,4
United States,Bakken,Source: Energy Intelligence,"COPYRIGHT © 2001-2021 ENERGY INTELLIGENCE GROUP, INC. / ENERGY INTELLIGENCE GROUP (UK) LIMITED.",2012,55
United States,Thunder Horse,Source: Energy Intelligence,"COPYRIGHT © 2001-2021 ENERGY INTELLIGENCE GROUP, INC. / ENERGY INTELLIGENCE GROUP (UK) LIMITED.",2013,2
United States,Other Crudes - United States,Source: Energy Intelligence,"COPYRIGHT © 2001-2021 ENERGY INTELLIGENCE GROUP, INC. / ENERGY INTELLIGENCE GROUP (UK) LIMITED.",2013,45.2
United States,Mars Blend,Source: Energy Intelligence,"COPYRIGHT © 2001-2021 ENERGY INTELLIGENCE GROUP, INC. / ENERGY INTELLIGENCE GROUP (UK) LIMITED.",2013,5
United States,Light Louisiana Sweet,Source: Energy Intelligence,"COPYRIGHT © 2001-2021 ENERGY INTELLIGENCE GROUP, INC. / ENERGY INTELLIGENCE GROUP (UK) LIMITED.",2013,30
United States,Bakken,Source: Energy Intelligence,"COPYRIGHT © 2001-2021 ENERGY INTELLIGENCE GROUP, INC. / ENERGY INTELLIGENCE GROUP (UK) LIMITED.",2013,51
United States,Alaska North Slope,Source: Energy Intelligence,"COPYRIGHT © 2001-2021 ENERGY INTELLIGENCE GROUP, INC. / ENERGY INTELLIGENCE GROUP (UK) LIMITED.",2013,1
United States,Thunder Horse,Source: Energy Intelligence,"COPYRIGHT © 2001-2021 ENERGY INTELLIGENCE GROUP, INC. / ENERGY INTELLIGENCE GROUP (UK) LIMITED.",2014,15
United States,Southern Green Canyon,Source: Energy Intelligence,"COPYRIGHT © 2001-2021 ENERGY INTELLIGENCE GROUP, INC. / ENERGY INTELLIGENCE GROUP (UK) LIMITED.",2014,15
United States,Other Crudes - United States,Source: Energy Intelligence,"COPYRIGHT © 2001-2021 ENERGY INTELLIGENCE GROUP, INC. / ENERGY INTELLIGENCE GROUP (UK) LIMITED.",2014,56.6
United States,Mars Blend,Source: Energy Intelligence,"COPYRIGHT © 2001-2021 ENERGY INTELLIGENCE GROUP, INC. / ENERGY INTELLIGENCE GROUP (UK) LIMITED.",2014,72
United States,Light Louisiana Sweet,Source: Energy Intelligence,"COPYRIGHT © 2001-2021 ENERGY INTELLIGENCE GROUP, INC. / ENERGY INTELLIGENCE GROUP (UK) LIMITED.",2014,35
United States,Eagle Ford,Source: Energy Intelligence,"COPYRIGHT © 2001-2021 ENERGY INTELLIGENCE GROUP, INC. / ENERGY INTELLIGENCE GROUP (UK) LIMITED.",2014,55
United States,Bakken,Source: Energy Intelligence,"COPYRIGHT © 2001-2021 ENERGY INTELLIGENCE GROUP, INC. / ENERGY INTELLIGENCE GROUP (UK) LIMITED.",2014,94
United States,Alaska North Slope,Source: Energy Intelligence,"COPYRIGHT © 2001-2021 ENERGY INTELLIGENCE GROUP, INC. / ENERGY INTELLIGENCE GROUP (UK) LIMITED.",2014,3
United States,West Texas Sour,Source: Energy Intelligence,"COPYRIGHT © 2001-2021 ENERGY INTELLIGENCE GROUP, INC. / ENERGY INTELLIGENCE GROUP (UK) LIMITED.",2015,65
United States,West Texas Intermediate,Source: Energy Intelligence,"COPYRIGHT © 2001-2021 ENERGY INTELLIGENCE GROUP, INC. / ENERGY INTELLIGENCE GROUP (UK) LIMITED.",2015,65
United States,Thunder Horse,Source: Energy Intelligence,"COPYRIGHT © 2001-2021 ENERGY INTELLIGENCE GROUP, INC. / ENERGY INTELLIGENCE GROUP (UK) LIMITED.",2015,10
United States,Southern Green Canyon,Source: Energy Intelligence,"COPYRIGHT © 2001-2021 ENERGY INTELLIGENCE GROUP, INC. / ENERGY INTELLIGENCE GROUP (UK) LIMITED.",2015,20
United States,Other Crudes - United States,Source: Energy Intelligence,"COPYRIGHT © 2001-2021 ENERGY INTELLIGENCE GROUP, INC. / ENERGY INTELLIGENCE GROUP (UK) LIMITED.",2015,109.7
United States,Mars Blend,Source: Energy Intelligence,"COPYRIGHT © 2001-2021 ENERGY INTELLIGENCE GROUP, INC. / ENERGY INTELLIGENCE GROUP (UK) LIMITED.",2015,65
United States,Light Louisiana Sweet,Source: Energy Intelligence,"COPYRIGHT © 2001-2021 ENERGY INTELLIGENCE GROUP, INC. / ENERGY INTELLIGENCE GROUP (UK) LIMITED.",2015,15
United States,Heavy Louisiana Sweet,Source: Energy Intelligence,"COPYRIGHT © 2001-2021 ENERGY INTELLIGENCE GROUP, INC. / ENERGY INTELLIGENCE GROUP (UK) LIMITED.",2015,2
United States,Eagle Ford,Source: Energy Intelligence,"COPYRIGHT © 2001-2021 ENERGY INTELLIGENCE GROUP, INC. / ENERGY INTELLIGENCE GROUP (UK) LIMITED.",2015,50
United States,Bakken,Source: Energy Intelligence,"COPYRIGHT © 2001-2021 ENERGY INTELLIGENCE GROUP, INC. / ENERGY INTELLIGENCE GROUP (UK) LIMITED.",2015,84
United States,Alaska North Slope,Source: Energy Intelligence,"COPYRIGHT © 2001-2021 ENERGY INTELLIGENCE GROUP, INC. / ENERGY INTELLIGENCE GROUP (UK) LIMITED.",2015,8
United States,West Texas Sour,Source: Energy Intelligence,"COPYRIGHT © 2001-2021 ENERGY INTELLIGENCE GROUP, INC. / ENERGY INTELLIGENCE GROUP (UK) LIMITED.",2016,40
United States,West Texas Intermediate,Source: Energy Intelligence,"COPYRIGHT © 2001-2021 ENERGY INTELLIGENCE GROUP, INC. / ENERGY INTELLIGENCE GROUP (UK) LIMITED.",2016,110
United States,Thunder Horse,Source: Energy Intelligence,"COPYRIGHT © 2001-2021 ENERGY INTELLIGENCE GROUP, INC. / ENERGY INTELLIGENCE GROUP (UK) LIMITED.",2016,25
United States,Southern Green Canyon,Source: Energy Intelligence,"COPYRIGHT © 2001-2021 ENERGY INTELLIGENCE GROUP, INC. / ENERGY INTELLIGENCE GROUP (UK) LIMITED.",2016,30
United States,Other Crudes - United States,Source: Energy Intelligence,"COPYRIGHT © 2001-2021 ENERGY INTELLIGENCE GROUP, INC. / ENERGY INTELLIGENCE GROUP (UK) LIMITED.",2016,184
United States,Mars Blend,Source: Energy Intelligence,"COPYRIGHT © 2001-2021 ENERGY INTELLIGENCE GROUP, INC. / ENERGY INTELLIGENCE GROUP (UK) LIMITED.",2016,50
United States,Light Louisiana Sweet,Source: Energy Intelligence,"COPYRIGHT © 2001-2021 ENERGY INTELLIGENCE GROUP, INC. / ENERGY INTELLIGENCE GROUP (UK) LIMITED.",2016,3
United States,Heavy Louisiana Sweet,Source: Energy Intelligence,"COPYRIGHT © 2001-2021 ENERGY INTELLIGENCE GROUP, INC. / ENERGY INTELLIGENCE GROUP (UK) LIMITED.",2016,2
United States,Eagle Ford,Source: Energy Intelligence,"COPYRIGHT © 2001-2021 ENERGY INTELLIGENCE GROUP, INC. / ENERGY INTELLIGENCE GROUP (UK) LIMITED.",2016,31
United States,Bakken,Source: Energy Intelligence,"COPYRIGHT © 2001-2021 ENERGY INTELLIGENCE GROUP, INC. / ENERGY INTELLIGENCE GROUP (UK) LIMITED.",2016,106
United States,Alaska North Slope,Source: Energy Intelligence,"COPYRIGHT © 2001-2021 ENERGY INTELLIGENCE GROUP, INC. / ENERGY INTELLIGENCE GROUP (UK) LIMITED.",2016,10
United States,West Texas Sour,Source: Energy Intelligence,"COPYRIGHT © 2001-2021 ENERGY INTELLIGENCE GROUP, INC. / ENERGY INTELLIGENCE GROUP (UK) LIMITED.",2017,155
United States,West Texas Intermediate,Source: Energy Intelligence,"COPYRIGHT © 2001-2021 ENERGY INTELLIGENCE GROUP, INC. / ENERGY INTELLIGENCE GROUP (UK) LIMITED.",2017,355
United States,Thunder Horse,Source: Energy Intelligence,"COPYRIGHT © 2001-2021 ENERGY INTELLIGENCE GROUP, INC. / ENERGY INTELLIGENCE GROUP (UK) LIMITED.",2017,30
United States,Southern Green Canyon,Source: Energy Intelligence,"COPYRIGHT © 2001-2021 ENERGY INTELLIGENCE GROUP, INC. / ENERGY INTELLIGENCE GROUP (UK) LIMITED.",2017,9
United States,Other Crudes - United States,Source: Energy Intelligence,"COPYRIGHT © 2001-2021 ENERGY INTELLIGENCE GROUP, INC. / ENERGY INTELLIGENCE GROUP (UK) LIMITED.",2017,27
United States,Mars Blend,Source: Energy Intelligence,"COPYRIGHT © 2001-2021 ENERGY INTELLIGENCE GROUP, INC. / ENERGY INTELLIGENCE GROUP (UK) LIMITED.",2017,75
United States,Light Louisiana Sweet,Source: Energy Intelligence,"COPYRIGHT © 2001-2021 ENERGY INTELLIGENCE GROUP, INC. / ENERGY INTELLIGENCE GROUP (UK) LIMITED.",2017,2
United States,Heavy Louisiana Sweet,Source: Energy Intelligence,"COPYRIGHT © 2001-2021 ENERGY INTELLIGENCE GROUP, INC. / ENERGY INTELLIGENCE GROUP (UK) LIMITED.",2017,5
United States,Eagle Ford,Source: Energy Intelligence,"COPYRIGHT © 2001-2021 ENERGY INTELLIGENCE GROUP, INC. / ENERGY INTELLIGENCE GROUP (UK) LIMITED.",2017,275
United States,Bakken,Source: Energy Intelligence,"COPYRIGHT © 2001-2021 ENERGY INTELLIGENCE GROUP, INC. / ENERGY INTELLIGENCE GROUP (UK) LIMITED.",2017,215
United States,Alaska North Slope,Source: Energy Intelligence,"COPYRIGHT © 2001-2021 ENERGY INTELLIGENCE GROUP, INC. / ENERGY INTELLIGENCE GROUP (UK) LIMITED.",2017,10
United States,West Texas Sour,Source: Energy Intelligence,"COPYRIGHT © 2001-2021 ENERGY INTELLIGENCE GROUP, INC. / ENERGY INTELLIGENCE GROUP (UK) LIMITED.",2018,290
United States,West Texas Intermediate (Midland),Source: Energy Intelligence,"COPYRIGHT © 2001-2021 ENERGY INTELLIGENCE GROUP, INC. / ENERGY INTELLIGENCE GROUP (UK) LIMITED.",2018,950
United States,West Texas Intermediate,Source: Energy Intelligence,"COPYRIGHT © 2001-2021 ENERGY INTELLIGENCE GROUP, INC. / ENERGY INTELLIGENCE GROUP (UK) LIMITED.",2018,255
United States,Thunder Horse,Source: Energy Intelligence,"COPYRIGHT © 2001-2021 ENERGY INTELLIGENCE GROUP, INC. / ENERGY INTELLIGENCE GROUP (UK) LIMITED.",2018,50
United States,Southern Green Canyon,Source: Energy Intelligence,"COPYRIGHT © 2001-2021 ENERGY INTELLIGENCE GROUP, INC. / ENERGY INTELLIGENCE GROUP (UK) LIMITED.",2018,10
United States,Other Crudes - United States,Source: Energy Intelligence,"COPYRIGHT © 2001-2021 ENERGY INTELLIGENCE GROUP, INC. / ENERGY INTELLIGENCE GROUP (UK) LIMITED.",2018,61
United States,Mars Blend,Source: Energy Intelligence,"COPYRIGHT © 2001-2021 ENERGY INTELLIGENCE GROUP, INC. / ENERGY INTELLIGENCE GROUP (UK) LIMITED.",2018,113
United States,Light Louisiana Sweet,Source: Energy Intelligence,"COPYRIGHT © 2001-2021 ENERGY INTELLIGENCE GROUP, INC. / ENERGY INTELLIGENCE GROUP (UK) LIMITED.",2018,5
United States,Heavy Louisiana Sweet,Source: Energy Intelligence,"COPYRIGHT © 2001-2021 ENERGY INTELLIGENCE GROUP, INC. / ENERGY INTELLIGENCE GROUP (UK) LIMITED.",2018,12
United States,Eagle Ford,Source: Energy Intelligence,"COPYRIGHT © 2001-2021 ENERGY INTELLIGENCE GROUP, INC. / ENERGY INTELLIGENCE GROUP (UK) LIMITED.",2018,183
United States,Bakken,Source: Energy Intelligence,"COPYRIGHT © 2001-2021 ENERGY INTELLIGENCE GROUP, INC. / ENERGY INTELLIGENCE GROUP (UK) LIMITED.",2018,114
United States,Alaska North Slope,Source: Energy Intelligence,"COPYRIGHT © 2001-2021 ENERGY INTELLIGENCE GROUP, INC. / ENERGY INTELLIGENCE GROUP (UK) LIMITED.",2018,5
United States,West Texas Light,Source: Energy Intelligence,"COPYRIGHT © 2001-2021 ENERGY INTELLIGENCE GROUP, INC. / ENERGY INTELLIGENCE GROUP (UK) LIMITED.",2019,258
United States,West Texas Intermediate (Midland),Source: Energy Intelligence,"COPYRIGHT © 2001-2021 ENERGY INTELLIGENCE GROUP, INC. / ENERGY INTELLIGENCE GROUP (UK) LIMITED.",2019,1489
United States,West Texas Intermediate,Source: Energy Intelligence,"COPYRIGHT © 2001-2021 ENERGY INTELLIGENCE GROUP, INC. / ENERGY INTELLIGENCE GROUP (UK) LIMITED.",2019,348
United States,Thunder Horse,Source: Energy Intelligence,"COPYRIGHT © 2001-2021 ENERGY INTELLIGENCE GROUP, INC. / ENERGY INTELLIGENCE GROUP (UK) LIMITED.",2019,65
United States,Southern Green Canyon,Source: Energy Intelligence,"COPYRIGHT © 2001-2021 ENERGY INTELLIGENCE GROUP, INC. / ENERGY INTELLIGENCE GROUP (UK) LIMITED.",2019,6
United States,Other Crudes - United States,Source: Energy Intelligence,"COPYRIGHT © 2001-2021 ENERGY INTELLIGENCE GROUP, INC. / ENERGY INTELLIGENCE GROUP (UK) LIMITED.",2019,176
United States,Mars Blend,Source: Energy Intelligence,"COPYRIGHT © 2001-2021 ENERGY INTELLIGENCE GROUP, INC. / ENERGY INTELLIGENCE GROUP (UK) LIMITED.",2019,86
United States,Light Louisiana Sweet,Source: Energy Intelligence,"COPYRIGHT © 2001-2021 ENERGY INTELLIGENCE GROUP, INC. / ENERGY INTELLIGENCE GROUP (UK) LIMITED.",2019,25
United States,Heavy Louisiana Sweet,Source: Energy Intelligence,"COPYRIGHT © 2001-2021 ENERGY INTELLIGENCE GROUP, INC. / ENERGY INTELLIGENCE GROUP (UK) LIMITED.",2019,16
United States,Eagle Ford,Source: Energy Intelligence,"COPYRIGHT © 2001-2021 ENERGY INTELLIGENCE GROUP, INC. / ENERGY INTELLIGENCE GROUP (UK) LIMITED.",2019,259
United States,Bakken,Source: Energy Intelligence,"COPYRIGHT © 2001-2021 ENERGY INTELLIGENCE GROUP, INC. / ENERGY INTELLIGENCE GROUP (UK) LIMITED.",2019,236
United States,Alaska North Slope,Source: Energy Intelligence,"COPYRIGHT © 2001-2021 ENERGY INTELLIGENCE GROUP, INC. / ENERGY INTELLIGENCE GROUP (UK) LIMITED.",2019,18
United States,West Texas Light,Source: Energy Intelligence,"COPYRIGHT © 2001-2021 ENERGY INTELLIGENCE GROUP, INC. / ENERGY INTELLIGENCE GROUP (UK) LIMITED.",2020,385
United States,West Texas Intermediate (Midland),Source: Energy Intelligence,"COPYRIGHT © 2001-2021 ENERGY INTELLIGENCE GROUP, INC. / ENERGY INTELLIGENCE GROUP (UK) LIMITED.",2020,1784
United States,West Texas Intermediate,Source: Energy Intelligence,"COPYRIGHT © 2001-2021 ENERGY INTELLIGENCE GROUP, INC. / ENERGY INTELLIGENCE GROUP (UK) LIMITED.",2020,298
United States,Thunder Horse,Source: Energy Intelligence,"COPYRIGHT © 2001-2021 ENERGY INTELLIGENCE GROUP, INC. / ENERGY INTELLIGENCE GROUP (UK) LIMITED.",2020,35
United States,Southern Green Canyon,Source: Energy Intelligence,"COPYRIGHT © 2001-2021 ENERGY INTELLIGENCE GROUP, INC. / ENERGY INTELLIGENCE GROUP (UK) LIMITED.",2020,17.6
United States,Poseidon,Source: Energy Intelligence,"COPYRIGHT © 2001-2021 ENERGY INTELLIGENCE GROUP, INC. / ENERGY INTELLIGENCE GROUP (UK) LIMITED.",2020,11.37
United States,Other Crudes - United States,Source: Energy Intelligence,"COPYRIGHT © 2001-2021 ENERGY INTELLIGENCE GROUP, INC. / ENERGY INTELLIGENCE GROUP (UK) LIMITED.",2020,129
United States,Mars Blend,Source: Energy Intelligence,"COPYRIGHT © 2001-2021 ENERGY INTELLIGENCE GROUP, INC. / ENERGY INTELLIGENCE GROUP (UK) LIMITED.",2020,172
United States,Light Louisiana Sweet,Source: Energy Intelligence,"COPYRIGHT © 2001-2021 ENERGY INTELLIGENCE GROUP, INC. / ENERGY INTELLIGENCE GROUP (UK) LIMITED.",2020,2.5
United States,Heavy Louisiana Sweet,Source: Energy Intelligence,"COPYRIGHT © 2001-2021 ENERGY INTELLIGENCE GROUP, INC. / ENERGY INTELLIGENCE GROUP (UK) LIMITED.",2020,2
United States,Eagle Ford,Source: Energy Intelligence,"COPYRIGHT © 2001-2021 ENERGY INTELLIGENCE GROUP, INC. / ENERGY INTELLIGENCE GROUP (UK) LIMITED.",2020,200
United States,Bakken,Source: Energy Intelligence,"COPYRIGHT © 2001-2021 ENERGY INTELLIGENCE GROUP, INC. / ENERGY INTELLIGENCE GROUP (UK) LIMITED.",2020,125
United States,Alaska North Slope,Source: Energy Intelligence,"COPYRIGHT © 2001-2021 ENERGY INTELLIGENCE GROUP, INC. / ENERGY INTELLIGENCE GROUP (UK) LIMITED.",2020,45
United States,West Texas Light,Source: Energy Intelligence,"COPYRIGHT © 2001-2021 ENERGY INTELLIGENCE GROUP, INC. / ENERGY INTELLIGENCE GROUP (UK) LIMITED.",2021,346
United States,West Texas Intermediate (Midland),Source: Energy Intelligence,"COPYRIGHT © 2001-2021 ENERGY INTELLIGENCE GROUP, INC. / ENERGY INTELLIGENCE GROUP (UK) LIMITED.",2021,1796
United States,West Texas Intermediate,Source: Energy Intelligence,"COPYRIGHT © 2001-2021 ENERGY INTELLIGENCE GROUP, INC. / ENERGY INTELLIGENCE GROUP (UK) LIMITED.",2021,167
United States,Thunder Horse,Source: Energy Intelligence,"COPYRIGHT © 2001-2021 ENERGY INTELLIGENCE GROUP, INC. / ENERGY INTELLIGENCE GROUP (UK) LIMITED.",2021,10.58
United States,Southern Green Canyon,Source: Energy Intelligence,"COPYRIGHT © 2001-2021 ENERGY INTELLIGENCE GROUP, INC. / ENERGY INTELLIGENCE GROUP (UK) LIMITED.",2021,35.51
United States,Poseidon,Source: Energy Intelligence,"COPYRIGHT © 2001-2021 ENERGY INTELLIGENCE GROUP, INC. / ENERGY INTELLIGENCE GROUP (UK) LIMITED.",2021,18.66
United States,Other Crudes - United States,Source: Energy Intelligence,"COPYRIGHT © 2001-2021 ENERGY INTELLIGENCE GROUP, INC. / ENERGY INTELLIGENCE GROUP (UK) LIMITED.",2021,261
United States,Mars Blend,Source: Energy Intelligence,"COPYRIGHT © 2001-2021 ENERGY INTELLIGENCE GROUP, INC. / ENERGY INTELLIGENCE GROUP (UK) LIMITED.",2021,151
United States,Light Louisiana Sweet,Source: Energy Intelligence,"COPYRIGHT © 2001-2021 ENERGY INTELLIGENCE GROUP, INC. / ENERGY INTELLIGENCE GROUP (UK) LIMITED.",2021,12.22
United States,Heavy Louisiana Sweet,Source: Energy Intelligence,"COPYRIGHT © 2001-2021 ENERGY INTELLIGENCE GROUP, INC. / ENERGY INTELLIGENCE GROUP (UK) LIMITED.",2021,4
United States,Eagle Ford,Source: Energy Intelligence,"COPYRIGHT © 2001-2021 ENERGY INTELLIGENCE GROUP, INC. / ENERGY INTELLIGENCE GROUP (UK) LIMITED.",2021,114
United States,Bakken,Source: Energy Intelligence,"COPYRIGHT © 2001-2021 ENERGY INTELLIGENCE GROUP, INC. / ENERGY INTELLIGENCE GROUP (UK) LIMITED.",2021,20
United States,Alaska North Slope,Source: Energy Intelligence,"COPYRIGHT © 2001-2021 ENERGY INTELLIGENCE GROUP, INC. / ENERGY INTELLIGENCE GROUP (UK) LIMITED.",2021,27
United States,West Texas Sour,Source: Energy Intelligence,"COPYRIGHT © 2001-2021 ENERGY INTELLIGENCE GROUP, INC. / ENERGY INTELLIGENCE GROUP (UK) LIMITED.",2022,1
United States,West Texas Light,Source: Energy Intelligence,"COPYRIGHT © 2001-2021 ENERGY INTELLIGENCE GROUP, INC. / ENERGY INTELLIGENCE GROUP (UK) LIMITED.",2022,413
United States,West Texas Intermediate (Midland),Source: Energy Intelligence,"COPYRIGHT © 2001-2021 ENERGY INTELLIGENCE GROUP, INC. / ENERGY INTELLIGENCE GROUP (UK) LIMITED.",2022,2238
United States,West Texas Intermediate,Source: Energy Intelligence,"COPYRIGHT © 2001-2021 ENERGY INTELLIGENCE GROUP, INC. / ENERGY INTELLIGENCE GROUP (UK) LIMITED.",2022,237
United States,Thunder Horse,Source: Energy Intelligence,"COPYRIGHT © 2001-2021 ENERGY INTELLIGENCE GROUP, INC. / ENERGY INTELLIGENCE GROUP (UK) LIMITED.",2022,1
United States,Southern Green Canyon,Source: Energy Intelligence,"COPYRIGHT © 2001-2021 ENERGY INTELLIGENCE GROUP, INC. / ENERGY INTELLIGENCE GROUP (UK) LIMITED.",2022,1
United States,Poseidon,Source: Energy Intelligence,"COPYRIGHT © 2001-2021 ENERGY INTELLIGENCE GROUP, INC. / ENERGY INTELLIGENCE GROUP (UK) LIMITED.",2022,8
United States,Other Crudes - United States,Source: Energy Intelligence,"COPYRIGHT © 2001-2021 ENERGY INTELLIGENCE GROUP, INC. / ENERGY INTELLIGENCE GROUP (UK) LIMITED.",2022,366
United States,Mars Blend,Source: Energy Intelligence,"COPYRIGHT © 2001-2021 ENERGY INTELLIGENCE GROUP, INC. / ENERGY INTELLIGENCE GROUP (UK) LIMITED.",2022,157
United States,Light Louisiana Sweet,Source: Energy Intelligence,"COPYRIGHT © 2001-2021 ENERGY INTELLIGENCE GROUP, INC. / ENERGY INTELLIGENCE GROUP (UK) LIMITED.",2022,21
United States,Heavy Louisiana Sweet,Source: Energy Intelligence,"COPYRIGHT © 2001-2021 ENERGY INTELLIGENCE GROUP, INC. / ENERGY INTELLIGENCE GROUP (UK) LIMITED.",2022,23
United States,Eagle Ford,Source: Energy Intelligence,"COPYRIGHT © 2001-2021 ENERGY INTELLIGENCE GROUP, INC. / ENERGY INTELLIGENCE GROUP (UK) LIMITED.",2022,63
United States,Bakken,Source: Energy Intelligence,"COPYRIGHT © 2001-2021 ENERGY INTELLIGENCE GROUP, INC. / ENERGY INTELLIGENCE GROUP (UK) LIMITED.",2022,40
United States,Alaska North Slope,Source: Energy Intelligence,"COPYRIGHT © 2001-2021 ENERGY INTELLIGENCE GROUP, INC. / ENERGY INTELLIGENCE GROUP (UK) LIMITED.",2022,7
United States,West Texas Sour,Source: Energy Intelligence,"COPYRIGHT © 2001-2021 ENERGY INTELLIGENCE GROUP, INC. / ENERGY INTELLIGENCE GROUP (UK) LIMITED.",2023,0
United States,West Texas Light,Source: Energy Intelligence,"COPYRIGHT © 2001-2021 ENERGY INTELLIGENCE GROUP, INC. / ENERGY INTELLIGENCE GROUP (UK) LIMITED.",2023,442
United States,West Texas Intermediate (Midland),Source: Energy Intelligence,"COPYRIGHT © 2001-2021 ENERGY INTELLIGENCE GROUP, INC. / ENERGY INTELLIGENCE GROUP (UK) LIMITED.",2023,2315
United States,West Texas Intermediate,Source: Energy Intelligence,"COPYRIGHT © 2001-2021 ENERGY INTELLIGENCE GROUP, INC. / ENERGY INTELLIGENCE GROUP (UK) LIMITED.",2023,500
United States,Thunder Horse,Source: Energy Intelligence,"COPYRIGHT © 2001-2021 ENERGY INTELLIGENCE GROUP, INC. / ENERGY INTELLIGENCE GROUP (UK) LIMITED.",2023,0
United States,Southern Green Canyon,Source: Energy Intelligence,"COPYRIGHT © 2001-2021 ENERGY INTELLIGENCE GROUP, INC. / ENERGY INTELLIGENCE GROUP (UK) LIMITED.",2023,0
United States,Poseidon,Source: Energy Intelligence,"COPYRIGHT © 2001-2021 ENERGY INTELLIGENCE GROUP, INC. / ENERGY INTELLIGENCE GROUP (UK) LIMITED.",2023,0
United States,Other Crudes - United States,Source: Energy Intelligence,"COPYRIGHT © 2001-2021 ENERGY INTELLIGENCE GROUP, INC. / ENERGY INTELLIGENCE GROUP (UK) LIMITED.",2023,458
United States,Mars Blend,Source: Energy Intelligence,"COPYRIGHT © 2001-2021 ENERGY INTELLIGENCE GROUP, INC. / ENERGY INTELLIGENCE GROUP (UK) LIMITED.",2023,164
United States,Light Louisiana Sweet,Source: Energy Intelligence,"COPYRIGHT © 2001-2021 ENERGY INTELLIGENCE GROUP, INC. / ENERGY INTELLIGENCE GROUP (UK) LIMITED.",2023,14
United States,HOOPS Blend,Source: Energy Intelligence,"COPYRIGHT © 2001-2021 ENERGY INTELLIGENCE GROUP, INC. / ENERGY INTELLIGENCE GROUP (UK) LIMITED.",2023,0
United States,Heavy Louisiana Sweet,Source: Energy Intelligence,"COPYRIGHT © 2001-2021 ENERGY INTELLIGENCE GROUP, INC. / ENERGY INTELLIGENCE GROUP (UK) LIMITED.",2023,19
United States,Eagle Ford,Source: Energy Intelligence,"COPYRIGHT © 2001-2021 ENERGY INTELLIGENCE GROUP, INC. / ENERGY INTELLIGENCE GROUP (UK) LIMITED.",2023,61
United States,Bakken,Source: Energy Intelligence,"COPYRIGHT © 2001-2021 ENERGY INTELLIGENCE GROUP, INC. / ENERGY INTELLIGENCE GROUP (UK) LIMITED.",2023,37
United States,Alaska North Slope,Source: Energy Intelligence,"COPYRIGHT © 2001-2021 ENERGY INTELLIGENCE GROUP, INC. / ENERGY INTELLIGENCE GROUP (UK) LIMITED.",2023,8
United States,West Texas Sour,Source: Energy Intelligence,"COPYRIGHT © 2001-2021 ENERGY INTELLIGENCE GROUP, INC. / ENERGY INTELLIGENCE GROUP (UK) LIMITED.",2024,0
United States,West Texas Light,Source: Energy Intelligence,"COPYRIGHT © 2001-2021 ENERGY INTELLIGENCE GROUP, INC. / ENERGY INTELLIGENCE GROUP (UK) LIMITED.",2024,451
United States,West Texas Intermediate (Midland),Source: Energy Intelligence,"COPYRIGHT © 2001-2021 ENERGY INTELLIGENCE GROUP, INC. / ENERGY INTELLIGENCE GROUP (UK) LIMITED.",2024,2438
United States,West Texas Intermediate,Source: Energy Intelligence,"COPYRIGHT © 2001-2021 ENERGY INTELLIGENCE GROUP, INC. / ENERGY INTELLIGENCE GROUP (UK) LIMITED.",2024,382
United States,Thunder Horse,Source: Energy Intelligence,"COPYRIGHT © 2001-2021 ENERGY INTELLIGENCE GROUP, INC. / ENERGY INTELLIGENCE GROUP (UK) LIMITED.",2024,0
United States,Southern Green Canyon,Source: Energy Intelligence,"COPYRIGHT © 2001-2021 ENERGY INTELLIGENCE GROUP, INC. / ENERGY INTELLIGENCE GROUP (UK) LIMITED.",2024,0
United States,Poseidon,Source: Energy Intelligence,"COPYRIGHT © 2001-2021 ENERGY INTELLIGENCE GROUP, INC. / ENERGY INTELLIGENCE GROUP (UK) LIMITED.",2024,0
United States,Other Crudes - United States,Source: Energy Intelligence,"COPYRIGHT © 2001-2021 ENERGY INTELLIGENCE GROUP, INC. / ENERGY INTELLIGENCE GROUP (UK) LIMITED.",2024,591
United States,Mars Blend,Source: Energy Intelligence,"COPYRIGHT © 2001-2021 ENERGY INTELLIGENCE GROUP, INC. / ENERGY INTELLIGENCE GROUP (UK) LIMITED.",2024,115
United States,Eagle Ford,Source: Energy Intelligence,"COPYRIGHT © 2001-2021 ENERGY INTELLIGENCE GROUP, INC. / ENERGY INTELLIGENCE GROUP (UK) LIMITED.",2024,77
United States,Bakken,Source: Energy Intelligence,"COPYRIGHT © 2001-2021 ENERGY INTELLIGENCE GROUP, INC. / ENERGY INTELLIGENCE GROUP (UK) LIMITED.",2024,45
United States,Alaska North Slope,Source: Energy Intelligence,"COPYRIGHT © 2001-2021 ENERGY INTELLIGENCE GROUP, INC. / ENERGY INTELLIGENCE GROUP (UK) LIMITED.",2024,13
Venezuela,Other Crudes - Venezuela,Source: Energy Intelligence,"COPYRIGHT © 2001-2021 ENERGY INTELLIGENCE GROUP, INC. / ENERGY INTELLIGENCE GROUP (UK) LIMITED.",2006,2104
Venezuela,Monagas 18,Source: Energy Intelligence,"COPYRIGHT © 2001-2021 ENERGY INTELLIGENCE GROUP, INC. / ENERGY INTELLIGENCE GROUP (UK) LIMITED.",2006,105
Venezuela,Boscan,Source: Energy Intelligence,"COPYRIGHT © 2001-2021 ENERGY INTELLIGENCE GROUP, INC. / ENERGY INTELLIGENCE GROUP (UK) LIMITED.",2006,0
Venezuela,Zuata Sweet,Source: Energy Intelligence,"COPYRIGHT © 2001-2021 ENERGY INTELLIGENCE GROUP, INC. / ENERGY INTELLIGENCE GROUP (UK) LIMITED.",2007,144
Venezuela,Petrozuata,Source: Energy Intelligence,"COPYRIGHT © 2001-2021 ENERGY INTELLIGENCE GROUP, INC. / ENERGY INTELLIGENCE GROUP (UK) LIMITED.",2007,94
Venezuela,Other Crudes - Venezuela,Source: Energy Intelligence,"COPYRIGHT © 2001-2021 ENERGY INTELLIGENCE GROUP, INC. / ENERGY INTELLIGENCE GROUP (UK) LIMITED.",2007,1414.8
Venezuela,Monagas 18,Source: Energy Intelligence,"COPYRIGHT © 2001-2021 ENERGY INTELLIGENCE GROUP, INC. / ENERGY INTELLIGENCE GROUP (UK) LIMITED.",2007,105
Venezuela,Mesa-30,Source: Energy Intelligence,"COPYRIGHT © 2001-2021 ENERGY INTELLIGENCE GROUP, INC. / ENERGY INTELLIGENCE GROUP (UK) LIMITED.",2007,216.2
Venezuela,Hamaca,Source: Energy Intelligence,"COPYRIGHT © 2001-2021 ENERGY INTELLIGENCE GROUP, INC. / ENERGY INTELLIGENCE GROUP (UK) LIMITED.",2007,59
Venezuela,Boscan,Source: Energy Intelligence,"COPYRIGHT © 2001-2021 ENERGY INTELLIGENCE GROUP, INC. / ENERGY INTELLIGENCE GROUP (UK) LIMITED.",2007,59
Venezuela,Zuata Sweet,Source: Energy Intelligence,"COPYRIGHT © 2001-2021 ENERGY INTELLIGENCE GROUP, INC. / ENERGY INTELLIGENCE GROUP (UK) LIMITED.",2008,126
Venezuela,Petrozuata,Source: Energy Intelligence,"COPYRIGHT © 2001-2021 ENERGY INTELLIGENCE GROUP, INC. / ENERGY INTELLIGENCE GROUP (UK) LIMITED.",2008,69.72
Venezuela,Other Crudes - Venezuela,Source: Energy Intelligence,"COPYRIGHT © 2001-2021 ENERGY INTELLIGENCE GROUP, INC. / ENERGY INTELLIGENCE GROUP (UK) LIMITED.",2008,791.11
Venezuela,Monagas 18,Source: Energy Intelligence,"COPYRIGHT © 2001-2021 ENERGY INTELLIGENCE GROUP, INC. / ENERGY INTELLIGENCE GROUP (UK) LIMITED.",2008,105
Venezuela,Mesa-30,Source: Energy Intelligence,"COPYRIGHT © 2001-2021 ENERGY INTELLIGENCE GROUP, INC. / ENERGY INTELLIGENCE GROUP (UK) LIMITED.",2008,209.17
Venezuela,Merey-16,Source: Energy Intelligence,"COPYRIGHT © 2001-2021 ENERGY INTELLIGENCE GROUP, INC. / ENERGY INTELLIGENCE GROUP (UK) LIMITED.",2008,500
Venezuela,Hamaca,Source: Energy Intelligence,"COPYRIGHT © 2001-2021 ENERGY INTELLIGENCE GROUP, INC. / ENERGY INTELLIGENCE GROUP (UK) LIMITED.",2008,76
Venezuela,Boscan,Source: Energy Intelligence,"COPYRIGHT © 2001-2021 ENERGY INTELLIGENCE GROUP, INC. / ENERGY INTELLIGENCE GROUP (UK) LIMITED.",2008,76
Venezuela,Zuata Sweet,Source: Energy Intelligence,"COPYRIGHT © 2001-2021 ENERGY INTELLIGENCE GROUP, INC. / ENERGY INTELLIGENCE GROUP (UK) LIMITED.",2009,91
Venezuela,Petrozuata,Source: Energy Intelligence,"COPYRIGHT © 2001-2021 ENERGY INTELLIGENCE GROUP, INC. / ENERGY INTELLIGENCE GROUP (UK) LIMITED.",2009,60.79
Venezuela,Other Crudes - Venezuela,Source: Energy Intelligence,"COPYRIGHT © 2001-2021 ENERGY INTELLIGENCE GROUP, INC. / ENERGY INTELLIGENCE GROUP (UK) LIMITED.",2009,848.21
Venezuela,Monagas 18,Source: Energy Intelligence,"COPYRIGHT © 2001-2021 ENERGY INTELLIGENCE GROUP, INC. / ENERGY INTELLIGENCE GROUP (UK) LIMITED.",2009,95
Venezuela,Mesa-30,Source: Energy Intelligence,"COPYRIGHT © 2001-2021 ENERGY INTELLIGENCE GROUP, INC. / ENERGY INTELLIGENCE GROUP (UK) LIMITED.",2009,182
Venezuela,Merey-16,Source: Energy Intelligence,"COPYRIGHT © 2001-2021 ENERGY INTELLIGENCE GROUP, INC. / ENERGY INTELLIGENCE GROUP (UK) LIMITED.",2009,450
Venezuela,Hamaca,Source: Energy Intelligence,"COPYRIGHT © 2001-2021 ENERGY INTELLIGENCE GROUP, INC. / ENERGY INTELLIGENCE GROUP (UK) LIMITED.",2009,125
Venezuela,Boscan,Source: Energy Intelligence,"COPYRIGHT © 2001-2021 ENERGY INTELLIGENCE GROUP, INC. / ENERGY INTELLIGENCE GROUP (UK) LIMITED.",2009,48
Venezuela,Zuata Sweet,Source: Energy Intelligence,"COPYRIGHT © 2001-2021 ENERGY INTELLIGENCE GROUP, INC. / ENERGY INTELLIGENCE GROUP (UK) LIMITED.",2010,100
Venezuela,Petrozuata,Source: Energy Intelligence,"COPYRIGHT © 2001-2021 ENERGY INTELLIGENCE GROUP, INC. / ENERGY INTELLIGENCE GROUP (UK) LIMITED.",2010,60
Venezuela,Other Crudes - Venezuela,Source: Energy Intelligence,"COPYRIGHT © 2001-2021 ENERGY INTELLIGENCE GROUP, INC. / ENERGY INTELLIGENCE GROUP (UK) LIMITED.",2010,658
Venezuela,Monagas 18,Source: Energy Intelligence,"COPYRIGHT © 2001-2021 ENERGY INTELLIGENCE GROUP, INC. / ENERGY INTELLIGENCE GROUP (UK) LIMITED.",2010,102
Venezuela,Mesa-30,Source: Energy Intelligence,"COPYRIGHT © 2001-2021 ENERGY INTELLIGENCE GROUP, INC. / ENERGY INTELLIGENCE GROUP (UK) LIMITED.",2010,300
Venezuela,Merey-16,Source: Energy Intelligence,"COPYRIGHT © 2001-2021 ENERGY INTELLIGENCE GROUP, INC. / ENERGY INTELLIGENCE GROUP (UK) LIMITED.",2010,450
Venezuela,Hamaca,Source: Energy Intelligence,"COPYRIGHT © 2001-2021 ENERGY INTELLIGENCE GROUP, INC. / ENERGY INTELLIGENCE GROUP (UK) LIMITED.",2010,75
Venezuela,Boscan,Source: Energy Intelligence,"COPYRIGHT © 2001-2021 ENERGY INTELLIGENCE GROUP, INC. / ENERGY INTELLIGENCE GROUP (UK) LIMITED.",2010,71
Venezuela,Zuata Sweet,Source: Energy Intelligence,"COPYRIGHT © 2001-2021 ENERGY INTELLIGENCE GROUP, INC. / ENERGY INTELLIGENCE GROUP (UK) LIMITED.",2011,126.45
Venezuela,Santa Barbara,Source: Energy Intelligence,"COPYRIGHT © 2001-2021 ENERGY INTELLIGENCE GROUP, INC. / ENERGY INTELLIGENCE GROUP (UK) LIMITED.",2011,67.78
Venezuela,Petrozuata,Source: Energy Intelligence,"COPYRIGHT © 2001-2021 ENERGY INTELLIGENCE GROUP, INC. / ENERGY INTELLIGENCE GROUP (UK) LIMITED.",2011,96.3
Venezuela,Other Crudes - Venezuela,Source: Energy Intelligence,"COPYRIGHT © 2001-2021 ENERGY INTELLIGENCE GROUP, INC. / ENERGY INTELLIGENCE GROUP (UK) LIMITED.",2011,242.97
Venezuela,Monagas 18,Source: Energy Intelligence,"COPYRIGHT © 2001-2021 ENERGY INTELLIGENCE GROUP, INC. / ENERGY INTELLIGENCE GROUP (UK) LIMITED.",2011,108
Venezuela,Mesa-30,Source: Energy Intelligence,"COPYRIGHT © 2001-2021 ENERGY INTELLIGENCE GROUP, INC. / ENERGY INTELLIGENCE GROUP (UK) LIMITED.",2011,232
Venezuela,Merey-16,Source: Energy Intelligence,"COPYRIGHT © 2001-2021 ENERGY INTELLIGENCE GROUP, INC. / ENERGY INTELLIGENCE GROUP (UK) LIMITED.",2011,450
Venezuela,Hamaca,Source: Energy Intelligence,"COPYRIGHT © 2001-2021 ENERGY INTELLIGENCE GROUP, INC. / ENERGY INTELLIGENCE GROUP (UK) LIMITED.",2011,136.8
Venezuela,Boscan,Source: Energy Intelligence,"COPYRIGHT © 2001-2021 ENERGY INTELLIGENCE GROUP, INC. / ENERGY INTELLIGENCE GROUP (UK) LIMITED.",2011,92.7
Venezuela,Zuata Sweet,Source: Energy Intelligence,"COPYRIGHT © 2001-2021 ENERGY INTELLIGENCE GROUP, INC. / ENERGY INTELLIGENCE GROUP (UK) LIMITED.",2012,114.36
Venezuela,Santa Barbara,Source: Energy Intelligence,"COPYRIGHT © 2001-2021 ENERGY INTELLIGENCE GROUP, INC. / ENERGY INTELLIGENCE GROUP (UK) LIMITED.",2012,79.78
Venezuela,Petrozuata,Source: Energy Intelligence,"COPYRIGHT © 2001-2021 ENERGY INTELLIGENCE GROUP, INC. / ENERGY INTELLIGENCE GROUP (UK) LIMITED.",2012,96.3
Venezuela,Other Crudes - Venezuela,Source: Energy Intelligence,"COPYRIGHT © 2001-2021 ENERGY INTELLIGENCE GROUP, INC. / ENERGY INTELLIGENCE GROUP (UK) LIMITED.",2012,406.6
Venezuela,Monagas 18,Source: Energy Intelligence,"COPYRIGHT © 2001-2021 ENERGY INTELLIGENCE GROUP, INC. / ENERGY INTELLIGENCE GROUP (UK) LIMITED.",2012,116.57
Venezuela,Mesa-30,Source: Energy Intelligence,"COPYRIGHT © 2001-2021 ENERGY INTELLIGENCE GROUP, INC. / ENERGY INTELLIGENCE GROUP (UK) LIMITED.",2012,220
Venezuela,Merey-16,Source: Energy Intelligence,"COPYRIGHT © 2001-2021 ENERGY INTELLIGENCE GROUP, INC. / ENERGY INTELLIGENCE GROUP (UK) LIMITED.",2012,450
Venezuela,Hamaca,Source: Energy Intelligence,"COPYRIGHT © 2001-2021 ENERGY INTELLIGENCE GROUP, INC. / ENERGY INTELLIGENCE GROUP (UK) LIMITED.",2012,145.09
Venezuela,Boscan,Source: Energy Intelligence,"COPYRIGHT © 2001-2021 ENERGY INTELLIGENCE GROUP, INC. / ENERGY INTELLIGENCE GROUP (UK) LIMITED.",2012,96.3
Venezuela,Zuata Sweet,Source: Energy Intelligence,"COPYRIGHT © 2001-2021 ENERGY INTELLIGENCE GROUP, INC. / ENERGY INTELLIGENCE GROUP (UK) LIMITED.",2013,104.55
Venezuela,Santa Barbara,Source: Energy Intelligence,"COPYRIGHT © 2001-2021 ENERGY INTELLIGENCE GROUP, INC. / ENERGY INTELLIGENCE GROUP (UK) LIMITED.",2013,86.8
Venezuela,Petrozuata,Source: Energy Intelligence,"COPYRIGHT © 2001-2021 ENERGY INTELLIGENCE GROUP, INC. / ENERGY INTELLIGENCE GROUP (UK) LIMITED.",2013,91.8
Venezuela,Other Crudes - Venezuela,Source: Energy Intelligence,"COPYRIGHT © 2001-2021 ENERGY INTELLIGENCE GROUP, INC. / ENERGY INTELLIGENCE GROUP (UK) LIMITED.",2013,586.32
Venezuela,Monagas 18,Source: Energy Intelligence,"COPYRIGHT © 2001-2021 ENERGY INTELLIGENCE GROUP, INC. / ENERGY INTELLIGENCE GROUP (UK) LIMITED.",2013,131.11
Venezuela,Mesa-30,Source: Energy Intelligence,"COPYRIGHT © 2001-2021 ENERGY INTELLIGENCE GROUP, INC. / ENERGY INTELLIGENCE GROUP (UK) LIMITED.",2013,200.2
Venezuela,Merey-16,Source: Energy Intelligence,"COPYRIGHT © 2001-2021 ENERGY INTELLIGENCE GROUP, INC. / ENERGY INTELLIGENCE GROUP (UK) LIMITED.",2013,504
Venezuela,Hamaca,Source: Energy Intelligence,"COPYRIGHT © 2001-2021 ENERGY INTELLIGENCE GROUP, INC. / ENERGY INTELLIGENCE GROUP (UK) LIMITED.",2013,140.95
Venezuela,Boscan,Source: Energy Intelligence,"COPYRIGHT © 2001-2021 ENERGY INTELLIGENCE GROUP, INC. / ENERGY INTELLIGENCE GROUP (UK) LIMITED.",2013,89.27
Venezuela,Zuata Sweet,Source: Energy Intelligence,"COPYRIGHT © 2001-2021 ENERGY INTELLIGENCE GROUP, INC. / ENERGY INTELLIGENCE GROUP (UK) LIMITED.",2014,108.78
Venezuela,Santa Barbara,Source: Energy Intelligence,"COPYRIGHT © 2001-2021 ENERGY INTELLIGENCE GROUP, INC. / ENERGY INTELLIGENCE GROUP (UK) LIMITED.",2014,66.21
Venezuela,Petrozuata,Source: Energy Intelligence,"COPYRIGHT © 2001-2021 ENERGY INTELLIGENCE GROUP, INC. / ENERGY INTELLIGENCE GROUP (UK) LIMITED.",2014,82.48
Venezuela,Other Crudes - Venezuela,Source: Energy Intelligence,"COPYRIGHT © 2001-2021 ENERGY INTELLIGENCE GROUP, INC. / ENERGY INTELLIGENCE GROUP (UK) LIMITED.",2014,603.84
Venezuela,Monagas 18,Source: Energy Intelligence,"COPYRIGHT © 2001-2021 ENERGY INTELLIGENCE GROUP, INC. / ENERGY INTELLIGENCE GROUP (UK) LIMITED.",2014,127.8
Venezuela,Mesa-30,Source: Energy Intelligence,"COPYRIGHT © 2001-2021 ENERGY INTELLIGENCE GROUP, INC. / ENERGY INTELLIGENCE GROUP (UK) LIMITED.",2014,152.7
Venezuela,Merey-16,Source: Energy Intelligence,"COPYRIGHT © 2001-2021 ENERGY INTELLIGENCE GROUP, INC. / ENERGY INTELLIGENCE GROUP (UK) LIMITED.",2014,455.71
Venezuela,Hamaca,Source: Energy Intelligence,"COPYRIGHT © 2001-2021 ENERGY INTELLIGENCE GROUP, INC. / ENERGY INTELLIGENCE GROUP (UK) LIMITED.",2014,132.65
Venezuela,Boscan,Source: Energy Intelligence,"COPYRIGHT © 2001-2021 ENERGY INTELLIGENCE GROUP, INC. / ENERGY INTELLIGENCE GROUP (UK) LIMITED.",2014,89.27
Venezuela,Zuata Sweet,Source: Energy Intelligence,"COPYRIGHT © 2001-2021 ENERGY INTELLIGENCE GROUP, INC. / ENERGY INTELLIGENCE GROUP (UK) LIMITED.",2015,107.85
Venezuela,Santa Barbara,Source: Energy Intelligence,"COPYRIGHT © 2001-2021 ENERGY INTELLIGENCE GROUP, INC. / ENERGY INTELLIGENCE GROUP (UK) LIMITED.",2015,33.67
Venezuela,Petrozuata,Source: Energy Intelligence,"COPYRIGHT © 2001-2021 ENERGY INTELLIGENCE GROUP, INC. / ENERGY INTELLIGENCE GROUP (UK) LIMITED.",2015,88.32
Venezuela,Other Crudes - Venezuela,Source: Energy Intelligence,"COPYRIGHT © 2001-2021 ENERGY INTELLIGENCE GROUP, INC. / ENERGY INTELLIGENCE GROUP (UK) LIMITED.",2015,785.02
Venezuela,Monagas 18,Source: Energy Intelligence,"COPYRIGHT © 2001-2021 ENERGY INTELLIGENCE GROUP, INC. / ENERGY INTELLIGENCE GROUP (UK) LIMITED.",2015,154
Venezuela,Mesa-30,Source: Energy Intelligence,"COPYRIGHT © 2001-2021 ENERGY INTELLIGENCE GROUP, INC. / ENERGY INTELLIGENCE GROUP (UK) LIMITED.",2015,77.65
Venezuela,Merey-16,Source: Energy Intelligence,"COPYRIGHT © 2001-2021 ENERGY INTELLIGENCE GROUP, INC. / ENERGY INTELLIGENCE GROUP (UK) LIMITED.",2015,431.31
Venezuela,Hamaca,Source: Energy Intelligence,"COPYRIGHT © 2001-2021 ENERGY INTELLIGENCE GROUP, INC. / ENERGY INTELLIGENCE GROUP (UK) LIMITED.",2015,128.51
Venezuela,Boscan,Source: Energy Intelligence,"COPYRIGHT © 2001-2021 ENERGY INTELLIGENCE GROUP, INC. / ENERGY INTELLIGENCE GROUP (UK) LIMITED.",2015,97.85
Venezuela,Zuata Sweet,Source: Energy Intelligence,"COPYRIGHT © 2001-2021 ENERGY INTELLIGENCE GROUP, INC. / ENERGY INTELLIGENCE GROUP (UK) LIMITED.",2016,95.76
Venezuela,Santa Barbara,Source: Energy Intelligence,"COPYRIGHT © 2001-2021 ENERGY INTELLIGENCE GROUP, INC. / ENERGY INTELLIGENCE GROUP (UK) LIMITED.",2016,7.68
Venezuela,Petrozuata,Source: Energy Intelligence,"COPYRIGHT © 2001-2021 ENERGY INTELLIGENCE GROUP, INC. / ENERGY INTELLIGENCE GROUP (UK) LIMITED.",2016,78.24
Venezuela,Other Crudes - Venezuela,Source: Energy Intelligence,"COPYRIGHT © 2001-2021 ENERGY INTELLIGENCE GROUP, INC. / ENERGY INTELLIGENCE GROUP (UK) LIMITED.",2016,824.13
Venezuela,Monagas 18,Source: Energy Intelligence,"COPYRIGHT © 2001-2021 ENERGY INTELLIGENCE GROUP, INC. / ENERGY INTELLIGENCE GROUP (UK) LIMITED.",2016,151.7
Venezuela,Mesa-30,Source: Energy Intelligence,"COPYRIGHT © 2001-2021 ENERGY INTELLIGENCE GROUP, INC. / ENERGY INTELLIGENCE GROUP (UK) LIMITED.",2016,44.66
Venezuela,Merey-16,Source: Energy Intelligence,"COPYRIGHT © 2001-2021 ENERGY INTELLIGENCE GROUP, INC. / ENERGY INTELLIGENCE GROUP (UK) LIMITED.",2016,424.87
Venezuela,Hamaca,Source: Energy Intelligence,"COPYRIGHT © 2001-2021 ENERGY INTELLIGENCE GROUP, INC. / ENERGY INTELLIGENCE GROUP (UK) LIMITED.",2016,124.36
Venezuela,Boscan,Source: Energy Intelligence,"COPYRIGHT © 2001-2021 ENERGY INTELLIGENCE GROUP, INC. / ENERGY INTELLIGENCE GROUP (UK) LIMITED.",2016,94.23
Venezuela,Zuata Sweet,Source: Energy Intelligence,"COPYRIGHT © 2001-2021 ENERGY INTELLIGENCE GROUP, INC. / ENERGY INTELLIGENCE GROUP (UK) LIMITED.",2017,45.56
Venezuela,Santa Barbara,Source: Energy Intelligence,"COPYRIGHT © 2001-2021 ENERGY INTELLIGENCE GROUP, INC. / ENERGY INTELLIGENCE GROUP (UK) LIMITED.",2017,10.13
Venezuela,Petrozuata,Source: Energy Intelligence,"COPYRIGHT © 2001-2021 ENERGY INTELLIGENCE GROUP, INC. / ENERGY INTELLIGENCE GROUP (UK) LIMITED.",2017,73.89
Venezuela,Other Crudes - Venezuela,Source: Energy Intelligence,"COPYRIGHT © 2001-2021 ENERGY INTELLIGENCE GROUP, INC. / ENERGY INTELLIGENCE GROUP (UK) LIMITED.",2017,584.57
Venezuela,Monagas 18,Source: Energy Intelligence,"COPYRIGHT © 2001-2021 ENERGY INTELLIGENCE GROUP, INC. / ENERGY INTELLIGENCE GROUP (UK) LIMITED.",2017,114
Venezuela,Mesa-30,Source: Energy Intelligence,"COPYRIGHT © 2001-2021 ENERGY INTELLIGENCE GROUP, INC. / ENERGY INTELLIGENCE GROUP (UK) LIMITED.",2017,44.66
Venezuela,Merey-16,Source: Energy Intelligence,"COPYRIGHT © 2001-2021 ENERGY INTELLIGENCE GROUP, INC. / ENERGY INTELLIGENCE GROUP (UK) LIMITED.",2017,401.24
Venezuela,Hamaca,Source: Energy Intelligence,"COPYRIGHT © 2001-2021 ENERGY INTELLIGENCE GROUP, INC. / ENERGY INTELLIGENCE GROUP (UK) LIMITED.",2017,124.36
Venezuela,Diluted Crude Oil (DCO),Source: Energy Intelligence,"COPYRIGHT © 2001-2021 ENERGY INTELLIGENCE GROUP, INC. / ENERGY INTELLIGENCE GROUP (UK) LIMITED.",2017,150
Venezuela,Boscan,Source: Energy Intelligence,"COPYRIGHT © 2001-2021 ENERGY INTELLIGENCE GROUP, INC. / ENERGY INTELLIGENCE GROUP (UK) LIMITED.",2017,79.7
Venezuela,Zuata Sweet,Source: Energy Intelligence,"COPYRIGHT © 2001-2021 ENERGY INTELLIGENCE GROUP, INC. / ENERGY INTELLIGENCE GROUP (UK) LIMITED.",2018,40
Venezuela,Santa Barbara,Source: Energy Intelligence,"COPYRIGHT © 2001-2021 ENERGY INTELLIGENCE GROUP, INC. / ENERGY INTELLIGENCE GROUP (UK) LIMITED.",2018,7.14
Venezuela,Petrozuata,Source: Energy Intelligence,"COPYRIGHT © 2001-2021 ENERGY INTELLIGENCE GROUP, INC. / ENERGY INTELLIGENCE GROUP (UK) LIMITED.",2018,29.56
Venezuela,Other Crudes - Venezuela,Source: Energy Intelligence,"COPYRIGHT © 2001-2021 ENERGY INTELLIGENCE GROUP, INC. / ENERGY INTELLIGENCE GROUP (UK) LIMITED.",2018,235.57
Venezuela,Monagas 18,Source: Energy Intelligence,"COPYRIGHT © 2001-2021 ENERGY INTELLIGENCE GROUP, INC. / ENERGY INTELLIGENCE GROUP (UK) LIMITED.",2018,102
Venezuela,Mesa-30,Source: Energy Intelligence,"COPYRIGHT © 2001-2021 ENERGY INTELLIGENCE GROUP, INC. / ENERGY INTELLIGENCE GROUP (UK) LIMITED.",2018,29.48
Venezuela,Merey-16,Source: Energy Intelligence,"COPYRIGHT © 2001-2021 ENERGY INTELLIGENCE GROUP, INC. / ENERGY INTELLIGENCE GROUP (UK) LIMITED.",2018,401.24
Venezuela,Hamaca,Source: Energy Intelligence,"COPYRIGHT © 2001-2021 ENERGY INTELLIGENCE GROUP, INC. / ENERGY INTELLIGENCE GROUP (UK) LIMITED.",2018,107.78
Venezuela,Diluted Crude Oil (DCO),Source: Energy Intelligence,"COPYRIGHT © 2001-2021 ENERGY INTELLIGENCE GROUP, INC. / ENERGY INTELLIGENCE GROUP (UK) LIMITED.",2018,270
Venezuela,Boscan,Source: Energy Intelligence,"COPYRIGHT © 2001-2021 ENERGY INTELLIGENCE GROUP, INC. / ENERGY INTELLIGENCE GROUP (UK) LIMITED.",2018,57.95
Venezuela,Zuata Sweet,Source: Energy Intelligence,"COPYRIGHT © 2001-2021 ENERGY INTELLIGENCE GROUP, INC. / ENERGY INTELLIGENCE GROUP (UK) LIMITED.",2019,20
Venezuela,Santa Barbara,Source: Energy Intelligence,"COPYRIGHT © 2001-2021 ENERGY INTELLIGENCE GROUP, INC. / ENERGY INTELLIGENCE GROUP (UK) LIMITED.",2019,0
Venezuela,Petrozuata,Source: Energy Intelligence,"COPYRIGHT © 2001-2021 ENERGY INTELLIGENCE GROUP, INC. / ENERGY INTELLIGENCE GROUP (UK) LIMITED.",2019,0
Venezuela,Other Crudes - Venezuela,Source: Energy Intelligence,"COPYRIGHT © 2001-2021 ENERGY INTELLIGENCE GROUP, INC. / ENERGY INTELLIGENCE GROUP (UK) LIMITED.",2019,157.85
Venezuela,Monagas 18,Source: Energy Intelligence,"COPYRIGHT © 2001-2021 ENERGY INTELLIGENCE GROUP, INC. / ENERGY INTELLIGENCE GROUP (UK) LIMITED.",2019,30
Venezuela,Mesa-30,Source: Energy Intelligence,"COPYRIGHT © 2001-2021 ENERGY INTELLIGENCE GROUP, INC. / ENERGY INTELLIGENCE GROUP (UK) LIMITED.",2019,0
Venezuela,Merey-16,Source: Energy Intelligence,"COPYRIGHT © 2001-2021 ENERGY INTELLIGENCE GROUP, INC. / ENERGY INTELLIGENCE GROUP (UK) LIMITED.",2019,516
Venezuela,Hamaca,Source: Energy Intelligence,"COPYRIGHT © 2001-2021 ENERGY INTELLIGENCE GROUP, INC. / ENERGY INTELLIGENCE GROUP (UK) LIMITED.",2019,48
Venezuela,Diluted Crude Oil (DCO),Source: Energy Intelligence,"COPYRIGHT © 2001-2021 ENERGY INTELLIGENCE GROUP, INC. / ENERGY INTELLIGENCE GROUP (UK) LIMITED.",2019,91.8
Venezuela,Boscan,Source: Energy Intelligence,"COPYRIGHT © 2001-2021 ENERGY INTELLIGENCE GROUP, INC. / ENERGY INTELLIGENCE GROUP (UK) LIMITED.",2019,47
Venezuela,Zuata Sweet,Source: Energy Intelligence,"COPYRIGHT © 2001-2021 ENERGY INTELLIGENCE GROUP, INC. / ENERGY INTELLIGENCE GROUP (UK) LIMITED.",2020,0
Venezuela,Santa Barbara,Source: Energy Intelligence,"COPYRIGHT © 2001-2021 ENERGY INTELLIGENCE GROUP, INC. / ENERGY INTELLIGENCE GROUP (UK) LIMITED.",2020,0
Venezuela,Petrozuata,Source: Energy Intelligence,"COPYRIGHT © 2001-2021 ENERGY INTELLIGENCE GROUP, INC. / ENERGY INTELLIGENCE GROUP (UK) LIMITED.",2020,0
Venezuela,Other Crudes - Venezuela,Source: Energy Intelligence,"COPYRIGHT © 2001-2021 ENERGY INTELLIGENCE GROUP, INC. / ENERGY INTELLIGENCE GROUP (UK) LIMITED.",2020,7.56
Venezuela,Monagas 18,Source: Energy Intelligence,"COPYRIGHT © 2001-2021 ENERGY INTELLIGENCE GROUP, INC. / ENERGY INTELLIGENCE GROUP (UK) LIMITED.",2020,0
Venezuela,Mesa-30,Source: Energy Intelligence,"COPYRIGHT © 2001-2021 ENERGY INTELLIGENCE GROUP, INC. / ENERGY INTELLIGENCE GROUP (UK) LIMITED.",2020,1
Venezuela,Merey-16,Source: Energy Intelligence,"COPYRIGHT © 2001-2021 ENERGY INTELLIGENCE GROUP, INC. / ENERGY INTELLIGENCE GROUP (UK) LIMITED.",2020,410
Venezuela,Hamaca,Source: Energy Intelligence,"COPYRIGHT © 2001-2021 ENERGY INTELLIGENCE GROUP, INC. / ENERGY INTELLIGENCE GROUP (UK) LIMITED.",2020,54
Venezuela,Diluted Crude Oil (DCO),Source: Energy Intelligence,"COPYRIGHT © 2001-2021 ENERGY INTELLIGENCE GROUP, INC. / ENERGY INTELLIGENCE GROUP (UK) LIMITED.",2020,17.44
Venezuela,Boscan,Source: Energy Intelligence,"COPYRIGHT © 2001-2021 ENERGY INTELLIGENCE GROUP, INC. / ENERGY INTELLIGENCE GROUP (UK) LIMITED.",2020,27
Venezuela,Zuata Sweet,Source: Energy Intelligence,"COPYRIGHT © 2001-2021 ENERGY INTELLIGENCE GROUP, INC. / ENERGY INTELLIGENCE GROUP (UK) LIMITED.",2021,20
Venezuela,Santa Barbara,Source: Energy Intelligence,"COPYRIGHT © 2001-2021 ENERGY INTELLIGENCE GROUP, INC. / ENERGY INTELLIGENCE GROUP (UK) LIMITED.",2021,0
Venezuela,Petrozuata,Source: Energy Intelligence,"COPYRIGHT © 2001-2021 ENERGY INTELLIGENCE GROUP, INC. / ENERGY INTELLIGENCE GROUP (UK) LIMITED.",2021,0
Venezuela,Other Crudes - Venezuela,Source: Energy Intelligence,"COPYRIGHT © 2001-2021 ENERGY INTELLIGENCE GROUP, INC. / ENERGY INTELLIGENCE GROUP (UK) LIMITED.",2021,21
Venezuela,Monagas 18,Source: Energy Intelligence,"COPYRIGHT © 2001-2021 ENERGY INTELLIGENCE GROUP, INC. / ENERGY INTELLIGENCE GROUP (UK) LIMITED.",2021,0
Venezuela,Mesa-30,Source: Energy Intelligence,"COPYRIGHT © 2001-2021 ENERGY INTELLIGENCE GROUP, INC. / ENERGY INTELLIGENCE GROUP (UK) LIMITED.",2021,0
Venezuela,Merey-16,Source: Energy Intelligence,"COPYRIGHT © 2001-2021 ENERGY INTELLIGENCE GROUP, INC. / ENERGY INTELLIGENCE GROUP (UK) LIMITED.",2021,330
Venezuela,Hamaca,Source: Energy Intelligence,"COPYRIGHT © 2001-2021 ENERGY INTELLIGENCE GROUP, INC. / ENERGY INTELLIGENCE GROUP (UK) LIMITED.",2021,54
Venezuela,Diluted Crude Oil (DCO),Source: Energy Intelligence,"COPYRIGHT © 2001-2021 ENERGY INTELLIGENCE GROUP, INC. / ENERGY INTELLIGENCE GROUP (UK) LIMITED.",2021,15
Venezuela,Boscan,Source: Energy Intelligence,"COPYRIGHT © 2001-2021 ENERGY INTELLIGENCE GROUP, INC. / ENERGY INTELLIGENCE GROUP (UK) LIMITED.",2021,5
Venezuela,Zuata Sweet,Source: Energy Intelligence,"COPYRIGHT © 2001-2021 ENERGY INTELLIGENCE GROUP, INC. / ENERGY INTELLIGENCE GROUP (UK) LIMITED.",2022,0
Venezuela,Santa Barbara,Source: Energy Intelligence,"COPYRIGHT © 2001-2021 ENERGY INTELLIGENCE GROUP, INC. / ENERGY INTELLIGENCE GROUP (UK) LIMITED.",2022,0
Venezuela,Petrozuata,Source: Energy Intelligence,"COPYRIGHT © 2001-2021 ENERGY INTELLIGENCE GROUP, INC. / ENERGY INTELLIGENCE GROUP (UK) LIMITED.",2022,0
Venezuela,Other Crudes - Venezuela,Source: Energy Intelligence,"COPYRIGHT © 2001-2021 ENERGY INTELLIGENCE GROUP, INC. / ENERGY INTELLIGENCE GROUP (UK) LIMITED.",2022,15
Venezuela,Monagas 18,Source: Energy Intelligence,"COPYRIGHT © 2001-2021 ENERGY INTELLIGENCE GROUP, INC. / ENERGY INTELLIGENCE GROUP (UK) LIMITED.",2022,0
Venezuela,Mesa-30,Source: Energy Intelligence,"COPYRIGHT © 2001-2021 ENERGY INTELLIGENCE GROUP, INC. / ENERGY INTELLIGENCE GROUP (UK) LIMITED.",2022,0
Venezuela,Merey-16,Source: Energy Intelligence,"COPYRIGHT © 2001-2021 ENERGY INTELLIGENCE GROUP, INC. / ENERGY INTELLIGENCE GROUP (UK) LIMITED.",2022,330
Venezuela,Hamaca,Source: Energy Intelligence,"COPYRIGHT © 2001-2021 ENERGY INTELLIGENCE GROUP, INC. / ENERGY INTELLIGENCE GROUP (UK) LIMITED.",2022,2
Venezuela,Diluted Crude Oil (DCO),Source: Energy Intelligence,"COPYRIGHT © 2001-2021 ENERGY INTELLIGENCE GROUP, INC. / ENERGY INTELLIGENCE GROUP (UK) LIMITED.",2022,75
Venezuela,Boscan,Source: Energy Intelligence,"COPYRIGHT © 2001-2021 ENERGY INTELLIGENCE GROUP, INC. / ENERGY INTELLIGENCE GROUP (UK) LIMITED.",2022,27
Venezuela,Zuata Sweet,Source: Energy Intelligence,"COPYRIGHT © 2001-2021 ENERGY INTELLIGENCE GROUP, INC. / ENERGY INTELLIGENCE GROUP (UK) LIMITED.",2023,0
Venezuela,Santa Barbara,Source: Energy Intelligence,"COPYRIGHT © 2001-2021 ENERGY INTELLIGENCE GROUP, INC. / ENERGY INTELLIGENCE GROUP (UK) LIMITED.",2023,0
Venezuela,Other Crudes - Venezuela,Source: Energy Intelligence,"COPYRIGHT © 2001-2021 ENERGY INTELLIGENCE GROUP, INC. / ENERGY INTELLIGENCE GROUP (UK) LIMITED.",2023,0
Venezuela,Monagas 18,Source: Energy Intelligence,"COPYRIGHT © 2001-2021 ENERGY INTELLIGENCE GROUP, INC. / ENERGY INTELLIGENCE GROUP (UK) LIMITED.",2023,0
Venezuela,Mesa-30,Source: Energy Intelligence,"COPYRIGHT © 2001-2021 ENERGY INTELLIGENCE GROUP, INC. / ENERGY INTELLIGENCE GROUP (UK) LIMITED.",2023,0
Venezuela,Merey-16,Source: Energy Intelligence,"COPYRIGHT © 2001-2021 ENERGY INTELLIGENCE GROUP, INC. / ENERGY INTELLIGENCE GROUP (UK) LIMITED.",2023,350
Venezuela,Hamaca,Source: Energy Intelligence,"COPYRIGHT © 2001-2021 ENERGY INTELLIGENCE GROUP, INC. / ENERGY INTELLIGENCE GROUP (UK) LIMITED.",2023,60
Venezuela,Diluted Crude Oil (DCO),Source: Energy Intelligence,"COPYRIGHT © 2001-2021 ENERGY INTELLIGENCE GROUP, INC. / ENERGY INTELLIGENCE GROUP (UK) LIMITED.",2023,65
Venezuela,Boscan,Source: Energy Intelligence,"COPYRIGHT © 2001-2021 ENERGY INTELLIGENCE GROUP, INC. / ENERGY INTELLIGENCE GROUP (UK) LIMITED.",2023,50
Venezuela,Santa Barbara,Source: Energy Intelligence,"COPYRIGHT © 2001-2021 ENERGY INTELLIGENCE GROUP, INC. / ENERGY INTELLIGENCE GROUP (UK) LIMITED.",2024,0
Venezuela,Other Crudes - Venezuela,Source: Energy Intelligence,"COPYRIGHT © 2001-2021 ENERGY INTELLIGENCE GROUP, INC. / ENERGY INTELLIGENCE GROUP (UK) LIMITED.",2024,0
Venezuela,Monagas 18,Source: Energy Intelligence,"COPYRIGHT © 2001-2021 ENERGY INTELLIGENCE GROUP, INC. / ENERGY INTELLIGENCE GROUP (UK) LIMITED.",2024,0
Venezuela,Mesa-30,Source: Energy Intelligence,"COPYRIGHT © 2001-2021 ENERGY INTELLIGENCE GROUP, INC. / ENERGY INTELLIGENCE GROUP (UK) LIMITED.",2024,0
Venezuela,Merey-16,Source: Energy Intelligence,"COPYRIGHT © 2001-2021 ENERGY INTELLIGENCE GROUP, INC. / ENERGY INTELLIGENCE GROUP (UK) LIMITED.",2024,420
Venezuela,Hamaca,Source: Energy Intelligence,"COPYRIGHT © 2001-2021 ENERGY INTELLIGENCE GROUP, INC. / ENERGY INTELLIGENCE GROUP (UK) LIMITED.",2024,75
Venezuela,Diluted Crude Oil (DCO),Source: Energy Intelligence,"COPYRIGHT © 2001-2021 ENERGY INTELLIGENCE GROUP, INC. / ENERGY INTELLIGENCE GROUP (UK) LIMITED.",2024,17
Venezuela,Boscan,Source: Energy Intelligence,"COPYRIGHT © 2001-2021 ENERGY INTELLIGENCE GROUP, INC. / ENERGY INTELLIGENCE GROUP (UK) LIMITED.",2024,90
Vietnam,Su Tu Den,Source: Energy Intelligence,"COPYRIGHT © 2001-2021 ENERGY INTELLIGENCE GROUP, INC. / ENERGY INTELLIGENCE GROUP (UK) LIMITED.",2006,50
Vietnam,Rang Dong,Source: Energy Intelligence,"COPYRIGHT © 2001-2021 ENERGY INTELLIGENCE GROUP, INC. / ENERGY INTELLIGENCE GROUP (UK) LIMITED.",2006,55
Vietnam,Other Crudes - Vietnam,Source: Energy Intelligence,"COPYRIGHT © 2001-2021 ENERGY INTELLIGENCE GROUP, INC. / ENERGY INTELLIGENCE GROUP (UK) LIMITED.",2006,31
Vietnam,Bach Ho,Source: Energy Intelligence,"COPYRIGHT © 2001-2021 ENERGY INTELLIGENCE GROUP, INC. / ENERGY INTELLIGENCE GROUP (UK) LIMITED.",2006,220
Vietnam,Su Tu Den,Source: Energy Intelligence,"COPYRIGHT © 2001-2021 ENERGY INTELLIGENCE GROUP, INC. / ENERGY INTELLIGENCE GROUP (UK) LIMITED.",2007,50
Vietnam,Rang Dong,Source: Energy Intelligence,"COPYRIGHT © 2001-2021 ENERGY INTELLIGENCE GROUP, INC. / ENERGY INTELLIGENCE GROUP (UK) LIMITED.",2007,40
Vietnam,Other Crudes - Vietnam,Source: Energy Intelligence,"COPYRIGHT © 2001-2021 ENERGY INTELLIGENCE GROUP, INC. / ENERGY INTELLIGENCE GROUP (UK) LIMITED.",2007,64
Vietnam,Bach Ho,Source: Energy Intelligence,"COPYRIGHT © 2001-2021 ENERGY INTELLIGENCE GROUP, INC. / ENERGY INTELLIGENCE GROUP (UK) LIMITED.",2007,173
Vietnam,Su Tu Den,Source: Energy Intelligence,"COPYRIGHT © 2001-2021 ENERGY INTELLIGENCE GROUP, INC. / ENERGY INTELLIGENCE GROUP (UK) LIMITED.",2008,55
Vietnam,Rang Dong,Source: Energy Intelligence,"COPYRIGHT © 2001-2021 ENERGY INTELLIGENCE GROUP, INC. / ENERGY INTELLIGENCE GROUP (UK) LIMITED.",2008,35
Vietnam,Other Crudes - Vietnam,Source: Energy Intelligence,"COPYRIGHT © 2001-2021 ENERGY INTELLIGENCE GROUP, INC. / ENERGY INTELLIGENCE GROUP (UK) LIMITED.",2008,31
Vietnam,Bach Ho,Source: Energy Intelligence,"COPYRIGHT © 2001-2021 ENERGY INTELLIGENCE GROUP, INC. / ENERGY INTELLIGENCE GROUP (UK) LIMITED.",2008,155
Vietnam,Su Tu Den,Source: Energy Intelligence,"COPYRIGHT © 2001-2021 ENERGY INTELLIGENCE GROUP, INC. / ENERGY INTELLIGENCE GROUP (UK) LIMITED.",2009,93
Vietnam,Rang Dong,Source: Energy Intelligence,"COPYRIGHT © 2001-2021 ENERGY INTELLIGENCE GROUP, INC. / ENERGY INTELLIGENCE GROUP (UK) LIMITED.",2009,37.2
Vietnam,Other Crudes - Vietnam,Source: Energy Intelligence,"COPYRIGHT © 2001-2021 ENERGY INTELLIGENCE GROUP, INC. / ENERGY INTELLIGENCE GROUP (UK) LIMITED.",2009,58.8
Vietnam,Bach Ho,Source: Energy Intelligence,"COPYRIGHT © 2001-2021 ENERGY INTELLIGENCE GROUP, INC. / ENERGY INTELLIGENCE GROUP (UK) LIMITED.",2009,81
Vietnam,Su Tu Den,Source: Energy Intelligence,"COPYRIGHT © 2001-2021 ENERGY INTELLIGENCE GROUP, INC. / ENERGY INTELLIGENCE GROUP (UK) LIMITED.",2010,60
Vietnam,Other Crudes - Vietnam,Source: Energy Intelligence,"COPYRIGHT © 2001-2021 ENERGY INTELLIGENCE GROUP, INC. / ENERGY INTELLIGENCE GROUP (UK) LIMITED.",2010,61
Vietnam,Bach Ho,Source: Energy Intelligence,"COPYRIGHT © 2001-2021 ENERGY INTELLIGENCE GROUP, INC. / ENERGY INTELLIGENCE GROUP (UK) LIMITED.",2010,40
Vietnam,Te Giac Trang,Source: Energy Intelligence,"COPYRIGHT © 2001-2021 ENERGY INTELLIGENCE GROUP, INC. / ENERGY INTELLIGENCE GROUP (UK) LIMITED.",2011,15
Vietnam,Su Tu Den,Source: Energy Intelligence,"COPYRIGHT © 2001-2021 ENERGY INTELLIGENCE GROUP, INC. / ENERGY INTELLIGENCE GROUP (UK) LIMITED.",2011,75
Vietnam,Other Crudes - Vietnam,Source: Energy Intelligence,"COPYRIGHT © 2001-2021 ENERGY INTELLIGENCE GROUP, INC. / ENERGY INTELLIGENCE GROUP (UK) LIMITED.",2011,69.33
Vietnam,Bach Ho,Source: Energy Intelligence,"COPYRIGHT © 2001-2021 ENERGY INTELLIGENCE GROUP, INC. / ENERGY INTELLIGENCE GROUP (UK) LIMITED.",2011,35
Vietnam,Te Giac Trang,Source: Energy Intelligence,"COPYRIGHT © 2001-2021 ENERGY INTELLIGENCE GROUP, INC. / ENERGY INTELLIGENCE GROUP (UK) LIMITED.",2012,12
Vietnam,Su Tu Den,Source: Energy Intelligence,"COPYRIGHT © 2001-2021 ENERGY INTELLIGENCE GROUP, INC. / ENERGY INTELLIGENCE GROUP (UK) LIMITED.",2012,85
Vietnam,Other Crudes - Vietnam,Source: Energy Intelligence,"COPYRIGHT © 2001-2021 ENERGY INTELLIGENCE GROUP, INC. / ENERGY INTELLIGENCE GROUP (UK) LIMITED.",2012,84
Vietnam,Bach Ho,Source: Energy Intelligence,"COPYRIGHT © 2001-2021 ENERGY INTELLIGENCE GROUP, INC. / ENERGY INTELLIGENCE GROUP (UK) LIMITED.",2012,35
Vietnam,Te Giac Trang,Source: Energy Intelligence,"COPYRIGHT © 2001-2021 ENERGY INTELLIGENCE GROUP, INC. / ENERGY INTELLIGENCE GROUP (UK) LIMITED.",2013,14.85
Vietnam,Su Tu Den,Source: Energy Intelligence,"COPYRIGHT © 2001-2021 ENERGY INTELLIGENCE GROUP, INC. / ENERGY INTELLIGENCE GROUP (UK) LIMITED.",2013,91.72
Vietnam,Other Crudes - Vietnam,Source: Energy Intelligence,"COPYRIGHT © 2001-2021 ENERGY INTELLIGENCE GROUP, INC. / ENERGY INTELLIGENCE GROUP (UK) LIMITED.",2013,66.03
Vietnam,Bach Ho,Source: Energy Intelligence,"COPYRIGHT © 2001-2021 ENERGY INTELLIGENCE GROUP, INC. / ENERGY INTELLIGENCE GROUP (UK) LIMITED.",2013,32.4
Vietnam,Te Giac Trang,Source: Energy Intelligence,"COPYRIGHT © 2001-2021 ENERGY INTELLIGENCE GROUP, INC. / ENERGY INTELLIGENCE GROUP (UK) LIMITED.",2014,20
Vietnam,Su Tu Den,Source: Energy Intelligence,"COPYRIGHT © 2001-2021 ENERGY INTELLIGENCE GROUP, INC. / ENERGY INTELLIGENCE GROUP (UK) LIMITED.",2014,88
Vietnam,Other Crudes - Vietnam,Source: Energy Intelligence,"COPYRIGHT © 2001-2021 ENERGY INTELLIGENCE GROUP, INC. / ENERGY INTELLIGENCE GROUP (UK) LIMITED.",2014,0
Vietnam,Bach Ho,Source: Energy Intelligence,"COPYRIGHT © 2001-2021 ENERGY INTELLIGENCE GROUP, INC. / ENERGY INTELLIGENCE GROUP (UK) LIMITED.",2014,25
Vietnam,Te Giac Trang,Source: Energy Intelligence,"COPYRIGHT © 2001-2021 ENERGY INTELLIGENCE GROUP, INC. / ENERGY INTELLIGENCE GROUP (UK) LIMITED.",2015,12.5
Vietnam,Su Tu Den,Source: Energy Intelligence,"COPYRIGHT © 2001-2021 ENERGY INTELLIGENCE GROUP, INC. / ENERGY INTELLIGENCE GROUP (UK) LIMITED.",2015,56
Vietnam,Rang Dong,Source: Energy Intelligence,"COPYRIGHT © 2001-2021 ENERGY INTELLIGENCE GROUP, INC. / ENERGY INTELLIGENCE GROUP (UK) LIMITED.",2015,20
Vietnam,Other Crudes - Vietnam,Source: Energy Intelligence,"COPYRIGHT © 2001-2021 ENERGY INTELLIGENCE GROUP, INC. / ENERGY INTELLIGENCE GROUP (UK) LIMITED.",2015,55.88
Vietnam,Bach Ho,Source: Energy Intelligence,"COPYRIGHT © 2001-2021 ENERGY INTELLIGENCE GROUP, INC. / ENERGY INTELLIGENCE GROUP (UK) LIMITED.",2015,40
Vietnam,Te Giac Trang,Source: Energy Intelligence,"COPYRIGHT © 2001-2021 ENERGY INTELLIGENCE GROUP, INC. / ENERGY INTELLIGENCE GROUP (UK) LIMITED.",2016,10.5
Vietnam,Su Tu Den,Source: Energy Intelligence,"COPYRIGHT © 2001-2021 ENERGY INTELLIGENCE GROUP, INC. / ENERGY INTELLIGENCE GROUP (UK) LIMITED.",2016,55.37
Vietnam,Other Crudes - Vietnam,Source: Energy Intelligence,"COPYRIGHT © 2001-2021 ENERGY INTELLIGENCE GROUP, INC. / ENERGY INTELLIGENCE GROUP (UK) LIMITED.",2016,36.28
Vietnam,Bach Ho,Source: Energy Intelligence,"COPYRIGHT © 2001-2021 ENERGY INTELLIGENCE GROUP, INC. / ENERGY INTELLIGENCE GROUP (UK) LIMITED.",2016,35.49
Vietnam,Te Giac Trang,Source: Energy Intelligence,"COPYRIGHT © 2001-2021 ENERGY INTELLIGENCE GROUP, INC. / ENERGY INTELLIGENCE GROUP (UK) LIMITED.",2017,10.5
Vietnam,Su Tu Den,Source: Energy Intelligence,"COPYRIGHT © 2001-2021 ENERGY INTELLIGENCE GROUP, INC. / ENERGY INTELLIGENCE GROUP (UK) LIMITED.",2017,39.99
Vietnam,Other Crudes - Vietnam,Source: Energy Intelligence,"COPYRIGHT © 2001-2021 ENERGY INTELLIGENCE GROUP, INC. / ENERGY INTELLIGENCE GROUP (UK) LIMITED.",2017,58.19
Vietnam,Bach Ho,Source: Energy Intelligence,"COPYRIGHT © 2001-2021 ENERGY INTELLIGENCE GROUP, INC. / ENERGY INTELLIGENCE GROUP (UK) LIMITED.",2017,28
Vietnam,Te Giac Trang,Source: Energy Intelligence,"COPYRIGHT © 2001-2021 ENERGY INTELLIGENCE GROUP, INC. / ENERGY INTELLIGENCE GROUP (UK) LIMITED.",2018,7.11
Vietnam,Su Tu Den,Source: Energy Intelligence,"COPYRIGHT © 2001-2021 ENERGY INTELLIGENCE GROUP, INC. / ENERGY INTELLIGENCE GROUP (UK) LIMITED.",2018,40.31
Vietnam,Other Crudes - Vietnam,Source: Energy Intelligence,"COPYRIGHT © 2001-2021 ENERGY INTELLIGENCE GROUP, INC. / ENERGY INTELLIGENCE GROUP (UK) LIMITED.",2018,7.54
Vietnam,Bach Ho,Source: Energy Intelligence,"COPYRIGHT © 2001-2021 ENERGY INTELLIGENCE GROUP, INC. / ENERGY INTELLIGENCE GROUP (UK) LIMITED.",2018,24.58
Vietnam,Te Giac Trang,Source: Energy Intelligence,"COPYRIGHT © 2001-2021 ENERGY INTELLIGENCE GROUP, INC. / ENERGY INTELLIGENCE GROUP (UK) LIMITED.",2019,6.4
Vietnam,Su Tu Den,Source: Energy Intelligence,"COPYRIGHT © 2001-2021 ENERGY INTELLIGENCE GROUP, INC. / ENERGY INTELLIGENCE GROUP (UK) LIMITED.",2019,34.4
Vietnam,Other Crudes - Vietnam,Source: Energy Intelligence,"COPYRIGHT © 2001-2021 ENERGY INTELLIGENCE GROUP, INC. / ENERGY INTELLIGENCE GROUP (UK) LIMITED.",2019,20.65
Vietnam,Bach Ho,Source: Energy Intelligence,"COPYRIGHT © 2001-2021 ENERGY INTELLIGENCE GROUP, INC. / ENERGY INTELLIGENCE GROUP (UK) LIMITED.",2019,18.4
Vietnam,Te Giac Trang,Source: Energy Intelligence,"COPYRIGHT © 2001-2021 ENERGY INTELLIGENCE GROUP, INC. / ENERGY INTELLIGENCE GROUP (UK) LIMITED.",2020,6.12
Vietnam,Su Tu Den,Source: Energy Intelligence,"COPYRIGHT © 2001-2021 ENERGY INTELLIGENCE GROUP, INC. / ENERGY INTELLIGENCE GROUP (UK) LIMITED.",2020,35.9
Vietnam,Other Crudes - Vietnam,Source: Energy Intelligence,"COPYRIGHT © 2001-2021 ENERGY INTELLIGENCE GROUP, INC. / ENERGY INTELLIGENCE GROUP (UK) LIMITED.",2020,22.35
Vietnam,Bach Ho,Source: Energy Intelligence,"COPYRIGHT © 2001-2021 ENERGY INTELLIGENCE GROUP, INC. / ENERGY INTELLIGENCE GROUP (UK) LIMITED.",2020,28.89
Vietnam,Te Giac Trang,Source: Energy Intelligence,"COPYRIGHT © 2001-2021 ENERGY INTELLIGENCE GROUP, INC. / ENERGY INTELLIGENCE GROUP (UK) LIMITED.",2021,5.34
Vietnam,Su Tu Den,Source: Energy Intelligence,"COPYRIGHT © 2001-2021 ENERGY INTELLIGENCE GROUP, INC. / ENERGY INTELLIGENCE GROUP (UK) LIMITED.",2021,33.41
Vietnam,Other Crudes - Vietnam,Source: Energy Intelligence,"COPYRIGHT © 2001-2021 ENERGY INTELLIGENCE GROUP, INC. / ENERGY INTELLIGENCE GROUP (UK) LIMITED.",2021,0.31
Vietnam,Bach Ho,Source: Energy Intelligence,"COPYRIGHT © 2001-2021 ENERGY INTELLIGENCE GROUP, INC. / ENERGY INTELLIGENCE GROUP (UK) LIMITED.",2021,23.8
Vietnam,Te Giac Trang,Source: Energy Intelligence,"COPYRIGHT © 2001-2021 ENERGY INTELLIGENCE GROUP, INC. / ENERGY INTELLIGENCE GROUP (UK) LIMITED.",2022,4.02
Vietnam,Su Tu Den,Source: Energy Intelligence,"COPYRIGHT © 2001-2021 ENERGY INTELLIGENCE GROUP, INC. / ENERGY INTELLIGENCE GROUP (UK) LIMITED.",2022,33.79
Vietnam,Other Crudes - Vietnam,Source: Energy Intelligence,"COPYRIGHT © 2001-2021 ENERGY INTELLIGENCE GROUP, INC. / ENERGY INTELLIGENCE GROUP (UK) LIMITED.",2022,0
Vietnam,Bach Ho,Source: Energy Intelligence,"COPYRIGHT © 2001-2021 ENERGY INTELLIGENCE GROUP, INC. / ENERGY INTELLIGENCE GROUP (UK) LIMITED.",2022,18.07
Vietnam,Su Tu Den,Source: Energy Intelligence,"COPYRIGHT © 2001-2021 ENERGY INTELLIGENCE GROUP, INC. / ENERGY INTELLIGENCE GROUP (UK) LIMITED.",2023,30.51
Vietnam,Other Crudes - Vietnam,Source: Energy Intelligence,"COPYRIGHT © 2001-2021 ENERGY INTELLIGENCE GROUP, INC. / ENERGY INTELLIGENCE GROUP (UK) LIMITED.",2023,7.38
Vietnam,Bach Ho,Source: Energy Intelligence,"COPYRIGHT © 2001-2021 ENERGY INTELLIGENCE GROUP, INC. / ENERGY INTELLIGENCE GROUP (UK) LIMITED.",2023,18.6
Vietnam,Su Tu Den,Source: Energy Intelligence,"COPYRIGHT © 2001-2021 ENERGY INTELLIGENCE GROUP, INC. / ENERGY INTELLIGENCE GROUP (UK) LIMITED.",2024,24.95
Vietnam,Other Crudes - Vietnam,Source: Energy Intelligence,"COPYRIGHT © 2001-2021 ENERGY INTELLIGENCE GROUP, INC. / ENERGY INTELLIGENCE GROUP (UK) LIMITED.",2024,9.7
Vietnam,Bach Ho,Source: Energy Intelligence,"COPYRIGHT © 2001-2021 ENERGY INTELLIGENCE GROUP, INC. / ENERGY INTELLIGENCE GROUP (UK) LIMITED.",2024,17.47
Yemen,Other Crudes - Yemen,Source: Energy Intelligence,"COPYRIGHT © 2001-2021 ENERGY INTELLIGENCE GROUP, INC. / ENERGY INTELLIGENCE GROUP (UK) LIMITED.",2006,0
Yemen,Masila,Source: Energy Intelligence,"COPYRIGHT © 2001-2021 ENERGY INTELLIGENCE GROUP, INC. / ENERGY INTELLIGENCE GROUP (UK) LIMITED.",2006,176
Yemen,Marib Light,Source: Energy Intelligence,"COPYRIGHT © 2001-2021 ENERGY INTELLIGENCE GROUP, INC. / ENERGY INTELLIGENCE GROUP (UK) LIMITED.",2006,61
Yemen,Other Crudes - Yemen,Source: Energy Intelligence,"COPYRIGHT © 2001-2021 ENERGY INTELLIGENCE GROUP, INC. / ENERGY INTELLIGENCE GROUP (UK) LIMITED.",2007,0
Yemen,Masila,Source: Energy Intelligence,"COPYRIGHT © 2001-2021 ENERGY INTELLIGENCE GROUP, INC. / ENERGY INTELLIGENCE GROUP (UK) LIMITED.",2007,131
Yemen,Marib Light,Source: Energy Intelligence,"COPYRIGHT © 2001-2021 ENERGY INTELLIGENCE GROUP, INC. / ENERGY INTELLIGENCE GROUP (UK) LIMITED.",2007,68
Yemen,Other Crudes - Yemen,Source: Energy Intelligence,"COPYRIGHT © 2001-2021 ENERGY INTELLIGENCE GROUP, INC. / ENERGY INTELLIGENCE GROUP (UK) LIMITED.",2008,0
Yemen,Masila,Source: Energy Intelligence,"COPYRIGHT © 2001-2021 ENERGY INTELLIGENCE GROUP, INC. / ENERGY INTELLIGENCE GROUP (UK) LIMITED.",2008,134
Yemen,Marib Light,Source: Energy Intelligence,"COPYRIGHT © 2001-2021 ENERGY INTELLIGENCE GROUP, INC. / ENERGY INTELLIGENCE GROUP (UK) LIMITED.",2008,68
Yemen,Other Crudes - Yemen,Source: Energy Intelligence,"COPYRIGHT © 2001-2021 ENERGY INTELLIGENCE GROUP, INC. / ENERGY INTELLIGENCE GROUP (UK) LIMITED.",2009,0
Yemen,Masila,Source: Energy Intelligence,"COPYRIGHT © 2001-2021 ENERGY INTELLIGENCE GROUP, INC. / ENERGY INTELLIGENCE GROUP (UK) LIMITED.",2009,133
Yemen,Marib Light,Source: Energy Intelligence,"COPYRIGHT © 2001-2021 ENERGY INTELLIGENCE GROUP, INC. / ENERGY INTELLIGENCE GROUP (UK) LIMITED.",2009,57
Yemen,Other Crudes - Yemen,Source: Energy Intelligence,"COPYRIGHT © 2001-2021 ENERGY INTELLIGENCE GROUP, INC. / ENERGY INTELLIGENCE GROUP (UK) LIMITED.",2010,0
Yemen,Masila,Source: Energy Intelligence,"COPYRIGHT © 2001-2021 ENERGY INTELLIGENCE GROUP, INC. / ENERGY INTELLIGENCE GROUP (UK) LIMITED.",2010,142.9
Yemen,Marib Light,Source: Energy Intelligence,"COPYRIGHT © 2001-2021 ENERGY INTELLIGENCE GROUP, INC. / ENERGY INTELLIGENCE GROUP (UK) LIMITED.",2010,75
Yemen,Other Crudes - Yemen,Source: Energy Intelligence,"COPYRIGHT © 2001-2021 ENERGY INTELLIGENCE GROUP, INC. / ENERGY INTELLIGENCE GROUP (UK) LIMITED.",2011,0
Yemen,Masila,Source: Energy Intelligence,"COPYRIGHT © 2001-2021 ENERGY INTELLIGENCE GROUP, INC. / ENERGY INTELLIGENCE GROUP (UK) LIMITED.",2011,156
Yemen,Marib Light,Source: Energy Intelligence,"COPYRIGHT © 2001-2021 ENERGY INTELLIGENCE GROUP, INC. / ENERGY INTELLIGENCE GROUP (UK) LIMITED.",2011,25
Yemen,Other Crudes - Yemen,Source: Energy Intelligence,"COPYRIGHT © 2001-2021 ENERGY INTELLIGENCE GROUP, INC. / ENERGY INTELLIGENCE GROUP (UK) LIMITED.",2012,0
Yemen,Masila,Source: Energy Intelligence,"COPYRIGHT © 2001-2021 ENERGY INTELLIGENCE GROUP, INC. / ENERGY INTELLIGENCE GROUP (UK) LIMITED.",2012,122
Yemen,Marib Light,Source: Energy Intelligence,"COPYRIGHT © 2001-2021 ENERGY INTELLIGENCE GROUP, INC. / ENERGY INTELLIGENCE GROUP (UK) LIMITED.",2012,16
Yemen,Other Crudes - Yemen,Source: Energy Intelligence,"COPYRIGHT © 2001-2021 ENERGY INTELLIGENCE GROUP, INC. / ENERGY INTELLIGENCE GROUP (UK) LIMITED.",2013,0
Yemen,Masila,Source: Energy Intelligence,"COPYRIGHT © 2001-2021 ENERGY INTELLIGENCE GROUP, INC. / ENERGY INTELLIGENCE GROUP (UK) LIMITED.",2013,103.7
Yemen,Marib Light,Source: Energy Intelligence,"COPYRIGHT © 2001-2021 ENERGY INTELLIGENCE GROUP, INC. / ENERGY INTELLIGENCE GROUP (UK) LIMITED.",2013,14.82
Yemen,Other Crudes - Yemen,Source: Energy Intelligence,"COPYRIGHT © 2001-2021 ENERGY INTELLIGENCE GROUP, INC. / ENERGY INTELLIGENCE GROUP (UK) LIMITED.",2014,0
Yemen,Masila,Source: Energy Intelligence,"COPYRIGHT © 2001-2021 ENERGY INTELLIGENCE GROUP, INC. / ENERGY INTELLIGENCE GROUP (UK) LIMITED.",2014,100.01
Yemen,Marib Light,Source: Energy Intelligence,"COPYRIGHT © 2001-2021 ENERGY INTELLIGENCE GROUP, INC. / ENERGY INTELLIGENCE GROUP (UK) LIMITED.",2014,14.06
Yemen,Other Crudes - Yemen,Source: Energy Intelligence,"COPYRIGHT © 2001-2021 ENERGY INTELLIGENCE GROUP, INC. / ENERGY INTELLIGENCE GROUP (UK) LIMITED.",2015,0
Yemen,Masila,Source: Energy Intelligence,"COPYRIGHT © 2001-2021 ENERGY INTELLIGENCE GROUP, INC. / ENERGY INTELLIGENCE GROUP (UK) LIMITED.",2015,13.15
Yemen,Marib Light,Source: Energy Intelligence,"COPYRIGHT © 2001-2021 ENERGY INTELLIGENCE GROUP, INC. / ENERGY INTELLIGENCE GROUP (UK) LIMITED.",2015,0
Yemen,Other Crudes - Yemen,Source: Energy Intelligence,"COPYRIGHT © 2001-2021 ENERGY INTELLIGENCE GROUP, INC. / ENERGY INTELLIGENCE GROUP (UK) LIMITED.",2016,0
Yemen,Masila,Source: Energy Intelligence,"COPYRIGHT © 2001-2021 ENERGY INTELLIGENCE GROUP, INC. / ENERGY INTELLIGENCE GROUP (UK) LIMITED.",2016,13.69
Yemen,Marib Light,Source: Energy Intelligence,"COPYRIGHT © 2001-2021 ENERGY INTELLIGENCE GROUP, INC. / ENERGY INTELLIGENCE GROUP (UK) LIMITED.",2016,0
Yemen,Other Crudes - Yemen,Source: Energy Intelligence,"COPYRIGHT © 2001-2021 ENERGY INTELLIGENCE GROUP, INC. / ENERGY INTELLIGENCE GROUP (UK) LIMITED.",2017,0
Yemen,Masila,Source: Energy Intelligence,"COPYRIGHT © 2001-2021 ENERGY INTELLIGENCE GROUP, INC. / ENERGY INTELLIGENCE GROUP (UK) LIMITED.",2017,38
Yemen,Marib Light,Source: Energy Intelligence,"COPYRIGHT © 2001-2021 ENERGY INTELLIGENCE GROUP, INC. / ENERGY INTELLIGENCE GROUP (UK) LIMITED.",2017,0
Yemen,Masila,Source: Energy Intelligence,"COPYRIGHT © 2001-2021 ENERGY INTELLIGENCE GROUP, INC. / ENERGY INTELLIGENCE GROUP (UK) LIMITED.",2018,32.88
Yemen,Marib Light,Source: Energy Intelligence,"COPYRIGHT © 2001-2021 ENERGY INTELLIGENCE GROUP, INC. / ENERGY INTELLIGENCE GROUP (UK) LIMITED.",2018,3.68
Yemen,Masila,Source: Energy Intelligence,"COPYRIGHT © 2001-2021 ENERGY INTELLIGENCE GROUP, INC. / ENERGY INTELLIGENCE GROUP (UK) LIMITED.",2019,32.88
Yemen,Marib Light,Source: Energy Intelligence,"COPYRIGHT © 2001-2021 ENERGY INTELLIGENCE GROUP, INC. / ENERGY INTELLIGENCE GROUP (UK) LIMITED.",2019,14.08
Yemen,Masila,Source: Energy Intelligence,"COPYRIGHT © 2001-2021 ENERGY INTELLIGENCE GROUP, INC. / ENERGY INTELLIGENCE GROUP (UK) LIMITED.",2020,32.88
Yemen,Marib Light,Source: Energy Intelligence,"COPYRIGHT © 2001-2021 ENERGY INTELLIGENCE GROUP, INC. / ENERGY INTELLIGENCE GROUP (UK) LIMITED.",2020,13
Yemen,Masila,Source: Energy Intelligence,"COPYRIGHT © 2001-2021 ENERGY INTELLIGENCE GROUP, INC. / ENERGY INTELLIGENCE GROUP (UK) LIMITED.",2021,28
Yemen,Marib Light,Source: Energy Intelligence,"COPYRIGHT © 2001-2021 ENERGY INTELLIGENCE GROUP, INC. / ENERGY INTELLIGENCE GROUP (UK) LIMITED.",2021,14
Yemen,Masila,Source: Energy Intelligence,"COPYRIGHT © 2001-2021 ENERGY INTELLIGENCE GROUP, INC. / ENERGY INTELLIGENCE GROUP (UK) LIMITED.",2022,23
Yemen,Marib Light,Source: Energy Intelligence,"COPYRIGHT © 2001-2021 ENERGY INTELLIGENCE GROUP, INC. / ENERGY INTELLIGENCE GROUP (UK) LIMITED.",2022,5
Yemen,Masila,Source: Energy Intelligence,"COPYRIGHT © 2001-2021 ENERGY INTELLIGENCE GROUP, INC. / ENERGY INTELLIGENCE GROUP (UK) LIMITED.",2023,0
Yemen,Marib Light,Source: Energy Intelligence,"COPYRIGHT © 2001-2021 ENERGY INTELLIGENCE GROUP, INC. / ENERGY INTELLIGENCE GROUP (UK) LIMITED.",2023,0
Yemen,Masila,Source: Energy Intelligence,"COPYRIGHT © 2001-2021 ENERGY INTELLIGENCE GROUP, INC. / ENERGY INTELLIGENCE GROUP (UK) LIMITED.",2024,0
Yemen,Marib Light,Source: Energy Intelligence,"COPYRIGHT © 2001-2021 ENERGY INTELLIGENCE GROUP, INC. / ENERGY INTELLIGENCE GROUP (UK) LIMITED.",2024,0
