Project Name,Likely Go-ahead,Country,Comments_link,Source,Copyright,Title,Comments
Abadi Condensates,Uncertain,Indonesia,https://www.energyintel.com/00000189-8c86-d8c4-a7ef-feb673c20000,Source: Energy Intelligence,"COPYRIGHT © 2001-2022 ENERGY INTELLIGENCE GROUP, INC. / ENERGY INTELLIGENCE GROUP (UK) LIMITED.",Click on the link below to go to the relevant article,Shell said it will sell its 35% stake in Abadi to Indonesia's Pertamina (20%) and Malaysia's Petronas (15%) for $650 million — $325 million in cash with an additional contingent amount of $325 million to be paid if and when Abadi is sanctioned.
Abilene,Uncertain,United States,https://www.energyintel.com/00000186-32a2-da30-a7ff-bbf72c200000,Source: Energy Intelligence,"COPYRIGHT © 2001-2022 ENERGY INTELLIGENCE GROUP, INC. / ENERGY INTELLIGENCE GROUP (UK) LIMITED.",Click on the link below to go to the relevant article,"Feb. 2023: Shell's latest Paleogene test — a wildcat called Abilene in Walker Ridge, a couple dozen miles southeast of Sparta — appears to have been unsuccessful.

Shell filed a permit to plug and permanently abandon the well, and multiple sources say it was a dry hole. Shell declined to comment, but a poor result at Abilene would underscore some of the challenges posed by the complex Paleogene play."
Absheron Phase 2,Yes,Azerbaijan,https://www.energyintel.com/00000194-3c9c-d8d2-afdd-7cfe74440000,Source: Energy Intelligence,"COPYRIGHT © 2001-2022 ENERGY INTELLIGENCE GROUP, INC. / ENERGY INTELLIGENCE GROUP (UK) LIMITED.",Click on the link below to go to the relevant article,Jan. 2025: The focus is on sanctioning a Phase 2 development that would push up overall output toward 5 Bcm/yr and free up more gas that could go to Europe. A final investment decision does not appear imminent.
Abu Khaymah,Uncertain,Iraq,https://www.energyintel.com/wcod/country-profile/iraq,Source: Energy Intelligence,"COPYRIGHT © 2001-2022 ENERGY INTELLIGENCE GROUP, INC. / ENERGY INTELLIGENCE GROUP (UK) LIMITED.",Click on the link below to go to the relevant article,"Iraq's achievement of its upstream goals will also depend on its ability to find outlets for its incremental crude by renovating its poor southern export infrastructure and boosting its aging refining capacity. Additionally, future production plans will also be a function of Opec-plus quota constraints."
Abu Roash “F” Reservoir,Yes,Egypt,https://www.energyintel.com/wcod/crude-profile/western-desert-blend,Source: Energy Intelligence,"COPYRIGHT © 2001-2022 ENERGY INTELLIGENCE GROUP, INC. / ENERGY INTELLIGENCE GROUP (UK) LIMITED.",Click on the link below to go to the relevant article,"The Western Desert has seen many oil discoveries in recent years, the latest being the 2020 Abu Sennan and South West Maleiha discoveries, adding about 25,000 b/d."
Abu Sennan,Yes,Egypt,https://www.energyintel.com/wcod/crude-profile/western-desert-blend,Source: Energy Intelligence,"COPYRIGHT © 2001-2022 ENERGY INTELLIGENCE GROUP, INC. / ENERGY INTELLIGENCE GROUP (UK) LIMITED.",Click on the link below to go to the relevant article,"The Western Desert has seen many oil discoveries in recent years, the latest being the 2020 Abu Sennan and South West Maleiha discoveries, adding about 25,000 b/d."
Afoxe,Yes,Angola,https://www.energyintel.com/wcod/crude-profile/olombendo,Source: Energy Intelligence,"COPYRIGHT © 2001-2022 ENERGY INTELLIGENCE GROUP, INC. / ENERGY INTELLIGENCE GROUP (UK) LIMITED.",Click on the link below to go to the relevant article,"Eni could channel Afoxe, like Kalimba a 2018 discovery, to a new hub under consideration for the southern part of Block 15, which holds potential for 400 million-500 million barrels."
Agidigbo,Yes,Angola,https://www.energyintel.com/0000017b-a7d8-de4c-a17b-e7da94d40000,Source: Energy Intelligence,"COPYRIGHT © 2001-2022 ENERGY INTELLIGENCE GROUP, INC. / ENERGY INTELLIGENCE GROUP (UK) LIMITED.",Click on the link below to go to the relevant article,"Part of three 2019 discoveries for long-term Africa explorer Eni in its prolific Block 15/06 offshore Angola: Agidigbo (300 million-400 million boe), Agogo (450 million-650 million boe) and Ndungu (250 million boe)."
Agogo Full Field Development,Yes,Angola,https://www.energyintel.com/00000198-604e-d7c8-a3df-6f5ffc770000,Source: Energy Intelligence,"COPYRIGHT © 2001-2022 ENERGY INTELLIGENCE GROUP, INC. / ENERGY INTELLIGENCE GROUP (UK) LIMITED.",Click on the link below to go to the relevant article,"Jul. 2025: The $8.2 billion Agogo, expected to take a year to ramp up, boasts several firsts, including the first FPSO deployment of an onboard pilot carbon capture and storage unit."
Akoma-1X,Yes,Ghana,https://www.energyintel.com/00000197-e9a1-dbba-abf7-f9bd74780000,Source: Energy Intelligence,"COPYRIGHT © 2001-2022 ENERGY INTELLIGENCE GROUP, INC. / ENERGY INTELLIGENCE GROUP (UK) LIMITED.",Click on the link below to go to the relevant article,July 2025: Ghana’s government announced the formal Declaration of Commerciality for the Eban (oil) and Akoma (gas and condensate) finds on Cape Three Points (CTP) Block 4 in the Gulf of Guinea
Al Farabi,Uncertain,Kazakhstan,https://www.energyintel.com/00000189-4465-d60a-a38f-c5f776a20000,Source: Energy Intelligence,"COPYRIGHT © 2001-2022 ENERGY INTELLIGENCE GROUP, INC. / ENERGY INTELLIGENCE GROUP (UK) LIMITED.",Click on the link below to go to the relevant article,Jul. 2023: The dry hole at Kazakhstan's Zhenis Block is a setback for Lukoil's Caspian plans as well. It remains unclear how the failure at Zhenis would impact Lukoil's other projects offshore Kazakhstan. The Russian major holds 49.99% in the neighboring Al-Farabi block where seismic works were supposed to start this year.
Al Jlaiaa,Uncertain,Kuwait,https://www.energyintel.com/00000194-8921-d57f-a1fe-893bd7650000,Source: Energy Intelligence,"COPYRIGHT © 2001-2022 ENERGY INTELLIGENCE GROUP, INC. / ENERGY INTELLIGENCE GROUP (UK) LIMITED.",Click on the link below to go to the relevant article,Jan. 2025: Kuwait Oil Co. (KOC) has announced a significant oil and gas discovery at the Al-Jlaiaa field as part of an offshore exploration drilling program that could help the Opec member boost its oil production capacity.
Al Shaheen Expansion,Yes,Qatar,https://www.energyintel.com/0000018d-5f5a-d775-a79f-ffdb09970000,Source: Energy Intelligence,"COPYRIGHT © 2001-2022 ENERGY INTELLIGENCE GROUP, INC. / ENERGY INTELLIGENCE GROUP (UK) LIMITED.",Click on the link below to go to the relevant article,"Jan. 2024: QatarEnergy has awarded engineering contracts worth $6 billion for the expansion of its offshore Al-Shaheen field. The next development phase of Al-Shaheen, dubbed Project Ruya (Arabic for vision), will tap 550 million barrels of oil resources over a five-year period, with first oil expected in 2027, the company said."
Al-Dhafra concession,Uncertain,United Arab Emirates,https://www.energyintel.com/00000180-dcbd-df62-ad87-dcbd6dee0000,Source: Energy Intelligence,"COPYRIGHT © 2001-2022 ENERGY INTELLIGENCE GROUP, INC. / ENERGY INTELLIGENCE GROUP (UK) LIMITED.",Click on the link below to go to the relevant article,"Another 50 million bbl of light, sweet Murban crude was discovered in May 2022  in the Al-Dhafra concession, which is operated by Al-Dhafra Petroleum."
Al-Faihaa Central Processing Facility Phase 1,Yes,Iraq,https://www.energyintel.com/00000190-ff08-d8c8-a3d5-ffca3e7d0000,Source: Energy Intelligence,"COPYRIGHT © 2001-2022 ENERGY INTELLIGENCE GROUP, INC. / ENERGY INTELLIGENCE GROUP (UK) LIMITED.",Click on the link below to go to the relevant article,"Jul. 2024: The oil minister attended a ceremony to mark the completion of the central processing facility at the Faihaa field in Block 9, which will raise its production capacity to 100,000 b/d."
Al-Nokhatha,Yes,Kuwait,https://www.energyintel.com/00000190-b652-daad-a5d9-b756e7c20000,Source: Energy Intelligence,"COPYRIGHT © 2001-2022 ENERGY INTELLIGENCE GROUP, INC. / ENERGY INTELLIGENCE GROUP (UK) LIMITED.",Click on the link below to go to the relevant article,Jul. 2024:  The giant find could help Kuwait achieve its goal of boosting oil production capacity both for export and for its growing downstream industry while alleviating the need for natural gas imports to meet domestic demand. Kuwait plans to invest about $50 billion — $10 billion annually from 2024 — to raise its production capacity from around 2.9 million barrels per day to 3.2 million b/d by 2028.
Al-Nouf,Yes,United Arab Emirates,https://www.energyintel.com/0000018d-0c02-de4b-a5dd-9f421ef60000,Source: Energy Intelligence,"COPYRIGHT © 2001-2022 ENERGY INTELLIGENCE GROUP, INC. / ENERGY INTELLIGENCE GROUP (UK) LIMITED.",Click on the link below to go to the relevant article,"Adnoc awarded Abu Dhabi-listed National Marine Dredging Co. (NMDC) a $137 million contract to build the Al-Nouf artificial island, according to a statement. The latest award to construct an artificial island is part of Adnoc’s stated plan to raise oil pro"
Alto de Cabo Frio Central block,Uncertain,Brazil,https://www.energyintel.com/00000187-b4f3-d9b3-afdf-f6f77b6f0000,Source: Energy Intelligence,"COPYRIGHT © 2001-2022 ENERGY INTELLIGENCE GROUP, INC. / ENERGY INTELLIGENCE GROUP (UK) LIMITED.",Click on the link below to go to the relevant article,"BP is also partnered 50-50 with operator Petrobras on the Alto de Cabo Frio Central Block, which recently completed a promising drill stem test."
Amoca/Mizton/Tecoalli,Yes,Mexico,https://www.energyintel.com/0000018a-8774-dd77-a39b-efff3ece0000,Source: Energy Intelligence,"COPYRIGHT © 2001-2022 ENERGY INTELLIGENCE GROUP, INC. / ENERGY INTELLIGENCE GROUP (UK) LIMITED.",Click on the link below to go to the relevant article,"Sep. 2023: Leading this lot is Italy’s Eni, which largely bucked its peers’ deepwater focus. The company picked up the Pemex-relinquished Area 1 in shallow waters and found new resources at the Amoca, Mizton and Tecoalli fields, building out a new development centered around a FPSO unit."
Anchor,Yes,United States,https://www.energyintel.com/00000191-484e-d8c8-a3d5-7cce56390000,Source: Energy Intelligence,"COPYRIGHT © 2001-2022 ENERGY INTELLIGENCE GROUP, INC. / ENERGY INTELLIGENCE GROUP (UK) LIMITED.",Click on the link below to go to the relevant article,"Aug. 2024:  Chevron has started production at its Anchor field in the US Gulf of Mexico, becoming the first company to break through the ""20k"" barrier by deploying technology that can safely handle pressures of up to 20,000 pounds per square inch."
Angoche A6-C Block,Uncertain,Mozambique,https://www.energyintel.com/00000190-e53b-dc1c-a1bd-fd7fe48c0000,Source: Energy Intelligence,"COPYRIGHT © 2001-2022 ENERGY INTELLIGENCE GROUP, INC. / ENERGY INTELLIGENCE GROUP (UK) LIMITED.",Click on the link below to go to the relevant article,"Jul. 2024: Mozambique has awarded a concession to Eni, in partnership with national oil company Empresa Nacional de Hidrocarbonetos (ENH), to tap the offshore Angoche A6-C block in the country’s northeast."
Anyala-Madu,Yes,Nigeria,https://www.energyintel.com/wcod/crude-profile/anyala-madu,Source: Energy Intelligence,"COPYRIGHT © 2001-2022 ENERGY INTELLIGENCE GROUP, INC. / ENERGY INTELLIGENCE GROUP (UK) LIMITED.",Click on the link below to go to the relevant article,"Output from the Anyala-Madu stream was 44,060 barrels per day in the first two months of 2023, 45,000 b/d in 2022 and 22,000 b/d in 2021. Production started in October 2020 as part of the Anyala-Madu development plan in OML 83 and 85 along the Niger Delta."
Aram,Uncertain,Brazil,https://www.energyintel.com/00000195-f354-db73-a39f-f7ff29060000,Source: Energy Intelligence,"COPYRIGHT © 2001-2022 ENERGY INTELLIGENCE GROUP, INC. / ENERGY INTELLIGENCE GROUP (UK) LIMITED.",Click on the link below to go to the relevant article,Apr. 2025: Brazil is positioned to be one of the key sources of non-Opec-plus liquids supply growth this decade as new capacity comes on line.
Argerich,Uncertain,Argentina,https://www.energyintel.com/00000190-5af1-de9d-a3d4-5af1ab5b0000,Source: Energy Intelligence,"COPYRIGHT © 2001-2022 ENERGY INTELLIGENCE GROUP, INC. / ENERGY INTELLIGENCE GROUP (UK) LIMITED.",Click on the link below to go to the relevant article,"Jun. 2024: A closely watched frontier exploration well offshore Argentina has come up dry, operator Equinor told Energy Intelligence. The Argerich well was considered a potential play opener and a test of the deepwater potential off the country’s eastern coast."
Asab Expansion,Yes,United Arab Emirates,https://www.energyintel.com/00000184-85d8-d0fe-abc5-d5f98a890000,Source: Energy Intelligence,"COPYRIGHT © 2001-2022 ENERGY INTELLIGENCE GROUP, INC. / ENERGY INTELLIGENCE GROUP (UK) LIMITED.",Click on the link below to go to the relevant article,"Capacity additions will, in coming years, be achieved at offshore fields including Satah al-Ras Boot (Sarb)/Umm Lulu and Lower Zakum, and at the onshore Bab, Bu Hasa and Asab fields, among others. 
Adnoc board  approved in late 2022 plans to raise capital spending for 2022-26 to $127 billion from $122 billion for 2021-25 as Adnoc progressed — and accelerated — plans to boost oil, gas and downstream developments, and position the company for the energy transition."
"Ashrafi, Dan Ulduzu, Aypara",Yes,Azerbaijan,https://www.energyintel.com/00000192-1f26-dc93-abde-3ff7fe020000,Source: Energy Intelligence,"COPYRIGHT © 2001-2022 ENERGY INTELLIGENCE GROUP, INC. / ENERGY INTELLIGENCE GROUP (UK) LIMITED.",Click on the link below to go to the relevant article,"Sep. 2024: BP signed a MOU signaling its intention to expand its presence in Azerbaijan by independently joining agreements on two offshore exploration and development blocks. The first is the Karabagh oil field, which lies near the ACG area. The second i"
Atapu 2,Yes,Brazil,https://www.energyintel.com/0000017f-07e3-df96-a1ff-bfef131a0003,Source: Energy Intelligence,"COPYRIGHT © 2001-2022 ENERGY INTELLIGENCE GROUP, INC. / ENERGY INTELLIGENCE GROUP (UK) LIMITED.",Click on the link below to go to the relevant article,"Mar. 2024: A second Atapu FPSO (P-84) is currently under development, and would add 225,000 b/d of capacity to the stream starting 2028."
Atlanta Field,Yes,Brazil,https://www.energyintel.com/00000187-5316-dcab-af9f-f35eb8ae0000,Source: Energy Intelligence,"COPYRIGHT © 2001-2022 ENERGY INTELLIGENCE GROUP, INC. / ENERGY INTELLIGENCE GROUP (UK) LIMITED.",Click on the link below to go to the relevant article,"In all, six of the eight wells drilled in 2020-22 appear to confirm the presence of working hydrocarbon systems in areas that sit outside the core Santos Basin and inner sections of the Campos Basin that have underpinned Brazil’s pre-salt bonanza."
Atrush Expansion,No,Iraq,https://www.energyintel.com/00000191-2bc3-dd10-af93-3fef3a320000,Source: Energy Intelligence,"COPYRIGHT © 2001-2022 ENERGY INTELLIGENCE GROUP, INC. / ENERGY INTELLIGENCE GROUP (UK) LIMITED.",Click on the link below to go to the relevant article,"Aug. 2024: The acquisition gives GEP a majority controlling stake in the field, which produced an estimated 36,000 b/d in 2023. The company already held a 27.6% stake in Atrush — now 75%, while the Kurdistan Regional Government has the remaining 25% through a production-sharing agreement."
Avalon,Uncertain,United Kingdom,https://www.energyintel.com/0000018a-d1d9-db69-a1ae-f7f9d8550000,Source: Energy Intelligence,"COPYRIGHT © 2001-2022 ENERGY INTELLIGENCE GROUP, INC. / ENERGY INTELLIGENCE GROUP (UK) LIMITED.",Click on the link below to go to the relevant article,"Ping is working to develop its greenfield standalone Avalon project in the CNS as a subsea tie-back to a floating production, storage and offloading vessel that eventually could be powered by a wind turbine."
Azadegan Expansion,Uncertain,Iran,https://www.energyintel.com/wcod/crude-profile/azadegan,Source: Energy Intelligence,"COPYRIGHT © 2001-2022 ENERGY INTELLIGENCE GROUP, INC. / ENERGY INTELLIGENCE GROUP (UK) LIMITED.",Click on the link below to go to the relevant article,"Raising production from border fields is a priority for NIOC which is aiming, over the next seven years, to triple output from Azadegan, holding 25.34 billion barrels of oil in place in its northern part and 5.6 billion bbl of oil in its southern part. The field was discovered in 1999 and shares the same structure as Iraq's giant Majnoon oil field. In July 2022, a memorandum of understanding was signed between NIOC and Iranian E&P companies and banks to advance the $7 billion project."
Azeri-Central-East (ACE) Platform,Yes,Azerbaijan,https://www.energyintel.com/00000193-8c59-de9f-a1d3-bdf93a0b0000,Source: Energy Intelligence,"COPYRIGHT © 2001-2022 ENERGY INTELLIGENCE GROUP, INC. / ENERGY INTELLIGENCE GROUP (UK) LIMITED.",Click on the link below to go to the relevant article,"Dec. 2024:  Socar has overtaken BP to become the biggest shareholder in the country’s ACG oil development and the BTC oil pipeline. The Azeri company took the bulk of Equinor’s equity in the two projects, under a deal that was finalized on Nov. 29, nearly"
Bacalhau Phase 1,Yes,Brazil,https://www.energyintel.com/00000199-ee70-d804-add9-eef6b0120000,Source: Energy Intelligence,"COPYRIGHT © 2001-2022 ENERGY INTELLIGENCE GROUP, INC. / ENERGY INTELLIGENCE GROUP (UK) LIMITED.",Click on the link below to go to the relevant article,"Oct. 2025: Equinor has started oil production at the Bacalhau field offshore Brazil, making it the first development in the South American nation's prolific pre-salt play to be brought on line by an international operator."
Bacalhau Phase 2,Uncertain,Brazil,https://www.energyintel.com/00000187-b4f3-d9b3-afdf-f6f77b6f0000,Source: Energy Intelligence,"COPYRIGHT © 2001-2022 ENERGY INTELLIGENCE GROUP, INC. / ENERGY INTELLIGENCE GROUP (UK) LIMITED.",Click on the link below to go to the relevant article,"Equinor has begun to contemplate a second phase at Bacalhau, with a key appraisal well planned to kick off this year."
Baja-1,Uncertain,Suriname,https://www.energyintel.com/00000197-b266-dbca-add7-bb6f07ca0000,Source: Energy Intelligence,"COPYRIGHT © 2001-2022 ENERGY INTELLIGENCE GROUP, INC. / ENERGY INTELLIGENCE GROUP (UK) LIMITED.",Click on the link below to go to the relevant article,"June 2025: Total will take over the 25% interest of Moeve, previously known as Cepsa, in Block 53, which is operated by US independent APA with a 45% share. Malaysia's Petronas controls the remaining 30%.

"
Bajo del Choique-La Invernada ,Uncertain,Argentina,https://www.energyintel.com/00000192-e40e-d44c-a7b3-fc2f9b210000,Source: Energy Intelligence,"COPYRIGHT © 2001-2022 ENERGY INTELLIGENCE GROUP, INC. / ENERGY INTELLIGENCE GROUP (UK) LIMITED.",Click on the link below to go to the relevant article,"Oct. 2024: In 2019, Exxon took a final investment decision on the Bajo del Choique-La Invernada Block."
Balder X,Yes,Norway,https://www.energyintel.com/00000196-d376-de95-abd7-f7f668de0000,Source: Energy Intelligence,"COPYRIGHT © 2001-2022 ENERGY INTELLIGENCE GROUP, INC. / ENERGY INTELLIGENCE GROUP (UK) LIMITED.",Click on the link below to go to the relevant article,"May 2025: Separately, Var Energi, a partner of Equinor and Petoro in the Johan Sverdrup oil field, has pushed back the start-up date of its Balder X development to 2025 Q2."
Baleine Phase 1,Yes,Cote d'Ivoire,https://www.energyintel.com/00000195-ae13-d775-a9df-febb672b0000,Source: Energy Intelligence,"COPYRIGHT © 2001-2022 ENERGY INTELLIGENCE GROUP, INC. / ENERGY INTELLIGENCE GROUP (UK) LIMITED.",Click on the link below to go to the relevant article,"Apr. 2025: Subject to regulatory approval in both countries, Vitol will acquire stakes in two of Eni’s most attractive Africa properties: the deepwater Baleine oil development in Cote d’Ivoire."
Baleine Phase 2,Yes,Cote d'Ivoire,https://www.energyintel.com/00000195-ae13-d775-a9df-febb672b0000,Source: Energy Intelligence,"COPYRIGHT © 2001-2022 ENERGY INTELLIGENCE GROUP, INC. / ENERGY INTELLIGENCE GROUP (UK) LIMITED.",Click on the link below to go to the relevant article,"Apr. 2025: Subject to regulatory approval in both countries, Vitol will acquire stakes in two of Eni’s most attractive Africa properties: the deepwater Baleine oil development in Cote d’Ivoire."
Baleine Phase 3,Yes,Cote d'Ivoire,https://www.energyintel.com/00000195-ae13-d775-a9df-febb672b0000,Source: Energy Intelligence,"COPYRIGHT © 2001-2022 ENERGY INTELLIGENCE GROUP, INC. / ENERGY INTELLIGENCE GROUP (UK) LIMITED.",Click on the link below to go to the relevant article,"Apr. 2025: Subject to regulatory approval in both countries, Vitol will acquire stakes in two of Eni’s most attractive Africa properties: the deepwater Baleine oil development in Cote d’Ivoire."
Ballymore,Yes,United States,https://www.energyintel.com/00000196-59df-dcde-adfe-ffdf9c360000,Source: Energy Intelligence,"COPYRIGHT © 2001-2022 ENERGY INTELLIGENCE GROUP, INC. / ENERGY INTELLIGENCE GROUP (UK) LIMITED.",Click on the link below to go to the relevant article,"Apr. 2025: Ballymore ""brings additional production on line without building a new standalone offshore platform,"" said Brent Gros, Chevron's vice president for the US Gulf. ""This reduces our development costs and is expected to drive higher returns for sha"
Baltic Sea D33 Field,Yes,Russia,https://www.energyintel.com/00000198-f0e5-d8c0-a39e-f6ef71b20000,Source: Energy Intelligence,"COPYRIGHT © 2001-2022 ENERGY INTELLIGENCE GROUP, INC. / ENERGY INTELLIGENCE GROUP (UK) LIMITED.",Click on the link below to go to the relevant article,"Aug. 2025: Lukoil had to redesign the scheme, adjusting to the supply of technologies, equipment, materials and contractors from domestic rather than Western sources. This took time and supposedly increased the cost.

"
Bandit Prospect,Uncertain,United States,https://www.energyintel.com/00000199-71fd-d51a-a79d-7bff8b5d0000,Source: Energy Intelligence,"COPYRIGHT © 2001-2022 ENERGY INTELLIGENCE GROUP, INC. / ENERGY INTELLIGENCE GROUP (UK) LIMITED.",Click on the link below to go to the relevant article,"Sep. 2025: Analysts had pegged Bandit as one of 2025's wells to watch, due in part to its impressive permitted depth. The well is officially permitted to a vertical depth of 38,000 feet, sources confirmed, including water depth of about 5,000 feet."
Banyu Urip Infill and Clastic Project,Yes,Indonesia,https://www.energyintel.com/00000191-2690-d8c8-a3d5-3ed280960000,Source: Energy Intelligence,"COPYRIGHT © 2001-2022 ENERGY INTELLIGENCE GROUP, INC. / ENERGY INTELLIGENCE GROUP (UK) LIMITED.",Click on the link below to go to the relevant article,"Aug. 2024: Exxon launched its Banyu Urip Infill and Clastic (BUIC) drilling campaign in March, targeting five infill wells and two “clastic” wells in the Cepu Block by 2026. Two wells are slated to be drilled by the end of this year, resulting in 15,000-2"
Barreleye-1,Yes,Guyana,https://www.energyintel.com/00000180-67b1-dcd6-afe5-67bf83e30000,Source: Energy Intelligence,"COPYRIGHT © 2001-2022 ENERGY INTELLIGENCE GROUP, INC. / ENERGY INTELLIGENCE GROUP (UK) LIMITED.",Click on the link below to go to the relevant article,"Part of a trio of discoveries announced in April 2022 in offshore Guyana that boosted the recoverable resources in the Exxon Mobil-operated Stabroek Block to nearly 11 billion boe.
By 2027, the companies expect to have at least six floating production, storage and offloading vessels operational in Stabroek, with production expected to surpass 1 million barrels per day."
Bauge,Yes,Norway,https://www.energyintel.com/wcod/country-profile/norway,Source: Energy Intelligence,"COPYRIGHT © 2001-2022 ENERGY INTELLIGENCE GROUP, INC. / ENERGY INTELLIGENCE GROUP (UK) LIMITED.",Click on the link below to go to the relevant article,"The Norwegian Petroleum Directorate's (NPD) 2023 outlook delivered in early February, expects the country's crude oil output to peak in 2025 at around 1.970 million b/d as investments are anticipated to rise to $20.5 billion from their 2022 value at $17.4 billion. December also saw the return of production at the Njord-Hyme complex allowing start-up of Bauge, and preparations to hook in the Fenja satellite."
Bavuca South-1,Uncertain,Angola,https://www.energyintel.com/00000184-57df-d4bb-ada6-f7df96d20000,Source: Energy Intelligence,"COPYRIGHT © 2001-2022 ENERGY INTELLIGENCE GROUP, INC. / ENERGY INTELLIGENCE GROUP (UK) LIMITED.",Click on the link below to go to the relevant article,"In November 2022 Exxon Mobil flagged the first discovery in almost 20 years on Angola's deepwater Block 15. The well was drilled as part of a redevelopment project on Block 15, which is expected to deliver about 40,000 barrels per day of oil production."
Bay du Nord,Uncertain,Canada,https://www.energyintel.com/wcod/country-profile/canada,Source: Energy Intelligence,"COPYRIGHT © 2001-2022 ENERGY INTELLIGENCE GROUP, INC. / ENERGY INTELLIGENCE GROUP (UK) LIMITED.",Click on the link below to go to the relevant article,"Sep. 2025: The Bay Du Nord development, with a price tag of $12 billion, was suspended by its operator for three years in May 2023, although it still expects FID and first oil by the late 2020s."
Beehive,Uncertain,Australia,https://www.energyintel.com/00000194-3cd0-d8d2-afdd-7cf2df7a0000,Source: Energy Intelligence,"COPYRIGHT © 2001-2022 ENERGY INTELLIGENCE GROUP, INC. / ENERGY INTELLIGENCE GROUP (UK) LIMITED.",Click on the link below to go to the relevant article,"Jan. 2025: The exploration/appraisal wells must be drilled by the end of 2029, according to the environmental plan that was approved by Australia's National Offshore Petroleum Safety and Environmental Management Authority. “We suspect the potential waffli"
Begonia,Yes,Angola,https://www.energyintel.com/00000198-37b0-d7c8-a3df-3fff27420000,Source: Energy Intelligence,"COPYRIGHT © 2001-2022 ENERGY INTELLIGENCE GROUP, INC. / ENERGY INTELLIGENCE GROUP (UK) LIMITED.",Click on the link below to go to the relevant article,"July 2025: TotalEnergies announced the start-up of around 60,000 b/d of new production shared equally by its Begonia and Clov Phase 3 projects offshore Angola."
Belbazem,Yes,United Arab Emirates,https://www.energyintel.com/0000018e-84bf-d183-abef-8fff54ad0000,Source: Energy Intelligence,"COPYRIGHT © 2001-2022 ENERGY INTELLIGENCE GROUP, INC. / ENERGY INTELLIGENCE GROUP (UK) LIMITED.",Click on the link below to go to the relevant article,"Mar. 2024: Adnoc has begun producing crude oil from the Belbazem offshore block, the UAE’ state news agency, WAM, has reported.This field start-up will contribute to Adnoc’s target of raising its oil output capacity to 5 million b/d by 2027 ""and enabling UAE gas self-sufficiency,"" according to the statement published Wednesday. Adnoc has accelerated the target date for its oil capacity increase to 2027 from 2030."
Berri Expansion Project,Yes,Saudi Arabia,https://www.energyintel.com/00000197-cca6-dbba-abf7-fcbff2230000,Source: Energy Intelligence,"COPYRIGHT © 2001-2022 ENERGY INTELLIGENCE GROUP, INC. / ENERGY INTELLIGENCE GROUP (UK) LIMITED.",Click on the link below to go to the relevant article,"Jul. 2025: Procurement and construction are advancing at Marjan and Berri, which are also expected on line this year, with new crude-production capacity of 300,000 b/d and 250,000 b/d, respectively."
Bestari,Uncertain,Malaysia,https://www.energyintel.com/wcod/country-profile/malaysia,Source: Energy Intelligence,"COPYRIGHT © 2001-2022 ENERGY INTELLIGENCE GROUP, INC. / ENERGY INTELLIGENCE GROUP (UK) LIMITED.",Click on the link below to go to the relevant article,"Upstream potential also includes a considerable amount of natural gas with Petronas’ Limbayong oil and gas find offshore Sabah leading the way. Petronas’ Bestari oil field and, on the gas side, the 95,000 barrel of oil equivalent per day Jerun gas project are not far behind."
Black Pearl,Yes,United States,https://www.energyintel.com/00000189-9392-d6b3-af89-d396e4ba0000,Source: Energy Intelligence,"COPYRIGHT © 2001-2022 ENERGY INTELLIGENCE GROUP, INC. / ENERGY INTELLIGENCE GROUP (UK) LIMITED.",Click on the link below to go to the relevant article,Jul. 2023: Executives told analysts that Hess will now move onto the Black Pearl prospect in Green Canyon with an eye toward a future tie-back to its operated Stampede platform.
Blackrod SAGD Phase 1,Yes,Canada,https://www.energyintel.com/wcod/crude-profile/Athabasca-Oil-Sands,Source: Energy Intelligence,"COPYRIGHT © 2001-2022 ENERGY INTELLIGENCE GROUP, INC. / ENERGY INTELLIGENCE GROUP (UK) LIMITED.",Click on the link below to go to the relevant article,"Total Athabasca oil sands production has increased over the past decade, rising to 275,000 barrels per day in the first quarter of 2022 and in 2021, up from 270,000 b/d in 2020."
Blacktip,Yes,United States,https://www.energyintel.com/00000188-3586-dcef-a1fa-bdafaf2e0000,Source: Energy Intelligence,"COPYRIGHT © 2001-2022 ENERGY INTELLIGENCE GROUP, INC. / ENERGY INTELLIGENCE GROUP (UK) LIMITED.",Click on the link below to go to the relevant article,"Sep 2023: the Blacktip–2 ST1 delineation well which is part of the Blacktip project was complete with a positive result. 
May. 2023: Shell has quietly divested its interest in the Blacktip and Blacktip North fields in the deepwater US Gulf of Mexico after deciding not to move forward with plans to develop the “significant” discoveries."
Blacktip North,Yes,United States,https://www.energyintel.com/00000188-3586-dcef-a1fa-bdafaf2e0000,Source: Energy Intelligence,"COPYRIGHT © 2001-2022 ENERGY INTELLIGENCE GROUP, INC. / ENERGY INTELLIGENCE GROUP (UK) LIMITED.",Click on the link below to go to the relevant article,May. 2023: Shell has quietly divested its interest in the Blacktip and Blacktip North fields in the deepwater US Gulf of Mexico after deciding not to move forward with plans to develop the “significant” discoveries.
Blasto,Uncertain,Norway,https://www.energyintel.com/wcod/country-profile/_WPS/DOC/793325.htm,Source: Energy Intelligence,"COPYRIGHT © 2001-2022 ENERGY INTELLIGENCE GROUP, INC. / ENERGY INTELLIGENCE GROUP (UK) LIMITED.",Click on the link below to go to the relevant article,One of six discoveries made in the Troll/Fram area since 2019 as part of Equinor's goal to maintain production levels of the Troll stream.
Block 1 - South Africa,Uncertain,South Africa,https://www.energyintel.com/0000018f-e81b-d9bf-a7bf-edffcffb0000,Source: Energy Intelligence,"COPYRIGHT © 2001-2022 ENERGY INTELLIGENCE GROUP, INC. / ENERGY INTELLIGENCE GROUP (UK) LIMITED.",Click on the link below to go to the relevant article,"Jun. 2024: Toronto- and London-listed Eco (Atlantic) Oil & Gas on said it had farmed into South Africa’s Block 1 in the Orange Basin, also on the Namibian border, acquiring a 75% working interest and taking over operatorship from Tosaco Energy."
Block 3 Onshore Exploration,Uncertain,United Arab Emirates,https://www.energyintel.com/00000196-d96a-dd1d-ab9f-fffbf0100000,Source: Energy Intelligence,"COPYRIGHT © 2001-2022 ENERGY INTELLIGENCE GROUP, INC. / ENERGY INTELLIGENCE GROUP (UK) LIMITED.",Click on the link below to go to the relevant article,May 2025: US independent EOG made its entry into the UAE via an award of a new unconventional oil concession in Abu Dhabi’s Al-Dhafra region. Adnoc said it was “the first award of its kind to a US company.”
Block 3(a): Ruby Project,Yes,Trinidad and Tobago,https://www.energyintel.com/00000181-385e-dfa1-a9bb-fa5ff8010000,Source: Energy Intelligence,"COPYRIGHT © 2001-2022 ENERGY INTELLIGENCE GROUP, INC. / ENERGY INTELLIGENCE GROUP (UK) LIMITED.",Click on the link below to go to the relevant article,"Jun. 2022: Thanks to the BHP additions, Woodside now operates a larger lineup of low-cost oil and gas projects across the Gulf of Mexico, Trinidad and Tobago, West Africa and Australia. Its newly acquired gas-heavy portfolio, which comes with an average unit production cost of about $8 per barrel of oil equivalent, will generate strong revenues amid high energy prices and growing global energy security concerns following Russia’s invasion of Ukraine."
Block 3B/4B,Uncertain,South Africa,https://www.energyintel.com/0000018e-5108-d7f2-a9bf-77e8933a0000,Source: Energy Intelligence,"COPYRIGHT © 2001-2022 ENERGY INTELLIGENCE GROUP, INC. / ENERGY INTELLIGENCE GROUP (UK) LIMITED.",Click on the link below to go to the relevant article,"Mar. 2024: While geologists differ on whether prospects improve or worsen south of the Orange River dividing the two countries, all agree that developing assets would be harder in South Africa, where governance and the investment climate is weaker."
Block 4 Exploration,Uncertain,United Arab Emirates,https://www.energyintel.com/00000182-90e5-d82e-a5e2-b1e5d3b70000,Source: Energy Intelligence,"COPYRIGHT © 2001-2022 ENERGY INTELLIGENCE GROUP, INC. / ENERGY INTELLIGENCE GROUP (UK) LIMITED.",Click on the link below to go to the relevant article,"Inpex is conducting appraisal work and targeting early production in Abu Dhabi's Onshore Block 4, where it secured sole operatorship in 2019. Exploration drilling began in May 2021, yielding multiple oil and gas discoveries"
Block 5/6/7,Uncertain,South Africa,https://www.energyintel.com/0000018e-5108-d7f2-a9bf-77e8933a0000,Source: Energy Intelligence,"COPYRIGHT © 2001-2022 ENERGY INTELLIGENCE GROUP, INC. / ENERGY INTELLIGENCE GROUP (UK) LIMITED.",Click on the link below to go to the relevant article,"Mar. 2024: Total now controls a sweep of acreage from the Outeniqua Basin off the south coast containing the Luiperd and Brulpadda gas finds, northwest through the Orange Basin Deep (OBD) block to the Deepwater Orange Basin block that straddles the border with Namibia. It also includes Block 5/6/7 to the southeast of OBD. Total’s partners have said the sweep is on trend with Total’s Venus and Graff discoveries north of the border."
Block 14 Suriname,Uncertain,Suriname,https://www.energyintel.com/00000191-fc66-d35c-a595-ff7634240000,Source: Energy Intelligence,"COPYRIGHT © 2001-2022 ENERGY INTELLIGENCE GROUP, INC. / ENERGY INTELLIGENCE GROUP (UK) LIMITED.",Click on the link below to go to the relevant article,"Sep. 2024: PetroChina will now have the right to explore, develop and produce from Blocks 14 and 15 off the South American nation, with Staatsolie as a 30% partner. The blocks are adjacent to Block 52, where Malaysia's Petronas and US major Exxon Mobil have recorded successful discoveries."
Block 15 Exploration Concession,Uncertain,Oman,https://www.energyintel.com/00000191-b1de-dd10-af93-b5fe64450000,Source: Energy Intelligence,"COPYRIGHT © 2001-2022 ENERGY INTELLIGENCE GROUP, INC. / ENERGY INTELLIGENCE GROUP (UK) LIMITED.",Click on the link below to go to the relevant article,"Sep. 2024: “This new agreement represents a significant investment in Oman, driving economic growth, job creation and the delivery of FDI through Petrogas’ partners in this project,” Oman’s energy and minerals minister, Salim al-Aufi, said in a statement."
Block 15 Suriname,Uncertain,Suriname,https://www.energyintel.com/00000191-fc66-d35c-a595-ff7634240000,Source: Energy Intelligence,"COPYRIGHT © 2001-2022 ENERGY INTELLIGENCE GROUP, INC. / ENERGY INTELLIGENCE GROUP (UK) LIMITED.",Click on the link below to go to the relevant article,"Sep. 2024: PetroChina will now have the right to explore, develop and produce from Blocks 14 and 15 off the South American nation, with Staatsolie as a 30% partner. The blocks are adjacent to Block 52, where Malaysia's Petronas and US major Exxon Mobil have recorded successful discoveries."
Block 19,Uncertain,Turkmenistan,https://www.energyintel.com/0000018d-a875-db36-abcd-fdf70d840000,Source: Energy Intelligence,"COPYRIGHT © 2001-2022 ENERGY INTELLIGENCE GROUP, INC. / ENERGY INTELLIGENCE GROUP (UK) LIMITED.",Click on the link below to go to the relevant article,"Feb. 2024: For the first time in decades, a foreign investor has stepped up to carry out exploration in Turkmenistan’s Caspian Sea acreage. Dragon Oil of the United Arab Emirates has announced it will drill its first exploration well in December this year in offshore Block 19 and aim to move to a testing phase to achieve production of 20,000 b/d of oil."
Block 49 EPSA,Uncertain,Oman,https://www.energyintel.com/0000017b-b57a-dba6-a17f-b7fe643f0000,Source: Energy Intelligence,"COPYRIGHT © 2001-2022 ENERGY INTELLIGENCE GROUP, INC. / ENERGY INTELLIGENCE GROUP (UK) LIMITED.",Click on the link below to go to the relevant article,"Thameen-1 well encountered low permeability rocks that would require ""unconventional production methods"" if Tethys and EOG should decide to proceed"
Block 50 - Zakhera,No,Oman,,Source: Energy Intelligence,"COPYRIGHT © 2001-2022 ENERGY INTELLIGENCE GROUP, INC. / ENERGY INTELLIGENCE GROUP (UK) LIMITED.",Click on the link below to go to the relevant article,"There are issues encountered at the well, it will most likely not be developed"
Block 50 -Yumna,Yes,Oman,https://www.energyintel.com/wcod/country-profile/oman,Source: Energy Intelligence,"COPYRIGHT © 2001-2022 ENERGY INTELLIGENCE GROUP, INC. / ENERGY INTELLIGENCE GROUP (UK) LIMITED.",Click on the link below to go to the relevant article,"Located in 100% state-owned Block 50, operated by Masirah Oil, started production in February 2020. A second and a third well came on line in January and February 2021, respectively"
Block 52,Uncertain,Suriname,https://www.energyintel.com/00000193-4aff-d404-a1f3-dbffed010000,Source: Energy Intelligence,"COPYRIGHT © 2001-2022 ENERGY INTELLIGENCE GROUP, INC. / ENERGY INTELLIGENCE GROUP (UK) LIMITED.",Click on the link below to go to the relevant article,Nov. 2024: Suriname state oil company Staatsolie said in a press release Wednesday that Exxon had withdrawn from its 50% nonoperated interest in deepwater Block 52 effective Nov. 14. Operator Petronas will take over as 100% owner. Petronas had been keen t
Block 52 Exploration,Uncertain,Oman,https://www.energyintel.com/0000017b-a7dd-de4c-a17b-e7df574e0001;,Source: Energy Intelligence,"COPYRIGHT © 2001-2022 ENERGY INTELLIGENCE GROUP, INC. / ENERGY INTELLIGENCE GROUP (UK) LIMITED.",Click on the link below to go to the relevant article,"Eni's first deepwater well in Oman Block 52 has come up dry, but the Italian major will drill a second well in 2022 in the tract off Oman's southern coast."
Block 2813B,Uncertain,Namibia,https://www.energyintel.com/00000183-d19c-d7b9-a5a7-d5ddf3100000,Source: Energy Intelligence,"COPYRIGHT © 2001-2022 ENERGY INTELLIGENCE GROUP, INC. / ENERGY INTELLIGENCE GROUP (UK) LIMITED.",Click on the link below to go to the relevant article,Chevron taking a new license near Total’s discoveries and Exxon Mobil set to drill in the frontier Namibe basin on the Angola side of the border.
Block 2912,Uncertain,Namibia,https://www.energyintel.com/00000193-62c8-d35f-add3-6acf913f0000,Source: Energy Intelligence,"COPYRIGHT © 2001-2022 ENERGY INTELLIGENCE GROUP, INC. / ENERGY INTELLIGENCE GROUP (UK) LIMITED.",Click on the link below to go to the relevant article,"Nov. 2024: QatarEnergy is expanding its footprint in Namibia, acquiring additional interests in two offshore exploration oil blocks in the Orange Basin from TotalEnergies, the state giant announced. QatarEnergy said under the agreement it will increase it"
Block EG-09, ,Equatorial Guinea,https://www.energyintel.com/0000017d-a059-dfd5-a17f-a45974d90000,Source: Energy Intelligence,"COPYRIGHT © 2001-2022 ENERGY INTELLIGENCE GROUP, INC. / ENERGY INTELLIGENCE GROUP (UK) LIMITED.",Click on the link below to go to the relevant article,"Chevron signed a production-sharing contract in December 2021 with Equatorial Guinea to develop the offshore block in the Douala Basin, which lies next to the country’s northern border with Cameroon and south of the producing Aseng and Alen oil field."
Block ER 12/3/335 Orange Basin Deep,Uncertain,South Africa,https://www.energyintel.com/00000195-860b-d870-afb7-87cfb8d30000,Source: Energy Intelligence,"COPYRIGHT © 2001-2022 ENERGY INTELLIGENCE GROUP, INC. / ENERGY INTELLIGENCE GROUP (UK) LIMITED.",Click on the link below to go to the relevant article,"Mar. 2025: In South Africa, Impact has a 22% stake in the Total-operated Orange Basin Deep Block, and Africa Oil holds an 18% interest in Total’s 3B/4B Block. QatarEnergy is a partner on both tracts and in the Namibia assets."
Block S, ,Equatorial Guinea,,Source: Energy Intelligence,"COPYRIGHT © 2001-2022 ENERGY INTELLIGENCE GROUP, INC. / ENERGY INTELLIGENCE GROUP (UK) LIMITED.",Click on the link below to go to the relevant article,Discovery was made in May 2019 then progress was halted due to Covid
Bluefin,Uncertain,Guyana,https://www.energyintel.com/0000018e-7792-db5e-a1fe-f7db3fcc0000,Source: Energy Intelligence,"COPYRIGHT © 2001-2022 ENERGY INTELLIGENCE GROUP, INC. / ENERGY INTELLIGENCE GROUP (UK) LIMITED.",Click on the link below to go to the relevant article,"Exploration is the lifeblood of the upstream. When we’re successful in exploration, that’s the next generation of projects. When you visited Guyana, you saw a basin that’s new, in a country that didn’t have hydrocarbon business before 2015. Very rapid exploration, development and production, opening up a new play at a record-setting pace. From discovery to first oil in 4 1/2 years, and we’ll be producing 1.2 million b/d by end-2027."
Bonga North,Yes,Nigeria,https://www.energyintel.com/wcod/crude-profile/bonga,Source: Energy Intelligence,"COPYRIGHT © 2001-2022 ENERGY INTELLIGENCE GROUP, INC. / ENERGY INTELLIGENCE GROUP (UK) LIMITED.",Click on the link below to go to the relevant article,"In December 2024, operator Shell took a final investment decision on the long-stalled 110,000 b/d third satellite of the block, Bonga North."
Bonga South West/Aparo,Uncertain,Nigeria,https://www.energyintel.com/wcod/crude-profile/bonga,Source: Energy Intelligence,"COPYRIGHT © 2001-2022 ENERGY INTELLIGENCE GROUP, INC. / ENERGY INTELLIGENCE GROUP (UK) LIMITED.",Click on the link below to go to the relevant article,"Shell’s Bonga South West development has been repeatedly delayed. In February 2022, the project was deferred and the final investment decision (FID) is expected in 2024. It is one of Shell's many pre-FID projects in Nigeria but retains a compelling cost p"
Bonny Expansion,Yes,Nigeria,https://www.energyintel.com/00000197-f5ee-d9f4-a197-ffef47a80000,Source: Energy Intelligence,"COPYRIGHT © 2001-2022 ENERGY INTELLIGENCE GROUP, INC. / ENERGY INTELLIGENCE GROUP (UK) LIMITED.",Click on the link below to go to the relevant article,"Jul. 2025: Renaissance Africa Energy, which took over operatorship of Shell’s historic Shell Petroleum Development Co. onshore assets in March, has already added around 20,000 b/d and should be able to deliver another 30,000 b/d by year's end, he said."
Bosi,No,Nigeria,https://www.energyintel.com/wcod/crude-profile/erha,Source: Energy Intelligence,"COPYRIGHT © 2001-2022 ENERGY INTELLIGENCE GROUP, INC. / ENERGY INTELLIGENCE GROUP (UK) LIMITED.",Click on the link below to go to the relevant article,"This lease involves the Erha field and would encourage the final investment decision on the proposed development of Exxon's Bosi project, which has a proposed capacity of 140,000 b/d and requires a distinct FPSO."
Bozhong 26-6 oilfield,Yes,China,https://www.energyintel.com/wcod/country-profile/china,Source: Energy Intelligence,"COPYRIGHT © 2001-2022 ENERGY INTELLIGENCE GROUP, INC. / ENERGY INTELLIGENCE GROUP (UK) LIMITED.",Click on the link below to go to the relevant article,"Sep. 2024: In line with its authorities' mandate to ""safeguard energy security,"" China's oil output has been increasing over the past seven years."
Breidablikk,Yes,Norway,https://www.energyintel.com/0000018d-22a1-db4a-a9cf-eefbb1100000,Source: Energy Intelligence,"COPYRIGHT © 2001-2022 ENERGY INTELLIGENCE GROUP, INC. / ENERGY INTELLIGENCE GROUP (UK) LIMITED.",Click on the link below to go to the relevant article,"Jan. 2024: A Norwegian court has overturned the development approvals for three offshore oilfields after a legal challenge from environmental groups who claim government regulators did not properly assess the impact of their production. Equinor brought Breidablikk onstream in October, and a judge said it can continue production through the end of this year. An Equinor representative said the company “was reviewing the ruling.”"
Bu Hasa Discovery,Uncertain,United Arab Emirates,https://www.energyintel.com/00000180-dcbd-df62-ad87-dcbd6dee0000,Source: Energy Intelligence,"COPYRIGHT © 2001-2022 ENERGY INTELLIGENCE GROUP, INC. / ENERGY INTELLIGENCE GROUP (UK) LIMITED.",Click on the link below to go to the relevant article,"The discovery ""unlocked a new formation within the field, offering substantial additional premium-grade Murban oil resources""."
Bukit Tua Phase 2B,Yes,Indonesia,https://www.energyintel.com/wcod/country-profile/indonesia,Source: Energy Intelligence,"COPYRIGHT © 2001-2022 ENERGY INTELLIGENCE GROUP, INC. / ENERGY INTELLIGENCE GROUP (UK) LIMITED.",Click on the link below to go to the relevant article,"Factors behind Indonesia's declining oil production include mature oil fields in need of investment, recent exploration failures, and a muddled and uncertain regulatory environment and uncompetitive fiscal terms rendering the country increasingly unattractive for international oil companies (IOCs)"
Bul Hanine Field Life Extension,Yes,Qatar,https://www.energyintel.com/wcod/crude-profile/qatar-marine,Source: Energy Intelligence,"COPYRIGHT © 2001-2022 ENERGY INTELLIGENCE GROUP, INC. / ENERGY INTELLIGENCE GROUP (UK) LIMITED.",Click on the link below to go to the relevant article,"In March 2022, QatarEnergy awarded data and consultancy contracts to Netherlands-based Fugro for both the Bul Hanine and Maydan Mahzam projects as the company is keen on redeveloping the two fields."
Bumerangue,Uncertain,Brazil,https://www.energyintel.com/00000198-7544-db4e-a9bd-fddfc6e20000,Source: Energy Intelligence,"COPYRIGHT © 2001-2022 ENERGY INTELLIGENCE GROUP, INC. / ENERGY INTELLIGENCE GROUP (UK) LIMITED.",Click on the link below to go to the relevant article,"Aug. 2025: “We are excited to announce this significant discovery at Bumerangue, BP’s largest in 25 years,” Gordon Birrell, BP’s head of production and operations, said in a statement."
Buzios 1,Yes,Brazil,https://www.energyintel.com/0000018a-a4db-dff4-a7ea-adfb957e0000,Source: Energy Intelligence,"COPYRIGHT © 2001-2022 ENERGY INTELLIGENCE GROUP, INC. / ENERGY INTELLIGENCE GROUP (UK) LIMITED.",Click on the link below to go to the relevant article,"Five years after first oil, the pre-salt Buzios has now cranked out 1 billion barrels, according to Petrobras, and by 2025 the company is aiming to produce 700,000 b/d at the prolific field. By the time all 11 floating production units are operational at the decade’s end, the target will be 2 million b/d."
Buzios 2,Yes,Brazil,https://www.energyintel.com/0000018a-a4db-dff4-a7ea-adfb957e0000,Source: Energy Intelligence,"COPYRIGHT © 2001-2022 ENERGY INTELLIGENCE GROUP, INC. / ENERGY INTELLIGENCE GROUP (UK) LIMITED.",Click on the link below to go to the relevant article,"Five years after first oil, the pre-salt Buzios has now cranked out 1 billion barrels, according to Petrobras, and by 2025 the company is aiming to produce 700,000 b/d at the prolific field. By the time all 11 floating production units are operational at the decade’s end, the target will be 2 million b/d."
Buzios 3,Yes,Brazil,https://www.energyintel.com/0000018a-a4db-dff4-a7ea-adfb957e0000,Source: Energy Intelligence,"COPYRIGHT © 2001-2022 ENERGY INTELLIGENCE GROUP, INC. / ENERGY INTELLIGENCE GROUP (UK) LIMITED.",Click on the link below to go to the relevant article,"Five years after first oil, the pre-salt Buzios has now cranked out 1 billion barrels, according to Petrobras, and by 2025 the company is aiming to produce 700,000 b/d at the prolific field. By the time all 11 floating production units are operational at the decade’s end, the target will be 2 million b/d."
Buzios 4,Yes,Brazil,https://www.energyintel.com/0000018a-a4db-dff4-a7ea-adfb957e0000,Source: Energy Intelligence,"COPYRIGHT © 2001-2022 ENERGY INTELLIGENCE GROUP, INC. / ENERGY INTELLIGENCE GROUP (UK) LIMITED.",Click on the link below to go to the relevant article,"Five years after first oil, the pre-salt Buzios has now cranked out 1 billion barrels, according to Petrobras, and by 2025 the company is aiming to produce 700,000 b/d at the prolific field. By the time all 11 floating production units are operational at the decade’s end, the target will be 2 million b/d."
Buzios 5,Yes,Brazil,https://www.energyintel.com/00000188-7892-d04b-abbe-f9d676b70000,Source: Energy Intelligence,"COPYRIGHT © 2001-2022 ENERGY INTELLIGENCE GROUP, INC. / ENERGY INTELLIGENCE GROUP (UK) LIMITED.",Click on the link below to go to the relevant article,"The momentum of Petrobras' pre-salt program was boosted by the start-up of its 150,000 b/d Almirante Barroso floating production, storage and offloading vessel in the Buzios field in May 2023. Helped by the new unit, production in the play is set to rise to 700,000 barrels per day by 2025, according to the firm."
Buzios 6,Yes,Brazil,https://www.energyintel.com/00000192-beca-de51-a19a-fefac2130000,Source: Energy Intelligence,"COPYRIGHT © 2001-2022 ENERGY INTELLIGENCE GROUP, INC. / ENERGY INTELLIGENCE GROUP (UK) LIMITED.",Click on the link below to go to the relevant article,"Nov. 2024: Next year should usher in a rebound, with crude production surging by some 400,000 b/d as at least three new projects are launched — Buzios 6, Bacalhau Phase 1 and Mero 4."
Buzios 7,Yes,Brazil,https://www.energyintel.com/0000018f-5e37-d526-a3df-7fb7752a0000,Source: Energy Intelligence,"COPYRIGHT © 2001-2022 ENERGY INTELLIGENCE GROUP, INC. / ENERGY INTELLIGENCE GROUP (UK) LIMITED.",Click on the link below to go to the relevant article,"May 2024: Petrobras is ramping up efforts to execute on the 14 floating production, storage and offloading (FPSO) units contained in its 2024-28 business plan, set to add a total new capacity of around 2.3 million barrels per day."
Buzios 8,Yes,Brazil,https://www.energyintel.com/0000018f-5e37-d526-a3df-7fb7752a0000,Source: Energy Intelligence,"COPYRIGHT © 2001-2022 ENERGY INTELLIGENCE GROUP, INC. / ENERGY INTELLIGENCE GROUP (UK) LIMITED.",Click on the link below to go to the relevant article,"May 2024: Petrobras is ramping up efforts to execute on the 14 floating production, storage and offloading (FPSO) units contained in its 2024-28 business plan, set to add a total new capacity of around 2.3 million barrels per day. Yet it faces a challengi"
Buzios 9,Yes,Brazil,https://www.energyintel.com/0000018f-5e37-d526-a3df-7fb7752a0000,Source: Energy Intelligence,"COPYRIGHT © 2001-2022 ENERGY INTELLIGENCE GROUP, INC. / ENERGY INTELLIGENCE GROUP (UK) LIMITED.",Click on the link below to go to the relevant article,"May 2024: Petrobras is ramping up efforts to execute on the 14 floating production, storage and offloading (FPSO) units contained in its 2024-28 business plan, set to add a total new capacity of around 2.3 million barrels per day. Yet it faces a challengi"
Buzios 10,Yes,Brazil,https://www.energyintel.com/0000018f-5e37-d526-a3df-7fb7752a0000,Source: Energy Intelligence,"COPYRIGHT © 2001-2022 ENERGY INTELLIGENCE GROUP, INC. / ENERGY INTELLIGENCE GROUP (UK) LIMITED.",Click on the link below to go to the relevant article,"May 2024: Petrobras is ramping up efforts to execute on the 14 floating production, storage and offloading (FPSO) units contained in its 2024-28 business plan, set to add a total new capacity of around 2.3 million barrels per day."
Buzios 11,Yes,Brazil,https://www.energyintel.com/0000018a-a4db-dff4-a7ea-adfb957e0000,Source: Energy Intelligence,"COPYRIGHT © 2001-2022 ENERGY INTELLIGENCE GROUP, INC. / ENERGY INTELLIGENCE GROUP (UK) LIMITED.",Click on the link below to go to the relevant article,"Five years after first oil, the pre-salt Buzios has now cranked out 1 billion barrels, according to Petrobras, and by 2025 the company is aiming to produce 700,000 b/d at the prolific field. By the time all 11 floating production units are operational at the decade’s end, the target will be 2 million b/d."
Buzios 12,Uncertain,Brazil,https://www.energyintel.com/0000018f-c01d-d055-afaf-f47fc5f90000,Source: Energy Intelligence,"COPYRIGHT © 2001-2022 ENERGY INTELLIGENCE GROUP, INC. / ENERGY INTELLIGENCE GROUP (UK) LIMITED.",Click on the link below to go to the relevant article,"May 2024: Brazil’s new massive additions to offshore projects, like Buzios and Mero, will kick in, adding around 750,000 b/d on average in 2025 and 2026. Guyana’s offshore is set to add 500,000 b/d over the next three years."
Buzzard Phase II Oil Project,Yes,United Kingdom,https://www.energyintel.com/wcod/crude-profile/forties-blend,Source: Energy Intelligence,"COPYRIGHT © 2001-2022 ENERGY INTELLIGENCE GROUP, INC. / ENERGY INTELLIGENCE GROUP (UK) LIMITED.",Click on the link below to go to the relevant article,The second-phase development project of the Buzzard field operated by CNOOC kicked off in August 2018 and achieved first oil in the fourth quarter of 2021. The project is aimed at maintaining output until 2043 and will tap an additional 300 million bbl of reserves in the northern part of the field.
Cabaca North,Yes,Angola,https://www.energyintel.com/0000017c-2eca-d4a2-a5fd-7fcbfc220000,Source: Energy Intelligence,"COPYRIGHT © 2001-2022 ENERGY INTELLIGENCE GROUP, INC. / ENERGY INTELLIGENCE GROUP (UK) LIMITED.",Click on the link below to go to the relevant article,The project is part of Eni’s broader program of pursuing infrastructure-led exploration and fast track development as part of its strategy for mature areas .
Calao,Uncertain,Cote d'Ivoire,https://www.energyintel.com/00000199-5c10-d51a-a79d-5f767cc90000,Source: Energy Intelligence,"COPYRIGHT © 2001-2022 ENERGY INTELLIGENCE GROUP, INC. / ENERGY INTELLIGENCE GROUP (UK) LIMITED.",Click on the link below to go to the relevant article,"Sep. 2025: Eni should be drilling in Cote D'Ivoire soon to appraise last year's 1.5 billion barrel Calao discovery, sources say."
Calypso,Uncertain,Norway,https://www.energyintel.com/00000188-e8be-d210-a9e8-eebfbc6a0000,Source: Energy Intelligence,"COPYRIGHT © 2001-2022 ENERGY INTELLIGENCE GROUP, INC. / ENERGY INTELLIGENCE GROUP (UK) LIMITED.",Click on the link below to go to the relevant article,Jun. 2023: Neptune's Norway assets were bought by Eni's affiliate Var Energi.
Cambo,Uncertain,United Kingdom,https://www.energyintel.com/0000018a-8a13-d197-a1be-cfb7abb70000,Source: Energy Intelligence,"COPYRIGHT © 2001-2022 ENERGY INTELLIGENCE GROUP, INC. / ENERGY INTELLIGENCE GROUP (UK) LIMITED.",Click on the link below to go to the relevant article,"Sep. 2023: Ithaca Energy has agreed to buy Shell's 30% stake in the undeveloped Cambo oil field in the West of Shetland area, giving it full control of the field. Ithaca said the acquisition, which is subject to regulatory approval, involves ""minimal near-term cost exposure."" The price paid would be $77.85 million, but only if and when triggered by first oil or the sale of a stake in Cambo to a third party, an Ithaca spokesman said."
Canada Oil Sands,Yes,Canada,https://www.energyintel.com/0000018d-3bb6-d3c8-a79f-3fbe84ab0000,Source: Energy Intelligence,"COPYRIGHT © 2001-2022 ENERGY INTELLIGENCE GROUP, INC. / ENERGY INTELLIGENCE GROUP (UK) LIMITED.",Click on the link below to go to the relevant article,"Canada is expected to add another 125,000 b/d in additional capacity in 2024-25 (volumes not tallied here) since much of oil sands production is more akin to a mining operation than a traditional oilfield — in other words, there is no fixed output plateau"
Caofeidian 6-4 Comprehensive Adjustment Project,Yes,China,https://www.energyintel.com/wcod/country-profile/china,Source: Energy Intelligence,"COPYRIGHT © 2001-2022 ENERGY INTELLIGENCE GROUP, INC. / ENERGY INTELLIGENCE GROUP (UK) LIMITED.",Click on the link below to go to the relevant article,"Sep. 2024: CNOOC drilled 332 new wells in 2023, 205 of which were onshore, raising production to 678 million barrels of oil equivalent, up from 624 million boe in 2022 and exceeding its target of 650 million-660 million boe."
Capricornus,Uncertain,Namibia,https://www.energyintel.com/00000195-d409-dca2-a3bd-fda915e40000,Source: Energy Intelligence,"COPYRIGHT © 2001-2022 ENERGY INTELLIGENCE GROUP, INC. / ENERGY INTELLIGENCE GROUP (UK) LIMITED.",Click on the link below to go to the relevant article,"Apr. 2025: Sources say Rhino and Azule have just reached target depth at Capricornus, their second Namibia well."
Chonskaya Fields,Yes,Russia,https://www.energyintel.com/00000193-5df4-d404-a1f3-dff5031f0000,Source: Energy Intelligence,"COPYRIGHT © 2001-2022 ENERGY INTELLIGENCE GROUP, INC. / ENERGY INTELLIGENCE GROUP (UK) LIMITED.",Click on the link below to go to the relevant article,"Nov. 2024:  Gazprom Neft is moving ahead with the development of the Chonskaya group of fields in East Siberia, which it aims to develop as a new cluster for supplies to the Asia-Pacific region. According to official tender documents, Gazpromneft-Razvitiy"
CI-504,Uncertain,Cote d'Ivoire,https://www.energyintel.com/00000193-7366-d00a-a3f7-f7ee005c0000,Source: Energy Intelligence,"COPYRIGHT © 2001-2022 ENERGY INTELLIGENCE GROUP, INC. / ENERGY INTELLIGENCE GROUP (UK) LIMITED.",Click on the link below to go to the relevant article,"Nov. 2024: Eni has acquired four new exploration blocks offshore Cote d’Ivoire as it continues to expand its upstream presence in sub-Saharan Africa. Under the agreements, signed in Abidjan with the Ivorian energy ministry, Eni will explore for oil and ga"
CI-526,Uncertain,Cote d'Ivoire,https://www.energyintel.com/00000193-7366-d00a-a3f7-f7ee005c0000,Source: Energy Intelligence,"COPYRIGHT © 2001-2022 ENERGY INTELLIGENCE GROUP, INC. / ENERGY INTELLIGENCE GROUP (UK) LIMITED.",Click on the link below to go to the relevant article,"Nov. 2024: Eni has acquired four new exploration blocks offshore Cote d’Ivoire as it continues to expand its upstream presence in sub-Saharan Africa. Under the agreements, signed in Abidjan with the Ivorian energy ministry, Eni will explore for oil and ga"
CI-706,Uncertain,Cote d'Ivoire,https://www.energyintel.com/00000193-7366-d00a-a3f7-f7ee005c0000,Source: Energy Intelligence,"COPYRIGHT © 2001-2022 ENERGY INTELLIGENCE GROUP, INC. / ENERGY INTELLIGENCE GROUP (UK) LIMITED.",Click on the link below to go to the relevant article,"Nov. 2024: Eni has acquired four new exploration blocks offshore Cote d’Ivoire as it continues to expand its upstream presence in sub-Saharan Africa. Under the agreements, signed in Abidjan with the Ivorian energy ministry, Eni will explore for oil and ga"
CI-708,Uncertain,Cote d'Ivoire,https://www.energyintel.com/00000193-7366-d00a-a3f7-f7ee005c0000,Source: Energy Intelligence,"COPYRIGHT © 2001-2022 ENERGY INTELLIGENCE GROUP, INC. / ENERGY INTELLIGENCE GROUP (UK) LIMITED.",Click on the link below to go to the relevant article,"Nov. 2024: Eni has acquired four new exploration blocks offshore Cote d’Ivoire as it continues to expand its upstream presence in sub-Saharan Africa. Under the agreements, signed in Abidjan with the Ivorian energy ministry, Eni will explore for oil and ga"
Clair South,Uncertain,United Kingdom,https://www.energyintel.com/wcod/crude-profile/clair,Source: Energy Intelligence,"COPYRIGHT © 2001-2022 ENERGY INTELLIGENCE GROUP, INC. / ENERGY INTELLIGENCE GROUP (UK) LIMITED.",Click on the link below to go to the relevant article,"BP is targeting 120,000 b/d in the next couple of years with about 70% ultimately coming from Clair Ridge and the Clair South satellite, as new wells are slowly added to the area's highly fractured, technically challenging reservoirs."
CLOV Phase 2,Yes,Angola,https://www.energyintel.com/0000017d-8003-db65-ad7f-a9ef71c80000,Source: Energy Intelligence,"COPYRIGHT © 2001-2022 ENERGY INTELLIGENCE GROUP, INC. / ENERGY INTELLIGENCE GROUP (UK) LIMITED.",Click on the link below to go to the relevant article,The project is one of several short-cycle expansions that will help Angola halt a steady decline in output in recent years and will feed into an existing Clov FPSO unit.
CLOV Phase 3,Yes,Angola,https://www.energyintel.com/00000198-37b0-d7c8-a3df-3fff27420000,Source: Energy Intelligence,"COPYRIGHT © 2001-2022 ENERGY INTELLIGENCE GROUP, INC. / ENERGY INTELLIGENCE GROUP (UK) LIMITED.",Click on the link below to go to the relevant article,"July 2025: Clov Phase 3, located in Angola’s prolific Block 17, involves a four-well subsea tie-back to the Clov FPSO."
Coronado,Uncertain,United States,https://www.energyintel.com/0000018a-9a8f-dd49-abdf-debfc0360000,Source: Energy Intelligence,"COPYRIGHT © 2001-2022 ENERGY INTELLIGENCE GROUP, INC. / ENERGY INTELLIGENCE GROUP (UK) LIMITED.",Click on the link below to go to the relevant article,"Sep. 2023: “Further evaluation of Coronado and Yucatan discoveries will be required to optimize their potential development,” the Beacon spokesperson said. “The Shenandoah [floating production system] … represents the logical host facility for current and future discoveries in the northwest Walker Ridge area.”"
Cuica,Yes,Angola,https://www.energyintel.com/0000017c-2eca-d4a2-a5fd-7fcbfc220000,Source: Energy Intelligence,"COPYRIGHT © 2001-2022 ENERGY INTELLIGENCE GROUP, INC. / ENERGY INTELLIGENCE GROUP (UK) LIMITED.",Click on the link below to go to the relevant article,The project is part of Eni’s broader program of pursuing infrastructure-led exploration and fast track development as part of its strategy for mature areas .
Curacao,Uncertain,Brazil,https://www.energyintel.com/00000194-2d3a-d9e1-abd4-adbaefed0000,Source: Energy Intelligence,"COPYRIGHT © 2001-2022 ENERGY INTELLIGENCE GROUP, INC. / ENERGY INTELLIGENCE GROUP (UK) LIMITED.",Click on the link below to go to the relevant article,"Jan. 2025: To address the expected decline, Petrobras has penciled in exploration investments of $7.9 billion over the next five years and plans to drill 51 wells in the period, including 25 in the country’s southern and southeastern basins."
Daenerys Prospect,Uncertain,United States,https://www.energyintel.com/00000198-c474-d667-a3be-d67dcbde0000,Source: Energy Intelligence,"COPYRIGHT © 2001-2022 ENERGY INTELLIGENCE GROUP, INC. / ENERGY INTELLIGENCE GROUP (UK) LIMITED.",Click on the link below to go to the relevant article,"Aug. 2025: Shell and Talos Energy have drilled an ""exciting"" oil discovery at the Daenerys prospect in the deepwater US Gulf of Mexico and are planning a follow-up appraisal well next year."
Dahra Rehabilitation,Yes,Libya,https://www.energyintel.com/wcod/country-profile/libya,Source: Energy Intelligence,"COPYRIGHT © 2001-2022 ENERGY INTELLIGENCE GROUP, INC. / ENERGY INTELLIGENCE GROUP (UK) LIMITED.",Click on the link below to go to the relevant article,"NOC wants to rehabilitate the Mabruk, Ghani, Dahra and south Waha fields in the eastern Sirte Basin to a combined production rate of 94,000 b/d of oil and 3.5 million cubic meters per day of gas by 2024."
Dalia Phase 3,Uncertain,Angola,https://www.energyintel.com/wcod/crude-profile/dalia,Source: Energy Intelligence,"COPYRIGHT © 2001-2022 ENERGY INTELLIGENCE GROUP, INC. / ENERGY INTELLIGENCE GROUP (UK) LIMITED.",Click on the link below to go to the relevant article,"Dalia Phase 3 development on TotalEnergies-operated Block 17, sanctioned in November 2018, is expected to start up 22 with six new wells producing 30,000 b/d of crude oil."
Dammam Development Project,Yes,Saudi Arabia,https://www.energyintel.com/00000197-cca6-dbba-abf7-fcbff2230000,Source: Energy Intelligence,"COPYRIGHT © 2001-2022 ENERGY INTELLIGENCE GROUP, INC. / ENERGY INTELLIGENCE GROUP (UK) LIMITED.",Click on the link below to go to the relevant article,"Jul. 2025: Aramco said in May that water-injection operations to boost crude production are ongoing at Dammam, where the first 25,000 b/d is expected to be on stream this year, with another 50,000 b/d slated for 2027."
Dhufriyah,Uncertain,Iraq,,Source: Energy Intelligence,"COPYRIGHT © 2001-2022 ENERGY INTELLIGENCE GROUP, INC. / ENERGY INTELLIGENCE GROUP (UK) LIMITED.",Click on the link below to go to the relevant article,"Iraq's achievement of its upstream goals will also depend on its ability to find outlets for its incremental crude by renovating its poor southern export infrastructure and boosting its aging refining capacity. Additionally, future production plans will also be a function of Opec-plus quota constraints."
Dorado Oil Field,Uncertain,Australia,https://www.energyintel.com/00000191-738d-dd10-af93-77ade3fe0000,Source: Energy Intelligence,"COPYRIGHT © 2001-2022 ENERGY INTELLIGENCE GROUP, INC. / ENERGY INTELLIGENCE GROUP (UK) LIMITED.",Click on the link below to go to the relevant article,"Aug. 2024: Santos is planning to proceed with its Dorado oil project offshore Western Australia next year, the company said, after announcing a delay last month. However, FID will be subject to Santos’ ability to find a buyer to reduce its 80% stake in th"
Dorra,Yes,Neutral Zone,https://www.energyintel.com/00000189-d4de-d433-a5ad-f5ffc5210000,Source: Energy Intelligence,"COPYRIGHT © 2001-2022 ENERGY INTELLIGENCE GROUP, INC. / ENERGY INTELLIGENCE GROUP (UK) LIMITED.",Click on the link below to go to the relevant article,"Saudi Arabia and Kuwait are moving forward with their plans to develop the Dorra offshore gas field, with engineering and development work under way, according to Saudi Aramco CEO Amin Nasser. They expect Dorra to produce 1 billion cubic feet per day of natural gas and 84,000 barrels per day of condensate, although the timeline for development remains unclear."
Dostluk Oil Field - Azerbaijan,Uncertain,Azerbaijan,https://www.energyintel.com/00000187-d8e0-d306-a7bf-def7ee730000,Source: Energy Intelligence,"COPYRIGHT © 2001-2022 ENERGY INTELLIGENCE GROUP, INC. / ENERGY INTELLIGENCE GROUP (UK) LIMITED.",Click on the link below to go to the relevant article,"May. 2023: Lukoil’s stewardship of the controversial Dostluk oil field shared by Turkmenistan and Azerbaijan in the Caspian Sea is not looking as watertight as it had before the war in Ukraine. One candidate to replace Lukoil at Dostluk could be Adnoc, which earlier this year signed a memorandum of understanding to participate in energy projects in Turkmenistan."
Dostluk Oil Field - Turkmenistan,Uncertain,Turkmenistan,https://www.energyintel.com/0000018b-75cc-dc0c-a3cf-fddc057a0000,Source: Energy Intelligence,"COPYRIGHT © 2001-2022 ENERGY INTELLIGENCE GROUP, INC. / ENERGY INTELLIGENCE GROUP (UK) LIMITED.",Click on the link below to go to the relevant article,"Nov. 2023: Lukoil is currently seen as the key candidate to operate the development of the controversial Dostluk oil field shared by Turkmenistan and Azerbaijan. Back in 2021, the two countries agreed to jointly develop the field. According to Elshad Nasirov, vice president of Socar, the legal status of the field has already been determined."
Dover,Yes,United States,https://www.energyintel.com/wcod/country-profile/united-states,Source: Energy Intelligence,"COPYRIGHT © 2001-2022 ENERGY INTELLIGENCE GROUP, INC. / ENERGY INTELLIGENCE GROUP (UK) LIMITED.",Click on the link below to go to the relevant article,"Mar. 2024: While US producers are pivoting toward onshore shale, European majors are more interested in low-carbon barrels produced from the Gulf of Mexico, with BP and Shell strengthening their positions in the area."
Dunga Oil Field Expansion,No,Kazakhstan,https://www.energyintel.com/0000018e-13e8-db2a-a1bf-f7edec340000,Source: Energy Intelligence,"COPYRIGHT © 2001-2022 ENERGY INTELLIGENCE GROUP, INC. / ENERGY INTELLIGENCE GROUP (UK) LIMITED.",Click on the link below to go to the relevant article,"Mar. 2024: At the end of 2023, KMG added to its upstream portfolio by acquiring Total's 60% stake in the production sharing contract for the onshore Dunga oilfield, which produces more than 10,000 b/d of crude. Total had originally agreed to sell the shares in late 2022 to a little-known company called Oriental Sunrise for $330 million, but KMG exercised its right to preempt on the sale."
East Baghdad Oilfield Discovery,Uncertain,Iraq,https://www.energyintel.com/wcod/country-profile/iraq,Source: Energy Intelligence,"COPYRIGHT © 2001-2022 ENERGY INTELLIGENCE GROUP, INC. / ENERGY INTELLIGENCE GROUP (UK) LIMITED.",Click on the link below to go to the relevant article,"Iraq is aiming to resolve the standoffs that have repeatedly hindered its upstream projects in the past, including unfavorable terms, thin margins, payment delays, geopolitical risks and divestments."
Eban-1X,Yes,Ghana,https://www.energyintel.com/00000197-e9a1-dbba-abf7-f9bd74780000,Source: Energy Intelligence,"COPYRIGHT © 2001-2022 ENERGY INTELLIGENCE GROUP, INC. / ENERGY INTELLIGENCE GROUP (UK) LIMITED.",Click on the link below to go to the relevant article,July 2025: Ghana’s government announced the formal Declaration of Commerciality for the Eban (oil) and Akoma (gas and condensate) finds on Cape Three Points (CTP) Block 4 in the Gulf of Guinea.
Echino South,Yes,Norway,https://www.energyintel.com/wcod/crude-profile/troll,Source: Energy Intelligence,"COPYRIGHT © 2001-2022 ENERGY INTELLIGENCE GROUP, INC. / ENERGY INTELLIGENCE GROUP (UK) LIMITED.",Click on the link below to go to the relevant article,This discovery is expected to be developed as tie-back to existing infrastructure.
El Trapial,Yes,Argentina,https://www.energyintel.com/0000018e-e337-d94a-a9be-f7b738620000,Source: Energy Intelligence,"COPYRIGHT © 2001-2022 ENERGY INTELLIGENCE GROUP, INC. / ENERGY INTELLIGENCE GROUP (UK) LIMITED.",Click on the link below to go to the relevant article,"Apr. 2024: Chevron said it would invest more than $500 million to develop the conventional Trapial block. The initial three-year work program will see an investment of almost $66 million to drill, complete and commission five horizontal wells of between 2,500 meters and 3,000 meters, each of 38 to 46 frack stages."
Eldfisk North,Yes,Norway,https://www.energyintel.com/0000018f-58a6-dae0-afbf-d8af7b830000,Source: Energy Intelligence,"COPYRIGHT © 2001-2022 ENERGY INTELLIGENCE GROUP, INC. / ENERGY INTELLIGENCE GROUP (UK) LIMITED.",Click on the link below to go to the relevant article,"May 2024: “This is a nice example of a short-cycle project, which is delivered safely and ahead of plan,” said Total’s head of E&P Europe, Jean-Luc Guiziou. “With a low break-even and greenhouse gas emissions below 10 kilograms per boe, the Eldfisk North project fits nicely in Total's portfolio,” he added."
Enping 15-1/10-2/15-2/20-4 Oilfields,Yes,China,https://www.energyintel.com/wcod/country-profile/china,Source: Energy Intelligence,"COPYRIGHT © 2001-2022 ENERGY INTELLIGENCE GROUP, INC. / ENERGY INTELLIGENCE GROUP (UK) LIMITED.",Click on the link below to go to the relevant article,"CNOOC drilled close to 360 new wells in 2022, raising production to 624 million barrels of oil equivalent from 568 million boe produced in 2021. New projects brought online by the company in 2022 include Kenli and Enping."
Enping 18-6 Oilfield Development Project,Yes,China,https://www.energyintel.com/wcod/crude-profile/peng-lai,Source: Energy Intelligence,"COPYRIGHT © 2001-2022 ENERGY INTELLIGENCE GROUP, INC. / ENERGY INTELLIGENCE GROUP (UK) LIMITED.",Click on the link below to go to the relevant article,"China’s output has been increasing over the past few years in line with a mandate by authorities to “safeguard energy security.” China stuck to its plan despite the collapse of oil prices in early 2020 and the demand pullback driven by the coronavirus. China remains by far the Asia-Pacific region’s largest oil producer, despite a decline from around 4.3 million b/d produced in 2015, attributed to both aging onshore fields and unexpectedly early declines at offshore fields."
Erawin,Yes,Libya,https://www.energyintel.com/0000018a-ac7b-df62-a5da-aeff9ddb0003,Source: Energy Intelligence,"COPYRIGHT © 2001-2022 ENERGY INTELLIGENCE GROUP, INC. / ENERGY INTELLIGENCE GROUP (UK) LIMITED.",Click on the link below to go to the relevant article,"Libya represents a vast opportunity for international oil players with relatively easy to produce oil and gas reserves on the doorstep of a European market that is in need of both in its efforts to replace Russian hydrocarbons. Following years of political instability that has stymied the country's hydrocarbon development, there are early signs that the global oil majors are again willing to risk capital in Libya to tap its oil, gas and renewable riches, but risks remain."
Eridu,Uncertain,Iraq,https://www.energyintel.com/00000197-c129-d7de-abbf-c9b9cdd20000,Source: Energy Intelligence,"COPYRIGHT © 2001-2022 ENERGY INTELLIGENCE GROUP, INC. / ENERGY INTELLIGENCE GROUP (UK) LIMITED.",Click on the link below to go to the relevant article,"Jul. 2025: Lukoil is in the process of selecting and approving an engineering, procurement and construction contractor for the Eridu field of Block 10, sources claim."
Erviye,Uncertain,Russia,https://www.energyintel.com/0000018d-3146-d0d3-a9bd-f75744980000,Source: Energy Intelligence,"COPYRIGHT © 2001-2022 ENERGY INTELLIGENCE GROUP, INC. / ENERGY INTELLIGENCE GROUP (UK) LIMITED.",Click on the link below to go to the relevant article,"Jan. 2024: Gazprom Neft was planning to launch commercial production from the Erviye field in West Siberia, the only field discovered by the Eurotek-Yugra subsidiary that Gazprom Neft was developing with Repsol before the Spanish company pulled out of joint ventures with the Russian company. Lukoil later replaced Repsol, but the duo made little progress in developing the field"
Esfandiar-Iran,Uncertain,Iran,https://www.energyintel.com/00000180-46ab-d749-a996-66af0b0f0000,Source: Energy Intelligence,"COPYRIGHT © 2001-2022 ENERGY INTELLIGENCE GROUP, INC. / ENERGY INTELLIGENCE GROUP (UK) LIMITED.",Click on the link below to go to the relevant article,"Iran has long prioritized developing border fields to catch up with neighboring countries in exploiting and monetizing such fields. However, it is questionable how much progress Tehran can achieve while still under US sanctions."
Esfandiar-Saudi Arabia,Uncertain,Saudi Arabia,https://www.energyintel.com/00000180-46ab-d749-a996-66af0b0f0000,Source: Energy Intelligence,"COPYRIGHT © 2001-2022 ENERGY INTELLIGENCE GROUP, INC. / ENERGY INTELLIGENCE GROUP (UK) LIMITED.",Click on the link below to go to the relevant article,"Apr. 2022: Iran has long prioritized developing border fields to catch up with neighboring countries in exploiting and monetizing such fields. However, it is questionable how much progress Tehran can achieve while still under US sanctions."
Essar Prospect,Uncertain,Libya,https://www.energyintel.com/00000199-b9fb-d6b7-a5bf-fbfb278d0000,Source: Energy Intelligence,"COPYRIGHT © 2001-2022 ENERGY INTELLIGENCE GROUP, INC. / ENERGY INTELLIGENCE GROUP (UK) LIMITED.",Click on the link below to go to the relevant article,"Oct. 2025: Norway, Austria, Libya and the United Arab Emirates are also core regions for expansion, with OMV set to focus exploration efforts next to existing fields."
Fangtooth-1,Yes,Guyana,https://www.energyintel.com/0000017e-2b5d-de9c-afff-2bff06230000,Source: Energy Intelligence,"COPYRIGHT © 2001-2022 ENERGY INTELLIGENCE GROUP, INC. / ENERGY INTELLIGENCE GROUP (UK) LIMITED.",Click on the link below to go to the relevant article,"While Fangtooth encountered significantly less pay than the  Lau Lau discovery, it successfully tested the quality of the deeper Campanian and Santonian reservoirs, which could open the door to even higher recoverable resource estimates in the block."
Far South,Uncertain,United States,https://www.energyintel.com/00000196-357d-d6b3-afdf-bffd2cee0000,Source: Energy Intelligence,"COPYRIGHT © 2001-2022 ENERGY INTELLIGENCE GROUP, INC. / ENERGY INTELLIGENCE GROUP (UK) LIMITED.",Click on the link below to go to the relevant article,"Apr. 2025: Preliminary data indicates that the field holds a ""potentially commercial volume of hydrocarbons,"" BP said."
Fenja,Yes,Norway,https://www.energyintel.com/wcod/country-profile/norway,Source: Energy Intelligence,"COPYRIGHT © 2001-2022 ENERGY INTELLIGENCE GROUP, INC. / ENERGY INTELLIGENCE GROUP (UK) LIMITED.",Click on the link below to go to the relevant article,"December 2022 also saw the return of production at the Njord-Hyme complex allowing start-up of Bauge, and preparations to hook in the Fenja satellite."
Foroozan Oil Field,Yes,Iran,https://www.energyintel.com/0000017b-a7dd-de4c-a17b-e7dfa61e0000,Source: Energy Intelligence,"COPYRIGHT © 2001-2022 ENERGY INTELLIGENCE GROUP, INC. / ENERGY INTELLIGENCE GROUP (UK) LIMITED.",Click on the link below to go to the relevant article,"In recent years, Iran has had to rely on local firms to carry out domestic oil and gas projects as international oil companies continue to steer clear of the country because of harsh US sanctions"
Fort Sumter,Uncertain,United States,https://www.energyintel.com/0000017e-d7f3-da6a-a1fe-d7ffa4040000,Source: Energy Intelligence,"COPYRIGHT © 2001-2022 ENERGY INTELLIGENCE GROUP, INC. / ENERGY INTELLIGENCE GROUP (UK) LIMITED.",Click on the link below to go to the relevant article,"The US Gulf remains a key asset Shell. the company has a large cache of projects and has flagged it as a core ""advantaged"" upstream province that can continue to compete for capital. Fort Sumter is a tie back project with undisclosed capacity and first oil date."
Foster Creek Oil Sands Expansion,Yes,Canada,https://www.energyintel.com/0000017b-ad8b-dc26-ab7b-edcb21010001,Source: Energy Intelligence,"COPYRIGHT © 2001-2022 ENERGY INTELLIGENCE GROUP, INC. / ENERGY INTELLIGENCE GROUP (UK) LIMITED.",Click on the link below to go to the relevant article,"The Cenovus Foster Creek project, just north of the Cold Lake area, produced an estimated 186,700 b/d in 2022 and 176,400 b/d in 2021"
Fram South Project,Yes,Norway,https://www.energyintel.com/00000198-e1de-db15-a5fd-f7ff414c0000,Source: Energy Intelligence,"COPYRIGHT © 2001-2022 ENERGY INTELLIGENCE GROUP, INC. / ENERGY INTELLIGENCE GROUP (UK) LIMITED.",Click on the link below to go to the relevant article,"Aug. 2025: Equinor and its partners have struck oil and gas in the Fram area, about nine kilometers north of the Troll field in the Norwegian part of the North Sea, adding to recent incremental finds offshore Norway.
"
Fuxing Shale Oilfield,Uncertain,China,https://www.energyintel.com/00000198-eb75-d667-a3be-fb7ded850000,Source: Energy Intelligence,"COPYRIGHT © 2001-2022 ENERGY INTELLIGENCE GROUP, INC. / ENERGY INTELLIGENCE GROUP (UK) LIMITED.",Click on the link below to go to the relevant article,"Aug. 2025: “The proven reserves are huge, but how much production can we achieve, and what are the economic benefits?” a Sinopec geologist told Energy Intelligence. “It is currently being explored but not developed yet, because it is too deep,”."
Gabar Project,Yes,Turkey,https://www.energyintel.com/00000194-8edc-d928-a9dd-dfff9ab00000,Source: Energy Intelligence,"COPYRIGHT © 2001-2022 ENERGY INTELLIGENCE GROUP, INC. / ENERGY INTELLIGENCE GROUP (UK) LIMITED.",Click on the link below to go to the relevant article,"Jan. 2025: While Gabar’s output trajectory is certainly positive, the field was originally targeting 100,000 b/d by the end of 2024. And there are questions over how sustainable output levels are, warns the Turkish oil expert."
Garraf Expansion,Yes,Iraq,https://www.energyintel.com/0000018b-4897-dd50-a3eb-499f44100000,Source: Energy Intelligence,"COPYRIGHT © 2001-2022 ENERGY INTELLIGENCE GROUP, INC. / ENERGY INTELLIGENCE GROUP (UK) LIMITED.",Click on the link below to go to the relevant article,"Oct. 2023: Petronas is nearing completion of its project to raise the production capacity of the Garraf  to 230,000 b/d after years of delay, according to Petronas Upstream CEO Adif Zulkifli. Adif said Garraf's capacity has already reached around 200,000 b/d, but that Iraq's Opec-plus production ceiling has prevented the company from testing that capacity, as well as causing problems around compensation. It is just one of the difficulties that Petronas has encountered at Garraf."
Gato do Mato,Yes,Brazil,https://www.energyintel.com/00000195-b9f4-df27-a9d7-fdf40a260000,Source: Energy Intelligence,"COPYRIGHT © 2001-2022 ENERGY INTELLIGENCE GROUP, INC. / ENERGY INTELLIGENCE GROUP (UK) LIMITED.",Click on the link below to go to the relevant article,"Apr. 2025: ""Gato do Mato is an example of our ongoing investment in increasingly efficient projects,"" said Zoe Yujnovich, Shell's Integrated Gas and Upstream director."
Geng North,Yes,Indonesia,https://www.energyintel.com/00000191-7f28-d88e-a7fd-ff79060b0000,Source: Energy Intelligence,"COPYRIGHT © 2001-2022 ENERGY INTELLIGENCE GROUP, INC. / ENERGY INTELLIGENCE GROUP (UK) LIMITED.",Click on the link below to go to the relevant article,"Aug. 2024: Eni’s proposed Northern Hub in the Kutei Basin offshore East Kalimantan will tap into some 5 trillion cubic feet of natural gas and 400 million barrels of condensate from the Gehem and Geng North discoveries. The development plan calls for a floating production, storage and offloading vessel with a capacity for 1 billion cubic feet per day of gas and 80,000 b/d of condensate."
Gettysburg,Uncertain,United States,https://www.energyintel.com/00000199-8284-d482-ab9d-8ead5e450000,Source: Energy Intelligence,"COPYRIGHT © 2001-2022 ENERGY INTELLIGENCE GROUP, INC. / ENERGY INTELLIGENCE GROUP (UK) LIMITED.",Click on the link below to go to the relevant article,Sep. 2025: Shell has extended a term loan of up to $250 million to offshore operator Kosmos Energy as the partners push forward with the Gettysburg development in the US Gulf of Mexico.
Ghasha sour gas project,Yes,United Arab Emirates,https://www.energyintel.com/0000018a-ff4a-d883-a7ff-ffee09d30000,Source: Energy Intelligence,"COPYRIGHT © 2001-2022 ENERGY INTELLIGENCE GROUP, INC. / ENERGY INTELLIGENCE GROUP (UK) LIMITED.",Click on the link below to go to the relevant article,"Abu Dhabi National Oil Co. (Adnoc) has taken the final investment decision (FID) for its Ghasha sour gas project and awarded engineering and construction contracts worth $17 billion. 
Ghasha is targeting a production plateau of around 1.5 billion cubic fe"
Gialo III,Yes,Libya,https://www.energyintel.com/0000019a-4f94-ddaf-ab9f-efd7d2400000,Source: Energy Intelligence,"COPYRIGHT © 2001-2022 ENERGY INTELLIGENCE GROUP, INC. / ENERGY INTELLIGENCE GROUP (UK) LIMITED.",Click on the link below to go to the relevant article,"Nov. 2025: One key component in achieving the first milestone in 2026 depends on finally reaching an agreement to expand production at the Waha oil concession in Libya’s eastern Sirte Basin. Waha Oil Co., comprising operator TotalEnergies (20.42%), Conoco"
GNN Phase 2,Yes,Egypt,https://www.energyintel.com/wcod/crude-profile/suez-blend,Source: Energy Intelligence,"COPYRIGHT © 2001-2022 ENERGY INTELLIGENCE GROUP, INC. / ENERGY INTELLIGENCE GROUP (UK) LIMITED.",Click on the link below to go to the relevant article,"The blend is sourced from around 40 offshore fields in the Gulf of Suez. Production of Suez Blend has been in continuous decline since 2006, when it peaked at 160,000 b/d. This is attributed mainly to natural decline rates at mature fields. Egypt had planned to hike production at the Gulf of Suez, Western Desert and Nile Delta up to 720,000 b/d in 2020, but market conditions prevented the materialization of these plans."
Goturdepe Oil Field Expansion,Yes,Turkmenistan,https://www.energyintel.com/0000017b-a7dc-de4c-a17b-e7de43930000,Source: Energy Intelligence,"COPYRIGHT © 2001-2022 ENERGY INTELLIGENCE GROUP, INC. / ENERGY INTELLIGENCE GROUP (UK) LIMITED.",Click on the link below to go to the relevant article,"In December 2020, Turkmenneft signed a service contract with Russia's Tatneft to boost flows at the Goturdepe oil field."
Graff-1,Yes,Namibia,https://www.energyintel.com/00000188-d9e9-db89-a5ed-dbedb5390000,Source: Energy Intelligence,"COPYRIGHT © 2001-2022 ENERGY INTELLIGENCE GROUP, INC. / ENERGY INTELLIGENCE GROUP (UK) LIMITED.",Click on the link below to go to the relevant article,"Shell is still in the early stages of assessing the commerciality of its recent discoveries offshore Namibia, but executives made clear that they like what they have seen so far. ""Out of the three exploration wells and the one appraisal well that we have drilled, we have had top-quartile well performance in every single one of our activities,"" said Zoe Yujnovich, Shell's head of integrated gas and upstream."
Grand Rapids SA-SAGD,Yes,Canada,https://www.energyintel.com/00000186-0997-d963-a396-a9b7a1ec0000,Source: Energy Intelligence,"COPYRIGHT © 2001-2022 ENERGY INTELLIGENCE GROUP, INC. / ENERGY INTELLIGENCE GROUP (UK) LIMITED.",Click on the link below to go to the relevant article,"Jan. 2023: Imperial CEO confirmed that Cold Lake Phase 1 of its Grand Rapids expansion would start up by the end of 2023, and that another project there, Leming, had also been initiated."
GranMorgu,Yes,Suriname,https://www.energyintel.com/00000192-498a-d673-a7b3-cbbff55b0000,Source: Energy Intelligence,"COPYRIGHT © 2001-2022 ENERGY INTELLIGENCE GROUP, INC. / ENERGY INTELLIGENCE GROUP (UK) LIMITED.",Click on the link below to go to the relevant article,Oct. 2024: Total's long-awaited final investment decision (FID) sets the stage for the development of more than 750 million barrels of estimated recoverable resources from the Sapakara and Krabdagu discoveries in offshore Block 58.
Grayfer Field,Yes,Russia,https://www.energyintel.com/0000018a-4aa7-d109-af8a-dae783990000,Source: Energy Intelligence,"COPYRIGHT © 2001-2022 ENERGY INTELLIGENCE GROUP, INC. / ENERGY INTELLIGENCE GROUP (UK) LIMITED.",Click on the link below to go to the relevant article,Aug. 2023:  Lukoil increased its operational and geological exploration costs by 33% from the first half of 2021 and brought on stream the Grayfer field in the Russian sector of the Caspian Sea earlier this year.
Great White New Phase,Yes,United States,https://www.energyintel.com/0000018c-69f4-d61c-a7cc-79f623e60000,Source: Energy Intelligence,"COPYRIGHT © 2001-2022 ENERGY INTELLIGENCE GROUP, INC. / ENERGY INTELLIGENCE GROUP (UK) LIMITED.",Click on the link below to go to the relevant article,"Dec. 2023: Shell said that it has taken a final investment decision for a three-well “phased campaign” around the Great White discovery in Alaminos Canyon (AC). ""By expanding our Perdido development, we continue to unlock the greatest value from this exce"
Greater Mooses Tooth 2,Yes,United States,,Source: Energy Intelligence,"COPYRIGHT © 2001-2022 ENERGY INTELLIGENCE GROUP, INC. / ENERGY INTELLIGENCE GROUP (UK) LIMITED.",Click on the link below to go to the relevant article,"GMT2 is expected to produce 140 million barrels of oil over the life of the field, with peak oil production estimated to reach 30,000 barrels per day."
Gumusut-Kakap Phase 3,Yes,Malaysia,https://www.energyintel.com/wcod/crude-profile/kimanis,Source: Energy Intelligence,"COPYRIGHT © 2001-2022 ENERGY INTELLIGENCE GROUP, INC. / ENERGY INTELLIGENCE GROUP (UK) LIMITED.",Click on the link below to go to the relevant article,"Kimanis saw its output increase following the start-up of the Gumusut-Kakap Phase 3 project in July 2022 which added 25,000 b/d of capacity by early 2023."
Gumusut-Kakap Phase 4,Yes,Malaysia,https://www.energyintel.com/wcod/crude-profile/kimanis,Source: Energy Intelligence,"COPYRIGHT © 2001-2022 ENERGY INTELLIGENCE GROUP, INC. / ENERGY INTELLIGENCE GROUP (UK) LIMITED.",Click on the link below to go to the relevant article,"Nov. 2024: Kimanis saw its output increase following the start-up of the Gumusut-Kakap Phase 3 project in July 2022 which added 25,000 b/d of capacity by early 2023. A fourth development phase is planned for late 2024."
Gura-1,Yes,Brazil,https://www.energyintel.com/wcod/country-profile/brazil,Source: Energy Intelligence,"COPYRIGHT © 2001-2022 ENERGY INTELLIGENCE GROUP, INC. / ENERGY INTELLIGENCE GROUP (UK) LIMITED.",Click on the link below to go to the relevant article,"This discovery is part of the Aram exploration block in the Santos Basin. The most significant contributions to output in the basin come from fields such as Tupi, Buzios, Sapinhoa, Atapu, Sepia and Sururu."
H1-NC 4 Ghadames,Uncertain,Libya,https://www.energyintel.com/0000019a-54d9-d536-a7de-7fd9f6430000,Source: Energy Intelligence,"COPYRIGHT © 2001-2022 ENERGY INTELLIGENCE GROUP, INC. / ENERGY INTELLIGENCE GROUP (UK) LIMITED.",Click on the link below to go to the relevant article,"Nov. 2025: Libya’s NOC has outlined five basins with onshore exploration potential (Ghadames, Murzuq, Sirte, Cyrenaica and Kufra) and three with offshore potential (Sirte, Cyrenaica and Sabratha)."
Hai Su Vang,Uncertain,Vietnam,https://www.energyintel.com/00000194-4a22-d243-a9d6-5aff7df00000,Source: Energy Intelligence,"COPYRIGHT © 2001-2022 ENERGY INTELLIGENCE GROUP, INC. / ENERGY INTELLIGENCE GROUP (UK) LIMITED.",Click on the link below to go to the relevant article,"Jan. 2025: Murphy Oil has struck oil at its Hai Su Vang-1X exploration well in Vietnam’s offshore Cuu Long Basin, potentially laying the foundation for a significant business in the Southeast Asian nation as the company eyes further upside."
Halten East,Yes,Norway,https://www.energyintel.com/00000180-fb50-d59f-a3de-ffdfad140000,Source: Energy Intelligence,"COPYRIGHT © 2001-2022 ENERGY INTELLIGENCE GROUP, INC. / ENERGY INTELLIGENCE GROUP (UK) LIMITED.",Click on the link below to go to the relevant article,May 2022: The Halten East fields will be tied back to facilities at Equinor's Asgard field and existing infrastructure will be used to transport the gas to Continental Europe.
Hamlet,Yes,Norway,"https://www.energyintel.com/00000188-e8be-d210-a9e8-eebfbc6a0000;
https://www.energyintel.com/00000188-e8be-d210-a9e8-eebfbc6a0000",Source: Energy Intelligence,"COPYRIGHT © 2001-2022 ENERGY INTELLIGENCE GROUP, INC. / ENERGY INTELLIGENCE GROUP (UK) LIMITED.",Click on the link below to go to the relevant article,"The Hamlet prospect could be tied back to the Gjøa platform and feed into the Troll stream.
Neptune's Norway assets were bought by Eni's affiliate Var Energi."
Hammerhead,Yes,Guyana,https://www.energyintel.com/00000199-72c9-d6f4-a59b-73e949110000,Source: Energy Intelligence,"COPYRIGHT © 2001-2022 ENERGY INTELLIGENCE GROUP, INC. / ENERGY INTELLIGENCE GROUP (UK) LIMITED.",Click on the link below to go to the relevant article,"Sep. 2025: Exxon Mobil has taken a final investment decision to develop the Hammerhead oil discovery offshore Guyana, its seventh sanctioned development project in the deepwater Stabroek Block, where it has discovered billions of barrels of oil."
Hamrin Expansion,Uncertain,Iraq,https://www.energyintel.com/00000198-0f09-d7c8-a3df-0f5f8ffe0000,Source: Energy Intelligence,"COPYRIGHT © 2001-2022 ENERGY INTELLIGENCE GROUP, INC. / ENERGY INTELLIGENCE GROUP (UK) LIMITED.",Click on the link below to go to the relevant article,"Jul. 2025: Iraqi Oil Minister Hayan Abd al-Ghani said that the ministry aims to boost production from Hamrin to 60,000 b/d from current output levels of 20,000-25,000 b/d. 
"
Hanz,Yes,Norway,https://www.energyintel.com/wcod/crude-profile/grane,Source: Energy Intelligence,"COPYRIGHT © 2001-2022 ENERGY INTELLIGENCE GROUP, INC. / ENERGY INTELLIGENCE GROUP (UK) LIMITED.",Click on the link below to go to the relevant article,The development schedule for production start-up depends on available processing capacities on Ivar Aasen.
Haradh GOSP-3 Expansion,Yes,Saudi Arabia,https://www.energyintel.com/wcod/crude-profile/arab-light,Source: Energy Intelligence,"COPYRIGHT © 2001-2022 ENERGY INTELLIGENCE GROUP, INC. / ENERGY INTELLIGENCE GROUP (UK) LIMITED.",Click on the link below to go to the relevant article,Arab Light is one of the most important and largest crude streams globally. The decline seen by Arab Light in 2023 has resulted from Opec-plus' agreements to restrict supply through 2023 coupled with Saudi Arabia's voluntary decision to cut 1 million b/d starting July 2023.
Hassi Berkane North Expansion,Uncertain,Algeria,https://www.energyintel.com/0000018f-8675-d757-addf-8ff59a980000,Source: Energy Intelligence,"COPYRIGHT © 2001-2022 ENERGY INTELLIGENCE GROUP, INC. / ENERGY INTELLIGENCE GROUP (UK) LIMITED.",Click on the link below to go to the relevant article,"May 2024: The biggest IOC-producing area is located in the eastern Berkine Basin at the Oxy-operated Ourhoud, Hassi Berkine South and El Merk fields, producing around 110,000-120,000 b/d in Blocks 404a and 208."
Hassi Bir Rekaiz Phase 1,Yes,Algeria,https://www.energyintel.com/00000184-f64a-d95f-adc6-f65fe9ae0001,Source: Energy Intelligence,"COPYRIGHT © 2001-2022 ENERGY INTELLIGENCE GROUP, INC. / ENERGY INTELLIGENCE GROUP (UK) LIMITED.",Click on the link below to go to the relevant article,The second development phase starts in 2027
Hassi Bir Rekaiz Phase 2,Yes,Algeria,https://www.energyintel.com/00000198-cb71-db15-a5fd-fff9f9610000,Source: Energy Intelligence,"COPYRIGHT © 2001-2022 ENERGY INTELLIGENCE GROUP, INC. / ENERGY INTELLIGENCE GROUP (UK) LIMITED.",Click on the link below to go to the relevant article,Aug. 2025: PTTEP is preparing to green-light a second-phase development at its operated Hassi Bir Rekaiz onshore oil project and is targeting FID before year-end.
HDLE/HDLS,Yes,Algeria,https://www.energyintel.com/00000184-57bc-d4bb-ada6-f7bd2e1c0000,Source: Energy Intelligence,"COPYRIGHT © 2001-2022 ENERGY INTELLIGENCE GROUP, INC. / ENERGY INTELLIGENCE GROUP (UK) LIMITED.",Click on the link below to go to the relevant article,"Development of the field was fast-tracked to just seven months since it was discovered in March 2022 and output is expected to increase to 17,000 boe/d after more drilling in 2023. Start up of the HDLE/HDLS and Berkine South fields should help Eni reach 120,000 boe/d of equity production in Algeria in 2023."
Hengam-Iran,Uncertain,Iran,https://www.energyintel.com/00000180-f62b-d67b-a3cd-f6fba64e0000,Source: Energy Intelligence,"COPYRIGHT © 2001-2022 ENERGY INTELLIGENCE GROUP, INC. / ENERGY INTELLIGENCE GROUP (UK) LIMITED.",Click on the link below to go to the relevant article,"A joint technical committee will be formed to develop the next phases of the Hengam oil field, as the only field shared by Iran and Oman in an integrated manner"
Hengam-Oman,Uncertain,Oman,https://www.energyintel.com/00000180-f62b-d67b-a3cd-f6fba64e0000,Source: Energy Intelligence,"COPYRIGHT © 2001-2022 ENERGY INTELLIGENCE GROUP, INC. / ENERGY INTELLIGENCE GROUP (UK) LIMITED.",Click on the link below to go to the relevant article,"A joint technical committee will be formed to develop the next phases of the Hengam oil field, as the only field shared by Iran and Oman in an integrated manner"
Herschel,Yes,United States,https://www.energyintel.com/0000017f-22da-d3e7-a17f-f3dfa50f0000,Source: Energy Intelligence,"COPYRIGHT © 2001-2022 ENERGY INTELLIGENCE GROUP, INC. / ENERGY INTELLIGENCE GROUP (UK) LIMITED.",Click on the link below to go to the relevant article,Herschel is planned as a three-well development designed to tap additional resources unearthed within the previously discovered oil field.
Hibiscus/Ruche Phase 1,Yes,Gabon,https://www.energyintel.com/00000183-d19c-d7b9-a5a7-d5ddf3100000,Source: Energy Intelligence,"COPYRIGHT © 2001-2022 ENERGY INTELLIGENCE GROUP, INC. / ENERGY INTELLIGENCE GROUP (UK) LIMITED.",Click on the link below to go to the relevant article,"The selective retreat from mature areas is most evident in Nigeria, where the majors are trying to divest onshore assets, and in Cameroon and Gabon, which have seen a raft of sales to smaller independents in recent years."
Hidayah,Yes,Indonesia,https://www.energyintel.com/00000185-9eb1-dcf2-ab85-dfb96f540000,Source: Energy Intelligence,"COPYRIGHT © 2001-2022 ENERGY INTELLIGENCE GROUP, INC. / ENERGY INTELLIGENCE GROUP (UK) LIMITED.",Click on the link below to go to the relevant article,"Jan. 2023: Petronas has secured approval from Indonesia to develop the first phase of its Hidayah oil field, offshore East Java. The $926 million project field The field is expected to produce for 15 years until 2041."
Hod Redevelopment,Yes,Norway,https://www.energyintel.com/0000017b-a7db-de4c-a17b-e7db14960000,Source: Energy Intelligence,"COPYRIGHT © 2001-2022 ENERGY INTELLIGENCE GROUP, INC. / ENERGY INTELLIGENCE GROUP (UK) LIMITED.",Click on the link below to go to the relevant article,"New platform Hod-B; Hod will receive power from shore via Valhall field centre. – During normal operations, this means virtually zero local CO2 emissions."
Hokchi,Yes,Mexico,https://www.energyintel.com/00000184-1032-d953-a9cd-b273b95c0001,Source: Energy Intelligence,"COPYRIGHT © 2001-2022 ENERGY INTELLIGENCE GROUP, INC. / ENERGY INTELLIGENCE GROUP (UK) LIMITED.",Click on the link below to go to the relevant article,"Oct. 2022: Hokchi tie-back development is currently producing around 26,000 boe/d with a planned ramp-up to 37,000 boe/d by 2023."
Hoodoo,Uncertain,United States,https://www.energyintel.com/00000187-a2bc-d2f0-ab97-a7ffd3a40000,Source: Energy Intelligence,"COPYRIGHT © 2001-2022 ENERGY INTELLIGENCE GROUP, INC. / ENERGY INTELLIGENCE GROUP (UK) LIMITED.",Click on the link below to go to the relevant article,"Apr. 2023: In 2022, Woodside and Oxy teamed up on more than two dozen exploration blocks in the western Gulf. The duo later drilled their first well together, Hoodoo, which was unsuccessful."
Huizhou 26-6,Yes,China,https://www.energyintel.com/wcod/country-profile/china,Source: Energy Intelligence,"COPYRIGHT © 2001-2022 ENERGY INTELLIGENCE GROUP, INC. / ENERGY INTELLIGENCE GROUP (UK) LIMITED.",Click on the link below to go to the relevant article,"A new 2020 offshore discovery, Huizhou 26-6, in the eastern South China Sea, which holds around 367 million boe of proven reserves,  entered the development phase in May 2023 and first oil is expected by early 2025."
Huron,Uncertain,United States,https://www.energyintel.com/00000182-40ee-df89-a3f3-72ee127f0000,Source: Energy Intelligence,"COPYRIGHT © 2001-2022 ENERGY INTELLIGENCE GROUP, INC. / ENERGY INTELLIGENCE GROUP (UK) LIMITED.",Click on the link below to go to the relevant article,"Hess said it was “really encouraged” by results from its operated Huron deepwater well, which encountered ""high-quality"" oil-bearing Miocene-age reservoirs and ""established the existence of a working petroleum system.” Hess is still evaluating results and plans to drill a sidetrack appraisal well."
Huwaiza,Uncertain,Iraq,https://www.energyintel.com/00000186-829e-d266-add7-d3ff1eaa0000,Source: Energy Intelligence,"COPYRIGHT © 2001-2022 ENERGY INTELLIGENCE GROUP, INC. / ENERGY INTELLIGENCE GROUP (UK) LIMITED.",Click on the link below to go to the relevant article,Feb. 2023: A source at Geo-Jade Petroleum confirmed that the company had signed contracts for two Iraqi blocks — Huwaiza and Naft Khana — in its first foray into the Middle East. But it declined to comment on its plans there.
Ichalkil and Pokoch,Yes,Mexico,https://www.energyintel.com/00000190-3bc0-de9d-a3d4-7bc11b770000,Source: Energy Intelligence,"COPYRIGHT © 2001-2022 ENERGY INTELLIGENCE GROUP, INC. / ENERGY INTELLIGENCE GROUP (UK) LIMITED.",Click on the link below to go to the relevant article,"Jun. 2024: A filing on Mexico's stock exchange shows that Grupo Carso recently formalized its acquisition of Mexican independent E&P PetroBal, which was initially announced in December. At the time the deal was valued at $530 million."
Ikike,Yes,Nigeria,https://www.energyintel.com/00000182-3574-d68e-abf6-b574551b0000,Source: Energy Intelligence,"COPYRIGHT © 2001-2022 ENERGY INTELLIGENCE GROUP, INC. / ENERGY INTELLIGENCE GROUP (UK) LIMITED.",Click on the link below to go to the relevant article,"TotalEnergies has started up the shallow-water Ikike oil field, providing a welcome boost to Nigeria's production as the country struggles with falling output and rising oil theft."
IPB Maria Quiteria,Yes,Brazil,https://www.energyintel.com/wcod/crude-profile/jubarte,Source: Energy Intelligence,"COPYRIGHT © 2001-2022 ENERGY INTELLIGENCE GROUP, INC. / ENERGY INTELLIGENCE GROUP (UK) LIMITED.",Click on the link below to go to the relevant article,"A new FPSO IPB Maria Quiteria is planned for the fourth quarter of 2024 and is expected to add 100,000 b/d to the Jubarte stream."
Isflak,Yes,Norway,https://www.energyintel.com/0000017b-a7dc-de4c-a17b-e7decd800000,Source: Energy Intelligence,"COPYRIGHT © 2001-2022 ENERGY INTELLIGENCE GROUP, INC. / ENERGY INTELLIGENCE GROUP (UK) LIMITED.",Click on the link below to go to the relevant article,"This discovery strengthens Equinor's belief in opportunities in the Barents Sea, especially around the Castberg, Wisting, Snohvit and Goliat areas."
Itapu P-71,Yes,Brazil,https://www.energyintel.com/00000185-35d9-d582-a9ef-7fdfa8e90000,Source: Energy Intelligence,"COPYRIGHT © 2001-2022 ENERGY INTELLIGENCE GROUP, INC. / ENERGY INTELLIGENCE GROUP (UK) LIMITED.",Click on the link below to go to the relevant article,"Starting ahead of schedule in 2022, first oil for the FPSO initially had been planned for 2023. It has capacity to produce 150,000 bbl of oil and 6 million cubic meters of gas per day. The start-up and ensuing production ramp-up will be “excellent news” for Brazil, which will receive royalties sooner, and for Petrobras, said Joao Henrique Rittershaussen, the state company's chief production development officer."
Jabal Sanam,Uncertain,Iraq,https://www.energyintel.com/wcod/country-profile/iraq,Source: Energy Intelligence,"COPYRIGHT © 2001-2022 ENERGY INTELLIGENCE GROUP, INC. / ENERGY INTELLIGENCE GROUP (UK) LIMITED.",Click on the link below to go to the relevant article,"Iraq's achievement of its upstream goals will also depend on its ability to find outlets for its incremental crude by renovating its poor southern export infrastructure and boosting its aging refining capacity. Additionally, future production plans will also be a function of Opec-plus quota constraints."
Jafurah Unconventional Gas Field,Yes,Saudi Arabia,https://www.energyintel.com/0000019a-3a59-ddaf-ab9f-bf5bdcae0000,Source: Energy Intelligence,"COPYRIGHT © 2001-2022 ENERGY INTELLIGENCE GROUP, INC. / ENERGY INTELLIGENCE GROUP (UK) LIMITED.",Click on the link below to go to the relevant article,Nov. 2025: National Energy Services Reunited (NESR) has won a multibillion-dollar contract for work at the super-giant Jafurah gas condensate field and other unconventional gas fields in Saudi Arabia as state oil giant Saudi Aramco sharpens its focus on g
Jagus SubThrust-1X,Yes,Brunei,https://www.energyintel.com/0000017b-ad8b-dc26-ab7b-edcb58280000,Source: Energy Intelligence,"COPYRIGHT © 2001-2022 ENERGY INTELLIGENCE GROUP, INC. / ENERGY INTELLIGENCE GROUP (UK) LIMITED.",Click on the link below to go to the relevant article,"Murphy had long been trying to sell its 8% interest in the block, in conjunction with its exit from Malaysia in 2019, but reassessed and decided to participate in the Shell-led Jagus SubThrust-1X exploration well anyway -- and it paid off."
Jazah,Uncertain,Kuwait,https://www.energyintel.com/00000199-e2ce-dd61-abb9-ebdfd12c0000,Source: Energy Intelligence,"COPYRIGHT © 2001-2022 ENERGY INTELLIGENCE GROUP, INC. / ENERGY INTELLIGENCE GROUP (UK) LIMITED.",Click on the link below to go to the relevant article,"Oct. 2025: The Jazah offshore field is estimated to cover a preliminary area of around 40 square kilometers, according to KPC, and could hold 1 trillion cubic feet of gas and over 120 million barrels of condensate."
Jethro-1,Uncertain,Guyana,https://www.energyintel.com/0000018b-d480-dbb5-a5ef-d4f3afa70000,Source: Energy Intelligence,"COPYRIGHT © 2001-2022 ENERGY INTELLIGENCE GROUP, INC. / ENERGY INTELLIGENCE GROUP (UK) LIMITED.",Click on the link below to go to the relevant article,"Nov. 2023: Early results from exploration drilling in the block were not promising. The shallow-water Jethro and Joe discoveries were drilled in Orinduik in 2019, but the crude resources were significantly heavier and higher-sulfur than the oil being produced in Stabroek. Tullow took a $1.2 billion writedown on its stake in the play in 2020."
Johan Castberg,Yes,Norway,https://www.energyintel.com/00000195-fb15-d94c-afdd-fb95e2570000,Source: Energy Intelligence,"COPYRIGHT © 2001-2022 ENERGY INTELLIGENCE GROUP, INC. / ENERGY INTELLIGENCE GROUP (UK) LIMITED.",Click on the link below to go to the relevant article,"Apr. 2025: The field is developed from an anchored floating production, storage and offloading (FPSO) vessel, delivered offshore, shuttled back by tankers, and will likely sell on a c.i.f. basis, traders told Energy Intelligence."
Johan Sverdrup Phase 2,Yes,Norway,https://www.energyintel.com/00000188-53d0-d8c1-a38c-5fdb47c50000,Source: Energy Intelligence,"COPYRIGHT © 2001-2022 ENERGY INTELLIGENCE GROUP, INC. / ENERGY INTELLIGENCE GROUP (UK) LIMITED.",Click on the link below to go to the relevant article,"May. 2023: Equinor announced the completion of a successful production capacity test at Johan Sverdrup, confirming that the field can pump at a targeted plateau rate of up to 755,000 barrels of oil per day."
Johan Sverdrup Phase 3,Yes,Norway,https://www.energyintel.com/00000197-c65d-d997-ab9f-e7ffaec50000,Source: Energy Intelligence,"COPYRIGHT © 2001-2022 ENERGY INTELLIGENCE GROUP, INC. / ENERGY INTELLIGENCE GROUP (UK) LIMITED.",Click on the link below to go to the relevant article,June 2025: Equinor and its partners have taken a final investment decision on the 13 billion Norwegian kroner ($1.3 billion) third-phase development of Norway’s Johan Sverdrup oil field.
Jubilee South East,Yes,Ghana,https://www.energyintel.com/00000189-f279-d827-a799-ffff917a0000,Source: Energy Intelligence,"COPYRIGHT © 2001-2022 ENERGY INTELLIGENCE GROUP, INC. / ENERGY INTELLIGENCE GROUP (UK) LIMITED.",Click on the link below to go to the relevant article,"Aug. 2023: Two new wells at the Tullow-operated Jubilee South East field came on line in July — a month later than anticipated — lifting gross production for the wider Jubilee complex to around 100,000 b/d of oil for the first time since 2016."
Jupiter,Uncertain,Brazil,https://www.energyintel.com/00000187-5316-dcab-af9f-f35eb8ae0000,Source: Energy Intelligence,"COPYRIGHT © 2001-2022 ENERGY INTELLIGENCE GROUP, INC. / ENERGY INTELLIGENCE GROUP (UK) LIMITED.",Click on the link below to go to the relevant article,"In all, six of the eight wells drilled in 2020-22 appear to confirm the presence of working hydrocarbon systems in areas that sit outside the core Santos Basin and inner sections of the Campos Basin that have underpinned Brazil’s pre-salt bonanza."
Jurassic Production Facilities Expansion,Yes,Kuwait,https://www.energyintel.com/wcod/crude-profile/kuwait-super-light,Source: Energy Intelligence,"COPYRIGHT © 2001-2022 ENERGY INTELLIGENCE GROUP, INC. / ENERGY INTELLIGENCE GROUP (UK) LIMITED.",Click on the link below to go to the relevant article,"KSLC production is expected to increase by 120,000 b/d in 2025 when the construction of the new Jurassic production facilities IV and V is completed."
"Kalamkas-Sea, Khazar and Auezov",Yes,Kazakhstan,https://www.energyintel.com/00000199-763e-d51a-a79d-7f7eb4610000,Source: Energy Intelligence,"COPYRIGHT © 2001-2022 ENERGY INTELLIGENCE GROUP, INC. / ENERGY INTELLIGENCE GROUP (UK) LIMITED.",Click on the link below to go to the relevant article,"Sep. 2025: By the end of 2025, the partners are expected to agree on the offshore part of the project, which also includes onshore and linear parts."
Kalimba,Uncertain,Angola,https://www.energyintel.com/wcod/crude-profile/olombendo,Source: Energy Intelligence,"COPYRIGHT © 2001-2022 ENERGY INTELLIGENCE GROUP, INC. / ENERGY INTELLIGENCE GROUP (UK) LIMITED.",Click on the link below to go to the relevant article,"Eni could channel Kalimba and Afoxe, to a new hub under consideration for the southern part of Block 15, which holds potential for 400 million-500 million barrels."
Kaminho,Yes,Angola,https://www.energyintel.com/0000018f-9aec-d2f2-a1ef-bafe31a20000,Source: Energy Intelligence,"COPYRIGHT © 2001-2022 ENERGY INTELLIGENCE GROUP, INC. / ENERGY INTELLIGENCE GROUP (UK) LIMITED.",Click on the link below to go to the relevant article,"May 2024: TotalEnergies said it had taken FID on the Kaminho deepwater oil project offshore Angola, with start-up envisaged in 2028."
Kan,Uncertain,Mexico,https://www.energyintel.com/00000196-b027-d30e-a1bf-f97f96f10000,Source: Energy Intelligence,"COPYRIGHT © 2001-2022 ENERGY INTELLIGENCE GROUP, INC. / ENERGY INTELLIGENCE GROUP (UK) LIMITED.",Click on the link below to go to the relevant article,"May 2025: Block 30 Kan discovery’s gross resource estimate has been upgraded by 50% to around 150 million boe, Harbour said."
Karabagh,Yes,Azerbaijan,https://www.energyintel.com/00000196-62dd-d306-a5f7-77dfff7f0000,Source: Energy Intelligence,"COPYRIGHT © 2001-2022 ENERGY INTELLIGENCE GROUP, INC. / ENERGY INTELLIGENCE GROUP (UK) LIMITED.",Click on the link below to go to the relevant article,"June 2025: As Karabagh is close to the giant ACG complex operated by BP, Jones says existing infrastructure can be used to develop the field, with first production earmarked for 2029."
Karachaganak Expansion,Yes,Kazakhstan,https://www.energyintel.com/00000196-ee99-defc-ad9e-ef9bc4120000,Source: Energy Intelligence,"COPYRIGHT © 2001-2022 ENERGY INTELLIGENCE GROUP, INC. / ENERGY INTELLIGENCE GROUP (UK) LIMITED.",Click on the link below to go to the relevant article,"May 2025: KMG has raised concerns in talks with Shell about delays in starting work on building an important new plant for the Karachaganak field, one of the world’s top 20 gas deposits."
Karanj,Uncertain,Iran,https://www.energyintel.com/0000017b-a7d4-de4c-a17b-e7d6d80c0000,Source: Energy Intelligence,"COPYRIGHT © 2001-2022 ENERGY INTELLIGENCE GROUP, INC. / ENERGY INTELLIGENCE GROUP (UK) LIMITED.",Click on the link below to go to the relevant article,May. 2018: A UK-based consortium of international companies has signed a preliminary deal for a project valued at nearly $1.5 billion to raise production at Karanj
Karaton-Sarkamys,Uncertain,Kazakhstan,https://www.energyintel.com/00000183-a73e-d89f-adf3-f7febb640000,Source: Energy Intelligence,"COPYRIGHT © 2001-2022 ENERGY INTELLIGENCE GROUP, INC. / ENERGY INTELLIGENCE GROUP (UK) LIMITED.",Click on the link below to go to the relevant article,Russian oil producer Tatneft will shoulder the financial burden of the Karaton-Sarkamys exploration project in the Atyrau region of Kazakhstan
Kashagan Expansion Phase 2A,Uncertain,Kazakhstan,https://www.energyintel.com/0000018f-150a-d86f-a59f-3dcbce0e0000,Source: Energy Intelligence,"COPYRIGHT © 2001-2022 ENERGY INTELLIGENCE GROUP, INC. / ENERGY INTELLIGENCE GROUP (UK) LIMITED.",Click on the link below to go to the relevant article,"Apr. 2024:  A combination of extra gas injection and the debottlenecking of onshore facilities could push production toward the 500,000 b/d mark, but this would require billions of dollars of extra capital expenditure. Along with the production delays, costs at Kashagan spiraled and are now well in excess of $60 billion, making it the poster child for megaproject profligacy exhibited by the industry earlier this century."
Kashagan Expansion Phase 2B,Uncertain,Kazakhstan,https://www.energyintel.com/0000018a-98a5-db55-a98e-fabfeeb90000,Source: Energy Intelligence,"COPYRIGHT © 2001-2022 ENERGY INTELLIGENCE GROUP, INC. / ENERGY INTELLIGENCE GROUP (UK) LIMITED.",Click on the link below to go to the relevant article,"Sep. 2023: Kashagan oil field is widely held up as a record-setter in the industry for total development costs, with some $60 billion spent there to date. A second major phase of development at Kashagan could push total costs toward or beyond $100 billion, but it is by no means certain that the international consortium that operates it would sign off on such a plan."
Kaskida,Yes,United States,https://www.energyintel.com/00000196-a1d9-d691-af97-bbdd79b50000,Source: Energy Intelligence,"COPYRIGHT © 2001-2022 ENERGY INTELLIGENCE GROUP, INC. / ENERGY INTELLIGENCE GROUP (UK) LIMITED.",Click on the link below to go to the relevant article,"May 2025: Production in the US Gulf of Mexico is expected to grow in the coming years, particularly as development progresses on a number of new projects, including Kaskida."
Katmai West,Yes,United States,https://www.energyintel.com/00000194-720f-d57f-a1fe-7a3f42270000,Source: Energy Intelligence,"COPYRIGHT © 2001-2022 ENERGY INTELLIGENCE GROUP, INC. / ENERGY INTELLIGENCE GROUP (UK) LIMITED.",Click on the link below to go to the relevant article,Jan. 2025: Talos said the strong performance of the original Katmai West #1 discovery well and the second successful exploration well support its estimate of Katmai West's total gross resource potential of around 100 million boe.
Kawa-1,Uncertain,Guyana,https://www.energyintel.com/00000182-2683-dd97-a38e-f7f32fcd0000,Source: Energy Intelligence,"COPYRIGHT © 2001-2022 ENERGY INTELLIGENCE GROUP, INC. / ENERGY INTELLIGENCE GROUP (UK) LIMITED.",Click on the link below to go to the relevant article,"The Kawa-1 well is in the northeastern portion of the Corentyne Block, which lies in the promising area between the Stabroek Block — where Exxon Mobil and its partners have discovered nearly 11 billion barrels of oil equivalent in potential resources — and Block 58 in the waters off neighboring Suriname."
Kenli 6-1 Oilfield 10-1,Yes,China,https://www.energyintel.com/0000017f-dacd-da0a-a1ff-dedf3c390000,Source: Energy Intelligence,"COPYRIGHT © 2001-2022 ENERGY INTELLIGENCE GROUP, INC. / ENERGY INTELLIGENCE GROUP (UK) LIMITED.",Click on the link below to go to the relevant article,CNOOC has set itself a production target of 2 million boe/d by 2025 and is planning capital spending of about 100 billion yuan ($15.75 billion) per year through 2025 in pursuit of that goal.
"Kenli 6-1 Oilfield Block 5-1, 5-2, 6-1",Yes,China,https://www.energyintel.com/0000017f-dacd-da0a-a1ff-dedf3c390000,Source: Energy Intelligence,"COPYRIGHT © 2001-2022 ENERGY INTELLIGENCE GROUP, INC. / ENERGY INTELLIGENCE GROUP (UK) LIMITED.",Click on the link below to go to the relevant article,CNOOC has set itself a production target of 2 million boe/d by 2025 and is planning capital spending of about 100 billion yuan ($15.75 billion) per year through 2025 in pursuit of that goal.
Kenli 10-2 Oilfield,Yes,China,https://www.energyintel.com/00000198-2c6d-db4e-a9bd-adff9aff0000,Source: Energy Intelligence,"COPYRIGHT © 2001-2022 ENERGY INTELLIGENCE GROUP, INC. / ENERGY INTELLIGENCE GROUP (UK) LIMITED.",Click on the link below to go to the relevant article,"June 2025: The Kenli 10-2 oil fields, in the shallow depression zone of the Bohai Bay Basin, were described by CNOOC as the country's first lithological deposit."
Khaleej al-Bahrain,Uncertain,Bahrain,https://www.energyintel.com/0000017b-a7d4-de4c-a17b-e7d675910000,Source: Energy Intelligence,"COPYRIGHT © 2001-2022 ENERGY INTELLIGENCE GROUP, INC. / ENERGY INTELLIGENCE GROUP (UK) LIMITED.",Click on the link below to go to the relevant article,"Apr. 2018: Bahrain's Higher Committee for Natural Resources and Economic Security would only state that the oil was discovered in the fourth quarter of 2017 in the Khaleej al-Bahrain Basin, located off the country's west coast. ""Initial analysis demonstrates the find is at substantial levels, capable of supporting the long-term extraction of tight oil and deep gas,"" Bahrain Oil Minister Sheikh Mohammed bin Khalifa al-Khalifa said in the BNA statement."
"Khaleesi, Mormont and Samurai",Yes,United States,https://www.energyintel.com/00000180-1e97-da59-abd5-deb749460000,Source: Energy Intelligence,"COPYRIGHT © 2001-2022 ENERGY INTELLIGENCE GROUP, INC. / ENERGY INTELLIGENCE GROUP (UK) LIMITED.",Click on the link below to go to the relevant article,"Khaleesi, Mormont and Samurai are part of King's Quay floating production system (FPS) located in the Green Canyon area"
Khesht Oil Field,Yes,Iran,https://www.energyintel.com/0000017e-2c82-de9c-afff-2db600730001,Source: Energy Intelligence,"COPYRIGHT © 2001-2022 ENERGY INTELLIGENCE GROUP, INC. / ENERGY INTELLIGENCE GROUP (UK) LIMITED.",Click on the link below to go to the relevant article,Iran is keen to demonstrate that it isn’t waiting for sanctions to be lifted to develop its oil and gas sector.
King and Prince Discoveries,Uncertain,Norway,https://www.energyintel.com/0000017b-a7dd-de4c-a17b-e7df86050000,Source: Energy Intelligence,"COPYRIGHT © 2001-2022 ENERGY INTELLIGENCE GROUP, INC. / ENERGY INTELLIGENCE GROUP (UK) LIMITED.",Click on the link below to go to the relevant article,"The commercial discovery is located near existing infrastructure, 6 km north of the Balder field and 3 km west of the Ringhorne platform in 128 meters of water."
King Embayment,Yes,United States,https://www.energyintel.com/0000017f-d75c-d6e9-a1ff-dfddf6220000,Source: Energy Intelligence,"COPYRIGHT © 2001-2022 ENERGY INTELLIGENCE GROUP, INC. / ENERGY INTELLIGENCE GROUP (UK) LIMITED.",Click on the link below to go to the relevant article,Shell plans to start up the two-well King Embayment field in 2022 which will produce through the company’s Mars platform.
Kingfisher,Yes,Uganda,https://www.energyintel.com/00000195-eca9-db73-a39f-fdbf68e80000,Source: Energy Intelligence,"COPYRIGHT © 2001-2022 ENERGY INTELLIGENCE GROUP, INC. / ENERGY INTELLIGENCE GROUP (UK) LIMITED.",Click on the link below to go to the relevant article,"Apr. 2025: Production from the Kingfisher and Tilenga fields is set to kick off in 2026, with the pipeline slated for start-up in 2027."
Kirkuk Redevelopment,Uncertain,Iraq,https://www.energyintel.com/00000195-d8ba-d54e-af9d-dabad03c0000,Source: Energy Intelligence,"COPYRIGHT © 2001-2022 ENERGY INTELLIGENCE GROUP, INC. / ENERGY INTELLIGENCE GROUP (UK) LIMITED.",Click on the link below to go to the relevant article,"Mar. 2025: Work is expected to begin this year. Gordon Birrell, BP’s head of production and operations, told Energy Intelligence that there is “lots of interest” among potential partners."
Kizomba B,Uncertain,Angola,https://www.energyintel.com/wcod/country-profile/angola,Source: Energy Intelligence,"COPYRIGHT © 2001-2022 ENERGY INTELLIGENCE GROUP, INC. / ENERGY INTELLIGENCE GROUP (UK) LIMITED.",Click on the link below to go to the relevant article,"Angola's liquids production has been on a declining trend in the past decade, reflecting a slowdown in investment and political uncertainty in recent years. Compared with its peak of 1.9 million barrels per day in 2008."
Kjottkake Prospect,Uncertain,Norway,https://www.energyintel.com/00000194-ff4a-dedc-a9fd-ff5b6a660000,Source: Energy Intelligence,"COPYRIGHT © 2001-2022 ENERGY INTELLIGENCE GROUP, INC. / ENERGY INTELLIGENCE GROUP (UK) LIMITED.",Click on the link below to go to the relevant article,"Mar. 2025: Norway’s offshore oil and gas investment is expected to rise to 253.8 billion kroner ($22.5 billion) this year, exceeding the record 251.2 billion kroner spent in 2024, according to the latest quarterly survey by Statistics Norway (SSB)."
KRA South,Uncertain,Indonesia,https://www.energyintel.com/00000194-dead-d928-a9dd-dfbfc5600000,Source: Energy Intelligence,"COPYRIGHT © 2001-2022 ENERGY INTELLIGENCE GROUP, INC. / ENERGY INTELLIGENCE GROUP (UK) LIMITED.",Click on the link below to go to the relevant article,"Feb. 2025: On Jan. 21, Prabowo vowed to stop fuel imports by the end of his term in 2029. In recent months, the populist president has asked his aides to boost oil and gas output as well as biofuel production, particularly palm-oil-based biodiesel."
Kuparuk River Unit-Additions,Yes,United States,https://www.energyintel.com/00000183-0042-d602-a7d7-945a3abf0000,Source: Energy Intelligence,"COPYRIGHT © 2001-2022 ENERGY INTELLIGENCE GROUP, INC. / ENERGY INTELLIGENCE GROUP (UK) LIMITED.",Click on the link below to go to the relevant article,"ConocoPhillips plans to develop several projects through the end of the year, including the Nuna discovery and the Coyote prospect, both of which are in the Kuparuk River Unit, North America's second-largest oil field by area."
Kuyumbinskoye,Yes,Russia,https://www.energyintel.com/0000017b-a7d6-de4c-a17b-e7d6f3d60000,Source: Energy Intelligence,"COPYRIGHT © 2001-2022 ENERGY INTELLIGENCE GROUP, INC. / ENERGY INTELLIGENCE GROUP (UK) LIMITED.",Click on the link below to go to the relevant article,"Feb. 2019: Rosneft revealed that, without fanfare, it actually launched three new fields at the end of 2018-- the Russkoye, Tagulskoye and Kuyumbinskoye in Siberia -- which jointly produced 2.1 million metric tons"
Kveikje,Yes,Norway,https://www.energyintel.com/wcod/country-profile/_WPS/DOC/793325.htm,Source: Energy Intelligence,"COPYRIGHT © 2001-2022 ENERGY INTELLIGENCE GROUP, INC. / ENERGY INTELLIGENCE GROUP (UK) LIMITED.",Click on the link below to go to the relevant article,One of six discoveries made in the Troll/Fram area since 2019 as part of Equinor's goal to maintain production levels of the Troll stream.
La Amarga Chica,Yes,Argentina,https://www.energyintel.com/00000182-fd28-dd33-a7bf-ff3ad0880000,Source: Energy Intelligence,"COPYRIGHT © 2001-2022 ENERGY INTELLIGENCE GROUP, INC. / ENERGY INTELLIGENCE GROUP (UK) LIMITED.",Click on the link below to go to the relevant article,"Petronas and YPF have been working together since 2014 in the development of the La Amarga Chica Block in the Vaca Muerta, which produces more than 40,000 barrels per day of oil and 1 million cubic meters per day of gas."
Lac Da Hong,Uncertain,Vietnam,https://www.energyintel.com/00000194-4a22-d243-a9d6-5aff7df00000,Source: Energy Intelligence,"COPYRIGHT © 2001-2022 ENERGY INTELLIGENCE GROUP, INC. / ENERGY INTELLIGENCE GROUP (UK) LIMITED.",Click on the link below to go to the relevant article,"Jan. 2025: Attention is now focused on Murphy’s second near-field exploration well at the adjacent Lac Da Hong prospect in Block 15-1/05, targeting between 65 million boe and 135 million boe."
Lac Da Vang,Yes,Vietnam,https://www.energyintel.com/00000194-4a22-d243-a9d6-5aff7df00000,Source: Energy Intelligence,"COPYRIGHT © 2001-2022 ENERGY INTELLIGENCE GROUP, INC. / ENERGY INTELLIGENCE GROUP (UK) LIMITED.",Click on the link below to go to the relevant article,Jan. 2025:  Construction started on the production platform for the field development in the fourth quarter of 2024. Development wells are due to be drilled this year targeting first oil in late 2026.
Lapa South-West,Yes,Brazil,https://www.energyintel.com/0000018f-c461-d2f2-a1ef-f47715180000,Source: Energy Intelligence,"COPYRIGHT © 2001-2022 ENERGY INTELLIGENCE GROUP, INC. / ENERGY INTELLIGENCE GROUP (UK) LIMITED.",Click on the link below to go to the relevant article,"May 2024: Total green-lighted the $1 billion Lapa South-West project last January, targeting an additional 25,000 b/d in 2025, lifting the field’s total output to 60,000 b/d via three wells connected to the existing Lapa FPSO."
Lau Lau-1,Yes,Guyana,https://www.energyintel.com/0000017e-2b5d-de9c-afff-2bff06230000,Source: Energy Intelligence,"COPYRIGHT © 2001-2022 ENERGY INTELLIGENCE GROUP, INC. / ENERGY INTELLIGENCE GROUP (UK) LIMITED.",Click on the link below to go to the relevant article,"Lau Lau-1 well, about 42 miles southeast of the Liza field, encountered 315 feet of high-quality oil-bearing sandstone reservoirs.
By 2027, the companies expect to have at least six floating production, storage and offloading vessels operational in Stabroek, with production expected to surpass 1 million barrels per day."
Leming Redevelopment,Yes,Canada,https://www.energyintel.com/00000186-0997-d963-a396-a9b7a1ec0000,Source: Energy Intelligence,"COPYRIGHT © 2001-2022 ENERGY INTELLIGENCE GROUP, INC. / ENERGY INTELLIGENCE GROUP (UK) LIMITED.",Click on the link below to go to the relevant article,"July 2023: Imperial CEO confirmed that Cold Lake Phase 1 of its Grand Rapids expansion would start up by the end of 2023, and that another project there, Leming, had also been initiated. “That project is about a year behind Grand Rapids and a little bit s"
Leopard,Uncertain,United States,https://www.energyintel.com/0000018c-69f4-d61c-a7cc-79f623e60000,Source: Energy Intelligence,"COPYRIGHT © 2001-2022 ENERGY INTELLIGENCE GROUP, INC. / ENERGY INTELLIGENCE GROUP (UK) LIMITED.",Click on the link below to go to the relevant article,"Dec. 2023: Shell is still evaluating results of an appraisal well at the nearby 2021 Leopard discovery, but has not tipped how — or if — it might proceed with a development there."
Lesedi-1X,Yes,Namibia,https://www.energyintel.com/00000189-4a55-db03-a3ab-7e77ae4e0000,Source: Energy Intelligence,"COPYRIGHT © 2001-2022 ENERGY INTELLIGENCE GROUP, INC. / ENERGY INTELLIGENCE GROUP (UK) LIMITED.",Click on the link below to go to the relevant article,"Shell said it has found additional hydrocarbons with its latest well offshore Namibia, continuing a run of discoveries in the southern African country."
Lewis Oil Sands Development,Uncertain,Canada,https://www.energyintel.com/00000189-fae2-d1ad-a1f9-ffe68ba00000,Source: Energy Intelligence,"COPYRIGHT © 2001-2022 ENERGY INTELLIGENCE GROUP, INC. / ENERGY INTELLIGENCE GROUP (UK) LIMITED.",Click on the link below to go to the relevant article,"Aug. 2023: Suncor Energy is evaluating potential expansions of its existing assets and acquisitions to backfill production it would have acquired through a scuppered deal to buy TotalEnergies’ stake in the Surmont oil sands development in Alberta. The company is also looking at boosting production and pursuing adjacent leases at its existing operations, including the Firebag and Lewis projects."
"Lias Carbonate ""LD2""",Yes,Algeria,https://www.energyintel.com/00000181-aaa6-dfdc-ada3-aafe54f50000,Source: Energy Intelligence,"COPYRIGHT © 2001-2022 ENERGY INTELLIGENCE GROUP, INC. / ENERGY INTELLIGENCE GROUP (UK) LIMITED.",Click on the link below to go to the relevant article,This field constitutes one of the largest reserves re-evaluations of the last 20 years
Limbayong,Yes,Malaysia,https://www.energyintel.com/00000186-da8d-d54f-abf7-fe8f10d50000,Source: Energy Intelligence,"COPYRIGHT © 2001-2022 ENERGY INTELLIGENCE GROUP, INC. / ENERGY INTELLIGENCE GROUP (UK) LIMITED.",Click on the link below to go to the relevant article,"The delayed Limbayong oil and gas project offshore Sabah is one of the key projects that Petronas is progressing after revising the development plan.

The company is considering a tie-back development to facilities at nearby fields to lower costs.

Limbayong was sanctioned back in 2021, but was soon sent back to the drawing board because inflation pushed up the cost of a planned floating production storage and offloading (FPSO) vessel."
Lime Rock and Venice,Yes,United States,https://www.energyintel.com/0000018b-abdb-d58c-a39f-abdf635f0000,Source: Energy Intelligence,"COPYRIGHT © 2001-2022 ENERGY INTELLIGENCE GROUP, INC. / ENERGY INTELLIGENCE GROUP (UK) LIMITED.",Click on the link below to go to the relevant article,"Nov. 2023: “We want to see 2024 be a material cash flow generation year,” Duncan said. “The first step in that is, as we bring this new production on [at Lime Rock and Venice], to take our foot off the gas, have a breather from a rig perspective, particularly in the first half of the year.”"
Liuhua Cluster,Yes,China,https://www.energyintel.com/0000017b-a7db-de4c-a17b-e7db937f0000,Source: Energy Intelligence,"COPYRIGHT © 2001-2022 ENERGY INTELLIGENCE GROUP, INC. / ENERGY INTELLIGENCE GROUP (UK) LIMITED.",Click on the link below to go to the relevant article,"CNOOC has started production at its Liuhua 16-2/20-2 oil field development, at least two years behind the original schedule after the fall in oil prices in 2014-16 forced it to delay plans to expand production at its legacy Liuhua field (IOD Feb.16'15)."
Liza Deep,Yes,Guyana,https://www.energyintel.com/0000017e-983d-de39-a9ff-9bbd01b60000,Source: Energy Intelligence,"COPYRIGHT © 2001-2022 ENERGY INTELLIGENCE GROUP, INC. / ENERGY INTELLIGENCE GROUP (UK) LIMITED.",Click on the link below to go to the relevant article,"Guyana is the biggest reason behind Hess' continued commitment to the drill bit. The Exxon Mobil-operated Stabroek Block is one of the most prolific deepwater blocks in the world, and partners Exxon, Hess and China’s CNOOC are confident there is a lot more oil still to find."
Liza Phase 1,,Guyana,https://www.energyintel.com/00000189-b390-d835-abbb-ffb99ec20000,Source: Energy Intelligence,"COPYRIGHT © 2001-2022 ENERGY INTELLIGENCE GROUP, INC. / ENERGY INTELLIGENCE GROUP (UK) LIMITED.",Click on the link below to go to the relevant article,"Aug. 2023: Exxon and partner Hess said during their respective earnings calls  that the FPSO units serving their Liza Phase 1 and Phase 2 developments achieved record combined output last quarter of 380,000 barrels per day, or nearly 12% above their joint nameplate capacities."
Liza Phase 2,Yes,Guyana,https://www.energyintel.com/00000189-b390-d835-abbb-ffb99ec20000,Source: Energy Intelligence,"COPYRIGHT © 2001-2022 ENERGY INTELLIGENCE GROUP, INC. / ENERGY INTELLIGENCE GROUP (UK) LIMITED.",Click on the link below to go to the relevant article,"Aug. 2023: Exxon and partner Hess said during their respective earnings calls  that the FPSO units serving their Liza Phase 1 and Phase 2 developments achieved record combined output last quarter of 380,000 barrels per day, or nearly 12% above their joint nameplate capacities."
Loma Campana Expansion,Yes,Argentina,https://www.energyintel.com/0000018e-e337-d94a-a9be-f7b738620000,Source: Energy Intelligence,"COPYRIGHT © 2001-2022 ENERGY INTELLIGENCE GROUP, INC. / ENERGY INTELLIGENCE GROUP (UK) LIMITED.",Click on the link below to go to the relevant article,"Apr 2024: Chevron, one of the play’s earliest international investors, remains in the Loma Campana and Narambuena blocks and put 44 wells into production on the two blocks last year with partner YPF."
Longclaw,Yes,United States,https://www.energyintel.com/00000185-f019-d454-a5df-fa79e56a0000,Source: Energy Intelligence,"COPYRIGHT © 2001-2022 ENERGY INTELLIGENCE GROUP, INC. / ENERGY INTELLIGENCE GROUP (UK) LIMITED.",Click on the link below to go to the relevant article,"Jan. 2023: The well is expected to spud late in the Q1 2023. It is close to the new Kings Quay facility, which hosts production from the Khaleesi and Mormont fields."
Longtail,Yes,Guyana,https://www.energyintel.com/00000195-2929-d5c9-a5b7-bf2928fa0000,Source: Energy Intelligence,"COPYRIGHT © 2001-2022 ENERGY INTELLIGENCE GROUP, INC. / ENERGY INTELLIGENCE GROUP (UK) LIMITED.",Click on the link below to go to the relevant article,"Feb. 2025: Alistair Routledge, Exxon's Guyana president, suggested that Longtail could become the company's eighth sanctioned project in the region as soon as next year, with an eye toward achieving first production by the end of the decade."
Lower Fars Heavy Oil (Phase 2),Uncertain,Kuwait,https://www.energyintel.com/wcod/country-profile/kuwait,Source: Energy Intelligence,"COPYRIGHT © 2001-2022 ENERGY INTELLIGENCE GROUP, INC. / ENERGY INTELLIGENCE GROUP (UK) LIMITED.",Click on the link below to go to the relevant article,"Looking forward and as a result of the falling capacity, Kuwait has a target to reach 3.5 million b/d of capacity in 2025, and an additional 500,000 b/d by 2040. To do that, Kuwait Oil Co. (KOC) is in part relying on the Lower Fars heavy oil project, which plans to produce 170,000 b/d in 2030 and 270,000 b/d in 2040, up from 2023 levels of 75,000 b/d."
Lower Zakum Expansion,Yes,United Arab Emirates,https://www.energyintel.com/00000196-f7c9-de95-abd7-f7ed0f540000,Source: Energy Intelligence,"COPYRIGHT © 2001-2022 ENERGY INTELLIGENCE GROUP, INC. / ENERGY INTELLIGENCE GROUP (UK) LIMITED.",Click on the link below to go to the relevant article,"May 2025: This suggests that Adnoc has no immediate plans to raise the field’s output capacity, in contrast to some reports indicating that the company is targeting an increase."
Luda Cluster,Yes,China,https://www.energyintel.com/0000018d-5481-d775-a79f-fcc36d7b0000,Source: Energy Intelligence,"COPYRIGHT © 2001-2022 ENERGY INTELLIGENCE GROUP, INC. / ENERGY INTELLIGENCE GROUP (UK) LIMITED.",Click on the link below to go to the relevant article,"Jan. 2024: Big domestic oil projects on CNOOC’s near-horizon include the shallow water Suizhong 36-1/Luda 5-2 Oilfield project, which is targeting peak production of 30,300 boe/d."
Lufeng Phase 1,Yes,China,https://www.energyintel.com/0000017d-4c12-de42-a57f-6cdbd1ed0001,Source: Energy Intelligence,"COPYRIGHT © 2001-2022 ENERGY INTELLIGENCE GROUP, INC. / ENERGY INTELLIGENCE GROUP (UK) LIMITED.",Click on the link below to go to the relevant article,China National Offshore Oil Corp. (CNOOC) has started production from the offshore Lufeng fields — its biggest domestic oil project in 2021.
Lugovoye Field,Uncertain,Russia,https://www.energyintel.com/00000196-7dcf-d691-af97-7fcf26480000,Source: Energy Intelligence,"COPYRIGHT © 2001-2022 ENERGY INTELLIGENCE GROUP, INC. / ENERGY INTELLIGENCE GROUP (UK) LIMITED.",Click on the link below to go to the relevant article,"Apr. 2025: Gazprom Neft said a new deposit was discovered at the mature Lugovoye field in the Khanty-Mansiysk region of West Siberia. The first well drilled at the deposit received a hydrocarbons flow of 2,900 b/d — of anhydrous oil."
Lukanani-1,Yes,Guyana,https://www.energyintel.com/00000180-67b1-dcd6-afe5-67bf83e30000,Source: Energy Intelligence,"COPYRIGHT © 2001-2022 ENERGY INTELLIGENCE GROUP, INC. / ENERGY INTELLIGENCE GROUP (UK) LIMITED.",Click on the link below to go to the relevant article,"Part of a trio of discoveries announced in April 2022 in offshore Guyana that boosted the recoverable resources in the Exxon Mobil-operated Stabroek Block to nearly 11 billion boe.
By 2027, the companies expect to have at least six floating production, storage and offloading vessels operational in Stabroek, with production expected to surpass 1 million barrels per day."
M field,Yes,India,https://www.energyintel.com/0000018c-fcda-d1af-a5bc-fdfe0e370000,Source: Energy Intelligence,"COPYRIGHT © 2001-2022 ENERGY INTELLIGENCE GROUP, INC. / ENERGY INTELLIGENCE GROUP (UK) LIMITED.",Click on the link below to go to the relevant article,"Jan. 2024: Crude oil output from ONGC’s deepwater KG-DWN-98/2 Block, located off the coast of Bay of Bengal in the Krishna Godavari basin, was delayed by two years. Gas output, which was scaled down from previous estimates, started in 2020-21, during the coronavirus pandemic. The new output, however, may be insufficient to stem the decline from more mature areas held by ONGC and privately-owned Vedanta — India’s second-biggest oil producer."
Mabruk Rehabilitation,Yes,Libya,https://www.energyintel.com/wcod/country-profile/libya,Source: Energy Intelligence,"COPYRIGHT © 2001-2022 ENERGY INTELLIGENCE GROUP, INC. / ENERGY INTELLIGENCE GROUP (UK) LIMITED.",Click on the link below to go to the relevant article,"Libya NOC wants to rehabilitate the Mabruk, Ghani, Dahra and south Waha fields in the eastern Sirte Basin to a combined production rate of 94,000 b/d of oil and 3.5 million cubic meters per day of gas by 2024."
Mad Dog Phase 2,Yes,United States,https://www.energyintel.com/0000018d-3d24-d3c8-a79f-3f2e75ab0000,Source: Energy Intelligence,"COPYRIGHT © 2001-2022 ENERGY INTELLIGENCE GROUP, INC. / ENERGY INTELLIGENCE GROUP (UK) LIMITED.",Click on the link below to go to the relevant article,"Jan 2024: Woodside said the Mad Dog field produced 107,000 boe/d gross in the three months to December 2023, which was lower than the previous quarter due to planned downtime. That total includes production from the smaller original Mad Dog facility to the northeast of Argos, however. Woodside noted that ""ramp-up of Mad Dog Phase 2 continued” in the fourth quarter after “remediation of the riser flex joints” was completed."
Mad Dog Southwest Extension,Yes,United States,https://www.energyintel.com/00000198-df0f-db15-a5fd-ffffac520000,Source: Energy Intelligence,"COPYRIGHT © 2001-2022 ENERGY INTELLIGENCE GROUP, INC. / ENERGY INTELLIGENCE GROUP (UK) LIMITED.",Click on the link below to go to the relevant article,"Aug. 2025: A three-well tie-back to BP's Argos platform that was brought onstream in early August, seven months ahead of schedule."
Madachagskoye,Uncertain,Russia,https://www.energyintel.com/00000181-cec3-dc87-a195-dfc328cb0000,Source: Energy Intelligence,"COPYRIGHT © 2001-2022 ENERGY INTELLIGENCE GROUP, INC. / ENERGY INTELLIGENCE GROUP (UK) LIMITED.",Click on the link below to go to the relevant article,"Jul. 2022: Rosneft has announced an oil discovery in the northern Pechora Sea, Madachagskoye field, holding 600 million bbl of recoverable crude."
Majnoon Redevelopment,Uncertain,Iraq,https://www.energyintel.com/00000199-de32-dc43-a7fd-ff7a2ad90000,Source: Energy Intelligence,"COPYRIGHT © 2001-2022 ENERGY INTELLIGENCE GROUP, INC. / ENERGY INTELLIGENCE GROUP (UK) LIMITED.",Click on the link below to go to the relevant article,Oct. 2025: Exxon Mobil signed a head of agreement (HOA) in Baghdad that could see it redevelop the giant Majnoon oil field.
Malikai Phase 2,Yes,Malaysia,,Source: Energy Intelligence,"COPYRIGHT © 2001-2022 ENERGY INTELLIGENCE GROUP, INC. / ENERGY INTELLIGENCE GROUP (UK) LIMITED.",Click on the link below to go to the relevant article,ConocoPhillips’ announced Phase 2 achieved first oil in February 2021
Manifa Expansion Project,Uncertain,Saudi Arabia,https://www.energyintel.com/0000018d-59e3-d775-a79f-fde375270000,Source: Energy Intelligence,"COPYRIGHT © 2001-2022 ENERGY INTELLIGENCE GROUP, INC. / ENERGY INTELLIGENCE GROUP (UK) LIMITED.",Click on the link below to go to the relevant article,Jan. 2024: Saudi Aramco said  that it had received a “directive” from the energy ministry to maintain its maximum sustainable capacity at 12 million barrels per day —and not to increase it to 13 million b/d by 2027.
Maria Phase 2,Yes,Norway,https://www.energyintel.com/00000196-b027-d30e-a1bf-f97f96f10000,Source: Energy Intelligence,"COPYRIGHT © 2001-2022 ENERGY INTELLIGENCE GROUP, INC. / ENERGY INTELLIGENCE GROUP (UK) LIMITED.",Click on the link below to go to the relevant article,"May 2025: Maria Phase 2 off Norway is due to start up in the second quarter, two UK infill wells are due on stream midyear."
Marigold Project,Uncertain,United Kingdom,https://www.energyintel.com/00000187-33df-dd4b-a7df-ffff26190000,Source: Energy Intelligence,"COPYRIGHT © 2001-2022 ENERGY INTELLIGENCE GROUP, INC. / ENERGY INTELLIGENCE GROUP (UK) LIMITED.",Click on the link below to go to the relevant article,"Mar. 2023: Ithaca and other UK upstream operators are urging the UK Treasury to implement changes to the government’s energy profits levy (EPL), including applying a price floor. Speaking during Ithaca’s earnings presentation, executive chairman Gilad Myerson said the EPL had hit plans to accelerate the pace of development of its operated Cambo scheme and other non-operated projects, such as Rosebank, Marigold and Fotla."
"Mariner East, Cadet and Boatswain",Uncertain,United Kingdom,https://www.energyintel.com/0000017e-4f11-dd1c-ab7f-ef3387930000,Source: Energy Intelligence,"COPYRIGHT © 2001-2022 ENERGY INTELLIGENCE GROUP, INC. / ENERGY INTELLIGENCE GROUP (UK) LIMITED.",Click on the link below to go to the relevant article,"Jan. 2022: Equinor has slashed its estimate of reserves at the UK's Mariner offshore field, dealing another blow to its embattled partner Siccar Point Energy. It's not yet clear how the lower estimate of recoverable reserves at the main field might affect that project. ""Mariner East is still in the evaluation phase and we don't have any indication on decision points going forward,"" an Equinor spokesman told Energy Intelligence."
Marjan Expansion Project,Yes,Saudi Arabia,https://www.energyintel.com/00000197-cca6-dbba-abf7-fcbff2230000,Source: Energy Intelligence,"COPYRIGHT © 2001-2022 ENERGY INTELLIGENCE GROUP, INC. / ENERGY INTELLIGENCE GROUP (UK) LIMITED.",Click on the link below to go to the relevant article,"Jul. 2025: Procurement and construction are advancing at Marjan and Berri, which are also expected on line this year, with new crude-production capacity of 300,000 b/d and 250,000 b/d, respectively."
Marlim 1,Yes,Brazil,https://www.energyintel.com/wcod/crude-profile/marlim,Source: Energy Intelligence,"COPYRIGHT © 2001-2022 ENERGY INTELLIGENCE GROUP, INC. / ENERGY INTELLIGENCE GROUP (UK) LIMITED.",Click on the link below to go to the relevant article,"Marlim crude stream production has been dropping due to natural declines, but two revitalizations projects are expected to come online in 2023 and boost output."
Marlim 2,Yes,Brazil,https://www.energyintel.com/wcod/crude-profile/marlim,Source: Energy Intelligence,"COPYRIGHT © 2001-2022 ENERGY INTELLIGENCE GROUP, INC. / ENERGY INTELLIGENCE GROUP (UK) LIMITED.",Click on the link below to go to the relevant article,"Marlim crude stream production has been dropping due to natural declines, but the first of two revitalizations projects came online in May 2023 with the second to follow."
Maromba,Yes,Brazil,https://www.energyintel.com/00000193-daea-d0e5-a1ff-faea7fa00003,Source: Energy Intelligence,"COPYRIGHT © 2001-2022 ENERGY INTELLIGENCE GROUP, INC. / ENERGY INTELLIGENCE GROUP (UK) LIMITED.",Click on the link below to go to the relevant article,"Jan. 2025: Energy Intelligence believes that some of the difficulties will prove sticky and prevent a much-anticipated breakout in oil production. Still, Brazil’s liquids output should grow this year by a solid 140,000 b/d to 4.37 million b/d."
Martin Linge,Yes,Norway,https://www.energyintel.com/00000180-ae4c-d98b-adb6-efccac460000,Source: Energy Intelligence,"COPYRIGHT © 2001-2022 ENERGY INTELLIGENCE GROUP, INC. / ENERGY INTELLIGENCE GROUP (UK) LIMITED.",Click on the link below to go to the relevant article,The production facilities at Martin Linge are supplied with power from the shore and the project has a carbon footprint of 3 kg of CO2/boe — well below the average for offshore Norway.
Maydan Mahzam Redevelopment,Uncertain,Qatar,https://www.energyintel.com/wcod/crude-profile/qatar-marine,Source: Energy Intelligence,"COPYRIGHT © 2001-2022 ENERGY INTELLIGENCE GROUP, INC. / ENERGY INTELLIGENCE GROUP (UK) LIMITED.",Click on the link below to go to the relevant article,"In March 2022, QatarEnergy awarded data and consultancy contracts to Netherlands-based Fugro for both the Bul Hanine and Maydan Mahzam projects as the company is keen on redeveloping the two fields."
Meleiha,Yes,Egypt,https://www.energyintel.com/wcod/crude-profile/western-desert-blend,Source: Energy Intelligence,"COPYRIGHT © 2001-2022 ENERGY INTELLIGENCE GROUP, INC. / ENERGY INTELLIGENCE GROUP (UK) LIMITED.",Click on the link below to go to the relevant article,"Output increase in 2022 was mainly driven by capacity additions in the Meleiha concession where Eni developed 3 new discoveries adding about 8,500 barrels of oil equivalent."
Mero 1,Yes,Brazil,https://www.energyintel.com/00000187-b4f3-d9b3-afdf-f6f77b6f0000,Source: Energy Intelligence,"COPYRIGHT © 2001-2022 ENERGY INTELLIGENCE GROUP, INC. / ENERGY INTELLIGENCE GROUP (UK) LIMITED.",Click on the link below to go to the relevant article,"Those production numbers are slated to grow; the giant Mero (formerly Libra) project — in which Shell and Total hold 19.3% apiece — is already producing from its first 180,000 b/d FPSO, with a second unit to come on line this year, a third in 2024 and fourth in 2025."
Mero 2,Yes,Brazil,https://www.energyintel.com/0000018c-cc1f-de4b-a5dc-df5f76760000,Source: Energy Intelligence,"COPYRIGHT © 2001-2022 ENERGY INTELLIGENCE GROUP, INC. / ENERGY INTELLIGENCE GROUP (UK) LIMITED.",Click on the link below to go to the relevant article,"Jan. 2024: Developments like Mero are providing key low-cost barrels to global supermajors and have become a key plank in many firms' corporate strategies.

Mero was one of the early pre-salt fields in which the Brazilian government allowed participation by international companies, allotted in a 2013 auction."
Mero 3,Yes,Brazil,https://www.energyintel.com/00000192-e325-d5af-a1b7-efb788b90000,Source: Energy Intelligence,"COPYRIGHT © 2001-2022 ENERGY INTELLIGENCE GROUP, INC. / ENERGY INTELLIGENCE GROUP (UK) LIMITED.",Click on the link below to go to the relevant article,"Oct. 2024: The Mero 3 field offshore Brazil, which started production this week, will contribute to the increased volumes as will output from Mero 2, which is “going to its maximum”."
Mero 4,Yes,Brazil,https://www.energyintel.com/00000195-f354-db73-a39f-f7ff29060000,Source: Energy Intelligence,"COPYRIGHT © 2001-2022 ENERGY INTELLIGENCE GROUP, INC. / ENERGY INTELLIGENCE GROUP (UK) LIMITED.",Click on the link below to go to the relevant article,Apr. 2025: Petrobras aims to add 10 new FPSOs by 2029 with a combined gross capacity of around 1.8 million boe/d in fields like Mero and Buzios.
Missan Cluster Expansion,Uncertain,Iraq,https://www.energyintel.com/0000018d-33a5-d6b1-a9bf-b3a7ec1c0000,Source: Energy Intelligence,"COPYRIGHT © 2001-2022 ENERGY INTELLIGENCE GROUP, INC. / ENERGY INTELLIGENCE GROUP (UK) LIMITED.",Click on the link below to go to the relevant article,"Fields in the Missan Cluster project, operated by China National Offshore Oil Corp. (CNOOC), ramped up to 250,000 b/d in mid-2019 which was subsequently brought down to around 220,000 b/d as a result of Opec cuts."
Mistral Prospect,Uncertain,Norway,https://www.energyintel.com/00000194-ff4a-dedc-a9fd-ff5b6a660000,Source: Energy Intelligence,"COPYRIGHT © 2001-2022 ENERGY INTELLIGENCE GROUP, INC. / ENERGY INTELLIGENCE GROUP (UK) LIMITED.",Click on the link below to go to the relevant article,"Mar. 2025: Norway’s offshore oil and gas investment is expected to rise to 253.8 billion kroner ($22.5 billion) this year, exceeding the record 251.2 billion kroner spent in 2024, according to the latest quarterly survey by Statistics Norway (SSB).

"
Monument,Yes,United States,https://www.energyintel.com/00000191-a451-d8c8-a3d5-bcd330940000,Source: Energy Intelligence,"COPYRIGHT © 2001-2022 ENERGY INTELLIGENCE GROUP, INC. / ENERGY INTELLIGENCE GROUP (UK) LIMITED.",Click on the link below to go to the relevant article,"Aug. 2024: Duncan announced on Talos’ earnings call a few weeks ago that the company bought a 21.4% stake in Beacon Offshore Energy’s Monument project for $32 million, marking Talos’ entry into the emerging ultra-high-pressure inboard Paleogene play."
Mopane,Uncertain,Namibia,https://www.energyintel.com/00000193-87a4-d404-a1f3-97a5226d0000,Source: Energy Intelligence,"COPYRIGHT © 2001-2022 ENERGY INTELLIGENCE GROUP, INC. / ENERGY INTELLIGENCE GROUP (UK) LIMITED.",Click on the link below to go to the relevant article,Dec. 2024: Portugal’s Galp has struck light oil and gas condensate in the second appraisal well on its giant Mopane discovery in Namibia’s prolific offshore Orange Basin.
Morpho,Uncertain,Brazil,https://www.energyintel.com/00000197-ae33-df71-a19f-efbb42820000,Source: Energy Intelligence,"COPYRIGHT © 2001-2022 ENERGY INTELLIGENCE GROUP, INC. / ENERGY INTELLIGENCE GROUP (UK) LIMITED.",Click on the link below to go to the relevant article,June 2025: Petrobras has made a big push to drill its long-planned maiden Morpho well in Foz do Amazonas and has been waiting on approval for its current plan for more than two years.
Moubenga, ,Gabon,https://www.energyintel.com/wcod/crude-profile/dussafu,Source: Energy Intelligence,"COPYRIGHT © 2001-2022 ENERGY INTELLIGENCE GROUP, INC. / ENERGY INTELLIGENCE GROUP (UK) LIMITED.",Click on the link below to go to the relevant article,No current plans seem to be in place for the Moubenga discovery.
Murlach,Yes,United Kingdom,https://www.energyintel.com/00000199-c88c-dc43-a7fd-fdfe1ab90000,Source: Energy Intelligence,"COPYRIGHT © 2001-2022 ENERGY INTELLIGENCE GROUP, INC. / ENERGY INTELLIGENCE GROUP (UK) LIMITED.",Click on the link below to go to the relevant article,"Oct. 2025: BP has started up the Murlach oil and gas redevelopment, making a small contribution to the UK major's upstream production growth target out to 2027."
Mutriba,Yes,Kuwait,https://www.energyintel.com/00000199-0f5a-d8c0-a39f-4f7ad7150000,Source: Energy Intelligence,"COPYRIGHT © 2001-2022 ENERGY INTELLIGENCE GROUP, INC. / ENERGY INTELLIGENCE GROUP (UK) LIMITED.",Click on the link below to go to the relevant article,Sep. 2025: KOC has an interim target of 980 MMcf/d by 2028/29 and has tipped Jurassic gas reservoirs and the first phase of the Mutriba field in northern Kuwait as the primary contributors.
Naft Khana,Uncertain,Iraq,https://www.energyintel.com/00000186-829e-d266-add7-d3ff1eaa0000,Source: Energy Intelligence,"COPYRIGHT © 2001-2022 ENERGY INTELLIGENCE GROUP, INC. / ENERGY INTELLIGENCE GROUP (UK) LIMITED.",Click on the link below to go to the relevant article,A source at Geo-Jade Petroleum confirmed that the company had signed contracts for two Iraqi blocks — Huwaiza and Naft Khana — in its first foray into the Middle East. But it declined to comment on its plans there.
Namavaran,Uncertain,Iran,https://www.energyintel.com/0000017b-a7d9-de4c-a17b-e7db8ccd0000,Source: Energy Intelligence,"COPYRIGHT © 2001-2022 ENERGY INTELLIGENCE GROUP, INC. / ENERGY INTELLIGENCE GROUP (UK) LIMITED.",Click on the link below to go to the relevant article,Dec. 2019: Namavaran discovery come at a time when US sanctions have driven Iran's crude exports down and forced foreign companies to shun investment in the country's prolific upstream sector
Nara,Uncertain,Namibia,https://www.energyintel.com/0000018c-f3ce-dd84-a3fd-f3efc7870000,Source: Energy Intelligence,"COPYRIGHT © 2001-2022 ENERGY INTELLIGENCE GROUP, INC. / ENERGY INTELLIGENCE GROUP (UK) LIMITED.",Click on the link below to go to the relevant article,"Jan. 2024: The French major, which discovered the Venus field in 2022, has upped its equity in blocks 2913B and 2912 to 50.5% and 47.2% after acquiring stakes of 10.5% and 9.4% from junior partner Impact Oil and Gas. Impact, which flagged the farm-out deal on Wednesday, will retain 9.5% in each tract."
Nasiriyah Expansion,Uncertain,Iraq,https://www.energyintel.com/0000018d-8e33-def5-abed-ee3f21880000,Source: Energy Intelligence,"COPYRIGHT © 2001-2022 ENERGY INTELLIGENCE GROUP, INC. / ENERGY INTELLIGENCE GROUP (UK) LIMITED.",Click on the link below to go to the relevant article,"Feb. 2024: Iraq has seemingly paved the way for Russia’s Gazprom Neft to develop the country’s Nassiriyah oil field, although it has yet to be seen whether the two sides can firm up an agreement."
NC-98 field development,Uncertain,Libya,https://www.energyintel.com/0000019a-4f94-ddaf-ab9f-efd7d2400000,Source: Energy Intelligence,"COPYRIGHT © 2001-2022 ENERGY INTELLIGENCE GROUP, INC. / ENERGY INTELLIGENCE GROUP (UK) LIMITED.",Click on the link below to go to the relevant article,"Nov. 2025: One key component in achieving the first milestone in 2026 depends on finally reaching an agreement to expand production at the Waha oil concession in Libya’s eastern Sirte Basin. Waha Oil Co., comprising operator TotalEnergies (20.42%), Conoco"
Ndungu,Yes,Angola,https://www.energyintel.com/0000017f-d1a4-d6e9-a1ff-dde5848a0000,Source: Energy Intelligence,"COPYRIGHT © 2001-2022 ENERGY INTELLIGENCE GROUP, INC. / ENERGY INTELLIGENCE GROUP (UK) LIMITED.",Click on the link below to go to the relevant article,"Eni said the appraisal well had increased its estimate of potential resources in place at the Ndungu field in Block 15/06 to 800 million-1 billion boe from an earlier estimate of 250 million-300 million boe. This will be welcome news to Angola's government of Angola, which is battling to reverse the long-term decline of the country’s oil production."
Nene Marine Phase 3,Uncertain,Congo (Brazzaville),https://www.energyintel.com/wcod/crude-profile/djeno,Source: Energy Intelligence,"COPYRIGHT © 2001-2022 ENERGY INTELLIGENCE GROUP, INC. / ENERGY INTELLIGENCE GROUP (UK) LIMITED.",Click on the link below to go to the relevant article,"First two phases underwent  full development. Phase 3 sanctioning was expected by the end of 2020, but the FID has been delayed to 2022, with start-up expected by 2025."
Neptun,Uncertain,Russia,https://www.energyintel.com/00000189-b318-d835-abbb-ff39e08c0003,Source: Energy Intelligence,"COPYRIGHT © 2001-2022 ENERGY INTELLIGENCE GROUP, INC. / ENERGY INTELLIGENCE GROUP (UK) LIMITED.",Click on the link below to go to the relevant article,"Aug. 2023: Gazpromneft Shelf is responsible for development of the big Neptun and Triton discoveries offshore Sakhalin, but sources say little progress has been made so far because the company does not have access to the international partners and imported equipment that it would need."
Nezhdanny Mys,Uncertain,Russia,https://www.energyintel.com/0000018f-dd43-d735-a98f-ffcb6d8e0000,Source: Energy Intelligence,"COPYRIGHT © 2001-2022 ENERGY INTELLIGENCE GROUP, INC. / ENERGY INTELLIGENCE GROUP (UK) LIMITED.",Click on the link below to go to the relevant article,"Jun. 2024: The discovery was made using the company's own ""green seismic"" technology that Gazprom Neft developed and started using back in 2016. The technology aims to minimize the impact on the environment and to cut emissions. The new discovery should help the company boost reserves and keep production flows in the Tomsk region stable in the coming years."
Niobrara Play,Yes,United States,https://www.energyintel.com/0000018a-9532-db55-a98e-f7bfff4e0000,Source: Energy Intelligence,"COPYRIGHT © 2001-2022 ENERGY INTELLIGENCE GROUP, INC. / ENERGY INTELLIGENCE GROUP (UK) LIMITED.",Click on the link below to go to the relevant article,"In addition, that decline was more than offset by new discoveries, according to the committee’s report. The Rocky Mountain region, for example, showed an 8% increase in potential future supplies as operators drilled more in resource plays such as the Niobrara Shale in Colorado and Wyoming."
Njord Future,Yes,Norway,https://www.energyintel.com/0000017b-ad8b-dc26-ab7b-edcb59b20000,Source: Energy Intelligence,"COPYRIGHT © 2001-2022 ENERGY INTELLIGENCE GROUP, INC. / ENERGY INTELLIGENCE GROUP (UK) LIMITED.",Click on the link below to go to the relevant article,The Norwegian sea project  suffered pandemic-related delays and cost increases.
Norte de Brava,Uncertain,Brazil,https://www.energyintel.com/00000195-f354-db73-a39f-f7ff29060000,Source: Energy Intelligence,"COPYRIGHT © 2001-2022 ENERGY INTELLIGENCE GROUP, INC. / ENERGY INTELLIGENCE GROUP (UK) LIMITED.",Click on the link below to go to the relevant article,Apr. 2025: Brazil is positioned to be one of the key sources of non-Opec-plus liquids supply growth this decade as new capacity comes on line. State oil firm Petrobras will lead the development charge.
North East El-Amriya Block,Uncertain,Egypt,https://www.energyintel.com/0000018e-3265-d7f2-a9bf-37e569ce0000,Source: Energy Intelligence,"COPYRIGHT © 2001-2022 ENERGY INTELLIGENCE GROUP, INC. / ENERGY INTELLIGENCE GROUP (UK) LIMITED.",Click on the link below to go to the relevant article,"Mar. 2024: In 2023, Shell found gas at its Mina West-1 NE El-Amriya well, but it was less than 1 trillion cubic feet, confirms an EGPC source, and the reserve remains under evaluation."
North Field East (NFE) Expansion,Yes,Qatar,https://www.energyintel.com/wcod/country-profile/qatar,Source: Energy Intelligence,"COPYRIGHT © 2001-2022 ENERGY INTELLIGENCE GROUP, INC. / ENERGY INTELLIGENCE GROUP (UK) LIMITED.",Click on the link below to go to the relevant article,"The North Field phases contribute to Qatar's condensate production as the liquids extracted from the wet gas streams of the LNG plants are merged into the country's condensate grades, the Deodorized Field Condensate (DFC) and the Qatar Low-Sulfur Field Co"
North Field South (NFS) Expansion,Yes,Qatar,https://www.energyintel.com/0000018a-db5d-d837-ad9f-dbfdd1110000,Source: Energy Intelligence,"COPYRIGHT © 2001-2022 ENERGY INTELLIGENCE GROUP, INC. / ENERGY INTELLIGENCE GROUP (UK) LIMITED.",Click on the link below to go to the relevant article,"Sep. 2023: QatarEnergy will kick off construction at its North Field expansion project early October as it strives to keep pace with a rapidly growing LNG market. 

Partners for both North Field phases were announced over the past year, including majors TotalEnergies, Exxon Mobil, Shell, Eni and ConocoPhillips, as well as China’s Sinopec and CNPC, who also signed two long-term, 27 year supply agreements."
North Field West,Yes,Qatar,https://www.energyintel.com/0000018d-e46d-d9ab-adff-e66d2db80000,Source: Energy Intelligence,"COPYRIGHT © 2001-2022 ENERGY INTELLIGENCE GROUP, INC. / ENERGY INTELLIGENCE GROUP (UK) LIMITED.",Click on the link below to go to the relevant article,"Feb. 2024: The NFW project announcement came only a week after QatarEnergy broke ground at its Ras Laffan petrochemical complex, which will raise the country's overall petrochemical production capacity to 14 million tons/yr. That figure is now set to rise even further when NFW is brought on line, although no breakdown of liquids production was shared. Al-Kaabi did announce the presence of “large quantities of liquefied petroleum gas, ethane and helium,” in addition to condensates."
North Gialo Block,Uncertain,Libya,https://www.energyintel.com/0000019a-4f94-ddaf-ab9f-efd7d2400000,Source: Energy Intelligence,"COPYRIGHT © 2001-2022 ENERGY INTELLIGENCE GROUP, INC. / ENERGY INTELLIGENCE GROUP (UK) LIMITED.",Click on the link below to go to the relevant article,"Nov. 2025: One key component in achieving the first milestone in 2026 depends on finally reaching an agreement to expand production at the Waha oil concession in Libya’s eastern Sirte Basin. Waha Oil Co., comprising operator TotalEnergies (20.42%), Conoco"
North Marakia,Uncertain,Egypt,https://www.energyintel.com/0000018a-fc2a-dba2-adef-fe6a58b20000,Source: Energy Intelligence,"COPYRIGHT © 2001-2022 ENERGY INTELLIGENCE GROUP, INC. / ENERGY INTELLIGENCE GROUP (UK) LIMITED.",Click on the link below to go to the relevant article,Exxon Mobil is planning to drill in its North Marakia Block by mid-2024.
North Safa,Yes,Egypt,https://www.energyintel.com/wcod/crude-profile/suez-blend,Source: Energy Intelligence,"COPYRIGHT © 2001-2022 ENERGY INTELLIGENCE GROUP, INC. / ENERGY INTELLIGENCE GROUP (UK) LIMITED.",Click on the link below to go to the relevant article,"Suez Blend output will increase in 2024 through several projects including a new 15,000 b/d production line for North Safa that was completed in January."
North Sea Pilot Project,Uncertain,United Kingdom,https://www.energyintel.com/wcod/country-profile/united-kingdom,Source: Energy Intelligence,"COPYRIGHT © 2001-2022 ENERGY INTELLIGENCE GROUP, INC. / ENERGY INTELLIGENCE GROUP (UK) LIMITED.",Click on the link below to go to the relevant article,Several developments are supporting the UK's modest production offshore turnaround. Recent technological innovation is opening new development prospects in the UK offshore.
North Yarudeisky,Uncertain,Russia,https://www.energyintel.com/00000181-8578-df0a-a9cb-ef79dbbe0000,Source: Energy Intelligence,"COPYRIGHT © 2001-2022 ENERGY INTELLIGENCE GROUP, INC. / ENERGY INTELLIGENCE GROUP (UK) LIMITED.",Click on the link below to go to the relevant article,Jun. 2022: Novatek’s upstream joint venture Yargeo won an auction for North Yarudeisky Block in West Siberia. The new 27-year license should help mitigate the falling production at Yargeo’s core Yarudeiskoye oil field
North-Danilovskoye,Yes,Russia,https://www.energyintel.com/00000180-fab7-d59f-a3de-febfcfe70000,Source: Energy Intelligence,"COPYRIGHT © 2001-2022 ENERGY INTELLIGENCE GROUP, INC. / ENERGY INTELLIGENCE GROUP (UK) LIMITED.",Click on the link below to go to the relevant article,"May 2022: Equinor said it has exited all five of its upstream joint ventures in Russia in accordance with Norwegian and EU sanctions. The Norwegian company said on Wednesday that it had transferred its interest in four joint ventures to Russia's top oil producer Rosneft and has been ""released from all future commitments and obligations."""
North-Komsomolskoye,Yes,Russia,https://www.energyintel.com/00000180-fab7-d59f-a3de-febfcfe70000,Source: Energy Intelligence,"COPYRIGHT © 2001-2022 ENERGY INTELLIGENCE GROUP, INC. / ENERGY INTELLIGENCE GROUP (UK) LIMITED.",Click on the link below to go to the relevant article,"May 2022: Equinor said it has exited all five of its upstream joint ventures in Russia in accordance with Norwegian and EU sanctions. The Norwegian company said on Wednesday that it had transferred its interest in four joint ventures to Russia's top oil producer Rosneft and has been ""released from all future commitments and obligations."""
North-Rakushechnoye,Uncertain,Russia,https://www.energyintel.com/0000017c-dc16-dcc6-a77c-dcdfb6750000,Source: Energy Intelligence,"COPYRIGHT © 2001-2022 ENERGY INTELLIGENCE GROUP, INC. / ENERGY INTELLIGENCE GROUP (UK) LIMITED.",Click on the link below to go to the relevant article,Mar. 2021: Lukoil believes that the development could be effective thanks to infrastructure the company has built in the region. It is producing from the Filanovskogo and Korchagina fields in the Northern Caspian and is preparing to launch the Gayfer field in 2022.
Northern Cape Ultra Deep (NCUD),Uncertain,South Africa,https://www.energyintel.com/0000018f-e81b-d9bf-a7bf-edffcffb0000,Source: Energy Intelligence,"COPYRIGHT © 2001-2022 ENERGY INTELLIGENCE GROUP, INC. / ENERGY INTELLIGENCE GROUP (UK) LIMITED.",Click on the link below to go to the relevant article,Jun. 2024: Shell is applying to drill on a deepwater block offshore South Africa that is adjacent to its prolific Orange Basin acreage on the other side of the maritime border in exploration hotspot Namibia.
Nova,Yes,Norway,https://www.energyintel.com/wcod/crude-profile/troll,Source: Energy Intelligence,"COPYRIGHT © 2001-2022 ENERGY INTELLIGENCE GROUP, INC. / ENERGY INTELLIGENCE GROUP (UK) LIMITED.",Click on the link below to go to the relevant article,Tied back to Gjøa platform.
Novoye Field,Yes,Russia,https://www.energyintel.com/00000191-233f-d8c8-a3d5-3fff04560000,Source: Energy Intelligence,"COPYRIGHT © 2001-2022 ENERGY INTELLIGENCE GROUP, INC. / ENERGY INTELLIGENCE GROUP (UK) LIMITED.",Click on the link below to go to the relevant article,"Aug. 2024: The oil arm of Gazprom Neft acquired the 25-year license for the Novoye field in the Yamal-Nenets region in 2022, and it took just two years to bring it on stream despite the challenging situation under which Western sanctions have significantly complicated access to technology and equipment. Gazprom Neft said it was able to launch the field quickly due to its location near existing infrastructure and digital solutions."
Odoptu 2,Yes,Russia,https://www.energyintel.com/0000018e-c1c5-d94a-a9be-d7e717bf0000,Source: Energy Intelligence,"COPYRIGHT © 2001-2022 ENERGY INTELLIGENCE GROUP, INC. / ENERGY INTELLIGENCE GROUP (UK) LIMITED.",Click on the link below to go to the relevant article,"Apr. 2024: Russia has extended the deadline for the sale of a 30% stake in the Sakhalin-1 offshore oil project, previously held by Exxon Mobil, until the end of 2024. Russian President Vladimir Putin signed a new decree that set the deadline for the stake sale to ""no later than Jan. 1, 2025."""
Ofelia,Yes,Norway,https://www.energyintel.com/wcod/crude-profile/troll;,Source: Energy Intelligence,"COPYRIGHT © 2001-2022 ENERGY INTELLIGENCE GROUP, INC. / ENERGY INTELLIGENCE GROUP (UK) LIMITED.",Click on the link below to go to the relevant article,"In July 2022, drilling started in Ofelia exploration well, which if deemed commercially viable will be codeveloped with Hamlet prospect and tied back to Gjoa platform."
OML 11,Yes,Nigeria,https://www.energyintel.com/00000197-f5ee-d9f4-a197-ffef47a80000,Source: Energy Intelligence,"COPYRIGHT © 2001-2022 ENERGY INTELLIGENCE GROUP, INC. / ENERGY INTELLIGENCE GROUP (UK) LIMITED.",Click on the link below to go to the relevant article,"Jul. 2025: Early next year, Nigeria hopes to start bringing on 30,000 b/d from Sahara Energy-operated OML 11 in Ogoni Land, which has not seen active oil operations since 1993."
OML 13,Yes,Nigeria,https://www.energyintel.com/wcod/country-profile/nigeria,Source: Energy Intelligence,"COPYRIGHT © 2001-2022 ENERGY INTELLIGENCE GROUP, INC. / ENERGY INTELLIGENCE GROUP (UK) LIMITED.",Click on the link below to go to the relevant article,"The Nigerian government set high hopes on upstream to balance its oil production through adding around 460,000 b/d from new projects in the short/medium term, as the newly established Nigerian Upstream Regulatory Committee (NUPRC) reported but has consistently fallen behind on timetables."
"OML 71, 72",Yes,Nigeria,https://www.energyintel.com/00000197-f5ee-d9f4-a197-ffef47a80000,Source: Energy Intelligence,"COPYRIGHT © 2001-2022 ENERGY INTELLIGENCE GROUP, INC. / ENERGY INTELLIGENCE GROUP (UK) LIMITED.",Click on the link below to go to the relevant article,"Jul. 2025: Around 30,000-40,000 b/d of that uplift is expected from NNPC’s joint venture with the West Africa E&P consortium on Oil Mining Licenses (OML) 71 and 72 starting in September."
OML 102 Discovery,Uncertain,Nigeria,https://www.energyintel.com/00000188-b456-dc0b-a59b-f45764590000,Source: Energy Intelligence,"COPYRIGHT © 2001-2022 ENERGY INTELLIGENCE GROUP, INC. / ENERGY INTELLIGENCE GROUP (UK) LIMITED.",Click on the link below to go to the relevant article,"Total plans to develop the Ntokon discovery as a tieback to production facilities for the Ofon field.
Total E&P President Nicolas Terraz said the Ntokon discovery and the start of production last year from the Ikike tie-back in OML 99 demonstrate ""the potential of nearby exploration to create value within our low-cost, low-emission strategy."""
Oso,Uncertain,United States,https://www.energyintel.com/00000185-f019-d454-a5df-fa79e56a0000,Source: Energy Intelligence,"COPYRIGHT © 2001-2022 ENERGY INTELLIGENCE GROUP, INC. / ENERGY INTELLIGENCE GROUP (UK) LIMITED.",Click on the link below to go to the relevant article,"Jan. 2023: Murphy is already drilling ahead on its first exploration probe of the year. Oso is being drilled in a relatively undeveloped part of the Gulf, on Atwater Valley Block 138. Maps show no nearby pipelines; Murphy’s Kings Quay platform, which started up last year, is more than 30 miles to the southwest, making it a theoretically possible but likely challenging tieback candidate if a discovery is made."
Othello Prospect,Uncertain,Norway,https://www.energyintel.com/wcod/country-profile/norway,Source: Energy Intelligence,"COPYRIGHT © 2001-2022 ENERGY INTELLIGENCE GROUP, INC. / ENERGY INTELLIGENCE GROUP (UK) LIMITED.",Click on the link below to go to the relevant article,"Aug. 2024: The Norwegian upstream sector is experiencing a dynamic phase, driving production growth upward through 2025, the year when Norway's oil production is expected to reach its peak."
Owowo,Yes,Nigeria,https://www.energyintel.com/00000194-af34-d049-a5b5-bff632ff0000,Source: Energy Intelligence,"COPYRIGHT © 2001-2022 ENERGY INTELLIGENCE GROUP, INC. / ENERGY INTELLIGENCE GROUP (UK) LIMITED.",Click on the link below to go to the relevant article,"Feb. 2025: More projects are expected to see FID this year, including Exxon’s Owowo project, which could add another 40,000-45,000 b/d."
Oyo Discovery (Ngoki Block), ,Congo (Brazzaville),,Source: Energy Intelligence,"COPYRIGHT © 2001-2022 ENERGY INTELLIGENCE GROUP, INC. / ENERGY INTELLIGENCE GROUP (UK) LIMITED.",Click on the link below to go to the relevant article,Projects marred by accusations of corruption and environmental concerns
"Palas, Astraea and Juno (PAJ) project",Uncertain,Angola,https://www.energyintel.com/0000017e-4519-dd1c-ab7f-ef3bf5c70000,Source: Energy Intelligence,"COPYRIGHT © 2001-2022 ENERGY INTELLIGENCE GROUP, INC. / ENERGY INTELLIGENCE GROUP (UK) LIMITED.",Click on the link below to go to the relevant article,"BP's Palas-Astrea-Juno project has yet to get a green light. The project, targeting an additional 70,000 b/d from Block 31, was originally scheduled for sanction in 2023 with start-up in 2025."
Panyu Cluster,Yes,China,https://www.energyintel.com/wcod/crude-profile/panyu,Source: Energy Intelligence,"COPYRIGHT © 2001-2022 ENERGY INTELLIGENCE GROUP, INC. / ENERGY INTELLIGENCE GROUP (UK) LIMITED.",Click on the link below to go to the relevant article,"Sep. 2024: Panyu is one of three major offshore areas using floating production, storage and offloading (FPSO) vessels, with production averaging 53,400 barrels per day in 2023, up from 45,000 b/d in 2022."
Paon,Uncertain,Cote d'Ivoire,https://www.energyintel.com/00000189-bd48-d835-abbb-ff7959200000,Source: Energy Intelligence,"COPYRIGHT © 2001-2022 ENERGY INTELLIGENCE GROUP, INC. / ENERGY INTELLIGENCE GROUP (UK) LIMITED.",Click on the link below to go to the relevant article,The Murphy boss said the company should receive 3-D seismic data already shot by the government over the next few months and plans to reprocess the data using more modern technology. It will meanwhile develop and submit a field development plan for Paon on Block CI-103 by the end of 2025.
Patwa-1,Yes,Guyana,https://www.energyintel.com/00000180-67b1-dcd6-afe5-67bf83e30000,Source: Energy Intelligence,"COPYRIGHT © 2001-2022 ENERGY INTELLIGENCE GROUP, INC. / ENERGY INTELLIGENCE GROUP (UK) LIMITED.",Click on the link below to go to the relevant article,"Part of a trio of discoveries announced in April 2022 in offshore Guyana that boosted the recoverable resources in the Exxon Mobil-operated Stabroek Block to nearly 11 billion boe.
By 2027, the companies expect to have at least six floating production, storage and offloading vessels operational in Stabroek, with production expected to surpass 1 million barrels per day."
Pau Brasil,No,Brazil,https://www.energyintel.com/00000199-4eb1-dd56-a5dd-effbf9230000,Source: Energy Intelligence,"COPYRIGHT © 2001-2022 ENERGY INTELLIGENCE GROUP, INC. / ENERGY INTELLIGENCE GROUP (UK) LIMITED.",Click on the link below to go to the relevant article,Sep. 2025: News that BP won’t proceed with exploration and appraisal activities in the Pau Brasil block and has returned the acreage to the regulator indicates why many investors remain cautious.
Pavo,Yes,Australia,https://www.energyintel.com/00000189-fe06-d1ad-a1f9-ff2662b50000,Source: Energy Intelligence,"COPYRIGHT © 2001-2022 ENERGY INTELLIGENCE GROUP, INC. / ENERGY INTELLIGENCE GROUP (UK) LIMITED.",Click on the link below to go to the relevant article,"Aug. 2023: The deal with Carnarvon will give CPC a 10% stake in five different offshore permits and licenses that include the Dorado and Pavo fields. When Dorado's output starts to go into natural decline, the Pavo field will be tied back to the Dorado facilities to maintain steady production."
Payara,Yes,Guyana,https://www.energyintel.com/0000018e-60e4-dbff-a7cf-eaf5066b0000,Source: Energy Intelligence,"COPYRIGHT © 2001-2022 ENERGY INTELLIGENCE GROUP, INC. / ENERGY INTELLIGENCE GROUP (UK) LIMITED.",Click on the link below to go to the relevant article,"CNOOC has started arbitration proceedings to assert its rights to Hess’ stake in Guyana’s Stabroek Block, hot on the heels of operator Exxon Mobil. Exxon filed arbitration proceedings in Paris earlier this month to affirm its preferential rights for Hess’ stake in the Stabroek Block — a move that could scuttle Chevron’s blockbuster merger with Hess."
Pecan Oil Project Phase 1,Yes,Ghana,https://www.energyintel.com/00000192-7a52-d9e0-a5df-7fdeac580000,Source: Energy Intelligence,"COPYRIGHT © 2001-2022 ENERGY INTELLIGENCE GROUP, INC. / ENERGY INTELLIGENCE GROUP (UK) LIMITED.",Click on the link below to go to the relevant article,"Oct. 2024: One project that could potentially deliver a boost for Ghana is the long-stalled 80,000 b/d Pecan field development, which could take a final investment decision this year, sources say. A 40,000 b/d Phase 1 development is targeted for 2026-27."
Pel 39,Uncertain,Namibia,https://www.energyintel.com/00000194-4bb2-d243-a9d6-5bff88cf0000,Source: Energy Intelligence,"COPYRIGHT © 2001-2022 ENERGY INTELLIGENCE GROUP, INC. / ENERGY INTELLIGENCE GROUP (UK) LIMITED.",Click on the link below to go to the relevant article,"Jan. 2025: Despite declaring its discoveries in the PEL39 license area offshore Namibia to be noncommercial, Energy Intelligence understands that Shell retains options for further exploration on the acreage and is evaluating future commercial pathways."
Pel 82,Uncertain,Namibia,https://www.energyintel.com/0000018f-4d3c-dae0-afbf-cd3d58750000,Source: Energy Intelligence,"COPYRIGHT © 2001-2022 ENERGY INTELLIGENCE GROUP, INC. / ENERGY INTELLIGENCE GROUP (UK) LIMITED.",Click on the link below to go to the relevant article,"Chevron’s recent actions and words show it is becoming more bullish on Namibia in its second attempt to crack the Orange Basin. CEO Mike Wirth said last month the US major had “numerous prospects” on PEL 90 and had taken confidence from a recent discovery nearby.  He also flagged an 80% farm-in to PEL 82 in the Walvis Basin, which was previously held by Galp and Exxon Mobil."
PEL 85,Uncertain,Namibia,https://www.energyintel.com/0000018f-3f58-d00d-a7df-3ffcf49a0000,Source: Energy Intelligence,"COPYRIGHT © 2001-2022 ENERGY INTELLIGENCE GROUP, INC. / ENERGY INTELLIGENCE GROUP (UK) LIMITED.",Click on the link below to go to the relevant article,"May 2024: A joint venture of BP and Eni has farmed into an upstream block offshore Namibia as the scramble for acreage in one of the world’s hottest exploration plays gathers pace.
Azule Energy, which was formed by the European duo in 2022 to focus on upstream production in Angola, has gone beyond its original remit by proposing to take a 42.5% stake in Block 2914A in the Orange Basin."
Penglai 19-3 Oilfield Area 5/10 Development Project,Yes,China,https://www.energyintel.com/wcod/crude-profile/peng-lai,Source: Energy Intelligence,"COPYRIGHT © 2001-2022 ENERGY INTELLIGENCE GROUP, INC. / ENERGY INTELLIGENCE GROUP (UK) LIMITED.",Click on the link below to go to the relevant article,"Peng Lai production is expected to increase in 2023. The third phase of the Penglai 19-3 and 19-9 field development is underway and includes the drilling of 186 wells, of which 157 were completed by the end of 2022. Phase 4A is also under development with 62 new wells planned in total, 33 of which were drilled in 2022. Phase 4B from the Penglai 19-3 and 25-6 fields will include two new wellhead platforms and up to 160 new wells."
Penglai 19-3/19-9,Yes,China,https://www.energyintel.com/wcod/crude-profile/peng-lai,Source: Energy Intelligence,"COPYRIGHT © 2001-2022 ENERGY INTELLIGENCE GROUP, INC. / ENERGY INTELLIGENCE GROUP (UK) LIMITED.",Click on the link below to go to the relevant article,"The third phase of the Penglai 19-3 and 19-9 field development is underway and includes the drilling of 186 wells, of which 157 were completed by the end of 2022."
Penglai 25-6,Yes,China,https://www.energyintel.com/wcod/crude-profile/peng-lai,Source: Energy Intelligence,"COPYRIGHT © 2001-2022 ENERGY INTELLIGENCE GROUP, INC. / ENERGY INTELLIGENCE GROUP (UK) LIMITED.",Click on the link below to go to the relevant article,"The Peng Lai 25-6 Phase 4A project was sanctioned in 2018 with first oil achieved in December 2020. The field is expected to peak at around 11,500 b/d in 2023."
Penguins Redevelopment,Yes,United Kingdom,https://www.energyintel.com/00000194-d162-d049-a5b5-ddf21c340000,Source: Energy Intelligence,"COPYRIGHT © 2001-2022 ENERGY INTELLIGENCE GROUP, INC. / ENERGY INTELLIGENCE GROUP (UK) LIMITED.",Click on the link below to go to the relevant article,Feb. 2025: Shell has restarted production from the Penguins field in the UK North Sea after settling a lawsuit in December with Greenpeace and amid broader concerns over the UK’s output trajectory and investment outlook.
Peregrino Phase 2,Yes,Brazil,https://www.energyintel.com/wcod/crude-profile/peregrino,Source: Energy Intelligence,"COPYRIGHT © 2001-2022 ENERGY INTELLIGENCE GROUP, INC. / ENERGY INTELLIGENCE GROUP (UK) LIMITED.",Click on the link below to go to the relevant article,"The second phase of Peregrino went on line in October 2022 and is expected to add 60,000 b/d of peak capacity and add roughly 273 million barrels in recoverable resources, extending the life of the field to 2040."
Permian Play,Yes,United States,,Source: Energy Intelligence,"COPYRIGHT © 2001-2022 ENERGY INTELLIGENCE GROUP, INC. / ENERGY INTELLIGENCE GROUP (UK) LIMITED.",Click on the link below to go to the relevant article,Increases of roughly 30 b/d in new-well oil output per rig are seen in the North Dakota Bakken tight oil play and the Permian Basin in West Texas and southeastern New Mexico.
Persephone,Uncertain,Canada,https://www.energyintel.com/00000192-2053-d983-abff-657b7ace0000,Source: Energy Intelligence,"COPYRIGHT © 2001-2022 ENERGY INTELLIGENCE GROUP, INC. / ENERGY INTELLIGENCE GROUP (UK) LIMITED.",Click on the link below to go to the relevant article,"Sep. 2024: Canadian broadcaster CBC cited an Exxon spokesperson as saying that a well at the Persephone prospect in the remote Orphan Basin ""showed no evidence of commercial hydrocarbons."""
Pestsovoye and En-Yakhinskoye Fields,Yes,Russia,https://www.energyintel.com/0000017e-0117-ddb8-ab7e-31d7862a0000,Source: Energy Intelligence,"COPYRIGHT © 2001-2022 ENERGY INTELLIGENCE GROUP, INC. / ENERGY INTELLIGENCE GROUP (UK) LIMITED.",Click on the link below to go to the relevant article,Production from the new cluster could grow to twice the projected 2022 volumes within five years as new resources are developed.
Pickerel-1,Yes,United States,https://www.energyintel.com/00000189-9392-d6b3-af89-d396e4ba0000,Source: Energy Intelligence,"COPYRIGHT © 2001-2022 ENERGY INTELLIGENCE GROUP, INC. / ENERGY INTELLIGENCE GROUP (UK) LIMITED.",Click on the link below to go to the relevant article,"Jul. 2023: Hess E&P head Greg Hill told analysts the well is expected to be “extremely profitable” thanks to peak production rates of 8,000-10,000 barrels per day and finding and development costs of around $10 per barrel."
Pike 1,Yes,Canada,https://www.energyintel.com/00000196-ca44-d723-a1be-da7dd8970000,Source: Energy Intelligence,"COPYRIGHT © 2001-2022 ENERGY INTELLIGENCE GROUP, INC. / ENERGY INTELLIGENCE GROUP (UK) LIMITED.",Click on the link below to go to the relevant article,"May 2025: Consultants at Woodmac expect oil sands production to grow by another 400,000 barrels per day or so by 2030, thanks to ""named expansions"" such as Cenovus' Narrows Lake tieback and Canadian Natural's Pike tieback."
Pike 2,Yes,Canada,https://www.energyintel.com/00000196-ca44-d723-a1be-da7dd8970000,Source: Energy Intelligence,"COPYRIGHT © 2001-2022 ENERGY INTELLIGENCE GROUP, INC. / ENERGY INTELLIGENCE GROUP (UK) LIMITED.",Click on the link below to go to the relevant article,"May 2025: Consultants at Woodmac expect oil sands production to grow by another 400,000 barrels per day or so by 2030, thanks to ""named expansions"" such as Cenovus' Narrows Lake tieback and Canadian Natural's Pike tieback."
Pikka,Yes,United States,https://www.energyintel.com/00000192-9907-dc01-adba-ffffed710000,Source: Energy Intelligence,"COPYRIGHT © 2001-2022 ENERGY INTELLIGENCE GROUP, INC. / ENERGY INTELLIGENCE GROUP (UK) LIMITED.",Click on the link below to go to the relevant article,"Oct. 2024: Santos has warned of a 20% cost blowout at its Pikka oil project onshore Alaska, although the Australian independent told shareholders that the development could potentially start up six months ahead of schedule. The cost overrun implies that the Pikka budget could now hit US$3.1 billion. About 70% of the extra cost has already been incurred this year, with the rest to be booked in 2025 and 2026."
Pitu Oeste,Uncertain,Brazil,https://www.energyintel.com/0000018a-f6d0-dba2-adef-f6d267e70000,Source: Energy Intelligence,"COPYRIGHT © 2001-2022 ENERGY INTELLIGENCE GROUP, INC. / ENERGY INTELLIGENCE GROUP (UK) LIMITED.",Click on the link below to go to the relevant article,"Oct. 2023: Petrobras can now move forward with its planned appraisal work in the 2013 Pitu discovery. The company said drilling is set to begin in the next few weeks while the rig arrives on location. Petrobras said it aims to drill 16 wells in the Equatorial Margin in 2023-27 with an investment of some $3 billion for “research projects and investigating the region’s oil potential."""
Platina,Yes,Angola,https://www.energyintel.com/0000017d-8003-db65-ad7f-a9ef71c80000,Source: Energy Intelligence,"COPYRIGHT © 2001-2022 ENERGY INTELLIGENCE GROUP, INC. / ENERGY INTELLIGENCE GROUP (UK) LIMITED.",Click on the link below to go to the relevant article,"This represents the UK major’s first new development at the block since 2007, when Greater Plutonio started up in 2007."
Polok and Chinwol,Yes,Mexico,https://www.energyintel.com/00000195-296f-d98c-a397-2befd0bb0000,Source: Energy Intelligence,"COPYRIGHT © 2001-2022 ENERGY INTELLIGENCE GROUP, INC. / ENERGY INTELLIGENCE GROUP (UK) LIMITED.",Click on the link below to go to the relevant article,"Feb. 2025: Repsol executives said that development of the Block 29 field, located in the Salina del Istmo basin in the Gulf of Mexico, would require some $500 million-$600 million in gross capital spending."
Power Nap,Yes,United States,https://www.energyintel.com/0000017f-d75c-d6e9-a1ff-dfddf6220000,Source: Energy Intelligence,"COPYRIGHT © 2001-2022 ENERGY INTELLIGENCE GROUP, INC. / ENERGY INTELLIGENCE GROUP (UK) LIMITED.",Click on the link below to go to the relevant article,"The field is located in Mississippi Canyon Block 943 and is connected to the Shell-operated Olympus production hub via a 19-mile flowline in what the company has dubbed the “Mars corridor,” one of the most prolific producing regions in the deepwater Gulf."
Preowei,Yes,Nigeria,https://www.energyintel.com/00000195-860b-d870-afb7-87cfb8d30000,Source: Energy Intelligence,"COPYRIGHT © 2001-2022 ENERGY INTELLIGENCE GROUP, INC. / ENERGY INTELLIGENCE GROUP (UK) LIMITED.",Click on the link below to go to the relevant article,Mar. 2025: FID on Total’s 120 million barrel Preowei discovery in PML 4 is expected this year. The development will use the Egina floating production storage and offloading unit to optimize costs.
Project Panther,Yes,Nigeria,https://www.energyintel.com/00000193-3f65-dd98-a3f7-7fe782540000,Source: Energy Intelligence,"COPYRIGHT © 2001-2022 ENERGY INTELLIGENCE GROUP, INC. / ENERGY INTELLIGENCE GROUP (UK) LIMITED.",Click on the link below to go to the relevant article,"Nov. 2024: Around its Escravos onshore and shallow offshore assets, Chevron and partner NNPC are one-third of the way through a 37-well infill drilling program, dubbed Panther, costing an estimated $1.4 billion."
Project Phoenix,Yes,United States,https://www.energyintel.com/00000183-0042-d602-a7d7-945a3abf0000,Source: Energy Intelligence,"COPYRIGHT © 2001-2022 ENERGY INTELLIGENCE GROUP, INC. / ENERGY INTELLIGENCE GROUP (UK) LIMITED.",Click on the link below to go to the relevant article,"Alaska-focused E&P 88 Energy is to resume drilling on the North Slope next year after an independent resource estimate found its Icewine assets could hold more than 1 billion barrels of recoverable oil reserves. The acreage has also been de-risked by nearby drilling from peer Pantheon Resources, which has seen encouraging results from a string of well tests this year."
Puma West,Uncertain,United States,https://www.energyintel.com/00000186-a356-d045-afd6-bf77dd820000,Source: Energy Intelligence,"COPYRIGHT © 2001-2022 ENERGY INTELLIGENCE GROUP, INC. / ENERGY INTELLIGENCE GROUP (UK) LIMITED.",Click on the link below to go to the relevant article,Mar. 2023:  The appraisal well failed to show “the full connectivity” necessary to “make a commercial decision” and was temporarily abandoned in January giving  the partners a little less than a year to decide whether they will drill another well to hold the acreage or let the leases expire.
Quesqui,Yes,Mexico,https://www.energyintel.com/00000189-9dc4-d6e5-adab-9dd49dee0000,Source: Energy Intelligence,"COPYRIGHT © 2001-2022 ENERGY INTELLIGENCE GROUP, INC. / ENERGY INTELLIGENCE GROUP (UK) LIMITED.",Click on the link below to go to the relevant article,"Jul. 2023: Pemex said its crude and condensate production in the second quarter of 2023 was up 7.1% year to year to 1.88 million b/d, driven by gains at its new ""priority"" fields, particularly Quesqui, which contributed some 35% of the new volumes."
R1/R2/R3/R4,Yes,Niger,https://www.energyintel.com/00000189-db74-d8ee-a3bb-ff7f22740000,Source: Energy Intelligence,"COPYRIGHT © 2001-2022 ENERGY INTELLIGENCE GROUP, INC. / ENERGY INTELLIGENCE GROUP (UK) LIMITED.",Click on the link below to go to the relevant article,UK-based independent Savannah Energy is hoping to produce oil from acreage in the Agadem Rift Basin that it could then export via the Benin pipeline.
Raia (BM-C-33),Yes,Brazil,https://www.energyintel.com/00000199-ee70-d804-add9-eef6b0120000,Source: Energy Intelligence,"COPYRIGHT © 2001-2022 ENERGY INTELLIGENCE GROUP, INC. / ENERGY INTELLIGENCE GROUP (UK) LIMITED.",Click on the link below to go to the relevant article,"Oct. 2025: Equinor  operates the Raia gas and condensate project offshore Brazil, which it expects to bring on line in 2028."
Ratawi Phase 1,Yes,Iraq,https://www.energyintel.com/00000199-4d86-d6ff-a5db-cda6ee3a0000,Source: Energy Intelligence,"COPYRIGHT © 2001-2022 ENERGY INTELLIGENCE GROUP, INC. / ENERGY INTELLIGENCE GROUP (UK) LIMITED.",Click on the link below to go to the relevant article,"Sep. 2025: Turkish contractor Enka will build the central oil and gas processing facility with a production capacity of 210,000 b/d of oil, 163 mscfd of gas and 240,000 b/d of water for injection, the Iraqi government said."
Ratawi Phase 2,Yes,Iraq,https://www.energyintel.com/00000199-4d86-d6ff-a5db-cda6ee3a0000,Source: Energy Intelligence,"COPYRIGHT © 2001-2022 ENERGY INTELLIGENCE GROUP, INC. / ENERGY INTELLIGENCE GROUP (UK) LIMITED.",Click on the link below to go to the relevant article,"Sep. 2025: The updated timeline emerged when Total and QatarEnergy met Iraqi Prime Minister to announce the start of construction of the seawater supply project and the launch of Phase 2 of the Ratawi oil field.
"
Revit Albacora,Yes,Brazil,https://www.energyintel.com/00000184-e85d-d549-ad94-ed7d6afb0000,Source: Energy Intelligence,"COPYRIGHT © 2001-2022 ENERGY INTELLIGENCE GROUP, INC. / ENERGY INTELLIGENCE GROUP (UK) LIMITED.",Click on the link below to go to the relevant article,"As part of Petrobras' sizable exploration and production ramp-up, which is still expected to consume the lion's share of the company's capex, it has added four new production units to its lineup that are scheduled for start-up in 2027, including a new FPSO in the Albacora field."
Rigolets,Uncertain,United States,https://www.energyintel.com/00000185-7eab-d66d-a7b7-7eef900a0000,Source: Energy Intelligence,"COPYRIGHT © 2001-2022 ENERGY INTELLIGENCE GROUP, INC. / ENERGY INTELLIGENCE GROUP (UK) LIMITED.",Click on the link below to go to the relevant article,"Lime Rock and Venice are the first two “exploitation wells” in Talos’ current “open-water rig program” that launched last quarter and will continue in the first half of 2023 with the Rigolets and Lisbon prospects, among others, the company said."
Rodhette,Uncertain,Norway,https://www.energyintel.com/0000017b-a7dc-de4c-a17b-e7decd800000,Source: Energy Intelligence,"COPYRIGHT © 2001-2022 ENERGY INTELLIGENCE GROUP, INC. / ENERGY INTELLIGENCE GROUP (UK) LIMITED.",Click on the link below to go to the relevant article,"Equinor believes in opportunities in the Barents Sea, especially around the Castberg, Wisting, Snohvit and Goliat areas."
Rondeslottet,Uncertain,Norway,https://www.energyintel.com/00000189-5059-d556-adb9-7dfdf4c60000,Source: Energy Intelligence,"COPYRIGHT © 2001-2022 ENERGY INTELLIGENCE GROUP, INC. / ENERGY INTELLIGENCE GROUP (UK) LIMITED.",Click on the link below to go to the relevant article,"Jul. 2023: Aker BP has started drilling a high potential well targeting the Rondeslottet prospect in the Norwegian Sea, with estimated resources of 870 million boe. CEO Karl Johnny Hersvik says advances in imaging and data processing technology — including the application of artificial intelligence (AI) — have increased the chance of exploration success offshore Norway and resulted in discoveries for Aker BP."
Rosebank,Yes,United Kingdom,https://www.energyintel.com/00000198-c7ec-d667-a3be-d7ed43d40000,Source: Energy Intelligence,"COPYRIGHT © 2001-2022 ENERGY INTELLIGENCE GROUP, INC. / ENERGY INTELLIGENCE GROUP (UK) LIMITED.",Click on the link below to go to the relevant article,"Aug. 2025: “The project is progressing steadily toward the production timeline of end-’26, beginning ’27,” the CEO added."
Rover North,Yes,Norway,https://www.energyintel.com/00000186-9d4c-d045-afd6-bf6d01fe0000,Source: Energy Intelligence,"COPYRIGHT © 2001-2022 ENERGY INTELLIGENCE GROUP, INC. / ENERGY INTELLIGENCE GROUP (UK) LIMITED.",Click on the link below to go to the relevant article,"Mar. 2023: Equinor has increased its interests in five discoveries in the Troll, Fram and Kvitebjorn area of the Norwegian North Sea through a deal with private equity-backed compatriot Wellesley Petroleum."
Rover Sor,Yes,Norway,https://www.energyintel.com/00000186-9d4c-d045-afd6-bf6d01fe0000,Source: Energy Intelligence,"COPYRIGHT © 2001-2022 ENERGY INTELLIGENCE GROUP, INC. / ENERGY INTELLIGENCE GROUP (UK) LIMITED.",Click on the link below to go to the relevant article,"Mar. 2023: Equinor has increased its interests in five discoveries in the Troll, Fram and Kvitebjorn area of the Norwegian North Sea through a deal with private equity-backed compatriot Wellesley Petroleum. ."
Rumaila Expansion,Uncertain,Iraq,https://www.energyintel.com/00000186-710f-de95-a7ae-733f1fd30000,Source: Energy Intelligence,"COPYRIGHT © 2001-2022 ENERGY INTELLIGENCE GROUP, INC. / ENERGY INTELLIGENCE GROUP (UK) LIMITED.",Click on the link below to go to the relevant article,"Feb. 2023: CNPC was awarded a $386 million contract in October 2022 to build two 120,000 b/d oil-processing trains at Rumaila."
Russkoye Expansion,Yes,Russia,https://www.energyintel.com/0000017d-dcab-d944-a3fd-ddbfa04e0000,Source: Energy Intelligence,"COPYRIGHT © 2001-2022 ENERGY INTELLIGENCE GROUP, INC. / ENERGY INTELLIGENCE GROUP (UK) LIMITED.",Click on the link below to go to the relevant article,Russkoye is considered one of the fields that are key drivers of future growth in Russia
Rydberg,Yes,United States,https://www.energyintel.com/0000018d-d7dc-d813-a5df-d7dd01840000,Source: Energy Intelligence,"COPYRIGHT © 2001-2022 ENERGY INTELLIGENCE GROUP, INC. / ENERGY INTELLIGENCE GROUP (UK) LIMITED.",Click on the link below to go to the relevant article,"Feb. 2024:  Shell announced that its Rydberg field in the Mississippi Canyon has started production. The field, which produces from the Norphlet trend and is tied back to Shell’s Appomattox facility, has an estimated peak production of 16,000 boe/d."
Saasken,Uncertain,Mexico,https://www.energyintel.com/0000018a-8774-dd77-a39b-efff3ece0000,Source: Energy Intelligence,"COPYRIGHT © 2001-2022 ENERGY INTELLIGENCE GROUP, INC. / ENERGY INTELLIGENCE GROUP (UK) LIMITED.",Click on the link below to go to the relevant article,Sep. 2023: Eni has racked up a range of finds — with more exploration to come — in a swathe of mid-water blocks now being renewed including Saasken (200 million-300 million barrels).
Sacha,Yes,Ecuador,https://www.energyintel.com/0000017d-3a3b-d882-ad7f-bebbdee80001,Source: Energy Intelligence,"COPYRIGHT © 2001-2022 ENERGY INTELLIGENCE GROUP, INC. / ENERGY INTELLIGENCE GROUP (UK) LIMITED.",Click on the link below to go to the relevant article,"The Sacha field has been producing for more than 40 years, with infrastructure that needs investment. Developing the field would need $2.8 billion in investment."
Safaniya Expansion Project,Uncertain,Saudi Arabia,https://www.energyintel.com/0000018d-59e3-d775-a79f-fde375270000,Source: Energy Intelligence,"COPYRIGHT © 2001-2022 ENERGY INTELLIGENCE GROUP, INC. / ENERGY INTELLIGENCE GROUP (UK) LIMITED.",Click on the link below to go to the relevant article,Jan. 2024: Saudi Aramco said that it had received a “directive” from the energy ministry to maintain its maximum sustainable capacity at 12 million barrels per day —and not to increase it to 13 million b/d by 2027.
Safi-Essaouira Offshore and Agadir-Ifni Permits,Uncertain,Morocco,https://www.energyintel.com/00000190-78cf-df74-a9f0-7cff2d500000,Source: Energy Intelligence,"COPYRIGHT © 2001-2022 ENERGY INTELLIGENCE GROUP, INC. / ENERGY INTELLIGENCE GROUP (UK) LIMITED.",Click on the link below to go to the relevant article,"Jul. 2024: US supermajor Exxon Mobil has signed two contracts to explore offshore Morocco in a sign that the kingdom may be starting to attract oil majors to another exploration cycle. The reconnaissance contracts cover the Safi-Essaouira Offshore and Agadir-Ifni Offshore permits in waters off the coastal towns of Safi, Essaouira, Agadir and Sidi Ifni in southern Morocco."
Sailfin-1,Uncertain,Guyana,https://www.energyintel.com/00000184-15b6-d196-a9d5-7fbe3e170000,Source: Energy Intelligence,"COPYRIGHT © 2001-2022 ENERGY INTELLIGENCE GROUP, INC. / ENERGY INTELLIGENCE GROUP (UK) LIMITED.",Click on the link below to go to the relevant article,"According to Partner Hess, Guyana development remains ""key"" to the company's strategy and that it ""continues to see multibillion barrels of future exploration potential remaining."""
Salam-Patawali,Yes,Malaysia,https://www.energyintel.com/0000017b-a7dc-de4c-a17b-e7deb8900000,Source: Energy Intelligence,"COPYRIGHT © 2001-2022 ENERGY INTELLIGENCE GROUP, INC. / ENERGY INTELLIGENCE GROUP (UK) LIMITED.",Click on the link below to go to the relevant article,ConocoPhillips had planned further exploration drilling in 2021
Salamanca FPU,Yes,United States,https://www.energyintel.com/00000199-9723-dcdb-abb9-f7f30c660000,Source: Energy Intelligence,"COPYRIGHT © 2001-2022 ENERGY INTELLIGENCE GROUP, INC. / ENERGY INTELLIGENCE GROUP (UK) LIMITED.",Click on the link below to go to the relevant article,"Sep. 2025: Repsol said it has started up production from the Salamanca oil and gas development in the US Gulf of Mexico, one of two big US upstream projects on the company's to-do list for this year and next."
Salina del Istmo Marino - 12,Uncertain,Mexico,https://www.energyintel.com/00000189-8e4f-da14-abff-ee6fb8cd0000,Source: Energy Intelligence,"COPYRIGHT © 2001-2022 ENERGY INTELLIGENCE GROUP, INC. / ENERGY INTELLIGENCE GROUP (UK) LIMITED.",Click on the link below to go to the relevant article,"Jul. 2023: Eni's Area 7 plans are part of a busy lineup for the company in Mexican waters this year. The company is currently drilling the deepwater Tlazotli-1EXP well in a highly frontier stretch in the Salina del Istmo basin, according to data from Mexican regulator CNH. Its rig contract for the Valaris DPS-5 vessel rolls off in July."
Sangomar Phase 1,Yes,Senegal,https://www.energyintel.com/00000195-1247-dedc-a9fd-735773b70000,Source: Energy Intelligence,"COPYRIGHT © 2001-2022 ENERGY INTELLIGENCE GROUP, INC. / ENERGY INTELLIGENCE GROUP (UK) LIMITED.",Click on the link below to go to the relevant article,"Feb. 2025: ""Early performance from the S500 reservoirs has demonstrated excellent productivity,"" said Woodside. This has resulted in proved and proved plus probable reserves additions of 16.2 million barrels of oil equivalent and 15.4 million boe."
Sangomar Phases 2+,Uncertain,Senegal,https://www.energyintel.com/00000190-06ee-d824-a7d5-57febd240000,Source: Energy Intelligence,"COPYRIGHT © 2001-2022 ENERGY INTELLIGENCE GROUP, INC. / ENERGY INTELLIGENCE GROUP (UK) LIMITED.",Click on the link below to go to the relevant article,"June 2024: More studies of the reservoir will need to be made to assess the potential for a second phase development, Woodside CEO Meg O’Neill told analysts."
Sarb Field Expansion,Yes,United Arab Emirates,https://www.energyintel.com/00000191-036d-d8c8-a3d5-3fef512f0000,Source: Energy Intelligence,"COPYRIGHT © 2001-2022 ENERGY INTELLIGENCE GROUP, INC. / ENERGY INTELLIGENCE GROUP (UK) LIMITED.",Click on the link below to go to the relevant article,"Jul. 2024: Adnoc said digital technologies helped boost production capacity at its Sarb offshore oil field, as the state giant advances toward its overall capacity target of 5 million barrels per day by 2027. Output capacity at Sarb — which is located around 120 kilometers northwest of Abu Dhabi — increased 25%, taking the total production capacity to 140,000 b/d, the company said."
Sarsang Expansion,Yes,Iraq,https://www.energyintel.com/00000186-33c8-da30-a7ff-bbfdfb380000,Source: Energy Intelligence,"COPYRIGHT © 2001-2022 ENERGY INTELLIGENCE GROUP, INC. / ENERGY INTELLIGENCE GROUP (UK) LIMITED.",Click on the link below to go to the relevant article,"Feb. 2023: “The KRG’s unwillingness to make payments on a timely basis is forcing HKN to reconsider development spending in 2023,” said the Texas-based firm. Sarsang is still producing at just two-thirds of capacity because of reservoir problems. Targeted investment in 2023 to reach capacity are the kind of plans that the dispute between KRG and Baghdad could derail."
Sarta Oilfield,Yes,Iraq,https://www.energyintel.com/00000189-0850-dbc1-a5dd-5d5a04930000,Source: Energy Intelligence,"COPYRIGHT © 2001-2022 ENERGY INTELLIGENCE GROUP, INC. / ENERGY INTELLIGENCE GROUP (UK) LIMITED.",Click on the link below to go to the relevant article,"In June 2023, Genel, which operated the small Taq Taq and Sarta oil fields and has a stake in the prolific DNO-operated Tawke license, has seen its share price fall by around 20%."
Sbaa Discovery,Yes,Algeria,https://www.energyintel.com/wcod/country-profile/algeria,Source: Energy Intelligence,"COPYRIGHT © 2001-2022 ENERGY INTELLIGENCE GROUP, INC. / ENERGY INTELLIGENCE GROUP (UK) LIMITED.",Click on the link below to go to the relevant article,"Considering that Algeria's primary market is Europe and following a European oil embargo imposed on Russia, this discovery could potentially be developed."
Sea Lion Development Phase 1,Yes,United Kingdom,https://www.energyintel.com/00000187-245b-dd7d-a597-377b8e9d0000,Source: Energy Intelligence,"COPYRIGHT © 2001-2022 ENERGY INTELLIGENCE GROUP, INC. / ENERGY INTELLIGENCE GROUP (UK) LIMITED.",Click on the link below to go to the relevant article,"Mar. 2023: Rockhopper Exploration said that Tel Aviv-listed Navitas Petroleum presented it with a new development plan for the Sea Lion development that would cut costs and tackle the project in phases. If realized, the new plan — with a total price tag of $2.2 billion — could lead to 80,000 barrels per day of production (up to 100,000 b/d at peak) via a leased floating production, storage and offloading unit."
Seagull,Yes,United Kingdom,https://www.energyintel.com/0000018b-a5a9-d38b-ab9f-f7a9cbec0000,Source: Energy Intelligence,"COPYRIGHT © 2001-2022 ENERGY INTELLIGENCE GROUP, INC. / ENERGY INTELLIGENCE GROUP (UK) LIMITED.",Click on the link below to go to the relevant article,"Nov. 2023:  BP and partners Neptune Energy and Japex announced the start of production from the Seagull oil and gas field which will produce 50,000 boe/d at its peak. The four-well Seagull project was developed as a tieback to the existing Eastern Trough Area Project (ETAP) facilities in the central North Sea."
SEAP 1,Yes,Brazil,https://www.energyintel.com/0000018e-82c4-d94a-a9be-d7e72a500003,Source: Energy Intelligence,"COPYRIGHT © 2001-2022 ENERGY INTELLIGENCE GROUP, INC. / ENERGY INTELLIGENCE GROUP (UK) LIMITED.",Click on the link below to go to the relevant article,"The Energy Intelligence Upstream Project Tracker sees another 1 million b/d of crude oil, natural gas liquids and biofuels being added each of the next two years from the four major American producers. Brazil is set to add 800,000 b/d, adding a net of 600,000 b/d after natural declines."
SEAP 2,Yes,Brazil,https://www.energyintel.com/0000018e-82c4-d94a-a9be-d7e72a500003,Source: Energy Intelligence,"COPYRIGHT © 2001-2022 ENERGY INTELLIGENCE GROUP, INC. / ENERGY INTELLIGENCE GROUP (UK) LIMITED.",Click on the link below to go to the relevant article,"The Energy Intelligence Upstream Project Tracker sees another 1 million b/d of crude oil, natural gas liquids and biofuels being added each of the next two years from the four major American producers. Brazil is set to add 800,000 b/d, adding a net of 600,000 b/d after natural declines."
Sehit Aybuke Yalcin,Uncertain,Turkey,https://www.energyintel.com/00000187-e806-d80f-a1af-fe06ccf90000,Source: Energy Intelligence,"COPYRIGHT © 2001-2022 ENERGY INTELLIGENCE GROUP, INC. / ENERGY INTELLIGENCE GROUP (UK) LIMITED.",Click on the link below to go to the relevant article,"May 2023: TPAO said it had set a production target of 100,000 barrels per day, which would more than double Turkey's oil production from its current rate of around 80,000 b/d."
Sepat,Uncertain,Malaysia,https://www.energyintel.com/0000018d-ef9e-d9ab-adff-efbeb1e60000,Source: Energy Intelligence,"COPYRIGHT © 2001-2022 ENERGY INTELLIGENCE GROUP, INC. / ENERGY INTELLIGENCE GROUP (UK) LIMITED.",Click on the link below to go to the relevant article,"Feb. 2024: Malaysia’s state-owned Petronas has signed an agreement with JX Nippon Oil & Gas Exploration to develop the BIGST cluster, a group of large natural gas fields with high CO2 content offshore Peninsular Malaysia. BIGST is located 130 kilometers n"
Sepia,Yes,Brazil,https://www.energyintel.com/00000183-aa2d-d96f-a1f7-eabf74f30003,Source: Energy Intelligence,"COPYRIGHT © 2001-2022 ENERGY INTELLIGENCE GROUP, INC. / ENERGY INTELLIGENCE GROUP (UK) LIMITED.",Click on the link below to go to the relevant article,"Output is expected to more than double in the next couple of years to 400,000 boe/d."
Sepia 2,Yes,Brazil,https://www.energyintel.com/00000186-db04-db8e-ab86-ffb6add60002,Source: Energy Intelligence,"COPYRIGHT © 2001-2022 ENERGY INTELLIGENCE GROUP, INC. / ENERGY INTELLIGENCE GROUP (UK) LIMITED.",Click on the link below to go to the relevant article,"Mar. 2024: A second floating production, storage and offloading (FPSO) unit is in the development phase, adding 225,000 b/d of capacity from 14 new wells by 2028."
Shadegan,Uncertain,Iran,https://www.energyintel.com/00000185-c6ec-db9a-a3ef-cffff6af0000,Source: Energy Intelligence,"COPYRIGHT © 2001-2022 ENERGY INTELLIGENCE GROUP, INC. / ENERGY INTELLIGENCE GROUP (UK) LIMITED.",Click on the link below to go to the relevant article,"Jan. 2023: Russia's Promsyryoimport, the mysterious state oil firm, has deepened its involvement in Iran. Its subsidiary ZN-Vostok is due to raise output at the Shadegan field to 140,000 b/d."
Shafag Asiman,Uncertain,Azerbaijan,https://www.energyintel.com/00000184-e71e-d95f-adc6-f75fc5cb0002,Source: Energy Intelligence,"COPYRIGHT © 2001-2022 ENERGY INTELLIGENCE GROUP, INC. / ENERGY INTELLIGENCE GROUP (UK) LIMITED.",Click on the link below to go to the relevant article,"Sep. 2023: In 2023 H1, the interpretation of the results obtained from the first exploration well - SAX01 was completed. Appraisal and planning still ongoing."
Shenandoah Phase 1,Yes,United States,https://www.energyintel.com/00000198-4308-d7c8-a3df-4f5ff9e10000,Source: Energy Intelligence,"COPYRIGHT © 2001-2022 ENERGY INTELLIGENCE GROUP, INC. / ENERGY INTELLIGENCE GROUP (UK) LIMITED.",Click on the link below to go to the relevant article,"July 2025: Production has started from the first of four wells that comprise the first phase of development at Shenandoah, which is expected to ramp up to 100,000 barrels of oil per day."
Shenandoah Phase 2,Yes,United States,https://www.energyintel.com/00000198-4308-d7c8-a3df-4f5ff9e10000,Source: Energy Intelligence,"COPYRIGHT © 2001-2022 ENERGY INTELLIGENCE GROUP, INC. / ENERGY INTELLIGENCE GROUP (UK) LIMITED.",Click on the link below to go to the relevant article,"July 2025: The platform is now located about 150 miles off the coast of Louisiana in about 5,800 feet of water. It has a nameplate capacity of 120,000 b/d of oil and 140 MMcf/d of gas to accommodate volumes from Shenandoah Phase 2."
Shenandoah South,Yes,United States,https://www.energyintel.com/00000198-4308-d7c8-a3df-4f5ff9e10000,Source: Energy Intelligence,"COPYRIGHT © 2001-2022 ENERGY INTELLIGENCE GROUP, INC. / ENERGY INTELLIGENCE GROUP (UK) LIMITED.",Click on the link below to go to the relevant article,"July 2025: Shenandoah South is located in 5,800-6,000 feet of water and involves the drilling and completion of two wells, with initial production from the first well expected in the second quarter of 2028."
Shenzi North Expansion,Yes,United States,https://www.energyintel.com/0000018a-94f3-db55-a98e-f6ffdd2b0000,Source: Energy Intelligence,"COPYRIGHT © 2001-2022 ENERGY INTELLIGENCE GROUP, INC. / ENERGY INTELLIGENCE GROUP (UK) LIMITED.",Click on the link below to go to the relevant article,"Sep. 2023: “First production from Shenzi North shows how we are leveraging existing infrastructure to increase production and provide attractive returns from our Gulf of Mexico business,” Woodside CEO Meg O’Neill said in a statement. BHP had allocated about $544 million in capex for Shenzi North at the time it was sanctioned. Woodside has not disclosed a cost estimate for the project."
Shunbei,Uncertain,China,https://www.energyintel.com/wcod/country-profile/china,Source: Energy Intelligence,"COPYRIGHT © 2001-2022 ENERGY INTELLIGENCE GROUP, INC. / ENERGY INTELLIGENCE GROUP (UK) LIMITED.",Click on the link below to go to the relevant article,"In January 2022, Sinopec reported a discovery in the Shunbei oil and gas field in Tarim Basin. It is estimated to contain 645 million bbl of recoverable condensate and 290 billion cubic meters of natural gas. CNPC had reported a discovery of 2.3 billion bbl of oil resources and 116.5 trillion cubic feet of gas in the western Tarim Basin two years ago. Two major oil blocks, Bozi-Dabei and Tabei, began in Tarim Basin in 2020 and 2021."
Sierra Blancas,Yes,Argentina,https://www.energyintel.com/wcod/country-profile/argentina,Source: Energy Intelligence,"COPYRIGHT © 2001-2022 ENERGY INTELLIGENCE GROUP, INC. / ENERGY INTELLIGENCE GROUP (UK) LIMITED.",Click on the link below to go to the relevant article,"Shell has been developing Sierras Blancas, Cruz de Lorena and Coiron Amargo Sur Oeste assets since 2018 with combined production averaging around 31,000 boe/d in 2021"
Sindbad Oilfield,Uncertain,Iraq,https://www.energyintel.com/wcod/country-profile/iraq,Source: Energy Intelligence,"COPYRIGHT © 2001-2022 ENERGY INTELLIGENCE GROUP, INC. / ENERGY INTELLIGENCE GROUP (UK) LIMITED.",Click on the link below to go to the relevant article,"Iraq is aiming to resolve the standoffs that have repeatedly hindered its upstream projects in the past, including unfavorable terms, thin margins, payment delays, geopolitical risks and divestments."
Skavl Sto,Uncertain,Norway,https://www.energyintel.com/wcod/country-profile/norway,Source: Energy Intelligence,"COPYRIGHT © 2001-2022 ENERGY INTELLIGENCE GROUP, INC. / ENERGY INTELLIGENCE GROUP (UK) LIMITED.",Click on the link below to go to the relevant article,Several oil discoveries have been found in the Johan Castberg area of the relatively untapped Barents Sea.
Smith Bay,Uncertain,United States,https://www.energyintel.com/0000017b-a7d8-de4c-a17b-e7dadec60000,Source: Energy Intelligence,"COPYRIGHT © 2001-2022 ENERGY INTELLIGENCE GROUP, INC. / ENERGY INTELLIGENCE GROUP (UK) LIMITED.",Click on the link below to go to the relevant article,"Alaska still boasts proved oil reserves of 1.6 billion barrels, but besides the oil in some new fields on the western and eastern fringes of the core Prudhoe Bay area, such as Mustang, Pikka, Smith Bay and Liberty, the state currently doesn't offer many opportunities that would move the needle for IOCs today"
Snofonn Nord,Uncertain,Norway,https://www.energyintel.com/wcod/country-profile/norway,Source: Energy Intelligence,"COPYRIGHT © 2001-2022 ENERGY INTELLIGENCE GROUP, INC. / ENERGY INTELLIGENCE GROUP (UK) LIMITED.",Click on the link below to go to the relevant article,"Two further oil discoveries were found in the Johan Castberg area of the relatively untapped Barents Sea in March 2021 and May 2022, containing an estimated 68 million-100 million barrels of oil."
Snorre Expansion,Yes,Norway,https://www.energyintel.com/wcod/crude-profile/statfjord-blend,Source: Energy Intelligence,"COPYRIGHT © 2001-2022 ENERGY INTELLIGENCE GROUP, INC. / ENERGY INTELLIGENCE GROUP (UK) LIMITED.",Click on the link below to go to the relevant article,"The Snorre expansion project, which was planned for 2021, came on line ahead of schedule in December 2020. Costing an estimated $2.27 billion, it is expected to recover an additional 200 million barrels of oil and boost oil recovery beyond 2040."
Sockeye Prospect,Uncertain,United States,https://www.energyintel.com/wcod/crude-profile/alaska-north-slope,Source: Energy Intelligence,"COPYRIGHT © 2001-2022 ENERGY INTELLIGENCE GROUP, INC. / ENERGY INTELLIGENCE GROUP (UK) LIMITED.",Click on the link below to go to the relevant article,"Feb. 2024: Some operators are eyeing output growth from ANS, which still holds key advantages including lower costs, infrastructure synergies and low-carbon production."
Sohrab,Yes,Iran,https://www.energyintel.com/0000017e-d3c1-d21f-a3fe-dbdfeec60000,Source: Energy Intelligence,"COPYRIGHT © 2001-2022 ENERGY INTELLIGENCE GROUP, INC. / ENERGY INTELLIGENCE GROUP (UK) LIMITED.",Click on the link below to go to the relevant article,"Under the Iran Petroleum Contract (IPC) deal, Dana Energy will finance, develop and operate the Sohrab field on the border with Iraq for 20 years"
Solsort West Lobe,Yes,Denmark,https://www.energyintel.com/wcod/crude-profile/danish-crude-blend,Source: Energy Intelligence,"COPYRIGHT © 2001-2022 ENERGY INTELLIGENCE GROUP, INC. / ENERGY INTELLIGENCE GROUP (UK) LIMITED.",Click on the link below to go to the relevant article,"To offset decline rates, some underdevelopment projects are underway, including the Solsort West Lobe expected to start by the end of 2024 and expected to account for around 12% of Denmark’s oil output."
Solveig,Yes,Norway,https://www.energyintel.com/wcod/crude-profile/grane,Source: Energy Intelligence,"COPYRIGHT © 2001-2022 ENERGY INTELLIGENCE GROUP, INC. / ENERGY INTELLIGENCE GROUP (UK) LIMITED.",Click on the link below to go to the relevant article,Is tied back to Edvard Greig field.
Solveig Phase 2,Yes,Norway,https://www.energyintel.com/00000183-1ca1-de15-a187-dde53c5c0000,Source: Energy Intelligence,"COPYRIGHT © 2001-2022 ENERGY INTELLIGENCE GROUP, INC. / ENERGY INTELLIGENCE GROUP (UK) LIMITED.",Click on the link below to go to the relevant article,"Aker BP plans to invest roughly $10 billion in this area. There are 12 different reservoirs that will be commingled in production, so it's highly complex. But it also means that the individual risk for the individual reservoir is mitigated."
South Lokichar,No,Kenya,https://www.energyintel.com/00000188-540c-d447-a38d-5d4e453f0000,Source: Energy Intelligence,"COPYRIGHT © 2001-2022 ENERGY INTELLIGENCE GROUP, INC. / ENERGY INTELLIGENCE GROUP (UK) LIMITED.",Click on the link below to go to the relevant article,"Oil India Chairman Ranjit Rath has confirmed that his own company and India's ONGC Videsh are talking to Tullow Oil about farming into the undeveloped South Lokichar oil project in Kenya.
TotalEnergies and Canada's Africa Oil recently exited the long-stalled project, leaving Tullow with 100% ownership."
Sparta,Yes,United States,https://www.energyintel.com/0000018c-8328-d61c-a7cc-fbbee5160000,Source: Energy Intelligence,"COPYRIGHT © 2001-2022 ENERGY INTELLIGENCE GROUP, INC. / ENERGY INTELLIGENCE GROUP (UK) LIMITED.",Click on the link below to go to the relevant article,"The facility will be an “enhanced” near-replica of Shell’s two most recent US Gulf hubs — Vito, which started up this year, and Whale, due on line next year. By utilizing “standardized, simplified host designs,” Shell says it is able to save time and money on these types of offshore megaprojects. """
Spruance,Yes,United States,https://www.energyintel.com/00000181-abd6-d7f4-a391-eff641ee0000,Source: Energy Intelligence,"COPYRIGHT © 2001-2022 ENERGY INTELLIGENCE GROUP, INC. / ENERGY INTELLIGENCE GROUP (UK) LIMITED.",Click on the link below to go to the relevant article,"Spruance was one of four tie-back projects that LLOG expected to bring on line over the last 12 months, along with Praline, Taggart and Dome Patrol."
Starman,Uncertain,United States,https://www.energyintel.com/00000184-1068-d196-a9d5-7ee8d36c0000,Source: Energy Intelligence,"COPYRIGHT © 2001-2022 ENERGY INTELLIGENCE GROUP, INC. / ENERGY INTELLIGENCE GROUP (UK) LIMITED.",Click on the link below to go to the relevant article,"Oct. 2022: Its most recent well, targeting the Chevron-operated Starman prospect in Mississippi Canyon, finished drilling  in October 2022. Sources say it is set to be plugged and abandoned after no commercial hydrocarbons were found"
Structures A&E,Uncertain,Libya,https://www.energyintel.com/0000018e-18ef-dd36-a7cf-3bff534f0000,Source: Energy Intelligence,"COPYRIGHT © 2001-2022 ENERGY INTELLIGENCE GROUP, INC. / ENERGY INTELLIGENCE GROUP (UK) LIMITED.",Click on the link below to go to the relevant article,"Mar. 20The incident echoed earlier complaints by Oun over Eni’s contract to develop the A and E structures at Bahr Essalam, which he believed favored the Italian major."
Suizhong 36-2,Yes,China,https://www.energyintel.com/00000193-ce77-de94-add3-dff797f50000,Source: Energy Intelligence,"COPYRIGHT © 2001-2022 ENERGY INTELLIGENCE GROUP, INC. / ENERGY INTELLIGENCE GROUP (UK) LIMITED.",Click on the link below to go to the relevant article,"Dec. 2024: CNOOC is on target to produce 2 million boe by 2025 and may even reach its goal this year, courtesy of its nonoperated stakes in Guyana’s prolific Staebroek field and offshore Brazil."
"Sumar, Saman, Delavaran",Uncertain,Iran,https://www.energyintel.com/00000194-6aab-d625-ab9e-faab34aa0000,Source: Energy Intelligence,"COPYRIGHT © 2001-2022 ENERGY INTELLIGENCE GROUP, INC. / ENERGY INTELLIGENCE GROUP (UK) LIMITED.",Click on the link below to go to the relevant article,"Jan. 2025: “The new term of Donald Trump is going to be very crippling on Iran, and that will implement a lot of pressure on Iranian oil exports and financial transactions,” Danial Rahmat, a senior energy security consultant based in Iran, told the Gulf I"
Sumer,Uncertain,Iraq,https://www.energyintel.com/wcod/country-profile/iraq,Source: Energy Intelligence,"COPYRIGHT © 2001-2022 ENERGY INTELLIGENCE GROUP, INC. / ENERGY INTELLIGENCE GROUP (UK) LIMITED.",Click on the link below to go to the relevant article,"Iraq's achievement of its upstream goals will also depend on its ability to find outlets for its incremental crude by renovating its poor southern export infrastructure and boosting its aging refining capacity. Additionally, future production plans will also be a function of Opec-plus quota constraints."
Sunspear,Yes,United States,https://www.energyintel.com/00000189-dbb4-d433-a5ad-fbbfc3830000,Source: Energy Intelligence,"COPYRIGHT © 2001-2022 ENERGY INTELLIGENCE GROUP, INC. / ENERGY INTELLIGENCE GROUP (UK) LIMITED.",Click on the link below to go to the relevant article,"Aug. 2023: Talos said it made a discovery at its Sunspear prospect in the northeastern corner of Green Canyon. The field will be tied back to Talos’ Prince platform, which it acquired during its takeover of Enven last year."
Symra,Yes,Norway,https://www.energyintel.com/00000185-1c02-dbb8-abed-3e8fed750000,Source: Energy Intelligence,"COPYRIGHT © 2001-2022 ENERGY INTELLIGENCE GROUP, INC. / ENERGY INTELLIGENCE GROUP (UK) LIMITED.",Click on the link below to go to the relevant article,"Aker BP is also going ahead with three North Sea tie-back projects in the Utsira High area that will utilize capacity at Edvard Grieg and Ivar Aasen, for start up in 2026-27, partnered by Equinor, Sval Energi, OMV and Wintershall Dea."
Taggart,Yes,United States,https://www.energyintel.com/00000181-abd6-d7f4-a391-eff641ee0000,Source: Energy Intelligence,"COPYRIGHT © 2001-2022 ENERGY INTELLIGENCE GROUP, INC. / ENERGY INTELLIGENCE GROUP (UK) LIMITED.",Click on the link below to go to the relevant article,"June 2022: Spruance was one of four tie-back projects that LLOG expected to bring on line over the last 12 months, along with Praline, Taggart and Dome Patrol."
Tahara Oil Field,Yes,Libya,https://www.energyintel.com/0000017f-270a-d289-afff-e72b538d0000,Source: Energy Intelligence,"COPYRIGHT © 2001-2022 ENERGY INTELLIGENCE GROUP, INC. / ENERGY INTELLIGENCE GROUP (UK) LIMITED.",Click on the link below to go to the relevant article,"In November 2021, NOC submitted an integrated plan to develop a number of discoveries in the Hamada area."
Talbot,Yes,United Kingdom,https://www.energyintel.com/00000191-3285-dd10-af93-37ad12e50000,Source: Energy Intelligence,"COPYRIGHT © 2001-2022 ENERGY INTELLIGENCE GROUP, INC. / ENERGY INTELLIGENCE GROUP (UK) LIMITED.",Click on the link below to go to the relevant article,"Aug. 2024: Harbour is working on several new projects in the UK North Sea, including Talbot, a three-well subsea development tied back to Harbour’s Judy platform. Harbour is targeting first oil from Talbot “around year-end,” Cook said."
Tangkulo,Uncertain,Indonesia,https://www.energyintel.com/0000018f-7148-d757-addf-7dd820820000,Source: Energy Intelligence,"COPYRIGHT © 2001-2022 ENERGY INTELLIGENCE GROUP, INC. / ENERGY INTELLIGENCE GROUP (UK) LIMITED.",Click on the link below to go to the relevant article,"May 2024: Mubadala Energy said it made a discovery with potential for over 2 trillion cubic feet of natural gas-in-place, deep in the Andaman Sea, offshore Indonesia, further strengthening the possibility of an LNG development for domestic use and for export abroad.
This discovery positions the Andaman area as one of the world’s most important gas plays, Mubadala said in a statement published on LinkedIn."
Tazovsky,Yes,Russia,https://www.energyintel.com/0000017c-093b-d8f4-ad7d-9bbfbf600001,Source: Energy Intelligence,"COPYRIGHT © 2001-2022 ENERGY INTELLIGENCE GROUP, INC. / ENERGY INTELLIGENCE GROUP (UK) LIMITED.",Click on the link below to go to the relevant article,"Sep. 2021: Gazprom Neft and Lukoil aim to invest some 200 billion rubles ($2.74 billion) in the coming years in their new JV based on Meretoyakhaneftegas. The unit groups several assets, including  Tazovsky."
Telephone Lake,Uncertain,Canada,https://www.energyintel.com/0000017b-a7c8-de4c-a17b-e7ca6a4b0000,Source: Energy Intelligence,"COPYRIGHT © 2001-2022 ENERGY INTELLIGENCE GROUP, INC. / ENERGY INTELLIGENCE GROUP (UK) LIMITED.",Click on the link below to go to the relevant article,"The Calgary-based company said the 100%-owned steam-assisted gravity drainage (SAGD) project is expected to have a production capacity of 180,000 barrels per day when fully developed."
Tengiz Expansion (Future Growth Project),Yes,Kazakhstan,https://www.energyintel.com/0000019a-10d2-d853-ab9f-5ffeabfe0000,Source: Energy Intelligence,"COPYRIGHT © 2001-2022 ENERGY INTELLIGENCE GROUP, INC. / ENERGY INTELLIGENCE GROUP (UK) LIMITED.",Click on the link below to go to the relevant article,"Oct. 2025: The US granted a special general license to the giant Tengiz oil field in Kazakhstan operated by Chevron, in which Lukoil holds 5%, and to the CPC, in which both Lukoil and Rosneft are shareholders."
Terra Nova,Yes,Canada,https://www.energyintel.com/0000018c-1270-d3ae-af8f-7e72d9e70000,Source: Energy Intelligence,"COPYRIGHT © 2001-2022 ENERGY INTELLIGENCE GROUP, INC. / ENERGY INTELLIGENCE GROUP (UK) LIMITED.",Click on the link below to go to the relevant article,"Nov. 2023: Suncor Energy has resumed production at the Terra Nova field offshore Eastern Canada, nearly four years after the project was first taken off line. The restart follows a life extension project that was prolonged by the Covid-19 pandemic that is expected to add 10 years and 70 million barrels of oil to the FPSO’s production capacity."
Tiber-Guadalupe,Yes,United States,https://www.energyintel.com/00000198-df0f-db15-a5fd-ffffac520000,Source: Energy Intelligence,"COPYRIGHT © 2001-2022 ENERGY INTELLIGENCE GROUP, INC. / ENERGY INTELLIGENCE GROUP (UK) LIMITED.",Click on the link below to go to the relevant article,"Aug. 2025: BP says it has identified a combined 10 billion boe of in-place resources in a wider area around Kaskida and the nearby Tiber discovery, on which it expects to take FID later this year."
Tiberius,Yes,United States,https://www.energyintel.com/0000018b-1ff8-da1d-a5bf-3ffb93680000,Source: Energy Intelligence,"COPYRIGHT © 2001-2022 ENERGY INTELLIGENCE GROUP, INC. / ENERGY INTELLIGENCE GROUP (UK) LIMITED.",Click on the link below to go to the relevant article,"Oct. 2023: “Exploration success at Tiberius validates our proven basin infrastructure-led exploration strategy, which is focused on low-cost, short-cycle development opportunities,” CEO Andrew Inglis said. “The Gulf of Mexico is an advantaged basin with top-quartile carbon emissions.” Inglis has referred to Tiberius as “one of the best prospects” in the company's exploration portfolio."
Tilenga,Yes,Uganda,https://www.energyintel.com/00000196-4827-d963-a1bf-5b3779ba0000,Source: Energy Intelligence,"COPYRIGHT © 2001-2022 ENERGY INTELLIGENCE GROUP, INC. / ENERGY INTELLIGENCE GROUP (UK) LIMITED.",Click on the link below to go to the relevant article,"Apr. 2025: Start-up of the190,000 b/d Tilenga Lake Albert development has been pushed back, likely to next year, mainly because of opposition to the linked export pipeline to the Tanzanian coast."
Toppand,Yes,Norway,https://www.energyintel.com/00000186-9d4c-d045-afd6-bf6d01fe0000,Source: Energy Intelligence,"COPYRIGHT © 2001-2022 ENERGY INTELLIGENCE GROUP, INC. / ENERGY INTELLIGENCE GROUP (UK) LIMITED.",Click on the link below to go to the relevant article,"Mar. 2023: Equinor has increased its interests in five discoveries in the Troll, Fram and Kvitebjorn area of the Norwegian North Sea through a deal with private equity-backed compatriot Wellesley Petroleum."
Tor II,Yes,Norway,https://www.energyintel.com/wcod/crude-profile/ekofisk-blend,Source: Energy Intelligence,"COPYRIGHT © 2001-2022 ENERGY INTELLIGENCE GROUP, INC. / ENERGY INTELLIGENCE GROUP (UK) LIMITED.",Click on the link below to go to the relevant article,"In December 2020, production started from the Tor II development project, five years after the field was shut down at the end of 2015; Tor’s new production will tap around 68 million barrels of oil equivalent of recoverable reserves through a subsea tie-back to the Ekofisk field center."
Tornado,Yes,United States,,Source: Energy Intelligence,"COPYRIGHT © 2001-2022 ENERGY INTELLIGENCE GROUP, INC. / ENERGY INTELLIGENCE GROUP (UK) LIMITED.",Click on the link below to go to the relevant article,"Jun. 2021: US independent Talos Energy has discovered more oil and gas in the deepwater Gulf of Mexico and says the well will start producing sooner than expected, in the third quarter of this year. The Tornado 3 sidetrack well discovered about 63 net feet of pay, in line with predrill expectations, and is expected to produce 8,000-10,000 boe/d (80% oil) once on line, Talos said."
Tortue Phase 2,Yes,Gabon,https://www.energyintel.com/wcod/country-profile/gabon,Source: Energy Intelligence,"COPYRIGHT © 2001-2022 ENERGY INTELLIGENCE GROUP, INC. / ENERGY INTELLIGENCE GROUP (UK) LIMITED.",Click on the link below to go to the relevant article,Onstream after delays related to the pandemic .
Touggourt Expansion,Yes,Algeria,https://www.energyintel.com/wcod/crude-profile/saharan-blend,Source: Energy Intelligence,"COPYRIGHT © 2001-2022 ENERGY INTELLIGENCE GROUP, INC. / ENERGY INTELLIGENCE GROUP (UK) LIMITED.",Click on the link below to go to the relevant article,"Saharan Blend accounts for 75% of Algerian output and is produced from a number of fields. Hassi Messaoud, located northeast of Algiers, is by far the largest contributor, holding an estimated 3.9 billion barrels of the country's 12.1 billion bbl of proved and probable reserves."
Trion,Yes,Mexico,https://www.energyintel.com/00000191-762e-dd10-af93-772e49400000,Source: Energy Intelligence,"COPYRIGHT © 2001-2022 ENERGY INTELLIGENCE GROUP, INC. / ENERGY INTELLIGENCE GROUP (UK) LIMITED.",Click on the link below to go to the relevant article,"Aug. 2024: The 100,000 b/d deepwater Trion field, operated by Australian oil and gas producer Woodside Energy, was sanctioned in 2023 and is currently expected to come on line in 2028."
Triton,Uncertain,Russia,https://www.energyintel.com/00000189-b318-d835-abbb-ff39e08c0003,Source: Energy Intelligence,"COPYRIGHT © 2001-2022 ENERGY INTELLIGENCE GROUP, INC. / ENERGY INTELLIGENCE GROUP (UK) LIMITED.",Click on the link below to go to the relevant article,"Aug. 2023: Gazpromneft Shelf is responsible for development of the big Neptun and Triton discoveries offshore Sakhalin, but sources say little progress has been made so far because the company does not have access to the international partners and imported equipment that it would need."
Tuba Expansion,Uncertain,Iraq,https://www.energyintel.com/00000196-fd75-de95-abd7-fff538690000,Source: Energy Intelligence,"COPYRIGHT © 2001-2022 ENERGY INTELLIGENCE GROUP, INC. / ENERGY INTELLIGENCE GROUP (UK) LIMITED.",Click on the link below to go to the relevant article,"May 2025:The South Basrah venture represents the latest integrated energy project that Iraq has signed onto in recent years, following multibillion-dollar agreements with France's TotalEnergies and the UK's BP.

"
Tyrving,Yes,Norway,https://www.energyintel.com/0000018d-22a1-db4a-a9cf-eefbb1100000,Source: Energy Intelligence,"COPYRIGHT © 2001-2022 ENERGY INTELLIGENCE GROUP, INC. / ENERGY INTELLIGENCE GROUP (UK) LIMITED.",Click on the link below to go to the relevant article,"Jan. 2024: A Norwegian court has overturned the development approvals for three offshore oilfields after a legal challenge from environmental groups who claim government regulators did not properly assess the impact of their production. Green groups Greenpeace and Nature and Youth argued that the Norwegian Offshore Directorate’s approval of the Equinor-operated Breidablikk field and Yggdrasil and Tyrving, operated by Aker BP, did not account for the emissions generated by the fields' production."
Uaru FPSO,Yes,Guyana,https://www.energyintel.com/00000195-2929-d5c9-a5b7-bf2928fa0000,Source: Energy Intelligence,"COPYRIGHT © 2001-2022 ENERGY INTELLIGENCE GROUP, INC. / ENERGY INTELLIGENCE GROUP (UK) LIMITED.",Click on the link below to go to the relevant article,"Feb. 2025: Exxon expects the Yellowtail, Uaru, Whiptail and Hammerhead developments to start commercial operations in 2025, 2026, 2027 and 2029, respectively."
Umm Al Anbar,Yes,United Arab Emirates,https://www.energyintel.com/00000186-c6cc-dffb-a39f-e7fead1f0000,Source: Energy Intelligence,"COPYRIGHT © 2001-2022 ENERGY INTELLIGENCE GROUP, INC. / ENERGY INTELLIGENCE GROUP (UK) LIMITED.",Click on the link below to go to the relevant article,"The smaller Adnoc concession, in which Japan's Cosmo Oil is the largest shareholder, covers the offshore Mubarraz, Umm al-Anbar, Neewat al-Ghalan and Hail fields, and is understood to produce above 30,000 b/d."
Umm al-Dalkh field expansion,Yes,United Arab Emirates,https://www.energyintel.com/wcod/crude-profile/upper-zakum,Source: Energy Intelligence,"COPYRIGHT © 2001-2022 ENERGY INTELLIGENCE GROUP, INC. / ENERGY INTELLIGENCE GROUP (UK) LIMITED.",Click on the link below to go to the relevant article,"The smaller Umm al-Dalkh field also underwent an expansion project that likely added 5,000 b/d of crude capacity in 2022."
Upper Zakum Expansion - UZ1000,Yes,United Arab Emirates,https://www.energyintel.com/00000180-47e7-d58f-a7cd-eff714970000,Source: Energy Intelligence,"COPYRIGHT © 2001-2022 ENERGY INTELLIGENCE GROUP, INC. / ENERGY INTELLIGENCE GROUP (UK) LIMITED.",Click on the link below to go to the relevant article,"As of late 2021 the field was capable of pumping 1 million b/d on a sustained basis. Actual output, however, was closer to 750,000 b/d in early 2022  due to Opec-plus commitments."
Upper Zakum Expansion Project - Phase 2,Yes,United Arab Emirates,https://www.energyintel.com/00000196-d96a-dd1d-ab9f-fffbf0100000,Source: Energy Intelligence,"COPYRIGHT © 2001-2022 ENERGY INTELLIGENCE GROUP, INC. / ENERGY INTELLIGENCE GROUP (UK) LIMITED.",Click on the link below to go to the relevant article,"May. 2025: Exxon Mobil, Abu Dhabi National Oil Co. (Adnoc) and partner Japanese Inpex have agreed to a development plan for the expansion of the giant Upper Zakum oil field as part of a raft of deals."
Usan Redevelopment,Uncertain,Nigeria,https://www.energyintel.com/00000196-ab4e-d691-af97-bb4f98380000,Source: Energy Intelligence,"COPYRIGHT © 2001-2022 ENERGY INTELLIGENCE GROUP, INC. / ENERGY INTELLIGENCE GROUP (UK) LIMITED.",Click on the link below to go to the relevant article,"May 2025: Exxon Mobil is working to green-light a $1.5 billion project aimed at “revitalizing” flagging output at its deepwater Usan field offshore Nigeria, according to the country’s upstream regulator.

"
Valhall PWP,Yes,Norway,https://www.energyintel.com/00000185-1c02-dbb8-abed-3e8fed750000,Source: Energy Intelligence,"COPYRIGHT © 2001-2022 ENERGY INTELLIGENCE GROUP, INC. / ENERGY INTELLIGENCE GROUP (UK) LIMITED.",Click on the link below to go to the relevant article,"Aker BP will partner with Poland’s PGNIG and Pandion Energy to develop the 230 million boe Valhall PWP-Fenris gas project, which is expected to start up in 2027 at a cost of 50 billion kroner ($5.1 billion)."
Van Gogh Phase 2 infill development,Yes,Australia,https://www.energyintel.com/00000189-fe06-d1ad-a1f9-ff2662b50000,Source: Energy Intelligence,"COPYRIGHT © 2001-2022 ENERGY INTELLIGENCE GROUP, INC. / ENERGY INTELLIGENCE GROUP (UK) LIMITED.",Click on the link below to go to the relevant article,"Domestic oil production will continue to fall as Australia's four largest oil fields — Vincent, Pyrenees, Van Gogh and the North West Shelf — approach the end of their life."
Vancouver,Uncertain,United States,https://www.energyintel.com/00000189-9392-d6b3-af89-d396e4ba0000,Source: Energy Intelligence,"COPYRIGHT © 2001-2022 ENERGY INTELLIGENCE GROUP, INC. / ENERGY INTELLIGENCE GROUP (UK) LIMITED.",Click on the link below to go to the relevant article,"Jul. 2023: Hess revealed that its target in 2023 will be the Vancouver prospect on Green Canyon Block 287, shared with Shell and Chevron (30% each)."
Vaneyvisskoye and Layavozhskoye Fields,Uncertain,Russia,https://www.energyintel.com/0000017e-05e3-d2ba-adfe-0de31fc90001,Source: Energy Intelligence,"COPYRIGHT © 2001-2022 ENERGY INTELLIGENCE GROUP, INC. / ENERGY INTELLIGENCE GROUP (UK) LIMITED.",Click on the link below to go to the relevant article,"Dec. 2021: When the fields, which hold aggregate recoverable reserves of 27.4 million metric tons (201 million bbl) of liquids and 225.3 Bcm of gas, could see first output is unknown. At this stage the partners do not seem to be prioritizing the play considering they signed the tie-up agreement for the fields back in 2018."
Venus Prospect,Uncertain,Namibia,https://www.energyintel.com/00000196-ca38-de95-abd7-effc2c2b0000,Source: Energy Intelligence,"COPYRIGHT © 2001-2022 ENERGY INTELLIGENCE GROUP, INC. / ENERGY INTELLIGENCE GROUP (UK) LIMITED.",Click on the link below to go to the relevant article,"May 2025:  Namibia expects TotalEnergies to submit a field development plan for its ultra-deepwater Venus oil project in June and to make an investment decision by 2026 Q4, Petroleum Commissioner Maggy Shino has told Energy Intelligence."
Verdande,Yes,Norway,https://www.energyintel.com/00000189-03c7-dde9-a7df-c3ef7bf40000,Source: Energy Intelligence,"COPYRIGHT © 2001-2022 ENERGY INTELLIGENCE GROUP, INC. / ENERGY INTELLIGENCE GROUP (UK) LIMITED.",Click on the link below to go to the relevant article,"Equinor has been given the green light to develop the Verdande oil field, which represents an investment of $440 million. Verdande will be tied back to existing infrastructure to ""quickly bring new production to market with low development costs."""
Vidsyn Prospect,Uncertain,Norway,https://www.energyintel.com/00000197-f8d6-d7c8-a3d7-ffdf23820000,Source: Energy Intelligence,"COPYRIGHT © 2001-2022 ENERGY INTELLIGENCE GROUP, INC. / ENERGY INTELLIGENCE GROUP (UK) LIMITED.",Click on the link below to go to the relevant article,Jul. 2025:  Var Energi is budgeting for an annual exploration spend of $200 million-$300 million over the rest of the decade.
Vito,Yes,United States,https://www.energyintel.com/00000186-5c3e-de95-a7ae-5f3efac80000,Source: Energy Intelligence,"COPYRIGHT © 2001-2022 ENERGY INTELLIGENCE GROUP, INC. / ENERGY INTELLIGENCE GROUP (UK) LIMITED.",Click on the link below to go to the relevant article,"Aug. 2024: Shell said it will start water injection in 2027 to sweep additional oil into the Vito production wells and repressurize the reservoir, which will result in the recovery of an additional 60 million barrels of oil equivalent from the field — a number that was already baked into its earlier estimate of 290 million boe of recoverable resources."
Volans,Uncertain,Namibia,https://www.energyintel.com/00000199-a06c-d267-a5fb-e4ed7ab10000,Source: Energy Intelligence,"COPYRIGHT © 2001-2022 ENERGY INTELLIGENCE GROUP, INC. / ENERGY INTELLIGENCE GROUP (UK) LIMITED.",Click on the link below to go to the relevant article,"Oct. 2025: The Namibia-based independent said the well spudded in late July and was drilled to a depth of around 4,500 meters, encountering gas condensate with an API gravity of around 40°.The reservoir showed excellent petrophysical properties, and analy"
Vorlich,Yes,United Kingdom,https://www.energyintel.com/00000182-3687-d68e-abf6-b7a762f70001,Source: Energy Intelligence,"COPYRIGHT © 2001-2022 ENERGY INTELLIGENCE GROUP, INC. / ENERGY INTELLIGENCE GROUP (UK) LIMITED.",Click on the link below to go to the relevant article,Jul. 2022: Greenpeace is separately seeking permission from the UK Supreme Court to challenge BP's permit to extract oil from the Vorlich field after losing its initial case against Vorlich in the Scottish courts.
Vostochno-Kamennoye,Yes,Russia,https://www.energyintel.com/0000018d-3146-d0d3-a9bd-f75744980000,Source: Energy Intelligence,"COPYRIGHT © 2001-2022 ENERGY INTELLIGENCE GROUP, INC. / ENERGY INTELLIGENCE GROUP (UK) LIMITED.",Click on the link below to go to the relevant article,Jan. 2024: Russneft aims to start production from the Vostochno-Kamennoye field in West Siberia. It was supposed to be launched last year but was postponed because of crisis caused by the decline in oil prices and Opec-plus limitations.
Vostochno-Terelskaya,Uncertain,Russia,https://www.energyintel.com/00000191-8da1-dd10-af93-bdad8fa30000,Source: Energy Intelligence,"COPYRIGHT © 2001-2022 ENERGY INTELLIGENCE GROUP, INC. / ENERGY INTELLIGENCE GROUP (UK) LIMITED.",Click on the link below to go to the relevant article,Oct. 2024: Gazprom Neft has received three new licenses for the Vostochno-Terelskaya group of fields in the Yamal-Nenets region as it aims to develop a new production cluster and offset the plummeting output at mature fields. Gazprom Neft aims to drill three exploration wells and retest the existing ones to get a better understanding of the resource potential.
Vostok Oil Project Expansion,Yes,Russia,https://www.energyintel.com/00000196-68f2-d930-a5d6-6dfb443b0000,Source: Energy Intelligence,"COPYRIGHT © 2001-2022 ENERGY INTELLIGENCE GROUP, INC. / ENERGY INTELLIGENCE GROUP (UK) LIMITED.",Click on the link below to go to the relevant article,"Apr. 2025: Rosneft has said it is building the infrastructure needed for its huge Vostok Oil venture, including pipelines and export facilities on the Arctic shore, and is also working on the exploration and production activity needed for the project."
Wahoo,Yes,Brazil,https://www.energyintel.com/00000195-f354-db73-a39f-f7ff29060000,Source: Energy Intelligence,"COPYRIGHT © 2001-2022 ENERGY INTELLIGENCE GROUP, INC. / ENERGY INTELLIGENCE GROUP (UK) LIMITED.",Click on the link below to go to the relevant article,"Apr. 2025: Independent E&P Prio said last month it finally got a permit to begin development drilling at its Wahoo field, a 40,000 b/d tie-back to the Frade platform."
Walt Whitman,Uncertain,Gabon,https://www.energyintel.com/wcod/crude-profile/dussafu,Source: Energy Intelligence,"COPYRIGHT © 2001-2022 ENERGY INTELLIGENCE GROUP, INC. / ENERGY INTELLIGENCE GROUP (UK) LIMITED.",Click on the link below to go to the relevant article,No current plans seem to be in place for the Walt Whitman discoveries.
Wei-1,Uncertain,Guyana,https://www.energyintel.com/00000185-e4ac-dd05-a5b5-efec9f700000,Source: Energy Intelligence,"COPYRIGHT © 2001-2022 ENERGY INTELLIGENCE GROUP, INC. / ENERGY INTELLIGENCE GROUP (UK) LIMITED.",Click on the link below to go to the relevant article,"Industry observers have been keeping a close eye on Wei-1, which aims to further gauge the prospectivity of the Corentyne Block, sandwiched between the prolific Exxon Mobil-operated Stabroek Block off Guyana and the promising Block 58 operated by APA off neighboring Suriname."
Wenchang Cluster,Yes,China,https://www.energyintel.com/00000198-f05e-d8c0-a39e-f67eacd50000,Source: Energy Intelligence,"COPYRIGHT © 2001-2022 ENERGY INTELLIGENCE GROUP, INC. / ENERGY INTELLIGENCE GROUP (UK) LIMITED.",Click on the link below to go to the relevant article,"Aug. 2025: Output was driven by 10 new upstream start-ups, including the Bozhong 26-6 Phase 1 and Wenchang 9-7 oil developments offshore China and the Buzios 7 and Mero 4 oil projects off Brazil, CNOOC said."
West Henshaw wells,Yes,Mexico,https://www.energyintel.com/0000017b-ad8b-dc26-ab7b-edcb57a60000,Source: Energy Intelligence,"COPYRIGHT © 2001-2022 ENERGY INTELLIGENCE GROUP, INC. / ENERGY INTELLIGENCE GROUP (UK) LIMITED.",Click on the link below to go to the relevant article,Momentum from both Pemex and IOCs should help offset steep decline rates for several years.
West Qurna 1 Expansion,Uncertain,Iraq,https://www.energyintel.com/0000018b-ca99-dbb5-a5ef-defb7c500000,Source: Energy Intelligence,"COPYRIGHT © 2001-2022 ENERGY INTELLIGENCE GROUP, INC. / ENERGY INTELLIGENCE GROUP (UK) LIMITED.",Click on the link below to go to the relevant article,Nov. 2023: Iraq has signed an agreement with Exxon Mobil allowing the US major to transfer its remaining stake in the giant West Qurna-1 oil field to state-run Basrah Oil Co. (BOC) and complete its departure from the country. The announcement comes at a time of escalating attacks by Iran-backed militia groups on US military targets in Iraq and Syria in response to Israel's devastating assault on the Gaza Strip.
West Qurna 2 Expansion,Uncertain,Iraq,https://www.energyintel.com/0000018a-f89c-d883-a7ff-fafe19e00000,Source: Energy Intelligence,"COPYRIGHT © 2001-2022 ENERGY INTELLIGENCE GROUP, INC. / ENERGY INTELLIGENCE GROUP (UK) LIMITED.",Click on the link below to go to the relevant article,Nov. 2023: Lukoil has signed a supplementary agreement to its technical service contract for West Qurna-2 that provides it with greatly improved terms for a major increase in production. Changing a field development contract to give more generous terms to a foreign operator is a highly sensitive matter for Baghdad.
Whale,Yes,United States,https://www.energyintel.com/00000194-4c82-d38d-abd7-dca6f1a70000,Source: Energy Intelligence,"COPYRIGHT © 2001-2022 ENERGY INTELLIGENCE GROUP, INC. / ENERGY INTELLIGENCE GROUP (UK) LIMITED.",Click on the link below to go to the relevant article,"Jan. 2025: To save money and increase the company’s return on investment, the Whale floating production facility replicates the simplified design of Shell's Vito platform, which started production in 2023. Shell said it also features energy-efficient gas"
Whiptail,Yes,Guyana,https://www.energyintel.com/0000018e-d36f-d9cc-abce-ff7fbf120000,Source: Energy Intelligence,"COPYRIGHT © 2001-2022 ENERGY INTELLIGENCE GROUP, INC. / ENERGY INTELLIGENCE GROUP (UK) LIMITED.",Click on the link below to go to the relevant article,"Exxon Mobil announced that it has taken a final investment decision on its $12.7 billion Whiptail project offshore Guyana, its sixth development in the rapidly expanding deepwater oil play. This sixth multibillion-dollar project in Guyana will bring the country’s production capacity to approximately 1.3 million b/d."
White Rose Expansion,Yes,Canada,https://www.energyintel.com/00000193-8968-dd31-a1ff-9d78e3c10000,Source: Energy Intelligence,"COPYRIGHT © 2001-2022 ENERGY INTELLIGENCE GROUP, INC. / ENERGY INTELLIGENCE GROUP (UK) LIMITED.",Click on the link below to go to the relevant article,"Dec. 2024: Cenovus says its current breakeven is closer to US$50/bbl after factoring in capex allocated to growth projects, such as West White Rose off Canada's Atlantic Coast."
Willow,Yes,United States,https://www.energyintel.com/0000019a-5adb-d616-a7df-5eff1abc0000,Source: Energy Intelligence,"COPYRIGHT © 2001-2022 ENERGY INTELLIGENCE GROUP, INC. / ENERGY INTELLIGENCE GROUP (UK) LIMITED.",Click on the link below to go to the relevant article,"Nov. 2025: ConocoPhillips said Thursday that the cost of its controversial Willow oil project on Alaska’s North Slope has increased by around $1.5 billion at the midpoint, or over 20%, largely due to inflation."
Winterfell,Yes,United States,https://www.energyintel.com/0000018b-1ff8-da1d-a5bf-3ffb93680000,Source: Energy Intelligence,"COPYRIGHT © 2001-2022 ENERGY INTELLIGENCE GROUP, INC. / ENERGY INTELLIGENCE GROUP (UK) LIMITED.",Click on the link below to go to the relevant article,"Oct. 2023: Kosmos is also participating in the first phase of development drilling at the Beacon Offshore-operated Winterfell project in the Green Canyon area, which was set to kick off this quarter."
Wisting,Yes,Norway,https://www.energyintel.com/00000194-ff4a-dedc-a9fd-ff5b6a660000,Source: Energy Intelligence,"COPYRIGHT © 2001-2022 ENERGY INTELLIGENCE GROUP, INC. / ENERGY INTELLIGENCE GROUP (UK) LIMITED.",Click on the link below to go to the relevant article,"Feb. 2025: Norway’s offshore oil and gas investment is expected to rise to 253.8 billion kroner ($22.5 billion) this year, exceeding the record 251.2 billion kroner spent in 2024, according to the latest quarterly survey by Statistics Norway (SSB)."
Wushi 16-5,Uncertain,China,https://www.energyintel.com/0000018d-5481-d775-a79f-fcc36d7b0000,Source: Energy Intelligence,"COPYRIGHT © 2001-2022 ENERGY INTELLIGENCE GROUP, INC. / ENERGY INTELLIGENCE GROUP (UK) LIMITED.",Click on the link below to go to the relevant article,"Jan. 2024: Capex by China’s offshore specialist CNOOC Ltd. this year is likely to exceed last year’s record high, and match several Western majors’ spending, as the company hikes its oil and gas production targets out to 2025."
Wushi 23-5,Yes,China,https://www.energyintel.com/0000018d-5481-d775-a79f-fcc36d7b0000,Source: Energy Intelligence,"COPYRIGHT © 2001-2022 ENERGY INTELLIGENCE GROUP, INC. / ENERGY INTELLIGENCE GROUP (UK) LIMITED.",Click on the link below to go to the relevant article,"Jan. 2024: Capex by China’s offshore specialist CNOOC Ltd. this year is likely to exceed last year’s record high, and match several Western majors’ spending, as the company hikes its oil and gas production targets out to 2025."
Xaxamani,Yes,Mexico,https://www.energyintel.com/00000191-762e-dd10-af93-772e49400000,Source: Energy Intelligence,"COPYRIGHT © 2001-2022 ENERGY INTELLIGENCE GROUP, INC. / ENERGY INTELLIGENCE GROUP (UK) LIMITED.",Click on the link below to go to the relevant article,"Aug. 2024: The Xaxamani field will be developed with 15 wells, four shallow-water platforms and a floating production, storage and offloading unit, according to the CNH presentation. Gas produced from the play will be moved by pipeline to the existing Brillante plant."
Yadavaran Phase 2,Uncertain,Iran,https://www.energyintel.com/00000189-26b8-d3a6-a7eb-3eb917640000,Source: Energy Intelligence,"COPYRIGHT © 2001-2022 ENERGY INTELLIGENCE GROUP, INC. / ENERGY INTELLIGENCE GROUP (UK) LIMITED.",Click on the link below to go to the relevant article,"Jul. 2023:  An IPC deal for the next phase development of the large Yadavaran oil field, which aims to add some 600,000 b/d of capacity, might be signed as early as July 2023, according to a senior Iranian oil source."
Yarrow-1,Uncertain,Guyana,https://www.energyintel.com/00000184-15b6-d196-a9d5-7fbe3e170000,Source: Energy Intelligence,"COPYRIGHT © 2001-2022 ENERGY INTELLIGENCE GROUP, INC. / ENERGY INTELLIGENCE GROUP (UK) LIMITED.",Click on the link below to go to the relevant article,"According to Partner Hess, Guyana development remains ""key"" to the company's strategy and that it ""continues to see multibillion barrels of future exploration potential remaining."""
Yatzil,Uncertain,Mexico,https://www.energyintel.com/00000189-8e4f-da14-abff-ee6fb8cd0000,Source: Energy Intelligence,"COPYRIGHT © 2001-2022 ENERGY INTELLIGENCE GROUP, INC. / ENERGY INTELLIGENCE GROUP (UK) LIMITED.",Click on the link below to go to the relevant article,"Jul. 2023: Eni is laying the groundwork for future investments in Mexico by permitting a pair of wells that could help it expand on its existing discoveries in the country's waters. The permits are for Area 7, in which the company drilled the successful Yatzil-1EXP well earlier in 2023."
Yellowtail,Yes,Guyana,https://www.energyintel.com/00000198-8b55-db4e-a9bd-8fdfb41c0000,Source: Energy Intelligence,"COPYRIGHT © 2001-2022 ENERGY INTELLIGENCE GROUP, INC. / ENERGY INTELLIGENCE GROUP (UK) LIMITED.",Click on the link below to go to the relevant article,Aug. 2025: Exxon Mobil has started oil production at the Yellowtail field offshore Guyana — its fourth project in the prolific Stabroek Block and its latest to come on line below budget and ahead of schedule.
Yggdrasil,Uncertain,Norway,https://www.energyintel.com/00000198-ce0e-db81-a5fe-fe6e3be90000,Source: Energy Intelligence,"COPYRIGHT © 2001-2022 ENERGY INTELLIGENCE GROUP, INC. / ENERGY INTELLIGENCE GROUP (UK) LIMITED.",Click on the link below to go to the relevant article,Aug. 2025: Aker BP said it has discovered significant additional oil resources off the coast of Norway that support its ambition of producing more than 1 billion barrels of oil equivalent from the area around Yggdrasil.
Yibal Khuff,Yes,Oman,https://www.energyintel.com/00000181-f665-d5e3-a58b-f7775f9a0000,Source: Energy Intelligence,"COPYRIGHT © 2001-2022 ENERGY INTELLIGENCE GROUP, INC. / ENERGY INTELLIGENCE GROUP (UK) LIMITED.",Click on the link below to go to the relevant article,"The 21,900 b/d Yibal Khuff development that came on line in December the last of the big oil projects in the pipeline."
Yopaat,Uncertain,Mexico,https://www.energyintel.com/00000190-9317-df74-a9f0-f7bfa3340000,Source: Energy Intelligence,"COPYRIGHT © 2001-2022 ENERGY INTELLIGENCE GROUP, INC. / ENERGY INTELLIGENCE GROUP (UK) LIMITED.",Click on the link below to go to the relevant article,"Jul. 2024: Eni announced a new discovery in Block 9 in the Sureste Basin offshore Mexico that could pave the way for a potential hub development in the country’s mid-deep waters. Preliminary estimates indicate a discovered potential of around 300 million-400 million barrels of oil equivalent and associated gas in place, the Italian major said."
Yucatan,Uncertain,United States,https://www.energyintel.com/0000018a-9a8f-dd49-abdf-debfc0360000,Source: Energy Intelligence,"COPYRIGHT © 2001-2022 ENERGY INTELLIGENCE GROUP, INC. / ENERGY INTELLIGENCE GROUP (UK) LIMITED.",Click on the link below to go to the relevant article,"Sep. 2023: “Further evaluation of Coronado and Yucatan discoveries will be required to optimize their potential development,” the Beacon spokesperson said. “The Shenandoah [floating production system] … represents the logical host facility for current and future discoveries in the northwest Walker Ridge area.”"
Yuzhno-Obsky,Uncertain,Russia,https://www.energyintel.com/0000017e-e3f6-dfa7-a5ff-fff688b00000,Source: Energy Intelligence,"COPYRIGHT © 2001-2022 ENERGY INTELLIGENCE GROUP, INC. / ENERGY INTELLIGENCE GROUP (UK) LIMITED.",Click on the link below to go to the relevant article,"Feb. 2022: Gazprom Neft said it has completed seismic work in the Yuzhno-Obsky shallow-water license area in the Russian Arctic, which is expected to provide a basis for future exploration drilling."
Zabazaba/Etan,No,Nigeria,https://www.energyintel.com/wcod/country-profile/nigeria,Source: Energy Intelligence,"COPYRIGHT © 2001-2022 ENERGY INTELLIGENCE GROUP, INC. / ENERGY INTELLIGENCE GROUP (UK) LIMITED.",Click on the link below to go to the relevant article,"Eni's 150,000 b/d Zabazaba project and Exxon Mobil's 140,000 b/d Bosi field development have no clear timeline for FID."
Zagato Prospect,Uncertain,Norway,https://www.energyintel.com/00000194-ff4a-dedc-a9fd-ff5b6a660000,Source: Energy Intelligence,"COPYRIGHT © 2001-2022 ENERGY INTELLIGENCE GROUP, INC. / ENERGY INTELLIGENCE GROUP (UK) LIMITED.",Click on the link below to go to the relevant article,"Feb. 2025: Norway’s offshore oil and gas investment is expected to rise to 253.8 billion kroner ($22.5 billion) this year, exceeding the record 251.2 billion kroner spent in 2024, according to the latest quarterly survey by Statistics Norway (SSB).

"
Zama,Yes,Mexico,https://www.energyintel.com/00000195-6cff-d68d-a9b5-7dff1f980000,Source: Energy Intelligence,"COPYRIGHT © 2001-2022 ENERGY INTELLIGENCE GROUP, INC. / ENERGY INTELLIGENCE GROUP (UK) LIMITED.",Click on the link below to go to the relevant article,"Mar. 2025: Harbour Energy said that it is looking to take over operatorship of the shallow-water Zama field off the coast of Mexico, where it sees a growing opportunity for private developers under the more ""open-minded"" leadership of President Claudia Sh"
Zarzaitine,Yes,Algeria,https://www.energyintel.com/00000180-ffed-d59f-a3de-ffef94cd0000,Source: Energy Intelligence,"COPYRIGHT © 2001-2022 ENERGY INTELLIGENCE GROUP, INC. / ENERGY INTELLIGENCE GROUP (UK) LIMITED.",Click on the link below to go to the relevant article,Algeria updated its oil law 19-13 and fiscal terms in December 2019 in a concerted effort to win back the foreign investment it has sorely lacked in recent years
Zephyrus,Yes,United States,https://www.energyintel.com/00000194-b91b-d049-a5b5-bddb7d2e0000,Source: Energy Intelligence,"COPYRIGHT © 2001-2022 ENERGY INTELLIGENCE GROUP, INC. / ENERGY INTELLIGENCE GROUP (UK) LIMITED.",Click on the link below to go to the relevant article,"Jan. 2025: Murphy expects to produce 174,500-182,500 boe/d in 2025 and expects capital spending this year of $1.135 billion-$1.285 billion, with the largest sums going to the US Gulf of Mexico ($410 million).
"
Zhagrina,Yes,Russia,https://www.energyintel.com/0000018b-1348-da1d-a5bf-337bb5f90000,Source: Energy Intelligence,"COPYRIGHT © 2001-2022 ENERGY INTELLIGENCE GROUP, INC. / ENERGY INTELLIGENCE GROUP (UK) LIMITED.",Click on the link below to go to the relevant article,Oct. 2023:  Gazprom Neft launched a new crude oil pre-treatment unit at its Zhagrina field that should help it boost production at a core growth projects in West Siberia — on time and within planned parameters. The unit startup is seen as a sign that Russian producers are plugging away at long-term plans despite Western sanctions and other external pressures aimed at stultifying production growth.
Zhenis,No,Kazakhstan,https://www.energyintel.com/00000189-4465-d60a-a38f-c5f776a20000,Source: Energy Intelligence,"COPYRIGHT © 2001-2022 ENERGY INTELLIGENCE GROUP, INC. / ENERGY INTELLIGENCE GROUP (UK) LIMITED.",Click on the link below to go to the relevant article,"Jul. 2023: The Russian major and its partner Kazmunaigas drilled a dry well at Zhenis. The failure is a blow to Kazakhstan's efforts to revive investor interest in its untapped oil and gas wealth, which has waned in the last several years. The project will be closed and the operating company liquidated, KMG said."
Zinia-2,Yes,Angola,https://www.energyintel.com/0000017d-8003-db65-ad7f-a9ef71c80000,Source: Energy Intelligence,"COPYRIGHT © 2001-2022 ENERGY INTELLIGENCE GROUP, INC. / ENERGY INTELLIGENCE GROUP (UK) LIMITED.",Click on the link below to go to the relevant article,Part of the prolific deepwater Block 17.
Zubair Expansion,Uncertain,Iraq,https://www.energyintel.com/0000017d-4e15-dc35-a17d-de1d944f0000,Source: Energy Intelligence,"COPYRIGHT © 2001-2022 ENERGY INTELLIGENCE GROUP, INC. / ENERGY INTELLIGENCE GROUP (UK) LIMITED.",Click on the link below to go to the relevant article,"Nov. 2021: Facilities needed to attain targeted production plateau of 700,000 boe/d had been installed. Reservoirs will be progressively put into production by drilling additional productive wells over the next few years."
Zuluf Expansion Project,Yes,Saudi Arabia,https://www.energyintel.com/00000192-fce8-d44c-a7b3-fce9305b0000,Source: Energy Intelligence,"COPYRIGHT © 2001-2022 ENERGY INTELLIGENCE GROUP, INC. / ENERGY INTELLIGENCE GROUP (UK) LIMITED.",Click on the link below to go to the relevant article,"Sep. 2024: Saudi Aramco has awarded Italian contractor Saipem two offshore contracts worth around $1 billion, as it presses ahead with projects to maintain its maximum sustainable oil production capacity at 12 million barrels per day."
