Week of Date,Country,Unit,Value
"December 30, 2018",Sweden,Million Cubic Meter,130
"January 27, 2019",Sweden,Million Cubic Meter,104
"February 24, 2019",Sweden,Million Cubic Meter,126
"March 31, 2019",Sweden,Million Cubic Meter,101
"April 28, 2019",Sweden,Million Cubic Meter,124
"May 26, 2019",Sweden,Million Cubic Meter,62
"June 30, 2019",Sweden,Million Cubic Meter,62
"July 28, 2019",Sweden,Million Cubic Meter,75
"September 1, 2019",Sweden,Million Cubic Meter,66
"September 29, 2019",Sweden,Million Cubic Meter,66
"October 27, 2019",Sweden,Million Cubic Meter,98
"December 1, 2019",Sweden,Million Cubic Meter,118
"December 29, 2019",Sweden,Million Cubic Meter,116
"January 26, 2020",Sweden,Million Cubic Meter,114.9
"March 1, 2020",Sweden,Million Cubic Meter,94
"March 29, 2020",Sweden,Million Cubic Meter,74.47
"April 26, 2020",Sweden,Million Cubic Meter,77.5
"May 31, 2020",Sweden,Million Cubic Meter,83.72
"June 28, 2020",Sweden,Million Cubic Meter,53.5
"July 26, 2020",Sweden,Million Cubic Meter,85.5
"August 30, 2020",Sweden,Million Cubic Meter,80.4
"September 27, 2020",Sweden,Million Cubic Meter,162
"November 1, 2020",Sweden,Million Cubic Meter,142
"November 29, 2020",Sweden,Million Cubic Meter,177
"December 27, 2020",Sweden,Million Cubic Meter,184
"January 31, 2021",Sweden,Million Cubic Meter,155
"February 28, 2021",Sweden,Million Cubic Meter,116
"March 28, 2021",Sweden,Million Cubic Meter,100
"April 25, 2021",Sweden,Million Cubic Meter,63.6
"May 30, 2021",Sweden,Million Cubic Meter,103.7
"June 27, 2021",Sweden,Million Cubic Meter,64
"August 1, 2021",Sweden,Million Cubic Meter,80.715
"August 29, 2021",Sweden,Million Cubic Meter,73.245
"September 26, 2021",Sweden,Million Cubic Meter,90.168
"October 31, 2021",Sweden,Million Cubic Meter,102.823
"November 28, 2021",Sweden,Million Cubic Meter,114.943
"December 26, 2021",Sweden,Million Cubic Meter,102.173
"January 30, 2022",Sweden,Million Cubic Meter,81.744
"February 27, 2022",Sweden,Million Cubic Meter,59.639
"March 27, 2022",Sweden,Million Cubic Meter,49.835536
"May 1, 2022",Sweden,Million Cubic Meter,45.49626
"May 29, 2022",Sweden,Million Cubic Meter,37.205
"June 26, 2022",Sweden,Million Cubic Meter,52.581
"July 31, 2022",Sweden,Million Cubic Meter,53.86
"August 28, 2022",Sweden,Million Cubic Meter,47.002407
"September 25, 2022",Sweden,Million Cubic Meter,54.708
"October 30, 2022",Sweden,Million Cubic Meter,53.54
"November 27, 2022",Sweden,Million Cubic Meter,81.701
"January 1, 2023",Sweden,Million Cubic Meter,77.437
"January 29, 2023",Sweden,Million Cubic Meter,68.241
"February 26, 2023",Sweden,Million Cubic Meter,85.51
"March 26, 2023",Sweden,Million Cubic Meter,48.795082
"April 30, 2023",Sweden,Million Cubic Meter,53.00545
"May 28, 2023",Sweden,Million Cubic Meter,47.754346
"June 25, 2023",Sweden,Million Cubic Meter,47.97611
"July 30, 2023",Sweden,Million Cubic Meter,50.967632
"August 27, 2023",Sweden,Million Cubic Meter,64.398869
"October 1, 2023",Sweden,Million Cubic Meter,63.725905
"October 29, 2023",Sweden,Million Cubic Meter,82.652429
"November 26, 2023",Sweden,Million Cubic Meter,91.897857
"December 31, 2023",Sweden,Million Cubic Meter,126.118
"January 28, 2024",Sweden,Million Cubic Meter,88.688
"February 25, 2024",Sweden,Million Cubic Meter,68.739707
"March 31, 2024",Sweden,Million Cubic Meter,79.708001
"April 28, 2024",Sweden,Million Cubic Meter,59.571
"May 26, 2024",Sweden,Million Cubic Meter,51.642999
"June 30, 2024",Sweden,Million Cubic Meter,55.036001
"July 28, 2024",Sweden,Million Cubic Meter,60.782
"September 1, 2024",Sweden,Million Cubic Meter,59.087
"September 29, 2024",Sweden,Million Cubic Meter,50.234
"October 27, 2024",Sweden,Million Cubic Meter,79.227
"December 1, 2024",Sweden,Million Cubic Meter,72.751
"December 29, 2024",Sweden,Million Cubic Meter,81.144
"January 26, 2025",Sweden,Million Cubic Meter,79.687
"February 23, 2025",Sweden,Million Cubic Meter,53.846
"March 30, 2025",Sweden,Million Cubic Meter,56.334
"April 27, 2025",Sweden,Million Cubic Meter,46.796999
"June 1, 2025",Sweden,Million Cubic Meter,54.033
"June 29, 2025",Sweden,Million Cubic Meter,49.403001
"July 27, 2025",Sweden,Million Cubic Meter,62.814999
"August 31, 2025",Sweden,Million Cubic Meter,45.393001
"September 28, 2025",Sweden,Million Cubic Meter,66.862
"December 30, 2018",Spain,Million Cubic Meter,5253
"January 27, 2019",Spain,Million Cubic Meter,4205
"February 24, 2019",Spain,Million Cubic Meter,3989
"March 31, 2019",Spain,Million Cubic Meter,3693
"April 28, 2019",Spain,Million Cubic Meter,3283
"May 26, 2019",Spain,Million Cubic Meter,3125
"June 30, 2019",Spain,Million Cubic Meter,3336
"July 28, 2019",Spain,Million Cubic Meter,3124
"September 1, 2019",Spain,Million Cubic Meter,3185
"September 29, 2019",Spain,Million Cubic Meter,3664
"October 27, 2019",Spain,Million Cubic Meter,4407
"December 1, 2019",Spain,Million Cubic Meter,4505
"December 29, 2019",Spain,Million Cubic Meter,5085
"January 26, 2020",Spain,Million Cubic Meter,4040
"March 1, 2020",Spain,Million Cubic Meter,3800
"March 29, 2020",Spain,Million Cubic Meter,2823
"April 26, 2020",Spain,Million Cubic Meter,2502
"May 31, 2020",Spain,Million Cubic Meter,2673
"June 28, 2020",Spain,Million Cubic Meter,3023
"July 26, 2020",Spain,Million Cubic Meter,2790
"August 30, 2020",Spain,Million Cubic Meter,2998
"September 27, 2020",Spain,Million Cubic Meter,3337
"November 1, 2020",Spain,Million Cubic Meter,3949
"November 29, 2020",Spain,Million Cubic Meter,4626
"December 27, 2020",Spain,Million Cubic Meter,5025
"January 31, 2021",Spain,Million Cubic Meter,3656
"February 28, 2021",Spain,Million Cubic Meter,4067
"March 28, 2021",Spain,Million Cubic Meter,3636
"April 25, 2021",Spain,Million Cubic Meter,3037
"May 30, 2021",Spain,Million Cubic Meter,2823
"June 27, 2021",Spain,Million Cubic Meter,2891
"August 1, 2021",Spain,Million Cubic Meter,2752
"August 29, 2021",Spain,Million Cubic Meter,3074
"September 26, 2021",Spain,Million Cubic Meter,3262
"October 31, 2021",Spain,Million Cubic Meter,4590
"November 28, 2021",Spain,Million Cubic Meter,4722
"December 26, 2021",Spain,Million Cubic Meter,5217
"January 30, 2022",Spain,Million Cubic Meter,4263
"February 27, 2022",Spain,Million Cubic Meter,4245
"March 27, 2022",Spain,Million Cubic Meter,3235
"May 1, 2022",Spain,Million Cubic Meter,2824
"May 29, 2022",Spain,Million Cubic Meter,2825
"June 26, 2022",Spain,Million Cubic Meter,2979
"July 31, 2022",Spain,Million Cubic Meter,2775
"August 28, 2022",Spain,Million Cubic Meter,2648
"September 25, 2022",Spain,Million Cubic Meter,2806
"October 30, 2022",Spain,Million Cubic Meter,3270
"November 27, 2022",Spain,Million Cubic Meter,3429
"January 1, 2023",Spain,Million Cubic Meter,3802
"January 29, 2023",Spain,Million Cubic Meter,4071
"February 26, 2023",Spain,Million Cubic Meter,3508
"March 26, 2023",Spain,Million Cubic Meter,2772
"April 30, 2023",Spain,Million Cubic Meter,2656
"May 28, 2023",Spain,Million Cubic Meter,2622
"June 25, 2023",Spain,Million Cubic Meter,2563
"July 30, 2023",Spain,Million Cubic Meter,2412
"August 27, 2023",Spain,Million Cubic Meter,2661
"October 1, 2023",Spain,Million Cubic Meter,2740
"October 29, 2023",Spain,Million Cubic Meter,3165
"November 26, 2023",Spain,Million Cubic Meter,3867
"December 31, 2023",Spain,Million Cubic Meter,2405
"January 28, 2024",Spain,Million Cubic Meter,3567
"February 25, 2024",Spain,Million Cubic Meter,3377
"March 31, 2024",Spain,Million Cubic Meter,2712
"April 28, 2024",Spain,Million Cubic Meter,2566
"May 26, 2024",Spain,Million Cubic Meter,2307
"June 30, 2024",Spain,Million Cubic Meter,2459
"July 28, 2024",Spain,Million Cubic Meter,2303
"September 1, 2024",Spain,Million Cubic Meter,2060
"September 29, 2024",Spain,Million Cubic Meter,2103
"October 27, 2024",Spain,Million Cubic Meter,2704
"December 1, 2024",Spain,Million Cubic Meter,3242
"December 29, 2024",Spain,Million Cubic Meter,2778
"January 26, 2025",Spain,Million Cubic Meter,3529
"February 23, 2025",Spain,Million Cubic Meter,3545
"March 30, 2025",Spain,Million Cubic Meter,2111
"April 27, 2025",Spain,Million Cubic Meter,2232
"June 1, 2025",Spain,Million Cubic Meter,2344
"June 29, 2025",Spain,Million Cubic Meter,1729
"July 27, 2025",Spain,Million Cubic Meter,2099
"August 31, 2025",Spain,Million Cubic Meter,2156
"January 27, 2019",United Kingdom,Million Cubic Meter,6613.249733
"February 24, 2019",United Kingdom,Million Cubic Meter,201.145171
"March 31, 2019",United Kingdom,Million Cubic Meter,2992.398814
"April 28, 2019",United Kingdom,Million Cubic Meter,1784.739929
"May 26, 2019",United Kingdom,Million Cubic Meter,1000.441345
"June 30, 2019",United Kingdom,Million Cubic Meter,1286.843757
"July 28, 2019",United Kingdom,Million Cubic Meter,1495.525234
"September 1, 2019",United Kingdom,Million Cubic Meter,295.099949
"September 29, 2019",United Kingdom,Million Cubic Meter,2875.253186
"October 27, 2019",United Kingdom,Million Cubic Meter,8296.470038
"December 1, 2019",United Kingdom,Million Cubic Meter,8479.977793
"December 29, 2019",United Kingdom,Million Cubic Meter,3872.978345
"January 26, 2020",United Kingdom,Million Cubic Meter,7956.961619
"March 1, 2020",United Kingdom,Million Cubic Meter,2072.389984
"March 29, 2020",United Kingdom,Million Cubic Meter,688.22461
"April 26, 2020",United Kingdom,Million Cubic Meter,714.349914
"May 31, 2020",United Kingdom,Million Cubic Meter,997.87252
"June 28, 2020",United Kingdom,Million Cubic Meter,1436.082906
"July 26, 2020",United Kingdom,Million Cubic Meter,3808.861858
"August 30, 2020",United Kingdom,Million Cubic Meter,569.748898
"September 27, 2020",United Kingdom,Million Cubic Meter,6348.238389
"November 1, 2020",United Kingdom,Million Cubic Meter,272.470321
"November 29, 2020",United Kingdom,Million Cubic Meter,8921.87416
"December 27, 2020",United Kingdom,Million Cubic Meter,10179.332275
"January 31, 2021",United Kingdom,Million Cubic Meter,8215.099529
"February 28, 2021",United Kingdom,Million Cubic Meter,7908.627593
"March 28, 2021",United Kingdom,Million Cubic Meter,7076.910559
"April 25, 2021",United Kingdom,Million Cubic Meter,5823.778019
"May 30, 2021",United Kingdom,Million Cubic Meter,3503.392946
"June 27, 2021",United Kingdom,Million Cubic Meter,3532.221292
"August 1, 2021",United Kingdom,Million Cubic Meter,3446.01853
"August 29, 2021",United Kingdom,Million Cubic Meter,3839.849224
"September 26, 2021",United Kingdom,Million Cubic Meter,5021.995183
"October 31, 2021",United Kingdom,Million Cubic Meter,7336.693111
"November 28, 2021",United Kingdom,Million Cubic Meter,8320.931129
"December 26, 2021",United Kingdom,Million Cubic Meter,9007.368497
"January 30, 2022",United Kingdom,Million Cubic Meter,6764.937146
"February 27, 2022",United Kingdom,Million Cubic Meter,6885.752343
"March 27, 2022",United Kingdom,Million Cubic Meter,5607.232542
"May 1, 2022",United Kingdom,Million Cubic Meter,4477.345177
"May 29, 2022",United Kingdom,Million Cubic Meter,3715.646932
"June 26, 2022",United Kingdom,Million Cubic Meter,3655.171975
"July 31, 2022",United Kingdom,Million Cubic Meter,3673.303707
"August 28, 2022",United Kingdom,Million Cubic Meter,3904.141694
"September 25, 2022",United Kingdom,Million Cubic Meter,4473.865078
"October 30, 2022",United Kingdom,Million Cubic Meter,6173.94911
"November 27, 2022",United Kingdom,Million Cubic Meter,8261.30499
"January 1, 2023",United Kingdom,Million Cubic Meter,7691.375393
"January 29, 2023",United Kingdom,Million Cubic Meter,6501.542019
"February 26, 2023",United Kingdom,Million Cubic Meter,6930.323186
"March 26, 2023",United Kingdom,Million Cubic Meter,5189.801867
"April 30, 2023",United Kingdom,Million Cubic Meter,3675.113809
"May 28, 2023",United Kingdom,Million Cubic Meter,3034.055604
"June 25, 2023",United Kingdom,Million Cubic Meter,2866.248383
"July 30, 2023",United Kingdom,Million Cubic Meter,3115.921382
"August 27, 2023",United Kingdom,Million Cubic Meter,3115.145512
"October 1, 2023",United Kingdom,Million Cubic Meter,4223.542147
"October 29, 2023",United Kingdom,Million Cubic Meter,6447.710809
"November 26, 2023",United Kingdom,Million Cubic Meter,6909.521333
"December 31, 2023",United Kingdom,Million Cubic Meter,8369.68258
"January 28, 2024",United Kingdom,Million Cubic Meter,6172.734812
"February 25, 2024",United Kingdom,Million Cubic Meter,6024.226111
"March 31, 2024",United Kingdom,Million Cubic Meter,4519.862783
"April 28, 2024",United Kingdom,Million Cubic Meter,3242.572029
"May 26, 2024",United Kingdom,Million Cubic Meter,2702.928132
"June 30, 2024",United Kingdom,Million Cubic Meter,2690.003534
"July 28, 2024",United Kingdom,Million Cubic Meter,2296.777226
"September 1, 2024",United Kingdom,Million Cubic Meter,3200.215529
"September 29, 2024",United Kingdom,Million Cubic Meter,4616.076301
"October 27, 2024",United Kingdom,Million Cubic Meter,6739.270361
"December 1, 2024",United Kingdom,Million Cubic Meter,7002.679922
"December 29, 2024",United Kingdom,Million Cubic Meter,9014.019466
"January 26, 2025",United Kingdom,Million Cubic Meter,7260.904103
"February 23, 2025",United Kingdom,Million Cubic Meter,6131.193822
"March 30, 2025",United Kingdom,Million Cubic Meter,3999.603288
"April 27, 2025",United Kingdom,Million Cubic Meter,2918.114076
"June 1, 2025",United Kingdom,Million Cubic Meter,2376.956324
"June 29, 2025",United Kingdom,Million Cubic Meter,2512.620867
"July 27, 2025",United Kingdom,Million Cubic Meter,2461.205638
"August 31, 2025",United Kingdom,Million Cubic Meter,2964.833714
"September 28, 2025",United Kingdom,Million Cubic Meter,4625.668872
"December 30, 2018",Slovenia,Million Cubic Meter,129.19
"January 27, 2019",Slovenia,Million Cubic Meter,102.371
"February 24, 2019",Slovenia,Million Cubic Meter,95.767
"March 31, 2019",Slovenia,Million Cubic Meter,76.787
"April 28, 2019",Slovenia,Million Cubic Meter,72.226
"May 26, 2019",Slovenia,Million Cubic Meter,53.034
"June 30, 2019",Slovenia,Million Cubic Meter,52.432
"July 28, 2019",Slovenia,Million Cubic Meter,60.664
"September 1, 2019",Slovenia,Million Cubic Meter,61.274
"September 29, 2019",Slovenia,Million Cubic Meter,79.378
"October 27, 2019",Slovenia,Million Cubic Meter,91.135
"December 1, 2019",Slovenia,Million Cubic Meter,107.83
"December 29, 2019",Slovenia,Million Cubic Meter,133.014587
"January 26, 2020",Slovenia,Million Cubic Meter,100.045895
"March 1, 2020",Slovenia,Million Cubic Meter,100.14627
"March 29, 2020",Slovenia,Million Cubic Meter,70.621606
"April 26, 2020",Slovenia,Million Cubic Meter,56.268766
"May 31, 2020",Slovenia,Million Cubic Meter,47.65064
"June 28, 2020",Slovenia,Million Cubic Meter,56.509537
"July 26, 2020",Slovenia,Million Cubic Meter,54.353956
"August 30, 2020",Slovenia,Million Cubic Meter,64.333093
"September 27, 2020",Slovenia,Million Cubic Meter,83.918651
"November 1, 2020",Slovenia,Million Cubic Meter,111.27516
"November 29, 2020",Slovenia,Million Cubic Meter,115.281699
"December 27, 2020",Slovenia,Million Cubic Meter,124.099044
"January 31, 2021",Slovenia,Million Cubic Meter,107.075585
"February 28, 2021",Slovenia,Million Cubic Meter,109.959844
"March 28, 2021",Slovenia,Million Cubic Meter,93.864432
"April 25, 2021",Slovenia,Million Cubic Meter,71.66547
"May 30, 2021",Slovenia,Million Cubic Meter,57.43893
"June 27, 2021",Slovenia,Million Cubic Meter,52.39601
"August 1, 2021",Slovenia,Million Cubic Meter,52.011931
"August 29, 2021",Slovenia,Million Cubic Meter,57.318103
"September 26, 2021",Slovenia,Million Cubic Meter,88.244263
"October 31, 2021",Slovenia,Million Cubic Meter,104.997954
"November 28, 2021",Slovenia,Million Cubic Meter,124.217185
"December 26, 2021",Slovenia,Million Cubic Meter,128.089149
"January 30, 2022",Slovenia,Million Cubic Meter,102.597491
"February 27, 2022",Slovenia,Million Cubic Meter,107.114741
"March 27, 2022",Slovenia,Million Cubic Meter,78.86377
"May 1, 2022",Slovenia,Million Cubic Meter,57.407825
"May 29, 2022",Slovenia,Million Cubic Meter,51.481606
"June 26, 2022",Slovenia,Million Cubic Meter,50.331701
"July 31, 2022",Slovenia,Million Cubic Meter,46.119615
"August 28, 2022",Slovenia,Million Cubic Meter,52.120044
"September 25, 2022",Slovenia,Million Cubic Meter,62.290787
"October 30, 2022",Slovenia,Million Cubic Meter,86.826737
"November 27, 2022",Slovenia,Million Cubic Meter,102.897377
"January 1, 2023",Slovenia,Million Cubic Meter,103.940181
"January 29, 2023",Slovenia,Million Cubic Meter,98.49597
"February 26, 2023",Slovenia,Million Cubic Meter,86.656162
"March 26, 2023",Slovenia,Million Cubic Meter,75.205215
"April 30, 2023",Slovenia,Million Cubic Meter,63.791528
"May 28, 2023",Slovenia,Million Cubic Meter,53.234198
"June 25, 2023",Slovenia,Million Cubic Meter,48.752568
"July 30, 2023",Slovenia,Million Cubic Meter,44.068952
"August 27, 2023",Slovenia,Million Cubic Meter,50.285451
"October 1, 2023",Slovenia,Million Cubic Meter,61.752241
"October 29, 2023",Slovenia,Million Cubic Meter,90.36819
"November 26, 2023",Slovenia,Million Cubic Meter,105.165917
"December 31, 2023",Slovenia,Million Cubic Meter,118.451569
"January 28, 2024",Slovenia,Million Cubic Meter,93.608189
"February 25, 2024",Slovenia,Million Cubic Meter,92.699836
"March 31, 2024",Slovenia,Million Cubic Meter,79.90861
"April 28, 2024",Slovenia,Million Cubic Meter,67.419476
"May 26, 2024",Slovenia,Million Cubic Meter,57.147333
"June 30, 2024",Slovenia,Million Cubic Meter,55.812857
"July 28, 2024",Slovenia,Million Cubic Meter,55.882143
"September 1, 2024",Slovenia,Million Cubic Meter,60.705095
"September 29, 2024",Slovenia,Million Cubic Meter,65.636182
"October 27, 2024",Slovenia,Million Cubic Meter,101.809762
"December 1, 2024",Slovenia,Million Cubic Meter,122.839905
"December 29, 2024",Slovenia,Million Cubic Meter,126.31719
"January 26, 2025",Slovenia,Million Cubic Meter,109.545571
"February 23, 2025",Slovenia,Million Cubic Meter,101.962418
"March 30, 2025",Slovenia,Million Cubic Meter,69.824571
"April 27, 2025",Slovenia,Million Cubic Meter,80.086381
"June 1, 2025",Slovenia,Million Cubic Meter,71.703524
"June 29, 2025",Slovenia,Million Cubic Meter,69.786571
"July 27, 2025",Slovenia,Million Cubic Meter,65.516429
"August 31, 2025",Slovenia,Million Cubic Meter,72.173122
"September 28, 2025",Slovenia,Million Cubic Meter,108.460214
"December 30, 2018",Slovakia,Million Cubic Meter,818.190476
"January 27, 2019",Slovakia,Million Cubic Meter,622.005714
"February 24, 2019",Slovakia,Million Cubic Meter,548.114286
"March 31, 2019",Slovakia,Million Cubic Meter,379.904762
"April 28, 2019",Slovakia,Million Cubic Meter,370.489524
"May 26, 2019",Slovakia,Million Cubic Meter,229.133333
"June 30, 2019",Slovakia,Million Cubic Meter,273.28
"July 28, 2019",Slovakia,Million Cubic Meter,267.584762
"September 1, 2019",Slovakia,Million Cubic Meter,302.710476
"September 29, 2019",Slovakia,Million Cubic Meter,384
"October 27, 2019",Slovakia,Million Cubic Meter,475
"December 1, 2019",Slovakia,Million Cubic Meter,631
"December 29, 2019",Slovakia,Million Cubic Meter,800.166
"January 26, 2020",Slovakia,Million Cubic Meter,622.49801
"March 1, 2020",Slovakia,Million Cubic Meter,574.0736
"March 29, 2020",Slovakia,Million Cubic Meter,393.907019
"April 26, 2020",Slovakia,Million Cubic Meter,346.648371
"May 31, 2020",Slovakia,Million Cubic Meter,293.227095
"June 28, 2020",Slovakia,Million Cubic Meter,269.144352
"July 26, 2020",Slovakia,Million Cubic Meter,275.426629
"August 30, 2020",Slovakia,Million Cubic Meter,315.827848
"September 27, 2020",Slovakia,Million Cubic Meter,483.082124
"November 1, 2020",Slovakia,Million Cubic Meter,625.630305
"November 29, 2020",Slovakia,Million Cubic Meter,709.663219
"December 27, 2020",Slovakia,Million Cubic Meter,813.666714
"January 31, 2021",Slovakia,Million Cubic Meter,736.341676
"February 28, 2021",Slovakia,Million Cubic Meter,720.121571
"March 28, 2021",Slovakia,Million Cubic Meter,573.894219
"April 25, 2021",Slovakia,Million Cubic Meter,370.727533
"May 30, 2021",Slovakia,Million Cubic Meter,312.313571
"June 27, 2021",Slovakia,Million Cubic Meter,293.208105
"August 1, 2021",Slovakia,Million Cubic Meter,271.776429
"August 29, 2021",Slovakia,Million Cubic Meter,337.689914
"September 26, 2021",Slovakia,Million Cubic Meter,490.573848
"October 31, 2021",Slovakia,Million Cubic Meter,641.508867
"November 28, 2021",Slovakia,Million Cubic Meter,769.3456
"December 26, 2021",Slovakia,Million Cubic Meter,764.648867
"January 30, 2022",Slovakia,Million Cubic Meter,600.508638
"February 27, 2022",Slovakia,Million Cubic Meter,571.077838
"March 27, 2022",Slovakia,Million Cubic Meter,444.447029
"May 1, 2022",Slovakia,Million Cubic Meter,259.662952
"May 29, 2022",Slovakia,Million Cubic Meter,208.262771
"June 26, 2022",Slovakia,Million Cubic Meter,213.410038
"July 31, 2022",Slovakia,Million Cubic Meter,181.596524
"August 28, 2022",Slovakia,Million Cubic Meter,206.389295
"September 25, 2022",Slovakia,Million Cubic Meter,318.580314
"October 30, 2022",Slovakia,Million Cubic Meter,472.889476
"November 27, 2022",Slovakia,Million Cubic Meter,610.982171
"January 1, 2023",Slovakia,Million Cubic Meter,567.2494
"January 29, 2023",Slovakia,Million Cubic Meter,580.998743
"February 26, 2023",Slovakia,Million Cubic Meter,506.024
"March 26, 2023",Slovakia,Million Cubic Meter,405.81099
"April 30, 2023",Slovakia,Million Cubic Meter,290.521993
"May 28, 2023",Slovakia,Million Cubic Meter,236.604381
"June 25, 2023",Slovakia,Million Cubic Meter,221.418981
"July 30, 2023",Slovakia,Million Cubic Meter,191.93787
"August 27, 2023",Slovakia,Million Cubic Meter,188.055686
"October 1, 2023",Slovakia,Million Cubic Meter,318.21927
"October 29, 2023",Slovakia,Million Cubic Meter,495.056619
"November 26, 2023",Slovakia,Million Cubic Meter,626.454667
"December 31, 2023",Slovakia,Million Cubic Meter,690.283238
"January 28, 2024",Slovakia,Million Cubic Meter,488.834952
"February 25, 2024",Slovakia,Million Cubic Meter,468.66872
"March 31, 2024",Slovakia,Million Cubic Meter,345.382816
"April 28, 2024",Slovakia,Million Cubic Meter,236.990082
"May 26, 2024",Slovakia,Million Cubic Meter,222.48719
"June 30, 2024",Slovakia,Million Cubic Meter,224.443797
"July 28, 2024",Slovakia,Million Cubic Meter,236.76281
"September 1, 2024",Slovakia,Million Cubic Meter,267.039381
"September 29, 2024",Slovakia,Million Cubic Meter,398.755113
"October 27, 2024",Slovakia,Million Cubic Meter,614.103364
"December 1, 2024",Slovakia,Million Cubic Meter,665.755667
"December 29, 2024",Slovakia,Million Cubic Meter,703.351524
"January 26, 2025",Slovakia,Million Cubic Meter,635.304867
"February 23, 2025",Slovakia,Million Cubic Meter,510.442027
"March 30, 2025",Slovakia,Million Cubic Meter,368.589619
"April 27, 2025",Slovakia,Million Cubic Meter,264.316286
"June 1, 2025",Slovakia,Million Cubic Meter,183.456647
"June 29, 2025",Slovakia,Million Cubic Meter,230.054943
"July 27, 2025",Slovakia,Million Cubic Meter,226.727095
"August 31, 2025",Slovakia,Million Cubic Meter,277.122727
"September 28, 2025",Slovakia,Million Cubic Meter,450.003139
"December 30, 2018",Serbia,Million Cubic Meter,437
"January 27, 2019",Serbia,Million Cubic Meter,348
"February 24, 2019",Serbia,Million Cubic Meter,258
"March 31, 2019",Serbia,Million Cubic Meter,160.999762
"April 28, 2019",Serbia,Million Cubic Meter,149.999714
"May 26, 2019",Serbia,Million Cubic Meter,132.999714
"June 30, 2019",Serbia,Million Cubic Meter,143.999524
"July 28, 2019",Serbia,Million Cubic Meter,133.999619
"September 1, 2019",Serbia,Million Cubic Meter,150.000095
"September 29, 2019",Serbia,Million Cubic Meter,165.000429
"October 27, 2019",Serbia,Million Cubic Meter,245.999619
"December 1, 2019",Serbia,Million Cubic Meter,329.999905
"December 29, 2019",Serbia,Million Cubic Meter,379.716572
"January 26, 2020",Serbia,Million Cubic Meter,294
"March 1, 2020",Serbia,Million Cubic Meter,270
"March 29, 2020",Serbia,Million Cubic Meter,176
"April 26, 2020",Serbia,Million Cubic Meter,126
"May 31, 2020",Serbia,Million Cubic Meter,120
"June 28, 2020",Serbia,Million Cubic Meter,129
"July 26, 2020",Serbia,Million Cubic Meter,106
"August 30, 2020",Serbia,Million Cubic Meter,139
"September 27, 2020",Serbia,Million Cubic Meter,216
"November 1, 2020",Serbia,Million Cubic Meter,307
"November 29, 2020",Serbia,Million Cubic Meter,373
"December 27, 2020",Serbia,Million Cubic Meter,408
"January 31, 2021",Serbia,Million Cubic Meter,347
"February 28, 2021",Serbia,Million Cubic Meter,346
"March 28, 2021",Serbia,Million Cubic Meter,280
"April 25, 2021",Serbia,Million Cubic Meter,157
"May 30, 2021",Serbia,Million Cubic Meter,148
"June 27, 2021",Serbia,Million Cubic Meter,163
"August 1, 2021",Serbia,Million Cubic Meter,169
"August 29, 2021",Serbia,Million Cubic Meter,360
"September 26, 2021",Serbia,Million Cubic Meter,298
"October 31, 2021",Serbia,Million Cubic Meter,362
"November 28, 2021",Serbia,Million Cubic Meter,424
"December 26, 2021",Serbia,Million Cubic Meter,437.434214
"January 30, 2022",Serbia,Million Cubic Meter,347.000001
"February 27, 2022",Serbia,Million Cubic Meter,372.982471
"March 27, 2022",Serbia,Million Cubic Meter,252.311671
"May 1, 2022",Serbia,Million Cubic Meter,151
"May 29, 2022",Serbia,Million Cubic Meter,154
"June 26, 2022",Serbia,Million Cubic Meter,131
"July 31, 2022",Serbia,Million Cubic Meter,123
"August 28, 2022",Serbia,Million Cubic Meter,157
"September 25, 2022",Serbia,Million Cubic Meter,231.998832
"October 30, 2022",Serbia,Million Cubic Meter,365.000001
"November 27, 2022",Serbia,Million Cubic Meter,433.175328
"January 1, 2023",Serbia,Million Cubic Meter,418
"January 29, 2023",Serbia,Million Cubic Meter,400
"February 26, 2023",Serbia,Million Cubic Meter,331
"March 26, 2023",Serbia,Million Cubic Meter,258
"April 30, 2023",Serbia,Million Cubic Meter,146
"May 28, 2023",Serbia,Million Cubic Meter,133
"June 25, 2023",Serbia,Million Cubic Meter,138
"July 30, 2023",Serbia,Million Cubic Meter,139
"August 27, 2023",Serbia,Million Cubic Meter,138
"October 1, 2023",Serbia,Million Cubic Meter,195.374393
"October 29, 2023",Serbia,Million Cubic Meter,348
"November 26, 2023",Serbia,Million Cubic Meter,414
"December 31, 2023",Serbia,Million Cubic Meter,461
"January 28, 2024",Serbia,Million Cubic Meter,331.496043
"February 25, 2024",Serbia,Million Cubic Meter,255.526634
"March 31, 2024",Serbia,Million Cubic Meter,173
"April 28, 2024",Serbia,Million Cubic Meter,146
"May 26, 2024",Serbia,Million Cubic Meter,141.942491
"June 30, 2024",Serbia,Million Cubic Meter,139.719238
"July 28, 2024",Serbia,Million Cubic Meter,143.95586
"September 1, 2024",Serbia,Million Cubic Meter,156
"September 29, 2024",Serbia,Million Cubic Meter,235.564134
"October 27, 2024",Serbia,Million Cubic Meter,425
"December 1, 2024",Serbia,Million Cubic Meter,477
"December 29, 2024",Serbia,Million Cubic Meter,491.77755
"January 26, 2025",Serbia,Million Cubic Meter,458.8379
"February 23, 2025",Serbia,Million Cubic Meter,320
"March 30, 2025",Serbia,Million Cubic Meter,204
"April 27, 2025",Serbia,Million Cubic Meter,156
"June 1, 2025",Serbia,Million Cubic Meter,143.50137
"June 29, 2025",Serbia,Million Cubic Meter,139
"July 27, 2025",Serbia,Million Cubic Meter,139
"August 31, 2025",Serbia,Million Cubic Meter,148
"September 28, 2025",Serbia,Million Cubic Meter,2.474263
"December 30, 2018",Romania,Million Cubic Meter,1859.643949
"January 27, 2019",Romania,Million Cubic Meter,1456.929979
"February 24, 2019",Romania,Million Cubic Meter,1135.358063
"March 31, 2019",Romania,Million Cubic Meter,776.399595
"April 28, 2019",Romania,Million Cubic Meter,518.923966
"May 26, 2019",Romania,Million Cubic Meter,322.040342
"June 30, 2019",Romania,Million Cubic Meter,515.447725
"July 28, 2019",Romania,Million Cubic Meter,551.534797
"September 1, 2019",Romania,Million Cubic Meter,541.244802
"September 29, 2019",Romania,Million Cubic Meter,804.789542
"October 27, 2019",Romania,Million Cubic Meter,994.043942
"December 1, 2019",Romania,Million Cubic Meter,1383.391443
"December 29, 2019",Romania,Million Cubic Meter,2219.345333
"January 26, 2020",Romania,Million Cubic Meter,1543.5893
"March 1, 2020",Romania,Million Cubic Meter,1266.710406
"March 29, 2020",Romania,Million Cubic Meter,846.155094
"April 26, 2020",Romania,Million Cubic Meter,637.554132
"May 31, 2020",Romania,Million Cubic Meter,625.418908
"June 28, 2020",Romania,Million Cubic Meter,717.651429
"July 26, 2020",Romania,Million Cubic Meter,722.413386
"August 30, 2020",Romania,Million Cubic Meter,736.434729
"September 27, 2020",Romania,Million Cubic Meter,835.444273
"November 1, 2020",Romania,Million Cubic Meter,1484.334262
"November 29, 2020",Romania,Million Cubic Meter,1715.772107
"December 27, 2020",Romania,Million Cubic Meter,1799.213829
"January 31, 2021",Romania,Million Cubic Meter,1572.410942
"February 28, 2021",Romania,Million Cubic Meter,1597.928365
"March 28, 2021",Romania,Million Cubic Meter,1098.373552
"April 25, 2021",Romania,Million Cubic Meter,654.048899
"May 30, 2021",Romania,Million Cubic Meter,598.776057
"June 27, 2021",Romania,Million Cubic Meter,629.940746
"August 1, 2021",Romania,Million Cubic Meter,623.300382
"August 29, 2021",Romania,Million Cubic Meter,689.667365
"September 26, 2021",Romania,Million Cubic Meter,1072.555951
"October 31, 2021",Romania,Million Cubic Meter,1360.179275
"November 28, 2021",Romania,Million Cubic Meter,1710.541703
"December 26, 2021",Romania,Million Cubic Meter,1757.539009
"January 30, 2022",Romania,Million Cubic Meter,1422.177339
"February 27, 2022",Romania,Million Cubic Meter,1318.623095
"March 27, 2022",Romania,Million Cubic Meter,759.902013
"May 1, 2022",Romania,Million Cubic Meter,677.161016
"May 29, 2022",Romania,Million Cubic Meter,597.259378
"June 26, 2022",Romania,Million Cubic Meter,563.369501
"July 31, 2022",Romania,Million Cubic Meter,550.664591
"August 28, 2022",Romania,Million Cubic Meter,600.870305
"September 25, 2022",Romania,Million Cubic Meter,745.217705
"October 30, 2022",Romania,Million Cubic Meter,1108.245715
"November 27, 2022",Romania,Million Cubic Meter,1442.023529
"January 1, 2023",Romania,Million Cubic Meter,1465.514491
"January 29, 2023",Romania,Million Cubic Meter,1454.593654
"February 26, 2023",Romania,Million Cubic Meter,1064.69271
"March 26, 2023",Romania,Million Cubic Meter,774.623349
"April 30, 2023",Romania,Million Cubic Meter,489.068707
"May 28, 2023",Romania,Million Cubic Meter,355.747302
"June 25, 2023",Romania,Million Cubic Meter,509.800877
"July 30, 2023",Romania,Million Cubic Meter,502.321231
"August 27, 2023",Romania,Million Cubic Meter,532.11686
"October 1, 2023",Romania,Million Cubic Meter,748.740453
"October 29, 2023",Romania,Million Cubic Meter,1233.764713
"November 26, 2023",Romania,Million Cubic Meter,1582.66985
"December 31, 2023",Romania,Million Cubic Meter,1749.801042
"January 28, 2024",Romania,Million Cubic Meter,1294.382648
"February 25, 2024",Romania,Million Cubic Meter,1251.957685
"March 31, 2024",Romania,Million Cubic Meter,564.806906
"April 28, 2024",Romania,Million Cubic Meter,473.304872
"May 26, 2024",Romania,Million Cubic Meter,491.950846
"June 30, 2024",Romania,Million Cubic Meter,583.504991
"July 28, 2024",Romania,Million Cubic Meter,536.911433
"September 1, 2024",Romania,Million Cubic Meter,531.971756
"September 29, 2024",Romania,Million Cubic Meter,812.744572
"October 27, 2024",Romania,Million Cubic Meter,1372.616564
"December 1, 2024",Romania,Million Cubic Meter,1544.971946
"December 29, 2024",Romania,Million Cubic Meter,1594.835356
"January 26, 2025",Romania,Million Cubic Meter,1577.665514
"February 23, 2025",Romania,Million Cubic Meter,1086.749699
"March 30, 2025",Romania,Million Cubic Meter,654.665922
"April 27, 2025",Romania,Million Cubic Meter,553.299068
"June 1, 2025",Romania,Million Cubic Meter,449.317787
"June 29, 2025",Romania,Million Cubic Meter,504.681848
"July 27, 2025",Romania,Million Cubic Meter,530.588498
"August 31, 2025",Romania,Million Cubic Meter,543.50563
"September 28, 2025",Romania,Million Cubic Meter,1001.837391
"December 29, 2019",Portugal,Million Cubic Meter,542.571428
"January 26, 2020",Portugal,Million Cubic Meter,469.333333
"March 1, 2020",Portugal,Million Cubic Meter,511.714286
"March 29, 2020",Portugal,Million Cubic Meter,440.095239
"April 26, 2020",Portugal,Million Cubic Meter,479.809524
"May 31, 2020",Portugal,Million Cubic Meter,520.571428
"June 28, 2020",Portugal,Million Cubic Meter,536
"July 26, 2020",Portugal,Million Cubic Meter,512.47619
"August 30, 2020",Portugal,Million Cubic Meter,488.095238
"September 27, 2020",Portugal,Million Cubic Meter,476.476191
"November 1, 2020",Portugal,Million Cubic Meter,505.047619
"November 29, 2020",Portugal,Million Cubic Meter,399.904762
"December 27, 2020",Portugal,Million Cubic Meter,569.333334
"January 31, 2021",Portugal,Million Cubic Meter,388
"February 28, 2021",Portugal,Million Cubic Meter,475.142857
"March 28, 2021",Portugal,Million Cubic Meter,543.809524
"April 25, 2021",Portugal,Million Cubic Meter,465.714285
"May 30, 2021",Portugal,Million Cubic Meter,562.666667
"June 27, 2021",Portugal,Million Cubic Meter,508.476191
"August 1, 2021",Portugal,Million Cubic Meter,474.47619
"August 29, 2021",Portugal,Million Cubic Meter,570.952381
"September 26, 2021",Portugal,Million Cubic Meter,504.952381
"October 31, 2021",Portugal,Million Cubic Meter,535.52381
"November 28, 2021",Portugal,Million Cubic Meter,478.666667
"December 26, 2021",Portugal,Million Cubic Meter,541.792295
"January 30, 2022",Portugal,Million Cubic Meter,469.333334
"February 27, 2022",Portugal,Million Cubic Meter,511.714286
"March 27, 2022",Portugal,Million Cubic Meter,440.095239
"May 1, 2022",Portugal,Million Cubic Meter,479.809525
"May 29, 2022",Portugal,Million Cubic Meter,521.318969
"June 26, 2022",Portugal,Million Cubic Meter,536
"July 31, 2022",Portugal,Million Cubic Meter,512.476191
"August 28, 2022",Portugal,Million Cubic Meter,488.095239
"September 25, 2022",Portugal,Million Cubic Meter,476.47619
"October 30, 2022",Portugal,Million Cubic Meter,505.047619
"November 27, 2022",Portugal,Million Cubic Meter,399.904763
"January 1, 2023",Portugal,Million Cubic Meter,377.333333
"January 29, 2023",Portugal,Million Cubic Meter,466
"February 26, 2023",Portugal,Million Cubic Meter,384.857143
"March 26, 2023",Portugal,Million Cubic Meter,328.952381
"April 30, 2023",Portugal,Million Cubic Meter,361.904762
"May 28, 2023",Portugal,Million Cubic Meter,422.380953
"June 25, 2023",Portugal,Million Cubic Meter,450.285715
"July 30, 2023",Portugal,Million Cubic Meter,396.571429
"August 27, 2023",Portugal,Million Cubic Meter,429.714286
"October 1, 2023",Portugal,Million Cubic Meter,347.52381
"October 29, 2023",Portugal,Million Cubic Meter,348.571429
"November 26, 2023",Portugal,Million Cubic Meter,354
"December 31, 2023",Portugal,Million Cubic Meter,401.809524
"January 28, 2024",Portugal,Million Cubic Meter,341.142857
"February 25, 2024",Portugal,Million Cubic Meter,362.095238
"March 31, 2024",Portugal,Million Cubic Meter,272.666667
"April 28, 2024",Portugal,Million Cubic Meter,265.619047
"May 26, 2024",Portugal,Million Cubic Meter,252.47619
"June 30, 2024",Portugal,Million Cubic Meter,300.285715
"July 28, 2024",Portugal,Million Cubic Meter,280.666666
"September 1, 2024",Portugal,Million Cubic Meter,314.47619
"September 29, 2024",Portugal,Million Cubic Meter,328.666666
"October 27, 2024",Portugal,Million Cubic Meter,348.761905
"December 1, 2024",Portugal,Million Cubic Meter,392.285715
"December 29, 2024",Portugal,Million Cubic Meter,400.380952
"January 26, 2025",Portugal,Million Cubic Meter,353.04762
"February 23, 2025",Portugal,Million Cubic Meter,348.476191
"March 30, 2025",Portugal,Million Cubic Meter,284.190475
"April 27, 2025",Portugal,Million Cubic Meter,366.761905
"June 1, 2025",Portugal,Million Cubic Meter,334.47619
"June 29, 2025",Portugal,Million Cubic Meter,352.095238
"July 27, 2025",Portugal,Million Cubic Meter,327.714286
"August 31, 2025",Portugal,Million Cubic Meter,370.380953
"September 28, 2025",Portugal,Million Cubic Meter,387.619048
"December 30, 2018",Poland,Million Cubic Meter,2460.115229
"January 27, 2019",Poland,Million Cubic Meter,1997.016567
"February 24, 2019",Poland,Million Cubic Meter,2034.801454
"March 31, 2019",Poland,Million Cubic Meter,1706.68771
"April 28, 2019",Poland,Million Cubic Meter,1488.336675
"May 26, 2019",Poland,Million Cubic Meter,1163.444118
"June 30, 2019",Poland,Million Cubic Meter,1251.15164
"July 28, 2019",Poland,Million Cubic Meter,1309.632659
"September 1, 2019",Poland,Million Cubic Meter,1281.08342
"September 29, 2019",Poland,Million Cubic Meter,1691.447332
"October 27, 2019",Poland,Million Cubic Meter,1975.157916
"December 1, 2019",Poland,Million Cubic Meter,2315.23798
"December 29, 2019",Poland,Million Cubic Meter,2482.807957
"January 26, 2020",Poland,Million Cubic Meter,2080.813981
"March 1, 2020",Poland,Million Cubic Meter,2089.524674
"March 29, 2020",Poland,Million Cubic Meter,1597.36117
"April 26, 2020",Poland,Million Cubic Meter,1486.837161
"May 31, 2020",Poland,Million Cubic Meter,1236.401025
"June 28, 2020",Poland,Million Cubic Meter,1358.926769
"July 26, 2020",Poland,Million Cubic Meter,1254.886043
"August 30, 2020",Poland,Million Cubic Meter,1409.927346
"September 27, 2020",Poland,Million Cubic Meter,1773.93752
"November 1, 2020",Poland,Million Cubic Meter,2136.548825
"November 29, 2020",Poland,Million Cubic Meter,2483.833037
"December 27, 2020",Poland,Million Cubic Meter,2646.331333
"January 31, 2021",Poland,Million Cubic Meter,2384.336777
"February 28, 2021",Poland,Million Cubic Meter,2246.022131
"March 28, 2021",Poland,Million Cubic Meter,1892.922442
"April 25, 2021",Poland,Million Cubic Meter,1510.661247
"May 30, 2021",Poland,Million Cubic Meter,1296.80965
"June 27, 2021",Poland,Million Cubic Meter,1327.566442
"August 1, 2021",Poland,Million Cubic Meter,1340.047809
"August 29, 2021",Poland,Million Cubic Meter,1378.687306
"September 26, 2021",Poland,Million Cubic Meter,1783.319215
"October 31, 2021",Poland,Million Cubic Meter,2105.817307
"November 28, 2021",Poland,Million Cubic Meter,2564.852562
"December 26, 2021",Poland,Million Cubic Meter,2419.326391
"January 30, 2022",Poland,Million Cubic Meter,1987.648011
"February 27, 2022",Poland,Million Cubic Meter,1956.524703
"March 27, 2022",Poland,Million Cubic Meter,1663.531281
"May 1, 2022",Poland,Million Cubic Meter,1247.312251
"May 29, 2022",Poland,Million Cubic Meter,1113.59874
"June 26, 2022",Poland,Million Cubic Meter,993.183263
"July 31, 2022",Poland,Million Cubic Meter,879.772229
"August 28, 2022",Poland,Million Cubic Meter,902.979102
"September 25, 2022",Poland,Million Cubic Meter,1247.654354
"October 30, 2022",Poland,Million Cubic Meter,1807.999098
"November 27, 2022",Poland,Million Cubic Meter,2159.135152
"January 1, 2023",Poland,Million Cubic Meter,2153.152178
"January 29, 2023",Poland,Million Cubic Meter,2042.331012
"February 26, 2023",Poland,Million Cubic Meter,2042.910629
"March 26, 2023",Poland,Million Cubic Meter,1614.120731
"April 30, 2023",Poland,Million Cubic Meter,1202.036672
"May 28, 2023",Poland,Million Cubic Meter,1085.419207
"June 25, 2023",Poland,Million Cubic Meter,1083.200796
"July 30, 2023",Poland,Million Cubic Meter,1154.303079
"August 27, 2023",Poland,Million Cubic Meter,1005.314592
"October 1, 2023",Poland,Million Cubic Meter,1530.829116
"October 29, 2023",Poland,Million Cubic Meter,2139.996928
"November 26, 2023",Poland,Million Cubic Meter,2447.308837
"December 31, 2023",Poland,Million Cubic Meter,2678.818037
"January 28, 2024",Poland,Million Cubic Meter,2113.428203
"February 25, 2024",Poland,Million Cubic Meter,2080.358102
"March 31, 2024",Poland,Million Cubic Meter,1621.672254
"April 28, 2024",Poland,Million Cubic Meter,1186.017357
"May 26, 2024",Poland,Million Cubic Meter,1141.438669
"June 30, 2024",Poland,Million Cubic Meter,1335.072335
"July 28, 2024",Poland,Million Cubic Meter,1387.529888
"September 1, 2024",Poland,Million Cubic Meter,1496.618937
"September 29, 2024",Poland,Million Cubic Meter,1899.007061
"October 27, 2024",Poland,Million Cubic Meter,2456.828528
"December 1, 2024",Poland,Million Cubic Meter,2549.802584
"December 29, 2024",Poland,Million Cubic Meter,2699.881626
"January 26, 2025",Poland,Million Cubic Meter,2571.308551
"February 23, 2025",Poland,Million Cubic Meter,2230.158912
"March 30, 2025",Poland,Million Cubic Meter,1752.249177
"April 27, 2025",Poland,Million Cubic Meter,1596.579829
"June 1, 2025",Poland,Million Cubic Meter,1253.700445
"June 29, 2025",Poland,Million Cubic Meter,1422.067103
"July 27, 2025",Poland,Million Cubic Meter,1366.17204
"August 31, 2025",Poland,Million Cubic Meter,1506.228858
"September 28, 2025",Poland,Million Cubic Meter,2176.318894
"December 30, 2018",Netherlands,Million Cubic Meter,5321
"January 27, 2019",Netherlands,Million Cubic Meter,4169
"February 24, 2019",Netherlands,Million Cubic Meter,4166
"March 31, 2019",Netherlands,Million Cubic Meter,3055
"April 28, 2019",Netherlands,Million Cubic Meter,3068
"May 26, 2019",Netherlands,Million Cubic Meter,2352
"June 30, 2019",Netherlands,Million Cubic Meter,2959.38654
"July 28, 2019",Netherlands,Million Cubic Meter,2554
"September 1, 2019",Netherlands,Million Cubic Meter,2824
"September 29, 2019",Netherlands,Million Cubic Meter,3591
"October 27, 2019",Netherlands,Million Cubic Meter,4359
"December 1, 2019",Netherlands,Million Cubic Meter,4569
"December 29, 2019",Netherlands,Million Cubic Meter,4986
"January 26, 2020",Netherlands,Million Cubic Meter,4357
"March 1, 2020",Netherlands,Million Cubic Meter,4109
"March 29, 2020",Netherlands,Million Cubic Meter,2803
"April 26, 2020",Netherlands,Million Cubic Meter,2745
"May 31, 2020",Netherlands,Million Cubic Meter,2514
"June 28, 2020",Netherlands,Million Cubic Meter,2805.9996
"July 26, 2020",Netherlands,Million Cubic Meter,2765.9998
"August 30, 2020",Netherlands,Million Cubic Meter,2696
"September 27, 2020",Netherlands,Million Cubic Meter,3416
"November 1, 2020",Netherlands,Million Cubic Meter,3811
"November 29, 2020",Netherlands,Million Cubic Meter,4822
"December 27, 2020",Netherlands,Million Cubic Meter,5595
"January 31, 2021",Netherlands,Million Cubic Meter,4622
"February 28, 2021",Netherlands,Million Cubic Meter,4414
"March 28, 2021",Netherlands,Million Cubic Meter,3655
"April 25, 2021",Netherlands,Million Cubic Meter,2976
"May 30, 2021",Netherlands,Million Cubic Meter,2303
"June 27, 2021",Netherlands,Million Cubic Meter,2147
"August 1, 2021",Netherlands,Million Cubic Meter,1835
"August 29, 2021",Netherlands,Million Cubic Meter,2131
"September 26, 2021",Netherlands,Million Cubic Meter,2582
"October 31, 2021",Netherlands,Million Cubic Meter,3667
"November 28, 2021",Netherlands,Million Cubic Meter,4206
"December 26, 2021",Netherlands,Million Cubic Meter,4258
"January 30, 2022",Netherlands,Million Cubic Meter,3413
"February 27, 2022",Netherlands,Million Cubic Meter,3246
"March 27, 2022",Netherlands,Million Cubic Meter,2654
"May 1, 2022",Netherlands,Million Cubic Meter,2082
"May 29, 2022",Netherlands,Million Cubic Meter,1923
"June 26, 2022",Netherlands,Million Cubic Meter,1751
"July 31, 2022",Netherlands,Million Cubic Meter,1670
"August 28, 2022",Netherlands,Million Cubic Meter,1738
"September 25, 2022",Netherlands,Million Cubic Meter,2103
"October 30, 2022",Netherlands,Million Cubic Meter,2605
"November 27, 2022",Netherlands,Million Cubic Meter,3805
"January 1, 2023",Netherlands,Million Cubic Meter,3383
"January 29, 2023",Netherlands,Million Cubic Meter,3051
"February 26, 2023",Netherlands,Million Cubic Meter,3111
"March 26, 2023",Netherlands,Million Cubic Meter,2429
"April 30, 2023",Netherlands,Million Cubic Meter,1895
"May 28, 2023",Netherlands,Million Cubic Meter,1868
"June 25, 2023",Netherlands,Million Cubic Meter,1720
"July 30, 2023",Netherlands,Million Cubic Meter,1920
"August 27, 2023",Netherlands,Million Cubic Meter,1963
"October 1, 2023",Netherlands,Million Cubic Meter,2155
"October 29, 2023",Netherlands,Million Cubic Meter,2884
"November 26, 2023",Netherlands,Million Cubic Meter,3392
"December 31, 2023",Netherlands,Million Cubic Meter,4124.875635
"January 28, 2024",Netherlands,Million Cubic Meter,2996
"February 25, 2024",Netherlands,Million Cubic Meter,2849
"March 31, 2024",Netherlands,Million Cubic Meter,2331
"April 28, 2024",Netherlands,Million Cubic Meter,1868.001779
"May 26, 2024",Netherlands,Million Cubic Meter,1763
"June 30, 2024",Netherlands,Million Cubic Meter,1707.900951
"July 28, 2024",Netherlands,Million Cubic Meter,1663
"September 1, 2024",Netherlands,Million Cubic Meter,1795.40149
"September 29, 2024",Netherlands,Million Cubic Meter,2245
"October 27, 2024",Netherlands,Million Cubic Meter,3287
"December 1, 2024",Netherlands,Million Cubic Meter,3460.989858
"December 29, 2024",Netherlands,Million Cubic Meter,4060
"January 26, 2025",Netherlands,Million Cubic Meter,3552
"February 23, 2025",Netherlands,Million Cubic Meter,2814
"March 30, 2025",Netherlands,Million Cubic Meter,2058
"April 27, 2025",Netherlands,Million Cubic Meter,1751
"December 30, 2018",Luxembourg,Million Cubic Meter,115.760322
"January 27, 2019",Luxembourg,Million Cubic Meter,92.296505
"February 24, 2019",Luxembourg,Million Cubic Meter,88.912278
"March 31, 2019",Luxembourg,Million Cubic Meter,69.160939
"April 28, 2019",Luxembourg,Million Cubic Meter,62.287416
"May 26, 2019",Luxembourg,Million Cubic Meter,44.993824
"June 30, 2019",Luxembourg,Million Cubic Meter,43.287375
"July 28, 2019",Luxembourg,Million Cubic Meter,36.96617
"September 1, 2019",Luxembourg,Million Cubic Meter,47.836494
"September 29, 2019",Luxembourg,Million Cubic Meter,66.161139
"October 27, 2019",Luxembourg,Million Cubic Meter,90.250827
"December 1, 2019",Luxembourg,Million Cubic Meter,91.943259
"December 29, 2019",Luxembourg,Million Cubic Meter,145.500348
"January 26, 2020",Luxembourg,Million Cubic Meter,109.807879
"March 1, 2020",Luxembourg,Million Cubic Meter,100.73452
"March 29, 2020",Luxembourg,Million Cubic Meter,63.896883
"April 26, 2020",Luxembourg,Million Cubic Meter,60.55101
"May 31, 2020",Luxembourg,Million Cubic Meter,49.234498
"June 28, 2020",Luxembourg,Million Cubic Meter,45.513005
"July 26, 2020",Luxembourg,Million Cubic Meter,40.093966
"August 30, 2020",Luxembourg,Million Cubic Meter,52.270751
"September 27, 2020",Luxembourg,Million Cubic Meter,84.123308
"November 1, 2020",Luxembourg,Million Cubic Meter,98.759158
"November 29, 2020",Luxembourg,Million Cubic Meter,109.515556
"December 27, 2020",Luxembourg,Million Cubic Meter,114.28656
"January 31, 2021",Luxembourg,Million Cubic Meter,93.965363
"February 28, 2021",Luxembourg,Million Cubic Meter,93.784488
"March 28, 2021",Luxembourg,Million Cubic Meter,78.87066
"April 25, 2021",Luxembourg,Million Cubic Meter,66.478658
"May 30, 2021",Luxembourg,Million Cubic Meter,41.849818
"June 27, 2021",Luxembourg,Million Cubic Meter,41.967762
"August 1, 2021",Luxembourg,Million Cubic Meter,38.266483
"August 29, 2021",Luxembourg,Million Cubic Meter,45.255842
"September 26, 2021",Luxembourg,Million Cubic Meter,70.956856
"October 31, 2021",Luxembourg,Million Cubic Meter,92.963745
"November 28, 2021",Luxembourg,Million Cubic Meter,95.728931
"December 26, 2021",Luxembourg,Million Cubic Meter,108.822712
"January 30, 2022",Luxembourg,Million Cubic Meter,86.536647
"February 27, 2022",Luxembourg,Million Cubic Meter,79.213218
"March 27, 2022",Luxembourg,Million Cubic Meter,59.827516
"May 1, 2022",Luxembourg,Million Cubic Meter,39.321204
"May 29, 2022",Luxembourg,Million Cubic Meter,31.043973
"June 26, 2022",Luxembourg,Million Cubic Meter,28.078581
"July 31, 2022",Luxembourg,Million Cubic Meter,24.161737
"August 28, 2022",Luxembourg,Million Cubic Meter,36.002673
"September 25, 2022",Luxembourg,Million Cubic Meter,44.194314
"October 30, 2022",Luxembourg,Million Cubic Meter,59.687059
"November 27, 2022",Luxembourg,Million Cubic Meter,78.327954
"January 1, 2023",Luxembourg,Million Cubic Meter,80.757785
"January 29, 2023",Luxembourg,Million Cubic Meter,73.183708
"February 26, 2023",Luxembourg,Million Cubic Meter,71.113038
"March 26, 2023",Luxembourg,Million Cubic Meter,56.132435
"April 30, 2023",Luxembourg,Million Cubic Meter,37.964783
"May 28, 2023",Luxembourg,Million Cubic Meter,27.113725
"June 25, 2023",Luxembourg,Million Cubic Meter,28.060825
"July 30, 2023",Luxembourg,Million Cubic Meter,25.14501
"August 27, 2023",Luxembourg,Million Cubic Meter,6.332043
"October 1, 2023",Luxembourg,Million Cubic Meter,41.342099
"October 29, 2023",Luxembourg,Million Cubic Meter,71.267101
"November 26, 2023",Luxembourg,Million Cubic Meter,77.659183
"December 31, 2023",Luxembourg,Million Cubic Meter,90.931033
"January 28, 2024",Luxembourg,Million Cubic Meter,69.270668
"February 25, 2024",Luxembourg,Million Cubic Meter,62.807825
"March 31, 2024",Luxembourg,Million Cubic Meter,52.95737
"April 28, 2024",Luxembourg,Million Cubic Meter,40.954917
"May 26, 2024",Luxembourg,Million Cubic Meter,31.106273
"June 30, 2024",Luxembourg,Million Cubic Meter,25.536425
"July 28, 2024",Luxembourg,Million Cubic Meter,21.975468
"September 1, 2024",Luxembourg,Million Cubic Meter,34.189034
"September 29, 2024",Luxembourg,Million Cubic Meter,44.777041
"October 27, 2024",Luxembourg,Million Cubic Meter,72.360204
"December 1, 2024",Luxembourg,Million Cubic Meter,82.925724
"December 29, 2024",Luxembourg,Million Cubic Meter,92.714412
"January 26, 2025",Luxembourg,Million Cubic Meter,78.606724
"February 23, 2025",Luxembourg,Million Cubic Meter,67.655243
"March 30, 2025",Luxembourg,Million Cubic Meter,50.909453
"April 27, 2025",Luxembourg,Million Cubic Meter,38.340815
"June 1, 2025",Luxembourg,Million Cubic Meter,27.246018
"June 29, 2025",Luxembourg,Million Cubic Meter,27.123419
"July 27, 2025",Luxembourg,Million Cubic Meter,25.653437
"August 31, 2025",Luxembourg,Million Cubic Meter,35.161392
"September 28, 2025",Luxembourg,Million Cubic Meter,54.096063
"December 30, 2018",Lithuania,Million Cubic Meter,14.124052
"January 27, 2019",Lithuania,Million Cubic Meter,223.467267
"February 24, 2019",Lithuania,Million Cubic Meter,226.692482
"March 31, 2019",Lithuania,Million Cubic Meter,175.792575
"April 28, 2019",Lithuania,Million Cubic Meter,169.488234
"May 26, 2019",Lithuania,Million Cubic Meter,149.697022
"June 30, 2019",Lithuania,Million Cubic Meter,138.926649
"July 28, 2019",Lithuania,Million Cubic Meter,108.474206
"September 1, 2019",Lithuania,Million Cubic Meter,168.640258
"September 29, 2019",Lithuania,Million Cubic Meter,201.439731
"October 27, 2019",Lithuania,Million Cubic Meter,211.056636
"December 1, 2019",Lithuania,Million Cubic Meter,235.394994
"December 29, 2019",Lithuania,Million Cubic Meter,244.564911
"January 26, 2020",Lithuania,Million Cubic Meter,228.108458
"March 1, 2020",Lithuania,Million Cubic Meter,207.353547
"March 29, 2020",Lithuania,Million Cubic Meter,192.427595
"April 26, 2020",Lithuania,Million Cubic Meter,197.226076
"May 31, 2020",Lithuania,Million Cubic Meter,226.054637
"June 28, 2020",Lithuania,Million Cubic Meter,228.663384
"July 26, 2020",Lithuania,Million Cubic Meter,196.857595
"August 30, 2020",Lithuania,Million Cubic Meter,181.961315
"September 27, 2020",Lithuania,Million Cubic Meter,218.384629
"November 1, 2020",Lithuania,Million Cubic Meter,260.499393
"November 29, 2020",Lithuania,Million Cubic Meter,311.084039
"December 27, 2020",Lithuania,Million Cubic Meter,314.708389
"January 31, 2021",Lithuania,Million Cubic Meter,303.793451
"February 28, 2021",Lithuania,Million Cubic Meter,271.029724
"March 28, 2021",Lithuania,Million Cubic Meter,232.159374
"April 25, 2021",Lithuania,Million Cubic Meter,196.445977
"May 30, 2021",Lithuania,Million Cubic Meter,203.203333
"June 27, 2021",Lithuania,Million Cubic Meter,140.353369
"August 1, 2021",Lithuania,Million Cubic Meter,118.907602
"August 29, 2021",Lithuania,Million Cubic Meter,168.526016
"September 26, 2021",Lithuania,Million Cubic Meter,152.91451
"October 31, 2021",Lithuania,Million Cubic Meter,162.385547
"November 28, 2021",Lithuania,Million Cubic Meter,245.592281
"December 26, 2021",Lithuania,Million Cubic Meter,193.511463
"January 30, 2022",Lithuania,Million Cubic Meter,162.195903
"February 27, 2022",Lithuania,Million Cubic Meter,203.972352
"March 27, 2022",Lithuania,Million Cubic Meter,148.089751
"May 1, 2022",Lithuania,Million Cubic Meter,99.577236
"May 29, 2022",Lithuania,Million Cubic Meter,132.915548
"June 26, 2022",Lithuania,Million Cubic Meter,106.327386
"July 31, 2022",Lithuania,Million Cubic Meter,109.660747
"August 28, 2022",Lithuania,Million Cubic Meter,36.63428
"September 25, 2022",Lithuania,Million Cubic Meter,59.342207
"October 30, 2022",Lithuania,Million Cubic Meter,144.721658
"November 27, 2022",Lithuania,Million Cubic Meter,181.481113
"January 1, 2023",Lithuania,Million Cubic Meter,104.764147
"January 29, 2023",Lithuania,Million Cubic Meter,90.686143
"February 26, 2023",Lithuania,Million Cubic Meter,125.676151
"March 26, 2023",Lithuania,Million Cubic Meter,115.361978
"April 30, 2023",Lithuania,Million Cubic Meter,92.224088
"May 28, 2023",Lithuania,Million Cubic Meter,109.089474
"June 25, 2023",Lithuania,Million Cubic Meter,90.122931
"July 30, 2023",Lithuania,Million Cubic Meter,106.502645
"August 27, 2023",Lithuania,Million Cubic Meter,126.700758
"October 1, 2023",Lithuania,Million Cubic Meter,203.182728
"October 29, 2023",Lithuania,Million Cubic Meter,170.303406
"November 26, 2023",Lithuania,Million Cubic Meter,211.588028
"December 31, 2023",Lithuania,Million Cubic Meter,259.008244
"January 28, 2024",Lithuania,Million Cubic Meter,171.330289
"February 25, 2024",Lithuania,Million Cubic Meter,147.764957
"March 31, 2024",Lithuania,Million Cubic Meter,169.96254
"April 28, 2024",Lithuania,Million Cubic Meter,100.535292
"May 26, 2024",Lithuania,Million Cubic Meter,103.254325
"June 30, 2024",Lithuania,Million Cubic Meter,112.208904
"July 28, 2024",Lithuania,Million Cubic Meter,108.886502
"September 1, 2024",Lithuania,Million Cubic Meter,105.47389
"September 29, 2024",Lithuania,Million Cubic Meter,10.122088
"October 27, 2024",Lithuania,Million Cubic Meter,164.806121
"December 1, 2024",Lithuania,Million Cubic Meter,203.03121
"December 29, 2024",Lithuania,Million Cubic Meter,227.594091
"January 26, 2025",Lithuania,Million Cubic Meter,239.583559
"February 23, 2025",Lithuania,Million Cubic Meter,183.436446
"March 30, 2025",Lithuania,Million Cubic Meter,176.098906
"April 27, 2025",Lithuania,Million Cubic Meter,148.480103
"June 1, 2025",Lithuania,Million Cubic Meter,33.649005
"June 29, 2025",Lithuania,Million Cubic Meter,63.817694
"July 27, 2025",Lithuania,Million Cubic Meter,80.505292
"August 31, 2025",Lithuania,Million Cubic Meter,126.768626
"September 28, 2025",Lithuania,Million Cubic Meter,178.874747
"December 30, 2018",Latvia,Million Cubic Meter,206
"January 27, 2019",Latvia,Million Cubic Meter,139
"February 24, 2019",Latvia,Million Cubic Meter,132
"March 31, 2019",Latvia,Million Cubic Meter,81
"April 28, 2019",Latvia,Million Cubic Meter,70
"May 26, 2019",Latvia,Million Cubic Meter,72
"June 30, 2019",Latvia,Million Cubic Meter,72
"July 28, 2019",Latvia,Million Cubic Meter,102
"September 1, 2019",Latvia,Million Cubic Meter,118
"September 29, 2019",Latvia,Million Cubic Meter,114
"October 27, 2019",Latvia,Million Cubic Meter,127
"December 1, 2019",Latvia,Million Cubic Meter,129
"December 29, 2019",Latvia,Million Cubic Meter,122.459
"January 26, 2020",Latvia,Million Cubic Meter,121.27
"March 1, 2020",Latvia,Million Cubic Meter,105.723
"March 29, 2020",Latvia,Million Cubic Meter,80.389
"April 26, 2020",Latvia,Million Cubic Meter,69.243
"May 31, 2020",Latvia,Million Cubic Meter,69.251
"June 28, 2020",Latvia,Million Cubic Meter,40.201
"July 26, 2020",Latvia,Million Cubic Meter,74.353001
"August 30, 2020",Latvia,Million Cubic Meter,61.867001
"September 27, 2020",Latvia,Million Cubic Meter,78.619
"November 1, 2020",Latvia,Million Cubic Meter,115.779
"November 29, 2020",Latvia,Million Cubic Meter,150.688999
"December 27, 2020",Latvia,Million Cubic Meter,183.509
"January 31, 2021",Latvia,Million Cubic Meter,178.833001
"February 28, 2021",Latvia,Million Cubic Meter,136.977
"March 28, 2021",Latvia,Million Cubic Meter,79.661001
"April 25, 2021",Latvia,Million Cubic Meter,45.803
"May 30, 2021",Latvia,Million Cubic Meter,42.409
"June 27, 2021",Latvia,Million Cubic Meter,53.969
"August 1, 2021",Latvia,Million Cubic Meter,29.707001
"August 29, 2021",Latvia,Million Cubic Meter,69.486
"September 26, 2021",Latvia,Million Cubic Meter,75.941
"October 31, 2021",Latvia,Million Cubic Meter,110.108001
"November 28, 2021",Latvia,Million Cubic Meter,180.940999
"December 26, 2021",Latvia,Million Cubic Meter,138.237
"January 30, 2022",Latvia,Million Cubic Meter,103.631
"February 27, 2022",Latvia,Million Cubic Meter,93.463
"March 27, 2022",Latvia,Million Cubic Meter,61.101
"May 1, 2022",Latvia,Million Cubic Meter,31.573
"May 29, 2022",Latvia,Million Cubic Meter,19.099
"June 26, 2022",Latvia,Million Cubic Meter,19.119
"July 31, 2022",Latvia,Million Cubic Meter,40.963
"August 28, 2022",Latvia,Million Cubic Meter,37.05
"September 25, 2022",Latvia,Million Cubic Meter,28.512
"October 30, 2022",Latvia,Million Cubic Meter,101.631001
"November 27, 2022",Latvia,Million Cubic Meter,151.657999
"January 1, 2023",Latvia,Million Cubic Meter,105.061001
"January 29, 2023",Latvia,Million Cubic Meter,113.464999
"February 26, 2023",Latvia,Million Cubic Meter,95.611
"March 26, 2023",Latvia,Million Cubic Meter,39.419001
"April 30, 2023",Latvia,Million Cubic Meter,21.123
"May 28, 2023",Latvia,Million Cubic Meter,33.202317
"June 25, 2023",Latvia,Million Cubic Meter,19.901
"July 30, 2023",Latvia,Million Cubic Meter,37.575001
"August 27, 2023",Latvia,Million Cubic Meter,46.736291
"October 1, 2023",Latvia,Million Cubic Meter,62.038
"October 29, 2023",Latvia,Million Cubic Meter,96.265
"November 26, 2023",Latvia,Million Cubic Meter,115.663999
"December 31, 2023",Latvia,Million Cubic Meter,183.33
"January 28, 2024",Latvia,Million Cubic Meter,126.104
"February 25, 2024",Latvia,Million Cubic Meter,77.975001
"March 31, 2024",Latvia,Million Cubic Meter,46.4
"April 28, 2024",Latvia,Million Cubic Meter,21.001
"May 26, 2024",Latvia,Million Cubic Meter,15.534
"June 30, 2024",Latvia,Million Cubic Meter,32.822999
"July 28, 2024",Latvia,Million Cubic Meter,40.494
"September 1, 2024",Latvia,Million Cubic Meter,47.362
"September 29, 2024",Latvia,Million Cubic Meter,53.616
"October 27, 2024",Latvia,Million Cubic Meter,88.611
"December 1, 2024",Latvia,Million Cubic Meter,96.573
"December 29, 2024",Latvia,Million Cubic Meter,111.774
"January 26, 2025",Latvia,Million Cubic Meter,137.325
"February 23, 2025",Latvia,Million Cubic Meter,89.241119
"March 30, 2025",Latvia,Million Cubic Meter,52.409
"April 27, 2025",Latvia,Million Cubic Meter,32.923
"June 1, 2025",Latvia,Million Cubic Meter,17.486
"June 29, 2025",Latvia,Million Cubic Meter,30.225999
"July 27, 2025",Latvia,Million Cubic Meter,33.382
"August 31, 2025",Latvia,Million Cubic Meter,38.007
"September 28, 2025",Latvia,Million Cubic Meter,71.173
"December 30, 2018",Italy,Million Cubic Meter,10328.719043
"January 27, 2019",Italy,Million Cubic Meter,7875.113981
"February 24, 2019",Italy,Million Cubic Meter,6808.020292
"March 31, 2019",Italy,Million Cubic Meter,5332.838162
"April 28, 2019",Italy,Million Cubic Meter,4716.895404
"May 26, 2019",Italy,Million Cubic Meter,4158.354015
"June 30, 2019",Italy,Million Cubic Meter,4786.237259
"July 28, 2019",Italy,Million Cubic Meter,4048.703588
"September 1, 2019",Italy,Million Cubic Meter,4558.182904
"September 29, 2019",Italy,Million Cubic Meter,5035.654177
"October 27, 2019",Italy,Million Cubic Meter,6512.130378
"December 1, 2019",Italy,Million Cubic Meter,7836.727891
"December 29, 2019",Italy,Million Cubic Meter,9475.269006
"January 26, 2020",Italy,Million Cubic Meter,7422.05861
"March 1, 2020",Italy,Million Cubic Meter,6507.60776
"March 29, 2020",Italy,Million Cubic Meter,4047.456256
"April 26, 2020",Italy,Million Cubic Meter,3586.998675
"May 31, 2020",Italy,Million Cubic Meter,3943.720367
"June 28, 2020",Italy,Million Cubic Meter,4608.345567
"July 26, 2020",Italy,Million Cubic Meter,4090.860545
"August 30, 2020",Italy,Million Cubic Meter,4669.122515
"September 27, 2020",Italy,Million Cubic Meter,5221.28027
"November 1, 2020",Italy,Million Cubic Meter,6799.670052
"November 29, 2020",Italy,Million Cubic Meter,8607.343305
"December 27, 2020",Italy,Million Cubic Meter,9657.585528
"January 31, 2021",Italy,Million Cubic Meter,7517.104153
"February 28, 2021",Italy,Million Cubic Meter,7409.96888
"March 28, 2021",Italy,Million Cubic Meter,5889.220703
"April 25, 2021",Italy,Million Cubic Meter,4120.099824
"May 30, 2021",Italy,Million Cubic Meter,4100.250546
"June 27, 2021",Italy,Million Cubic Meter,4553.288453
"August 1, 2021",Italy,Million Cubic Meter,3771.08308
"August 29, 2021",Italy,Million Cubic Meter,4675.696371
"September 26, 2021",Italy,Million Cubic Meter,5366.673343
"October 31, 2021",Italy,Million Cubic Meter,7469.845354
"November 28, 2021",Italy,Million Cubic Meter,9328.912245
"December 26, 2021",Italy,Million Cubic Meter,9524.170899
"January 30, 2022",Italy,Million Cubic Meter,7569.671753
"February 27, 2022",Italy,Million Cubic Meter,7716.453858
"March 27, 2022",Italy,Million Cubic Meter,5126.234741
"May 1, 2022",Italy,Million Cubic Meter,4032.850463
"May 29, 2022",Italy,Million Cubic Meter,4022.618164
"June 26, 2022",Italy,Million Cubic Meter,4285.838134
"July 31, 2022",Italy,Million Cubic Meter,3610.731629
"August 28, 2022",Italy,Million Cubic Meter,3883.869812
"September 25, 2022",Italy,Million Cubic Meter,3951.936768
"October 30, 2022",Italy,Million Cubic Meter,5400.68866
"November 27, 2022",Italy,Million Cubic Meter,7164.691711
"January 1, 2023",Italy,Million Cubic Meter,7306.473572
"January 29, 2023",Italy,Million Cubic Meter,6897.224854
"February 26, 2023",Italy,Million Cubic Meter,5717.700318
"March 26, 2023",Italy,Million Cubic Meter,4414.604431
"April 30, 2023",Italy,Million Cubic Meter,3680.176635
"May 28, 2023",Italy,Million Cubic Meter,3510.766663
"June 25, 2023",Italy,Million Cubic Meter,4147.687439
"July 30, 2023",Italy,Million Cubic Meter,3209.904175
"August 27, 2023",Italy,Million Cubic Meter,3894.545776
"October 1, 2023",Italy,Million Cubic Meter,4149.155151
"October 29, 2023",Italy,Million Cubic Meter,5560.676391
"November 26, 2023",Italy,Million Cubic Meter,7064.727295
"December 31, 2023",Italy,Million Cubic Meter,7733.764343
"January 28, 2024",Italy,Million Cubic Meter,6228.550781
"February 25, 2024",Italy,Million Cubic Meter,5529.313232
"March 31, 2024",Italy,Million Cubic Meter,3954.358094
"April 28, 2024",Italy,Million Cubic Meter,3407.285888
"May 26, 2024",Italy,Million Cubic Meter,3313.294983
"June 30, 2024",Italy,Million Cubic Meter,4093.51947
"July 28, 2024",Italy,Million Cubic Meter,3556.089172
"September 1, 2024",Italy,Million Cubic Meter,3942.01239
"September 29, 2024",Italy,Million Cubic Meter,4177.751343
"October 27, 2024",Italy,Million Cubic Meter,6326.483154
"December 1, 2024",Italy,Million Cubic Meter,7750.339966
"December 29, 2024",Italy,Million Cubic Meter,7940.922019
"January 26, 2025",Italy,Million Cubic Meter,7192.158433
"February 23, 2025",Italy,Million Cubic Meter,6048.078815
"March 30, 2025",Italy,Million Cubic Meter,3993.213457
"April 27, 2025",Italy,Million Cubic Meter,3173.902176
"June 1, 2025",Italy,Million Cubic Meter,3435.853364
"June 29, 2025",Italy,Million Cubic Meter,3909.689803
"July 27, 2025",Italy,Million Cubic Meter,2644.076153
"August 31, 2025",Italy,Million Cubic Meter,3422.360427
"December 30, 2018",Hungary,Million Cubic Meter,1729.842476
"January 27, 2019",Hungary,Million Cubic Meter,1229.878244
"February 24, 2019",Hungary,Million Cubic Meter,1005.458571
"March 31, 2019",Hungary,Million Cubic Meter,743.909683
"April 28, 2019",Hungary,Million Cubic Meter,664.121285
"May 26, 2019",Hungary,Million Cubic Meter,445.492783
"June 30, 2019",Hungary,Million Cubic Meter,507.036979
"July 28, 2019",Hungary,Million Cubic Meter,539.903339
"September 1, 2019",Hungary,Million Cubic Meter,639.698768
"September 29, 2019",Hungary,Million Cubic Meter,919.740497
"October 27, 2019",Hungary,Million Cubic Meter,1092.065423
"December 1, 2019",Hungary,Million Cubic Meter,1417.546111
"December 29, 2019",Hungary,Million Cubic Meter,1713.810984
"January 26, 2020",Hungary,Million Cubic Meter,1324.069106
"March 1, 2020",Hungary,Million Cubic Meter,1167.895767
"March 29, 2020",Hungary,Million Cubic Meter,729.632254
"April 26, 2020",Hungary,Million Cubic Meter,563.382481
"May 31, 2020",Hungary,Million Cubic Meter,512.701408
"June 28, 2020",Hungary,Million Cubic Meter,549.211302
"July 26, 2020",Hungary,Million Cubic Meter,525.185916
"August 30, 2020",Hungary,Million Cubic Meter,596.069434
"September 27, 2020",Hungary,Million Cubic Meter,957.820095
"November 1, 2020",Hungary,Million Cubic Meter,1321.80556
"November 29, 2020",Hungary,Million Cubic Meter,1407.285211
"December 27, 2020",Hungary,Million Cubic Meter,1742.334202
"January 31, 2021",Hungary,Million Cubic Meter,1483.399171
"February 28, 2021",Hungary,Million Cubic Meter,1383.80222
"March 28, 2021",Hungary,Million Cubic Meter,1080.709902
"April 25, 2021",Hungary,Million Cubic Meter,751.490093
"May 30, 2021",Hungary,Million Cubic Meter,545.866701
"June 27, 2021",Hungary,Million Cubic Meter,571.293381
"August 1, 2021",Hungary,Million Cubic Meter,557.939066
"August 29, 2021",Hungary,Million Cubic Meter,587.570704
"September 26, 2021",Hungary,Million Cubic Meter,1099.952966
"October 31, 2021",Hungary,Million Cubic Meter,1454.43731
"November 28, 2021",Hungary,Million Cubic Meter,1762.122863
"December 26, 2021",Hungary,Million Cubic Meter,1803.720385
"January 30, 2022",Hungary,Million Cubic Meter,1421.327261
"February 27, 2022",Hungary,Million Cubic Meter,1377.929598
"March 27, 2022",Hungary,Million Cubic Meter,942.30789
"May 1, 2022",Hungary,Million Cubic Meter,522.829604
"May 29, 2022",Hungary,Million Cubic Meter,483.645597
"June 26, 2022",Hungary,Million Cubic Meter,521.955477
"July 31, 2022",Hungary,Million Cubic Meter,462.954912
"August 28, 2022",Hungary,Million Cubic Meter,543.778379
"September 25, 2022",Hungary,Million Cubic Meter,671.735244
"October 30, 2022",Hungary,Million Cubic Meter,1069.190601
"November 27, 2022",Hungary,Million Cubic Meter,1349.371378
"January 1, 2023",Hungary,Million Cubic Meter,1265.982289
"January 29, 2023",Hungary,Million Cubic Meter,1242.22922
"February 26, 2023",Hungary,Million Cubic Meter,1024.362636
"March 26, 2023",Hungary,Million Cubic Meter,811.332395
"April 30, 2023",Hungary,Million Cubic Meter,543.180644
"May 28, 2023",Hungary,Million Cubic Meter,464.923159
"June 25, 2023",Hungary,Million Cubic Meter,504.424662
"July 30, 2023",Hungary,Million Cubic Meter,464.746863
"August 27, 2023",Hungary,Million Cubic Meter,474.351293
"October 1, 2023",Hungary,Million Cubic Meter,683.973403
"October 29, 2023",Hungary,Million Cubic Meter,1070.728382
"November 26, 2023",Hungary,Million Cubic Meter,1319.939893
"December 31, 2023",Hungary,Million Cubic Meter,1465.122152
"January 28, 2024",Hungary,Million Cubic Meter,1004.171839
"February 25, 2024",Hungary,Million Cubic Meter,944.797721
"March 31, 2024",Hungary,Million Cubic Meter,647.998905
"April 28, 2024",Hungary,Million Cubic Meter,502.263329
"May 26, 2024",Hungary,Million Cubic Meter,433.794238
"June 30, 2024",Hungary,Million Cubic Meter,444.322286
"July 28, 2024",Hungary,Million Cubic Meter,434.284324
"September 1, 2024",Hungary,Million Cubic Meter,519.908571
"September 29, 2024",Hungary,Million Cubic Meter,796.268423
"October 27, 2024",Hungary,Million Cubic Meter,1280.576857
"December 1, 2024",Hungary,Million Cubic Meter,1438.976667
"December 29, 2024",Hungary,Million Cubic Meter,1525.370762
"January 26, 2025",Hungary,Million Cubic Meter,1462.646476
"February 23, 2025",Hungary,Million Cubic Meter,1056.30458
"March 30, 2025",Hungary,Million Cubic Meter,689.756952
"April 27, 2025",Hungary,Million Cubic Meter,529.153334
"June 1, 2025",Hungary,Million Cubic Meter,381.635274
"June 29, 2025",Hungary,Million Cubic Meter,421.666428
"July 27, 2025",Hungary,Million Cubic Meter,346.162
"August 31, 2025",Hungary,Million Cubic Meter,465.249371
"September 28, 2025",Hungary,Million Cubic Meter,952.370542
"December 30, 2018",Greece,Million Cubic Meter,710.683939
"January 27, 2019",Greece,Million Cubic Meter,515.561469
"February 24, 2019",Greece,Million Cubic Meter,398.517283
"March 31, 2019",Greece,Million Cubic Meter,370.531922
"April 28, 2019",Greece,Million Cubic Meter,336.65797
"May 26, 2019",Greece,Million Cubic Meter,412.513683
"June 30, 2019",Greece,Million Cubic Meter,511.562937
"July 28, 2019",Greece,Million Cubic Meter,467.507881
"September 1, 2019",Greece,Million Cubic Meter,451.202977
"September 29, 2019",Greece,Million Cubic Meter,425.749116
"October 27, 2019",Greece,Million Cubic Meter,401.381608
"December 1, 2019",Greece,Million Cubic Meter,465.485
"December 29, 2019",Greece,Million Cubic Meter,635.577292
"January 26, 2020",Greece,Million Cubic Meter,500.92569
"March 1, 2020",Greece,Million Cubic Meter,471.044215
"March 29, 2020",Greece,Million Cubic Meter,387.526611
"April 26, 2020",Greece,Million Cubic Meter,388.564764
"May 31, 2020",Greece,Million Cubic Meter,437.296577
"June 28, 2020",Greece,Million Cubic Meter,568.382422
"July 26, 2020",Greece,Million Cubic Meter,528.625577
"August 30, 2020",Greece,Million Cubic Meter,486.436136
"September 27, 2020",Greece,Million Cubic Meter,452.33844
"November 1, 2020",Greece,Million Cubic Meter,528.131608
"November 29, 2020",Greece,Million Cubic Meter,625.160686
"December 27, 2020",Greece,Million Cubic Meter,652.382073
"January 31, 2021",Greece,Million Cubic Meter,466.409375
"February 28, 2021",Greece,Million Cubic Meter,561.917247
"March 28, 2021",Greece,Million Cubic Meter,566.47033
"April 25, 2021",Greece,Million Cubic Meter,414.516902
"May 30, 2021",Greece,Million Cubic Meter,557.346254
"June 27, 2021",Greece,Million Cubic Meter,636.928191
"August 1, 2021",Greece,Million Cubic Meter,600.640539
"August 29, 2021",Greece,Million Cubic Meter,539.804832
"September 26, 2021",Greece,Million Cubic Meter,511.374936
"October 31, 2021",Greece,Million Cubic Meter,531.853219
"November 28, 2021",Greece,Million Cubic Meter,623.271478
"December 26, 2021",Greece,Million Cubic Meter,602.574811
"January 30, 2022",Greece,Million Cubic Meter,521.521938
"February 27, 2022",Greece,Million Cubic Meter,660.833456
"March 27, 2022",Greece,Million Cubic Meter,305.630959
"May 1, 2022",Greece,Million Cubic Meter,355.735784
"May 29, 2022",Greece,Million Cubic Meter,440.747191
"June 26, 2022",Greece,Million Cubic Meter,555.157333
"July 31, 2022",Greece,Million Cubic Meter,528.820571
"August 28, 2022",Greece,Million Cubic Meter,333.074071
"September 25, 2022",Greece,Million Cubic Meter,255.032133
"October 30, 2022",Greece,Million Cubic Meter,366.33131
"November 27, 2022",Greece,Million Cubic Meter,488.557369
"January 1, 2023",Greece,Million Cubic Meter,388.904979
"January 29, 2023",Greece,Million Cubic Meter,410.895021
"February 26, 2023",Greece,Million Cubic Meter,379.705525
"March 26, 2023",Greece,Million Cubic Meter,369.638966
"April 30, 2023",Greece,Million Cubic Meter,303.441024
"May 28, 2023",Greece,Million Cubic Meter,406.748819
"June 25, 2023",Greece,Million Cubic Meter,504.04533
"July 30, 2023",Greece,Million Cubic Meter,439.496839
"August 27, 2023",Greece,Million Cubic Meter,422.347758
"October 1, 2023",Greece,Million Cubic Meter,410.253692
"October 29, 2023",Greece,Million Cubic Meter,349.875168
"November 26, 2023",Greece,Million Cubic Meter,463.665769
"December 31, 2023",Greece,Million Cubic Meter,575.01229
"January 28, 2024",Greece,Million Cubic Meter,465.178525
"February 25, 2024",Greece,Million Cubic Meter,503.792122
"March 31, 2024",Greece,Million Cubic Meter,399.649566
"April 28, 2024",Greece,Million Cubic Meter,473.788442
"May 26, 2024",Greece,Million Cubic Meter,514.435688
"June 30, 2024",Greece,Million Cubic Meter,594.611545
"July 28, 2024",Greece,Million Cubic Meter,548.012019
"September 1, 2024",Greece,Million Cubic Meter,463.388288
"September 29, 2024",Greece,Million Cubic Meter,450.13334
"October 27, 2024",Greece,Million Cubic Meter,637.708819
"December 1, 2024",Greece,Million Cubic Meter,678.11747
"December 29, 2024",Greece,Million Cubic Meter,725.472149
"January 26, 2025",Greece,Million Cubic Meter,736.195482
"February 23, 2025",Greece,Million Cubic Meter,487.865286
"March 30, 2025",Greece,Million Cubic Meter,368.39522
"April 27, 2025",Greece,Million Cubic Meter,377.405986
"June 1, 2025",Greece,Million Cubic Meter,479.224492
"June 29, 2025",Greece,Million Cubic Meter,540.272544
"July 27, 2025",Greece,Million Cubic Meter,369.302667
"December 30, 2018",Germany,Million Cubic Meter,13034.761905
"January 27, 2019",Germany,Million Cubic Meter,10034.666667
"February 24, 2019",Germany,Million Cubic Meter,9329.523809
"March 31, 2019",Germany,Million Cubic Meter,7011.428572
"April 28, 2019",Germany,Million Cubic Meter,6539.523809
"May 26, 2019",Germany,Million Cubic Meter,4291.428571
"June 30, 2019",Germany,Million Cubic Meter,4593.904762
"July 28, 2019",Germany,Million Cubic Meter,4410.857143
"September 1, 2019",Germany,Million Cubic Meter,5322.857143
"September 29, 2019",Germany,Million Cubic Meter,7481.333333
"October 27, 2019",Germany,Million Cubic Meter,10068.571429
"December 1, 2019",Germany,Million Cubic Meter,10950.380953
"December 29, 2019",Germany,Million Cubic Meter,11703.238095
"January 26, 2020",Germany,Million Cubic Meter,10064.380952
"March 1, 2020",Germany,Million Cubic Meter,9801.904762
"March 29, 2020",Germany,Million Cubic Meter,6302.857142
"April 26, 2020",Germany,Million Cubic Meter,5789.619048
"May 31, 2020",Germany,Million Cubic Meter,4791.428571
"June 28, 2020",Germany,Million Cubic Meter,4818.285714
"July 26, 2020",Germany,Million Cubic Meter,4534.857143
"August 30, 2020",Germany,Million Cubic Meter,5242.857143
"September 27, 2020",Germany,Million Cubic Meter,7809.047619
"November 1, 2020",Germany,Million Cubic Meter,9717.142857
"November 29, 2020",Germany,Million Cubic Meter,11602.857143
"December 27, 2020",Germany,Million Cubic Meter,13096.761921
"January 31, 2021",Germany,Million Cubic Meter,11346.66666
"February 28, 2021",Germany,Million Cubic Meter,10684.666677
"March 28, 2021",Germany,Million Cubic Meter,8974.28571
"April 25, 2021",Germany,Million Cubic Meter,6825.904756
"May 30, 2021",Germany,Million Cubic Meter,4491.42858
"June 27, 2021",Germany,Million Cubic Meter,4407.904756
"August 1, 2021",Germany,Million Cubic Meter,4328.190457
"August 29, 2021",Germany,Million Cubic Meter,4805.71428
"September 26, 2021",Germany,Million Cubic Meter,7289.428567
"October 31, 2021",Germany,Million Cubic Meter,10128.57144
"November 28, 2021",Germany,Million Cubic Meter,11620.571433
"December 26, 2021",Germany,Million Cubic Meter,11845
"January 30, 2022",Germany,Million Cubic Meter,9739
"February 27, 2022",Germany,Million Cubic Meter,9501
"March 27, 2022",Germany,Million Cubic Meter,7320
"May 1, 2022",Germany,Million Cubic Meter,4795
"May 29, 2022",Germany,Million Cubic Meter,3920
"June 26, 2022",Germany,Million Cubic Meter,3602
"July 31, 2022",Germany,Million Cubic Meter,3422
"August 28, 2022",Germany,Million Cubic Meter,4183
"September 25, 2022",Germany,Million Cubic Meter,5078
"October 30, 2022",Germany,Million Cubic Meter,7309
"November 27, 2022",Germany,Million Cubic Meter,10224
"January 1, 2023",Germany,Million Cubic Meter,9737
"January 29, 2023",Germany,Million Cubic Meter,8960
"February 26, 2023",Germany,Million Cubic Meter,8588
"March 26, 2023",Germany,Million Cubic Meter,6754
"April 30, 2023",Germany,Million Cubic Meter,4591
"May 28, 2023",Germany,Million Cubic Meter,3649
"June 25, 2023",Germany,Million Cubic Meter,3537
"July 30, 2023",Germany,Million Cubic Meter,3696
"August 27, 2023",Germany,Million Cubic Meter,3703
"October 1, 2023",Germany,Million Cubic Meter,5615
"October 29, 2023",Germany,Million Cubic Meter,8577
"November 26, 2023",Germany,Million Cubic Meter,9876
"December 31, 2023",Germany,Million Cubic Meter,11651
"January 28, 2024",Germany,Million Cubic Meter,8338
"February 25, 2024",Germany,Million Cubic Meter,7896
"March 31, 2024",Germany,Million Cubic Meter,6380
"April 28, 2024",Germany,Million Cubic Meter,4496
"May 26, 2024",Germany,Million Cubic Meter,4051
"June 30, 2024",Germany,Million Cubic Meter,3720
"July 28, 2024",Germany,Million Cubic Meter,3540
"September 1, 2024",Germany,Million Cubic Meter,4226
"September 29, 2024",Germany,Million Cubic Meter,6209
"October 27, 2024",Germany,Million Cubic Meter,9323
"December 1, 2024",Germany,Million Cubic Meter,10576
"December 29, 2024",Germany,Million Cubic Meter,11771
"January 26, 2025",Germany,Million Cubic Meter,10475
"February 23, 2025",Germany,Million Cubic Meter,8494
"March 30, 2025",Germany,Million Cubic Meter,5769
"April 27, 2025",Germany,Million Cubic Meter,4626
"June 1, 2025",Germany,Million Cubic Meter,3528
"June 29, 2025",Germany,Million Cubic Meter,3558
"July 27, 2025",Germany,Million Cubic Meter,3466
"December 30, 2018",France,Million Cubic Meter,6602
"January 27, 2019",France,Million Cubic Meter,4992
"February 24, 2019",France,Million Cubic Meter,4367
"March 31, 2019",France,Million Cubic Meter,3293
"April 28, 2019",France,Million Cubic Meter,2741
"May 26, 2019",France,Million Cubic Meter,1873
"June 30, 2019",France,Million Cubic Meter,1944
"July 28, 2019",France,Million Cubic Meter,1657
"September 1, 2019",France,Million Cubic Meter,2047
"September 29, 2019",France,Million Cubic Meter,3058
"October 27, 2019",France,Million Cubic Meter,5075
"December 1, 2019",France,Million Cubic Meter,5373
"December 29, 2019",France,Million Cubic Meter,5824
"January 26, 2020",France,Million Cubic Meter,4682
"March 1, 2020",France,Million Cubic Meter,4404
"March 29, 2020",France,Million Cubic Meter,2204
"April 26, 2020",France,Million Cubic Meter,2075
"May 31, 2020",France,Million Cubic Meter,2000
"June 28, 2020",France,Million Cubic Meter,1919
"July 26, 2020",France,Million Cubic Meter,1710
"August 30, 2020",France,Million Cubic Meter,2105
"September 27, 2020",France,Million Cubic Meter,3488
"November 1, 2020",France,Million Cubic Meter,4495
"November 29, 2020",France,Million Cubic Meter,5513
"December 27, 2020",France,Million Cubic Meter,6320
"January 31, 2021",France,Million Cubic Meter,4933
"February 28, 2021",France,Million Cubic Meter,4832
"March 28, 2021",France,Million Cubic Meter,3752
"April 25, 2021",France,Million Cubic Meter,2700
"May 30, 2021",France,Million Cubic Meter,1746
"June 27, 2021",France,Million Cubic Meter,1670
"August 1, 2021",France,Million Cubic Meter,1422
"August 29, 2021",France,Million Cubic Meter,1809
"September 26, 2021",France,Million Cubic Meter,3057
"October 31, 2021",France,Million Cubic Meter,5185
"November 28, 2021",France,Million Cubic Meter,5675
"December 26, 2021",France,Million Cubic Meter,6163
"January 30, 2022",France,Million Cubic Meter,4623
"February 27, 2022",France,Million Cubic Meter,4336
"March 27, 2022",France,Million Cubic Meter,3277
"May 1, 2022",France,Million Cubic Meter,2102
"May 29, 2022",France,Million Cubic Meter,1773
"June 26, 2022",France,Million Cubic Meter,1775
"July 31, 2022",France,Million Cubic Meter,1623
"August 28, 2022",France,Million Cubic Meter,2048
"September 25, 2022",France,Million Cubic Meter,2440
"October 30, 2022",France,Million Cubic Meter,3784
"November 27, 2022",France,Million Cubic Meter,5256
"January 1, 2023",France,Million Cubic Meter,5096
"January 29, 2023",France,Million Cubic Meter,4636
"February 26, 2023",France,Million Cubic Meter,4018
"March 26, 2023",France,Million Cubic Meter,2906
"April 30, 2023",France,Million Cubic Meter,1808
"May 28, 2023",France,Million Cubic Meter,1525
"June 25, 2023",France,Million Cubic Meter,1471
"July 30, 2023",France,Million Cubic Meter,1358
"August 27, 2023",France,Million Cubic Meter,1490
"October 1, 2023",France,Million Cubic Meter,2100
"October 29, 2023",France,Million Cubic Meter,3778
"November 26, 2023",France,Million Cubic Meter,4441
"December 31, 2023",France,Million Cubic Meter,5279
"January 28, 2024",France,Million Cubic Meter,3747
"February 25, 2024",France,Million Cubic Meter,3526
"March 31, 2024",France,Million Cubic Meter,2511
"April 28, 2024",France,Million Cubic Meter,1760
"May 26, 2024",France,Million Cubic Meter,1447
"June 30, 2024",France,Million Cubic Meter,1374
"July 28, 2024",France,Million Cubic Meter,1119
"September 1, 2024",France,Million Cubic Meter,1537
"September 29, 2024",France,Million Cubic Meter,2164
"October 27, 2024",France,Million Cubic Meter,3780
"December 1, 2024",France,Million Cubic Meter,4595
"December 29, 2024",France,Million Cubic Meter,5109
"January 26, 2025",France,Million Cubic Meter,4264
"February 23, 2025",France,Million Cubic Meter,3479
"March 30, 2025",France,Million Cubic Meter,2014
"April 27, 2025",France,Million Cubic Meter,1465
"June 1, 2025",France,Million Cubic Meter,1228
"June 29, 2025",France,Million Cubic Meter,1236
"July 27, 2025",France,Million Cubic Meter,1109
"August 31, 2025",France,Million Cubic Meter,1401
"December 30, 2018",Finland,Million Cubic Meter,384
"January 27, 2019",Finland,Million Cubic Meter,278
"February 24, 2019",Finland,Million Cubic Meter,269
"March 31, 2019",Finland,Million Cubic Meter,213
"April 28, 2019",Finland,Million Cubic Meter,155
"May 26, 2019",Finland,Million Cubic Meter,155
"June 30, 2019",Finland,Million Cubic Meter,153
"July 28, 2019",Finland,Million Cubic Meter,149.999619
"September 1, 2019",Finland,Million Cubic Meter,169.999571
"September 29, 2019",Finland,Million Cubic Meter,208.000143
"October 27, 2019",Finland,Million Cubic Meter,208.000429
"December 1, 2019",Finland,Million Cubic Meter,226.000381
"December 29, 2019",Finland,Million Cubic Meter,255
"January 26, 2020",Finland,Million Cubic Meter,230.5
"March 1, 2020",Finland,Million Cubic Meter,238.5
"March 29, 2020",Finland,Million Cubic Meter,183
"April 26, 2020",Finland,Million Cubic Meter,164
"May 31, 2020",Finland,Million Cubic Meter,166
"June 28, 2020",Finland,Million Cubic Meter,155
"July 26, 2020",Finland,Million Cubic Meter,169
"August 30, 2020",Finland,Million Cubic Meter,203
"September 27, 2020",Finland,Million Cubic Meter,202.5
"November 1, 2020",Finland,Million Cubic Meter,209.499999
"November 29, 2020",Finland,Million Cubic Meter,254.5
"December 27, 2020",Finland,Million Cubic Meter,358.9
"January 31, 2021",Finland,Million Cubic Meter,359.899999
"February 28, 2021",Finland,Million Cubic Meter,267.9
"March 28, 2021",Finland,Million Cubic Meter,227.9
"April 25, 2021",Finland,Million Cubic Meter,101.9
"May 30, 2021",Finland,Million Cubic Meter,119.895
"June 27, 2021",Finland,Million Cubic Meter,152.895
"August 1, 2021",Finland,Million Cubic Meter,142.895
"August 29, 2021",Finland,Million Cubic Meter,174.895
"September 26, 2021",Finland,Million Cubic Meter,146.894999
"October 31, 2021",Finland,Million Cubic Meter,110.895
"November 28, 2021",Finland,Million Cubic Meter,254.895
"December 26, 2021",Finland,Million Cubic Meter,178.895
"January 30, 2022",Finland,Million Cubic Meter,149.894999
"February 27, 2022",Finland,Million Cubic Meter,162.335
"March 27, 2022",Finland,Million Cubic Meter,96.095
"May 1, 2022",Finland,Million Cubic Meter,102.895
"May 29, 2022",Finland,Million Cubic Meter,93.525
"June 26, 2022",Finland,Million Cubic Meter,84.817
"July 31, 2022",Finland,Million Cubic Meter,100.894999
"August 28, 2022",Finland,Million Cubic Meter,73.817
"September 25, 2022",Finland,Million Cubic Meter,69.242
"October 30, 2022",Finland,Million Cubic Meter,78.895
"November 27, 2022",Finland,Million Cubic Meter,89.095
"January 1, 2023",Finland,Million Cubic Meter,134.673393
"January 29, 2023",Finland,Million Cubic Meter,149.00954
"February 26, 2023",Finland,Million Cubic Meter,133.752
"March 26, 2023",Finland,Million Cubic Meter,77.012
"April 30, 2023",Finland,Million Cubic Meter,139.691999
"May 28, 2023",Finland,Million Cubic Meter,99.912
"June 25, 2023",Finland,Million Cubic Meter,112.751999
"July 30, 2023",Finland,Million Cubic Meter,138.51749
"August 27, 2023",Finland,Million Cubic Meter,119.306773
"October 1, 2023",Finland,Million Cubic Meter,297.9
"October 29, 2023",Finland,Million Cubic Meter,157.954974
"November 26, 2023",Finland,Million Cubic Meter,194.717961
"December 31, 2023",Finland,Million Cubic Meter,230.635836
"January 28, 2024",Finland,Million Cubic Meter,204.276166
"February 25, 2024",Finland,Million Cubic Meter,172.401
"March 31, 2024",Finland,Million Cubic Meter,123.587001
"April 28, 2024",Finland,Million Cubic Meter,107.047
"May 26, 2024",Finland,Million Cubic Meter,135.473561
"June 30, 2024",Finland,Million Cubic Meter,133.896455
"July 28, 2024",Finland,Million Cubic Meter,106.11417
"September 1, 2024",Finland,Million Cubic Meter,134.902967
"September 29, 2024",Finland,Million Cubic Meter,152.387001
"October 27, 2024",Finland,Million Cubic Meter,107.487
"December 1, 2024",Finland,Million Cubic Meter,170.377
"December 29, 2024",Finland,Million Cubic Meter,157.911809
"January 26, 2025",Finland,Million Cubic Meter,146.17667
"February 23, 2025",Finland,Million Cubic Meter,165.8955
"March 30, 2025",Finland,Million Cubic Meter,138.553
"April 27, 2025",Finland,Million Cubic Meter,121.369
"June 1, 2025",Finland,Million Cubic Meter,91.52
"June 29, 2025",Finland,Million Cubic Meter,115.539999
"July 27, 2025",Finland,Million Cubic Meter,94.99
"August 31, 2025",Finland,Million Cubic Meter,56.5
"September 28, 2025",Finland,Million Cubic Meter,111.03
"December 30, 2018",Estonia,Million Cubic Meter,74
"January 27, 2019",Estonia,Million Cubic Meter,53
"February 24, 2019",Estonia,Million Cubic Meter,53
"March 31, 2019",Estonia,Million Cubic Meter,34
"April 28, 2019",Estonia,Million Cubic Meter,26
"May 26, 2019",Estonia,Million Cubic Meter,16
"June 30, 2019",Estonia,Million Cubic Meter,17
"July 28, 2019",Estonia,Million Cubic Meter,19
"September 1, 2019",Estonia,Million Cubic Meter,24
"September 29, 2019",Estonia,Million Cubic Meter,36
"October 27, 2019",Estonia,Million Cubic Meter,44
"December 1, 2019",Estonia,Million Cubic Meter,65
"December 29, 2019",Estonia,Million Cubic Meter,54.233695
"January 26, 2020",Estonia,Million Cubic Meter,49.674597
"March 1, 2020",Estonia,Million Cubic Meter,51.003637
"March 29, 2020",Estonia,Million Cubic Meter,36.860684
"April 26, 2020",Estonia,Million Cubic Meter,26.296792
"May 31, 2020",Estonia,Million Cubic Meter,17.055722
"June 28, 2020",Estonia,Million Cubic Meter,17.386905
"July 26, 2020",Estonia,Million Cubic Meter,19.021701
"August 30, 2020",Estonia,Million Cubic Meter,23.102163
"September 27, 2020",Estonia,Million Cubic Meter,29.658773
"November 1, 2020",Estonia,Million Cubic Meter,41.01161
"November 29, 2020",Estonia,Million Cubic Meter,59.477884
"December 27, 2020",Estonia,Million Cubic Meter,65.354751
"January 31, 2021",Estonia,Million Cubic Meter,70.621313
"February 28, 2021",Estonia,Million Cubic Meter,53.059102
"March 28, 2021",Estonia,Million Cubic Meter,39.522789
"April 25, 2021",Estonia,Million Cubic Meter,26.16725
"May 30, 2021",Estonia,Million Cubic Meter,17.259647
"June 27, 2021",Estonia,Million Cubic Meter,15.537016
"August 1, 2021",Estonia,Million Cubic Meter,20.529934
"August 29, 2021",Estonia,Million Cubic Meter,26.100119
"September 26, 2021",Estonia,Million Cubic Meter,31.022808
"October 31, 2021",Estonia,Million Cubic Meter,43.893818
"November 28, 2021",Estonia,Million Cubic Meter,72.646987
"December 26, 2021",Estonia,Million Cubic Meter,60.673624
"January 30, 2022",Estonia,Million Cubic Meter,50.121979
"February 27, 2022",Estonia,Million Cubic Meter,45.572956
"March 27, 2022",Estonia,Million Cubic Meter,31.834638
"May 1, 2022",Estonia,Million Cubic Meter,21.549931
"May 29, 2022",Estonia,Million Cubic Meter,15.202584
"June 26, 2022",Estonia,Million Cubic Meter,11.669506
"July 31, 2022",Estonia,Million Cubic Meter,13.604629
"August 28, 2022",Estonia,Million Cubic Meter,16.28086
"September 25, 2022",Estonia,Million Cubic Meter,19.363826
"October 30, 2022",Estonia,Million Cubic Meter,30.670189
"November 27, 2022",Estonia,Million Cubic Meter,43.76855
"January 1, 2023",Estonia,Million Cubic Meter,41.277948
"January 29, 2023",Estonia,Million Cubic Meter,35.055959
"February 26, 2023",Estonia,Million Cubic Meter,36.973471
"March 26, 2023",Estonia,Million Cubic Meter,23.754632
"April 30, 2023",Estonia,Million Cubic Meter,16.195688
"May 28, 2023",Estonia,Million Cubic Meter,9.255295
"June 25, 2023",Estonia,Million Cubic Meter,10.992114
"July 30, 2023",Estonia,Million Cubic Meter,14.139594
"August 27, 2023",Estonia,Million Cubic Meter,9.684571
"October 1, 2023",Estonia,Million Cubic Meter,30.126597
"October 29, 2023",Estonia,Million Cubic Meter,37.053525
"November 26, 2023",Estonia,Million Cubic Meter,54.14927
"December 31, 2023",Estonia,Million Cubic Meter,70.28159
"January 28, 2024",Estonia,Million Cubic Meter,43.286641
"February 25, 2024",Estonia,Million Cubic Meter,35.719366
"March 31, 2024",Estonia,Million Cubic Meter,31.1
"April 28, 2024",Estonia,Million Cubic Meter,16.6
"May 26, 2024",Estonia,Million Cubic Meter,10.6
"June 30, 2024",Estonia,Million Cubic Meter,12.7
"July 28, 2024",Estonia,Million Cubic Meter,13.399999
"September 1, 2024",Estonia,Million Cubic Meter,12.7
"September 29, 2024",Estonia,Million Cubic Meter,22.24
"October 27, 2024",Estonia,Million Cubic Meter,34.3
"December 1, 2024",Estonia,Million Cubic Meter,44.1
"December 29, 2024",Estonia,Million Cubic Meter,42
"January 26, 2025",Estonia,Million Cubic Meter,44.3
"February 23, 2025",Estonia,Million Cubic Meter,31.6
"March 30, 2025",Estonia,Million Cubic Meter,25
"April 27, 2025",Estonia,Million Cubic Meter,16.600001
"June 1, 2025",Estonia,Million Cubic Meter,12.4
"June 29, 2025",Estonia,Million Cubic Meter,11.7
"July 27, 2025",Estonia,Million Cubic Meter,13.5
"August 31, 2025",Estonia,Million Cubic Meter,13.9
"September 28, 2025",Estonia,Million Cubic Meter,0.70188
"December 30, 2018",Denmark,Million Cubic Meter,405
"January 27, 2019",Denmark,Million Cubic Meter,318.570741
"February 24, 2019",Denmark,Million Cubic Meter,313.855287
"March 31, 2019",Denmark,Million Cubic Meter,232.779428
"April 28, 2019",Denmark,Million Cubic Meter,218.935641
"May 26, 2019",Denmark,Million Cubic Meter,164
"June 30, 2019",Denmark,Million Cubic Meter,162
"July 28, 2019",Denmark,Million Cubic Meter,179
"September 1, 2019",Denmark,Million Cubic Meter,191
"September 29, 2019",Denmark,Million Cubic Meter,266.953078
"October 27, 2019",Denmark,Million Cubic Meter,321.000476
"December 1, 2019",Denmark,Million Cubic Meter,320.883143
"December 29, 2019",Denmark,Million Cubic Meter,304.272334
"January 26, 2020",Denmark,Million Cubic Meter,300.349811
"March 1, 2020",Denmark,Million Cubic Meter,295.499
"March 29, 2020",Denmark,Million Cubic Meter,224.458743
"April 26, 2020",Denmark,Million Cubic Meter,192.909196
"May 31, 2020",Denmark,Million Cubic Meter,167.723942
"June 28, 2020",Denmark,Million Cubic Meter,134.894
"July 26, 2020",Denmark,Million Cubic Meter,144.659123
"August 30, 2020",Denmark,Million Cubic Meter,175.033768
"September 27, 2020",Denmark,Million Cubic Meter,230.142506
"November 1, 2020",Denmark,Million Cubic Meter,276.360705
"November 29, 2020",Denmark,Million Cubic Meter,332.538341
"December 27, 2020",Denmark,Million Cubic Meter,391.734882
"January 31, 2021",Denmark,Million Cubic Meter,372.173025
"February 28, 2021",Denmark,Million Cubic Meter,309.298289
"March 28, 2021",Denmark,Million Cubic Meter,250.012571
"April 25, 2021",Denmark,Million Cubic Meter,210.450595
"May 30, 2021",Denmark,Million Cubic Meter,149.084715
"June 27, 2021",Denmark,Million Cubic Meter,130.29594
"August 1, 2021",Denmark,Million Cubic Meter,152.41377
"August 29, 2021",Denmark,Million Cubic Meter,159.416583
"September 26, 2021",Denmark,Million Cubic Meter,204.765854
"October 31, 2021",Denmark,Million Cubic Meter,259.078249
"November 28, 2021",Denmark,Million Cubic Meter,335.643917
"December 26, 2021",Denmark,Million Cubic Meter,297.021883
"January 30, 2022",Denmark,Million Cubic Meter,257.053
"February 27, 2022",Denmark,Million Cubic Meter,262.870163
"March 27, 2022",Denmark,Million Cubic Meter,196.744271
"May 1, 2022",Denmark,Million Cubic Meter,153.243344
"May 29, 2022",Denmark,Million Cubic Meter,136.696196
"June 26, 2022",Denmark,Million Cubic Meter,117.663839
"July 31, 2022",Denmark,Million Cubic Meter,120.868881
"August 28, 2022",Denmark,Million Cubic Meter,130.298837
"September 25, 2022",Denmark,Million Cubic Meter,156.062014
"October 30, 2022",Denmark,Million Cubic Meter,192.241709
"November 27, 2022",Denmark,Million Cubic Meter,278.450882
"January 1, 2023",Denmark,Million Cubic Meter,258
"January 29, 2023",Denmark,Million Cubic Meter,236
"February 26, 2023",Denmark,Million Cubic Meter,246.910745
"March 26, 2023",Denmark,Million Cubic Meter,177.530866
"April 30, 2023",Denmark,Million Cubic Meter,144.881511
"May 28, 2023",Denmark,Million Cubic Meter,132.260535
"June 25, 2023",Denmark,Million Cubic Meter,134
"July 30, 2023",Denmark,Million Cubic Meter,146
"August 27, 2023",Denmark,Million Cubic Meter,130.679474
"October 1, 2023",Denmark,Million Cubic Meter,186
"October 29, 2023",Denmark,Million Cubic Meter,250
"November 26, 2023",Denmark,Million Cubic Meter,276
"December 31, 2023",Denmark,Million Cubic Meter,339
"January 28, 2024",Denmark,Million Cubic Meter,239.117398
"February 25, 2024",Denmark,Million Cubic Meter,234.099507
"March 31, 2024",Denmark,Million Cubic Meter,202.914262
"April 28, 2024",Denmark,Million Cubic Meter,143.148774
"May 26, 2024",Denmark,Million Cubic Meter,132.844503
"June 30, 2024",Denmark,Million Cubic Meter,113.522
"July 28, 2024",Denmark,Million Cubic Meter,123.086
"September 1, 2024",Denmark,Million Cubic Meter,132.633
"September 29, 2024",Denmark,Million Cubic Meter,168.819717
"October 27, 2024",Denmark,Million Cubic Meter,242.756152
"December 1, 2024",Denmark,Million Cubic Meter,255.334
"December 29, 2024",Denmark,Million Cubic Meter,304.912999
"January 26, 2025",Denmark,Million Cubic Meter,269.352
"February 23, 2025",Denmark,Million Cubic Meter,201.974
"March 30, 2025",Denmark,Million Cubic Meter,150.716
"April 27, 2025",Denmark,Million Cubic Meter,139.696
"June 1, 2025",Denmark,Million Cubic Meter,126.875
"June 29, 2025",Denmark,Million Cubic Meter,108.614
"July 27, 2025",Denmark,Million Cubic Meter,119.492
"August 31, 2025",Denmark,Million Cubic Meter,135.740999
"September 28, 2025",Denmark,Million Cubic Meter,183.243
"December 30, 2018",Czech Republic,Million Cubic Meter,1413.828571
"January 27, 2019",Czech Republic,Million Cubic Meter,1100.914286
"February 24, 2019",Czech Republic,Million Cubic Meter,919.285714
"March 31, 2019",Czech Republic,Million Cubic Meter,683.838095
"April 28, 2019",Czech Republic,Million Cubic Meter,621.142857
"May 26, 2019",Czech Republic,Million Cubic Meter,487.571429
"June 30, 2019",Czech Republic,Million Cubic Meter,517.4
"July 28, 2019",Czech Republic,Million Cubic Meter,507.533333
"September 1, 2019",Czech Republic,Million Cubic Meter,608.409524
"September 29, 2019",Czech Republic,Million Cubic Meter,721
"October 27, 2019",Czech Republic,Million Cubic Meter,910
"December 1, 2019",Czech Republic,Million Cubic Meter,1056
"December 29, 2019",Czech Republic,Million Cubic Meter,1455.034187
"January 26, 2020",Czech Republic,Million Cubic Meter,1085.325337
"March 1, 2020",Czech Republic,Million Cubic Meter,1007.361547
"March 29, 2020",Czech Republic,Million Cubic Meter,651.824223
"April 26, 2020",Czech Republic,Million Cubic Meter,574.264669
"May 31, 2020",Czech Republic,Million Cubic Meter,511.595682
"June 28, 2020",Czech Republic,Million Cubic Meter,535.75537
"July 26, 2020",Czech Republic,Million Cubic Meter,486.830859
"August 30, 2020",Czech Republic,Million Cubic Meter,444.200848
"September 27, 2020",Czech Republic,Million Cubic Meter,794.978996
"November 1, 2020",Czech Republic,Million Cubic Meter,1132.299958
"November 29, 2020",Czech Republic,Million Cubic Meter,1290.826101
"December 27, 2020",Czech Republic,Million Cubic Meter,1397.668328
"January 31, 2021",Czech Republic,Million Cubic Meter,1276.143659
"February 28, 2021",Czech Republic,Million Cubic Meter,1223.356899
"March 28, 2021",Czech Republic,Million Cubic Meter,1018.739364
"April 25, 2021",Czech Republic,Million Cubic Meter,636.766061
"May 30, 2021",Czech Republic,Million Cubic Meter,509.577697
"June 27, 2021",Czech Republic,Million Cubic Meter,478.808255
"August 1, 2021",Czech Republic,Million Cubic Meter,418.91075
"August 29, 2021",Czech Republic,Million Cubic Meter,509.562406
"September 26, 2021",Czech Republic,Million Cubic Meter,781.913491
"October 31, 2021",Czech Republic,Million Cubic Meter,1112.879632
"November 28, 2021",Czech Republic,Million Cubic Meter,1253.445088
"December 26, 2021",Czech Republic,Million Cubic Meter,1250.84844
"January 30, 2022",Czech Republic,Million Cubic Meter,1213.726842
"February 27, 2022",Czech Republic,Million Cubic Meter,1022.672203
"March 27, 2022",Czech Republic,Million Cubic Meter,748.560602
"May 1, 2022",Czech Republic,Million Cubic Meter,474.703524
"May 29, 2022",Czech Republic,Million Cubic Meter,430.437177
"June 26, 2022",Czech Republic,Million Cubic Meter,372.000438
"July 31, 2022",Czech Republic,Million Cubic Meter,393.651985
"August 28, 2022",Czech Republic,Million Cubic Meter,450.629051
"September 25, 2022",Czech Republic,Million Cubic Meter,593.18497
"October 30, 2022",Czech Republic,Million Cubic Meter,841.652661
"November 27, 2022",Czech Republic,Million Cubic Meter,1073.059146
"January 1, 2023",Czech Republic,Million Cubic Meter,967.155838
"January 29, 2023",Czech Republic,Million Cubic Meter,942.282606
"February 26, 2023",Czech Republic,Million Cubic Meter,844.820514
"March 26, 2023",Czech Republic,Million Cubic Meter,653.307678
"April 30, 2023",Czech Republic,Million Cubic Meter,388.881587
"May 28, 2023",Czech Republic,Million Cubic Meter,380.793545
"June 25, 2023",Czech Republic,Million Cubic Meter,344.445901
"July 30, 2023",Czech Republic,Million Cubic Meter,336.659686
"August 27, 2023",Czech Republic,Million Cubic Meter,359.799135
"October 1, 2023",Czech Republic,Million Cubic Meter,523.088947
"October 29, 2023",Czech Republic,Million Cubic Meter,780.803619
"November 26, 2023",Czech Republic,Million Cubic Meter,946.879381
"December 31, 2023",Czech Republic,Million Cubic Meter,1135.453
"January 28, 2024",Czech Republic,Million Cubic Meter,760.202286
"February 25, 2024",Czech Republic,Million Cubic Meter,724.912484
"March 31, 2024",Czech Republic,Million Cubic Meter,516.674619
"April 28, 2024",Czech Republic,Million Cubic Meter,357.043714
"May 26, 2024",Czech Republic,Million Cubic Meter,348.944025
"June 30, 2024",Czech Republic,Million Cubic Meter,304.268714
"July 28, 2024",Czech Republic,Million Cubic Meter,325.511057
"September 1, 2024",Czech Republic,Million Cubic Meter,372.088143
"September 29, 2024",Czech Republic,Million Cubic Meter,622.191069
"October 27, 2024",Czech Republic,Million Cubic Meter,964.17781
"December 1, 2024",Czech Republic,Million Cubic Meter,1025.240619
"December 29, 2024",Czech Republic,Million Cubic Meter,1141.721143
"January 26, 2025",Czech Republic,Million Cubic Meter,1050.634
"February 23, 2025",Czech Republic,Million Cubic Meter,833.803841
"March 30, 2025",Czech Republic,Million Cubic Meter,576.416286
"April 27, 2025",Czech Republic,Million Cubic Meter,477.074095
"June 1, 2025",Czech Republic,Million Cubic Meter,348.214286
"June 29, 2025",Czech Republic,Million Cubic Meter,349.21019
"July 27, 2025",Czech Republic,Million Cubic Meter,300.588381
"August 31, 2025",Czech Republic,Million Cubic Meter,335.957084
"September 28, 2025",Czech Republic,Million Cubic Meter,608.21262
"December 30, 2018",Croatia,Million Cubic Meter,387.865117
"January 27, 2019",Croatia,Million Cubic Meter,284.724626
"February 24, 2019",Croatia,Million Cubic Meter,229.205874
"March 31, 2019",Croatia,Million Cubic Meter,190.428356
"April 28, 2019",Croatia,Million Cubic Meter,190.769649
"May 26, 2019",Croatia,Million Cubic Meter,135.703121
"June 30, 2019",Croatia,Million Cubic Meter,156.405539
"July 28, 2019",Croatia,Million Cubic Meter,169.732377
"September 1, 2019",Croatia,Million Cubic Meter,172.374681
"September 29, 2019",Croatia,Million Cubic Meter,255.775402
"October 27, 2019",Croatia,Million Cubic Meter,285.88134
"December 1, 2019",Croatia,Million Cubic Meter,329.081486
"December 29, 2019",Croatia,Million Cubic Meter,383.151962
"January 26, 2020",Croatia,Million Cubic Meter,297.153326
"March 1, 2020",Croatia,Million Cubic Meter,287.637268
"March 29, 2020",Croatia,Million Cubic Meter,185.840546
"April 26, 2020",Croatia,Million Cubic Meter,181.103212
"May 31, 2020",Croatia,Million Cubic Meter,171.371557
"June 28, 2020",Croatia,Million Cubic Meter,184.982246
"July 26, 2020",Croatia,Million Cubic Meter,175.631031
"August 30, 2020",Croatia,Million Cubic Meter,194.725573
"September 27, 2020",Croatia,Million Cubic Meter,258.754035
"November 1, 2020",Croatia,Million Cubic Meter,328.247324
"November 29, 2020",Croatia,Million Cubic Meter,347.119586
"December 27, 2020",Croatia,Million Cubic Meter,308.1028
"January 31, 2021",Croatia,Million Cubic Meter,287.157752
"February 28, 2021",Croatia,Million Cubic Meter,315.057426
"March 28, 2021",Croatia,Million Cubic Meter,263.565435
"April 25, 2021",Croatia,Million Cubic Meter,176.157304
"May 30, 2021",Croatia,Million Cubic Meter,124.131889
"June 27, 2021",Croatia,Million Cubic Meter,173.491162
"August 1, 2021",Croatia,Million Cubic Meter,172.665225
"August 29, 2021",Croatia,Million Cubic Meter,166.602654
"September 26, 2021",Croatia,Million Cubic Meter,236.821019
"October 31, 2021",Croatia,Million Cubic Meter,309.600533
"November 28, 2021",Croatia,Million Cubic Meter,282.814235
"December 26, 2021",Croatia,Million Cubic Meter,325.969528
"January 30, 2022",Croatia,Million Cubic Meter,293.640815
"February 27, 2022",Croatia,Million Cubic Meter,258.332278
"March 27, 2022",Croatia,Million Cubic Meter,183.768771
"May 1, 2022",Croatia,Million Cubic Meter,120.952666
"May 29, 2022",Croatia,Million Cubic Meter,117.436258
"June 26, 2022",Croatia,Million Cubic Meter,142.786803
"July 31, 2022",Croatia,Million Cubic Meter,135.2507
"August 28, 2022",Croatia,Million Cubic Meter,127.222382
"September 25, 2022",Croatia,Million Cubic Meter,168.982825
"October 30, 2022",Croatia,Million Cubic Meter,214.530969
"November 27, 2022",Croatia,Million Cubic Meter,238.411013
"January 1, 2023",Croatia,Million Cubic Meter,257.19627
"January 29, 2023",Croatia,Million Cubic Meter,260.876064
"February 26, 2023",Croatia,Million Cubic Meter,236.121094
"March 26, 2023",Croatia,Million Cubic Meter,203.424276
"April 30, 2023",Croatia,Million Cubic Meter,146.496194
"May 28, 2023",Croatia,Million Cubic Meter,119.950138
"June 25, 2023",Croatia,Million Cubic Meter,163.604224
"July 30, 2023",Croatia,Million Cubic Meter,162.269484
"August 27, 2023",Croatia,Million Cubic Meter,172.091729
"October 1, 2023",Croatia,Million Cubic Meter,203.837603
"October 29, 2023",Croatia,Million Cubic Meter,291.384538
"November 26, 2023",Croatia,Million Cubic Meter,272.08383
"December 31, 2023",Croatia,Million Cubic Meter,308.088037
"January 28, 2024",Croatia,Million Cubic Meter,219.469772
"February 25, 2024",Croatia,Million Cubic Meter,201.444863
"March 31, 2024",Croatia,Million Cubic Meter,152.642642
"April 28, 2024",Croatia,Million Cubic Meter,122.426224
"May 26, 2024",Croatia,Million Cubic Meter,97.803459
"June 30, 2024",Croatia,Million Cubic Meter,127.025183
"July 28, 2024",Croatia,Million Cubic Meter,139.787742
"September 1, 2024",Croatia,Million Cubic Meter,188.11917
"September 29, 2024",Croatia,Million Cubic Meter,224.196725
"October 27, 2024",Croatia,Million Cubic Meter,263.54443
"December 1, 2024",Croatia,Million Cubic Meter,313.884856
"December 29, 2024",Croatia,Million Cubic Meter,313.600014
"January 26, 2025",Croatia,Million Cubic Meter,290.814703
"February 23, 2025",Croatia,Million Cubic Meter,242.849818
"March 30, 2025",Croatia,Million Cubic Meter,209.662443
"April 27, 2025",Croatia,Million Cubic Meter,112.929026
"June 1, 2025",Croatia,Million Cubic Meter,72.260979
"June 29, 2025",Croatia,Million Cubic Meter,151.424235
"July 27, 2025",Croatia,Million Cubic Meter,148.746012
"August 31, 2025",Croatia,Million Cubic Meter,145.04824
"September 28, 2025",Croatia,Million Cubic Meter,243.236037
"December 30, 2018",Bulgaria,Million Cubic Meter,445.550222
"January 27, 2019",Bulgaria,Million Cubic Meter,370.414917
"February 24, 2019",Bulgaria,Million Cubic Meter,323.647102
"March 31, 2019",Bulgaria,Million Cubic Meter,287.082861
"April 28, 2019",Bulgaria,Million Cubic Meter,227.322663
"May 26, 2019",Bulgaria,Million Cubic Meter,190.144053
"June 30, 2019",Bulgaria,Million Cubic Meter,200.929705
"July 28, 2019",Bulgaria,Million Cubic Meter,169.777453
"September 1, 2019",Bulgaria,Million Cubic Meter,176.092629
"September 29, 2019",Bulgaria,Million Cubic Meter,204.968946
"October 27, 2019",Bulgaria,Million Cubic Meter,289.747699
"December 1, 2019",Bulgaria,Million Cubic Meter,376.925889
"December 29, 2019",Bulgaria,Million Cubic Meter,416.941982
"January 26, 2020",Bulgaria,Million Cubic Meter,361.818256
"March 1, 2020",Bulgaria,Million Cubic Meter,341.509674
"March 29, 2020",Bulgaria,Million Cubic Meter,255.939058
"April 26, 2020",Bulgaria,Million Cubic Meter,199.446261
"May 31, 2020",Bulgaria,Million Cubic Meter,198.679918
"June 28, 2020",Bulgaria,Million Cubic Meter,185.461411
"July 26, 2020",Bulgaria,Million Cubic Meter,175.256412
"August 30, 2020",Bulgaria,Million Cubic Meter,186.837396
"September 27, 2020",Bulgaria,Million Cubic Meter,277.414819
"November 1, 2020",Bulgaria,Million Cubic Meter,369.847506
"November 29, 2020",Bulgaria,Million Cubic Meter,402.57188
"December 27, 2020",Bulgaria,Million Cubic Meter,444.234451
"January 31, 2021",Bulgaria,Million Cubic Meter,398.993795
"February 28, 2021",Bulgaria,Million Cubic Meter,433.447334
"March 28, 2021",Bulgaria,Million Cubic Meter,331.007932
"April 25, 2021",Bulgaria,Million Cubic Meter,265.559153
"May 30, 2021",Bulgaria,Million Cubic Meter,250.734989
"June 27, 2021",Bulgaria,Million Cubic Meter,282.588358
"August 1, 2021",Bulgaria,Million Cubic Meter,214.621859
"August 29, 2021",Bulgaria,Million Cubic Meter,248.811354
"September 26, 2021",Bulgaria,Million Cubic Meter,276.037508
"October 31, 2021",Bulgaria,Million Cubic Meter,326.035531
"November 28, 2021",Bulgaria,Million Cubic Meter,423.274395
"December 26, 2021",Bulgaria,Million Cubic Meter,462.680382
"January 30, 2022",Bulgaria,Million Cubic Meter,359.239435
"February 27, 2022",Bulgaria,Million Cubic Meter,388.178505
"March 27, 2022",Bulgaria,Million Cubic Meter,249.348175
"May 1, 2022",Bulgaria,Million Cubic Meter,222.990422
"May 29, 2022",Bulgaria,Million Cubic Meter,212.336219
"June 26, 2022",Bulgaria,Million Cubic Meter,210.930207
"July 31, 2022",Bulgaria,Million Cubic Meter,157.71768
"August 28, 2022",Bulgaria,Million Cubic Meter,151.96984
"September 25, 2022",Bulgaria,Million Cubic Meter,170.02698
"October 30, 2022",Bulgaria,Million Cubic Meter,267.467341
"November 27, 2022",Bulgaria,Million Cubic Meter,332.268245
"January 1, 2023",Bulgaria,Million Cubic Meter,313.272632
"January 29, 2023",Bulgaria,Million Cubic Meter,298.473182
"February 26, 2023",Bulgaria,Million Cubic Meter,311.234972
"March 26, 2023",Bulgaria,Million Cubic Meter,256.424033
"April 30, 2023",Bulgaria,Million Cubic Meter,170.052478
"May 28, 2023",Bulgaria,Million Cubic Meter,159.160953
"June 25, 2023",Bulgaria,Million Cubic Meter,191.160152
"July 30, 2023",Bulgaria,Million Cubic Meter,179.580459
"August 27, 2023",Bulgaria,Million Cubic Meter,196.056113
"October 1, 2023",Bulgaria,Million Cubic Meter,206.53162
"October 29, 2023",Bulgaria,Million Cubic Meter,290.065088
"November 26, 2023",Bulgaria,Million Cubic Meter,339.165714
"December 31, 2023",Bulgaria,Million Cubic Meter,344.538392
"January 28, 2024",Bulgaria,Million Cubic Meter,284.717985
"February 25, 2024",Bulgaria,Million Cubic Meter,303.856419
"March 31, 2024",Bulgaria,Million Cubic Meter,221.678428
"April 28, 2024",Bulgaria,Million Cubic Meter,214.973014
"May 26, 2024",Bulgaria,Million Cubic Meter,196.917919
"June 30, 2024",Bulgaria,Million Cubic Meter,176.537816
"July 28, 2024",Bulgaria,Million Cubic Meter,201.027716
"September 1, 2024",Bulgaria,Million Cubic Meter,202.230239
"September 29, 2024",Bulgaria,Million Cubic Meter,236.185088
"October 27, 2024",Bulgaria,Million Cubic Meter,323.119589
"December 1, 2024",Bulgaria,Million Cubic Meter,335.367616
"December 29, 2024",Bulgaria,Million Cubic Meter,336.546325
"January 26, 2025",Bulgaria,Million Cubic Meter,334.91325
"February 23, 2025",Bulgaria,Million Cubic Meter,293.718394
"March 30, 2025",Bulgaria,Million Cubic Meter,249.355142
"April 27, 2025",Bulgaria,Million Cubic Meter,190.312178
"June 1, 2025",Bulgaria,Million Cubic Meter,169.420912
"June 29, 2025",Bulgaria,Million Cubic Meter,167.63982
"July 27, 2025",Bulgaria,Million Cubic Meter,162.202878
"August 31, 2025",Bulgaria,Million Cubic Meter,191.819246
"September 28, 2025",Bulgaria,Million Cubic Meter,247.769255
"December 30, 2018",Belgium,Million Cubic Meter,2331.683045
"January 27, 2019",Belgium,Million Cubic Meter,1754.221771
"February 24, 2019",Belgium,Million Cubic Meter,1619.598785
"March 31, 2019",Belgium,Million Cubic Meter,1269.46814
"April 28, 2019",Belgium,Million Cubic Meter,1176.677918
"May 26, 2019",Belgium,Million Cubic Meter,938.151459
"June 30, 2019",Belgium,Million Cubic Meter,909.202881
"July 28, 2019",Belgium,Million Cubic Meter,882.009445
"September 1, 2019",Belgium,Million Cubic Meter,1057.816193
"September 29, 2019",Belgium,Million Cubic Meter,1443.414429
"October 27, 2019",Belgium,Million Cubic Meter,1890.637939
"December 1, 2019",Belgium,Million Cubic Meter,1945.514435
"December 29, 2019",Belgium,Million Cubic Meter,2072.445954
"January 26, 2020",Belgium,Million Cubic Meter,1812.234985
"March 1, 2020",Belgium,Million Cubic Meter,1743.272369
"March 29, 2020",Belgium,Million Cubic Meter,1071.043427
"April 26, 2020",Belgium,Million Cubic Meter,1059.300537
"May 31, 2020",Belgium,Million Cubic Meter,1016.187928
"June 28, 2020",Belgium,Million Cubic Meter,1115.552002
"July 26, 2020",Belgium,Million Cubic Meter,995.599075
"August 30, 2020",Belgium,Million Cubic Meter,1044.516021
"September 27, 2020",Belgium,Million Cubic Meter,1394.141144
"November 1, 2020",Belgium,Million Cubic Meter,1656.214477
"November 29, 2020",Belgium,Million Cubic Meter,2023.743622
"December 27, 2020",Belgium,Million Cubic Meter,2293.799347
"January 31, 2021",Belgium,Million Cubic Meter,1895.20108
"February 28, 2021",Belgium,Million Cubic Meter,1815.647949
"March 28, 2021",Belgium,Million Cubic Meter,1605.31021
"April 25, 2021",Belgium,Million Cubic Meter,1179.667465
"May 30, 2021",Belgium,Million Cubic Meter,868.791596
"June 27, 2021",Belgium,Million Cubic Meter,820.549043
"August 1, 2021",Belgium,Million Cubic Meter,822.476562
"August 29, 2021",Belgium,Million Cubic Meter,842.096222
"September 26, 2021",Belgium,Million Cubic Meter,1185.399414
"October 31, 2021",Belgium,Million Cubic Meter,1759.257873
"November 28, 2021",Belgium,Million Cubic Meter,1868.4646
"December 26, 2021",Belgium,Million Cubic Meter,2037.655914
"January 30, 2022",Belgium,Million Cubic Meter,1551.22554
"February 27, 2022",Belgium,Million Cubic Meter,1410.495911
"March 27, 2022",Belgium,Million Cubic Meter,1135.689072
"May 1, 2022",Belgium,Million Cubic Meter,888.596436
"May 29, 2022",Belgium,Million Cubic Meter,803.901108
"June 26, 2022",Belgium,Million Cubic Meter,787.745926
"July 31, 2022",Belgium,Million Cubic Meter,841.792053
"August 28, 2022",Belgium,Million Cubic Meter,877.111909
"September 25, 2022",Belgium,Million Cubic Meter,1021.749145
"October 30, 2022",Belgium,Million Cubic Meter,1210.150788
"November 27, 2022",Belgium,Million Cubic Meter,1711.764526
"January 1, 2023",Belgium,Million Cubic Meter,1671.038849
"January 29, 2023",Belgium,Million Cubic Meter,1535.130707
"February 26, 2023",Belgium,Million Cubic Meter,1519.411925
"March 26, 2023",Belgium,Million Cubic Meter,1159.856552
"April 30, 2023",Belgium,Million Cubic Meter,812.51152
"May 28, 2023",Belgium,Million Cubic Meter,745.046555
"June 25, 2023",Belgium,Million Cubic Meter,690.638444
"July 30, 2023",Belgium,Million Cubic Meter,733.452194
"August 27, 2023",Belgium,Million Cubic Meter,748.495865
"October 1, 2023",Belgium,Million Cubic Meter,915.55719
"October 29, 2023",Belgium,Million Cubic Meter,1350.64914
"November 26, 2023",Belgium,Million Cubic Meter,1511.525925
"December 31, 2023",Belgium,Million Cubic Meter,1862.916443
"January 28, 2024",Belgium,Million Cubic Meter,1319.25145
"February 25, 2024",Belgium,Million Cubic Meter,1280.496796
"March 31, 2024",Belgium,Million Cubic Meter,1056.444045
"April 28, 2024",Belgium,Million Cubic Meter,766.204018
"May 26, 2024",Belgium,Million Cubic Meter,711.583206
"June 30, 2024",Belgium,Million Cubic Meter,644.698074
"July 28, 2024",Belgium,Million Cubic Meter,618.163704
"September 1, 2024",Belgium,Million Cubic Meter,737.559876
"September 29, 2024",Belgium,Million Cubic Meter,966.492004
"October 27, 2024",Belgium,Million Cubic Meter,1481.262543
"December 1, 2024",Belgium,Million Cubic Meter,1601.650833
"December 29, 2024",Belgium,Million Cubic Meter,1854.251709
"January 26, 2025",Belgium,Million Cubic Meter,1587.950714
"February 23, 2025",Belgium,Million Cubic Meter,1270.581422
"March 30, 2025",Belgium,Million Cubic Meter,951.626999
"April 27, 2025",Belgium,Million Cubic Meter,755.272835
"June 1, 2025",Belgium,Million Cubic Meter,656.820747
"June 29, 2025",Belgium,Million Cubic Meter,640.91455
"July 27, 2025",Belgium,Million Cubic Meter,642.847123
"August 31, 2025",Belgium,Million Cubic Meter,700.430283
"December 30, 2018",Austria,Million Cubic Meter,1622.529333
"January 27, 2019",Austria,Million Cubic Meter,1247.517714
"February 24, 2019",Austria,Million Cubic Meter,964.392952
"March 31, 2019",Austria,Million Cubic Meter,776.374286
"April 28, 2019",Austria,Million Cubic Meter,618.92
"May 26, 2019",Austria,Million Cubic Meter,458.19181
"June 30, 2019",Austria,Million Cubic Meter,550.946667
"July 28, 2019",Austria,Million Cubic Meter,635.665905
"September 1, 2019",Austria,Million Cubic Meter,827.156952
"September 29, 2019",Austria,Million Cubic Meter,1046.171429
"October 27, 2019",Austria,Million Cubic Meter,1196.787834
"December 1, 2019",Austria,Million Cubic Meter,1327.788381
"December 29, 2019",Austria,Million Cubic Meter,1646.92222
"January 26, 2020",Austria,Million Cubic Meter,1146.608008
"March 1, 2020",Austria,Million Cubic Meter,1105.758765
"March 29, 2020",Austria,Million Cubic Meter,688.877684
"April 26, 2020",Austria,Million Cubic Meter,517.667448
"May 31, 2020",Austria,Million Cubic Meter,434.939108
"June 28, 2020",Austria,Million Cubic Meter,521.905799
"July 26, 2020",Austria,Million Cubic Meter,503.946353
"August 30, 2020",Austria,Million Cubic Meter,573.39788
"September 27, 2020",Austria,Million Cubic Meter,939.701202
"November 1, 2020",Austria,Million Cubic Meter,1225.736394
"November 29, 2020",Austria,Million Cubic Meter,1469.580816
"December 27, 2020",Austria,Million Cubic Meter,1561.243233
"January 31, 2021",Austria,Million Cubic Meter,1265.286686
"February 28, 2021",Austria,Million Cubic Meter,1238.972467
"March 28, 2021",Austria,Million Cubic Meter,1009.63305
"April 25, 2021",Austria,Million Cubic Meter,637.61403
"May 30, 2021",Austria,Million Cubic Meter,445.949699
"June 27, 2021",Austria,Million Cubic Meter,441.936195
"August 1, 2021",Austria,Million Cubic Meter,434.592548
"August 29, 2021",Austria,Million Cubic Meter,530.125434
"September 26, 2021",Austria,Million Cubic Meter,966.190456
"October 31, 2021",Austria,Million Cubic Meter,1412.949212
"November 28, 2021",Austria,Million Cubic Meter,1498.864554
"December 26, 2021",Austria,Million Cubic Meter,1531.783481
"January 30, 2022",Austria,Million Cubic Meter,1236.527872
"February 27, 2022",Austria,Million Cubic Meter,1303.387709
"March 27, 2022",Austria,Million Cubic Meter,858.08134
"May 1, 2022",Austria,Million Cubic Meter,578.190033
"May 29, 2022",Austria,Million Cubic Meter,420.987624
"June 26, 2022",Austria,Million Cubic Meter,397.855512
"July 31, 2022",Austria,Million Cubic Meter,369.01409
"August 28, 2022",Austria,Million Cubic Meter,605.73675
"September 25, 2022",Austria,Million Cubic Meter,704.773473
"October 30, 2022",Austria,Million Cubic Meter,1055.957184
"November 27, 2022",Austria,Million Cubic Meter,1247.230132
"January 1, 2023",Austria,Million Cubic Meter,1160.948539
"January 29, 2023",Austria,Million Cubic Meter,1079.430964
"February 26, 2023",Austria,Million Cubic Meter,908.303841
"March 26, 2023",Austria,Million Cubic Meter,779.547018
"April 30, 2023",Austria,Million Cubic Meter,515.049407
"May 28, 2023",Austria,Million Cubic Meter,346.912091
"June 25, 2023",Austria,Million Cubic Meter,362.154183
"July 30, 2023",Austria,Million Cubic Meter,327.24521
"August 27, 2023",Austria,Million Cubic Meter,441.381516
"October 1, 2023",Austria,Million Cubic Meter,608.844579
"October 29, 2023",Austria,Million Cubic Meter,923.294755
"November 26, 2023",Austria,Million Cubic Meter,1130.171614
"December 31, 2023",Austria,Million Cubic Meter,1075.385369
"January 28, 2024",Austria,Million Cubic Meter,714.598515
"February 25, 2024",Austria,Million Cubic Meter,641.77445
"March 31, 2024",Austria,Million Cubic Meter,498.110235
"April 28, 2024",Austria,Million Cubic Meter,366.16527
"May 26, 2024",Austria,Million Cubic Meter,337.138145
"June 30, 2024",Austria,Million Cubic Meter,315.801936
"July 28, 2024",Austria,Million Cubic Meter,308.764181
"September 1, 2024",Austria,Million Cubic Meter,391.402781
"September 29, 2024",Austria,Million Cubic Meter,564.991972
"October 27, 2024",Austria,Million Cubic Meter,973.256987
"December 1, 2024",Austria,Million Cubic Meter,1037.54262
"December 29, 2024",Austria,Million Cubic Meter,1126.477053
"January 26, 2025",Austria,Million Cubic Meter,1023.78791
"February 23, 2025",Austria,Million Cubic Meter,799.857114
"March 30, 2025",Austria,Million Cubic Meter,554.358549
"April 27, 2025",Austria,Million Cubic Meter,416.498549
"June 1, 2025",Austria,Million Cubic Meter,322.656854
"June 29, 2025",Austria,Million Cubic Meter,329.554424
"July 27, 2025",Austria,Million Cubic Meter,302.673532
"August 31, 2025",Austria,Million Cubic Meter,350.589001
"September 28, 2025",Austria,Million Cubic Meter,135.106181
