Project Name,Likely Go-ahead,Field Type,Country,Region,Group,Hydrocarbon,Depth,Field/Block,Play Type,Operator,Partner1,Partner2,Partner3,Partner4,Partner5,First Oil Year,Sanctioned,Project Status,Comments,Gas Reserves (mmboe),Liquids Reserves (mmbbl),Total Reserves (mmboe),API,Sulfur,Measure Names,Measure Values
Thunder Horse South Phase 2,Yes,Offshore,United States,North America,Non-Opec-Plus,Oil/Gas,Deep,Thunder Horse,Deepwater,BP,Exxon Mobil, , , , ,2021,Yes,Onstream, , , , ,Light,Sweet, 2029_Q4,
Thunder Horse South Phase 2,Yes,Offshore,United States,North America,Non-Opec-Plus,Oil/Gas,Deep,Thunder Horse,Deepwater,BP,Exxon Mobil, , , , ,2021,Yes,Onstream, , , , ,Light,Sweet, 2029_Q3,
Thunder Horse South Phase 2,Yes,Offshore,United States,North America,Non-Opec-Plus,Oil/Gas,Deep,Thunder Horse,Deepwater,BP,Exxon Mobil, , , , ,2021,Yes,Onstream, , , , ,Light,Sweet, 2029_Q2,
Thunder Horse South Phase 2,Yes,Offshore,United States,North America,Non-Opec-Plus,Oil/Gas,Deep,Thunder Horse,Deepwater,BP,Exxon Mobil, , , , ,2021,Yes,Onstream, , , , ,Light,Sweet, 2029_Q1,
Thunder Horse South Phase 2,Yes,Offshore,United States,North America,Non-Opec-Plus,Oil/Gas,Deep,Thunder Horse,Deepwater,BP,Exxon Mobil, , , , ,2021,Yes,Onstream, , , , ,Light,Sweet, 2028_Q4,
Thunder Horse South Phase 2,Yes,Offshore,United States,North America,Non-Opec-Plus,Oil/Gas,Deep,Thunder Horse,Deepwater,BP,Exxon Mobil, , , , ,2021,Yes,Onstream, , , , ,Light,Sweet, 2028_Q3,
Thunder Horse South Phase 2,Yes,Offshore,United States,North America,Non-Opec-Plus,Oil/Gas,Deep,Thunder Horse,Deepwater,BP,Exxon Mobil, , , , ,2021,Yes,Onstream, , , , ,Light,Sweet,2028_Q2,
Thunder Horse South Phase 2,Yes,Offshore,United States,North America,Non-Opec-Plus,Oil/Gas,Deep,Thunder Horse,Deepwater,BP,Exxon Mobil, , , , ,2021,Yes,Onstream, , , , ,Light,Sweet,2028_Q1,
Thunder Horse South Phase 2,Yes,Offshore,United States,North America,Non-Opec-Plus,Oil/Gas,Deep,Thunder Horse,Deepwater,BP,Exxon Mobil, , , , ,2021,Yes,Onstream, , , , ,Light,Sweet,2027_Q4,
Thunder Horse South Phase 2,Yes,Offshore,United States,North America,Non-Opec-Plus,Oil/Gas,Deep,Thunder Horse,Deepwater,BP,Exxon Mobil, , , , ,2021,Yes,Onstream, , , , ,Light,Sweet,2027_Q3,
Thunder Horse South Phase 2,Yes,Offshore,United States,North America,Non-Opec-Plus,Oil/Gas,Deep,Thunder Horse,Deepwater,BP,Exxon Mobil, , , , ,2021,Yes,Onstream, , , , ,Light,Sweet,2027_Q2,
Thunder Horse South Phase 2,Yes,Offshore,United States,North America,Non-Opec-Plus,Oil/Gas,Deep,Thunder Horse,Deepwater,BP,Exxon Mobil, , , , ,2021,Yes,Onstream, , , , ,Light,Sweet,2027_Q1,
Thunder Horse South Phase 2,Yes,Offshore,United States,North America,Non-Opec-Plus,Oil/Gas,Deep,Thunder Horse,Deepwater,BP,Exxon Mobil, , , , ,2021,Yes,Onstream, , , , ,Light,Sweet,2026_Q4,
Thunder Horse South Phase 2,Yes,Offshore,United States,North America,Non-Opec-Plus,Oil/Gas,Deep,Thunder Horse,Deepwater,BP,Exxon Mobil, , , , ,2021,Yes,Onstream, , , , ,Light,Sweet,2026_Q3,
Thunder Horse South Phase 2,Yes,Offshore,United States,North America,Non-Opec-Plus,Oil/Gas,Deep,Thunder Horse,Deepwater,BP,Exxon Mobil, , , , ,2021,Yes,Onstream, , , , ,Light,Sweet,2026_Q2,
Thunder Horse South Phase 2,Yes,Offshore,United States,North America,Non-Opec-Plus,Oil/Gas,Deep,Thunder Horse,Deepwater,BP,Exxon Mobil, , , , ,2021,Yes,Onstream, , , , ,Light,Sweet,2026_Q1,
Thunder Horse South Phase 2,Yes,Offshore,United States,North America,Non-Opec-Plus,Oil/Gas,Deep,Thunder Horse,Deepwater,BP,Exxon Mobil, , , , ,2021,Yes,Onstream, , , , ,Light,Sweet,2025_Q4,
Thunder Horse South Phase 2,Yes,Offshore,United States,North America,Non-Opec-Plus,Oil/Gas,Deep,Thunder Horse,Deepwater,BP,Exxon Mobil, , , , ,2021,Yes,Onstream, , , , ,Light,Sweet,2025_Q3,
Thunder Horse South Phase 2,Yes,Offshore,United States,North America,Non-Opec-Plus,Oil/Gas,Deep,Thunder Horse,Deepwater,BP,Exxon Mobil, , , , ,2021,Yes,Onstream, , , , ,Light,Sweet,2025_Q2,
Thunder Horse South Phase 2,Yes,Offshore,United States,North America,Non-Opec-Plus,Oil/Gas,Deep,Thunder Horse,Deepwater,BP,Exxon Mobil, , , , ,2021,Yes,Onstream, , , , ,Light,Sweet,2025_Q1,
Thunder Horse South Phase 2,Yes,Offshore,United States,North America,Non-Opec-Plus,Oil/Gas,Deep,Thunder Horse,Deepwater,BP,Exxon Mobil, , , , ,2021,Yes,Onstream, , , , ,Light,Sweet,2024_Q4,
Thunder Horse South Phase 2,Yes,Offshore,United States,North America,Non-Opec-Plus,Oil/Gas,Deep,Thunder Horse,Deepwater,BP,Exxon Mobil, , , , ,2021,Yes,Onstream, , , , ,Light,Sweet,2024_Q3,
Thunder Horse South Phase 2,Yes,Offshore,United States,North America,Non-Opec-Plus,Oil/Gas,Deep,Thunder Horse,Deepwater,BP,Exxon Mobil, , , , ,2021,Yes,Onstream, , , , ,Light,Sweet,2024_Q2,
Thunder Horse South Phase 2,Yes,Offshore,United States,North America,Non-Opec-Plus,Oil/Gas,Deep,Thunder Horse,Deepwater,BP,Exxon Mobil, , , , ,2021,Yes,Onstream, , , , ,Light,Sweet,2024_Q1,
Thunder Horse South Phase 2,Yes,Offshore,United States,North America,Non-Opec-Plus,Oil/Gas,Deep,Thunder Horse,Deepwater,BP,Exxon Mobil, , , , ,2021,Yes,Onstream, , , , ,Light,Sweet,Partner5 Share %,
Thunder Horse South Phase 2,Yes,Offshore,United States,North America,Non-Opec-Plus,Oil/Gas,Deep,Thunder Horse,Deepwater,BP,Exxon Mobil, , , , ,2021,Yes,Onstream, , , , ,Light,Sweet,Partner4 Share %,
Thunder Horse South Phase 2,Yes,Offshore,United States,North America,Non-Opec-Plus,Oil/Gas,Deep,Thunder Horse,Deepwater,BP,Exxon Mobil, , , , ,2021,Yes,Onstream, , , , ,Light,Sweet,Partner3 Share %,
Thunder Horse South Phase 2,Yes,Offshore,United States,North America,Non-Opec-Plus,Oil/Gas,Deep,Thunder Horse,Deepwater,BP,Exxon Mobil, , , , ,2021,Yes,Onstream, , , , ,Light,Sweet,Partner2 Share %,
Thunder Horse South Phase 2,Yes,Offshore,United States,North America,Non-Opec-Plus,Oil/Gas,Deep,Thunder Horse,Deepwater,BP,Exxon Mobil, , , , ,2021,Yes,Onstream, , , , ,Light,Sweet,Partner1 Share %,25
Thunder Horse South Phase 2,Yes,Offshore,United States,North America,Non-Opec-Plus,Oil/Gas,Deep,Thunder Horse,Deepwater,BP,Exxon Mobil, , , , ,2021,Yes,Onstream, , , , ,Light,Sweet,Operator Share %,75
Al-Nouf,Yes,Onshore,United Arab Emirates,Middle East,Opec-Plus,Oil, ,Al-Nouf,Conventional,Adnoc,Equinor,Exxon Mobil,BP,Sonangol,Eni,2025,Yes,Under Development,"Adnoc awarded Abu Dhabi-listed National Marine Dredging Co. (NMDC) a $137 million contract to build the Al-Nouf artificial island, according to a statement. The latest award to construct an artificial island is part of Adnoc’s stated plan to raise oil pro", , , , , , 2029_Q4,
Al-Nouf,Yes,Onshore,United Arab Emirates,Middle East,Opec-Plus,Oil, ,Al-Nouf,Conventional,Adnoc,Equinor,Exxon Mobil,BP,Sonangol,Eni,2025,Yes,Under Development,"Adnoc awarded Abu Dhabi-listed National Marine Dredging Co. (NMDC) a $137 million contract to build the Al-Nouf artificial island, according to a statement. The latest award to construct an artificial island is part of Adnoc’s stated plan to raise oil pro", , , , , , 2029_Q3,
Al-Nouf,Yes,Onshore,United Arab Emirates,Middle East,Opec-Plus,Oil, ,Al-Nouf,Conventional,Adnoc,Equinor,Exxon Mobil,BP,Sonangol,Eni,2025,Yes,Under Development,"Adnoc awarded Abu Dhabi-listed National Marine Dredging Co. (NMDC) a $137 million contract to build the Al-Nouf artificial island, according to a statement. The latest award to construct an artificial island is part of Adnoc’s stated plan to raise oil pro", , , , , , 2029_Q2,
Al-Nouf,Yes,Onshore,United Arab Emirates,Middle East,Opec-Plus,Oil, ,Al-Nouf,Conventional,Adnoc,Equinor,Exxon Mobil,BP,Sonangol,Eni,2025,Yes,Under Development,"Adnoc awarded Abu Dhabi-listed National Marine Dredging Co. (NMDC) a $137 million contract to build the Al-Nouf artificial island, according to a statement. The latest award to construct an artificial island is part of Adnoc’s stated plan to raise oil pro", , , , , , 2029_Q1,
Al-Nouf,Yes,Onshore,United Arab Emirates,Middle East,Opec-Plus,Oil, ,Al-Nouf,Conventional,Adnoc,Equinor,Exxon Mobil,BP,Sonangol,Eni,2025,Yes,Under Development,"Adnoc awarded Abu Dhabi-listed National Marine Dredging Co. (NMDC) a $137 million contract to build the Al-Nouf artificial island, according to a statement. The latest award to construct an artificial island is part of Adnoc’s stated plan to raise oil pro", , , , , , 2028_Q4,
Al-Nouf,Yes,Onshore,United Arab Emirates,Middle East,Opec-Plus,Oil, ,Al-Nouf,Conventional,Adnoc,Equinor,Exxon Mobil,BP,Sonangol,Eni,2025,Yes,Under Development,"Adnoc awarded Abu Dhabi-listed National Marine Dredging Co. (NMDC) a $137 million contract to build the Al-Nouf artificial island, according to a statement. The latest award to construct an artificial island is part of Adnoc’s stated plan to raise oil pro", , , , , , 2028_Q3,
Al-Nouf,Yes,Onshore,United Arab Emirates,Middle East,Opec-Plus,Oil, ,Al-Nouf,Conventional,Adnoc,Equinor,Exxon Mobil,BP,Sonangol,Eni,2025,Yes,Under Development,"Adnoc awarded Abu Dhabi-listed National Marine Dredging Co. (NMDC) a $137 million contract to build the Al-Nouf artificial island, according to a statement. The latest award to construct an artificial island is part of Adnoc’s stated plan to raise oil pro", , , , , ,2028_Q2,
Al-Nouf,Yes,Onshore,United Arab Emirates,Middle East,Opec-Plus,Oil, ,Al-Nouf,Conventional,Adnoc,Equinor,Exxon Mobil,BP,Sonangol,Eni,2025,Yes,Under Development,"Adnoc awarded Abu Dhabi-listed National Marine Dredging Co. (NMDC) a $137 million contract to build the Al-Nouf artificial island, according to a statement. The latest award to construct an artificial island is part of Adnoc’s stated plan to raise oil pro", , , , , ,2028_Q1,
Al-Nouf,Yes,Onshore,United Arab Emirates,Middle East,Opec-Plus,Oil, ,Al-Nouf,Conventional,Adnoc,Equinor,Exxon Mobil,BP,Sonangol,Eni,2025,Yes,Under Development,"Adnoc awarded Abu Dhabi-listed National Marine Dredging Co. (NMDC) a $137 million contract to build the Al-Nouf artificial island, according to a statement. The latest award to construct an artificial island is part of Adnoc’s stated plan to raise oil pro", , , , , ,2027_Q4,
Al-Nouf,Yes,Onshore,United Arab Emirates,Middle East,Opec-Plus,Oil, ,Al-Nouf,Conventional,Adnoc,Equinor,Exxon Mobil,BP,Sonangol,Eni,2025,Yes,Under Development,"Adnoc awarded Abu Dhabi-listed National Marine Dredging Co. (NMDC) a $137 million contract to build the Al-Nouf artificial island, according to a statement. The latest award to construct an artificial island is part of Adnoc’s stated plan to raise oil pro", , , , , ,2027_Q3,
Al-Nouf,Yes,Onshore,United Arab Emirates,Middle East,Opec-Plus,Oil, ,Al-Nouf,Conventional,Adnoc,Equinor,Exxon Mobil,BP,Sonangol,Eni,2025,Yes,Under Development,"Adnoc awarded Abu Dhabi-listed National Marine Dredging Co. (NMDC) a $137 million contract to build the Al-Nouf artificial island, according to a statement. The latest award to construct an artificial island is part of Adnoc’s stated plan to raise oil pro", , , , , ,2027_Q2,
Al-Nouf,Yes,Onshore,United Arab Emirates,Middle East,Opec-Plus,Oil, ,Al-Nouf,Conventional,Adnoc,Equinor,Exxon Mobil,BP,Sonangol,Eni,2025,Yes,Under Development,"Adnoc awarded Abu Dhabi-listed National Marine Dredging Co. (NMDC) a $137 million contract to build the Al-Nouf artificial island, according to a statement. The latest award to construct an artificial island is part of Adnoc’s stated plan to raise oil pro", , , , , ,2027_Q1,
Al-Nouf,Yes,Onshore,United Arab Emirates,Middle East,Opec-Plus,Oil, ,Al-Nouf,Conventional,Adnoc,Equinor,Exxon Mobil,BP,Sonangol,Eni,2025,Yes,Under Development,"Adnoc awarded Abu Dhabi-listed National Marine Dredging Co. (NMDC) a $137 million contract to build the Al-Nouf artificial island, according to a statement. The latest award to construct an artificial island is part of Adnoc’s stated plan to raise oil pro", , , , , ,2026_Q4,
Al-Nouf,Yes,Onshore,United Arab Emirates,Middle East,Opec-Plus,Oil, ,Al-Nouf,Conventional,Adnoc,Equinor,Exxon Mobil,BP,Sonangol,Eni,2025,Yes,Under Development,"Adnoc awarded Abu Dhabi-listed National Marine Dredging Co. (NMDC) a $137 million contract to build the Al-Nouf artificial island, according to a statement. The latest award to construct an artificial island is part of Adnoc’s stated plan to raise oil pro", , , , , ,2026_Q3,
Al-Nouf,Yes,Onshore,United Arab Emirates,Middle East,Opec-Plus,Oil, ,Al-Nouf,Conventional,Adnoc,Equinor,Exxon Mobil,BP,Sonangol,Eni,2025,Yes,Under Development,"Adnoc awarded Abu Dhabi-listed National Marine Dredging Co. (NMDC) a $137 million contract to build the Al-Nouf artificial island, according to a statement. The latest award to construct an artificial island is part of Adnoc’s stated plan to raise oil pro", , , , , ,2026_Q2,
Al-Nouf,Yes,Onshore,United Arab Emirates,Middle East,Opec-Plus,Oil, ,Al-Nouf,Conventional,Adnoc,Equinor,Exxon Mobil,BP,Sonangol,Eni,2025,Yes,Under Development,"Adnoc awarded Abu Dhabi-listed National Marine Dredging Co. (NMDC) a $137 million contract to build the Al-Nouf artificial island, according to a statement. The latest award to construct an artificial island is part of Adnoc’s stated plan to raise oil pro", , , , , ,2026_Q1,
Al-Nouf,Yes,Onshore,United Arab Emirates,Middle East,Opec-Plus,Oil, ,Al-Nouf,Conventional,Adnoc,Equinor,Exxon Mobil,BP,Sonangol,Eni,2025,Yes,Under Development,"Adnoc awarded Abu Dhabi-listed National Marine Dredging Co. (NMDC) a $137 million contract to build the Al-Nouf artificial island, according to a statement. The latest award to construct an artificial island is part of Adnoc’s stated plan to raise oil pro", , , , , ,2025_Q4,15
Al-Nouf,Yes,Onshore,United Arab Emirates,Middle East,Opec-Plus,Oil, ,Al-Nouf,Conventional,Adnoc,Equinor,Exxon Mobil,BP,Sonangol,Eni,2025,Yes,Under Development,"Adnoc awarded Abu Dhabi-listed National Marine Dredging Co. (NMDC) a $137 million contract to build the Al-Nouf artificial island, according to a statement. The latest award to construct an artificial island is part of Adnoc’s stated plan to raise oil pro", , , , , ,2025_Q3,
Al-Nouf,Yes,Onshore,United Arab Emirates,Middle East,Opec-Plus,Oil, ,Al-Nouf,Conventional,Adnoc,Equinor,Exxon Mobil,BP,Sonangol,Eni,2025,Yes,Under Development,"Adnoc awarded Abu Dhabi-listed National Marine Dredging Co. (NMDC) a $137 million contract to build the Al-Nouf artificial island, according to a statement. The latest award to construct an artificial island is part of Adnoc’s stated plan to raise oil pro", , , , , ,2025_Q2,
Al-Nouf,Yes,Onshore,United Arab Emirates,Middle East,Opec-Plus,Oil, ,Al-Nouf,Conventional,Adnoc,Equinor,Exxon Mobil,BP,Sonangol,Eni,2025,Yes,Under Development,"Adnoc awarded Abu Dhabi-listed National Marine Dredging Co. (NMDC) a $137 million contract to build the Al-Nouf artificial island, according to a statement. The latest award to construct an artificial island is part of Adnoc’s stated plan to raise oil pro", , , , , ,2025_Q1,
Al-Nouf,Yes,Onshore,United Arab Emirates,Middle East,Opec-Plus,Oil, ,Al-Nouf,Conventional,Adnoc,Equinor,Exxon Mobil,BP,Sonangol,Eni,2025,Yes,Under Development,"Adnoc awarded Abu Dhabi-listed National Marine Dredging Co. (NMDC) a $137 million contract to build the Al-Nouf artificial island, according to a statement. The latest award to construct an artificial island is part of Adnoc’s stated plan to raise oil pro", , , , , ,2024_Q4,
Al-Nouf,Yes,Onshore,United Arab Emirates,Middle East,Opec-Plus,Oil, ,Al-Nouf,Conventional,Adnoc,Equinor,Exxon Mobil,BP,Sonangol,Eni,2025,Yes,Under Development,"Adnoc awarded Abu Dhabi-listed National Marine Dredging Co. (NMDC) a $137 million contract to build the Al-Nouf artificial island, according to a statement. The latest award to construct an artificial island is part of Adnoc’s stated plan to raise oil pro", , , , , ,2024_Q3,
Al-Nouf,Yes,Onshore,United Arab Emirates,Middle East,Opec-Plus,Oil, ,Al-Nouf,Conventional,Adnoc,Equinor,Exxon Mobil,BP,Sonangol,Eni,2025,Yes,Under Development,"Adnoc awarded Abu Dhabi-listed National Marine Dredging Co. (NMDC) a $137 million contract to build the Al-Nouf artificial island, according to a statement. The latest award to construct an artificial island is part of Adnoc’s stated plan to raise oil pro", , , , , ,2024_Q2,
Al-Nouf,Yes,Onshore,United Arab Emirates,Middle East,Opec-Plus,Oil, ,Al-Nouf,Conventional,Adnoc,Equinor,Exxon Mobil,BP,Sonangol,Eni,2025,Yes,Under Development,"Adnoc awarded Abu Dhabi-listed National Marine Dredging Co. (NMDC) a $137 million contract to build the Al-Nouf artificial island, according to a statement. The latest award to construct an artificial island is part of Adnoc’s stated plan to raise oil pro", , , , , ,2024_Q1,
Al-Nouf,Yes,Onshore,United Arab Emirates,Middle East,Opec-Plus,Oil, ,Al-Nouf,Conventional,Adnoc,Equinor,Exxon Mobil,BP,Sonangol,Eni,2025,Yes,Under Development,"Adnoc awarded Abu Dhabi-listed National Marine Dredging Co. (NMDC) a $137 million contract to build the Al-Nouf artificial island, according to a statement. The latest award to construct an artificial island is part of Adnoc’s stated plan to raise oil pro", , , , , ,Partner5 Share %,
Al-Nouf,Yes,Onshore,United Arab Emirates,Middle East,Opec-Plus,Oil, ,Al-Nouf,Conventional,Adnoc,Equinor,Exxon Mobil,BP,Sonangol,Eni,2025,Yes,Under Development,"Adnoc awarded Abu Dhabi-listed National Marine Dredging Co. (NMDC) a $137 million contract to build the Al-Nouf artificial island, according to a statement. The latest award to construct an artificial island is part of Adnoc’s stated plan to raise oil pro", , , , , ,Partner4 Share %,
Al-Nouf,Yes,Onshore,United Arab Emirates,Middle East,Opec-Plus,Oil, ,Al-Nouf,Conventional,Adnoc,Equinor,Exxon Mobil,BP,Sonangol,Eni,2025,Yes,Under Development,"Adnoc awarded Abu Dhabi-listed National Marine Dredging Co. (NMDC) a $137 million contract to build the Al-Nouf artificial island, according to a statement. The latest award to construct an artificial island is part of Adnoc’s stated plan to raise oil pro", , , , , ,Partner3 Share %,
Al-Nouf,Yes,Onshore,United Arab Emirates,Middle East,Opec-Plus,Oil, ,Al-Nouf,Conventional,Adnoc,Equinor,Exxon Mobil,BP,Sonangol,Eni,2025,Yes,Under Development,"Adnoc awarded Abu Dhabi-listed National Marine Dredging Co. (NMDC) a $137 million contract to build the Al-Nouf artificial island, according to a statement. The latest award to construct an artificial island is part of Adnoc’s stated plan to raise oil pro", , , , , ,Partner2 Share %,
Al-Nouf,Yes,Onshore,United Arab Emirates,Middle East,Opec-Plus,Oil, ,Al-Nouf,Conventional,Adnoc,Equinor,Exxon Mobil,BP,Sonangol,Eni,2025,Yes,Under Development,"Adnoc awarded Abu Dhabi-listed National Marine Dredging Co. (NMDC) a $137 million contract to build the Al-Nouf artificial island, according to a statement. The latest award to construct an artificial island is part of Adnoc’s stated plan to raise oil pro", , , , , ,Partner1 Share %,
Al-Nouf,Yes,Onshore,United Arab Emirates,Middle East,Opec-Plus,Oil, ,Al-Nouf,Conventional,Adnoc,Equinor,Exxon Mobil,BP,Sonangol,Eni,2025,Yes,Under Development,"Adnoc awarded Abu Dhabi-listed National Marine Dredging Co. (NMDC) a $137 million contract to build the Al-Nouf artificial island, according to a statement. The latest award to construct an artificial island is part of Adnoc’s stated plan to raise oil pro", , , , , ,Operator Share %,100
Kuparuk River Unit-Additions,Yes,Onshore,United States,North America,Non-Opec-Plus,Oil, ,Kuparuk River Unit,Conventional,ConocoPhillips,Chevron,Exxon Mobil, , , , ,No,Appraisal,"ConocoPhillips plans to develop several projects through the end of the year, including the Nuna discovery and the Coyote prospect, both of which are in the Kuparuk River Unit, North America's second-largest oil field by area.",,,,Medium,Sour, 2029_Q4,
Kuparuk River Unit-Additions,Yes,Onshore,United States,North America,Non-Opec-Plus,Oil, ,Kuparuk River Unit,Conventional,ConocoPhillips,Chevron,Exxon Mobil, , , , ,No,Appraisal,"ConocoPhillips plans to develop several projects through the end of the year, including the Nuna discovery and the Coyote prospect, both of which are in the Kuparuk River Unit, North America's second-largest oil field by area.",,,,Medium,Sour, 2029_Q3,
Kuparuk River Unit-Additions,Yes,Onshore,United States,North America,Non-Opec-Plus,Oil, ,Kuparuk River Unit,Conventional,ConocoPhillips,Chevron,Exxon Mobil, , , , ,No,Appraisal,"ConocoPhillips plans to develop several projects through the end of the year, including the Nuna discovery and the Coyote prospect, both of which are in the Kuparuk River Unit, North America's second-largest oil field by area.",,,,Medium,Sour, 2029_Q2,
Kuparuk River Unit-Additions,Yes,Onshore,United States,North America,Non-Opec-Plus,Oil, ,Kuparuk River Unit,Conventional,ConocoPhillips,Chevron,Exxon Mobil, , , , ,No,Appraisal,"ConocoPhillips plans to develop several projects through the end of the year, including the Nuna discovery and the Coyote prospect, both of which are in the Kuparuk River Unit, North America's second-largest oil field by area.",,,,Medium,Sour, 2029_Q1,
Kuparuk River Unit-Additions,Yes,Onshore,United States,North America,Non-Opec-Plus,Oil, ,Kuparuk River Unit,Conventional,ConocoPhillips,Chevron,Exxon Mobil, , , , ,No,Appraisal,"ConocoPhillips plans to develop several projects through the end of the year, including the Nuna discovery and the Coyote prospect, both of which are in the Kuparuk River Unit, North America's second-largest oil field by area.",,,,Medium,Sour, 2028_Q4,
Kuparuk River Unit-Additions,Yes,Onshore,United States,North America,Non-Opec-Plus,Oil, ,Kuparuk River Unit,Conventional,ConocoPhillips,Chevron,Exxon Mobil, , , , ,No,Appraisal,"ConocoPhillips plans to develop several projects through the end of the year, including the Nuna discovery and the Coyote prospect, both of which are in the Kuparuk River Unit, North America's second-largest oil field by area.",,,,Medium,Sour, 2028_Q3,
Kuparuk River Unit-Additions,Yes,Onshore,United States,North America,Non-Opec-Plus,Oil, ,Kuparuk River Unit,Conventional,ConocoPhillips,Chevron,Exxon Mobil, , , , ,No,Appraisal,"ConocoPhillips plans to develop several projects through the end of the year, including the Nuna discovery and the Coyote prospect, both of which are in the Kuparuk River Unit, North America's second-largest oil field by area.",,,,Medium,Sour,2028_Q2,
Kuparuk River Unit-Additions,Yes,Onshore,United States,North America,Non-Opec-Plus,Oil, ,Kuparuk River Unit,Conventional,ConocoPhillips,Chevron,Exxon Mobil, , , , ,No,Appraisal,"ConocoPhillips plans to develop several projects through the end of the year, including the Nuna discovery and the Coyote prospect, both of which are in the Kuparuk River Unit, North America's second-largest oil field by area.",,,,Medium,Sour,2028_Q1,
Kuparuk River Unit-Additions,Yes,Onshore,United States,North America,Non-Opec-Plus,Oil, ,Kuparuk River Unit,Conventional,ConocoPhillips,Chevron,Exxon Mobil, , , , ,No,Appraisal,"ConocoPhillips plans to develop several projects through the end of the year, including the Nuna discovery and the Coyote prospect, both of which are in the Kuparuk River Unit, North America's second-largest oil field by area.",,,,Medium,Sour,2027_Q4,
Kuparuk River Unit-Additions,Yes,Onshore,United States,North America,Non-Opec-Plus,Oil, ,Kuparuk River Unit,Conventional,ConocoPhillips,Chevron,Exxon Mobil, , , , ,No,Appraisal,"ConocoPhillips plans to develop several projects through the end of the year, including the Nuna discovery and the Coyote prospect, both of which are in the Kuparuk River Unit, North America's second-largest oil field by area.",,,,Medium,Sour,2027_Q3,
Kuparuk River Unit-Additions,Yes,Onshore,United States,North America,Non-Opec-Plus,Oil, ,Kuparuk River Unit,Conventional,ConocoPhillips,Chevron,Exxon Mobil, , , , ,No,Appraisal,"ConocoPhillips plans to develop several projects through the end of the year, including the Nuna discovery and the Coyote prospect, both of which are in the Kuparuk River Unit, North America's second-largest oil field by area.",,,,Medium,Sour,2027_Q2,
Kuparuk River Unit-Additions,Yes,Onshore,United States,North America,Non-Opec-Plus,Oil, ,Kuparuk River Unit,Conventional,ConocoPhillips,Chevron,Exxon Mobil, , , , ,No,Appraisal,"ConocoPhillips plans to develop several projects through the end of the year, including the Nuna discovery and the Coyote prospect, both of which are in the Kuparuk River Unit, North America's second-largest oil field by area.",,,,Medium,Sour,2027_Q1,
Kuparuk River Unit-Additions,Yes,Onshore,United States,North America,Non-Opec-Plus,Oil, ,Kuparuk River Unit,Conventional,ConocoPhillips,Chevron,Exxon Mobil, , , , ,No,Appraisal,"ConocoPhillips plans to develop several projects through the end of the year, including the Nuna discovery and the Coyote prospect, both of which are in the Kuparuk River Unit, North America's second-largest oil field by area.",,,,Medium,Sour,2026_Q4,
Kuparuk River Unit-Additions,Yes,Onshore,United States,North America,Non-Opec-Plus,Oil, ,Kuparuk River Unit,Conventional,ConocoPhillips,Chevron,Exxon Mobil, , , , ,No,Appraisal,"ConocoPhillips plans to develop several projects through the end of the year, including the Nuna discovery and the Coyote prospect, both of which are in the Kuparuk River Unit, North America's second-largest oil field by area.",,,,Medium,Sour,2026_Q3,
Kuparuk River Unit-Additions,Yes,Onshore,United States,North America,Non-Opec-Plus,Oil, ,Kuparuk River Unit,Conventional,ConocoPhillips,Chevron,Exxon Mobil, , , , ,No,Appraisal,"ConocoPhillips plans to develop several projects through the end of the year, including the Nuna discovery and the Coyote prospect, both of which are in the Kuparuk River Unit, North America's second-largest oil field by area.",,,,Medium,Sour,2026_Q2,
Kuparuk River Unit-Additions,Yes,Onshore,United States,North America,Non-Opec-Plus,Oil, ,Kuparuk River Unit,Conventional,ConocoPhillips,Chevron,Exxon Mobil, , , , ,No,Appraisal,"ConocoPhillips plans to develop several projects through the end of the year, including the Nuna discovery and the Coyote prospect, both of which are in the Kuparuk River Unit, North America's second-largest oil field by area.",,,,Medium,Sour,2026_Q1,
Kuparuk River Unit-Additions,Yes,Onshore,United States,North America,Non-Opec-Plus,Oil, ,Kuparuk River Unit,Conventional,ConocoPhillips,Chevron,Exxon Mobil, , , , ,No,Appraisal,"ConocoPhillips plans to develop several projects through the end of the year, including the Nuna discovery and the Coyote prospect, both of which are in the Kuparuk River Unit, North America's second-largest oil field by area.",,,,Medium,Sour,2025_Q4,
Kuparuk River Unit-Additions,Yes,Onshore,United States,North America,Non-Opec-Plus,Oil, ,Kuparuk River Unit,Conventional,ConocoPhillips,Chevron,Exxon Mobil, , , , ,No,Appraisal,"ConocoPhillips plans to develop several projects through the end of the year, including the Nuna discovery and the Coyote prospect, both of which are in the Kuparuk River Unit, North America's second-largest oil field by area.",,,,Medium,Sour,2025_Q3,
Kuparuk River Unit-Additions,Yes,Onshore,United States,North America,Non-Opec-Plus,Oil, ,Kuparuk River Unit,Conventional,ConocoPhillips,Chevron,Exxon Mobil, , , , ,No,Appraisal,"ConocoPhillips plans to develop several projects through the end of the year, including the Nuna discovery and the Coyote prospect, both of which are in the Kuparuk River Unit, North America's second-largest oil field by area.",,,,Medium,Sour,2025_Q2,
Kuparuk River Unit-Additions,Yes,Onshore,United States,North America,Non-Opec-Plus,Oil, ,Kuparuk River Unit,Conventional,ConocoPhillips,Chevron,Exxon Mobil, , , , ,No,Appraisal,"ConocoPhillips plans to develop several projects through the end of the year, including the Nuna discovery and the Coyote prospect, both of which are in the Kuparuk River Unit, North America's second-largest oil field by area.",,,,Medium,Sour,2025_Q1,
Kuparuk River Unit-Additions,Yes,Onshore,United States,North America,Non-Opec-Plus,Oil, ,Kuparuk River Unit,Conventional,ConocoPhillips,Chevron,Exxon Mobil, , , , ,No,Appraisal,"ConocoPhillips plans to develop several projects through the end of the year, including the Nuna discovery and the Coyote prospect, both of which are in the Kuparuk River Unit, North America's second-largest oil field by area.",,,,Medium,Sour,2024_Q4,
Kuparuk River Unit-Additions,Yes,Onshore,United States,North America,Non-Opec-Plus,Oil, ,Kuparuk River Unit,Conventional,ConocoPhillips,Chevron,Exxon Mobil, , , , ,No,Appraisal,"ConocoPhillips plans to develop several projects through the end of the year, including the Nuna discovery and the Coyote prospect, both of which are in the Kuparuk River Unit, North America's second-largest oil field by area.",,,,Medium,Sour,2024_Q3,
Kuparuk River Unit-Additions,Yes,Onshore,United States,North America,Non-Opec-Plus,Oil, ,Kuparuk River Unit,Conventional,ConocoPhillips,Chevron,Exxon Mobil, , , , ,No,Appraisal,"ConocoPhillips plans to develop several projects through the end of the year, including the Nuna discovery and the Coyote prospect, both of which are in the Kuparuk River Unit, North America's second-largest oil field by area.",,,,Medium,Sour,2024_Q2,
Kuparuk River Unit-Additions,Yes,Onshore,United States,North America,Non-Opec-Plus,Oil, ,Kuparuk River Unit,Conventional,ConocoPhillips,Chevron,Exxon Mobil, , , , ,No,Appraisal,"ConocoPhillips plans to develop several projects through the end of the year, including the Nuna discovery and the Coyote prospect, both of which are in the Kuparuk River Unit, North America's second-largest oil field by area.",,,,Medium,Sour,2024_Q1,
Kuparuk River Unit-Additions,Yes,Onshore,United States,North America,Non-Opec-Plus,Oil, ,Kuparuk River Unit,Conventional,ConocoPhillips,Chevron,Exxon Mobil, , , , ,No,Appraisal,"ConocoPhillips plans to develop several projects through the end of the year, including the Nuna discovery and the Coyote prospect, both of which are in the Kuparuk River Unit, North America's second-largest oil field by area.",,,,Medium,Sour,Partner5 Share %,
Kuparuk River Unit-Additions,Yes,Onshore,United States,North America,Non-Opec-Plus,Oil, ,Kuparuk River Unit,Conventional,ConocoPhillips,Chevron,Exxon Mobil, , , , ,No,Appraisal,"ConocoPhillips plans to develop several projects through the end of the year, including the Nuna discovery and the Coyote prospect, both of which are in the Kuparuk River Unit, North America's second-largest oil field by area.",,,,Medium,Sour,Partner4 Share %,
Kuparuk River Unit-Additions,Yes,Onshore,United States,North America,Non-Opec-Plus,Oil, ,Kuparuk River Unit,Conventional,ConocoPhillips,Chevron,Exxon Mobil, , , , ,No,Appraisal,"ConocoPhillips plans to develop several projects through the end of the year, including the Nuna discovery and the Coyote prospect, both of which are in the Kuparuk River Unit, North America's second-largest oil field by area.",,,,Medium,Sour,Partner3 Share %,
Kuparuk River Unit-Additions,Yes,Onshore,United States,North America,Non-Opec-Plus,Oil, ,Kuparuk River Unit,Conventional,ConocoPhillips,Chevron,Exxon Mobil, , , , ,No,Appraisal,"ConocoPhillips plans to develop several projects through the end of the year, including the Nuna discovery and the Coyote prospect, both of which are in the Kuparuk River Unit, North America's second-largest oil field by area.",,,,Medium,Sour,Partner2 Share %,0.6
Kuparuk River Unit-Additions,Yes,Onshore,United States,North America,Non-Opec-Plus,Oil, ,Kuparuk River Unit,Conventional,ConocoPhillips,Chevron,Exxon Mobil, , , , ,No,Appraisal,"ConocoPhillips plans to develop several projects through the end of the year, including the Nuna discovery and the Coyote prospect, both of which are in the Kuparuk River Unit, North America's second-largest oil field by area.",,,,Medium,Sour,Partner1 Share %,4.9
Kuparuk River Unit-Additions,Yes,Onshore,United States,North America,Non-Opec-Plus,Oil, ,Kuparuk River Unit,Conventional,ConocoPhillips,Chevron,Exxon Mobil, , , , ,No,Appraisal,"ConocoPhillips plans to develop several projects through the end of the year, including the Nuna discovery and the Coyote prospect, both of which are in the Kuparuk River Unit, North America's second-largest oil field by area.",,,,Medium,Sour,Operator Share %,94.5
Payara,Yes,Offshore,Guyana,Latin America,Non-Opec-Plus,Oil/Gas,Deep,Stabroek Block,Deepwater,Exxon Mobil,Hess,China National Offshore Oil Corp. (CNOOC), , , ,2023,Yes,Onstream,"CNOOC has started arbitration proceedings to assert its rights to Hess’ stake in Guyana’s Stabroek Block, hot on the heels of operator Exxon Mobil. Exxon filed arbitration proceedings in Paris earlier this month to affirm its preferential rights for Hess’ stake in the Stabroek Block — a move that could scuttle Chevron’s blockbuster merger with Hess.",,,,Light,Sweet, 2029_Q4,
Payara,Yes,Offshore,Guyana,Latin America,Non-Opec-Plus,Oil/Gas,Deep,Stabroek Block,Deepwater,Exxon Mobil,Hess,China National Offshore Oil Corp. (CNOOC), , , ,2023,Yes,Onstream,"CNOOC has started arbitration proceedings to assert its rights to Hess’ stake in Guyana’s Stabroek Block, hot on the heels of operator Exxon Mobil. Exxon filed arbitration proceedings in Paris earlier this month to affirm its preferential rights for Hess’ stake in the Stabroek Block — a move that could scuttle Chevron’s blockbuster merger with Hess.",,,,Light,Sweet, 2029_Q3,
Payara,Yes,Offshore,Guyana,Latin America,Non-Opec-Plus,Oil/Gas,Deep,Stabroek Block,Deepwater,Exxon Mobil,Hess,China National Offshore Oil Corp. (CNOOC), , , ,2023,Yes,Onstream,"CNOOC has started arbitration proceedings to assert its rights to Hess’ stake in Guyana’s Stabroek Block, hot on the heels of operator Exxon Mobil. Exxon filed arbitration proceedings in Paris earlier this month to affirm its preferential rights for Hess’ stake in the Stabroek Block — a move that could scuttle Chevron’s blockbuster merger with Hess.",,,,Light,Sweet, 2029_Q2,
Payara,Yes,Offshore,Guyana,Latin America,Non-Opec-Plus,Oil/Gas,Deep,Stabroek Block,Deepwater,Exxon Mobil,Hess,China National Offshore Oil Corp. (CNOOC), , , ,2023,Yes,Onstream,"CNOOC has started arbitration proceedings to assert its rights to Hess’ stake in Guyana’s Stabroek Block, hot on the heels of operator Exxon Mobil. Exxon filed arbitration proceedings in Paris earlier this month to affirm its preferential rights for Hess’ stake in the Stabroek Block — a move that could scuttle Chevron’s blockbuster merger with Hess.",,,,Light,Sweet, 2029_Q1,
Payara,Yes,Offshore,Guyana,Latin America,Non-Opec-Plus,Oil/Gas,Deep,Stabroek Block,Deepwater,Exxon Mobil,Hess,China National Offshore Oil Corp. (CNOOC), , , ,2023,Yes,Onstream,"CNOOC has started arbitration proceedings to assert its rights to Hess’ stake in Guyana’s Stabroek Block, hot on the heels of operator Exxon Mobil. Exxon filed arbitration proceedings in Paris earlier this month to affirm its preferential rights for Hess’ stake in the Stabroek Block — a move that could scuttle Chevron’s blockbuster merger with Hess.",,,,Light,Sweet, 2028_Q4,
Payara,Yes,Offshore,Guyana,Latin America,Non-Opec-Plus,Oil/Gas,Deep,Stabroek Block,Deepwater,Exxon Mobil,Hess,China National Offshore Oil Corp. (CNOOC), , , ,2023,Yes,Onstream,"CNOOC has started arbitration proceedings to assert its rights to Hess’ stake in Guyana’s Stabroek Block, hot on the heels of operator Exxon Mobil. Exxon filed arbitration proceedings in Paris earlier this month to affirm its preferential rights for Hess’ stake in the Stabroek Block — a move that could scuttle Chevron’s blockbuster merger with Hess.",,,,Light,Sweet, 2028_Q3,
Payara,Yes,Offshore,Guyana,Latin America,Non-Opec-Plus,Oil/Gas,Deep,Stabroek Block,Deepwater,Exxon Mobil,Hess,China National Offshore Oil Corp. (CNOOC), , , ,2023,Yes,Onstream,"CNOOC has started arbitration proceedings to assert its rights to Hess’ stake in Guyana’s Stabroek Block, hot on the heels of operator Exxon Mobil. Exxon filed arbitration proceedings in Paris earlier this month to affirm its preferential rights for Hess’ stake in the Stabroek Block — a move that could scuttle Chevron’s blockbuster merger with Hess.",,,,Light,Sweet,2028_Q2,
Payara,Yes,Offshore,Guyana,Latin America,Non-Opec-Plus,Oil/Gas,Deep,Stabroek Block,Deepwater,Exxon Mobil,Hess,China National Offshore Oil Corp. (CNOOC), , , ,2023,Yes,Onstream,"CNOOC has started arbitration proceedings to assert its rights to Hess’ stake in Guyana’s Stabroek Block, hot on the heels of operator Exxon Mobil. Exxon filed arbitration proceedings in Paris earlier this month to affirm its preferential rights for Hess’ stake in the Stabroek Block — a move that could scuttle Chevron’s blockbuster merger with Hess.",,,,Light,Sweet,2028_Q1,
Payara,Yes,Offshore,Guyana,Latin America,Non-Opec-Plus,Oil/Gas,Deep,Stabroek Block,Deepwater,Exxon Mobil,Hess,China National Offshore Oil Corp. (CNOOC), , , ,2023,Yes,Onstream,"CNOOC has started arbitration proceedings to assert its rights to Hess’ stake in Guyana’s Stabroek Block, hot on the heels of operator Exxon Mobil. Exxon filed arbitration proceedings in Paris earlier this month to affirm its preferential rights for Hess’ stake in the Stabroek Block — a move that could scuttle Chevron’s blockbuster merger with Hess.",,,,Light,Sweet,2027_Q4,
Payara,Yes,Offshore,Guyana,Latin America,Non-Opec-Plus,Oil/Gas,Deep,Stabroek Block,Deepwater,Exxon Mobil,Hess,China National Offshore Oil Corp. (CNOOC), , , ,2023,Yes,Onstream,"CNOOC has started arbitration proceedings to assert its rights to Hess’ stake in Guyana’s Stabroek Block, hot on the heels of operator Exxon Mobil. Exxon filed arbitration proceedings in Paris earlier this month to affirm its preferential rights for Hess’ stake in the Stabroek Block — a move that could scuttle Chevron’s blockbuster merger with Hess.",,,,Light,Sweet,2027_Q3,
Payara,Yes,Offshore,Guyana,Latin America,Non-Opec-Plus,Oil/Gas,Deep,Stabroek Block,Deepwater,Exxon Mobil,Hess,China National Offshore Oil Corp. (CNOOC), , , ,2023,Yes,Onstream,"CNOOC has started arbitration proceedings to assert its rights to Hess’ stake in Guyana’s Stabroek Block, hot on the heels of operator Exxon Mobil. Exxon filed arbitration proceedings in Paris earlier this month to affirm its preferential rights for Hess’ stake in the Stabroek Block — a move that could scuttle Chevron’s blockbuster merger with Hess.",,,,Light,Sweet,2027_Q2,
Payara,Yes,Offshore,Guyana,Latin America,Non-Opec-Plus,Oil/Gas,Deep,Stabroek Block,Deepwater,Exxon Mobil,Hess,China National Offshore Oil Corp. (CNOOC), , , ,2023,Yes,Onstream,"CNOOC has started arbitration proceedings to assert its rights to Hess’ stake in Guyana’s Stabroek Block, hot on the heels of operator Exxon Mobil. Exxon filed arbitration proceedings in Paris earlier this month to affirm its preferential rights for Hess’ stake in the Stabroek Block — a move that could scuttle Chevron’s blockbuster merger with Hess.",,,,Light,Sweet,2027_Q1,
Payara,Yes,Offshore,Guyana,Latin America,Non-Opec-Plus,Oil/Gas,Deep,Stabroek Block,Deepwater,Exxon Mobil,Hess,China National Offshore Oil Corp. (CNOOC), , , ,2023,Yes,Onstream,"CNOOC has started arbitration proceedings to assert its rights to Hess’ stake in Guyana’s Stabroek Block, hot on the heels of operator Exxon Mobil. Exxon filed arbitration proceedings in Paris earlier this month to affirm its preferential rights for Hess’ stake in the Stabroek Block — a move that could scuttle Chevron’s blockbuster merger with Hess.",,,,Light,Sweet,2026_Q4,
Payara,Yes,Offshore,Guyana,Latin America,Non-Opec-Plus,Oil/Gas,Deep,Stabroek Block,Deepwater,Exxon Mobil,Hess,China National Offshore Oil Corp. (CNOOC), , , ,2023,Yes,Onstream,"CNOOC has started arbitration proceedings to assert its rights to Hess’ stake in Guyana’s Stabroek Block, hot on the heels of operator Exxon Mobil. Exxon filed arbitration proceedings in Paris earlier this month to affirm its preferential rights for Hess’ stake in the Stabroek Block — a move that could scuttle Chevron’s blockbuster merger with Hess.",,,,Light,Sweet,2026_Q3,
Payara,Yes,Offshore,Guyana,Latin America,Non-Opec-Plus,Oil/Gas,Deep,Stabroek Block,Deepwater,Exxon Mobil,Hess,China National Offshore Oil Corp. (CNOOC), , , ,2023,Yes,Onstream,"CNOOC has started arbitration proceedings to assert its rights to Hess’ stake in Guyana’s Stabroek Block, hot on the heels of operator Exxon Mobil. Exxon filed arbitration proceedings in Paris earlier this month to affirm its preferential rights for Hess’ stake in the Stabroek Block — a move that could scuttle Chevron’s blockbuster merger with Hess.",,,,Light,Sweet,2026_Q2,
Payara,Yes,Offshore,Guyana,Latin America,Non-Opec-Plus,Oil/Gas,Deep,Stabroek Block,Deepwater,Exxon Mobil,Hess,China National Offshore Oil Corp. (CNOOC), , , ,2023,Yes,Onstream,"CNOOC has started arbitration proceedings to assert its rights to Hess’ stake in Guyana’s Stabroek Block, hot on the heels of operator Exxon Mobil. Exxon filed arbitration proceedings in Paris earlier this month to affirm its preferential rights for Hess’ stake in the Stabroek Block — a move that could scuttle Chevron’s blockbuster merger with Hess.",,,,Light,Sweet,2026_Q1,
Payara,Yes,Offshore,Guyana,Latin America,Non-Opec-Plus,Oil/Gas,Deep,Stabroek Block,Deepwater,Exxon Mobil,Hess,China National Offshore Oil Corp. (CNOOC), , , ,2023,Yes,Onstream,"CNOOC has started arbitration proceedings to assert its rights to Hess’ stake in Guyana’s Stabroek Block, hot on the heels of operator Exxon Mobil. Exxon filed arbitration proceedings in Paris earlier this month to affirm its preferential rights for Hess’ stake in the Stabroek Block — a move that could scuttle Chevron’s blockbuster merger with Hess.",,,,Light,Sweet,2025_Q4,
Payara,Yes,Offshore,Guyana,Latin America,Non-Opec-Plus,Oil/Gas,Deep,Stabroek Block,Deepwater,Exxon Mobil,Hess,China National Offshore Oil Corp. (CNOOC), , , ,2023,Yes,Onstream,"CNOOC has started arbitration proceedings to assert its rights to Hess’ stake in Guyana’s Stabroek Block, hot on the heels of operator Exxon Mobil. Exxon filed arbitration proceedings in Paris earlier this month to affirm its preferential rights for Hess’ stake in the Stabroek Block — a move that could scuttle Chevron’s blockbuster merger with Hess.",,,,Light,Sweet,2025_Q3,
Payara,Yes,Offshore,Guyana,Latin America,Non-Opec-Plus,Oil/Gas,Deep,Stabroek Block,Deepwater,Exxon Mobil,Hess,China National Offshore Oil Corp. (CNOOC), , , ,2023,Yes,Onstream,"CNOOC has started arbitration proceedings to assert its rights to Hess’ stake in Guyana’s Stabroek Block, hot on the heels of operator Exxon Mobil. Exxon filed arbitration proceedings in Paris earlier this month to affirm its preferential rights for Hess’ stake in the Stabroek Block — a move that could scuttle Chevron’s blockbuster merger with Hess.",,,,Light,Sweet,2025_Q2,
Payara,Yes,Offshore,Guyana,Latin America,Non-Opec-Plus,Oil/Gas,Deep,Stabroek Block,Deepwater,Exxon Mobil,Hess,China National Offshore Oil Corp. (CNOOC), , , ,2023,Yes,Onstream,"CNOOC has started arbitration proceedings to assert its rights to Hess’ stake in Guyana’s Stabroek Block, hot on the heels of operator Exxon Mobil. Exxon filed arbitration proceedings in Paris earlier this month to affirm its preferential rights for Hess’ stake in the Stabroek Block — a move that could scuttle Chevron’s blockbuster merger with Hess.",,,,Light,Sweet,2025_Q1,
Payara,Yes,Offshore,Guyana,Latin America,Non-Opec-Plus,Oil/Gas,Deep,Stabroek Block,Deepwater,Exxon Mobil,Hess,China National Offshore Oil Corp. (CNOOC), , , ,2023,Yes,Onstream,"CNOOC has started arbitration proceedings to assert its rights to Hess’ stake in Guyana’s Stabroek Block, hot on the heels of operator Exxon Mobil. Exxon filed arbitration proceedings in Paris earlier this month to affirm its preferential rights for Hess’ stake in the Stabroek Block — a move that could scuttle Chevron’s blockbuster merger with Hess.",,,,Light,Sweet,2024_Q4,
Payara,Yes,Offshore,Guyana,Latin America,Non-Opec-Plus,Oil/Gas,Deep,Stabroek Block,Deepwater,Exxon Mobil,Hess,China National Offshore Oil Corp. (CNOOC), , , ,2023,Yes,Onstream,"CNOOC has started arbitration proceedings to assert its rights to Hess’ stake in Guyana’s Stabroek Block, hot on the heels of operator Exxon Mobil. Exxon filed arbitration proceedings in Paris earlier this month to affirm its preferential rights for Hess’ stake in the Stabroek Block — a move that could scuttle Chevron’s blockbuster merger with Hess.",,,,Light,Sweet,2024_Q3,40
Payara,Yes,Offshore,Guyana,Latin America,Non-Opec-Plus,Oil/Gas,Deep,Stabroek Block,Deepwater,Exxon Mobil,Hess,China National Offshore Oil Corp. (CNOOC), , , ,2023,Yes,Onstream,"CNOOC has started arbitration proceedings to assert its rights to Hess’ stake in Guyana’s Stabroek Block, hot on the heels of operator Exxon Mobil. Exxon filed arbitration proceedings in Paris earlier this month to affirm its preferential rights for Hess’ stake in the Stabroek Block — a move that could scuttle Chevron’s blockbuster merger with Hess.",,,,Light,Sweet,2024_Q2,60
Payara,Yes,Offshore,Guyana,Latin America,Non-Opec-Plus,Oil/Gas,Deep,Stabroek Block,Deepwater,Exxon Mobil,Hess,China National Offshore Oil Corp. (CNOOC), , , ,2023,Yes,Onstream,"CNOOC has started arbitration proceedings to assert its rights to Hess’ stake in Guyana’s Stabroek Block, hot on the heels of operator Exxon Mobil. Exxon filed arbitration proceedings in Paris earlier this month to affirm its preferential rights for Hess’ stake in the Stabroek Block — a move that could scuttle Chevron’s blockbuster merger with Hess.",,,,Light,Sweet,2024_Q1,60
Payara,Yes,Offshore,Guyana,Latin America,Non-Opec-Plus,Oil/Gas,Deep,Stabroek Block,Deepwater,Exxon Mobil,Hess,China National Offshore Oil Corp. (CNOOC), , , ,2023,Yes,Onstream,"CNOOC has started arbitration proceedings to assert its rights to Hess’ stake in Guyana’s Stabroek Block, hot on the heels of operator Exxon Mobil. Exxon filed arbitration proceedings in Paris earlier this month to affirm its preferential rights for Hess’ stake in the Stabroek Block — a move that could scuttle Chevron’s blockbuster merger with Hess.",,,,Light,Sweet,Partner5 Share %,
Payara,Yes,Offshore,Guyana,Latin America,Non-Opec-Plus,Oil/Gas,Deep,Stabroek Block,Deepwater,Exxon Mobil,Hess,China National Offshore Oil Corp. (CNOOC), , , ,2023,Yes,Onstream,"CNOOC has started arbitration proceedings to assert its rights to Hess’ stake in Guyana’s Stabroek Block, hot on the heels of operator Exxon Mobil. Exxon filed arbitration proceedings in Paris earlier this month to affirm its preferential rights for Hess’ stake in the Stabroek Block — a move that could scuttle Chevron’s blockbuster merger with Hess.",,,,Light,Sweet,Partner4 Share %,
Payara,Yes,Offshore,Guyana,Latin America,Non-Opec-Plus,Oil/Gas,Deep,Stabroek Block,Deepwater,Exxon Mobil,Hess,China National Offshore Oil Corp. (CNOOC), , , ,2023,Yes,Onstream,"CNOOC has started arbitration proceedings to assert its rights to Hess’ stake in Guyana’s Stabroek Block, hot on the heels of operator Exxon Mobil. Exxon filed arbitration proceedings in Paris earlier this month to affirm its preferential rights for Hess’ stake in the Stabroek Block — a move that could scuttle Chevron’s blockbuster merger with Hess.",,,,Light,Sweet,Partner3 Share %,
Payara,Yes,Offshore,Guyana,Latin America,Non-Opec-Plus,Oil/Gas,Deep,Stabroek Block,Deepwater,Exxon Mobil,Hess,China National Offshore Oil Corp. (CNOOC), , , ,2023,Yes,Onstream,"CNOOC has started arbitration proceedings to assert its rights to Hess’ stake in Guyana’s Stabroek Block, hot on the heels of operator Exxon Mobil. Exxon filed arbitration proceedings in Paris earlier this month to affirm its preferential rights for Hess’ stake in the Stabroek Block — a move that could scuttle Chevron’s blockbuster merger with Hess.",,,,Light,Sweet,Partner2 Share %,25
Payara,Yes,Offshore,Guyana,Latin America,Non-Opec-Plus,Oil/Gas,Deep,Stabroek Block,Deepwater,Exxon Mobil,Hess,China National Offshore Oil Corp. (CNOOC), , , ,2023,Yes,Onstream,"CNOOC has started arbitration proceedings to assert its rights to Hess’ stake in Guyana’s Stabroek Block, hot on the heels of operator Exxon Mobil. Exxon filed arbitration proceedings in Paris earlier this month to affirm its preferential rights for Hess’ stake in the Stabroek Block — a move that could scuttle Chevron’s blockbuster merger with Hess.",,,,Light,Sweet,Partner1 Share %,30
Payara,Yes,Offshore,Guyana,Latin America,Non-Opec-Plus,Oil/Gas,Deep,Stabroek Block,Deepwater,Exxon Mobil,Hess,China National Offshore Oil Corp. (CNOOC), , , ,2023,Yes,Onstream,"CNOOC has started arbitration proceedings to assert its rights to Hess’ stake in Guyana’s Stabroek Block, hot on the heels of operator Exxon Mobil. Exxon filed arbitration proceedings in Paris earlier this month to affirm its preferential rights for Hess’ stake in the Stabroek Block — a move that could scuttle Chevron’s blockbuster merger with Hess.",,,,Light,Sweet,Operator Share %,45
Liza Phase 2,Yes,Offshore,Guyana,Latin America,Non-Opec-Plus,Oil,Deep,Stabroek Block,Deepwater,Exxon Mobil,Hess,China National Offshore Oil Corp. (CNOOC), , , ,2022,Yes,Onstream,"Aug. 2023: Exxon and partner Hess said during their respective earnings calls  that the FPSO units serving their Liza Phase 1 and Phase 2 developments achieved record combined output last quarter of 380,000 barrels per day, or nearly 12% above their joint nameplate capacities.",,,,Light,Sweet, 2029_Q4,
Liza Phase 2,Yes,Offshore,Guyana,Latin America,Non-Opec-Plus,Oil,Deep,Stabroek Block,Deepwater,Exxon Mobil,Hess,China National Offshore Oil Corp. (CNOOC), , , ,2022,Yes,Onstream,"Aug. 2023: Exxon and partner Hess said during their respective earnings calls  that the FPSO units serving their Liza Phase 1 and Phase 2 developments achieved record combined output last quarter of 380,000 barrels per day, or nearly 12% above their joint nameplate capacities.",,,,Light,Sweet, 2029_Q3,
Liza Phase 2,Yes,Offshore,Guyana,Latin America,Non-Opec-Plus,Oil,Deep,Stabroek Block,Deepwater,Exxon Mobil,Hess,China National Offshore Oil Corp. (CNOOC), , , ,2022,Yes,Onstream,"Aug. 2023: Exxon and partner Hess said during their respective earnings calls  that the FPSO units serving their Liza Phase 1 and Phase 2 developments achieved record combined output last quarter of 380,000 barrels per day, or nearly 12% above their joint nameplate capacities.",,,,Light,Sweet, 2029_Q2,
Liza Phase 2,Yes,Offshore,Guyana,Latin America,Non-Opec-Plus,Oil,Deep,Stabroek Block,Deepwater,Exxon Mobil,Hess,China National Offshore Oil Corp. (CNOOC), , , ,2022,Yes,Onstream,"Aug. 2023: Exxon and partner Hess said during their respective earnings calls  that the FPSO units serving their Liza Phase 1 and Phase 2 developments achieved record combined output last quarter of 380,000 barrels per day, or nearly 12% above their joint nameplate capacities.",,,,Light,Sweet, 2029_Q1,
Liza Phase 2,Yes,Offshore,Guyana,Latin America,Non-Opec-Plus,Oil,Deep,Stabroek Block,Deepwater,Exxon Mobil,Hess,China National Offshore Oil Corp. (CNOOC), , , ,2022,Yes,Onstream,"Aug. 2023: Exxon and partner Hess said during their respective earnings calls  that the FPSO units serving their Liza Phase 1 and Phase 2 developments achieved record combined output last quarter of 380,000 barrels per day, or nearly 12% above their joint nameplate capacities.",,,,Light,Sweet, 2028_Q4,
Liza Phase 2,Yes,Offshore,Guyana,Latin America,Non-Opec-Plus,Oil,Deep,Stabroek Block,Deepwater,Exxon Mobil,Hess,China National Offshore Oil Corp. (CNOOC), , , ,2022,Yes,Onstream,"Aug. 2023: Exxon and partner Hess said during their respective earnings calls  that the FPSO units serving their Liza Phase 1 and Phase 2 developments achieved record combined output last quarter of 380,000 barrels per day, or nearly 12% above their joint nameplate capacities.",,,,Light,Sweet, 2028_Q3,
Liza Phase 2,Yes,Offshore,Guyana,Latin America,Non-Opec-Plus,Oil,Deep,Stabroek Block,Deepwater,Exxon Mobil,Hess,China National Offshore Oil Corp. (CNOOC), , , ,2022,Yes,Onstream,"Aug. 2023: Exxon and partner Hess said during their respective earnings calls  that the FPSO units serving their Liza Phase 1 and Phase 2 developments achieved record combined output last quarter of 380,000 barrels per day, or nearly 12% above their joint nameplate capacities.",,,,Light,Sweet,2028_Q2,
Liza Phase 2,Yes,Offshore,Guyana,Latin America,Non-Opec-Plus,Oil,Deep,Stabroek Block,Deepwater,Exxon Mobil,Hess,China National Offshore Oil Corp. (CNOOC), , , ,2022,Yes,Onstream,"Aug. 2023: Exxon and partner Hess said during their respective earnings calls  that the FPSO units serving their Liza Phase 1 and Phase 2 developments achieved record combined output last quarter of 380,000 barrels per day, or nearly 12% above their joint nameplate capacities.",,,,Light,Sweet,2028_Q1,
Liza Phase 2,Yes,Offshore,Guyana,Latin America,Non-Opec-Plus,Oil,Deep,Stabroek Block,Deepwater,Exxon Mobil,Hess,China National Offshore Oil Corp. (CNOOC), , , ,2022,Yes,Onstream,"Aug. 2023: Exxon and partner Hess said during their respective earnings calls  that the FPSO units serving their Liza Phase 1 and Phase 2 developments achieved record combined output last quarter of 380,000 barrels per day, or nearly 12% above their joint nameplate capacities.",,,,Light,Sweet,2027_Q4,
Liza Phase 2,Yes,Offshore,Guyana,Latin America,Non-Opec-Plus,Oil,Deep,Stabroek Block,Deepwater,Exxon Mobil,Hess,China National Offshore Oil Corp. (CNOOC), , , ,2022,Yes,Onstream,"Aug. 2023: Exxon and partner Hess said during their respective earnings calls  that the FPSO units serving their Liza Phase 1 and Phase 2 developments achieved record combined output last quarter of 380,000 barrels per day, or nearly 12% above their joint nameplate capacities.",,,,Light,Sweet,2027_Q3,
Liza Phase 2,Yes,Offshore,Guyana,Latin America,Non-Opec-Plus,Oil,Deep,Stabroek Block,Deepwater,Exxon Mobil,Hess,China National Offshore Oil Corp. (CNOOC), , , ,2022,Yes,Onstream,"Aug. 2023: Exxon and partner Hess said during their respective earnings calls  that the FPSO units serving their Liza Phase 1 and Phase 2 developments achieved record combined output last quarter of 380,000 barrels per day, or nearly 12% above their joint nameplate capacities.",,,,Light,Sweet,2027_Q2,
Liza Phase 2,Yes,Offshore,Guyana,Latin America,Non-Opec-Plus,Oil,Deep,Stabroek Block,Deepwater,Exxon Mobil,Hess,China National Offshore Oil Corp. (CNOOC), , , ,2022,Yes,Onstream,"Aug. 2023: Exxon and partner Hess said during their respective earnings calls  that the FPSO units serving their Liza Phase 1 and Phase 2 developments achieved record combined output last quarter of 380,000 barrels per day, or nearly 12% above their joint nameplate capacities.",,,,Light,Sweet,2027_Q1,
Liza Phase 2,Yes,Offshore,Guyana,Latin America,Non-Opec-Plus,Oil,Deep,Stabroek Block,Deepwater,Exxon Mobil,Hess,China National Offshore Oil Corp. (CNOOC), , , ,2022,Yes,Onstream,"Aug. 2023: Exxon and partner Hess said during their respective earnings calls  that the FPSO units serving their Liza Phase 1 and Phase 2 developments achieved record combined output last quarter of 380,000 barrels per day, or nearly 12% above their joint nameplate capacities.",,,,Light,Sweet,2026_Q4,
Liza Phase 2,Yes,Offshore,Guyana,Latin America,Non-Opec-Plus,Oil,Deep,Stabroek Block,Deepwater,Exxon Mobil,Hess,China National Offshore Oil Corp. (CNOOC), , , ,2022,Yes,Onstream,"Aug. 2023: Exxon and partner Hess said during their respective earnings calls  that the FPSO units serving their Liza Phase 1 and Phase 2 developments achieved record combined output last quarter of 380,000 barrels per day, or nearly 12% above their joint nameplate capacities.",,,,Light,Sweet,2026_Q3,
Liza Phase 2,Yes,Offshore,Guyana,Latin America,Non-Opec-Plus,Oil,Deep,Stabroek Block,Deepwater,Exxon Mobil,Hess,China National Offshore Oil Corp. (CNOOC), , , ,2022,Yes,Onstream,"Aug. 2023: Exxon and partner Hess said during their respective earnings calls  that the FPSO units serving their Liza Phase 1 and Phase 2 developments achieved record combined output last quarter of 380,000 barrels per day, or nearly 12% above their joint nameplate capacities.",,,,Light,Sweet,2026_Q2,
Liza Phase 2,Yes,Offshore,Guyana,Latin America,Non-Opec-Plus,Oil,Deep,Stabroek Block,Deepwater,Exxon Mobil,Hess,China National Offshore Oil Corp. (CNOOC), , , ,2022,Yes,Onstream,"Aug. 2023: Exxon and partner Hess said during their respective earnings calls  that the FPSO units serving their Liza Phase 1 and Phase 2 developments achieved record combined output last quarter of 380,000 barrels per day, or nearly 12% above their joint nameplate capacities.",,,,Light,Sweet,2026_Q1,
Liza Phase 2,Yes,Offshore,Guyana,Latin America,Non-Opec-Plus,Oil,Deep,Stabroek Block,Deepwater,Exxon Mobil,Hess,China National Offshore Oil Corp. (CNOOC), , , ,2022,Yes,Onstream,"Aug. 2023: Exxon and partner Hess said during their respective earnings calls  that the FPSO units serving their Liza Phase 1 and Phase 2 developments achieved record combined output last quarter of 380,000 barrels per day, or nearly 12% above their joint nameplate capacities.",,,,Light,Sweet,2025_Q4,
Liza Phase 2,Yes,Offshore,Guyana,Latin America,Non-Opec-Plus,Oil,Deep,Stabroek Block,Deepwater,Exxon Mobil,Hess,China National Offshore Oil Corp. (CNOOC), , , ,2022,Yes,Onstream,"Aug. 2023: Exxon and partner Hess said during their respective earnings calls  that the FPSO units serving their Liza Phase 1 and Phase 2 developments achieved record combined output last quarter of 380,000 barrels per day, or nearly 12% above their joint nameplate capacities.",,,,Light,Sweet,2025_Q3,
Liza Phase 2,Yes,Offshore,Guyana,Latin America,Non-Opec-Plus,Oil,Deep,Stabroek Block,Deepwater,Exxon Mobil,Hess,China National Offshore Oil Corp. (CNOOC), , , ,2022,Yes,Onstream,"Aug. 2023: Exxon and partner Hess said during their respective earnings calls  that the FPSO units serving their Liza Phase 1 and Phase 2 developments achieved record combined output last quarter of 380,000 barrels per day, or nearly 12% above their joint nameplate capacities.",,,,Light,Sweet,2025_Q2,
Liza Phase 2,Yes,Offshore,Guyana,Latin America,Non-Opec-Plus,Oil,Deep,Stabroek Block,Deepwater,Exxon Mobil,Hess,China National Offshore Oil Corp. (CNOOC), , , ,2022,Yes,Onstream,"Aug. 2023: Exxon and partner Hess said during their respective earnings calls  that the FPSO units serving their Liza Phase 1 and Phase 2 developments achieved record combined output last quarter of 380,000 barrels per day, or nearly 12% above their joint nameplate capacities.",,,,Light,Sweet,2025_Q1,
Liza Phase 2,Yes,Offshore,Guyana,Latin America,Non-Opec-Plus,Oil,Deep,Stabroek Block,Deepwater,Exxon Mobil,Hess,China National Offshore Oil Corp. (CNOOC), , , ,2022,Yes,Onstream,"Aug. 2023: Exxon and partner Hess said during their respective earnings calls  that the FPSO units serving their Liza Phase 1 and Phase 2 developments achieved record combined output last quarter of 380,000 barrels per day, or nearly 12% above their joint nameplate capacities.",,,,Light,Sweet,2024_Q4,
Liza Phase 2,Yes,Offshore,Guyana,Latin America,Non-Opec-Plus,Oil,Deep,Stabroek Block,Deepwater,Exxon Mobil,Hess,China National Offshore Oil Corp. (CNOOC), , , ,2022,Yes,Onstream,"Aug. 2023: Exxon and partner Hess said during their respective earnings calls  that the FPSO units serving their Liza Phase 1 and Phase 2 developments achieved record combined output last quarter of 380,000 barrels per day, or nearly 12% above their joint nameplate capacities.",,,,Light,Sweet,2024_Q3,
Liza Phase 2,Yes,Offshore,Guyana,Latin America,Non-Opec-Plus,Oil,Deep,Stabroek Block,Deepwater,Exxon Mobil,Hess,China National Offshore Oil Corp. (CNOOC), , , ,2022,Yes,Onstream,"Aug. 2023: Exxon and partner Hess said during their respective earnings calls  that the FPSO units serving their Liza Phase 1 and Phase 2 developments achieved record combined output last quarter of 380,000 barrels per day, or nearly 12% above their joint nameplate capacities.",,,,Light,Sweet,2024_Q2,
Liza Phase 2,Yes,Offshore,Guyana,Latin America,Non-Opec-Plus,Oil,Deep,Stabroek Block,Deepwater,Exxon Mobil,Hess,China National Offshore Oil Corp. (CNOOC), , , ,2022,Yes,Onstream,"Aug. 2023: Exxon and partner Hess said during their respective earnings calls  that the FPSO units serving their Liza Phase 1 and Phase 2 developments achieved record combined output last quarter of 380,000 barrels per day, or nearly 12% above their joint nameplate capacities.",,,,Light,Sweet,2024_Q1,
Liza Phase 2,Yes,Offshore,Guyana,Latin America,Non-Opec-Plus,Oil,Deep,Stabroek Block,Deepwater,Exxon Mobil,Hess,China National Offshore Oil Corp. (CNOOC), , , ,2022,Yes,Onstream,"Aug. 2023: Exxon and partner Hess said during their respective earnings calls  that the FPSO units serving their Liza Phase 1 and Phase 2 developments achieved record combined output last quarter of 380,000 barrels per day, or nearly 12% above their joint nameplate capacities.",,,,Light,Sweet,Partner5 Share %,
Liza Phase 2,Yes,Offshore,Guyana,Latin America,Non-Opec-Plus,Oil,Deep,Stabroek Block,Deepwater,Exxon Mobil,Hess,China National Offshore Oil Corp. (CNOOC), , , ,2022,Yes,Onstream,"Aug. 2023: Exxon and partner Hess said during their respective earnings calls  that the FPSO units serving their Liza Phase 1 and Phase 2 developments achieved record combined output last quarter of 380,000 barrels per day, or nearly 12% above their joint nameplate capacities.",,,,Light,Sweet,Partner4 Share %,
Liza Phase 2,Yes,Offshore,Guyana,Latin America,Non-Opec-Plus,Oil,Deep,Stabroek Block,Deepwater,Exxon Mobil,Hess,China National Offshore Oil Corp. (CNOOC), , , ,2022,Yes,Onstream,"Aug. 2023: Exxon and partner Hess said during their respective earnings calls  that the FPSO units serving their Liza Phase 1 and Phase 2 developments achieved record combined output last quarter of 380,000 barrels per day, or nearly 12% above their joint nameplate capacities.",,,,Light,Sweet,Partner3 Share %,
Liza Phase 2,Yes,Offshore,Guyana,Latin America,Non-Opec-Plus,Oil,Deep,Stabroek Block,Deepwater,Exxon Mobil,Hess,China National Offshore Oil Corp. (CNOOC), , , ,2022,Yes,Onstream,"Aug. 2023: Exxon and partner Hess said during their respective earnings calls  that the FPSO units serving their Liza Phase 1 and Phase 2 developments achieved record combined output last quarter of 380,000 barrels per day, or nearly 12% above their joint nameplate capacities.",,,,Light,Sweet,Partner2 Share %,25
Liza Phase 2,Yes,Offshore,Guyana,Latin America,Non-Opec-Plus,Oil,Deep,Stabroek Block,Deepwater,Exxon Mobil,Hess,China National Offshore Oil Corp. (CNOOC), , , ,2022,Yes,Onstream,"Aug. 2023: Exxon and partner Hess said during their respective earnings calls  that the FPSO units serving their Liza Phase 1 and Phase 2 developments achieved record combined output last quarter of 380,000 barrels per day, or nearly 12% above their joint nameplate capacities.",,,,Light,Sweet,Partner1 Share %,30
Liza Phase 2,Yes,Offshore,Guyana,Latin America,Non-Opec-Plus,Oil,Deep,Stabroek Block,Deepwater,Exxon Mobil,Hess,China National Offshore Oil Corp. (CNOOC), , , ,2022,Yes,Onstream,"Aug. 2023: Exxon and partner Hess said during their respective earnings calls  that the FPSO units serving their Liza Phase 1 and Phase 2 developments achieved record combined output last quarter of 380,000 barrels per day, or nearly 12% above their joint nameplate capacities.",,,,Light,Sweet,Operator Share %,45
Zinia-2,Yes,Offshore,Angola,Africa,Non-Opec-Plus,Oil,Deep,Pazflor / Block 17,Deepwater,TotalEnergies,Equinor,Exxon Mobil,BP,Sonangol,Eni,2021,Yes,Onstream,Part of the prolific deepwater Block 17.,,,, , , 2029_Q4,
Zinia-2,Yes,Offshore,Angola,Africa,Non-Opec-Plus,Oil,Deep,Pazflor / Block 17,Deepwater,TotalEnergies,Equinor,Exxon Mobil,BP,Sonangol,Eni,2021,Yes,Onstream,Part of the prolific deepwater Block 17.,,,, , , 2029_Q3,
Zinia-2,Yes,Offshore,Angola,Africa,Non-Opec-Plus,Oil,Deep,Pazflor / Block 17,Deepwater,TotalEnergies,Equinor,Exxon Mobil,BP,Sonangol,Eni,2021,Yes,Onstream,Part of the prolific deepwater Block 17.,,,, , , 2029_Q2,
Zinia-2,Yes,Offshore,Angola,Africa,Non-Opec-Plus,Oil,Deep,Pazflor / Block 17,Deepwater,TotalEnergies,Equinor,Exxon Mobil,BP,Sonangol,Eni,2021,Yes,Onstream,Part of the prolific deepwater Block 17.,,,, , , 2029_Q1,
Zinia-2,Yes,Offshore,Angola,Africa,Non-Opec-Plus,Oil,Deep,Pazflor / Block 17,Deepwater,TotalEnergies,Equinor,Exxon Mobil,BP,Sonangol,Eni,2021,Yes,Onstream,Part of the prolific deepwater Block 17.,,,, , , 2028_Q4,
Zinia-2,Yes,Offshore,Angola,Africa,Non-Opec-Plus,Oil,Deep,Pazflor / Block 17,Deepwater,TotalEnergies,Equinor,Exxon Mobil,BP,Sonangol,Eni,2021,Yes,Onstream,Part of the prolific deepwater Block 17.,,,, , , 2028_Q3,
Zinia-2,Yes,Offshore,Angola,Africa,Non-Opec-Plus,Oil,Deep,Pazflor / Block 17,Deepwater,TotalEnergies,Equinor,Exxon Mobil,BP,Sonangol,Eni,2021,Yes,Onstream,Part of the prolific deepwater Block 17.,,,, , ,2028_Q2,
Zinia-2,Yes,Offshore,Angola,Africa,Non-Opec-Plus,Oil,Deep,Pazflor / Block 17,Deepwater,TotalEnergies,Equinor,Exxon Mobil,BP,Sonangol,Eni,2021,Yes,Onstream,Part of the prolific deepwater Block 17.,,,, , ,2028_Q1,
Zinia-2,Yes,Offshore,Angola,Africa,Non-Opec-Plus,Oil,Deep,Pazflor / Block 17,Deepwater,TotalEnergies,Equinor,Exxon Mobil,BP,Sonangol,Eni,2021,Yes,Onstream,Part of the prolific deepwater Block 17.,,,, , ,2027_Q4,
Zinia-2,Yes,Offshore,Angola,Africa,Non-Opec-Plus,Oil,Deep,Pazflor / Block 17,Deepwater,TotalEnergies,Equinor,Exxon Mobil,BP,Sonangol,Eni,2021,Yes,Onstream,Part of the prolific deepwater Block 17.,,,, , ,2027_Q3,
Zinia-2,Yes,Offshore,Angola,Africa,Non-Opec-Plus,Oil,Deep,Pazflor / Block 17,Deepwater,TotalEnergies,Equinor,Exxon Mobil,BP,Sonangol,Eni,2021,Yes,Onstream,Part of the prolific deepwater Block 17.,,,, , ,2027_Q2,
Zinia-2,Yes,Offshore,Angola,Africa,Non-Opec-Plus,Oil,Deep,Pazflor / Block 17,Deepwater,TotalEnergies,Equinor,Exxon Mobil,BP,Sonangol,Eni,2021,Yes,Onstream,Part of the prolific deepwater Block 17.,,,, , ,2027_Q1,
Zinia-2,Yes,Offshore,Angola,Africa,Non-Opec-Plus,Oil,Deep,Pazflor / Block 17,Deepwater,TotalEnergies,Equinor,Exxon Mobil,BP,Sonangol,Eni,2021,Yes,Onstream,Part of the prolific deepwater Block 17.,,,, , ,2026_Q4,
Zinia-2,Yes,Offshore,Angola,Africa,Non-Opec-Plus,Oil,Deep,Pazflor / Block 17,Deepwater,TotalEnergies,Equinor,Exxon Mobil,BP,Sonangol,Eni,2021,Yes,Onstream,Part of the prolific deepwater Block 17.,,,, , ,2026_Q3,
Zinia-2,Yes,Offshore,Angola,Africa,Non-Opec-Plus,Oil,Deep,Pazflor / Block 17,Deepwater,TotalEnergies,Equinor,Exxon Mobil,BP,Sonangol,Eni,2021,Yes,Onstream,Part of the prolific deepwater Block 17.,,,, , ,2026_Q2,
Zinia-2,Yes,Offshore,Angola,Africa,Non-Opec-Plus,Oil,Deep,Pazflor / Block 17,Deepwater,TotalEnergies,Equinor,Exxon Mobil,BP,Sonangol,Eni,2021,Yes,Onstream,Part of the prolific deepwater Block 17.,,,, , ,2026_Q1,
Zinia-2,Yes,Offshore,Angola,Africa,Non-Opec-Plus,Oil,Deep,Pazflor / Block 17,Deepwater,TotalEnergies,Equinor,Exxon Mobil,BP,Sonangol,Eni,2021,Yes,Onstream,Part of the prolific deepwater Block 17.,,,, , ,2025_Q4,
Zinia-2,Yes,Offshore,Angola,Africa,Non-Opec-Plus,Oil,Deep,Pazflor / Block 17,Deepwater,TotalEnergies,Equinor,Exxon Mobil,BP,Sonangol,Eni,2021,Yes,Onstream,Part of the prolific deepwater Block 17.,,,, , ,2025_Q3,
Zinia-2,Yes,Offshore,Angola,Africa,Non-Opec-Plus,Oil,Deep,Pazflor / Block 17,Deepwater,TotalEnergies,Equinor,Exxon Mobil,BP,Sonangol,Eni,2021,Yes,Onstream,Part of the prolific deepwater Block 17.,,,, , ,2025_Q2,
Zinia-2,Yes,Offshore,Angola,Africa,Non-Opec-Plus,Oil,Deep,Pazflor / Block 17,Deepwater,TotalEnergies,Equinor,Exxon Mobil,BP,Sonangol,Eni,2021,Yes,Onstream,Part of the prolific deepwater Block 17.,,,, , ,2025_Q1,
Zinia-2,Yes,Offshore,Angola,Africa,Non-Opec-Plus,Oil,Deep,Pazflor / Block 17,Deepwater,TotalEnergies,Equinor,Exxon Mobil,BP,Sonangol,Eni,2021,Yes,Onstream,Part of the prolific deepwater Block 17.,,,, , ,2024_Q4,
Zinia-2,Yes,Offshore,Angola,Africa,Non-Opec-Plus,Oil,Deep,Pazflor / Block 17,Deepwater,TotalEnergies,Equinor,Exxon Mobil,BP,Sonangol,Eni,2021,Yes,Onstream,Part of the prolific deepwater Block 17.,,,, , ,2024_Q3,
Zinia-2,Yes,Offshore,Angola,Africa,Non-Opec-Plus,Oil,Deep,Pazflor / Block 17,Deepwater,TotalEnergies,Equinor,Exxon Mobil,BP,Sonangol,Eni,2021,Yes,Onstream,Part of the prolific deepwater Block 17.,,,, , ,2024_Q2,
Zinia-2,Yes,Offshore,Angola,Africa,Non-Opec-Plus,Oil,Deep,Pazflor / Block 17,Deepwater,TotalEnergies,Equinor,Exxon Mobil,BP,Sonangol,Eni,2021,Yes,Onstream,Part of the prolific deepwater Block 17.,,,, , ,2024_Q1,
Zinia-2,Yes,Offshore,Angola,Africa,Non-Opec-Plus,Oil,Deep,Pazflor / Block 17,Deepwater,TotalEnergies,Equinor,Exxon Mobil,BP,Sonangol,Eni,2021,Yes,Onstream,Part of the prolific deepwater Block 17.,,,, , ,Partner5 Share %,7.92
Zinia-2,Yes,Offshore,Angola,Africa,Non-Opec-Plus,Oil,Deep,Pazflor / Block 17,Deepwater,TotalEnergies,Equinor,Exxon Mobil,BP,Sonangol,Eni,2021,Yes,Onstream,Part of the prolific deepwater Block 17.,,,, , ,Partner4 Share %,5
Zinia-2,Yes,Offshore,Angola,Africa,Non-Opec-Plus,Oil,Deep,Pazflor / Block 17,Deepwater,TotalEnergies,Equinor,Exxon Mobil,BP,Sonangol,Eni,2021,Yes,Onstream,Part of the prolific deepwater Block 17.,,,, , ,Partner3 Share %,7.92
Zinia-2,Yes,Offshore,Angola,Africa,Non-Opec-Plus,Oil,Deep,Pazflor / Block 17,Deepwater,TotalEnergies,Equinor,Exxon Mobil,BP,Sonangol,Eni,2021,Yes,Onstream,Part of the prolific deepwater Block 17.,,,, , ,Partner2 Share %,19
Zinia-2,Yes,Offshore,Angola,Africa,Non-Opec-Plus,Oil,Deep,Pazflor / Block 17,Deepwater,TotalEnergies,Equinor,Exxon Mobil,BP,Sonangol,Eni,2021,Yes,Onstream,Part of the prolific deepwater Block 17.,,,, , ,Partner1 Share %,22.16
Zinia-2,Yes,Offshore,Angola,Africa,Non-Opec-Plus,Oil,Deep,Pazflor / Block 17,Deepwater,TotalEnergies,Equinor,Exxon Mobil,BP,Sonangol,Eni,2021,Yes,Onstream,Part of the prolific deepwater Block 17.,,,, , ,Operator Share %,40
North Field East (NFE) Expansion,Yes,Offshore,Qatar,Middle East,Non-Opec-Plus,Gas/Conds,Shallow,North Field,Shallow Water,QatarEnergy,TotalEnergies,Exxon Mobil,Eni,Shell,Others,2026,Yes,Under Development,"The North Field phases contribute to Qatar's condensate production as the liquids extracted from the wet gas streams of the LNG plants are merged into the country's condensate grades, the Deodorized Field Condensate (DFC) and the Qatar Low-Sulfur Field Co",150000.000, , , , , 2029_Q4,
North Field East (NFE) Expansion,Yes,Offshore,Qatar,Middle East,Non-Opec-Plus,Gas/Conds,Shallow,North Field,Shallow Water,QatarEnergy,TotalEnergies,Exxon Mobil,Eni,Shell,Others,2026,Yes,Under Development,"The North Field phases contribute to Qatar's condensate production as the liquids extracted from the wet gas streams of the LNG plants are merged into the country's condensate grades, the Deodorized Field Condensate (DFC) and the Qatar Low-Sulfur Field Co",150000.000, , , , , 2029_Q3,
North Field East (NFE) Expansion,Yes,Offshore,Qatar,Middle East,Non-Opec-Plus,Gas/Conds,Shallow,North Field,Shallow Water,QatarEnergy,TotalEnergies,Exxon Mobil,Eni,Shell,Others,2026,Yes,Under Development,"The North Field phases contribute to Qatar's condensate production as the liquids extracted from the wet gas streams of the LNG plants are merged into the country's condensate grades, the Deodorized Field Condensate (DFC) and the Qatar Low-Sulfur Field Co",150000.000, , , , , 2029_Q2,
North Field East (NFE) Expansion,Yes,Offshore,Qatar,Middle East,Non-Opec-Plus,Gas/Conds,Shallow,North Field,Shallow Water,QatarEnergy,TotalEnergies,Exxon Mobil,Eni,Shell,Others,2026,Yes,Under Development,"The North Field phases contribute to Qatar's condensate production as the liquids extracted from the wet gas streams of the LNG plants are merged into the country's condensate grades, the Deodorized Field Condensate (DFC) and the Qatar Low-Sulfur Field Co",150000.000, , , , , 2029_Q1,
North Field East (NFE) Expansion,Yes,Offshore,Qatar,Middle East,Non-Opec-Plus,Gas/Conds,Shallow,North Field,Shallow Water,QatarEnergy,TotalEnergies,Exxon Mobil,Eni,Shell,Others,2026,Yes,Under Development,"The North Field phases contribute to Qatar's condensate production as the liquids extracted from the wet gas streams of the LNG plants are merged into the country's condensate grades, the Deodorized Field Condensate (DFC) and the Qatar Low-Sulfur Field Co",150000.000, , , , , 2028_Q4,
North Field East (NFE) Expansion,Yes,Offshore,Qatar,Middle East,Non-Opec-Plus,Gas/Conds,Shallow,North Field,Shallow Water,QatarEnergy,TotalEnergies,Exxon Mobil,Eni,Shell,Others,2026,Yes,Under Development,"The North Field phases contribute to Qatar's condensate production as the liquids extracted from the wet gas streams of the LNG plants are merged into the country's condensate grades, the Deodorized Field Condensate (DFC) and the Qatar Low-Sulfur Field Co",150000.000, , , , , 2028_Q3,
North Field East (NFE) Expansion,Yes,Offshore,Qatar,Middle East,Non-Opec-Plus,Gas/Conds,Shallow,North Field,Shallow Water,QatarEnergy,TotalEnergies,Exxon Mobil,Eni,Shell,Others,2026,Yes,Under Development,"The North Field phases contribute to Qatar's condensate production as the liquids extracted from the wet gas streams of the LNG plants are merged into the country's condensate grades, the Deodorized Field Condensate (DFC) and the Qatar Low-Sulfur Field Co",150000.000, , , , ,2028_Q2,
North Field East (NFE) Expansion,Yes,Offshore,Qatar,Middle East,Non-Opec-Plus,Gas/Conds,Shallow,North Field,Shallow Water,QatarEnergy,TotalEnergies,Exxon Mobil,Eni,Shell,Others,2026,Yes,Under Development,"The North Field phases contribute to Qatar's condensate production as the liquids extracted from the wet gas streams of the LNG plants are merged into the country's condensate grades, the Deodorized Field Condensate (DFC) and the Qatar Low-Sulfur Field Co",150000.000, , , , ,2028_Q1,
North Field East (NFE) Expansion,Yes,Offshore,Qatar,Middle East,Non-Opec-Plus,Gas/Conds,Shallow,North Field,Shallow Water,QatarEnergy,TotalEnergies,Exxon Mobil,Eni,Shell,Others,2026,Yes,Under Development,"The North Field phases contribute to Qatar's condensate production as the liquids extracted from the wet gas streams of the LNG plants are merged into the country's condensate grades, the Deodorized Field Condensate (DFC) and the Qatar Low-Sulfur Field Co",150000.000, , , , ,2027_Q4,
North Field East (NFE) Expansion,Yes,Offshore,Qatar,Middle East,Non-Opec-Plus,Gas/Conds,Shallow,North Field,Shallow Water,QatarEnergy,TotalEnergies,Exxon Mobil,Eni,Shell,Others,2026,Yes,Under Development,"The North Field phases contribute to Qatar's condensate production as the liquids extracted from the wet gas streams of the LNG plants are merged into the country's condensate grades, the Deodorized Field Condensate (DFC) and the Qatar Low-Sulfur Field Co",150000.000, , , , ,2027_Q3,
North Field East (NFE) Expansion,Yes,Offshore,Qatar,Middle East,Non-Opec-Plus,Gas/Conds,Shallow,North Field,Shallow Water,QatarEnergy,TotalEnergies,Exxon Mobil,Eni,Shell,Others,2026,Yes,Under Development,"The North Field phases contribute to Qatar's condensate production as the liquids extracted from the wet gas streams of the LNG plants are merged into the country's condensate grades, the Deodorized Field Condensate (DFC) and the Qatar Low-Sulfur Field Co",150000.000, , , , ,2027_Q2,
North Field East (NFE) Expansion,Yes,Offshore,Qatar,Middle East,Non-Opec-Plus,Gas/Conds,Shallow,North Field,Shallow Water,QatarEnergy,TotalEnergies,Exxon Mobil,Eni,Shell,Others,2026,Yes,Under Development,"The North Field phases contribute to Qatar's condensate production as the liquids extracted from the wet gas streams of the LNG plants are merged into the country's condensate grades, the Deodorized Field Condensate (DFC) and the Qatar Low-Sulfur Field Co",150000.000, , , , ,2027_Q1,54
North Field East (NFE) Expansion,Yes,Offshore,Qatar,Middle East,Non-Opec-Plus,Gas/Conds,Shallow,North Field,Shallow Water,QatarEnergy,TotalEnergies,Exxon Mobil,Eni,Shell,Others,2026,Yes,Under Development,"The North Field phases contribute to Qatar's condensate production as the liquids extracted from the wet gas streams of the LNG plants are merged into the country's condensate grades, the Deodorized Field Condensate (DFC) and the Qatar Low-Sulfur Field Co",150000.000, , , , ,2026_Q4,50
North Field East (NFE) Expansion,Yes,Offshore,Qatar,Middle East,Non-Opec-Plus,Gas/Conds,Shallow,North Field,Shallow Water,QatarEnergy,TotalEnergies,Exxon Mobil,Eni,Shell,Others,2026,Yes,Under Development,"The North Field phases contribute to Qatar's condensate production as the liquids extracted from the wet gas streams of the LNG plants are merged into the country's condensate grades, the Deodorized Field Condensate (DFC) and the Qatar Low-Sulfur Field Co",150000.000, , , , ,2026_Q3,50
North Field East (NFE) Expansion,Yes,Offshore,Qatar,Middle East,Non-Opec-Plus,Gas/Conds,Shallow,North Field,Shallow Water,QatarEnergy,TotalEnergies,Exxon Mobil,Eni,Shell,Others,2026,Yes,Under Development,"The North Field phases contribute to Qatar's condensate production as the liquids extracted from the wet gas streams of the LNG plants are merged into the country's condensate grades, the Deodorized Field Condensate (DFC) and the Qatar Low-Sulfur Field Co",150000.000, , , , ,2026_Q2,50
North Field East (NFE) Expansion,Yes,Offshore,Qatar,Middle East,Non-Opec-Plus,Gas/Conds,Shallow,North Field,Shallow Water,QatarEnergy,TotalEnergies,Exxon Mobil,Eni,Shell,Others,2026,Yes,Under Development,"The North Field phases contribute to Qatar's condensate production as the liquids extracted from the wet gas streams of the LNG plants are merged into the country's condensate grades, the Deodorized Field Condensate (DFC) and the Qatar Low-Sulfur Field Co",150000.000, , , , ,2026_Q1,50
North Field East (NFE) Expansion,Yes,Offshore,Qatar,Middle East,Non-Opec-Plus,Gas/Conds,Shallow,North Field,Shallow Water,QatarEnergy,TotalEnergies,Exxon Mobil,Eni,Shell,Others,2026,Yes,Under Development,"The North Field phases contribute to Qatar's condensate production as the liquids extracted from the wet gas streams of the LNG plants are merged into the country's condensate grades, the Deodorized Field Condensate (DFC) and the Qatar Low-Sulfur Field Co",150000.000, , , , ,2025_Q4,
North Field East (NFE) Expansion,Yes,Offshore,Qatar,Middle East,Non-Opec-Plus,Gas/Conds,Shallow,North Field,Shallow Water,QatarEnergy,TotalEnergies,Exxon Mobil,Eni,Shell,Others,2026,Yes,Under Development,"The North Field phases contribute to Qatar's condensate production as the liquids extracted from the wet gas streams of the LNG plants are merged into the country's condensate grades, the Deodorized Field Condensate (DFC) and the Qatar Low-Sulfur Field Co",150000.000, , , , ,2025_Q3,
North Field East (NFE) Expansion,Yes,Offshore,Qatar,Middle East,Non-Opec-Plus,Gas/Conds,Shallow,North Field,Shallow Water,QatarEnergy,TotalEnergies,Exxon Mobil,Eni,Shell,Others,2026,Yes,Under Development,"The North Field phases contribute to Qatar's condensate production as the liquids extracted from the wet gas streams of the LNG plants are merged into the country's condensate grades, the Deodorized Field Condensate (DFC) and the Qatar Low-Sulfur Field Co",150000.000, , , , ,2025_Q2,
North Field East (NFE) Expansion,Yes,Offshore,Qatar,Middle East,Non-Opec-Plus,Gas/Conds,Shallow,North Field,Shallow Water,QatarEnergy,TotalEnergies,Exxon Mobil,Eni,Shell,Others,2026,Yes,Under Development,"The North Field phases contribute to Qatar's condensate production as the liquids extracted from the wet gas streams of the LNG plants are merged into the country's condensate grades, the Deodorized Field Condensate (DFC) and the Qatar Low-Sulfur Field Co",150000.000, , , , ,2025_Q1,
North Field East (NFE) Expansion,Yes,Offshore,Qatar,Middle East,Non-Opec-Plus,Gas/Conds,Shallow,North Field,Shallow Water,QatarEnergy,TotalEnergies,Exxon Mobil,Eni,Shell,Others,2026,Yes,Under Development,"The North Field phases contribute to Qatar's condensate production as the liquids extracted from the wet gas streams of the LNG plants are merged into the country's condensate grades, the Deodorized Field Condensate (DFC) and the Qatar Low-Sulfur Field Co",150000.000, , , , ,2024_Q4,
North Field East (NFE) Expansion,Yes,Offshore,Qatar,Middle East,Non-Opec-Plus,Gas/Conds,Shallow,North Field,Shallow Water,QatarEnergy,TotalEnergies,Exxon Mobil,Eni,Shell,Others,2026,Yes,Under Development,"The North Field phases contribute to Qatar's condensate production as the liquids extracted from the wet gas streams of the LNG plants are merged into the country's condensate grades, the Deodorized Field Condensate (DFC) and the Qatar Low-Sulfur Field Co",150000.000, , , , ,2024_Q3,
North Field East (NFE) Expansion,Yes,Offshore,Qatar,Middle East,Non-Opec-Plus,Gas/Conds,Shallow,North Field,Shallow Water,QatarEnergy,TotalEnergies,Exxon Mobil,Eni,Shell,Others,2026,Yes,Under Development,"The North Field phases contribute to Qatar's condensate production as the liquids extracted from the wet gas streams of the LNG plants are merged into the country's condensate grades, the Deodorized Field Condensate (DFC) and the Qatar Low-Sulfur Field Co",150000.000, , , , ,2024_Q2,
North Field East (NFE) Expansion,Yes,Offshore,Qatar,Middle East,Non-Opec-Plus,Gas/Conds,Shallow,North Field,Shallow Water,QatarEnergy,TotalEnergies,Exxon Mobil,Eni,Shell,Others,2026,Yes,Under Development,"The North Field phases contribute to Qatar's condensate production as the liquids extracted from the wet gas streams of the LNG plants are merged into the country's condensate grades, the Deodorized Field Condensate (DFC) and the Qatar Low-Sulfur Field Co",150000.000, , , , ,2024_Q1,
North Field East (NFE) Expansion,Yes,Offshore,Qatar,Middle East,Non-Opec-Plus,Gas/Conds,Shallow,North Field,Shallow Water,QatarEnergy,TotalEnergies,Exxon Mobil,Eni,Shell,Others,2026,Yes,Under Development,"The North Field phases contribute to Qatar's condensate production as the liquids extracted from the wet gas streams of the LNG plants are merged into the country's condensate grades, the Deodorized Field Condensate (DFC) and the Qatar Low-Sulfur Field Co",150000.000, , , , ,Partner5 Share %,4.375
North Field East (NFE) Expansion,Yes,Offshore,Qatar,Middle East,Non-Opec-Plus,Gas/Conds,Shallow,North Field,Shallow Water,QatarEnergy,TotalEnergies,Exxon Mobil,Eni,Shell,Others,2026,Yes,Under Development,"The North Field phases contribute to Qatar's condensate production as the liquids extracted from the wet gas streams of the LNG plants are merged into the country's condensate grades, the Deodorized Field Condensate (DFC) and the Qatar Low-Sulfur Field Co",150000.000, , , , ,Partner4 Share %,6.25
North Field East (NFE) Expansion,Yes,Offshore,Qatar,Middle East,Non-Opec-Plus,Gas/Conds,Shallow,North Field,Shallow Water,QatarEnergy,TotalEnergies,Exxon Mobil,Eni,Shell,Others,2026,Yes,Under Development,"The North Field phases contribute to Qatar's condensate production as the liquids extracted from the wet gas streams of the LNG plants are merged into the country's condensate grades, the Deodorized Field Condensate (DFC) and the Qatar Low-Sulfur Field Co",150000.000, , , , ,Partner3 Share %,3.125
North Field East (NFE) Expansion,Yes,Offshore,Qatar,Middle East,Non-Opec-Plus,Gas/Conds,Shallow,North Field,Shallow Water,QatarEnergy,TotalEnergies,Exxon Mobil,Eni,Shell,Others,2026,Yes,Under Development,"The North Field phases contribute to Qatar's condensate production as the liquids extracted from the wet gas streams of the LNG plants are merged into the country's condensate grades, the Deodorized Field Condensate (DFC) and the Qatar Low-Sulfur Field Co",150000.000, , , , ,Partner2 Share %,6.25
North Field East (NFE) Expansion,Yes,Offshore,Qatar,Middle East,Non-Opec-Plus,Gas/Conds,Shallow,North Field,Shallow Water,QatarEnergy,TotalEnergies,Exxon Mobil,Eni,Shell,Others,2026,Yes,Under Development,"The North Field phases contribute to Qatar's condensate production as the liquids extracted from the wet gas streams of the LNG plants are merged into the country's condensate grades, the Deodorized Field Condensate (DFC) and the Qatar Low-Sulfur Field Co",150000.000, , , , ,Partner1 Share %,6.25
North Field East (NFE) Expansion,Yes,Offshore,Qatar,Middle East,Non-Opec-Plus,Gas/Conds,Shallow,North Field,Shallow Water,QatarEnergy,TotalEnergies,Exxon Mobil,Eni,Shell,Others,2026,Yes,Under Development,"The North Field phases contribute to Qatar's condensate production as the liquids extracted from the wet gas streams of the LNG plants are merged into the country's condensate grades, the Deodorized Field Condensate (DFC) and the Qatar Low-Sulfur Field Co",150000.000, , , , ,Operator Share %,73.74
Bonga North,Yes,Offshore,Nigeria,Africa,Opec-Plus,Oil,Deep,Bonga,Deepwater,Shell,Exxon Mobil,TotalEnergies,Eni, , ,2028,Yes,Under Development,"In December 2024, operator Shell took a final investment decision on the long-stalled 110,000 b/d third satellite of the block, Bonga North.", , ,300.000,Medium,Sweet, 2029_Q4,
Bonga North,Yes,Offshore,Nigeria,Africa,Opec-Plus,Oil,Deep,Bonga,Deepwater,Shell,Exxon Mobil,TotalEnergies,Eni, , ,2028,Yes,Under Development,"In December 2024, operator Shell took a final investment decision on the long-stalled 110,000 b/d third satellite of the block, Bonga North.", , ,300.000,Medium,Sweet, 2029_Q3,
Bonga North,Yes,Offshore,Nigeria,Africa,Opec-Plus,Oil,Deep,Bonga,Deepwater,Shell,Exxon Mobil,TotalEnergies,Eni, , ,2028,Yes,Under Development,"In December 2024, operator Shell took a final investment decision on the long-stalled 110,000 b/d third satellite of the block, Bonga North.", , ,300.000,Medium,Sweet, 2029_Q2,20
Bonga North,Yes,Offshore,Nigeria,Africa,Opec-Plus,Oil,Deep,Bonga,Deepwater,Shell,Exxon Mobil,TotalEnergies,Eni, , ,2028,Yes,Under Development,"In December 2024, operator Shell took a final investment decision on the long-stalled 110,000 b/d third satellite of the block, Bonga North.", , ,300.000,Medium,Sweet, 2029_Q1,20
Bonga North,Yes,Offshore,Nigeria,Africa,Opec-Plus,Oil,Deep,Bonga,Deepwater,Shell,Exxon Mobil,TotalEnergies,Eni, , ,2028,Yes,Under Development,"In December 2024, operator Shell took a final investment decision on the long-stalled 110,000 b/d third satellite of the block, Bonga North.", , ,300.000,Medium,Sweet, 2028_Q4,20
Bonga North,Yes,Offshore,Nigeria,Africa,Opec-Plus,Oil,Deep,Bonga,Deepwater,Shell,Exxon Mobil,TotalEnergies,Eni, , ,2028,Yes,Under Development,"In December 2024, operator Shell took a final investment decision on the long-stalled 110,000 b/d third satellite of the block, Bonga North.", , ,300.000,Medium,Sweet, 2028_Q3,20
Bonga North,Yes,Offshore,Nigeria,Africa,Opec-Plus,Oil,Deep,Bonga,Deepwater,Shell,Exxon Mobil,TotalEnergies,Eni, , ,2028,Yes,Under Development,"In December 2024, operator Shell took a final investment decision on the long-stalled 110,000 b/d third satellite of the block, Bonga North.", , ,300.000,Medium,Sweet,2028_Q2,20
Bonga North,Yes,Offshore,Nigeria,Africa,Opec-Plus,Oil,Deep,Bonga,Deepwater,Shell,Exxon Mobil,TotalEnergies,Eni, , ,2028,Yes,Under Development,"In December 2024, operator Shell took a final investment decision on the long-stalled 110,000 b/d third satellite of the block, Bonga North.", , ,300.000,Medium,Sweet,2028_Q1,10
Bonga North,Yes,Offshore,Nigeria,Africa,Opec-Plus,Oil,Deep,Bonga,Deepwater,Shell,Exxon Mobil,TotalEnergies,Eni, , ,2028,Yes,Under Development,"In December 2024, operator Shell took a final investment decision on the long-stalled 110,000 b/d third satellite of the block, Bonga North.", , ,300.000,Medium,Sweet,2027_Q4,
Bonga North,Yes,Offshore,Nigeria,Africa,Opec-Plus,Oil,Deep,Bonga,Deepwater,Shell,Exxon Mobil,TotalEnergies,Eni, , ,2028,Yes,Under Development,"In December 2024, operator Shell took a final investment decision on the long-stalled 110,000 b/d third satellite of the block, Bonga North.", , ,300.000,Medium,Sweet,2027_Q3,
Bonga North,Yes,Offshore,Nigeria,Africa,Opec-Plus,Oil,Deep,Bonga,Deepwater,Shell,Exxon Mobil,TotalEnergies,Eni, , ,2028,Yes,Under Development,"In December 2024, operator Shell took a final investment decision on the long-stalled 110,000 b/d third satellite of the block, Bonga North.", , ,300.000,Medium,Sweet,2027_Q2,
Bonga North,Yes,Offshore,Nigeria,Africa,Opec-Plus,Oil,Deep,Bonga,Deepwater,Shell,Exxon Mobil,TotalEnergies,Eni, , ,2028,Yes,Under Development,"In December 2024, operator Shell took a final investment decision on the long-stalled 110,000 b/d third satellite of the block, Bonga North.", , ,300.000,Medium,Sweet,2027_Q1,
Bonga North,Yes,Offshore,Nigeria,Africa,Opec-Plus,Oil,Deep,Bonga,Deepwater,Shell,Exxon Mobil,TotalEnergies,Eni, , ,2028,Yes,Under Development,"In December 2024, operator Shell took a final investment decision on the long-stalled 110,000 b/d third satellite of the block, Bonga North.", , ,300.000,Medium,Sweet,2026_Q4,
Bonga North,Yes,Offshore,Nigeria,Africa,Opec-Plus,Oil,Deep,Bonga,Deepwater,Shell,Exxon Mobil,TotalEnergies,Eni, , ,2028,Yes,Under Development,"In December 2024, operator Shell took a final investment decision on the long-stalled 110,000 b/d third satellite of the block, Bonga North.", , ,300.000,Medium,Sweet,2026_Q3,
Bonga North,Yes,Offshore,Nigeria,Africa,Opec-Plus,Oil,Deep,Bonga,Deepwater,Shell,Exxon Mobil,TotalEnergies,Eni, , ,2028,Yes,Under Development,"In December 2024, operator Shell took a final investment decision on the long-stalled 110,000 b/d third satellite of the block, Bonga North.", , ,300.000,Medium,Sweet,2026_Q2,
Bonga North,Yes,Offshore,Nigeria,Africa,Opec-Plus,Oil,Deep,Bonga,Deepwater,Shell,Exxon Mobil,TotalEnergies,Eni, , ,2028,Yes,Under Development,"In December 2024, operator Shell took a final investment decision on the long-stalled 110,000 b/d third satellite of the block, Bonga North.", , ,300.000,Medium,Sweet,2026_Q1,
Bonga North,Yes,Offshore,Nigeria,Africa,Opec-Plus,Oil,Deep,Bonga,Deepwater,Shell,Exxon Mobil,TotalEnergies,Eni, , ,2028,Yes,Under Development,"In December 2024, operator Shell took a final investment decision on the long-stalled 110,000 b/d third satellite of the block, Bonga North.", , ,300.000,Medium,Sweet,2025_Q4,
Bonga North,Yes,Offshore,Nigeria,Africa,Opec-Plus,Oil,Deep,Bonga,Deepwater,Shell,Exxon Mobil,TotalEnergies,Eni, , ,2028,Yes,Under Development,"In December 2024, operator Shell took a final investment decision on the long-stalled 110,000 b/d third satellite of the block, Bonga North.", , ,300.000,Medium,Sweet,2025_Q3,
Bonga North,Yes,Offshore,Nigeria,Africa,Opec-Plus,Oil,Deep,Bonga,Deepwater,Shell,Exxon Mobil,TotalEnergies,Eni, , ,2028,Yes,Under Development,"In December 2024, operator Shell took a final investment decision on the long-stalled 110,000 b/d third satellite of the block, Bonga North.", , ,300.000,Medium,Sweet,2025_Q2,
Bonga North,Yes,Offshore,Nigeria,Africa,Opec-Plus,Oil,Deep,Bonga,Deepwater,Shell,Exxon Mobil,TotalEnergies,Eni, , ,2028,Yes,Under Development,"In December 2024, operator Shell took a final investment decision on the long-stalled 110,000 b/d third satellite of the block, Bonga North.", , ,300.000,Medium,Sweet,2025_Q1,
Bonga North,Yes,Offshore,Nigeria,Africa,Opec-Plus,Oil,Deep,Bonga,Deepwater,Shell,Exxon Mobil,TotalEnergies,Eni, , ,2028,Yes,Under Development,"In December 2024, operator Shell took a final investment decision on the long-stalled 110,000 b/d third satellite of the block, Bonga North.", , ,300.000,Medium,Sweet,2024_Q4,
Bonga North,Yes,Offshore,Nigeria,Africa,Opec-Plus,Oil,Deep,Bonga,Deepwater,Shell,Exxon Mobil,TotalEnergies,Eni, , ,2028,Yes,Under Development,"In December 2024, operator Shell took a final investment decision on the long-stalled 110,000 b/d third satellite of the block, Bonga North.", , ,300.000,Medium,Sweet,2024_Q3,
Bonga North,Yes,Offshore,Nigeria,Africa,Opec-Plus,Oil,Deep,Bonga,Deepwater,Shell,Exxon Mobil,TotalEnergies,Eni, , ,2028,Yes,Under Development,"In December 2024, operator Shell took a final investment decision on the long-stalled 110,000 b/d third satellite of the block, Bonga North.", , ,300.000,Medium,Sweet,2024_Q2,
Bonga North,Yes,Offshore,Nigeria,Africa,Opec-Plus,Oil,Deep,Bonga,Deepwater,Shell,Exxon Mobil,TotalEnergies,Eni, , ,2028,Yes,Under Development,"In December 2024, operator Shell took a final investment decision on the long-stalled 110,000 b/d third satellite of the block, Bonga North.", , ,300.000,Medium,Sweet,2024_Q1,
Bonga North,Yes,Offshore,Nigeria,Africa,Opec-Plus,Oil,Deep,Bonga,Deepwater,Shell,Exxon Mobil,TotalEnergies,Eni, , ,2028,Yes,Under Development,"In December 2024, operator Shell took a final investment decision on the long-stalled 110,000 b/d third satellite of the block, Bonga North.", , ,300.000,Medium,Sweet,Partner5 Share %,
Bonga North,Yes,Offshore,Nigeria,Africa,Opec-Plus,Oil,Deep,Bonga,Deepwater,Shell,Exxon Mobil,TotalEnergies,Eni, , ,2028,Yes,Under Development,"In December 2024, operator Shell took a final investment decision on the long-stalled 110,000 b/d third satellite of the block, Bonga North.", , ,300.000,Medium,Sweet,Partner4 Share %,
Bonga North,Yes,Offshore,Nigeria,Africa,Opec-Plus,Oil,Deep,Bonga,Deepwater,Shell,Exxon Mobil,TotalEnergies,Eni, , ,2028,Yes,Under Development,"In December 2024, operator Shell took a final investment decision on the long-stalled 110,000 b/d third satellite of the block, Bonga North.", , ,300.000,Medium,Sweet,Partner3 Share %,15
Bonga North,Yes,Offshore,Nigeria,Africa,Opec-Plus,Oil,Deep,Bonga,Deepwater,Shell,Exxon Mobil,TotalEnergies,Eni, , ,2028,Yes,Under Development,"In December 2024, operator Shell took a final investment decision on the long-stalled 110,000 b/d third satellite of the block, Bonga North.", , ,300.000,Medium,Sweet,Partner2 Share %,
Bonga North,Yes,Offshore,Nigeria,Africa,Opec-Plus,Oil,Deep,Bonga,Deepwater,Shell,Exxon Mobil,TotalEnergies,Eni, , ,2028,Yes,Under Development,"In December 2024, operator Shell took a final investment decision on the long-stalled 110,000 b/d third satellite of the block, Bonga North.", , ,300.000,Medium,Sweet,Partner1 Share %,20
Bonga North,Yes,Offshore,Nigeria,Africa,Opec-Plus,Oil,Deep,Bonga,Deepwater,Shell,Exxon Mobil,TotalEnergies,Eni, , ,2028,Yes,Under Development,"In December 2024, operator Shell took a final investment decision on the long-stalled 110,000 b/d third satellite of the block, Bonga North.", , ,300.000,Medium,Sweet,Operator Share %,65
Azeri-Central-East (ACE) Platform,Yes,Offshore,Azerbaijan,FSU,Opec-Plus,Oil/Gas,Shallow,ACG field,Shallow Water,BP,Socar,MOL Group,Inpex,Others,Exxon Mobil,2024,Yes,Onstream,"Dec. 2024:  Socar has overtaken BP to become the biggest shareholder in the country’s ACG oil development and the BTC oil pipeline. The Azeri company took the bulk of Equinor’s equity in the two projects, under a deal that was finalized on Nov. 29, nearly", ,300.000, ,Medium/Light,Sweet, 2029_Q4,
Azeri-Central-East (ACE) Platform,Yes,Offshore,Azerbaijan,FSU,Opec-Plus,Oil/Gas,Shallow,ACG field,Shallow Water,BP,Socar,MOL Group,Inpex,Others,Exxon Mobil,2024,Yes,Onstream,"Dec. 2024:  Socar has overtaken BP to become the biggest shareholder in the country’s ACG oil development and the BTC oil pipeline. The Azeri company took the bulk of Equinor’s equity in the two projects, under a deal that was finalized on Nov. 29, nearly", ,300.000, ,Medium/Light,Sweet, 2029_Q3,
Azeri-Central-East (ACE) Platform,Yes,Offshore,Azerbaijan,FSU,Opec-Plus,Oil/Gas,Shallow,ACG field,Shallow Water,BP,Socar,MOL Group,Inpex,Others,Exxon Mobil,2024,Yes,Onstream,"Dec. 2024:  Socar has overtaken BP to become the biggest shareholder in the country’s ACG oil development and the BTC oil pipeline. The Azeri company took the bulk of Equinor’s equity in the two projects, under a deal that was finalized on Nov. 29, nearly", ,300.000, ,Medium/Light,Sweet, 2029_Q2,
Azeri-Central-East (ACE) Platform,Yes,Offshore,Azerbaijan,FSU,Opec-Plus,Oil/Gas,Shallow,ACG field,Shallow Water,BP,Socar,MOL Group,Inpex,Others,Exxon Mobil,2024,Yes,Onstream,"Dec. 2024:  Socar has overtaken BP to become the biggest shareholder in the country’s ACG oil development and the BTC oil pipeline. The Azeri company took the bulk of Equinor’s equity in the two projects, under a deal that was finalized on Nov. 29, nearly", ,300.000, ,Medium/Light,Sweet, 2029_Q1,
Azeri-Central-East (ACE) Platform,Yes,Offshore,Azerbaijan,FSU,Opec-Plus,Oil/Gas,Shallow,ACG field,Shallow Water,BP,Socar,MOL Group,Inpex,Others,Exxon Mobil,2024,Yes,Onstream,"Dec. 2024:  Socar has overtaken BP to become the biggest shareholder in the country’s ACG oil development and the BTC oil pipeline. The Azeri company took the bulk of Equinor’s equity in the two projects, under a deal that was finalized on Nov. 29, nearly", ,300.000, ,Medium/Light,Sweet, 2028_Q4,
Azeri-Central-East (ACE) Platform,Yes,Offshore,Azerbaijan,FSU,Opec-Plus,Oil/Gas,Shallow,ACG field,Shallow Water,BP,Socar,MOL Group,Inpex,Others,Exxon Mobil,2024,Yes,Onstream,"Dec. 2024:  Socar has overtaken BP to become the biggest shareholder in the country’s ACG oil development and the BTC oil pipeline. The Azeri company took the bulk of Equinor’s equity in the two projects, under a deal that was finalized on Nov. 29, nearly", ,300.000, ,Medium/Light,Sweet, 2028_Q3,
Azeri-Central-East (ACE) Platform,Yes,Offshore,Azerbaijan,FSU,Opec-Plus,Oil/Gas,Shallow,ACG field,Shallow Water,BP,Socar,MOL Group,Inpex,Others,Exxon Mobil,2024,Yes,Onstream,"Dec. 2024:  Socar has overtaken BP to become the biggest shareholder in the country’s ACG oil development and the BTC oil pipeline. The Azeri company took the bulk of Equinor’s equity in the two projects, under a deal that was finalized on Nov. 29, nearly", ,300.000, ,Medium/Light,Sweet,2028_Q2,
Azeri-Central-East (ACE) Platform,Yes,Offshore,Azerbaijan,FSU,Opec-Plus,Oil/Gas,Shallow,ACG field,Shallow Water,BP,Socar,MOL Group,Inpex,Others,Exxon Mobil,2024,Yes,Onstream,"Dec. 2024:  Socar has overtaken BP to become the biggest shareholder in the country’s ACG oil development and the BTC oil pipeline. The Azeri company took the bulk of Equinor’s equity in the two projects, under a deal that was finalized on Nov. 29, nearly", ,300.000, ,Medium/Light,Sweet,2028_Q1,
Azeri-Central-East (ACE) Platform,Yes,Offshore,Azerbaijan,FSU,Opec-Plus,Oil/Gas,Shallow,ACG field,Shallow Water,BP,Socar,MOL Group,Inpex,Others,Exxon Mobil,2024,Yes,Onstream,"Dec. 2024:  Socar has overtaken BP to become the biggest shareholder in the country’s ACG oil development and the BTC oil pipeline. The Azeri company took the bulk of Equinor’s equity in the two projects, under a deal that was finalized on Nov. 29, nearly", ,300.000, ,Medium/Light,Sweet,2027_Q4,
Azeri-Central-East (ACE) Platform,Yes,Offshore,Azerbaijan,FSU,Opec-Plus,Oil/Gas,Shallow,ACG field,Shallow Water,BP,Socar,MOL Group,Inpex,Others,Exxon Mobil,2024,Yes,Onstream,"Dec. 2024:  Socar has overtaken BP to become the biggest shareholder in the country’s ACG oil development and the BTC oil pipeline. The Azeri company took the bulk of Equinor’s equity in the two projects, under a deal that was finalized on Nov. 29, nearly", ,300.000, ,Medium/Light,Sweet,2027_Q3,
Azeri-Central-East (ACE) Platform,Yes,Offshore,Azerbaijan,FSU,Opec-Plus,Oil/Gas,Shallow,ACG field,Shallow Water,BP,Socar,MOL Group,Inpex,Others,Exxon Mobil,2024,Yes,Onstream,"Dec. 2024:  Socar has overtaken BP to become the biggest shareholder in the country’s ACG oil development and the BTC oil pipeline. The Azeri company took the bulk of Equinor’s equity in the two projects, under a deal that was finalized on Nov. 29, nearly", ,300.000, ,Medium/Light,Sweet,2027_Q2,
Azeri-Central-East (ACE) Platform,Yes,Offshore,Azerbaijan,FSU,Opec-Plus,Oil/Gas,Shallow,ACG field,Shallow Water,BP,Socar,MOL Group,Inpex,Others,Exxon Mobil,2024,Yes,Onstream,"Dec. 2024:  Socar has overtaken BP to become the biggest shareholder in the country’s ACG oil development and the BTC oil pipeline. The Azeri company took the bulk of Equinor’s equity in the two projects, under a deal that was finalized on Nov. 29, nearly", ,300.000, ,Medium/Light,Sweet,2027_Q1,
Azeri-Central-East (ACE) Platform,Yes,Offshore,Azerbaijan,FSU,Opec-Plus,Oil/Gas,Shallow,ACG field,Shallow Water,BP,Socar,MOL Group,Inpex,Others,Exxon Mobil,2024,Yes,Onstream,"Dec. 2024:  Socar has overtaken BP to become the biggest shareholder in the country’s ACG oil development and the BTC oil pipeline. The Azeri company took the bulk of Equinor’s equity in the two projects, under a deal that was finalized on Nov. 29, nearly", ,300.000, ,Medium/Light,Sweet,2026_Q4,
Azeri-Central-East (ACE) Platform,Yes,Offshore,Azerbaijan,FSU,Opec-Plus,Oil/Gas,Shallow,ACG field,Shallow Water,BP,Socar,MOL Group,Inpex,Others,Exxon Mobil,2024,Yes,Onstream,"Dec. 2024:  Socar has overtaken BP to become the biggest shareholder in the country’s ACG oil development and the BTC oil pipeline. The Azeri company took the bulk of Equinor’s equity in the two projects, under a deal that was finalized on Nov. 29, nearly", ,300.000, ,Medium/Light,Sweet,2026_Q3,
Azeri-Central-East (ACE) Platform,Yes,Offshore,Azerbaijan,FSU,Opec-Plus,Oil/Gas,Shallow,ACG field,Shallow Water,BP,Socar,MOL Group,Inpex,Others,Exxon Mobil,2024,Yes,Onstream,"Dec. 2024:  Socar has overtaken BP to become the biggest shareholder in the country’s ACG oil development and the BTC oil pipeline. The Azeri company took the bulk of Equinor’s equity in the two projects, under a deal that was finalized on Nov. 29, nearly", ,300.000, ,Medium/Light,Sweet,2026_Q2,5
Azeri-Central-East (ACE) Platform,Yes,Offshore,Azerbaijan,FSU,Opec-Plus,Oil/Gas,Shallow,ACG field,Shallow Water,BP,Socar,MOL Group,Inpex,Others,Exxon Mobil,2024,Yes,Onstream,"Dec. 2024:  Socar has overtaken BP to become the biggest shareholder in the country’s ACG oil development and the BTC oil pipeline. The Azeri company took the bulk of Equinor’s equity in the two projects, under a deal that was finalized on Nov. 29, nearly", ,300.000, ,Medium/Light,Sweet,2026_Q1,5
Azeri-Central-East (ACE) Platform,Yes,Offshore,Azerbaijan,FSU,Opec-Plus,Oil/Gas,Shallow,ACG field,Shallow Water,BP,Socar,MOL Group,Inpex,Others,Exxon Mobil,2024,Yes,Onstream,"Dec. 2024:  Socar has overtaken BP to become the biggest shareholder in the country’s ACG oil development and the BTC oil pipeline. The Azeri company took the bulk of Equinor’s equity in the two projects, under a deal that was finalized on Nov. 29, nearly", ,300.000, ,Medium/Light,Sweet,2025_Q4,10
Azeri-Central-East (ACE) Platform,Yes,Offshore,Azerbaijan,FSU,Opec-Plus,Oil/Gas,Shallow,ACG field,Shallow Water,BP,Socar,MOL Group,Inpex,Others,Exxon Mobil,2024,Yes,Onstream,"Dec. 2024:  Socar has overtaken BP to become the biggest shareholder in the country’s ACG oil development and the BTC oil pipeline. The Azeri company took the bulk of Equinor’s equity in the two projects, under a deal that was finalized on Nov. 29, nearly", ,300.000, ,Medium/Light,Sweet,2025_Q3,10
Azeri-Central-East (ACE) Platform,Yes,Offshore,Azerbaijan,FSU,Opec-Plus,Oil/Gas,Shallow,ACG field,Shallow Water,BP,Socar,MOL Group,Inpex,Others,Exxon Mobil,2024,Yes,Onstream,"Dec. 2024:  Socar has overtaken BP to become the biggest shareholder in the country’s ACG oil development and the BTC oil pipeline. The Azeri company took the bulk of Equinor’s equity in the two projects, under a deal that was finalized on Nov. 29, nearly", ,300.000, ,Medium/Light,Sweet,2025_Q2,20
Azeri-Central-East (ACE) Platform,Yes,Offshore,Azerbaijan,FSU,Opec-Plus,Oil/Gas,Shallow,ACG field,Shallow Water,BP,Socar,MOL Group,Inpex,Others,Exxon Mobil,2024,Yes,Onstream,"Dec. 2024:  Socar has overtaken BP to become the biggest shareholder in the country’s ACG oil development and the BTC oil pipeline. The Azeri company took the bulk of Equinor’s equity in the two projects, under a deal that was finalized on Nov. 29, nearly", ,300.000, ,Medium/Light,Sweet,2025_Q1,26
Azeri-Central-East (ACE) Platform,Yes,Offshore,Azerbaijan,FSU,Opec-Plus,Oil/Gas,Shallow,ACG field,Shallow Water,BP,Socar,MOL Group,Inpex,Others,Exxon Mobil,2024,Yes,Onstream,"Dec. 2024:  Socar has overtaken BP to become the biggest shareholder in the country’s ACG oil development and the BTC oil pipeline. The Azeri company took the bulk of Equinor’s equity in the two projects, under a deal that was finalized on Nov. 29, nearly", ,300.000, ,Medium/Light,Sweet,2024_Q4,14
Azeri-Central-East (ACE) Platform,Yes,Offshore,Azerbaijan,FSU,Opec-Plus,Oil/Gas,Shallow,ACG field,Shallow Water,BP,Socar,MOL Group,Inpex,Others,Exxon Mobil,2024,Yes,Onstream,"Dec. 2024:  Socar has overtaken BP to become the biggest shareholder in the country’s ACG oil development and the BTC oil pipeline. The Azeri company took the bulk of Equinor’s equity in the two projects, under a deal that was finalized on Nov. 29, nearly", ,300.000, ,Medium/Light,Sweet,2024_Q3,5
Azeri-Central-East (ACE) Platform,Yes,Offshore,Azerbaijan,FSU,Opec-Plus,Oil/Gas,Shallow,ACG field,Shallow Water,BP,Socar,MOL Group,Inpex,Others,Exxon Mobil,2024,Yes,Onstream,"Dec. 2024:  Socar has overtaken BP to become the biggest shareholder in the country’s ACG oil development and the BTC oil pipeline. The Azeri company took the bulk of Equinor’s equity in the two projects, under a deal that was finalized on Nov. 29, nearly", ,300.000, ,Medium/Light,Sweet,2024_Q2,5
Azeri-Central-East (ACE) Platform,Yes,Offshore,Azerbaijan,FSU,Opec-Plus,Oil/Gas,Shallow,ACG field,Shallow Water,BP,Socar,MOL Group,Inpex,Others,Exxon Mobil,2024,Yes,Onstream,"Dec. 2024:  Socar has overtaken BP to become the biggest shareholder in the country’s ACG oil development and the BTC oil pipeline. The Azeri company took the bulk of Equinor’s equity in the two projects, under a deal that was finalized on Nov. 29, nearly", ,300.000, ,Medium/Light,Sweet,2024_Q1,
Azeri-Central-East (ACE) Platform,Yes,Offshore,Azerbaijan,FSU,Opec-Plus,Oil/Gas,Shallow,ACG field,Shallow Water,BP,Socar,MOL Group,Inpex,Others,Exxon Mobil,2024,Yes,Onstream,"Dec. 2024:  Socar has overtaken BP to become the biggest shareholder in the country’s ACG oil development and the BTC oil pipeline. The Azeri company took the bulk of Equinor’s equity in the two projects, under a deal that was finalized on Nov. 29, nearly", ,300.000, ,Medium/Light,Sweet,Partner5 Share %,6.79
Azeri-Central-East (ACE) Platform,Yes,Offshore,Azerbaijan,FSU,Opec-Plus,Oil/Gas,Shallow,ACG field,Shallow Water,BP,Socar,MOL Group,Inpex,Others,Exxon Mobil,2024,Yes,Onstream,"Dec. 2024:  Socar has overtaken BP to become the biggest shareholder in the country’s ACG oil development and the BTC oil pipeline. The Azeri company took the bulk of Equinor’s equity in the two projects, under a deal that was finalized on Nov. 29, nearly", ,300.000, ,Medium/Light,Sweet,Partner4 Share %,12.31
Azeri-Central-East (ACE) Platform,Yes,Offshore,Azerbaijan,FSU,Opec-Plus,Oil/Gas,Shallow,ACG field,Shallow Water,BP,Socar,MOL Group,Inpex,Others,Exxon Mobil,2024,Yes,Onstream,"Dec. 2024:  Socar has overtaken BP to become the biggest shareholder in the country’s ACG oil development and the BTC oil pipeline. The Azeri company took the bulk of Equinor’s equity in the two projects, under a deal that was finalized on Nov. 29, nearly", ,300.000, ,Medium/Light,Sweet,Partner3 Share %,9.31
Azeri-Central-East (ACE) Platform,Yes,Offshore,Azerbaijan,FSU,Opec-Plus,Oil/Gas,Shallow,ACG field,Shallow Water,BP,Socar,MOL Group,Inpex,Others,Exxon Mobil,2024,Yes,Onstream,"Dec. 2024:  Socar has overtaken BP to become the biggest shareholder in the country’s ACG oil development and the BTC oil pipeline. The Azeri company took the bulk of Equinor’s equity in the two projects, under a deal that was finalized on Nov. 29, nearly", ,300.000, ,Medium/Light,Sweet,Partner2 Share %,9.57
Azeri-Central-East (ACE) Platform,Yes,Offshore,Azerbaijan,FSU,Opec-Plus,Oil/Gas,Shallow,ACG field,Shallow Water,BP,Socar,MOL Group,Inpex,Others,Exxon Mobil,2024,Yes,Onstream,"Dec. 2024:  Socar has overtaken BP to become the biggest shareholder in the country’s ACG oil development and the BTC oil pipeline. The Azeri company took the bulk of Equinor’s equity in the two projects, under a deal that was finalized on Nov. 29, nearly", ,300.000, ,Medium/Light,Sweet,Partner1 Share %,31.65
Azeri-Central-East (ACE) Platform,Yes,Offshore,Azerbaijan,FSU,Opec-Plus,Oil/Gas,Shallow,ACG field,Shallow Water,BP,Socar,MOL Group,Inpex,Others,Exxon Mobil,2024,Yes,Onstream,"Dec. 2024:  Socar has overtaken BP to become the biggest shareholder in the country’s ACG oil development and the BTC oil pipeline. The Azeri company took the bulk of Equinor’s equity in the two projects, under a deal that was finalized on Nov. 29, nearly", ,300.000, ,Medium/Light,Sweet,Operator Share %,30.37
Upper Zakum Expansion Project - Phase 2,Yes,Offshore,United Arab Emirates,Middle East,Opec-Plus,Oil/Gas,Shallow,Upper Zakum,Conventional,Adnoc,Exxon Mobil,Inpex,Inpex, , , ,Yes,Appraisal,"May. 2025: Exxon Mobil, Abu Dhabi National Oil Co. (Adnoc) and partner Japanese Inpex have agreed to a development plan for the expansion of the giant Upper Zakum oil field as part of a raft of deals.", ,50000.000, ,Medium,Sour, 2029_Q4,
Upper Zakum Expansion Project - Phase 2,Yes,Offshore,United Arab Emirates,Middle East,Opec-Plus,Oil/Gas,Shallow,Upper Zakum,Conventional,Adnoc,Exxon Mobil,Inpex,Inpex, , , ,Yes,Appraisal,"May. 2025: Exxon Mobil, Abu Dhabi National Oil Co. (Adnoc) and partner Japanese Inpex have agreed to a development plan for the expansion of the giant Upper Zakum oil field as part of a raft of deals.", ,50000.000, ,Medium,Sour, 2029_Q3,
Upper Zakum Expansion Project - Phase 2,Yes,Offshore,United Arab Emirates,Middle East,Opec-Plus,Oil/Gas,Shallow,Upper Zakum,Conventional,Adnoc,Exxon Mobil,Inpex,Inpex, , , ,Yes,Appraisal,"May. 2025: Exxon Mobil, Abu Dhabi National Oil Co. (Adnoc) and partner Japanese Inpex have agreed to a development plan for the expansion of the giant Upper Zakum oil field as part of a raft of deals.", ,50000.000, ,Medium,Sour, 2029_Q2,
Upper Zakum Expansion Project - Phase 2,Yes,Offshore,United Arab Emirates,Middle East,Opec-Plus,Oil/Gas,Shallow,Upper Zakum,Conventional,Adnoc,Exxon Mobil,Inpex,Inpex, , , ,Yes,Appraisal,"May. 2025: Exxon Mobil, Abu Dhabi National Oil Co. (Adnoc) and partner Japanese Inpex have agreed to a development plan for the expansion of the giant Upper Zakum oil field as part of a raft of deals.", ,50000.000, ,Medium,Sour, 2029_Q1,
Upper Zakum Expansion Project - Phase 2,Yes,Offshore,United Arab Emirates,Middle East,Opec-Plus,Oil/Gas,Shallow,Upper Zakum,Conventional,Adnoc,Exxon Mobil,Inpex,Inpex, , , ,Yes,Appraisal,"May. 2025: Exxon Mobil, Abu Dhabi National Oil Co. (Adnoc) and partner Japanese Inpex have agreed to a development plan for the expansion of the giant Upper Zakum oil field as part of a raft of deals.", ,50000.000, ,Medium,Sour, 2028_Q4,
Upper Zakum Expansion Project - Phase 2,Yes,Offshore,United Arab Emirates,Middle East,Opec-Plus,Oil/Gas,Shallow,Upper Zakum,Conventional,Adnoc,Exxon Mobil,Inpex,Inpex, , , ,Yes,Appraisal,"May. 2025: Exxon Mobil, Abu Dhabi National Oil Co. (Adnoc) and partner Japanese Inpex have agreed to a development plan for the expansion of the giant Upper Zakum oil field as part of a raft of deals.", ,50000.000, ,Medium,Sour, 2028_Q3,
Upper Zakum Expansion Project - Phase 2,Yes,Offshore,United Arab Emirates,Middle East,Opec-Plus,Oil/Gas,Shallow,Upper Zakum,Conventional,Adnoc,Exxon Mobil,Inpex,Inpex, , , ,Yes,Appraisal,"May. 2025: Exxon Mobil, Abu Dhabi National Oil Co. (Adnoc) and partner Japanese Inpex have agreed to a development plan for the expansion of the giant Upper Zakum oil field as part of a raft of deals.", ,50000.000, ,Medium,Sour,2028_Q2,
Upper Zakum Expansion Project - Phase 2,Yes,Offshore,United Arab Emirates,Middle East,Opec-Plus,Oil/Gas,Shallow,Upper Zakum,Conventional,Adnoc,Exxon Mobil,Inpex,Inpex, , , ,Yes,Appraisal,"May. 2025: Exxon Mobil, Abu Dhabi National Oil Co. (Adnoc) and partner Japanese Inpex have agreed to a development plan for the expansion of the giant Upper Zakum oil field as part of a raft of deals.", ,50000.000, ,Medium,Sour,2028_Q1,
Upper Zakum Expansion Project - Phase 2,Yes,Offshore,United Arab Emirates,Middle East,Opec-Plus,Oil/Gas,Shallow,Upper Zakum,Conventional,Adnoc,Exxon Mobil,Inpex,Inpex, , , ,Yes,Appraisal,"May. 2025: Exxon Mobil, Abu Dhabi National Oil Co. (Adnoc) and partner Japanese Inpex have agreed to a development plan for the expansion of the giant Upper Zakum oil field as part of a raft of deals.", ,50000.000, ,Medium,Sour,2027_Q4,
Upper Zakum Expansion Project - Phase 2,Yes,Offshore,United Arab Emirates,Middle East,Opec-Plus,Oil/Gas,Shallow,Upper Zakum,Conventional,Adnoc,Exxon Mobil,Inpex,Inpex, , , ,Yes,Appraisal,"May. 2025: Exxon Mobil, Abu Dhabi National Oil Co. (Adnoc) and partner Japanese Inpex have agreed to a development plan for the expansion of the giant Upper Zakum oil field as part of a raft of deals.", ,50000.000, ,Medium,Sour,2027_Q3,
Upper Zakum Expansion Project - Phase 2,Yes,Offshore,United Arab Emirates,Middle East,Opec-Plus,Oil/Gas,Shallow,Upper Zakum,Conventional,Adnoc,Exxon Mobil,Inpex,Inpex, , , ,Yes,Appraisal,"May. 2025: Exxon Mobil, Abu Dhabi National Oil Co. (Adnoc) and partner Japanese Inpex have agreed to a development plan for the expansion of the giant Upper Zakum oil field as part of a raft of deals.", ,50000.000, ,Medium,Sour,2027_Q2,
Upper Zakum Expansion Project - Phase 2,Yes,Offshore,United Arab Emirates,Middle East,Opec-Plus,Oil/Gas,Shallow,Upper Zakum,Conventional,Adnoc,Exxon Mobil,Inpex,Inpex, , , ,Yes,Appraisal,"May. 2025: Exxon Mobil, Abu Dhabi National Oil Co. (Adnoc) and partner Japanese Inpex have agreed to a development plan for the expansion of the giant Upper Zakum oil field as part of a raft of deals.", ,50000.000, ,Medium,Sour,2027_Q1,
Upper Zakum Expansion Project - Phase 2,Yes,Offshore,United Arab Emirates,Middle East,Opec-Plus,Oil/Gas,Shallow,Upper Zakum,Conventional,Adnoc,Exxon Mobil,Inpex,Inpex, , , ,Yes,Appraisal,"May. 2025: Exxon Mobil, Abu Dhabi National Oil Co. (Adnoc) and partner Japanese Inpex have agreed to a development plan for the expansion of the giant Upper Zakum oil field as part of a raft of deals.", ,50000.000, ,Medium,Sour,2026_Q4,
Upper Zakum Expansion Project - Phase 2,Yes,Offshore,United Arab Emirates,Middle East,Opec-Plus,Oil/Gas,Shallow,Upper Zakum,Conventional,Adnoc,Exxon Mobil,Inpex,Inpex, , , ,Yes,Appraisal,"May. 2025: Exxon Mobil, Abu Dhabi National Oil Co. (Adnoc) and partner Japanese Inpex have agreed to a development plan for the expansion of the giant Upper Zakum oil field as part of a raft of deals.", ,50000.000, ,Medium,Sour,2026_Q3,
Upper Zakum Expansion Project - Phase 2,Yes,Offshore,United Arab Emirates,Middle East,Opec-Plus,Oil/Gas,Shallow,Upper Zakum,Conventional,Adnoc,Exxon Mobil,Inpex,Inpex, , , ,Yes,Appraisal,"May. 2025: Exxon Mobil, Abu Dhabi National Oil Co. (Adnoc) and partner Japanese Inpex have agreed to a development plan for the expansion of the giant Upper Zakum oil field as part of a raft of deals.", ,50000.000, ,Medium,Sour,2026_Q2,
Upper Zakum Expansion Project - Phase 2,Yes,Offshore,United Arab Emirates,Middle East,Opec-Plus,Oil/Gas,Shallow,Upper Zakum,Conventional,Adnoc,Exxon Mobil,Inpex,Inpex, , , ,Yes,Appraisal,"May. 2025: Exxon Mobil, Abu Dhabi National Oil Co. (Adnoc) and partner Japanese Inpex have agreed to a development plan for the expansion of the giant Upper Zakum oil field as part of a raft of deals.", ,50000.000, ,Medium,Sour,2026_Q1,
Upper Zakum Expansion Project - Phase 2,Yes,Offshore,United Arab Emirates,Middle East,Opec-Plus,Oil/Gas,Shallow,Upper Zakum,Conventional,Adnoc,Exxon Mobil,Inpex,Inpex, , , ,Yes,Appraisal,"May. 2025: Exxon Mobil, Abu Dhabi National Oil Co. (Adnoc) and partner Japanese Inpex have agreed to a development plan for the expansion of the giant Upper Zakum oil field as part of a raft of deals.", ,50000.000, ,Medium,Sour,2025_Q4,
Upper Zakum Expansion Project - Phase 2,Yes,Offshore,United Arab Emirates,Middle East,Opec-Plus,Oil/Gas,Shallow,Upper Zakum,Conventional,Adnoc,Exxon Mobil,Inpex,Inpex, , , ,Yes,Appraisal,"May. 2025: Exxon Mobil, Abu Dhabi National Oil Co. (Adnoc) and partner Japanese Inpex have agreed to a development plan for the expansion of the giant Upper Zakum oil field as part of a raft of deals.", ,50000.000, ,Medium,Sour,2025_Q3,
Upper Zakum Expansion Project - Phase 2,Yes,Offshore,United Arab Emirates,Middle East,Opec-Plus,Oil/Gas,Shallow,Upper Zakum,Conventional,Adnoc,Exxon Mobil,Inpex,Inpex, , , ,Yes,Appraisal,"May. 2025: Exxon Mobil, Abu Dhabi National Oil Co. (Adnoc) and partner Japanese Inpex have agreed to a development plan for the expansion of the giant Upper Zakum oil field as part of a raft of deals.", ,50000.000, ,Medium,Sour,2025_Q2,
Upper Zakum Expansion Project - Phase 2,Yes,Offshore,United Arab Emirates,Middle East,Opec-Plus,Oil/Gas,Shallow,Upper Zakum,Conventional,Adnoc,Exxon Mobil,Inpex,Inpex, , , ,Yes,Appraisal,"May. 2025: Exxon Mobil, Abu Dhabi National Oil Co. (Adnoc) and partner Japanese Inpex have agreed to a development plan for the expansion of the giant Upper Zakum oil field as part of a raft of deals.", ,50000.000, ,Medium,Sour,2025_Q1,
Upper Zakum Expansion Project - Phase 2,Yes,Offshore,United Arab Emirates,Middle East,Opec-Plus,Oil/Gas,Shallow,Upper Zakum,Conventional,Adnoc,Exxon Mobil,Inpex,Inpex, , , ,Yes,Appraisal,"May. 2025: Exxon Mobil, Abu Dhabi National Oil Co. (Adnoc) and partner Japanese Inpex have agreed to a development plan for the expansion of the giant Upper Zakum oil field as part of a raft of deals.", ,50000.000, ,Medium,Sour,2024_Q4,
Upper Zakum Expansion Project - Phase 2,Yes,Offshore,United Arab Emirates,Middle East,Opec-Plus,Oil/Gas,Shallow,Upper Zakum,Conventional,Adnoc,Exxon Mobil,Inpex,Inpex, , , ,Yes,Appraisal,"May. 2025: Exxon Mobil, Abu Dhabi National Oil Co. (Adnoc) and partner Japanese Inpex have agreed to a development plan for the expansion of the giant Upper Zakum oil field as part of a raft of deals.", ,50000.000, ,Medium,Sour,2024_Q3,
Upper Zakum Expansion Project - Phase 2,Yes,Offshore,United Arab Emirates,Middle East,Opec-Plus,Oil/Gas,Shallow,Upper Zakum,Conventional,Adnoc,Exxon Mobil,Inpex,Inpex, , , ,Yes,Appraisal,"May. 2025: Exxon Mobil, Abu Dhabi National Oil Co. (Adnoc) and partner Japanese Inpex have agreed to a development plan for the expansion of the giant Upper Zakum oil field as part of a raft of deals.", ,50000.000, ,Medium,Sour,2024_Q2,
Upper Zakum Expansion Project - Phase 2,Yes,Offshore,United Arab Emirates,Middle East,Opec-Plus,Oil/Gas,Shallow,Upper Zakum,Conventional,Adnoc,Exxon Mobil,Inpex,Inpex, , , ,Yes,Appraisal,"May. 2025: Exxon Mobil, Abu Dhabi National Oil Co. (Adnoc) and partner Japanese Inpex have agreed to a development plan for the expansion of the giant Upper Zakum oil field as part of a raft of deals.", ,50000.000, ,Medium,Sour,2024_Q1,
Upper Zakum Expansion Project - Phase 2,Yes,Offshore,United Arab Emirates,Middle East,Opec-Plus,Oil/Gas,Shallow,Upper Zakum,Conventional,Adnoc,Exxon Mobil,Inpex,Inpex, , , ,Yes,Appraisal,"May. 2025: Exxon Mobil, Abu Dhabi National Oil Co. (Adnoc) and partner Japanese Inpex have agreed to a development plan for the expansion of the giant Upper Zakum oil field as part of a raft of deals.", ,50000.000, ,Medium,Sour,Partner5 Share %,
Upper Zakum Expansion Project - Phase 2,Yes,Offshore,United Arab Emirates,Middle East,Opec-Plus,Oil/Gas,Shallow,Upper Zakum,Conventional,Adnoc,Exxon Mobil,Inpex,Inpex, , , ,Yes,Appraisal,"May. 2025: Exxon Mobil, Abu Dhabi National Oil Co. (Adnoc) and partner Japanese Inpex have agreed to a development plan for the expansion of the giant Upper Zakum oil field as part of a raft of deals.", ,50000.000, ,Medium,Sour,Partner4 Share %,
Upper Zakum Expansion Project - Phase 2,Yes,Offshore,United Arab Emirates,Middle East,Opec-Plus,Oil/Gas,Shallow,Upper Zakum,Conventional,Adnoc,Exxon Mobil,Inpex,Inpex, , , ,Yes,Appraisal,"May. 2025: Exxon Mobil, Abu Dhabi National Oil Co. (Adnoc) and partner Japanese Inpex have agreed to a development plan for the expansion of the giant Upper Zakum oil field as part of a raft of deals.", ,50000.000, ,Medium,Sour,Partner3 Share %,
Upper Zakum Expansion Project - Phase 2,Yes,Offshore,United Arab Emirates,Middle East,Opec-Plus,Oil/Gas,Shallow,Upper Zakum,Conventional,Adnoc,Exxon Mobil,Inpex,Inpex, , , ,Yes,Appraisal,"May. 2025: Exxon Mobil, Abu Dhabi National Oil Co. (Adnoc) and partner Japanese Inpex have agreed to a development plan for the expansion of the giant Upper Zakum oil field as part of a raft of deals.", ,50000.000, ,Medium,Sour,Partner2 Share %,12
Upper Zakum Expansion Project - Phase 2,Yes,Offshore,United Arab Emirates,Middle East,Opec-Plus,Oil/Gas,Shallow,Upper Zakum,Conventional,Adnoc,Exxon Mobil,Inpex,Inpex, , , ,Yes,Appraisal,"May. 2025: Exxon Mobil, Abu Dhabi National Oil Co. (Adnoc) and partner Japanese Inpex have agreed to a development plan for the expansion of the giant Upper Zakum oil field as part of a raft of deals.", ,50000.000, ,Medium,Sour,Partner1 Share %,28
Upper Zakum Expansion Project - Phase 2,Yes,Offshore,United Arab Emirates,Middle East,Opec-Plus,Oil/Gas,Shallow,Upper Zakum,Conventional,Adnoc,Exxon Mobil,Inpex,Inpex, , , ,Yes,Appraisal,"May. 2025: Exxon Mobil, Abu Dhabi National Oil Co. (Adnoc) and partner Japanese Inpex have agreed to a development plan for the expansion of the giant Upper Zakum oil field as part of a raft of deals.", ,50000.000, ,Medium,Sour,Operator Share %,60
Umm Al Anbar,Yes,Offshore,United Arab Emirates,Middle East,Opec-Plus,Oil/Gas,Shallow,Upper Zakum,Conventional,Adnoc,Exxon Mobil,Inpex, , , , ,Yes,Under Development,"The smaller Adnoc concession, in which Japan's Cosmo Oil is the largest shareholder, covers the offshore Mubarraz, Umm al-Anbar, Neewat al-Ghalan and Hail fields, and is understood to produce above 30,000 b/d.",,,,Medium,Sour, 2029_Q4,
Umm Al Anbar,Yes,Offshore,United Arab Emirates,Middle East,Opec-Plus,Oil/Gas,Shallow,Upper Zakum,Conventional,Adnoc,Exxon Mobil,Inpex, , , , ,Yes,Under Development,"The smaller Adnoc concession, in which Japan's Cosmo Oil is the largest shareholder, covers the offshore Mubarraz, Umm al-Anbar, Neewat al-Ghalan and Hail fields, and is understood to produce above 30,000 b/d.",,,,Medium,Sour, 2029_Q3,
Umm Al Anbar,Yes,Offshore,United Arab Emirates,Middle East,Opec-Plus,Oil/Gas,Shallow,Upper Zakum,Conventional,Adnoc,Exxon Mobil,Inpex, , , , ,Yes,Under Development,"The smaller Adnoc concession, in which Japan's Cosmo Oil is the largest shareholder, covers the offshore Mubarraz, Umm al-Anbar, Neewat al-Ghalan and Hail fields, and is understood to produce above 30,000 b/d.",,,,Medium,Sour, 2029_Q2,
Umm Al Anbar,Yes,Offshore,United Arab Emirates,Middle East,Opec-Plus,Oil/Gas,Shallow,Upper Zakum,Conventional,Adnoc,Exxon Mobil,Inpex, , , , ,Yes,Under Development,"The smaller Adnoc concession, in which Japan's Cosmo Oil is the largest shareholder, covers the offshore Mubarraz, Umm al-Anbar, Neewat al-Ghalan and Hail fields, and is understood to produce above 30,000 b/d.",,,,Medium,Sour, 2029_Q1,
Umm Al Anbar,Yes,Offshore,United Arab Emirates,Middle East,Opec-Plus,Oil/Gas,Shallow,Upper Zakum,Conventional,Adnoc,Exxon Mobil,Inpex, , , , ,Yes,Under Development,"The smaller Adnoc concession, in which Japan's Cosmo Oil is the largest shareholder, covers the offshore Mubarraz, Umm al-Anbar, Neewat al-Ghalan and Hail fields, and is understood to produce above 30,000 b/d.",,,,Medium,Sour, 2028_Q4,
Umm Al Anbar,Yes,Offshore,United Arab Emirates,Middle East,Opec-Plus,Oil/Gas,Shallow,Upper Zakum,Conventional,Adnoc,Exxon Mobil,Inpex, , , , ,Yes,Under Development,"The smaller Adnoc concession, in which Japan's Cosmo Oil is the largest shareholder, covers the offshore Mubarraz, Umm al-Anbar, Neewat al-Ghalan and Hail fields, and is understood to produce above 30,000 b/d.",,,,Medium,Sour, 2028_Q3,
Umm Al Anbar,Yes,Offshore,United Arab Emirates,Middle East,Opec-Plus,Oil/Gas,Shallow,Upper Zakum,Conventional,Adnoc,Exxon Mobil,Inpex, , , , ,Yes,Under Development,"The smaller Adnoc concession, in which Japan's Cosmo Oil is the largest shareholder, covers the offshore Mubarraz, Umm al-Anbar, Neewat al-Ghalan and Hail fields, and is understood to produce above 30,000 b/d.",,,,Medium,Sour,2028_Q2,
Umm Al Anbar,Yes,Offshore,United Arab Emirates,Middle East,Opec-Plus,Oil/Gas,Shallow,Upper Zakum,Conventional,Adnoc,Exxon Mobil,Inpex, , , , ,Yes,Under Development,"The smaller Adnoc concession, in which Japan's Cosmo Oil is the largest shareholder, covers the offshore Mubarraz, Umm al-Anbar, Neewat al-Ghalan and Hail fields, and is understood to produce above 30,000 b/d.",,,,Medium,Sour,2028_Q1,
Umm Al Anbar,Yes,Offshore,United Arab Emirates,Middle East,Opec-Plus,Oil/Gas,Shallow,Upper Zakum,Conventional,Adnoc,Exxon Mobil,Inpex, , , , ,Yes,Under Development,"The smaller Adnoc concession, in which Japan's Cosmo Oil is the largest shareholder, covers the offshore Mubarraz, Umm al-Anbar, Neewat al-Ghalan and Hail fields, and is understood to produce above 30,000 b/d.",,,,Medium,Sour,2027_Q4,
Umm Al Anbar,Yes,Offshore,United Arab Emirates,Middle East,Opec-Plus,Oil/Gas,Shallow,Upper Zakum,Conventional,Adnoc,Exxon Mobil,Inpex, , , , ,Yes,Under Development,"The smaller Adnoc concession, in which Japan's Cosmo Oil is the largest shareholder, covers the offshore Mubarraz, Umm al-Anbar, Neewat al-Ghalan and Hail fields, and is understood to produce above 30,000 b/d.",,,,Medium,Sour,2027_Q3,
Umm Al Anbar,Yes,Offshore,United Arab Emirates,Middle East,Opec-Plus,Oil/Gas,Shallow,Upper Zakum,Conventional,Adnoc,Exxon Mobil,Inpex, , , , ,Yes,Under Development,"The smaller Adnoc concession, in which Japan's Cosmo Oil is the largest shareholder, covers the offshore Mubarraz, Umm al-Anbar, Neewat al-Ghalan and Hail fields, and is understood to produce above 30,000 b/d.",,,,Medium,Sour,2027_Q2,
Umm Al Anbar,Yes,Offshore,United Arab Emirates,Middle East,Opec-Plus,Oil/Gas,Shallow,Upper Zakum,Conventional,Adnoc,Exxon Mobil,Inpex, , , , ,Yes,Under Development,"The smaller Adnoc concession, in which Japan's Cosmo Oil is the largest shareholder, covers the offshore Mubarraz, Umm al-Anbar, Neewat al-Ghalan and Hail fields, and is understood to produce above 30,000 b/d.",,,,Medium,Sour,2027_Q1,
Umm Al Anbar,Yes,Offshore,United Arab Emirates,Middle East,Opec-Plus,Oil/Gas,Shallow,Upper Zakum,Conventional,Adnoc,Exxon Mobil,Inpex, , , , ,Yes,Under Development,"The smaller Adnoc concession, in which Japan's Cosmo Oil is the largest shareholder, covers the offshore Mubarraz, Umm al-Anbar, Neewat al-Ghalan and Hail fields, and is understood to produce above 30,000 b/d.",,,,Medium,Sour,2026_Q4,
Umm Al Anbar,Yes,Offshore,United Arab Emirates,Middle East,Opec-Plus,Oil/Gas,Shallow,Upper Zakum,Conventional,Adnoc,Exxon Mobil,Inpex, , , , ,Yes,Under Development,"The smaller Adnoc concession, in which Japan's Cosmo Oil is the largest shareholder, covers the offshore Mubarraz, Umm al-Anbar, Neewat al-Ghalan and Hail fields, and is understood to produce above 30,000 b/d.",,,,Medium,Sour,2026_Q3,
Umm Al Anbar,Yes,Offshore,United Arab Emirates,Middle East,Opec-Plus,Oil/Gas,Shallow,Upper Zakum,Conventional,Adnoc,Exxon Mobil,Inpex, , , , ,Yes,Under Development,"The smaller Adnoc concession, in which Japan's Cosmo Oil is the largest shareholder, covers the offshore Mubarraz, Umm al-Anbar, Neewat al-Ghalan and Hail fields, and is understood to produce above 30,000 b/d.",,,,Medium,Sour,2026_Q2,
Umm Al Anbar,Yes,Offshore,United Arab Emirates,Middle East,Opec-Plus,Oil/Gas,Shallow,Upper Zakum,Conventional,Adnoc,Exxon Mobil,Inpex, , , , ,Yes,Under Development,"The smaller Adnoc concession, in which Japan's Cosmo Oil is the largest shareholder, covers the offshore Mubarraz, Umm al-Anbar, Neewat al-Ghalan and Hail fields, and is understood to produce above 30,000 b/d.",,,,Medium,Sour,2026_Q1,
Umm Al Anbar,Yes,Offshore,United Arab Emirates,Middle East,Opec-Plus,Oil/Gas,Shallow,Upper Zakum,Conventional,Adnoc,Exxon Mobil,Inpex, , , , ,Yes,Under Development,"The smaller Adnoc concession, in which Japan's Cosmo Oil is the largest shareholder, covers the offshore Mubarraz, Umm al-Anbar, Neewat al-Ghalan and Hail fields, and is understood to produce above 30,000 b/d.",,,,Medium,Sour,2025_Q4,
Umm Al Anbar,Yes,Offshore,United Arab Emirates,Middle East,Opec-Plus,Oil/Gas,Shallow,Upper Zakum,Conventional,Adnoc,Exxon Mobil,Inpex, , , , ,Yes,Under Development,"The smaller Adnoc concession, in which Japan's Cosmo Oil is the largest shareholder, covers the offshore Mubarraz, Umm al-Anbar, Neewat al-Ghalan and Hail fields, and is understood to produce above 30,000 b/d.",,,,Medium,Sour,2025_Q3,
Umm Al Anbar,Yes,Offshore,United Arab Emirates,Middle East,Opec-Plus,Oil/Gas,Shallow,Upper Zakum,Conventional,Adnoc,Exxon Mobil,Inpex, , , , ,Yes,Under Development,"The smaller Adnoc concession, in which Japan's Cosmo Oil is the largest shareholder, covers the offshore Mubarraz, Umm al-Anbar, Neewat al-Ghalan and Hail fields, and is understood to produce above 30,000 b/d.",,,,Medium,Sour,2025_Q2,
Umm Al Anbar,Yes,Offshore,United Arab Emirates,Middle East,Opec-Plus,Oil/Gas,Shallow,Upper Zakum,Conventional,Adnoc,Exxon Mobil,Inpex, , , , ,Yes,Under Development,"The smaller Adnoc concession, in which Japan's Cosmo Oil is the largest shareholder, covers the offshore Mubarraz, Umm al-Anbar, Neewat al-Ghalan and Hail fields, and is understood to produce above 30,000 b/d.",,,,Medium,Sour,2025_Q1,
Umm Al Anbar,Yes,Offshore,United Arab Emirates,Middle East,Opec-Plus,Oil/Gas,Shallow,Upper Zakum,Conventional,Adnoc,Exxon Mobil,Inpex, , , , ,Yes,Under Development,"The smaller Adnoc concession, in which Japan's Cosmo Oil is the largest shareholder, covers the offshore Mubarraz, Umm al-Anbar, Neewat al-Ghalan and Hail fields, and is understood to produce above 30,000 b/d.",,,,Medium,Sour,2024_Q4,
Umm Al Anbar,Yes,Offshore,United Arab Emirates,Middle East,Opec-Plus,Oil/Gas,Shallow,Upper Zakum,Conventional,Adnoc,Exxon Mobil,Inpex, , , , ,Yes,Under Development,"The smaller Adnoc concession, in which Japan's Cosmo Oil is the largest shareholder, covers the offshore Mubarraz, Umm al-Anbar, Neewat al-Ghalan and Hail fields, and is understood to produce above 30,000 b/d.",,,,Medium,Sour,2024_Q3,
Umm Al Anbar,Yes,Offshore,United Arab Emirates,Middle East,Opec-Plus,Oil/Gas,Shallow,Upper Zakum,Conventional,Adnoc,Exxon Mobil,Inpex, , , , ,Yes,Under Development,"The smaller Adnoc concession, in which Japan's Cosmo Oil is the largest shareholder, covers the offshore Mubarraz, Umm al-Anbar, Neewat al-Ghalan and Hail fields, and is understood to produce above 30,000 b/d.",,,,Medium,Sour,2024_Q2,
Umm Al Anbar,Yes,Offshore,United Arab Emirates,Middle East,Opec-Plus,Oil/Gas,Shallow,Upper Zakum,Conventional,Adnoc,Exxon Mobil,Inpex, , , , ,Yes,Under Development,"The smaller Adnoc concession, in which Japan's Cosmo Oil is the largest shareholder, covers the offshore Mubarraz, Umm al-Anbar, Neewat al-Ghalan and Hail fields, and is understood to produce above 30,000 b/d.",,,,Medium,Sour,2024_Q1,
Umm Al Anbar,Yes,Offshore,United Arab Emirates,Middle East,Opec-Plus,Oil/Gas,Shallow,Upper Zakum,Conventional,Adnoc,Exxon Mobil,Inpex, , , , ,Yes,Under Development,"The smaller Adnoc concession, in which Japan's Cosmo Oil is the largest shareholder, covers the offshore Mubarraz, Umm al-Anbar, Neewat al-Ghalan and Hail fields, and is understood to produce above 30,000 b/d.",,,,Medium,Sour,Partner5 Share %,
Umm Al Anbar,Yes,Offshore,United Arab Emirates,Middle East,Opec-Plus,Oil/Gas,Shallow,Upper Zakum,Conventional,Adnoc,Exxon Mobil,Inpex, , , , ,Yes,Under Development,"The smaller Adnoc concession, in which Japan's Cosmo Oil is the largest shareholder, covers the offshore Mubarraz, Umm al-Anbar, Neewat al-Ghalan and Hail fields, and is understood to produce above 30,000 b/d.",,,,Medium,Sour,Partner4 Share %,
Umm Al Anbar,Yes,Offshore,United Arab Emirates,Middle East,Opec-Plus,Oil/Gas,Shallow,Upper Zakum,Conventional,Adnoc,Exxon Mobil,Inpex, , , , ,Yes,Under Development,"The smaller Adnoc concession, in which Japan's Cosmo Oil is the largest shareholder, covers the offshore Mubarraz, Umm al-Anbar, Neewat al-Ghalan and Hail fields, and is understood to produce above 30,000 b/d.",,,,Medium,Sour,Partner3 Share %,
Umm Al Anbar,Yes,Offshore,United Arab Emirates,Middle East,Opec-Plus,Oil/Gas,Shallow,Upper Zakum,Conventional,Adnoc,Exxon Mobil,Inpex, , , , ,Yes,Under Development,"The smaller Adnoc concession, in which Japan's Cosmo Oil is the largest shareholder, covers the offshore Mubarraz, Umm al-Anbar, Neewat al-Ghalan and Hail fields, and is understood to produce above 30,000 b/d.",,,,Medium,Sour,Partner2 Share %,12
Umm Al Anbar,Yes,Offshore,United Arab Emirates,Middle East,Opec-Plus,Oil/Gas,Shallow,Upper Zakum,Conventional,Adnoc,Exxon Mobil,Inpex, , , , ,Yes,Under Development,"The smaller Adnoc concession, in which Japan's Cosmo Oil is the largest shareholder, covers the offshore Mubarraz, Umm al-Anbar, Neewat al-Ghalan and Hail fields, and is understood to produce above 30,000 b/d.",,,,Medium,Sour,Partner1 Share %,28
Umm Al Anbar,Yes,Offshore,United Arab Emirates,Middle East,Opec-Plus,Oil/Gas,Shallow,Upper Zakum,Conventional,Adnoc,Exxon Mobil,Inpex, , , , ,Yes,Under Development,"The smaller Adnoc concession, in which Japan's Cosmo Oil is the largest shareholder, covers the offshore Mubarraz, Umm al-Anbar, Neewat al-Ghalan and Hail fields, and is understood to produce above 30,000 b/d.",,,,Medium,Sour,Operator Share %,60
Yellowtail,Yes,Offshore,Guyana,Latin America,Non-Opec-Plus,Oil,Deep,Stabroek Block,Deepwater,Exxon Mobil,Hess,China National Offshore Oil Corp. (CNOOC), , , ,2025,Yes,Onstream,Aug. 2025: Exxon Mobil has started oil production at the Yellowtail field offshore Guyana — its fourth project in the prolific Stabroek Block and its latest to come on line below budget and ahead of schedule., ,925.000, ,Light,Sweet, 2029_Q4,
Yellowtail,Yes,Offshore,Guyana,Latin America,Non-Opec-Plus,Oil,Deep,Stabroek Block,Deepwater,Exxon Mobil,Hess,China National Offshore Oil Corp. (CNOOC), , , ,2025,Yes,Onstream,Aug. 2025: Exxon Mobil has started oil production at the Yellowtail field offshore Guyana — its fourth project in the prolific Stabroek Block and its latest to come on line below budget and ahead of schedule., ,925.000, ,Light,Sweet, 2029_Q3,
Yellowtail,Yes,Offshore,Guyana,Latin America,Non-Opec-Plus,Oil,Deep,Stabroek Block,Deepwater,Exxon Mobil,Hess,China National Offshore Oil Corp. (CNOOC), , , ,2025,Yes,Onstream,Aug. 2025: Exxon Mobil has started oil production at the Yellowtail field offshore Guyana — its fourth project in the prolific Stabroek Block and its latest to come on line below budget and ahead of schedule., ,925.000, ,Light,Sweet, 2029_Q2,
Yellowtail,Yes,Offshore,Guyana,Latin America,Non-Opec-Plus,Oil,Deep,Stabroek Block,Deepwater,Exxon Mobil,Hess,China National Offshore Oil Corp. (CNOOC), , , ,2025,Yes,Onstream,Aug. 2025: Exxon Mobil has started oil production at the Yellowtail field offshore Guyana — its fourth project in the prolific Stabroek Block and its latest to come on line below budget and ahead of schedule., ,925.000, ,Light,Sweet, 2029_Q1,
Yellowtail,Yes,Offshore,Guyana,Latin America,Non-Opec-Plus,Oil,Deep,Stabroek Block,Deepwater,Exxon Mobil,Hess,China National Offshore Oil Corp. (CNOOC), , , ,2025,Yes,Onstream,Aug. 2025: Exxon Mobil has started oil production at the Yellowtail field offshore Guyana — its fourth project in the prolific Stabroek Block and its latest to come on line below budget and ahead of schedule., ,925.000, ,Light,Sweet, 2028_Q4,
Yellowtail,Yes,Offshore,Guyana,Latin America,Non-Opec-Plus,Oil,Deep,Stabroek Block,Deepwater,Exxon Mobil,Hess,China National Offshore Oil Corp. (CNOOC), , , ,2025,Yes,Onstream,Aug. 2025: Exxon Mobil has started oil production at the Yellowtail field offshore Guyana — its fourth project in the prolific Stabroek Block and its latest to come on line below budget and ahead of schedule., ,925.000, ,Light,Sweet, 2028_Q3,
Yellowtail,Yes,Offshore,Guyana,Latin America,Non-Opec-Plus,Oil,Deep,Stabroek Block,Deepwater,Exxon Mobil,Hess,China National Offshore Oil Corp. (CNOOC), , , ,2025,Yes,Onstream,Aug. 2025: Exxon Mobil has started oil production at the Yellowtail field offshore Guyana — its fourth project in the prolific Stabroek Block and its latest to come on line below budget and ahead of schedule., ,925.000, ,Light,Sweet,2028_Q2,
Yellowtail,Yes,Offshore,Guyana,Latin America,Non-Opec-Plus,Oil,Deep,Stabroek Block,Deepwater,Exxon Mobil,Hess,China National Offshore Oil Corp. (CNOOC), , , ,2025,Yes,Onstream,Aug. 2025: Exxon Mobil has started oil production at the Yellowtail field offshore Guyana — its fourth project in the prolific Stabroek Block and its latest to come on line below budget and ahead of schedule., ,925.000, ,Light,Sweet,2028_Q1,
Yellowtail,Yes,Offshore,Guyana,Latin America,Non-Opec-Plus,Oil,Deep,Stabroek Block,Deepwater,Exxon Mobil,Hess,China National Offshore Oil Corp. (CNOOC), , , ,2025,Yes,Onstream,Aug. 2025: Exxon Mobil has started oil production at the Yellowtail field offshore Guyana — its fourth project in the prolific Stabroek Block and its latest to come on line below budget and ahead of schedule., ,925.000, ,Light,Sweet,2027_Q4,
Yellowtail,Yes,Offshore,Guyana,Latin America,Non-Opec-Plus,Oil,Deep,Stabroek Block,Deepwater,Exxon Mobil,Hess,China National Offshore Oil Corp. (CNOOC), , , ,2025,Yes,Onstream,Aug. 2025: Exxon Mobil has started oil production at the Yellowtail field offshore Guyana — its fourth project in the prolific Stabroek Block and its latest to come on line below budget and ahead of schedule., ,925.000, ,Light,Sweet,2027_Q3,
Yellowtail,Yes,Offshore,Guyana,Latin America,Non-Opec-Plus,Oil,Deep,Stabroek Block,Deepwater,Exxon Mobil,Hess,China National Offshore Oil Corp. (CNOOC), , , ,2025,Yes,Onstream,Aug. 2025: Exxon Mobil has started oil production at the Yellowtail field offshore Guyana — its fourth project in the prolific Stabroek Block and its latest to come on line below budget and ahead of schedule., ,925.000, ,Light,Sweet,2027_Q2,
Yellowtail,Yes,Offshore,Guyana,Latin America,Non-Opec-Plus,Oil,Deep,Stabroek Block,Deepwater,Exxon Mobil,Hess,China National Offshore Oil Corp. (CNOOC), , , ,2025,Yes,Onstream,Aug. 2025: Exxon Mobil has started oil production at the Yellowtail field offshore Guyana — its fourth project in the prolific Stabroek Block and its latest to come on line below budget and ahead of schedule., ,925.000, ,Light,Sweet,2027_Q1,
Yellowtail,Yes,Offshore,Guyana,Latin America,Non-Opec-Plus,Oil,Deep,Stabroek Block,Deepwater,Exxon Mobil,Hess,China National Offshore Oil Corp. (CNOOC), , , ,2025,Yes,Onstream,Aug. 2025: Exxon Mobil has started oil production at the Yellowtail field offshore Guyana — its fourth project in the prolific Stabroek Block and its latest to come on line below budget and ahead of schedule., ,925.000, ,Light,Sweet,2026_Q4,
Yellowtail,Yes,Offshore,Guyana,Latin America,Non-Opec-Plus,Oil,Deep,Stabroek Block,Deepwater,Exxon Mobil,Hess,China National Offshore Oil Corp. (CNOOC), , , ,2025,Yes,Onstream,Aug. 2025: Exxon Mobil has started oil production at the Yellowtail field offshore Guyana — its fourth project in the prolific Stabroek Block and its latest to come on line below budget and ahead of schedule., ,925.000, ,Light,Sweet,2026_Q3,
Yellowtail,Yes,Offshore,Guyana,Latin America,Non-Opec-Plus,Oil,Deep,Stabroek Block,Deepwater,Exxon Mobil,Hess,China National Offshore Oil Corp. (CNOOC), , , ,2025,Yes,Onstream,Aug. 2025: Exxon Mobil has started oil production at the Yellowtail field offshore Guyana — its fourth project in the prolific Stabroek Block and its latest to come on line below budget and ahead of schedule., ,925.000, ,Light,Sweet,2026_Q2,
Yellowtail,Yes,Offshore,Guyana,Latin America,Non-Opec-Plus,Oil,Deep,Stabroek Block,Deepwater,Exxon Mobil,Hess,China National Offshore Oil Corp. (CNOOC), , , ,2025,Yes,Onstream,Aug. 2025: Exxon Mobil has started oil production at the Yellowtail field offshore Guyana — its fourth project in the prolific Stabroek Block and its latest to come on line below budget and ahead of schedule., ,925.000, ,Light,Sweet,2026_Q1,50
Yellowtail,Yes,Offshore,Guyana,Latin America,Non-Opec-Plus,Oil,Deep,Stabroek Block,Deepwater,Exxon Mobil,Hess,China National Offshore Oil Corp. (CNOOC), , , ,2025,Yes,Onstream,Aug. 2025: Exxon Mobil has started oil production at the Yellowtail field offshore Guyana — its fourth project in the prolific Stabroek Block and its latest to come on line below budget and ahead of schedule., ,925.000, ,Light,Sweet,2025_Q4,100
Yellowtail,Yes,Offshore,Guyana,Latin America,Non-Opec-Plus,Oil,Deep,Stabroek Block,Deepwater,Exxon Mobil,Hess,China National Offshore Oil Corp. (CNOOC), , , ,2025,Yes,Onstream,Aug. 2025: Exxon Mobil has started oil production at the Yellowtail field offshore Guyana — its fourth project in the prolific Stabroek Block and its latest to come on line below budget and ahead of schedule., ,925.000, ,Light,Sweet,2025_Q3,100
Yellowtail,Yes,Offshore,Guyana,Latin America,Non-Opec-Plus,Oil,Deep,Stabroek Block,Deepwater,Exxon Mobil,Hess,China National Offshore Oil Corp. (CNOOC), , , ,2025,Yes,Onstream,Aug. 2025: Exxon Mobil has started oil production at the Yellowtail field offshore Guyana — its fourth project in the prolific Stabroek Block and its latest to come on line below budget and ahead of schedule., ,925.000, ,Light,Sweet,2025_Q2,
Yellowtail,Yes,Offshore,Guyana,Latin America,Non-Opec-Plus,Oil,Deep,Stabroek Block,Deepwater,Exxon Mobil,Hess,China National Offshore Oil Corp. (CNOOC), , , ,2025,Yes,Onstream,Aug. 2025: Exxon Mobil has started oil production at the Yellowtail field offshore Guyana — its fourth project in the prolific Stabroek Block and its latest to come on line below budget and ahead of schedule., ,925.000, ,Light,Sweet,2025_Q1,
Yellowtail,Yes,Offshore,Guyana,Latin America,Non-Opec-Plus,Oil,Deep,Stabroek Block,Deepwater,Exxon Mobil,Hess,China National Offshore Oil Corp. (CNOOC), , , ,2025,Yes,Onstream,Aug. 2025: Exxon Mobil has started oil production at the Yellowtail field offshore Guyana — its fourth project in the prolific Stabroek Block and its latest to come on line below budget and ahead of schedule., ,925.000, ,Light,Sweet,2024_Q4,
Yellowtail,Yes,Offshore,Guyana,Latin America,Non-Opec-Plus,Oil,Deep,Stabroek Block,Deepwater,Exxon Mobil,Hess,China National Offshore Oil Corp. (CNOOC), , , ,2025,Yes,Onstream,Aug. 2025: Exxon Mobil has started oil production at the Yellowtail field offshore Guyana — its fourth project in the prolific Stabroek Block and its latest to come on line below budget and ahead of schedule., ,925.000, ,Light,Sweet,2024_Q3,
Yellowtail,Yes,Offshore,Guyana,Latin America,Non-Opec-Plus,Oil,Deep,Stabroek Block,Deepwater,Exxon Mobil,Hess,China National Offshore Oil Corp. (CNOOC), , , ,2025,Yes,Onstream,Aug. 2025: Exxon Mobil has started oil production at the Yellowtail field offshore Guyana — its fourth project in the prolific Stabroek Block and its latest to come on line below budget and ahead of schedule., ,925.000, ,Light,Sweet,2024_Q2,
Yellowtail,Yes,Offshore,Guyana,Latin America,Non-Opec-Plus,Oil,Deep,Stabroek Block,Deepwater,Exxon Mobil,Hess,China National Offshore Oil Corp. (CNOOC), , , ,2025,Yes,Onstream,Aug. 2025: Exxon Mobil has started oil production at the Yellowtail field offshore Guyana — its fourth project in the prolific Stabroek Block and its latest to come on line below budget and ahead of schedule., ,925.000, ,Light,Sweet,2024_Q1,
Yellowtail,Yes,Offshore,Guyana,Latin America,Non-Opec-Plus,Oil,Deep,Stabroek Block,Deepwater,Exxon Mobil,Hess,China National Offshore Oil Corp. (CNOOC), , , ,2025,Yes,Onstream,Aug. 2025: Exxon Mobil has started oil production at the Yellowtail field offshore Guyana — its fourth project in the prolific Stabroek Block and its latest to come on line below budget and ahead of schedule., ,925.000, ,Light,Sweet,Partner5 Share %,
Yellowtail,Yes,Offshore,Guyana,Latin America,Non-Opec-Plus,Oil,Deep,Stabroek Block,Deepwater,Exxon Mobil,Hess,China National Offshore Oil Corp. (CNOOC), , , ,2025,Yes,Onstream,Aug. 2025: Exxon Mobil has started oil production at the Yellowtail field offshore Guyana — its fourth project in the prolific Stabroek Block and its latest to come on line below budget and ahead of schedule., ,925.000, ,Light,Sweet,Partner4 Share %,
Yellowtail,Yes,Offshore,Guyana,Latin America,Non-Opec-Plus,Oil,Deep,Stabroek Block,Deepwater,Exxon Mobil,Hess,China National Offshore Oil Corp. (CNOOC), , , ,2025,Yes,Onstream,Aug. 2025: Exxon Mobil has started oil production at the Yellowtail field offshore Guyana — its fourth project in the prolific Stabroek Block and its latest to come on line below budget and ahead of schedule., ,925.000, ,Light,Sweet,Partner3 Share %,
Yellowtail,Yes,Offshore,Guyana,Latin America,Non-Opec-Plus,Oil,Deep,Stabroek Block,Deepwater,Exxon Mobil,Hess,China National Offshore Oil Corp. (CNOOC), , , ,2025,Yes,Onstream,Aug. 2025: Exxon Mobil has started oil production at the Yellowtail field offshore Guyana — its fourth project in the prolific Stabroek Block and its latest to come on line below budget and ahead of schedule., ,925.000, ,Light,Sweet,Partner2 Share %,25
Yellowtail,Yes,Offshore,Guyana,Latin America,Non-Opec-Plus,Oil,Deep,Stabroek Block,Deepwater,Exxon Mobil,Hess,China National Offshore Oil Corp. (CNOOC), , , ,2025,Yes,Onstream,Aug. 2025: Exxon Mobil has started oil production at the Yellowtail field offshore Guyana — its fourth project in the prolific Stabroek Block and its latest to come on line below budget and ahead of schedule., ,925.000, ,Light,Sweet,Partner1 Share %,30
Yellowtail,Yes,Offshore,Guyana,Latin America,Non-Opec-Plus,Oil,Deep,Stabroek Block,Deepwater,Exxon Mobil,Hess,China National Offshore Oil Corp. (CNOOC), , , ,2025,Yes,Onstream,Aug. 2025: Exxon Mobil has started oil production at the Yellowtail field offshore Guyana — its fourth project in the prolific Stabroek Block and its latest to come on line below budget and ahead of schedule., ,925.000, ,Light,Sweet,Operator Share %,45
Whiptail,Yes,Offshore,Guyana,Latin America,Non-Opec-Plus,Oil,Deep,Stabroek Block,Deepwater,Exxon Mobil,Hess,China National Offshore Oil Corp. (CNOOC), , , ,2027,No,Under Development,"Exxon Mobil announced that it has taken a final investment decision on its $12.7 billion Whiptail project offshore Guyana, its sixth development in the rapidly expanding deepwater oil play. This sixth multibillion-dollar project in Guyana will bring the country’s production capacity to approximately 1.3 million b/d.", , , ,Light,Sweet, 2029_Q4,
Whiptail,Yes,Offshore,Guyana,Latin America,Non-Opec-Plus,Oil,Deep,Stabroek Block,Deepwater,Exxon Mobil,Hess,China National Offshore Oil Corp. (CNOOC), , , ,2027,No,Under Development,"Exxon Mobil announced that it has taken a final investment decision on its $12.7 billion Whiptail project offshore Guyana, its sixth development in the rapidly expanding deepwater oil play. This sixth multibillion-dollar project in Guyana will bring the country’s production capacity to approximately 1.3 million b/d.", , , ,Light,Sweet, 2029_Q3,
Whiptail,Yes,Offshore,Guyana,Latin America,Non-Opec-Plus,Oil,Deep,Stabroek Block,Deepwater,Exxon Mobil,Hess,China National Offshore Oil Corp. (CNOOC), , , ,2027,No,Under Development,"Exxon Mobil announced that it has taken a final investment decision on its $12.7 billion Whiptail project offshore Guyana, its sixth development in the rapidly expanding deepwater oil play. This sixth multibillion-dollar project in Guyana will bring the country’s production capacity to approximately 1.3 million b/d.", , , ,Light,Sweet, 2029_Q2,
Whiptail,Yes,Offshore,Guyana,Latin America,Non-Opec-Plus,Oil,Deep,Stabroek Block,Deepwater,Exxon Mobil,Hess,China National Offshore Oil Corp. (CNOOC), , , ,2027,No,Under Development,"Exxon Mobil announced that it has taken a final investment decision on its $12.7 billion Whiptail project offshore Guyana, its sixth development in the rapidly expanding deepwater oil play. This sixth multibillion-dollar project in Guyana will bring the country’s production capacity to approximately 1.3 million b/d.", , , ,Light,Sweet, 2029_Q1,
Whiptail,Yes,Offshore,Guyana,Latin America,Non-Opec-Plus,Oil,Deep,Stabroek Block,Deepwater,Exxon Mobil,Hess,China National Offshore Oil Corp. (CNOOC), , , ,2027,No,Under Development,"Exxon Mobil announced that it has taken a final investment decision on its $12.7 billion Whiptail project offshore Guyana, its sixth development in the rapidly expanding deepwater oil play. This sixth multibillion-dollar project in Guyana will bring the country’s production capacity to approximately 1.3 million b/d.", , , ,Light,Sweet, 2028_Q4,
Whiptail,Yes,Offshore,Guyana,Latin America,Non-Opec-Plus,Oil,Deep,Stabroek Block,Deepwater,Exxon Mobil,Hess,China National Offshore Oil Corp. (CNOOC), , , ,2027,No,Under Development,"Exxon Mobil announced that it has taken a final investment decision on its $12.7 billion Whiptail project offshore Guyana, its sixth development in the rapidly expanding deepwater oil play. This sixth multibillion-dollar project in Guyana will bring the country’s production capacity to approximately 1.3 million b/d.", , , ,Light,Sweet, 2028_Q3,
Whiptail,Yes,Offshore,Guyana,Latin America,Non-Opec-Plus,Oil,Deep,Stabroek Block,Deepwater,Exxon Mobil,Hess,China National Offshore Oil Corp. (CNOOC), , , ,2027,No,Under Development,"Exxon Mobil announced that it has taken a final investment decision on its $12.7 billion Whiptail project offshore Guyana, its sixth development in the rapidly expanding deepwater oil play. This sixth multibillion-dollar project in Guyana will bring the country’s production capacity to approximately 1.3 million b/d.", , , ,Light,Sweet,2028_Q2,
Whiptail,Yes,Offshore,Guyana,Latin America,Non-Opec-Plus,Oil,Deep,Stabroek Block,Deepwater,Exxon Mobil,Hess,China National Offshore Oil Corp. (CNOOC), , , ,2027,No,Under Development,"Exxon Mobil announced that it has taken a final investment decision on its $12.7 billion Whiptail project offshore Guyana, its sixth development in the rapidly expanding deepwater oil play. This sixth multibillion-dollar project in Guyana will bring the country’s production capacity to approximately 1.3 million b/d.", , , ,Light,Sweet,2028_Q1,100
Whiptail,Yes,Offshore,Guyana,Latin America,Non-Opec-Plus,Oil,Deep,Stabroek Block,Deepwater,Exxon Mobil,Hess,China National Offshore Oil Corp. (CNOOC), , , ,2027,No,Under Development,"Exxon Mobil announced that it has taken a final investment decision on its $12.7 billion Whiptail project offshore Guyana, its sixth development in the rapidly expanding deepwater oil play. This sixth multibillion-dollar project in Guyana will bring the country’s production capacity to approximately 1.3 million b/d.", , , ,Light,Sweet,2027_Q4,150
Whiptail,Yes,Offshore,Guyana,Latin America,Non-Opec-Plus,Oil,Deep,Stabroek Block,Deepwater,Exxon Mobil,Hess,China National Offshore Oil Corp. (CNOOC), , , ,2027,No,Under Development,"Exxon Mobil announced that it has taken a final investment decision on its $12.7 billion Whiptail project offshore Guyana, its sixth development in the rapidly expanding deepwater oil play. This sixth multibillion-dollar project in Guyana will bring the country’s production capacity to approximately 1.3 million b/d.", , , ,Light,Sweet,2027_Q3,
Whiptail,Yes,Offshore,Guyana,Latin America,Non-Opec-Plus,Oil,Deep,Stabroek Block,Deepwater,Exxon Mobil,Hess,China National Offshore Oil Corp. (CNOOC), , , ,2027,No,Under Development,"Exxon Mobil announced that it has taken a final investment decision on its $12.7 billion Whiptail project offshore Guyana, its sixth development in the rapidly expanding deepwater oil play. This sixth multibillion-dollar project in Guyana will bring the country’s production capacity to approximately 1.3 million b/d.", , , ,Light,Sweet,2027_Q2,
Whiptail,Yes,Offshore,Guyana,Latin America,Non-Opec-Plus,Oil,Deep,Stabroek Block,Deepwater,Exxon Mobil,Hess,China National Offshore Oil Corp. (CNOOC), , , ,2027,No,Under Development,"Exxon Mobil announced that it has taken a final investment decision on its $12.7 billion Whiptail project offshore Guyana, its sixth development in the rapidly expanding deepwater oil play. This sixth multibillion-dollar project in Guyana will bring the country’s production capacity to approximately 1.3 million b/d.", , , ,Light,Sweet,2027_Q1,
Whiptail,Yes,Offshore,Guyana,Latin America,Non-Opec-Plus,Oil,Deep,Stabroek Block,Deepwater,Exxon Mobil,Hess,China National Offshore Oil Corp. (CNOOC), , , ,2027,No,Under Development,"Exxon Mobil announced that it has taken a final investment decision on its $12.7 billion Whiptail project offshore Guyana, its sixth development in the rapidly expanding deepwater oil play. This sixth multibillion-dollar project in Guyana will bring the country’s production capacity to approximately 1.3 million b/d.", , , ,Light,Sweet,2026_Q4,
Whiptail,Yes,Offshore,Guyana,Latin America,Non-Opec-Plus,Oil,Deep,Stabroek Block,Deepwater,Exxon Mobil,Hess,China National Offshore Oil Corp. (CNOOC), , , ,2027,No,Under Development,"Exxon Mobil announced that it has taken a final investment decision on its $12.7 billion Whiptail project offshore Guyana, its sixth development in the rapidly expanding deepwater oil play. This sixth multibillion-dollar project in Guyana will bring the country’s production capacity to approximately 1.3 million b/d.", , , ,Light,Sweet,2026_Q3,
Whiptail,Yes,Offshore,Guyana,Latin America,Non-Opec-Plus,Oil,Deep,Stabroek Block,Deepwater,Exxon Mobil,Hess,China National Offshore Oil Corp. (CNOOC), , , ,2027,No,Under Development,"Exxon Mobil announced that it has taken a final investment decision on its $12.7 billion Whiptail project offshore Guyana, its sixth development in the rapidly expanding deepwater oil play. This sixth multibillion-dollar project in Guyana will bring the country’s production capacity to approximately 1.3 million b/d.", , , ,Light,Sweet,2026_Q2,
Whiptail,Yes,Offshore,Guyana,Latin America,Non-Opec-Plus,Oil,Deep,Stabroek Block,Deepwater,Exxon Mobil,Hess,China National Offshore Oil Corp. (CNOOC), , , ,2027,No,Under Development,"Exxon Mobil announced that it has taken a final investment decision on its $12.7 billion Whiptail project offshore Guyana, its sixth development in the rapidly expanding deepwater oil play. This sixth multibillion-dollar project in Guyana will bring the country’s production capacity to approximately 1.3 million b/d.", , , ,Light,Sweet,2026_Q1,
Whiptail,Yes,Offshore,Guyana,Latin America,Non-Opec-Plus,Oil,Deep,Stabroek Block,Deepwater,Exxon Mobil,Hess,China National Offshore Oil Corp. (CNOOC), , , ,2027,No,Under Development,"Exxon Mobil announced that it has taken a final investment decision on its $12.7 billion Whiptail project offshore Guyana, its sixth development in the rapidly expanding deepwater oil play. This sixth multibillion-dollar project in Guyana will bring the country’s production capacity to approximately 1.3 million b/d.", , , ,Light,Sweet,2025_Q4,
Whiptail,Yes,Offshore,Guyana,Latin America,Non-Opec-Plus,Oil,Deep,Stabroek Block,Deepwater,Exxon Mobil,Hess,China National Offshore Oil Corp. (CNOOC), , , ,2027,No,Under Development,"Exxon Mobil announced that it has taken a final investment decision on its $12.7 billion Whiptail project offshore Guyana, its sixth development in the rapidly expanding deepwater oil play. This sixth multibillion-dollar project in Guyana will bring the country’s production capacity to approximately 1.3 million b/d.", , , ,Light,Sweet,2025_Q3,
Whiptail,Yes,Offshore,Guyana,Latin America,Non-Opec-Plus,Oil,Deep,Stabroek Block,Deepwater,Exxon Mobil,Hess,China National Offshore Oil Corp. (CNOOC), , , ,2027,No,Under Development,"Exxon Mobil announced that it has taken a final investment decision on its $12.7 billion Whiptail project offshore Guyana, its sixth development in the rapidly expanding deepwater oil play. This sixth multibillion-dollar project in Guyana will bring the country’s production capacity to approximately 1.3 million b/d.", , , ,Light,Sweet,2025_Q2,
Whiptail,Yes,Offshore,Guyana,Latin America,Non-Opec-Plus,Oil,Deep,Stabroek Block,Deepwater,Exxon Mobil,Hess,China National Offshore Oil Corp. (CNOOC), , , ,2027,No,Under Development,"Exxon Mobil announced that it has taken a final investment decision on its $12.7 billion Whiptail project offshore Guyana, its sixth development in the rapidly expanding deepwater oil play. This sixth multibillion-dollar project in Guyana will bring the country’s production capacity to approximately 1.3 million b/d.", , , ,Light,Sweet,2025_Q1,
Whiptail,Yes,Offshore,Guyana,Latin America,Non-Opec-Plus,Oil,Deep,Stabroek Block,Deepwater,Exxon Mobil,Hess,China National Offshore Oil Corp. (CNOOC), , , ,2027,No,Under Development,"Exxon Mobil announced that it has taken a final investment decision on its $12.7 billion Whiptail project offshore Guyana, its sixth development in the rapidly expanding deepwater oil play. This sixth multibillion-dollar project in Guyana will bring the country’s production capacity to approximately 1.3 million b/d.", , , ,Light,Sweet,2024_Q4,
Whiptail,Yes,Offshore,Guyana,Latin America,Non-Opec-Plus,Oil,Deep,Stabroek Block,Deepwater,Exxon Mobil,Hess,China National Offshore Oil Corp. (CNOOC), , , ,2027,No,Under Development,"Exxon Mobil announced that it has taken a final investment decision on its $12.7 billion Whiptail project offshore Guyana, its sixth development in the rapidly expanding deepwater oil play. This sixth multibillion-dollar project in Guyana will bring the country’s production capacity to approximately 1.3 million b/d.", , , ,Light,Sweet,2024_Q3,
Whiptail,Yes,Offshore,Guyana,Latin America,Non-Opec-Plus,Oil,Deep,Stabroek Block,Deepwater,Exxon Mobil,Hess,China National Offshore Oil Corp. (CNOOC), , , ,2027,No,Under Development,"Exxon Mobil announced that it has taken a final investment decision on its $12.7 billion Whiptail project offshore Guyana, its sixth development in the rapidly expanding deepwater oil play. This sixth multibillion-dollar project in Guyana will bring the country’s production capacity to approximately 1.3 million b/d.", , , ,Light,Sweet,2024_Q2,
Whiptail,Yes,Offshore,Guyana,Latin America,Non-Opec-Plus,Oil,Deep,Stabroek Block,Deepwater,Exxon Mobil,Hess,China National Offshore Oil Corp. (CNOOC), , , ,2027,No,Under Development,"Exxon Mobil announced that it has taken a final investment decision on its $12.7 billion Whiptail project offshore Guyana, its sixth development in the rapidly expanding deepwater oil play. This sixth multibillion-dollar project in Guyana will bring the country’s production capacity to approximately 1.3 million b/d.", , , ,Light,Sweet,2024_Q1,
Whiptail,Yes,Offshore,Guyana,Latin America,Non-Opec-Plus,Oil,Deep,Stabroek Block,Deepwater,Exxon Mobil,Hess,China National Offshore Oil Corp. (CNOOC), , , ,2027,No,Under Development,"Exxon Mobil announced that it has taken a final investment decision on its $12.7 billion Whiptail project offshore Guyana, its sixth development in the rapidly expanding deepwater oil play. This sixth multibillion-dollar project in Guyana will bring the country’s production capacity to approximately 1.3 million b/d.", , , ,Light,Sweet,Partner5 Share %,
Whiptail,Yes,Offshore,Guyana,Latin America,Non-Opec-Plus,Oil,Deep,Stabroek Block,Deepwater,Exxon Mobil,Hess,China National Offshore Oil Corp. (CNOOC), , , ,2027,No,Under Development,"Exxon Mobil announced that it has taken a final investment decision on its $12.7 billion Whiptail project offshore Guyana, its sixth development in the rapidly expanding deepwater oil play. This sixth multibillion-dollar project in Guyana will bring the country’s production capacity to approximately 1.3 million b/d.", , , ,Light,Sweet,Partner4 Share %,
Whiptail,Yes,Offshore,Guyana,Latin America,Non-Opec-Plus,Oil,Deep,Stabroek Block,Deepwater,Exxon Mobil,Hess,China National Offshore Oil Corp. (CNOOC), , , ,2027,No,Under Development,"Exxon Mobil announced that it has taken a final investment decision on its $12.7 billion Whiptail project offshore Guyana, its sixth development in the rapidly expanding deepwater oil play. This sixth multibillion-dollar project in Guyana will bring the country’s production capacity to approximately 1.3 million b/d.", , , ,Light,Sweet,Partner3 Share %,
Whiptail,Yes,Offshore,Guyana,Latin America,Non-Opec-Plus,Oil,Deep,Stabroek Block,Deepwater,Exxon Mobil,Hess,China National Offshore Oil Corp. (CNOOC), , , ,2027,No,Under Development,"Exxon Mobil announced that it has taken a final investment decision on its $12.7 billion Whiptail project offshore Guyana, its sixth development in the rapidly expanding deepwater oil play. This sixth multibillion-dollar project in Guyana will bring the country’s production capacity to approximately 1.3 million b/d.", , , ,Light,Sweet,Partner2 Share %,25
Whiptail,Yes,Offshore,Guyana,Latin America,Non-Opec-Plus,Oil,Deep,Stabroek Block,Deepwater,Exxon Mobil,Hess,China National Offshore Oil Corp. (CNOOC), , , ,2027,No,Under Development,"Exxon Mobil announced that it has taken a final investment decision on its $12.7 billion Whiptail project offshore Guyana, its sixth development in the rapidly expanding deepwater oil play. This sixth multibillion-dollar project in Guyana will bring the country’s production capacity to approximately 1.3 million b/d.", , , ,Light,Sweet,Partner1 Share %,30
Whiptail,Yes,Offshore,Guyana,Latin America,Non-Opec-Plus,Oil,Deep,Stabroek Block,Deepwater,Exxon Mobil,Hess,China National Offshore Oil Corp. (CNOOC), , , ,2027,No,Under Development,"Exxon Mobil announced that it has taken a final investment decision on its $12.7 billion Whiptail project offshore Guyana, its sixth development in the rapidly expanding deepwater oil play. This sixth multibillion-dollar project in Guyana will bring the country’s production capacity to approximately 1.3 million b/d.", , , ,Light,Sweet,Operator Share %,45
Uaru FPSO,Yes,Offshore,Guyana,Latin America,Non-Opec-Plus,Oil,Deep,Stabroek Block,Deepwater,Exxon Mobil,Hess,China National Offshore Oil Corp. (CNOOC),PGNiG, , ,2026,Yes,Under Development,"Feb. 2025: Exxon expects the Yellowtail, Uaru, Whiptail and Hammerhead developments to start commercial operations in 2025, 2026, 2027 and 2029, respectively.", ,800.000, ,Light,Sweet, 2029_Q4,
Uaru FPSO,Yes,Offshore,Guyana,Latin America,Non-Opec-Plus,Oil,Deep,Stabroek Block,Deepwater,Exxon Mobil,Hess,China National Offshore Oil Corp. (CNOOC),PGNiG, , ,2026,Yes,Under Development,"Feb. 2025: Exxon expects the Yellowtail, Uaru, Whiptail and Hammerhead developments to start commercial operations in 2025, 2026, 2027 and 2029, respectively.", ,800.000, ,Light,Sweet, 2029_Q3,
Uaru FPSO,Yes,Offshore,Guyana,Latin America,Non-Opec-Plus,Oil,Deep,Stabroek Block,Deepwater,Exxon Mobil,Hess,China National Offshore Oil Corp. (CNOOC),PGNiG, , ,2026,Yes,Under Development,"Feb. 2025: Exxon expects the Yellowtail, Uaru, Whiptail and Hammerhead developments to start commercial operations in 2025, 2026, 2027 and 2029, respectively.", ,800.000, ,Light,Sweet, 2029_Q2,
Uaru FPSO,Yes,Offshore,Guyana,Latin America,Non-Opec-Plus,Oil,Deep,Stabroek Block,Deepwater,Exxon Mobil,Hess,China National Offshore Oil Corp. (CNOOC),PGNiG, , ,2026,Yes,Under Development,"Feb. 2025: Exxon expects the Yellowtail, Uaru, Whiptail and Hammerhead developments to start commercial operations in 2025, 2026, 2027 and 2029, respectively.", ,800.000, ,Light,Sweet, 2029_Q1,
Uaru FPSO,Yes,Offshore,Guyana,Latin America,Non-Opec-Plus,Oil,Deep,Stabroek Block,Deepwater,Exxon Mobil,Hess,China National Offshore Oil Corp. (CNOOC),PGNiG, , ,2026,Yes,Under Development,"Feb. 2025: Exxon expects the Yellowtail, Uaru, Whiptail and Hammerhead developments to start commercial operations in 2025, 2026, 2027 and 2029, respectively.", ,800.000, ,Light,Sweet, 2028_Q4,
Uaru FPSO,Yes,Offshore,Guyana,Latin America,Non-Opec-Plus,Oil,Deep,Stabroek Block,Deepwater,Exxon Mobil,Hess,China National Offshore Oil Corp. (CNOOC),PGNiG, , ,2026,Yes,Under Development,"Feb. 2025: Exxon expects the Yellowtail, Uaru, Whiptail and Hammerhead developments to start commercial operations in 2025, 2026, 2027 and 2029, respectively.", ,800.000, ,Light,Sweet, 2028_Q3,
Uaru FPSO,Yes,Offshore,Guyana,Latin America,Non-Opec-Plus,Oil,Deep,Stabroek Block,Deepwater,Exxon Mobil,Hess,China National Offshore Oil Corp. (CNOOC),PGNiG, , ,2026,Yes,Under Development,"Feb. 2025: Exxon expects the Yellowtail, Uaru, Whiptail and Hammerhead developments to start commercial operations in 2025, 2026, 2027 and 2029, respectively.", ,800.000, ,Light,Sweet,2028_Q2,
Uaru FPSO,Yes,Offshore,Guyana,Latin America,Non-Opec-Plus,Oil,Deep,Stabroek Block,Deepwater,Exxon Mobil,Hess,China National Offshore Oil Corp. (CNOOC),PGNiG, , ,2026,Yes,Under Development,"Feb. 2025: Exxon expects the Yellowtail, Uaru, Whiptail and Hammerhead developments to start commercial operations in 2025, 2026, 2027 and 2029, respectively.", ,800.000, ,Light,Sweet,2028_Q1,
Uaru FPSO,Yes,Offshore,Guyana,Latin America,Non-Opec-Plus,Oil,Deep,Stabroek Block,Deepwater,Exxon Mobil,Hess,China National Offshore Oil Corp. (CNOOC),PGNiG, , ,2026,Yes,Under Development,"Feb. 2025: Exxon expects the Yellowtail, Uaru, Whiptail and Hammerhead developments to start commercial operations in 2025, 2026, 2027 and 2029, respectively.", ,800.000, ,Light,Sweet,2027_Q4,
Uaru FPSO,Yes,Offshore,Guyana,Latin America,Non-Opec-Plus,Oil,Deep,Stabroek Block,Deepwater,Exxon Mobil,Hess,China National Offshore Oil Corp. (CNOOC),PGNiG, , ,2026,Yes,Under Development,"Feb. 2025: Exxon expects the Yellowtail, Uaru, Whiptail and Hammerhead developments to start commercial operations in 2025, 2026, 2027 and 2029, respectively.", ,800.000, ,Light,Sweet,2027_Q3,
Uaru FPSO,Yes,Offshore,Guyana,Latin America,Non-Opec-Plus,Oil,Deep,Stabroek Block,Deepwater,Exxon Mobil,Hess,China National Offshore Oil Corp. (CNOOC),PGNiG, , ,2026,Yes,Under Development,"Feb. 2025: Exxon expects the Yellowtail, Uaru, Whiptail and Hammerhead developments to start commercial operations in 2025, 2026, 2027 and 2029, respectively.", ,800.000, ,Light,Sweet,2027_Q2,
Uaru FPSO,Yes,Offshore,Guyana,Latin America,Non-Opec-Plus,Oil,Deep,Stabroek Block,Deepwater,Exxon Mobil,Hess,China National Offshore Oil Corp. (CNOOC),PGNiG, , ,2026,Yes,Under Development,"Feb. 2025: Exxon expects the Yellowtail, Uaru, Whiptail and Hammerhead developments to start commercial operations in 2025, 2026, 2027 and 2029, respectively.", ,800.000, ,Light,Sweet,2027_Q1,150
Uaru FPSO,Yes,Offshore,Guyana,Latin America,Non-Opec-Plus,Oil,Deep,Stabroek Block,Deepwater,Exxon Mobil,Hess,China National Offshore Oil Corp. (CNOOC),PGNiG, , ,2026,Yes,Under Development,"Feb. 2025: Exxon expects the Yellowtail, Uaru, Whiptail and Hammerhead developments to start commercial operations in 2025, 2026, 2027 and 2029, respectively.", ,800.000, ,Light,Sweet,2026_Q4,100
Uaru FPSO,Yes,Offshore,Guyana,Latin America,Non-Opec-Plus,Oil,Deep,Stabroek Block,Deepwater,Exxon Mobil,Hess,China National Offshore Oil Corp. (CNOOC),PGNiG, , ,2026,Yes,Under Development,"Feb. 2025: Exxon expects the Yellowtail, Uaru, Whiptail and Hammerhead developments to start commercial operations in 2025, 2026, 2027 and 2029, respectively.", ,800.000, ,Light,Sweet,2026_Q3,
Uaru FPSO,Yes,Offshore,Guyana,Latin America,Non-Opec-Plus,Oil,Deep,Stabroek Block,Deepwater,Exxon Mobil,Hess,China National Offshore Oil Corp. (CNOOC),PGNiG, , ,2026,Yes,Under Development,"Feb. 2025: Exxon expects the Yellowtail, Uaru, Whiptail and Hammerhead developments to start commercial operations in 2025, 2026, 2027 and 2029, respectively.", ,800.000, ,Light,Sweet,2026_Q2,
Uaru FPSO,Yes,Offshore,Guyana,Latin America,Non-Opec-Plus,Oil,Deep,Stabroek Block,Deepwater,Exxon Mobil,Hess,China National Offshore Oil Corp. (CNOOC),PGNiG, , ,2026,Yes,Under Development,"Feb. 2025: Exxon expects the Yellowtail, Uaru, Whiptail and Hammerhead developments to start commercial operations in 2025, 2026, 2027 and 2029, respectively.", ,800.000, ,Light,Sweet,2026_Q1,
Uaru FPSO,Yes,Offshore,Guyana,Latin America,Non-Opec-Plus,Oil,Deep,Stabroek Block,Deepwater,Exxon Mobil,Hess,China National Offshore Oil Corp. (CNOOC),PGNiG, , ,2026,Yes,Under Development,"Feb. 2025: Exxon expects the Yellowtail, Uaru, Whiptail and Hammerhead developments to start commercial operations in 2025, 2026, 2027 and 2029, respectively.", ,800.000, ,Light,Sweet,2025_Q4,
Uaru FPSO,Yes,Offshore,Guyana,Latin America,Non-Opec-Plus,Oil,Deep,Stabroek Block,Deepwater,Exxon Mobil,Hess,China National Offshore Oil Corp. (CNOOC),PGNiG, , ,2026,Yes,Under Development,"Feb. 2025: Exxon expects the Yellowtail, Uaru, Whiptail and Hammerhead developments to start commercial operations in 2025, 2026, 2027 and 2029, respectively.", ,800.000, ,Light,Sweet,2025_Q3,
Uaru FPSO,Yes,Offshore,Guyana,Latin America,Non-Opec-Plus,Oil,Deep,Stabroek Block,Deepwater,Exxon Mobil,Hess,China National Offshore Oil Corp. (CNOOC),PGNiG, , ,2026,Yes,Under Development,"Feb. 2025: Exxon expects the Yellowtail, Uaru, Whiptail and Hammerhead developments to start commercial operations in 2025, 2026, 2027 and 2029, respectively.", ,800.000, ,Light,Sweet,2025_Q2,
Uaru FPSO,Yes,Offshore,Guyana,Latin America,Non-Opec-Plus,Oil,Deep,Stabroek Block,Deepwater,Exxon Mobil,Hess,China National Offshore Oil Corp. (CNOOC),PGNiG, , ,2026,Yes,Under Development,"Feb. 2025: Exxon expects the Yellowtail, Uaru, Whiptail and Hammerhead developments to start commercial operations in 2025, 2026, 2027 and 2029, respectively.", ,800.000, ,Light,Sweet,2025_Q1,
Uaru FPSO,Yes,Offshore,Guyana,Latin America,Non-Opec-Plus,Oil,Deep,Stabroek Block,Deepwater,Exxon Mobil,Hess,China National Offshore Oil Corp. (CNOOC),PGNiG, , ,2026,Yes,Under Development,"Feb. 2025: Exxon expects the Yellowtail, Uaru, Whiptail and Hammerhead developments to start commercial operations in 2025, 2026, 2027 and 2029, respectively.", ,800.000, ,Light,Sweet,2024_Q4,
Uaru FPSO,Yes,Offshore,Guyana,Latin America,Non-Opec-Plus,Oil,Deep,Stabroek Block,Deepwater,Exxon Mobil,Hess,China National Offshore Oil Corp. (CNOOC),PGNiG, , ,2026,Yes,Under Development,"Feb. 2025: Exxon expects the Yellowtail, Uaru, Whiptail and Hammerhead developments to start commercial operations in 2025, 2026, 2027 and 2029, respectively.", ,800.000, ,Light,Sweet,2024_Q3,
Uaru FPSO,Yes,Offshore,Guyana,Latin America,Non-Opec-Plus,Oil,Deep,Stabroek Block,Deepwater,Exxon Mobil,Hess,China National Offshore Oil Corp. (CNOOC),PGNiG, , ,2026,Yes,Under Development,"Feb. 2025: Exxon expects the Yellowtail, Uaru, Whiptail and Hammerhead developments to start commercial operations in 2025, 2026, 2027 and 2029, respectively.", ,800.000, ,Light,Sweet,2024_Q2,
Uaru FPSO,Yes,Offshore,Guyana,Latin America,Non-Opec-Plus,Oil,Deep,Stabroek Block,Deepwater,Exxon Mobil,Hess,China National Offshore Oil Corp. (CNOOC),PGNiG, , ,2026,Yes,Under Development,"Feb. 2025: Exxon expects the Yellowtail, Uaru, Whiptail and Hammerhead developments to start commercial operations in 2025, 2026, 2027 and 2029, respectively.", ,800.000, ,Light,Sweet,2024_Q1,
Uaru FPSO,Yes,Offshore,Guyana,Latin America,Non-Opec-Plus,Oil,Deep,Stabroek Block,Deepwater,Exxon Mobil,Hess,China National Offshore Oil Corp. (CNOOC),PGNiG, , ,2026,Yes,Under Development,"Feb. 2025: Exxon expects the Yellowtail, Uaru, Whiptail and Hammerhead developments to start commercial operations in 2025, 2026, 2027 and 2029, respectively.", ,800.000, ,Light,Sweet,Partner5 Share %,
Uaru FPSO,Yes,Offshore,Guyana,Latin America,Non-Opec-Plus,Oil,Deep,Stabroek Block,Deepwater,Exxon Mobil,Hess,China National Offshore Oil Corp. (CNOOC),PGNiG, , ,2026,Yes,Under Development,"Feb. 2025: Exxon expects the Yellowtail, Uaru, Whiptail and Hammerhead developments to start commercial operations in 2025, 2026, 2027 and 2029, respectively.", ,800.000, ,Light,Sweet,Partner4 Share %,
Uaru FPSO,Yes,Offshore,Guyana,Latin America,Non-Opec-Plus,Oil,Deep,Stabroek Block,Deepwater,Exxon Mobil,Hess,China National Offshore Oil Corp. (CNOOC),PGNiG, , ,2026,Yes,Under Development,"Feb. 2025: Exxon expects the Yellowtail, Uaru, Whiptail and Hammerhead developments to start commercial operations in 2025, 2026, 2027 and 2029, respectively.", ,800.000, ,Light,Sweet,Partner3 Share %,
Uaru FPSO,Yes,Offshore,Guyana,Latin America,Non-Opec-Plus,Oil,Deep,Stabroek Block,Deepwater,Exxon Mobil,Hess,China National Offshore Oil Corp. (CNOOC),PGNiG, , ,2026,Yes,Under Development,"Feb. 2025: Exxon expects the Yellowtail, Uaru, Whiptail and Hammerhead developments to start commercial operations in 2025, 2026, 2027 and 2029, respectively.", ,800.000, ,Light,Sweet,Partner2 Share %,25
Uaru FPSO,Yes,Offshore,Guyana,Latin America,Non-Opec-Plus,Oil,Deep,Stabroek Block,Deepwater,Exxon Mobil,Hess,China National Offshore Oil Corp. (CNOOC),PGNiG, , ,2026,Yes,Under Development,"Feb. 2025: Exxon expects the Yellowtail, Uaru, Whiptail and Hammerhead developments to start commercial operations in 2025, 2026, 2027 and 2029, respectively.", ,800.000, ,Light,Sweet,Partner1 Share %,30
Uaru FPSO,Yes,Offshore,Guyana,Latin America,Non-Opec-Plus,Oil,Deep,Stabroek Block,Deepwater,Exxon Mobil,Hess,China National Offshore Oil Corp. (CNOOC),PGNiG, , ,2026,Yes,Under Development,"Feb. 2025: Exxon expects the Yellowtail, Uaru, Whiptail and Hammerhead developments to start commercial operations in 2025, 2026, 2027 and 2029, respectively.", ,800.000, ,Light,Sweet,Operator Share %,45
Turbot,Yes,Offshore,Guyana,Latin America,Non-Opec-Plus,Oil,Deep,Stabroek Block,Deepwater,Exxon Mobil,Hess,China National Offshore Oil Corp. (CNOOC), , , , ,No,Appraisal, ,,,,Light,Sweet, 2029_Q4,
Turbot,Yes,Offshore,Guyana,Latin America,Non-Opec-Plus,Oil,Deep,Stabroek Block,Deepwater,Exxon Mobil,Hess,China National Offshore Oil Corp. (CNOOC), , , , ,No,Appraisal, ,,,,Light,Sweet, 2029_Q3,
Turbot,Yes,Offshore,Guyana,Latin America,Non-Opec-Plus,Oil,Deep,Stabroek Block,Deepwater,Exxon Mobil,Hess,China National Offshore Oil Corp. (CNOOC), , , , ,No,Appraisal, ,,,,Light,Sweet, 2029_Q2,
Turbot,Yes,Offshore,Guyana,Latin America,Non-Opec-Plus,Oil,Deep,Stabroek Block,Deepwater,Exxon Mobil,Hess,China National Offshore Oil Corp. (CNOOC), , , , ,No,Appraisal, ,,,,Light,Sweet, 2029_Q1,
Turbot,Yes,Offshore,Guyana,Latin America,Non-Opec-Plus,Oil,Deep,Stabroek Block,Deepwater,Exxon Mobil,Hess,China National Offshore Oil Corp. (CNOOC), , , , ,No,Appraisal, ,,,,Light,Sweet, 2028_Q4,
Turbot,Yes,Offshore,Guyana,Latin America,Non-Opec-Plus,Oil,Deep,Stabroek Block,Deepwater,Exxon Mobil,Hess,China National Offshore Oil Corp. (CNOOC), , , , ,No,Appraisal, ,,,,Light,Sweet, 2028_Q3,
Turbot,Yes,Offshore,Guyana,Latin America,Non-Opec-Plus,Oil,Deep,Stabroek Block,Deepwater,Exxon Mobil,Hess,China National Offshore Oil Corp. (CNOOC), , , , ,No,Appraisal, ,,,,Light,Sweet,2028_Q2,
Turbot,Yes,Offshore,Guyana,Latin America,Non-Opec-Plus,Oil,Deep,Stabroek Block,Deepwater,Exxon Mobil,Hess,China National Offshore Oil Corp. (CNOOC), , , , ,No,Appraisal, ,,,,Light,Sweet,2028_Q1,
Turbot,Yes,Offshore,Guyana,Latin America,Non-Opec-Plus,Oil,Deep,Stabroek Block,Deepwater,Exxon Mobil,Hess,China National Offshore Oil Corp. (CNOOC), , , , ,No,Appraisal, ,,,,Light,Sweet,2027_Q4,
Turbot,Yes,Offshore,Guyana,Latin America,Non-Opec-Plus,Oil,Deep,Stabroek Block,Deepwater,Exxon Mobil,Hess,China National Offshore Oil Corp. (CNOOC), , , , ,No,Appraisal, ,,,,Light,Sweet,2027_Q3,
Turbot,Yes,Offshore,Guyana,Latin America,Non-Opec-Plus,Oil,Deep,Stabroek Block,Deepwater,Exxon Mobil,Hess,China National Offshore Oil Corp. (CNOOC), , , , ,No,Appraisal, ,,,,Light,Sweet,2027_Q2,
Turbot,Yes,Offshore,Guyana,Latin America,Non-Opec-Plus,Oil,Deep,Stabroek Block,Deepwater,Exxon Mobil,Hess,China National Offshore Oil Corp. (CNOOC), , , , ,No,Appraisal, ,,,,Light,Sweet,2027_Q1,
Turbot,Yes,Offshore,Guyana,Latin America,Non-Opec-Plus,Oil,Deep,Stabroek Block,Deepwater,Exxon Mobil,Hess,China National Offshore Oil Corp. (CNOOC), , , , ,No,Appraisal, ,,,,Light,Sweet,2026_Q4,
Turbot,Yes,Offshore,Guyana,Latin America,Non-Opec-Plus,Oil,Deep,Stabroek Block,Deepwater,Exxon Mobil,Hess,China National Offshore Oil Corp. (CNOOC), , , , ,No,Appraisal, ,,,,Light,Sweet,2026_Q3,
Turbot,Yes,Offshore,Guyana,Latin America,Non-Opec-Plus,Oil,Deep,Stabroek Block,Deepwater,Exxon Mobil,Hess,China National Offshore Oil Corp. (CNOOC), , , , ,No,Appraisal, ,,,,Light,Sweet,2026_Q2,
Turbot,Yes,Offshore,Guyana,Latin America,Non-Opec-Plus,Oil,Deep,Stabroek Block,Deepwater,Exxon Mobil,Hess,China National Offshore Oil Corp. (CNOOC), , , , ,No,Appraisal, ,,,,Light,Sweet,2026_Q1,
Turbot,Yes,Offshore,Guyana,Latin America,Non-Opec-Plus,Oil,Deep,Stabroek Block,Deepwater,Exxon Mobil,Hess,China National Offshore Oil Corp. (CNOOC), , , , ,No,Appraisal, ,,,,Light,Sweet,2025_Q4,
Turbot,Yes,Offshore,Guyana,Latin America,Non-Opec-Plus,Oil,Deep,Stabroek Block,Deepwater,Exxon Mobil,Hess,China National Offshore Oil Corp. (CNOOC), , , , ,No,Appraisal, ,,,,Light,Sweet,2025_Q3,
Turbot,Yes,Offshore,Guyana,Latin America,Non-Opec-Plus,Oil,Deep,Stabroek Block,Deepwater,Exxon Mobil,Hess,China National Offshore Oil Corp. (CNOOC), , , , ,No,Appraisal, ,,,,Light,Sweet,2025_Q2,
Turbot,Yes,Offshore,Guyana,Latin America,Non-Opec-Plus,Oil,Deep,Stabroek Block,Deepwater,Exxon Mobil,Hess,China National Offshore Oil Corp. (CNOOC), , , , ,No,Appraisal, ,,,,Light,Sweet,2025_Q1,
Turbot,Yes,Offshore,Guyana,Latin America,Non-Opec-Plus,Oil,Deep,Stabroek Block,Deepwater,Exxon Mobil,Hess,China National Offshore Oil Corp. (CNOOC), , , , ,No,Appraisal, ,,,,Light,Sweet,2024_Q4,
Turbot,Yes,Offshore,Guyana,Latin America,Non-Opec-Plus,Oil,Deep,Stabroek Block,Deepwater,Exxon Mobil,Hess,China National Offshore Oil Corp. (CNOOC), , , , ,No,Appraisal, ,,,,Light,Sweet,2024_Q3,
Turbot,Yes,Offshore,Guyana,Latin America,Non-Opec-Plus,Oil,Deep,Stabroek Block,Deepwater,Exxon Mobil,Hess,China National Offshore Oil Corp. (CNOOC), , , , ,No,Appraisal, ,,,,Light,Sweet,2024_Q2,
Turbot,Yes,Offshore,Guyana,Latin America,Non-Opec-Plus,Oil,Deep,Stabroek Block,Deepwater,Exxon Mobil,Hess,China National Offshore Oil Corp. (CNOOC), , , , ,No,Appraisal, ,,,,Light,Sweet,2024_Q1,
Turbot,Yes,Offshore,Guyana,Latin America,Non-Opec-Plus,Oil,Deep,Stabroek Block,Deepwater,Exxon Mobil,Hess,China National Offshore Oil Corp. (CNOOC), , , , ,No,Appraisal, ,,,,Light,Sweet,Partner5 Share %,
Turbot,Yes,Offshore,Guyana,Latin America,Non-Opec-Plus,Oil,Deep,Stabroek Block,Deepwater,Exxon Mobil,Hess,China National Offshore Oil Corp. (CNOOC), , , , ,No,Appraisal, ,,,,Light,Sweet,Partner4 Share %,
Turbot,Yes,Offshore,Guyana,Latin America,Non-Opec-Plus,Oil,Deep,Stabroek Block,Deepwater,Exxon Mobil,Hess,China National Offshore Oil Corp. (CNOOC), , , , ,No,Appraisal, ,,,,Light,Sweet,Partner3 Share %,
Turbot,Yes,Offshore,Guyana,Latin America,Non-Opec-Plus,Oil,Deep,Stabroek Block,Deepwater,Exxon Mobil,Hess,China National Offshore Oil Corp. (CNOOC), , , , ,No,Appraisal, ,,,,Light,Sweet,Partner2 Share %,25
Turbot,Yes,Offshore,Guyana,Latin America,Non-Opec-Plus,Oil,Deep,Stabroek Block,Deepwater,Exxon Mobil,Hess,China National Offshore Oil Corp. (CNOOC), , , , ,No,Appraisal, ,,,,Light,Sweet,Partner1 Share %,30
Turbot,Yes,Offshore,Guyana,Latin America,Non-Opec-Plus,Oil,Deep,Stabroek Block,Deepwater,Exxon Mobil,Hess,China National Offshore Oil Corp. (CNOOC), , , , ,No,Appraisal, ,,,,Light,Sweet,Operator Share %,45
Tripletail,Yes,Offshore,Guyana,Latin America,Non-Opec-Plus,Oil,Deep,Stabroek Block,Deepwater,Exxon Mobil,Hess,China National Offshore Oil Corp. (CNOOC), , , , ,No,Appraisal, , , , ,Light,Sweet, 2029_Q4,
Tripletail,Yes,Offshore,Guyana,Latin America,Non-Opec-Plus,Oil,Deep,Stabroek Block,Deepwater,Exxon Mobil,Hess,China National Offshore Oil Corp. (CNOOC), , , , ,No,Appraisal, , , , ,Light,Sweet, 2029_Q3,
Tripletail,Yes,Offshore,Guyana,Latin America,Non-Opec-Plus,Oil,Deep,Stabroek Block,Deepwater,Exxon Mobil,Hess,China National Offshore Oil Corp. (CNOOC), , , , ,No,Appraisal, , , , ,Light,Sweet, 2029_Q2,
Tripletail,Yes,Offshore,Guyana,Latin America,Non-Opec-Plus,Oil,Deep,Stabroek Block,Deepwater,Exxon Mobil,Hess,China National Offshore Oil Corp. (CNOOC), , , , ,No,Appraisal, , , , ,Light,Sweet, 2029_Q1,
Tripletail,Yes,Offshore,Guyana,Latin America,Non-Opec-Plus,Oil,Deep,Stabroek Block,Deepwater,Exxon Mobil,Hess,China National Offshore Oil Corp. (CNOOC), , , , ,No,Appraisal, , , , ,Light,Sweet, 2028_Q4,
Tripletail,Yes,Offshore,Guyana,Latin America,Non-Opec-Plus,Oil,Deep,Stabroek Block,Deepwater,Exxon Mobil,Hess,China National Offshore Oil Corp. (CNOOC), , , , ,No,Appraisal, , , , ,Light,Sweet, 2028_Q3,
Tripletail,Yes,Offshore,Guyana,Latin America,Non-Opec-Plus,Oil,Deep,Stabroek Block,Deepwater,Exxon Mobil,Hess,China National Offshore Oil Corp. (CNOOC), , , , ,No,Appraisal, , , , ,Light,Sweet,2028_Q2,
Tripletail,Yes,Offshore,Guyana,Latin America,Non-Opec-Plus,Oil,Deep,Stabroek Block,Deepwater,Exxon Mobil,Hess,China National Offshore Oil Corp. (CNOOC), , , , ,No,Appraisal, , , , ,Light,Sweet,2028_Q1,
Tripletail,Yes,Offshore,Guyana,Latin America,Non-Opec-Plus,Oil,Deep,Stabroek Block,Deepwater,Exxon Mobil,Hess,China National Offshore Oil Corp. (CNOOC), , , , ,No,Appraisal, , , , ,Light,Sweet,2027_Q4,
Tripletail,Yes,Offshore,Guyana,Latin America,Non-Opec-Plus,Oil,Deep,Stabroek Block,Deepwater,Exxon Mobil,Hess,China National Offshore Oil Corp. (CNOOC), , , , ,No,Appraisal, , , , ,Light,Sweet,2027_Q3,
Tripletail,Yes,Offshore,Guyana,Latin America,Non-Opec-Plus,Oil,Deep,Stabroek Block,Deepwater,Exxon Mobil,Hess,China National Offshore Oil Corp. (CNOOC), , , , ,No,Appraisal, , , , ,Light,Sweet,2027_Q2,
Tripletail,Yes,Offshore,Guyana,Latin America,Non-Opec-Plus,Oil,Deep,Stabroek Block,Deepwater,Exxon Mobil,Hess,China National Offshore Oil Corp. (CNOOC), , , , ,No,Appraisal, , , , ,Light,Sweet,2027_Q1,
Tripletail,Yes,Offshore,Guyana,Latin America,Non-Opec-Plus,Oil,Deep,Stabroek Block,Deepwater,Exxon Mobil,Hess,China National Offshore Oil Corp. (CNOOC), , , , ,No,Appraisal, , , , ,Light,Sweet,2026_Q4,
Tripletail,Yes,Offshore,Guyana,Latin America,Non-Opec-Plus,Oil,Deep,Stabroek Block,Deepwater,Exxon Mobil,Hess,China National Offshore Oil Corp. (CNOOC), , , , ,No,Appraisal, , , , ,Light,Sweet,2026_Q3,
Tripletail,Yes,Offshore,Guyana,Latin America,Non-Opec-Plus,Oil,Deep,Stabroek Block,Deepwater,Exxon Mobil,Hess,China National Offshore Oil Corp. (CNOOC), , , , ,No,Appraisal, , , , ,Light,Sweet,2026_Q2,
Tripletail,Yes,Offshore,Guyana,Latin America,Non-Opec-Plus,Oil,Deep,Stabroek Block,Deepwater,Exxon Mobil,Hess,China National Offshore Oil Corp. (CNOOC), , , , ,No,Appraisal, , , , ,Light,Sweet,2026_Q1,
Tripletail,Yes,Offshore,Guyana,Latin America,Non-Opec-Plus,Oil,Deep,Stabroek Block,Deepwater,Exxon Mobil,Hess,China National Offshore Oil Corp. (CNOOC), , , , ,No,Appraisal, , , , ,Light,Sweet,2025_Q4,
Tripletail,Yes,Offshore,Guyana,Latin America,Non-Opec-Plus,Oil,Deep,Stabroek Block,Deepwater,Exxon Mobil,Hess,China National Offshore Oil Corp. (CNOOC), , , , ,No,Appraisal, , , , ,Light,Sweet,2025_Q3,
Tripletail,Yes,Offshore,Guyana,Latin America,Non-Opec-Plus,Oil,Deep,Stabroek Block,Deepwater,Exxon Mobil,Hess,China National Offshore Oil Corp. (CNOOC), , , , ,No,Appraisal, , , , ,Light,Sweet,2025_Q2,
Tripletail,Yes,Offshore,Guyana,Latin America,Non-Opec-Plus,Oil,Deep,Stabroek Block,Deepwater,Exxon Mobil,Hess,China National Offshore Oil Corp. (CNOOC), , , , ,No,Appraisal, , , , ,Light,Sweet,2025_Q1,
Tripletail,Yes,Offshore,Guyana,Latin America,Non-Opec-Plus,Oil,Deep,Stabroek Block,Deepwater,Exxon Mobil,Hess,China National Offshore Oil Corp. (CNOOC), , , , ,No,Appraisal, , , , ,Light,Sweet,2024_Q4,
Tripletail,Yes,Offshore,Guyana,Latin America,Non-Opec-Plus,Oil,Deep,Stabroek Block,Deepwater,Exxon Mobil,Hess,China National Offshore Oil Corp. (CNOOC), , , , ,No,Appraisal, , , , ,Light,Sweet,2024_Q3,
Tripletail,Yes,Offshore,Guyana,Latin America,Non-Opec-Plus,Oil,Deep,Stabroek Block,Deepwater,Exxon Mobil,Hess,China National Offshore Oil Corp. (CNOOC), , , , ,No,Appraisal, , , , ,Light,Sweet,2024_Q2,
Tripletail,Yes,Offshore,Guyana,Latin America,Non-Opec-Plus,Oil,Deep,Stabroek Block,Deepwater,Exxon Mobil,Hess,China National Offshore Oil Corp. (CNOOC), , , , ,No,Appraisal, , , , ,Light,Sweet,2024_Q1,
Tripletail,Yes,Offshore,Guyana,Latin America,Non-Opec-Plus,Oil,Deep,Stabroek Block,Deepwater,Exxon Mobil,Hess,China National Offshore Oil Corp. (CNOOC), , , , ,No,Appraisal, , , , ,Light,Sweet,Partner5 Share %,
Tripletail,Yes,Offshore,Guyana,Latin America,Non-Opec-Plus,Oil,Deep,Stabroek Block,Deepwater,Exxon Mobil,Hess,China National Offshore Oil Corp. (CNOOC), , , , ,No,Appraisal, , , , ,Light,Sweet,Partner4 Share %,
Tripletail,Yes,Offshore,Guyana,Latin America,Non-Opec-Plus,Oil,Deep,Stabroek Block,Deepwater,Exxon Mobil,Hess,China National Offshore Oil Corp. (CNOOC), , , , ,No,Appraisal, , , , ,Light,Sweet,Partner3 Share %,
Tripletail,Yes,Offshore,Guyana,Latin America,Non-Opec-Plus,Oil,Deep,Stabroek Block,Deepwater,Exxon Mobil,Hess,China National Offshore Oil Corp. (CNOOC), , , , ,No,Appraisal, , , , ,Light,Sweet,Partner2 Share %,25
Tripletail,Yes,Offshore,Guyana,Latin America,Non-Opec-Plus,Oil,Deep,Stabroek Block,Deepwater,Exxon Mobil,Hess,China National Offshore Oil Corp. (CNOOC), , , , ,No,Appraisal, , , , ,Light,Sweet,Partner1 Share %,30
Tripletail,Yes,Offshore,Guyana,Latin America,Non-Opec-Plus,Oil,Deep,Stabroek Block,Deepwater,Exxon Mobil,Hess,China National Offshore Oil Corp. (CNOOC), , , , ,No,Appraisal, , , , ,Light,Sweet,Operator Share %,45
Tilapia,Yes,Offshore,Guyana,Latin America,Non-Opec-Plus,Oil,Deep,Stabroek Block,Deepwater,Exxon Mobil,Hess,China National Offshore Oil Corp. (CNOOC), , , , ,No,Appraisal, , , , ,Light,Sweet, 2029_Q4,
Tilapia,Yes,Offshore,Guyana,Latin America,Non-Opec-Plus,Oil,Deep,Stabroek Block,Deepwater,Exxon Mobil,Hess,China National Offshore Oil Corp. (CNOOC), , , , ,No,Appraisal, , , , ,Light,Sweet, 2029_Q3,
Tilapia,Yes,Offshore,Guyana,Latin America,Non-Opec-Plus,Oil,Deep,Stabroek Block,Deepwater,Exxon Mobil,Hess,China National Offshore Oil Corp. (CNOOC), , , , ,No,Appraisal, , , , ,Light,Sweet, 2029_Q2,
Tilapia,Yes,Offshore,Guyana,Latin America,Non-Opec-Plus,Oil,Deep,Stabroek Block,Deepwater,Exxon Mobil,Hess,China National Offshore Oil Corp. (CNOOC), , , , ,No,Appraisal, , , , ,Light,Sweet, 2029_Q1,
Tilapia,Yes,Offshore,Guyana,Latin America,Non-Opec-Plus,Oil,Deep,Stabroek Block,Deepwater,Exxon Mobil,Hess,China National Offshore Oil Corp. (CNOOC), , , , ,No,Appraisal, , , , ,Light,Sweet, 2028_Q4,
Tilapia,Yes,Offshore,Guyana,Latin America,Non-Opec-Plus,Oil,Deep,Stabroek Block,Deepwater,Exxon Mobil,Hess,China National Offshore Oil Corp. (CNOOC), , , , ,No,Appraisal, , , , ,Light,Sweet, 2028_Q3,
Tilapia,Yes,Offshore,Guyana,Latin America,Non-Opec-Plus,Oil,Deep,Stabroek Block,Deepwater,Exxon Mobil,Hess,China National Offshore Oil Corp. (CNOOC), , , , ,No,Appraisal, , , , ,Light,Sweet,2028_Q2,
Tilapia,Yes,Offshore,Guyana,Latin America,Non-Opec-Plus,Oil,Deep,Stabroek Block,Deepwater,Exxon Mobil,Hess,China National Offshore Oil Corp. (CNOOC), , , , ,No,Appraisal, , , , ,Light,Sweet,2028_Q1,
Tilapia,Yes,Offshore,Guyana,Latin America,Non-Opec-Plus,Oil,Deep,Stabroek Block,Deepwater,Exxon Mobil,Hess,China National Offshore Oil Corp. (CNOOC), , , , ,No,Appraisal, , , , ,Light,Sweet,2027_Q4,
Tilapia,Yes,Offshore,Guyana,Latin America,Non-Opec-Plus,Oil,Deep,Stabroek Block,Deepwater,Exxon Mobil,Hess,China National Offshore Oil Corp. (CNOOC), , , , ,No,Appraisal, , , , ,Light,Sweet,2027_Q3,
Tilapia,Yes,Offshore,Guyana,Latin America,Non-Opec-Plus,Oil,Deep,Stabroek Block,Deepwater,Exxon Mobil,Hess,China National Offshore Oil Corp. (CNOOC), , , , ,No,Appraisal, , , , ,Light,Sweet,2027_Q2,
Tilapia,Yes,Offshore,Guyana,Latin America,Non-Opec-Plus,Oil,Deep,Stabroek Block,Deepwater,Exxon Mobil,Hess,China National Offshore Oil Corp. (CNOOC), , , , ,No,Appraisal, , , , ,Light,Sweet,2027_Q1,
Tilapia,Yes,Offshore,Guyana,Latin America,Non-Opec-Plus,Oil,Deep,Stabroek Block,Deepwater,Exxon Mobil,Hess,China National Offshore Oil Corp. (CNOOC), , , , ,No,Appraisal, , , , ,Light,Sweet,2026_Q4,
Tilapia,Yes,Offshore,Guyana,Latin America,Non-Opec-Plus,Oil,Deep,Stabroek Block,Deepwater,Exxon Mobil,Hess,China National Offshore Oil Corp. (CNOOC), , , , ,No,Appraisal, , , , ,Light,Sweet,2026_Q3,
Tilapia,Yes,Offshore,Guyana,Latin America,Non-Opec-Plus,Oil,Deep,Stabroek Block,Deepwater,Exxon Mobil,Hess,China National Offshore Oil Corp. (CNOOC), , , , ,No,Appraisal, , , , ,Light,Sweet,2026_Q2,
Tilapia,Yes,Offshore,Guyana,Latin America,Non-Opec-Plus,Oil,Deep,Stabroek Block,Deepwater,Exxon Mobil,Hess,China National Offshore Oil Corp. (CNOOC), , , , ,No,Appraisal, , , , ,Light,Sweet,2026_Q1,
Tilapia,Yes,Offshore,Guyana,Latin America,Non-Opec-Plus,Oil,Deep,Stabroek Block,Deepwater,Exxon Mobil,Hess,China National Offshore Oil Corp. (CNOOC), , , , ,No,Appraisal, , , , ,Light,Sweet,2025_Q4,
Tilapia,Yes,Offshore,Guyana,Latin America,Non-Opec-Plus,Oil,Deep,Stabroek Block,Deepwater,Exxon Mobil,Hess,China National Offshore Oil Corp. (CNOOC), , , , ,No,Appraisal, , , , ,Light,Sweet,2025_Q3,
Tilapia,Yes,Offshore,Guyana,Latin America,Non-Opec-Plus,Oil,Deep,Stabroek Block,Deepwater,Exxon Mobil,Hess,China National Offshore Oil Corp. (CNOOC), , , , ,No,Appraisal, , , , ,Light,Sweet,2025_Q2,
Tilapia,Yes,Offshore,Guyana,Latin America,Non-Opec-Plus,Oil,Deep,Stabroek Block,Deepwater,Exxon Mobil,Hess,China National Offshore Oil Corp. (CNOOC), , , , ,No,Appraisal, , , , ,Light,Sweet,2025_Q1,
Tilapia,Yes,Offshore,Guyana,Latin America,Non-Opec-Plus,Oil,Deep,Stabroek Block,Deepwater,Exxon Mobil,Hess,China National Offshore Oil Corp. (CNOOC), , , , ,No,Appraisal, , , , ,Light,Sweet,2024_Q4,
Tilapia,Yes,Offshore,Guyana,Latin America,Non-Opec-Plus,Oil,Deep,Stabroek Block,Deepwater,Exxon Mobil,Hess,China National Offshore Oil Corp. (CNOOC), , , , ,No,Appraisal, , , , ,Light,Sweet,2024_Q3,
Tilapia,Yes,Offshore,Guyana,Latin America,Non-Opec-Plus,Oil,Deep,Stabroek Block,Deepwater,Exxon Mobil,Hess,China National Offshore Oil Corp. (CNOOC), , , , ,No,Appraisal, , , , ,Light,Sweet,2024_Q2,
Tilapia,Yes,Offshore,Guyana,Latin America,Non-Opec-Plus,Oil,Deep,Stabroek Block,Deepwater,Exxon Mobil,Hess,China National Offshore Oil Corp. (CNOOC), , , , ,No,Appraisal, , , , ,Light,Sweet,2024_Q1,
Tilapia,Yes,Offshore,Guyana,Latin America,Non-Opec-Plus,Oil,Deep,Stabroek Block,Deepwater,Exxon Mobil,Hess,China National Offshore Oil Corp. (CNOOC), , , , ,No,Appraisal, , , , ,Light,Sweet,Partner5 Share %,
Tilapia,Yes,Offshore,Guyana,Latin America,Non-Opec-Plus,Oil,Deep,Stabroek Block,Deepwater,Exxon Mobil,Hess,China National Offshore Oil Corp. (CNOOC), , , , ,No,Appraisal, , , , ,Light,Sweet,Partner4 Share %,
Tilapia,Yes,Offshore,Guyana,Latin America,Non-Opec-Plus,Oil,Deep,Stabroek Block,Deepwater,Exxon Mobil,Hess,China National Offshore Oil Corp. (CNOOC), , , , ,No,Appraisal, , , , ,Light,Sweet,Partner3 Share %,
Tilapia,Yes,Offshore,Guyana,Latin America,Non-Opec-Plus,Oil,Deep,Stabroek Block,Deepwater,Exxon Mobil,Hess,China National Offshore Oil Corp. (CNOOC), , , , ,No,Appraisal, , , , ,Light,Sweet,Partner2 Share %,25
Tilapia,Yes,Offshore,Guyana,Latin America,Non-Opec-Plus,Oil,Deep,Stabroek Block,Deepwater,Exxon Mobil,Hess,China National Offshore Oil Corp. (CNOOC), , , , ,No,Appraisal, , , , ,Light,Sweet,Partner1 Share %,30
Tilapia,Yes,Offshore,Guyana,Latin America,Non-Opec-Plus,Oil,Deep,Stabroek Block,Deepwater,Exxon Mobil,Hess,China National Offshore Oil Corp. (CNOOC), , , , ,No,Appraisal, , , , ,Light,Sweet,Operator Share %,45
Snoek,Yes,Offshore,Guyana,Latin America,Non-Opec-Plus,Oil,Deep,Stabroek Block,Deepwater,Exxon Mobil,Hess,China National Offshore Oil Corp. (CNOOC), , , , ,No,Appraisal, ,,,,Light,Sweet, 2029_Q4,
Snoek,Yes,Offshore,Guyana,Latin America,Non-Opec-Plus,Oil,Deep,Stabroek Block,Deepwater,Exxon Mobil,Hess,China National Offshore Oil Corp. (CNOOC), , , , ,No,Appraisal, ,,,,Light,Sweet, 2029_Q3,
Snoek,Yes,Offshore,Guyana,Latin America,Non-Opec-Plus,Oil,Deep,Stabroek Block,Deepwater,Exxon Mobil,Hess,China National Offshore Oil Corp. (CNOOC), , , , ,No,Appraisal, ,,,,Light,Sweet, 2029_Q2,
Snoek,Yes,Offshore,Guyana,Latin America,Non-Opec-Plus,Oil,Deep,Stabroek Block,Deepwater,Exxon Mobil,Hess,China National Offshore Oil Corp. (CNOOC), , , , ,No,Appraisal, ,,,,Light,Sweet, 2029_Q1,
Snoek,Yes,Offshore,Guyana,Latin America,Non-Opec-Plus,Oil,Deep,Stabroek Block,Deepwater,Exxon Mobil,Hess,China National Offshore Oil Corp. (CNOOC), , , , ,No,Appraisal, ,,,,Light,Sweet, 2028_Q4,
Snoek,Yes,Offshore,Guyana,Latin America,Non-Opec-Plus,Oil,Deep,Stabroek Block,Deepwater,Exxon Mobil,Hess,China National Offshore Oil Corp. (CNOOC), , , , ,No,Appraisal, ,,,,Light,Sweet, 2028_Q3,
Snoek,Yes,Offshore,Guyana,Latin America,Non-Opec-Plus,Oil,Deep,Stabroek Block,Deepwater,Exxon Mobil,Hess,China National Offshore Oil Corp. (CNOOC), , , , ,No,Appraisal, ,,,,Light,Sweet,2028_Q2,
Snoek,Yes,Offshore,Guyana,Latin America,Non-Opec-Plus,Oil,Deep,Stabroek Block,Deepwater,Exxon Mobil,Hess,China National Offshore Oil Corp. (CNOOC), , , , ,No,Appraisal, ,,,,Light,Sweet,2028_Q1,
Snoek,Yes,Offshore,Guyana,Latin America,Non-Opec-Plus,Oil,Deep,Stabroek Block,Deepwater,Exxon Mobil,Hess,China National Offshore Oil Corp. (CNOOC), , , , ,No,Appraisal, ,,,,Light,Sweet,2027_Q4,
Snoek,Yes,Offshore,Guyana,Latin America,Non-Opec-Plus,Oil,Deep,Stabroek Block,Deepwater,Exxon Mobil,Hess,China National Offshore Oil Corp. (CNOOC), , , , ,No,Appraisal, ,,,,Light,Sweet,2027_Q3,
Snoek,Yes,Offshore,Guyana,Latin America,Non-Opec-Plus,Oil,Deep,Stabroek Block,Deepwater,Exxon Mobil,Hess,China National Offshore Oil Corp. (CNOOC), , , , ,No,Appraisal, ,,,,Light,Sweet,2027_Q2,
Snoek,Yes,Offshore,Guyana,Latin America,Non-Opec-Plus,Oil,Deep,Stabroek Block,Deepwater,Exxon Mobil,Hess,China National Offshore Oil Corp. (CNOOC), , , , ,No,Appraisal, ,,,,Light,Sweet,2027_Q1,
Snoek,Yes,Offshore,Guyana,Latin America,Non-Opec-Plus,Oil,Deep,Stabroek Block,Deepwater,Exxon Mobil,Hess,China National Offshore Oil Corp. (CNOOC), , , , ,No,Appraisal, ,,,,Light,Sweet,2026_Q4,
Snoek,Yes,Offshore,Guyana,Latin America,Non-Opec-Plus,Oil,Deep,Stabroek Block,Deepwater,Exxon Mobil,Hess,China National Offshore Oil Corp. (CNOOC), , , , ,No,Appraisal, ,,,,Light,Sweet,2026_Q3,
Snoek,Yes,Offshore,Guyana,Latin America,Non-Opec-Plus,Oil,Deep,Stabroek Block,Deepwater,Exxon Mobil,Hess,China National Offshore Oil Corp. (CNOOC), , , , ,No,Appraisal, ,,,,Light,Sweet,2026_Q2,
Snoek,Yes,Offshore,Guyana,Latin America,Non-Opec-Plus,Oil,Deep,Stabroek Block,Deepwater,Exxon Mobil,Hess,China National Offshore Oil Corp. (CNOOC), , , , ,No,Appraisal, ,,,,Light,Sweet,2026_Q1,
Snoek,Yes,Offshore,Guyana,Latin America,Non-Opec-Plus,Oil,Deep,Stabroek Block,Deepwater,Exxon Mobil,Hess,China National Offshore Oil Corp. (CNOOC), , , , ,No,Appraisal, ,,,,Light,Sweet,2025_Q4,
Snoek,Yes,Offshore,Guyana,Latin America,Non-Opec-Plus,Oil,Deep,Stabroek Block,Deepwater,Exxon Mobil,Hess,China National Offshore Oil Corp. (CNOOC), , , , ,No,Appraisal, ,,,,Light,Sweet,2025_Q3,
Snoek,Yes,Offshore,Guyana,Latin America,Non-Opec-Plus,Oil,Deep,Stabroek Block,Deepwater,Exxon Mobil,Hess,China National Offshore Oil Corp. (CNOOC), , , , ,No,Appraisal, ,,,,Light,Sweet,2025_Q2,
Snoek,Yes,Offshore,Guyana,Latin America,Non-Opec-Plus,Oil,Deep,Stabroek Block,Deepwater,Exxon Mobil,Hess,China National Offshore Oil Corp. (CNOOC), , , , ,No,Appraisal, ,,,,Light,Sweet,2025_Q1,
Snoek,Yes,Offshore,Guyana,Latin America,Non-Opec-Plus,Oil,Deep,Stabroek Block,Deepwater,Exxon Mobil,Hess,China National Offshore Oil Corp. (CNOOC), , , , ,No,Appraisal, ,,,,Light,Sweet,2024_Q4,
Snoek,Yes,Offshore,Guyana,Latin America,Non-Opec-Plus,Oil,Deep,Stabroek Block,Deepwater,Exxon Mobil,Hess,China National Offshore Oil Corp. (CNOOC), , , , ,No,Appraisal, ,,,,Light,Sweet,2024_Q3,
Snoek,Yes,Offshore,Guyana,Latin America,Non-Opec-Plus,Oil,Deep,Stabroek Block,Deepwater,Exxon Mobil,Hess,China National Offshore Oil Corp. (CNOOC), , , , ,No,Appraisal, ,,,,Light,Sweet,2024_Q2,
Snoek,Yes,Offshore,Guyana,Latin America,Non-Opec-Plus,Oil,Deep,Stabroek Block,Deepwater,Exxon Mobil,Hess,China National Offshore Oil Corp. (CNOOC), , , , ,No,Appraisal, ,,,,Light,Sweet,2024_Q1,
Snoek,Yes,Offshore,Guyana,Latin America,Non-Opec-Plus,Oil,Deep,Stabroek Block,Deepwater,Exxon Mobil,Hess,China National Offshore Oil Corp. (CNOOC), , , , ,No,Appraisal, ,,,,Light,Sweet,Partner5 Share %,
Snoek,Yes,Offshore,Guyana,Latin America,Non-Opec-Plus,Oil,Deep,Stabroek Block,Deepwater,Exxon Mobil,Hess,China National Offshore Oil Corp. (CNOOC), , , , ,No,Appraisal, ,,,,Light,Sweet,Partner4 Share %,
Snoek,Yes,Offshore,Guyana,Latin America,Non-Opec-Plus,Oil,Deep,Stabroek Block,Deepwater,Exxon Mobil,Hess,China National Offshore Oil Corp. (CNOOC), , , , ,No,Appraisal, ,,,,Light,Sweet,Partner3 Share %,
Snoek,Yes,Offshore,Guyana,Latin America,Non-Opec-Plus,Oil,Deep,Stabroek Block,Deepwater,Exxon Mobil,Hess,China National Offshore Oil Corp. (CNOOC), , , , ,No,Appraisal, ,,,,Light,Sweet,Partner2 Share %,25
Snoek,Yes,Offshore,Guyana,Latin America,Non-Opec-Plus,Oil,Deep,Stabroek Block,Deepwater,Exxon Mobil,Hess,China National Offshore Oil Corp. (CNOOC), , , , ,No,Appraisal, ,,,,Light,Sweet,Partner1 Share %,30
Snoek,Yes,Offshore,Guyana,Latin America,Non-Opec-Plus,Oil,Deep,Stabroek Block,Deepwater,Exxon Mobil,Hess,China National Offshore Oil Corp. (CNOOC), , , , ,No,Appraisal, ,,,,Light,Sweet,Operator Share %,45
Redtail-1,Yes,Offshore,Guyana,Latin America,Non-Opec-Plus,Oil,Deep,Stabroek Block,Deepwater,Exxon Mobil,Hess,China National Offshore Oil Corp. (CNOOC), , , , ,No,Appraisal, , , , ,Light,Sweet, 2029_Q4,
Redtail-1,Yes,Offshore,Guyana,Latin America,Non-Opec-Plus,Oil,Deep,Stabroek Block,Deepwater,Exxon Mobil,Hess,China National Offshore Oil Corp. (CNOOC), , , , ,No,Appraisal, , , , ,Light,Sweet, 2029_Q3,
Redtail-1,Yes,Offshore,Guyana,Latin America,Non-Opec-Plus,Oil,Deep,Stabroek Block,Deepwater,Exxon Mobil,Hess,China National Offshore Oil Corp. (CNOOC), , , , ,No,Appraisal, , , , ,Light,Sweet, 2029_Q2,
Redtail-1,Yes,Offshore,Guyana,Latin America,Non-Opec-Plus,Oil,Deep,Stabroek Block,Deepwater,Exxon Mobil,Hess,China National Offshore Oil Corp. (CNOOC), , , , ,No,Appraisal, , , , ,Light,Sweet, 2029_Q1,
Redtail-1,Yes,Offshore,Guyana,Latin America,Non-Opec-Plus,Oil,Deep,Stabroek Block,Deepwater,Exxon Mobil,Hess,China National Offshore Oil Corp. (CNOOC), , , , ,No,Appraisal, , , , ,Light,Sweet, 2028_Q4,
Redtail-1,Yes,Offshore,Guyana,Latin America,Non-Opec-Plus,Oil,Deep,Stabroek Block,Deepwater,Exxon Mobil,Hess,China National Offshore Oil Corp. (CNOOC), , , , ,No,Appraisal, , , , ,Light,Sweet, 2028_Q3,
Redtail-1,Yes,Offshore,Guyana,Latin America,Non-Opec-Plus,Oil,Deep,Stabroek Block,Deepwater,Exxon Mobil,Hess,China National Offshore Oil Corp. (CNOOC), , , , ,No,Appraisal, , , , ,Light,Sweet,2028_Q2,
Redtail-1,Yes,Offshore,Guyana,Latin America,Non-Opec-Plus,Oil,Deep,Stabroek Block,Deepwater,Exxon Mobil,Hess,China National Offshore Oil Corp. (CNOOC), , , , ,No,Appraisal, , , , ,Light,Sweet,2028_Q1,
Redtail-1,Yes,Offshore,Guyana,Latin America,Non-Opec-Plus,Oil,Deep,Stabroek Block,Deepwater,Exxon Mobil,Hess,China National Offshore Oil Corp. (CNOOC), , , , ,No,Appraisal, , , , ,Light,Sweet,2027_Q4,
Redtail-1,Yes,Offshore,Guyana,Latin America,Non-Opec-Plus,Oil,Deep,Stabroek Block,Deepwater,Exxon Mobil,Hess,China National Offshore Oil Corp. (CNOOC), , , , ,No,Appraisal, , , , ,Light,Sweet,2027_Q3,
Redtail-1,Yes,Offshore,Guyana,Latin America,Non-Opec-Plus,Oil,Deep,Stabroek Block,Deepwater,Exxon Mobil,Hess,China National Offshore Oil Corp. (CNOOC), , , , ,No,Appraisal, , , , ,Light,Sweet,2027_Q2,
Redtail-1,Yes,Offshore,Guyana,Latin America,Non-Opec-Plus,Oil,Deep,Stabroek Block,Deepwater,Exxon Mobil,Hess,China National Offshore Oil Corp. (CNOOC), , , , ,No,Appraisal, , , , ,Light,Sweet,2027_Q1,
Redtail-1,Yes,Offshore,Guyana,Latin America,Non-Opec-Plus,Oil,Deep,Stabroek Block,Deepwater,Exxon Mobil,Hess,China National Offshore Oil Corp. (CNOOC), , , , ,No,Appraisal, , , , ,Light,Sweet,2026_Q4,
Redtail-1,Yes,Offshore,Guyana,Latin America,Non-Opec-Plus,Oil,Deep,Stabroek Block,Deepwater,Exxon Mobil,Hess,China National Offshore Oil Corp. (CNOOC), , , , ,No,Appraisal, , , , ,Light,Sweet,2026_Q3,
Redtail-1,Yes,Offshore,Guyana,Latin America,Non-Opec-Plus,Oil,Deep,Stabroek Block,Deepwater,Exxon Mobil,Hess,China National Offshore Oil Corp. (CNOOC), , , , ,No,Appraisal, , , , ,Light,Sweet,2026_Q2,
Redtail-1,Yes,Offshore,Guyana,Latin America,Non-Opec-Plus,Oil,Deep,Stabroek Block,Deepwater,Exxon Mobil,Hess,China National Offshore Oil Corp. (CNOOC), , , , ,No,Appraisal, , , , ,Light,Sweet,2026_Q1,
Redtail-1,Yes,Offshore,Guyana,Latin America,Non-Opec-Plus,Oil,Deep,Stabroek Block,Deepwater,Exxon Mobil,Hess,China National Offshore Oil Corp. (CNOOC), , , , ,No,Appraisal, , , , ,Light,Sweet,2025_Q4,
Redtail-1,Yes,Offshore,Guyana,Latin America,Non-Opec-Plus,Oil,Deep,Stabroek Block,Deepwater,Exxon Mobil,Hess,China National Offshore Oil Corp. (CNOOC), , , , ,No,Appraisal, , , , ,Light,Sweet,2025_Q3,
Redtail-1,Yes,Offshore,Guyana,Latin America,Non-Opec-Plus,Oil,Deep,Stabroek Block,Deepwater,Exxon Mobil,Hess,China National Offshore Oil Corp. (CNOOC), , , , ,No,Appraisal, , , , ,Light,Sweet,2025_Q2,
Redtail-1,Yes,Offshore,Guyana,Latin America,Non-Opec-Plus,Oil,Deep,Stabroek Block,Deepwater,Exxon Mobil,Hess,China National Offshore Oil Corp. (CNOOC), , , , ,No,Appraisal, , , , ,Light,Sweet,2025_Q1,
Redtail-1,Yes,Offshore,Guyana,Latin America,Non-Opec-Plus,Oil,Deep,Stabroek Block,Deepwater,Exxon Mobil,Hess,China National Offshore Oil Corp. (CNOOC), , , , ,No,Appraisal, , , , ,Light,Sweet,2024_Q4,
Redtail-1,Yes,Offshore,Guyana,Latin America,Non-Opec-Plus,Oil,Deep,Stabroek Block,Deepwater,Exxon Mobil,Hess,China National Offshore Oil Corp. (CNOOC), , , , ,No,Appraisal, , , , ,Light,Sweet,2024_Q3,
Redtail-1,Yes,Offshore,Guyana,Latin America,Non-Opec-Plus,Oil,Deep,Stabroek Block,Deepwater,Exxon Mobil,Hess,China National Offshore Oil Corp. (CNOOC), , , , ,No,Appraisal, , , , ,Light,Sweet,2024_Q2,
Redtail-1,Yes,Offshore,Guyana,Latin America,Non-Opec-Plus,Oil,Deep,Stabroek Block,Deepwater,Exxon Mobil,Hess,China National Offshore Oil Corp. (CNOOC), , , , ,No,Appraisal, , , , ,Light,Sweet,2024_Q1,
Redtail-1,Yes,Offshore,Guyana,Latin America,Non-Opec-Plus,Oil,Deep,Stabroek Block,Deepwater,Exxon Mobil,Hess,China National Offshore Oil Corp. (CNOOC), , , , ,No,Appraisal, , , , ,Light,Sweet,Partner5 Share %,
Redtail-1,Yes,Offshore,Guyana,Latin America,Non-Opec-Plus,Oil,Deep,Stabroek Block,Deepwater,Exxon Mobil,Hess,China National Offshore Oil Corp. (CNOOC), , , , ,No,Appraisal, , , , ,Light,Sweet,Partner4 Share %,
Redtail-1,Yes,Offshore,Guyana,Latin America,Non-Opec-Plus,Oil,Deep,Stabroek Block,Deepwater,Exxon Mobil,Hess,China National Offshore Oil Corp. (CNOOC), , , , ,No,Appraisal, , , , ,Light,Sweet,Partner3 Share %,
Redtail-1,Yes,Offshore,Guyana,Latin America,Non-Opec-Plus,Oil,Deep,Stabroek Block,Deepwater,Exxon Mobil,Hess,China National Offshore Oil Corp. (CNOOC), , , , ,No,Appraisal, , , , ,Light,Sweet,Partner2 Share %,25
Redtail-1,Yes,Offshore,Guyana,Latin America,Non-Opec-Plus,Oil,Deep,Stabroek Block,Deepwater,Exxon Mobil,Hess,China National Offshore Oil Corp. (CNOOC), , , , ,No,Appraisal, , , , ,Light,Sweet,Partner1 Share %,30
Redtail-1,Yes,Offshore,Guyana,Latin America,Non-Opec-Plus,Oil,Deep,Stabroek Block,Deepwater,Exxon Mobil,Hess,China National Offshore Oil Corp. (CNOOC), , , , ,No,Appraisal, , , , ,Light,Sweet,Operator Share %,45
Ranger,Yes,Offshore,Guyana,Latin America,Non-Opec-Plus,Oil,Deep,Stabroek Block,Deepwater,Exxon Mobil,Hess,China National Offshore Oil Corp. (CNOOC), , , , ,No,Appraisal, , , , ,Light,Sweet, 2029_Q4,
Ranger,Yes,Offshore,Guyana,Latin America,Non-Opec-Plus,Oil,Deep,Stabroek Block,Deepwater,Exxon Mobil,Hess,China National Offshore Oil Corp. (CNOOC), , , , ,No,Appraisal, , , , ,Light,Sweet, 2029_Q3,
Ranger,Yes,Offshore,Guyana,Latin America,Non-Opec-Plus,Oil,Deep,Stabroek Block,Deepwater,Exxon Mobil,Hess,China National Offshore Oil Corp. (CNOOC), , , , ,No,Appraisal, , , , ,Light,Sweet, 2029_Q2,
Ranger,Yes,Offshore,Guyana,Latin America,Non-Opec-Plus,Oil,Deep,Stabroek Block,Deepwater,Exxon Mobil,Hess,China National Offshore Oil Corp. (CNOOC), , , , ,No,Appraisal, , , , ,Light,Sweet, 2029_Q1,
Ranger,Yes,Offshore,Guyana,Latin America,Non-Opec-Plus,Oil,Deep,Stabroek Block,Deepwater,Exxon Mobil,Hess,China National Offshore Oil Corp. (CNOOC), , , , ,No,Appraisal, , , , ,Light,Sweet, 2028_Q4,
Ranger,Yes,Offshore,Guyana,Latin America,Non-Opec-Plus,Oil,Deep,Stabroek Block,Deepwater,Exxon Mobil,Hess,China National Offshore Oil Corp. (CNOOC), , , , ,No,Appraisal, , , , ,Light,Sweet, 2028_Q3,
Ranger,Yes,Offshore,Guyana,Latin America,Non-Opec-Plus,Oil,Deep,Stabroek Block,Deepwater,Exxon Mobil,Hess,China National Offshore Oil Corp. (CNOOC), , , , ,No,Appraisal, , , , ,Light,Sweet,2028_Q2,
Ranger,Yes,Offshore,Guyana,Latin America,Non-Opec-Plus,Oil,Deep,Stabroek Block,Deepwater,Exxon Mobil,Hess,China National Offshore Oil Corp. (CNOOC), , , , ,No,Appraisal, , , , ,Light,Sweet,2028_Q1,
Ranger,Yes,Offshore,Guyana,Latin America,Non-Opec-Plus,Oil,Deep,Stabroek Block,Deepwater,Exxon Mobil,Hess,China National Offshore Oil Corp. (CNOOC), , , , ,No,Appraisal, , , , ,Light,Sweet,2027_Q4,
Ranger,Yes,Offshore,Guyana,Latin America,Non-Opec-Plus,Oil,Deep,Stabroek Block,Deepwater,Exxon Mobil,Hess,China National Offshore Oil Corp. (CNOOC), , , , ,No,Appraisal, , , , ,Light,Sweet,2027_Q3,
Ranger,Yes,Offshore,Guyana,Latin America,Non-Opec-Plus,Oil,Deep,Stabroek Block,Deepwater,Exxon Mobil,Hess,China National Offshore Oil Corp. (CNOOC), , , , ,No,Appraisal, , , , ,Light,Sweet,2027_Q2,
Ranger,Yes,Offshore,Guyana,Latin America,Non-Opec-Plus,Oil,Deep,Stabroek Block,Deepwater,Exxon Mobil,Hess,China National Offshore Oil Corp. (CNOOC), , , , ,No,Appraisal, , , , ,Light,Sweet,2027_Q1,
Ranger,Yes,Offshore,Guyana,Latin America,Non-Opec-Plus,Oil,Deep,Stabroek Block,Deepwater,Exxon Mobil,Hess,China National Offshore Oil Corp. (CNOOC), , , , ,No,Appraisal, , , , ,Light,Sweet,2026_Q4,
Ranger,Yes,Offshore,Guyana,Latin America,Non-Opec-Plus,Oil,Deep,Stabroek Block,Deepwater,Exxon Mobil,Hess,China National Offshore Oil Corp. (CNOOC), , , , ,No,Appraisal, , , , ,Light,Sweet,2026_Q3,
Ranger,Yes,Offshore,Guyana,Latin America,Non-Opec-Plus,Oil,Deep,Stabroek Block,Deepwater,Exxon Mobil,Hess,China National Offshore Oil Corp. (CNOOC), , , , ,No,Appraisal, , , , ,Light,Sweet,2026_Q2,
Ranger,Yes,Offshore,Guyana,Latin America,Non-Opec-Plus,Oil,Deep,Stabroek Block,Deepwater,Exxon Mobil,Hess,China National Offshore Oil Corp. (CNOOC), , , , ,No,Appraisal, , , , ,Light,Sweet,2026_Q1,
Ranger,Yes,Offshore,Guyana,Latin America,Non-Opec-Plus,Oil,Deep,Stabroek Block,Deepwater,Exxon Mobil,Hess,China National Offshore Oil Corp. (CNOOC), , , , ,No,Appraisal, , , , ,Light,Sweet,2025_Q4,
Ranger,Yes,Offshore,Guyana,Latin America,Non-Opec-Plus,Oil,Deep,Stabroek Block,Deepwater,Exxon Mobil,Hess,China National Offshore Oil Corp. (CNOOC), , , , ,No,Appraisal, , , , ,Light,Sweet,2025_Q3,
Ranger,Yes,Offshore,Guyana,Latin America,Non-Opec-Plus,Oil,Deep,Stabroek Block,Deepwater,Exxon Mobil,Hess,China National Offshore Oil Corp. (CNOOC), , , , ,No,Appraisal, , , , ,Light,Sweet,2025_Q2,
Ranger,Yes,Offshore,Guyana,Latin America,Non-Opec-Plus,Oil,Deep,Stabroek Block,Deepwater,Exxon Mobil,Hess,China National Offshore Oil Corp. (CNOOC), , , , ,No,Appraisal, , , , ,Light,Sweet,2025_Q1,
Ranger,Yes,Offshore,Guyana,Latin America,Non-Opec-Plus,Oil,Deep,Stabroek Block,Deepwater,Exxon Mobil,Hess,China National Offshore Oil Corp. (CNOOC), , , , ,No,Appraisal, , , , ,Light,Sweet,2024_Q4,
Ranger,Yes,Offshore,Guyana,Latin America,Non-Opec-Plus,Oil,Deep,Stabroek Block,Deepwater,Exxon Mobil,Hess,China National Offshore Oil Corp. (CNOOC), , , , ,No,Appraisal, , , , ,Light,Sweet,2024_Q3,
Ranger,Yes,Offshore,Guyana,Latin America,Non-Opec-Plus,Oil,Deep,Stabroek Block,Deepwater,Exxon Mobil,Hess,China National Offshore Oil Corp. (CNOOC), , , , ,No,Appraisal, , , , ,Light,Sweet,2024_Q2,
Ranger,Yes,Offshore,Guyana,Latin America,Non-Opec-Plus,Oil,Deep,Stabroek Block,Deepwater,Exxon Mobil,Hess,China National Offshore Oil Corp. (CNOOC), , , , ,No,Appraisal, , , , ,Light,Sweet,2024_Q1,
Ranger,Yes,Offshore,Guyana,Latin America,Non-Opec-Plus,Oil,Deep,Stabroek Block,Deepwater,Exxon Mobil,Hess,China National Offshore Oil Corp. (CNOOC), , , , ,No,Appraisal, , , , ,Light,Sweet,Partner5 Share %,
Ranger,Yes,Offshore,Guyana,Latin America,Non-Opec-Plus,Oil,Deep,Stabroek Block,Deepwater,Exxon Mobil,Hess,China National Offshore Oil Corp. (CNOOC), , , , ,No,Appraisal, , , , ,Light,Sweet,Partner4 Share %,
Ranger,Yes,Offshore,Guyana,Latin America,Non-Opec-Plus,Oil,Deep,Stabroek Block,Deepwater,Exxon Mobil,Hess,China National Offshore Oil Corp. (CNOOC), , , , ,No,Appraisal, , , , ,Light,Sweet,Partner3 Share %,
Ranger,Yes,Offshore,Guyana,Latin America,Non-Opec-Plus,Oil,Deep,Stabroek Block,Deepwater,Exxon Mobil,Hess,China National Offshore Oil Corp. (CNOOC), , , , ,No,Appraisal, , , , ,Light,Sweet,Partner2 Share %,25
Ranger,Yes,Offshore,Guyana,Latin America,Non-Opec-Plus,Oil,Deep,Stabroek Block,Deepwater,Exxon Mobil,Hess,China National Offshore Oil Corp. (CNOOC), , , , ,No,Appraisal, , , , ,Light,Sweet,Partner1 Share %,30
Ranger,Yes,Offshore,Guyana,Latin America,Non-Opec-Plus,Oil,Deep,Stabroek Block,Deepwater,Exxon Mobil,Hess,China National Offshore Oil Corp. (CNOOC), , , , ,No,Appraisal, , , , ,Light,Sweet,Operator Share %,45
Pluma,Yes,Offshore,Guyana,Latin America,Non-Opec-Plus,Oil,Deep,Stabroek Block,Deepwater,Exxon Mobil,Hess,China National Offshore Oil Corp. (CNOOC), , , , ,No,Appraisal, ,,,,Light,Sweet, 2029_Q4,
Pluma,Yes,Offshore,Guyana,Latin America,Non-Opec-Plus,Oil,Deep,Stabroek Block,Deepwater,Exxon Mobil,Hess,China National Offshore Oil Corp. (CNOOC), , , , ,No,Appraisal, ,,,,Light,Sweet, 2029_Q3,
Pluma,Yes,Offshore,Guyana,Latin America,Non-Opec-Plus,Oil,Deep,Stabroek Block,Deepwater,Exxon Mobil,Hess,China National Offshore Oil Corp. (CNOOC), , , , ,No,Appraisal, ,,,,Light,Sweet, 2029_Q2,
Pluma,Yes,Offshore,Guyana,Latin America,Non-Opec-Plus,Oil,Deep,Stabroek Block,Deepwater,Exxon Mobil,Hess,China National Offshore Oil Corp. (CNOOC), , , , ,No,Appraisal, ,,,,Light,Sweet, 2029_Q1,
Pluma,Yes,Offshore,Guyana,Latin America,Non-Opec-Plus,Oil,Deep,Stabroek Block,Deepwater,Exxon Mobil,Hess,China National Offshore Oil Corp. (CNOOC), , , , ,No,Appraisal, ,,,,Light,Sweet, 2028_Q4,
Pluma,Yes,Offshore,Guyana,Latin America,Non-Opec-Plus,Oil,Deep,Stabroek Block,Deepwater,Exxon Mobil,Hess,China National Offshore Oil Corp. (CNOOC), , , , ,No,Appraisal, ,,,,Light,Sweet, 2028_Q3,
Pluma,Yes,Offshore,Guyana,Latin America,Non-Opec-Plus,Oil,Deep,Stabroek Block,Deepwater,Exxon Mobil,Hess,China National Offshore Oil Corp. (CNOOC), , , , ,No,Appraisal, ,,,,Light,Sweet,2028_Q2,
Pluma,Yes,Offshore,Guyana,Latin America,Non-Opec-Plus,Oil,Deep,Stabroek Block,Deepwater,Exxon Mobil,Hess,China National Offshore Oil Corp. (CNOOC), , , , ,No,Appraisal, ,,,,Light,Sweet,2028_Q1,
Pluma,Yes,Offshore,Guyana,Latin America,Non-Opec-Plus,Oil,Deep,Stabroek Block,Deepwater,Exxon Mobil,Hess,China National Offshore Oil Corp. (CNOOC), , , , ,No,Appraisal, ,,,,Light,Sweet,2027_Q4,
Pluma,Yes,Offshore,Guyana,Latin America,Non-Opec-Plus,Oil,Deep,Stabroek Block,Deepwater,Exxon Mobil,Hess,China National Offshore Oil Corp. (CNOOC), , , , ,No,Appraisal, ,,,,Light,Sweet,2027_Q3,
Pluma,Yes,Offshore,Guyana,Latin America,Non-Opec-Plus,Oil,Deep,Stabroek Block,Deepwater,Exxon Mobil,Hess,China National Offshore Oil Corp. (CNOOC), , , , ,No,Appraisal, ,,,,Light,Sweet,2027_Q2,
Pluma,Yes,Offshore,Guyana,Latin America,Non-Opec-Plus,Oil,Deep,Stabroek Block,Deepwater,Exxon Mobil,Hess,China National Offshore Oil Corp. (CNOOC), , , , ,No,Appraisal, ,,,,Light,Sweet,2027_Q1,
Pluma,Yes,Offshore,Guyana,Latin America,Non-Opec-Plus,Oil,Deep,Stabroek Block,Deepwater,Exxon Mobil,Hess,China National Offshore Oil Corp. (CNOOC), , , , ,No,Appraisal, ,,,,Light,Sweet,2026_Q4,
Pluma,Yes,Offshore,Guyana,Latin America,Non-Opec-Plus,Oil,Deep,Stabroek Block,Deepwater,Exxon Mobil,Hess,China National Offshore Oil Corp. (CNOOC), , , , ,No,Appraisal, ,,,,Light,Sweet,2026_Q3,
Pluma,Yes,Offshore,Guyana,Latin America,Non-Opec-Plus,Oil,Deep,Stabroek Block,Deepwater,Exxon Mobil,Hess,China National Offshore Oil Corp. (CNOOC), , , , ,No,Appraisal, ,,,,Light,Sweet,2026_Q2,
Pluma,Yes,Offshore,Guyana,Latin America,Non-Opec-Plus,Oil,Deep,Stabroek Block,Deepwater,Exxon Mobil,Hess,China National Offshore Oil Corp. (CNOOC), , , , ,No,Appraisal, ,,,,Light,Sweet,2026_Q1,
Pluma,Yes,Offshore,Guyana,Latin America,Non-Opec-Plus,Oil,Deep,Stabroek Block,Deepwater,Exxon Mobil,Hess,China National Offshore Oil Corp. (CNOOC), , , , ,No,Appraisal, ,,,,Light,Sweet,2025_Q4,
Pluma,Yes,Offshore,Guyana,Latin America,Non-Opec-Plus,Oil,Deep,Stabroek Block,Deepwater,Exxon Mobil,Hess,China National Offshore Oil Corp. (CNOOC), , , , ,No,Appraisal, ,,,,Light,Sweet,2025_Q3,
Pluma,Yes,Offshore,Guyana,Latin America,Non-Opec-Plus,Oil,Deep,Stabroek Block,Deepwater,Exxon Mobil,Hess,China National Offshore Oil Corp. (CNOOC), , , , ,No,Appraisal, ,,,,Light,Sweet,2025_Q2,
Pluma,Yes,Offshore,Guyana,Latin America,Non-Opec-Plus,Oil,Deep,Stabroek Block,Deepwater,Exxon Mobil,Hess,China National Offshore Oil Corp. (CNOOC), , , , ,No,Appraisal, ,,,,Light,Sweet,2025_Q1,
Pluma,Yes,Offshore,Guyana,Latin America,Non-Opec-Plus,Oil,Deep,Stabroek Block,Deepwater,Exxon Mobil,Hess,China National Offshore Oil Corp. (CNOOC), , , , ,No,Appraisal, ,,,,Light,Sweet,2024_Q4,
Pluma,Yes,Offshore,Guyana,Latin America,Non-Opec-Plus,Oil,Deep,Stabroek Block,Deepwater,Exxon Mobil,Hess,China National Offshore Oil Corp. (CNOOC), , , , ,No,Appraisal, ,,,,Light,Sweet,2024_Q3,
Pluma,Yes,Offshore,Guyana,Latin America,Non-Opec-Plus,Oil,Deep,Stabroek Block,Deepwater,Exxon Mobil,Hess,China National Offshore Oil Corp. (CNOOC), , , , ,No,Appraisal, ,,,,Light,Sweet,2024_Q2,
Pluma,Yes,Offshore,Guyana,Latin America,Non-Opec-Plus,Oil,Deep,Stabroek Block,Deepwater,Exxon Mobil,Hess,China National Offshore Oil Corp. (CNOOC), , , , ,No,Appraisal, ,,,,Light,Sweet,2024_Q1,
Pluma,Yes,Offshore,Guyana,Latin America,Non-Opec-Plus,Oil,Deep,Stabroek Block,Deepwater,Exxon Mobil,Hess,China National Offshore Oil Corp. (CNOOC), , , , ,No,Appraisal, ,,,,Light,Sweet,Partner5 Share %,
Pluma,Yes,Offshore,Guyana,Latin America,Non-Opec-Plus,Oil,Deep,Stabroek Block,Deepwater,Exxon Mobil,Hess,China National Offshore Oil Corp. (CNOOC), , , , ,No,Appraisal, ,,,,Light,Sweet,Partner4 Share %,
Pluma,Yes,Offshore,Guyana,Latin America,Non-Opec-Plus,Oil,Deep,Stabroek Block,Deepwater,Exxon Mobil,Hess,China National Offshore Oil Corp. (CNOOC), , , , ,No,Appraisal, ,,,,Light,Sweet,Partner3 Share %,
Pluma,Yes,Offshore,Guyana,Latin America,Non-Opec-Plus,Oil,Deep,Stabroek Block,Deepwater,Exxon Mobil,Hess,China National Offshore Oil Corp. (CNOOC), , , , ,No,Appraisal, ,,,,Light,Sweet,Partner2 Share %,25
Pluma,Yes,Offshore,Guyana,Latin America,Non-Opec-Plus,Oil,Deep,Stabroek Block,Deepwater,Exxon Mobil,Hess,China National Offshore Oil Corp. (CNOOC), , , , ,No,Appraisal, ,,,,Light,Sweet,Partner1 Share %,30
Pluma,Yes,Offshore,Guyana,Latin America,Non-Opec-Plus,Oil,Deep,Stabroek Block,Deepwater,Exxon Mobil,Hess,China National Offshore Oil Corp. (CNOOC), , , , ,No,Appraisal, ,,,,Light,Sweet,Operator Share %,45
Pinktail,Yes,Offshore,Guyana,Latin America,Non-Opec-Plus,Oil,Deep,Stabroek Block,Deepwater,Exxon Mobil,Hess,China National Offshore Oil Corp. (CNOOC), , , , ,No,Appraisal, ,,,,Light,Sweet, 2029_Q4,
Pinktail,Yes,Offshore,Guyana,Latin America,Non-Opec-Plus,Oil,Deep,Stabroek Block,Deepwater,Exxon Mobil,Hess,China National Offshore Oil Corp. (CNOOC), , , , ,No,Appraisal, ,,,,Light,Sweet, 2029_Q3,
Pinktail,Yes,Offshore,Guyana,Latin America,Non-Opec-Plus,Oil,Deep,Stabroek Block,Deepwater,Exxon Mobil,Hess,China National Offshore Oil Corp. (CNOOC), , , , ,No,Appraisal, ,,,,Light,Sweet, 2029_Q2,
Pinktail,Yes,Offshore,Guyana,Latin America,Non-Opec-Plus,Oil,Deep,Stabroek Block,Deepwater,Exxon Mobil,Hess,China National Offshore Oil Corp. (CNOOC), , , , ,No,Appraisal, ,,,,Light,Sweet, 2029_Q1,
Pinktail,Yes,Offshore,Guyana,Latin America,Non-Opec-Plus,Oil,Deep,Stabroek Block,Deepwater,Exxon Mobil,Hess,China National Offshore Oil Corp. (CNOOC), , , , ,No,Appraisal, ,,,,Light,Sweet, 2028_Q4,
Pinktail,Yes,Offshore,Guyana,Latin America,Non-Opec-Plus,Oil,Deep,Stabroek Block,Deepwater,Exxon Mobil,Hess,China National Offshore Oil Corp. (CNOOC), , , , ,No,Appraisal, ,,,,Light,Sweet, 2028_Q3,
Pinktail,Yes,Offshore,Guyana,Latin America,Non-Opec-Plus,Oil,Deep,Stabroek Block,Deepwater,Exxon Mobil,Hess,China National Offshore Oil Corp. (CNOOC), , , , ,No,Appraisal, ,,,,Light,Sweet,2028_Q2,
Pinktail,Yes,Offshore,Guyana,Latin America,Non-Opec-Plus,Oil,Deep,Stabroek Block,Deepwater,Exxon Mobil,Hess,China National Offshore Oil Corp. (CNOOC), , , , ,No,Appraisal, ,,,,Light,Sweet,2028_Q1,
Pinktail,Yes,Offshore,Guyana,Latin America,Non-Opec-Plus,Oil,Deep,Stabroek Block,Deepwater,Exxon Mobil,Hess,China National Offshore Oil Corp. (CNOOC), , , , ,No,Appraisal, ,,,,Light,Sweet,2027_Q4,
Pinktail,Yes,Offshore,Guyana,Latin America,Non-Opec-Plus,Oil,Deep,Stabroek Block,Deepwater,Exxon Mobil,Hess,China National Offshore Oil Corp. (CNOOC), , , , ,No,Appraisal, ,,,,Light,Sweet,2027_Q3,
Pinktail,Yes,Offshore,Guyana,Latin America,Non-Opec-Plus,Oil,Deep,Stabroek Block,Deepwater,Exxon Mobil,Hess,China National Offshore Oil Corp. (CNOOC), , , , ,No,Appraisal, ,,,,Light,Sweet,2027_Q2,
Pinktail,Yes,Offshore,Guyana,Latin America,Non-Opec-Plus,Oil,Deep,Stabroek Block,Deepwater,Exxon Mobil,Hess,China National Offshore Oil Corp. (CNOOC), , , , ,No,Appraisal, ,,,,Light,Sweet,2027_Q1,
Pinktail,Yes,Offshore,Guyana,Latin America,Non-Opec-Plus,Oil,Deep,Stabroek Block,Deepwater,Exxon Mobil,Hess,China National Offshore Oil Corp. (CNOOC), , , , ,No,Appraisal, ,,,,Light,Sweet,2026_Q4,
Pinktail,Yes,Offshore,Guyana,Latin America,Non-Opec-Plus,Oil,Deep,Stabroek Block,Deepwater,Exxon Mobil,Hess,China National Offshore Oil Corp. (CNOOC), , , , ,No,Appraisal, ,,,,Light,Sweet,2026_Q3,
Pinktail,Yes,Offshore,Guyana,Latin America,Non-Opec-Plus,Oil,Deep,Stabroek Block,Deepwater,Exxon Mobil,Hess,China National Offshore Oil Corp. (CNOOC), , , , ,No,Appraisal, ,,,,Light,Sweet,2026_Q2,
Pinktail,Yes,Offshore,Guyana,Latin America,Non-Opec-Plus,Oil,Deep,Stabroek Block,Deepwater,Exxon Mobil,Hess,China National Offshore Oil Corp. (CNOOC), , , , ,No,Appraisal, ,,,,Light,Sweet,2026_Q1,
Pinktail,Yes,Offshore,Guyana,Latin America,Non-Opec-Plus,Oil,Deep,Stabroek Block,Deepwater,Exxon Mobil,Hess,China National Offshore Oil Corp. (CNOOC), , , , ,No,Appraisal, ,,,,Light,Sweet,2025_Q4,
Pinktail,Yes,Offshore,Guyana,Latin America,Non-Opec-Plus,Oil,Deep,Stabroek Block,Deepwater,Exxon Mobil,Hess,China National Offshore Oil Corp. (CNOOC), , , , ,No,Appraisal, ,,,,Light,Sweet,2025_Q3,
Pinktail,Yes,Offshore,Guyana,Latin America,Non-Opec-Plus,Oil,Deep,Stabroek Block,Deepwater,Exxon Mobil,Hess,China National Offshore Oil Corp. (CNOOC), , , , ,No,Appraisal, ,,,,Light,Sweet,2025_Q2,
Pinktail,Yes,Offshore,Guyana,Latin America,Non-Opec-Plus,Oil,Deep,Stabroek Block,Deepwater,Exxon Mobil,Hess,China National Offshore Oil Corp. (CNOOC), , , , ,No,Appraisal, ,,,,Light,Sweet,2025_Q1,
Pinktail,Yes,Offshore,Guyana,Latin America,Non-Opec-Plus,Oil,Deep,Stabroek Block,Deepwater,Exxon Mobil,Hess,China National Offshore Oil Corp. (CNOOC), , , , ,No,Appraisal, ,,,,Light,Sweet,2024_Q4,
Pinktail,Yes,Offshore,Guyana,Latin America,Non-Opec-Plus,Oil,Deep,Stabroek Block,Deepwater,Exxon Mobil,Hess,China National Offshore Oil Corp. (CNOOC), , , , ,No,Appraisal, ,,,,Light,Sweet,2024_Q3,
Pinktail,Yes,Offshore,Guyana,Latin America,Non-Opec-Plus,Oil,Deep,Stabroek Block,Deepwater,Exxon Mobil,Hess,China National Offshore Oil Corp. (CNOOC), , , , ,No,Appraisal, ,,,,Light,Sweet,2024_Q2,
Pinktail,Yes,Offshore,Guyana,Latin America,Non-Opec-Plus,Oil,Deep,Stabroek Block,Deepwater,Exxon Mobil,Hess,China National Offshore Oil Corp. (CNOOC), , , , ,No,Appraisal, ,,,,Light,Sweet,2024_Q1,
Pinktail,Yes,Offshore,Guyana,Latin America,Non-Opec-Plus,Oil,Deep,Stabroek Block,Deepwater,Exxon Mobil,Hess,China National Offshore Oil Corp. (CNOOC), , , , ,No,Appraisal, ,,,,Light,Sweet,Partner5 Share %,
Pinktail,Yes,Offshore,Guyana,Latin America,Non-Opec-Plus,Oil,Deep,Stabroek Block,Deepwater,Exxon Mobil,Hess,China National Offshore Oil Corp. (CNOOC), , , , ,No,Appraisal, ,,,,Light,Sweet,Partner4 Share %,
Pinktail,Yes,Offshore,Guyana,Latin America,Non-Opec-Plus,Oil,Deep,Stabroek Block,Deepwater,Exxon Mobil,Hess,China National Offshore Oil Corp. (CNOOC), , , , ,No,Appraisal, ,,,,Light,Sweet,Partner3 Share %,
Pinktail,Yes,Offshore,Guyana,Latin America,Non-Opec-Plus,Oil,Deep,Stabroek Block,Deepwater,Exxon Mobil,Hess,China National Offshore Oil Corp. (CNOOC), , , , ,No,Appraisal, ,,,,Light,Sweet,Partner2 Share %,25
Pinktail,Yes,Offshore,Guyana,Latin America,Non-Opec-Plus,Oil,Deep,Stabroek Block,Deepwater,Exxon Mobil,Hess,China National Offshore Oil Corp. (CNOOC), , , , ,No,Appraisal, ,,,,Light,Sweet,Partner1 Share %,30
Pinktail,Yes,Offshore,Guyana,Latin America,Non-Opec-Plus,Oil,Deep,Stabroek Block,Deepwater,Exxon Mobil,Hess,China National Offshore Oil Corp. (CNOOC), , , , ,No,Appraisal, ,,,,Light,Sweet,Operator Share %,45
Patwa-1,Yes,Offshore,Guyana,Latin America,Non-Opec-Plus,Oil,Deep,Stabroek Block,Deepwater,Exxon Mobil,Hess,China National Offshore Oil Corp. (CNOOC), , , , ,No,Appraisal,"Part of a trio of discoveries announced in April 2022 in offshore Guyana that boosted the recoverable resources in the Exxon Mobil-operated Stabroek Block to nearly 11 billion boe.
By 2027, the companies expect to have at least six floating production, storage and offloading vessels operational in Stabroek, with production expected to surpass 1 million barrels per day.", , , , , , 2029_Q4,
Patwa-1,Yes,Offshore,Guyana,Latin America,Non-Opec-Plus,Oil,Deep,Stabroek Block,Deepwater,Exxon Mobil,Hess,China National Offshore Oil Corp. (CNOOC), , , , ,No,Appraisal,"Part of a trio of discoveries announced in April 2022 in offshore Guyana that boosted the recoverable resources in the Exxon Mobil-operated Stabroek Block to nearly 11 billion boe.
By 2027, the companies expect to have at least six floating production, storage and offloading vessels operational in Stabroek, with production expected to surpass 1 million barrels per day.", , , , , , 2029_Q3,
Patwa-1,Yes,Offshore,Guyana,Latin America,Non-Opec-Plus,Oil,Deep,Stabroek Block,Deepwater,Exxon Mobil,Hess,China National Offshore Oil Corp. (CNOOC), , , , ,No,Appraisal,"Part of a trio of discoveries announced in April 2022 in offshore Guyana that boosted the recoverable resources in the Exxon Mobil-operated Stabroek Block to nearly 11 billion boe.
By 2027, the companies expect to have at least six floating production, storage and offloading vessels operational in Stabroek, with production expected to surpass 1 million barrels per day.", , , , , , 2029_Q2,
Patwa-1,Yes,Offshore,Guyana,Latin America,Non-Opec-Plus,Oil,Deep,Stabroek Block,Deepwater,Exxon Mobil,Hess,China National Offshore Oil Corp. (CNOOC), , , , ,No,Appraisal,"Part of a trio of discoveries announced in April 2022 in offshore Guyana that boosted the recoverable resources in the Exxon Mobil-operated Stabroek Block to nearly 11 billion boe.
By 2027, the companies expect to have at least six floating production, storage and offloading vessels operational in Stabroek, with production expected to surpass 1 million barrels per day.", , , , , , 2029_Q1,
Patwa-1,Yes,Offshore,Guyana,Latin America,Non-Opec-Plus,Oil,Deep,Stabroek Block,Deepwater,Exxon Mobil,Hess,China National Offshore Oil Corp. (CNOOC), , , , ,No,Appraisal,"Part of a trio of discoveries announced in April 2022 in offshore Guyana that boosted the recoverable resources in the Exxon Mobil-operated Stabroek Block to nearly 11 billion boe.
By 2027, the companies expect to have at least six floating production, storage and offloading vessels operational in Stabroek, with production expected to surpass 1 million barrels per day.", , , , , , 2028_Q4,
Patwa-1,Yes,Offshore,Guyana,Latin America,Non-Opec-Plus,Oil,Deep,Stabroek Block,Deepwater,Exxon Mobil,Hess,China National Offshore Oil Corp. (CNOOC), , , , ,No,Appraisal,"Part of a trio of discoveries announced in April 2022 in offshore Guyana that boosted the recoverable resources in the Exxon Mobil-operated Stabroek Block to nearly 11 billion boe.
By 2027, the companies expect to have at least six floating production, storage and offloading vessels operational in Stabroek, with production expected to surpass 1 million barrels per day.", , , , , , 2028_Q3,
Patwa-1,Yes,Offshore,Guyana,Latin America,Non-Opec-Plus,Oil,Deep,Stabroek Block,Deepwater,Exxon Mobil,Hess,China National Offshore Oil Corp. (CNOOC), , , , ,No,Appraisal,"Part of a trio of discoveries announced in April 2022 in offshore Guyana that boosted the recoverable resources in the Exxon Mobil-operated Stabroek Block to nearly 11 billion boe.
By 2027, the companies expect to have at least six floating production, storage and offloading vessels operational in Stabroek, with production expected to surpass 1 million barrels per day.", , , , , ,2028_Q2,
Patwa-1,Yes,Offshore,Guyana,Latin America,Non-Opec-Plus,Oil,Deep,Stabroek Block,Deepwater,Exxon Mobil,Hess,China National Offshore Oil Corp. (CNOOC), , , , ,No,Appraisal,"Part of a trio of discoveries announced in April 2022 in offshore Guyana that boosted the recoverable resources in the Exxon Mobil-operated Stabroek Block to nearly 11 billion boe.
By 2027, the companies expect to have at least six floating production, storage and offloading vessels operational in Stabroek, with production expected to surpass 1 million barrels per day.", , , , , ,2028_Q1,
Patwa-1,Yes,Offshore,Guyana,Latin America,Non-Opec-Plus,Oil,Deep,Stabroek Block,Deepwater,Exxon Mobil,Hess,China National Offshore Oil Corp. (CNOOC), , , , ,No,Appraisal,"Part of a trio of discoveries announced in April 2022 in offshore Guyana that boosted the recoverable resources in the Exxon Mobil-operated Stabroek Block to nearly 11 billion boe.
By 2027, the companies expect to have at least six floating production, storage and offloading vessels operational in Stabroek, with production expected to surpass 1 million barrels per day.", , , , , ,2027_Q4,
Patwa-1,Yes,Offshore,Guyana,Latin America,Non-Opec-Plus,Oil,Deep,Stabroek Block,Deepwater,Exxon Mobil,Hess,China National Offshore Oil Corp. (CNOOC), , , , ,No,Appraisal,"Part of a trio of discoveries announced in April 2022 in offshore Guyana that boosted the recoverable resources in the Exxon Mobil-operated Stabroek Block to nearly 11 billion boe.
By 2027, the companies expect to have at least six floating production, storage and offloading vessels operational in Stabroek, with production expected to surpass 1 million barrels per day.", , , , , ,2027_Q3,
Patwa-1,Yes,Offshore,Guyana,Latin America,Non-Opec-Plus,Oil,Deep,Stabroek Block,Deepwater,Exxon Mobil,Hess,China National Offshore Oil Corp. (CNOOC), , , , ,No,Appraisal,"Part of a trio of discoveries announced in April 2022 in offshore Guyana that boosted the recoverable resources in the Exxon Mobil-operated Stabroek Block to nearly 11 billion boe.
By 2027, the companies expect to have at least six floating production, storage and offloading vessels operational in Stabroek, with production expected to surpass 1 million barrels per day.", , , , , ,2027_Q2,
Patwa-1,Yes,Offshore,Guyana,Latin America,Non-Opec-Plus,Oil,Deep,Stabroek Block,Deepwater,Exxon Mobil,Hess,China National Offshore Oil Corp. (CNOOC), , , , ,No,Appraisal,"Part of a trio of discoveries announced in April 2022 in offshore Guyana that boosted the recoverable resources in the Exxon Mobil-operated Stabroek Block to nearly 11 billion boe.
By 2027, the companies expect to have at least six floating production, storage and offloading vessels operational in Stabroek, with production expected to surpass 1 million barrels per day.", , , , , ,2027_Q1,
Patwa-1,Yes,Offshore,Guyana,Latin America,Non-Opec-Plus,Oil,Deep,Stabroek Block,Deepwater,Exxon Mobil,Hess,China National Offshore Oil Corp. (CNOOC), , , , ,No,Appraisal,"Part of a trio of discoveries announced in April 2022 in offshore Guyana that boosted the recoverable resources in the Exxon Mobil-operated Stabroek Block to nearly 11 billion boe.
By 2027, the companies expect to have at least six floating production, storage and offloading vessels operational in Stabroek, with production expected to surpass 1 million barrels per day.", , , , , ,2026_Q4,
Patwa-1,Yes,Offshore,Guyana,Latin America,Non-Opec-Plus,Oil,Deep,Stabroek Block,Deepwater,Exxon Mobil,Hess,China National Offshore Oil Corp. (CNOOC), , , , ,No,Appraisal,"Part of a trio of discoveries announced in April 2022 in offshore Guyana that boosted the recoverable resources in the Exxon Mobil-operated Stabroek Block to nearly 11 billion boe.
By 2027, the companies expect to have at least six floating production, storage and offloading vessels operational in Stabroek, with production expected to surpass 1 million barrels per day.", , , , , ,2026_Q3,
Patwa-1,Yes,Offshore,Guyana,Latin America,Non-Opec-Plus,Oil,Deep,Stabroek Block,Deepwater,Exxon Mobil,Hess,China National Offshore Oil Corp. (CNOOC), , , , ,No,Appraisal,"Part of a trio of discoveries announced in April 2022 in offshore Guyana that boosted the recoverable resources in the Exxon Mobil-operated Stabroek Block to nearly 11 billion boe.
By 2027, the companies expect to have at least six floating production, storage and offloading vessels operational in Stabroek, with production expected to surpass 1 million barrels per day.", , , , , ,2026_Q2,
Patwa-1,Yes,Offshore,Guyana,Latin America,Non-Opec-Plus,Oil,Deep,Stabroek Block,Deepwater,Exxon Mobil,Hess,China National Offshore Oil Corp. (CNOOC), , , , ,No,Appraisal,"Part of a trio of discoveries announced in April 2022 in offshore Guyana that boosted the recoverable resources in the Exxon Mobil-operated Stabroek Block to nearly 11 billion boe.
By 2027, the companies expect to have at least six floating production, storage and offloading vessels operational in Stabroek, with production expected to surpass 1 million barrels per day.", , , , , ,2026_Q1,
Patwa-1,Yes,Offshore,Guyana,Latin America,Non-Opec-Plus,Oil,Deep,Stabroek Block,Deepwater,Exxon Mobil,Hess,China National Offshore Oil Corp. (CNOOC), , , , ,No,Appraisal,"Part of a trio of discoveries announced in April 2022 in offshore Guyana that boosted the recoverable resources in the Exxon Mobil-operated Stabroek Block to nearly 11 billion boe.
By 2027, the companies expect to have at least six floating production, storage and offloading vessels operational in Stabroek, with production expected to surpass 1 million barrels per day.", , , , , ,2025_Q4,
Patwa-1,Yes,Offshore,Guyana,Latin America,Non-Opec-Plus,Oil,Deep,Stabroek Block,Deepwater,Exxon Mobil,Hess,China National Offshore Oil Corp. (CNOOC), , , , ,No,Appraisal,"Part of a trio of discoveries announced in April 2022 in offshore Guyana that boosted the recoverable resources in the Exxon Mobil-operated Stabroek Block to nearly 11 billion boe.
By 2027, the companies expect to have at least six floating production, storage and offloading vessels operational in Stabroek, with production expected to surpass 1 million barrels per day.", , , , , ,2025_Q3,
Patwa-1,Yes,Offshore,Guyana,Latin America,Non-Opec-Plus,Oil,Deep,Stabroek Block,Deepwater,Exxon Mobil,Hess,China National Offshore Oil Corp. (CNOOC), , , , ,No,Appraisal,"Part of a trio of discoveries announced in April 2022 in offshore Guyana that boosted the recoverable resources in the Exxon Mobil-operated Stabroek Block to nearly 11 billion boe.
By 2027, the companies expect to have at least six floating production, storage and offloading vessels operational in Stabroek, with production expected to surpass 1 million barrels per day.", , , , , ,2025_Q2,
Patwa-1,Yes,Offshore,Guyana,Latin America,Non-Opec-Plus,Oil,Deep,Stabroek Block,Deepwater,Exxon Mobil,Hess,China National Offshore Oil Corp. (CNOOC), , , , ,No,Appraisal,"Part of a trio of discoveries announced in April 2022 in offshore Guyana that boosted the recoverable resources in the Exxon Mobil-operated Stabroek Block to nearly 11 billion boe.
By 2027, the companies expect to have at least six floating production, storage and offloading vessels operational in Stabroek, with production expected to surpass 1 million barrels per day.", , , , , ,2025_Q1,
Patwa-1,Yes,Offshore,Guyana,Latin America,Non-Opec-Plus,Oil,Deep,Stabroek Block,Deepwater,Exxon Mobil,Hess,China National Offshore Oil Corp. (CNOOC), , , , ,No,Appraisal,"Part of a trio of discoveries announced in April 2022 in offshore Guyana that boosted the recoverable resources in the Exxon Mobil-operated Stabroek Block to nearly 11 billion boe.
By 2027, the companies expect to have at least six floating production, storage and offloading vessels operational in Stabroek, with production expected to surpass 1 million barrels per day.", , , , , ,2024_Q4,
Patwa-1,Yes,Offshore,Guyana,Latin America,Non-Opec-Plus,Oil,Deep,Stabroek Block,Deepwater,Exxon Mobil,Hess,China National Offshore Oil Corp. (CNOOC), , , , ,No,Appraisal,"Part of a trio of discoveries announced in April 2022 in offshore Guyana that boosted the recoverable resources in the Exxon Mobil-operated Stabroek Block to nearly 11 billion boe.
By 2027, the companies expect to have at least six floating production, storage and offloading vessels operational in Stabroek, with production expected to surpass 1 million barrels per day.", , , , , ,2024_Q3,
Patwa-1,Yes,Offshore,Guyana,Latin America,Non-Opec-Plus,Oil,Deep,Stabroek Block,Deepwater,Exxon Mobil,Hess,China National Offshore Oil Corp. (CNOOC), , , , ,No,Appraisal,"Part of a trio of discoveries announced in April 2022 in offshore Guyana that boosted the recoverable resources in the Exxon Mobil-operated Stabroek Block to nearly 11 billion boe.
By 2027, the companies expect to have at least six floating production, storage and offloading vessels operational in Stabroek, with production expected to surpass 1 million barrels per day.", , , , , ,2024_Q2,
Patwa-1,Yes,Offshore,Guyana,Latin America,Non-Opec-Plus,Oil,Deep,Stabroek Block,Deepwater,Exxon Mobil,Hess,China National Offshore Oil Corp. (CNOOC), , , , ,No,Appraisal,"Part of a trio of discoveries announced in April 2022 in offshore Guyana that boosted the recoverable resources in the Exxon Mobil-operated Stabroek Block to nearly 11 billion boe.
By 2027, the companies expect to have at least six floating production, storage and offloading vessels operational in Stabroek, with production expected to surpass 1 million barrels per day.", , , , , ,2024_Q1,
Patwa-1,Yes,Offshore,Guyana,Latin America,Non-Opec-Plus,Oil,Deep,Stabroek Block,Deepwater,Exxon Mobil,Hess,China National Offshore Oil Corp. (CNOOC), , , , ,No,Appraisal,"Part of a trio of discoveries announced in April 2022 in offshore Guyana that boosted the recoverable resources in the Exxon Mobil-operated Stabroek Block to nearly 11 billion boe.
By 2027, the companies expect to have at least six floating production, storage and offloading vessels operational in Stabroek, with production expected to surpass 1 million barrels per day.", , , , , ,Partner5 Share %,
Patwa-1,Yes,Offshore,Guyana,Latin America,Non-Opec-Plus,Oil,Deep,Stabroek Block,Deepwater,Exxon Mobil,Hess,China National Offshore Oil Corp. (CNOOC), , , , ,No,Appraisal,"Part of a trio of discoveries announced in April 2022 in offshore Guyana that boosted the recoverable resources in the Exxon Mobil-operated Stabroek Block to nearly 11 billion boe.
By 2027, the companies expect to have at least six floating production, storage and offloading vessels operational in Stabroek, with production expected to surpass 1 million barrels per day.", , , , , ,Partner4 Share %,
Patwa-1,Yes,Offshore,Guyana,Latin America,Non-Opec-Plus,Oil,Deep,Stabroek Block,Deepwater,Exxon Mobil,Hess,China National Offshore Oil Corp. (CNOOC), , , , ,No,Appraisal,"Part of a trio of discoveries announced in April 2022 in offshore Guyana that boosted the recoverable resources in the Exxon Mobil-operated Stabroek Block to nearly 11 billion boe.
By 2027, the companies expect to have at least six floating production, storage and offloading vessels operational in Stabroek, with production expected to surpass 1 million barrels per day.", , , , , ,Partner3 Share %,
Patwa-1,Yes,Offshore,Guyana,Latin America,Non-Opec-Plus,Oil,Deep,Stabroek Block,Deepwater,Exxon Mobil,Hess,China National Offshore Oil Corp. (CNOOC), , , , ,No,Appraisal,"Part of a trio of discoveries announced in April 2022 in offshore Guyana that boosted the recoverable resources in the Exxon Mobil-operated Stabroek Block to nearly 11 billion boe.
By 2027, the companies expect to have at least six floating production, storage and offloading vessels operational in Stabroek, with production expected to surpass 1 million barrels per day.", , , , , ,Partner2 Share %,25
Patwa-1,Yes,Offshore,Guyana,Latin America,Non-Opec-Plus,Oil,Deep,Stabroek Block,Deepwater,Exxon Mobil,Hess,China National Offshore Oil Corp. (CNOOC), , , , ,No,Appraisal,"Part of a trio of discoveries announced in April 2022 in offshore Guyana that boosted the recoverable resources in the Exxon Mobil-operated Stabroek Block to nearly 11 billion boe.
By 2027, the companies expect to have at least six floating production, storage and offloading vessels operational in Stabroek, with production expected to surpass 1 million barrels per day.", , , , , ,Partner1 Share %,30
Patwa-1,Yes,Offshore,Guyana,Latin America,Non-Opec-Plus,Oil,Deep,Stabroek Block,Deepwater,Exxon Mobil,Hess,China National Offshore Oil Corp. (CNOOC), , , , ,No,Appraisal,"Part of a trio of discoveries announced in April 2022 in offshore Guyana that boosted the recoverable resources in the Exxon Mobil-operated Stabroek Block to nearly 11 billion boe.
By 2027, the companies expect to have at least six floating production, storage and offloading vessels operational in Stabroek, with production expected to surpass 1 million barrels per day.", , , , , ,Operator Share %,45
Pacora,Yes,Offshore,Guyana,Latin America,Non-Opec-Plus,Oil,Deep,Stabroek Block,Deepwater,Exxon Mobil,Hess,China National Offshore Oil Corp. (CNOOC), , , , ,No,Appraisal, ,,,,Light,Sweet, 2029_Q4,
Pacora,Yes,Offshore,Guyana,Latin America,Non-Opec-Plus,Oil,Deep,Stabroek Block,Deepwater,Exxon Mobil,Hess,China National Offshore Oil Corp. (CNOOC), , , , ,No,Appraisal, ,,,,Light,Sweet, 2029_Q3,
Pacora,Yes,Offshore,Guyana,Latin America,Non-Opec-Plus,Oil,Deep,Stabroek Block,Deepwater,Exxon Mobil,Hess,China National Offshore Oil Corp. (CNOOC), , , , ,No,Appraisal, ,,,,Light,Sweet, 2029_Q2,
Pacora,Yes,Offshore,Guyana,Latin America,Non-Opec-Plus,Oil,Deep,Stabroek Block,Deepwater,Exxon Mobil,Hess,China National Offshore Oil Corp. (CNOOC), , , , ,No,Appraisal, ,,,,Light,Sweet, 2029_Q1,
Pacora,Yes,Offshore,Guyana,Latin America,Non-Opec-Plus,Oil,Deep,Stabroek Block,Deepwater,Exxon Mobil,Hess,China National Offshore Oil Corp. (CNOOC), , , , ,No,Appraisal, ,,,,Light,Sweet, 2028_Q4,
Pacora,Yes,Offshore,Guyana,Latin America,Non-Opec-Plus,Oil,Deep,Stabroek Block,Deepwater,Exxon Mobil,Hess,China National Offshore Oil Corp. (CNOOC), , , , ,No,Appraisal, ,,,,Light,Sweet, 2028_Q3,
Pacora,Yes,Offshore,Guyana,Latin America,Non-Opec-Plus,Oil,Deep,Stabroek Block,Deepwater,Exxon Mobil,Hess,China National Offshore Oil Corp. (CNOOC), , , , ,No,Appraisal, ,,,,Light,Sweet,2028_Q2,
Pacora,Yes,Offshore,Guyana,Latin America,Non-Opec-Plus,Oil,Deep,Stabroek Block,Deepwater,Exxon Mobil,Hess,China National Offshore Oil Corp. (CNOOC), , , , ,No,Appraisal, ,,,,Light,Sweet,2028_Q1,
Pacora,Yes,Offshore,Guyana,Latin America,Non-Opec-Plus,Oil,Deep,Stabroek Block,Deepwater,Exxon Mobil,Hess,China National Offshore Oil Corp. (CNOOC), , , , ,No,Appraisal, ,,,,Light,Sweet,2027_Q4,
Pacora,Yes,Offshore,Guyana,Latin America,Non-Opec-Plus,Oil,Deep,Stabroek Block,Deepwater,Exxon Mobil,Hess,China National Offshore Oil Corp. (CNOOC), , , , ,No,Appraisal, ,,,,Light,Sweet,2027_Q3,
Pacora,Yes,Offshore,Guyana,Latin America,Non-Opec-Plus,Oil,Deep,Stabroek Block,Deepwater,Exxon Mobil,Hess,China National Offshore Oil Corp. (CNOOC), , , , ,No,Appraisal, ,,,,Light,Sweet,2027_Q2,
Pacora,Yes,Offshore,Guyana,Latin America,Non-Opec-Plus,Oil,Deep,Stabroek Block,Deepwater,Exxon Mobil,Hess,China National Offshore Oil Corp. (CNOOC), , , , ,No,Appraisal, ,,,,Light,Sweet,2027_Q1,
Pacora,Yes,Offshore,Guyana,Latin America,Non-Opec-Plus,Oil,Deep,Stabroek Block,Deepwater,Exxon Mobil,Hess,China National Offshore Oil Corp. (CNOOC), , , , ,No,Appraisal, ,,,,Light,Sweet,2026_Q4,
Pacora,Yes,Offshore,Guyana,Latin America,Non-Opec-Plus,Oil,Deep,Stabroek Block,Deepwater,Exxon Mobil,Hess,China National Offshore Oil Corp. (CNOOC), , , , ,No,Appraisal, ,,,,Light,Sweet,2026_Q3,
Pacora,Yes,Offshore,Guyana,Latin America,Non-Opec-Plus,Oil,Deep,Stabroek Block,Deepwater,Exxon Mobil,Hess,China National Offshore Oil Corp. (CNOOC), , , , ,No,Appraisal, ,,,,Light,Sweet,2026_Q2,
Pacora,Yes,Offshore,Guyana,Latin America,Non-Opec-Plus,Oil,Deep,Stabroek Block,Deepwater,Exxon Mobil,Hess,China National Offshore Oil Corp. (CNOOC), , , , ,No,Appraisal, ,,,,Light,Sweet,2026_Q1,
Pacora,Yes,Offshore,Guyana,Latin America,Non-Opec-Plus,Oil,Deep,Stabroek Block,Deepwater,Exxon Mobil,Hess,China National Offshore Oil Corp. (CNOOC), , , , ,No,Appraisal, ,,,,Light,Sweet,2025_Q4,
Pacora,Yes,Offshore,Guyana,Latin America,Non-Opec-Plus,Oil,Deep,Stabroek Block,Deepwater,Exxon Mobil,Hess,China National Offshore Oil Corp. (CNOOC), , , , ,No,Appraisal, ,,,,Light,Sweet,2025_Q3,
Pacora,Yes,Offshore,Guyana,Latin America,Non-Opec-Plus,Oil,Deep,Stabroek Block,Deepwater,Exxon Mobil,Hess,China National Offshore Oil Corp. (CNOOC), , , , ,No,Appraisal, ,,,,Light,Sweet,2025_Q2,
Pacora,Yes,Offshore,Guyana,Latin America,Non-Opec-Plus,Oil,Deep,Stabroek Block,Deepwater,Exxon Mobil,Hess,China National Offshore Oil Corp. (CNOOC), , , , ,No,Appraisal, ,,,,Light,Sweet,2025_Q1,
Pacora,Yes,Offshore,Guyana,Latin America,Non-Opec-Plus,Oil,Deep,Stabroek Block,Deepwater,Exxon Mobil,Hess,China National Offshore Oil Corp. (CNOOC), , , , ,No,Appraisal, ,,,,Light,Sweet,2024_Q4,
Pacora,Yes,Offshore,Guyana,Latin America,Non-Opec-Plus,Oil,Deep,Stabroek Block,Deepwater,Exxon Mobil,Hess,China National Offshore Oil Corp. (CNOOC), , , , ,No,Appraisal, ,,,,Light,Sweet,2024_Q3,
Pacora,Yes,Offshore,Guyana,Latin America,Non-Opec-Plus,Oil,Deep,Stabroek Block,Deepwater,Exxon Mobil,Hess,China National Offshore Oil Corp. (CNOOC), , , , ,No,Appraisal, ,,,,Light,Sweet,2024_Q2,
Pacora,Yes,Offshore,Guyana,Latin America,Non-Opec-Plus,Oil,Deep,Stabroek Block,Deepwater,Exxon Mobil,Hess,China National Offshore Oil Corp. (CNOOC), , , , ,No,Appraisal, ,,,,Light,Sweet,2024_Q1,
Pacora,Yes,Offshore,Guyana,Latin America,Non-Opec-Plus,Oil,Deep,Stabroek Block,Deepwater,Exxon Mobil,Hess,China National Offshore Oil Corp. (CNOOC), , , , ,No,Appraisal, ,,,,Light,Sweet,Partner5 Share %,
Pacora,Yes,Offshore,Guyana,Latin America,Non-Opec-Plus,Oil,Deep,Stabroek Block,Deepwater,Exxon Mobil,Hess,China National Offshore Oil Corp. (CNOOC), , , , ,No,Appraisal, ,,,,Light,Sweet,Partner4 Share %,
Pacora,Yes,Offshore,Guyana,Latin America,Non-Opec-Plus,Oil,Deep,Stabroek Block,Deepwater,Exxon Mobil,Hess,China National Offshore Oil Corp. (CNOOC), , , , ,No,Appraisal, ,,,,Light,Sweet,Partner3 Share %,
Pacora,Yes,Offshore,Guyana,Latin America,Non-Opec-Plus,Oil,Deep,Stabroek Block,Deepwater,Exxon Mobil,Hess,China National Offshore Oil Corp. (CNOOC), , , , ,No,Appraisal, ,,,,Light,Sweet,Partner2 Share %,25
Pacora,Yes,Offshore,Guyana,Latin America,Non-Opec-Plus,Oil,Deep,Stabroek Block,Deepwater,Exxon Mobil,Hess,China National Offshore Oil Corp. (CNOOC), , , , ,No,Appraisal, ,,,,Light,Sweet,Partner1 Share %,30
Pacora,Yes,Offshore,Guyana,Latin America,Non-Opec-Plus,Oil,Deep,Stabroek Block,Deepwater,Exxon Mobil,Hess,China National Offshore Oil Corp. (CNOOC), , , , ,No,Appraisal, ,,,,Light,Sweet,Operator Share %,45
Lukanani-1,Yes,Offshore,Guyana,Latin America,Non-Opec-Plus,Oil,Deep,Stabroek Block,Deepwater,Exxon Mobil,Hess,China National Offshore Oil Corp. (CNOOC), , , , ,No,Appraisal,"Part of a trio of discoveries announced in April 2022 in offshore Guyana that boosted the recoverable resources in the Exxon Mobil-operated Stabroek Block to nearly 11 billion boe.
By 2027, the companies expect to have at least six floating production, storage and offloading vessels operational in Stabroek, with production expected to surpass 1 million barrels per day.", , , , , , 2029_Q4,
Lukanani-1,Yes,Offshore,Guyana,Latin America,Non-Opec-Plus,Oil,Deep,Stabroek Block,Deepwater,Exxon Mobil,Hess,China National Offshore Oil Corp. (CNOOC), , , , ,No,Appraisal,"Part of a trio of discoveries announced in April 2022 in offshore Guyana that boosted the recoverable resources in the Exxon Mobil-operated Stabroek Block to nearly 11 billion boe.
By 2027, the companies expect to have at least six floating production, storage and offloading vessels operational in Stabroek, with production expected to surpass 1 million barrels per day.", , , , , , 2029_Q3,
Lukanani-1,Yes,Offshore,Guyana,Latin America,Non-Opec-Plus,Oil,Deep,Stabroek Block,Deepwater,Exxon Mobil,Hess,China National Offshore Oil Corp. (CNOOC), , , , ,No,Appraisal,"Part of a trio of discoveries announced in April 2022 in offshore Guyana that boosted the recoverable resources in the Exxon Mobil-operated Stabroek Block to nearly 11 billion boe.
By 2027, the companies expect to have at least six floating production, storage and offloading vessels operational in Stabroek, with production expected to surpass 1 million barrels per day.", , , , , , 2029_Q2,
Lukanani-1,Yes,Offshore,Guyana,Latin America,Non-Opec-Plus,Oil,Deep,Stabroek Block,Deepwater,Exxon Mobil,Hess,China National Offshore Oil Corp. (CNOOC), , , , ,No,Appraisal,"Part of a trio of discoveries announced in April 2022 in offshore Guyana that boosted the recoverable resources in the Exxon Mobil-operated Stabroek Block to nearly 11 billion boe.
By 2027, the companies expect to have at least six floating production, storage and offloading vessels operational in Stabroek, with production expected to surpass 1 million barrels per day.", , , , , , 2029_Q1,
Lukanani-1,Yes,Offshore,Guyana,Latin America,Non-Opec-Plus,Oil,Deep,Stabroek Block,Deepwater,Exxon Mobil,Hess,China National Offshore Oil Corp. (CNOOC), , , , ,No,Appraisal,"Part of a trio of discoveries announced in April 2022 in offshore Guyana that boosted the recoverable resources in the Exxon Mobil-operated Stabroek Block to nearly 11 billion boe.
By 2027, the companies expect to have at least six floating production, storage and offloading vessels operational in Stabroek, with production expected to surpass 1 million barrels per day.", , , , , , 2028_Q4,
Lukanani-1,Yes,Offshore,Guyana,Latin America,Non-Opec-Plus,Oil,Deep,Stabroek Block,Deepwater,Exxon Mobil,Hess,China National Offshore Oil Corp. (CNOOC), , , , ,No,Appraisal,"Part of a trio of discoveries announced in April 2022 in offshore Guyana that boosted the recoverable resources in the Exxon Mobil-operated Stabroek Block to nearly 11 billion boe.
By 2027, the companies expect to have at least six floating production, storage and offloading vessels operational in Stabroek, with production expected to surpass 1 million barrels per day.", , , , , , 2028_Q3,
Lukanani-1,Yes,Offshore,Guyana,Latin America,Non-Opec-Plus,Oil,Deep,Stabroek Block,Deepwater,Exxon Mobil,Hess,China National Offshore Oil Corp. (CNOOC), , , , ,No,Appraisal,"Part of a trio of discoveries announced in April 2022 in offshore Guyana that boosted the recoverable resources in the Exxon Mobil-operated Stabroek Block to nearly 11 billion boe.
By 2027, the companies expect to have at least six floating production, storage and offloading vessels operational in Stabroek, with production expected to surpass 1 million barrels per day.", , , , , ,2028_Q2,
Lukanani-1,Yes,Offshore,Guyana,Latin America,Non-Opec-Plus,Oil,Deep,Stabroek Block,Deepwater,Exxon Mobil,Hess,China National Offshore Oil Corp. (CNOOC), , , , ,No,Appraisal,"Part of a trio of discoveries announced in April 2022 in offshore Guyana that boosted the recoverable resources in the Exxon Mobil-operated Stabroek Block to nearly 11 billion boe.
By 2027, the companies expect to have at least six floating production, storage and offloading vessels operational in Stabroek, with production expected to surpass 1 million barrels per day.", , , , , ,2028_Q1,
Lukanani-1,Yes,Offshore,Guyana,Latin America,Non-Opec-Plus,Oil,Deep,Stabroek Block,Deepwater,Exxon Mobil,Hess,China National Offshore Oil Corp. (CNOOC), , , , ,No,Appraisal,"Part of a trio of discoveries announced in April 2022 in offshore Guyana that boosted the recoverable resources in the Exxon Mobil-operated Stabroek Block to nearly 11 billion boe.
By 2027, the companies expect to have at least six floating production, storage and offloading vessels operational in Stabroek, with production expected to surpass 1 million barrels per day.", , , , , ,2027_Q4,
Lukanani-1,Yes,Offshore,Guyana,Latin America,Non-Opec-Plus,Oil,Deep,Stabroek Block,Deepwater,Exxon Mobil,Hess,China National Offshore Oil Corp. (CNOOC), , , , ,No,Appraisal,"Part of a trio of discoveries announced in April 2022 in offshore Guyana that boosted the recoverable resources in the Exxon Mobil-operated Stabroek Block to nearly 11 billion boe.
By 2027, the companies expect to have at least six floating production, storage and offloading vessels operational in Stabroek, with production expected to surpass 1 million barrels per day.", , , , , ,2027_Q3,
Lukanani-1,Yes,Offshore,Guyana,Latin America,Non-Opec-Plus,Oil,Deep,Stabroek Block,Deepwater,Exxon Mobil,Hess,China National Offshore Oil Corp. (CNOOC), , , , ,No,Appraisal,"Part of a trio of discoveries announced in April 2022 in offshore Guyana that boosted the recoverable resources in the Exxon Mobil-operated Stabroek Block to nearly 11 billion boe.
By 2027, the companies expect to have at least six floating production, storage and offloading vessels operational in Stabroek, with production expected to surpass 1 million barrels per day.", , , , , ,2027_Q2,
Lukanani-1,Yes,Offshore,Guyana,Latin America,Non-Opec-Plus,Oil,Deep,Stabroek Block,Deepwater,Exxon Mobil,Hess,China National Offshore Oil Corp. (CNOOC), , , , ,No,Appraisal,"Part of a trio of discoveries announced in April 2022 in offshore Guyana that boosted the recoverable resources in the Exxon Mobil-operated Stabroek Block to nearly 11 billion boe.
By 2027, the companies expect to have at least six floating production, storage and offloading vessels operational in Stabroek, with production expected to surpass 1 million barrels per day.", , , , , ,2027_Q1,
Lukanani-1,Yes,Offshore,Guyana,Latin America,Non-Opec-Plus,Oil,Deep,Stabroek Block,Deepwater,Exxon Mobil,Hess,China National Offshore Oil Corp. (CNOOC), , , , ,No,Appraisal,"Part of a trio of discoveries announced in April 2022 in offshore Guyana that boosted the recoverable resources in the Exxon Mobil-operated Stabroek Block to nearly 11 billion boe.
By 2027, the companies expect to have at least six floating production, storage and offloading vessels operational in Stabroek, with production expected to surpass 1 million barrels per day.", , , , , ,2026_Q4,
Lukanani-1,Yes,Offshore,Guyana,Latin America,Non-Opec-Plus,Oil,Deep,Stabroek Block,Deepwater,Exxon Mobil,Hess,China National Offshore Oil Corp. (CNOOC), , , , ,No,Appraisal,"Part of a trio of discoveries announced in April 2022 in offshore Guyana that boosted the recoverable resources in the Exxon Mobil-operated Stabroek Block to nearly 11 billion boe.
By 2027, the companies expect to have at least six floating production, storage and offloading vessels operational in Stabroek, with production expected to surpass 1 million barrels per day.", , , , , ,2026_Q3,
Lukanani-1,Yes,Offshore,Guyana,Latin America,Non-Opec-Plus,Oil,Deep,Stabroek Block,Deepwater,Exxon Mobil,Hess,China National Offshore Oil Corp. (CNOOC), , , , ,No,Appraisal,"Part of a trio of discoveries announced in April 2022 in offshore Guyana that boosted the recoverable resources in the Exxon Mobil-operated Stabroek Block to nearly 11 billion boe.
By 2027, the companies expect to have at least six floating production, storage and offloading vessels operational in Stabroek, with production expected to surpass 1 million barrels per day.", , , , , ,2026_Q2,
Lukanani-1,Yes,Offshore,Guyana,Latin America,Non-Opec-Plus,Oil,Deep,Stabroek Block,Deepwater,Exxon Mobil,Hess,China National Offshore Oil Corp. (CNOOC), , , , ,No,Appraisal,"Part of a trio of discoveries announced in April 2022 in offshore Guyana that boosted the recoverable resources in the Exxon Mobil-operated Stabroek Block to nearly 11 billion boe.
By 2027, the companies expect to have at least six floating production, storage and offloading vessels operational in Stabroek, with production expected to surpass 1 million barrels per day.", , , , , ,2026_Q1,
Lukanani-1,Yes,Offshore,Guyana,Latin America,Non-Opec-Plus,Oil,Deep,Stabroek Block,Deepwater,Exxon Mobil,Hess,China National Offshore Oil Corp. (CNOOC), , , , ,No,Appraisal,"Part of a trio of discoveries announced in April 2022 in offshore Guyana that boosted the recoverable resources in the Exxon Mobil-operated Stabroek Block to nearly 11 billion boe.
By 2027, the companies expect to have at least six floating production, storage and offloading vessels operational in Stabroek, with production expected to surpass 1 million barrels per day.", , , , , ,2025_Q4,
Lukanani-1,Yes,Offshore,Guyana,Latin America,Non-Opec-Plus,Oil,Deep,Stabroek Block,Deepwater,Exxon Mobil,Hess,China National Offshore Oil Corp. (CNOOC), , , , ,No,Appraisal,"Part of a trio of discoveries announced in April 2022 in offshore Guyana that boosted the recoverable resources in the Exxon Mobil-operated Stabroek Block to nearly 11 billion boe.
By 2027, the companies expect to have at least six floating production, storage and offloading vessels operational in Stabroek, with production expected to surpass 1 million barrels per day.", , , , , ,2025_Q3,
Lukanani-1,Yes,Offshore,Guyana,Latin America,Non-Opec-Plus,Oil,Deep,Stabroek Block,Deepwater,Exxon Mobil,Hess,China National Offshore Oil Corp. (CNOOC), , , , ,No,Appraisal,"Part of a trio of discoveries announced in April 2022 in offshore Guyana that boosted the recoverable resources in the Exxon Mobil-operated Stabroek Block to nearly 11 billion boe.
By 2027, the companies expect to have at least six floating production, storage and offloading vessels operational in Stabroek, with production expected to surpass 1 million barrels per day.", , , , , ,2025_Q2,
Lukanani-1,Yes,Offshore,Guyana,Latin America,Non-Opec-Plus,Oil,Deep,Stabroek Block,Deepwater,Exxon Mobil,Hess,China National Offshore Oil Corp. (CNOOC), , , , ,No,Appraisal,"Part of a trio of discoveries announced in April 2022 in offshore Guyana that boosted the recoverable resources in the Exxon Mobil-operated Stabroek Block to nearly 11 billion boe.
By 2027, the companies expect to have at least six floating production, storage and offloading vessels operational in Stabroek, with production expected to surpass 1 million barrels per day.", , , , , ,2025_Q1,
Lukanani-1,Yes,Offshore,Guyana,Latin America,Non-Opec-Plus,Oil,Deep,Stabroek Block,Deepwater,Exxon Mobil,Hess,China National Offshore Oil Corp. (CNOOC), , , , ,No,Appraisal,"Part of a trio of discoveries announced in April 2022 in offshore Guyana that boosted the recoverable resources in the Exxon Mobil-operated Stabroek Block to nearly 11 billion boe.
By 2027, the companies expect to have at least six floating production, storage and offloading vessels operational in Stabroek, with production expected to surpass 1 million barrels per day.", , , , , ,2024_Q4,
Lukanani-1,Yes,Offshore,Guyana,Latin America,Non-Opec-Plus,Oil,Deep,Stabroek Block,Deepwater,Exxon Mobil,Hess,China National Offshore Oil Corp. (CNOOC), , , , ,No,Appraisal,"Part of a trio of discoveries announced in April 2022 in offshore Guyana that boosted the recoverable resources in the Exxon Mobil-operated Stabroek Block to nearly 11 billion boe.
By 2027, the companies expect to have at least six floating production, storage and offloading vessels operational in Stabroek, with production expected to surpass 1 million barrels per day.", , , , , ,2024_Q3,
Lukanani-1,Yes,Offshore,Guyana,Latin America,Non-Opec-Plus,Oil,Deep,Stabroek Block,Deepwater,Exxon Mobil,Hess,China National Offshore Oil Corp. (CNOOC), , , , ,No,Appraisal,"Part of a trio of discoveries announced in April 2022 in offshore Guyana that boosted the recoverable resources in the Exxon Mobil-operated Stabroek Block to nearly 11 billion boe.
By 2027, the companies expect to have at least six floating production, storage and offloading vessels operational in Stabroek, with production expected to surpass 1 million barrels per day.", , , , , ,2024_Q2,
Lukanani-1,Yes,Offshore,Guyana,Latin America,Non-Opec-Plus,Oil,Deep,Stabroek Block,Deepwater,Exxon Mobil,Hess,China National Offshore Oil Corp. (CNOOC), , , , ,No,Appraisal,"Part of a trio of discoveries announced in April 2022 in offshore Guyana that boosted the recoverable resources in the Exxon Mobil-operated Stabroek Block to nearly 11 billion boe.
By 2027, the companies expect to have at least six floating production, storage and offloading vessels operational in Stabroek, with production expected to surpass 1 million barrels per day.", , , , , ,2024_Q1,
Lukanani-1,Yes,Offshore,Guyana,Latin America,Non-Opec-Plus,Oil,Deep,Stabroek Block,Deepwater,Exxon Mobil,Hess,China National Offshore Oil Corp. (CNOOC), , , , ,No,Appraisal,"Part of a trio of discoveries announced in April 2022 in offshore Guyana that boosted the recoverable resources in the Exxon Mobil-operated Stabroek Block to nearly 11 billion boe.
By 2027, the companies expect to have at least six floating production, storage and offloading vessels operational in Stabroek, with production expected to surpass 1 million barrels per day.", , , , , ,Partner5 Share %,
Lukanani-1,Yes,Offshore,Guyana,Latin America,Non-Opec-Plus,Oil,Deep,Stabroek Block,Deepwater,Exxon Mobil,Hess,China National Offshore Oil Corp. (CNOOC), , , , ,No,Appraisal,"Part of a trio of discoveries announced in April 2022 in offshore Guyana that boosted the recoverable resources in the Exxon Mobil-operated Stabroek Block to nearly 11 billion boe.
By 2027, the companies expect to have at least six floating production, storage and offloading vessels operational in Stabroek, with production expected to surpass 1 million barrels per day.", , , , , ,Partner4 Share %,
Lukanani-1,Yes,Offshore,Guyana,Latin America,Non-Opec-Plus,Oil,Deep,Stabroek Block,Deepwater,Exxon Mobil,Hess,China National Offshore Oil Corp. (CNOOC), , , , ,No,Appraisal,"Part of a trio of discoveries announced in April 2022 in offshore Guyana that boosted the recoverable resources in the Exxon Mobil-operated Stabroek Block to nearly 11 billion boe.
By 2027, the companies expect to have at least six floating production, storage and offloading vessels operational in Stabroek, with production expected to surpass 1 million barrels per day.", , , , , ,Partner3 Share %,
Lukanani-1,Yes,Offshore,Guyana,Latin America,Non-Opec-Plus,Oil,Deep,Stabroek Block,Deepwater,Exxon Mobil,Hess,China National Offshore Oil Corp. (CNOOC), , , , ,No,Appraisal,"Part of a trio of discoveries announced in April 2022 in offshore Guyana that boosted the recoverable resources in the Exxon Mobil-operated Stabroek Block to nearly 11 billion boe.
By 2027, the companies expect to have at least six floating production, storage and offloading vessels operational in Stabroek, with production expected to surpass 1 million barrels per day.", , , , , ,Partner2 Share %,25
Lukanani-1,Yes,Offshore,Guyana,Latin America,Non-Opec-Plus,Oil,Deep,Stabroek Block,Deepwater,Exxon Mobil,Hess,China National Offshore Oil Corp. (CNOOC), , , , ,No,Appraisal,"Part of a trio of discoveries announced in April 2022 in offshore Guyana that boosted the recoverable resources in the Exxon Mobil-operated Stabroek Block to nearly 11 billion boe.
By 2027, the companies expect to have at least six floating production, storage and offloading vessels operational in Stabroek, with production expected to surpass 1 million barrels per day.", , , , , ,Partner1 Share %,30
Lukanani-1,Yes,Offshore,Guyana,Latin America,Non-Opec-Plus,Oil,Deep,Stabroek Block,Deepwater,Exxon Mobil,Hess,China National Offshore Oil Corp. (CNOOC), , , , ,No,Appraisal,"Part of a trio of discoveries announced in April 2022 in offshore Guyana that boosted the recoverable resources in the Exxon Mobil-operated Stabroek Block to nearly 11 billion boe.
By 2027, the companies expect to have at least six floating production, storage and offloading vessels operational in Stabroek, with production expected to surpass 1 million barrels per day.", , , , , ,Operator Share %,45
Longtail-3,Yes,Offshore,Guyana,Latin America,Non-Opec-Plus,Oil,Deep,Stabroek Block,Deepwater,Exxon Mobil,Hess,China National Offshore Oil Corp. (CNOOC), , , , ,No,Appraisal, , , , ,Light,Sweet, 2029_Q4,
Longtail-3,Yes,Offshore,Guyana,Latin America,Non-Opec-Plus,Oil,Deep,Stabroek Block,Deepwater,Exxon Mobil,Hess,China National Offshore Oil Corp. (CNOOC), , , , ,No,Appraisal, , , , ,Light,Sweet, 2029_Q3,
Longtail-3,Yes,Offshore,Guyana,Latin America,Non-Opec-Plus,Oil,Deep,Stabroek Block,Deepwater,Exxon Mobil,Hess,China National Offshore Oil Corp. (CNOOC), , , , ,No,Appraisal, , , , ,Light,Sweet, 2029_Q2,
Longtail-3,Yes,Offshore,Guyana,Latin America,Non-Opec-Plus,Oil,Deep,Stabroek Block,Deepwater,Exxon Mobil,Hess,China National Offshore Oil Corp. (CNOOC), , , , ,No,Appraisal, , , , ,Light,Sweet, 2029_Q1,
Longtail-3,Yes,Offshore,Guyana,Latin America,Non-Opec-Plus,Oil,Deep,Stabroek Block,Deepwater,Exxon Mobil,Hess,China National Offshore Oil Corp. (CNOOC), , , , ,No,Appraisal, , , , ,Light,Sweet, 2028_Q4,
Longtail-3,Yes,Offshore,Guyana,Latin America,Non-Opec-Plus,Oil,Deep,Stabroek Block,Deepwater,Exxon Mobil,Hess,China National Offshore Oil Corp. (CNOOC), , , , ,No,Appraisal, , , , ,Light,Sweet, 2028_Q3,
Longtail-3,Yes,Offshore,Guyana,Latin America,Non-Opec-Plus,Oil,Deep,Stabroek Block,Deepwater,Exxon Mobil,Hess,China National Offshore Oil Corp. (CNOOC), , , , ,No,Appraisal, , , , ,Light,Sweet,2028_Q2,
Longtail-3,Yes,Offshore,Guyana,Latin America,Non-Opec-Plus,Oil,Deep,Stabroek Block,Deepwater,Exxon Mobil,Hess,China National Offshore Oil Corp. (CNOOC), , , , ,No,Appraisal, , , , ,Light,Sweet,2028_Q1,
Longtail-3,Yes,Offshore,Guyana,Latin America,Non-Opec-Plus,Oil,Deep,Stabroek Block,Deepwater,Exxon Mobil,Hess,China National Offshore Oil Corp. (CNOOC), , , , ,No,Appraisal, , , , ,Light,Sweet,2027_Q4,
Longtail-3,Yes,Offshore,Guyana,Latin America,Non-Opec-Plus,Oil,Deep,Stabroek Block,Deepwater,Exxon Mobil,Hess,China National Offshore Oil Corp. (CNOOC), , , , ,No,Appraisal, , , , ,Light,Sweet,2027_Q3,
Longtail-3,Yes,Offshore,Guyana,Latin America,Non-Opec-Plus,Oil,Deep,Stabroek Block,Deepwater,Exxon Mobil,Hess,China National Offshore Oil Corp. (CNOOC), , , , ,No,Appraisal, , , , ,Light,Sweet,2027_Q2,
Longtail-3,Yes,Offshore,Guyana,Latin America,Non-Opec-Plus,Oil,Deep,Stabroek Block,Deepwater,Exxon Mobil,Hess,China National Offshore Oil Corp. (CNOOC), , , , ,No,Appraisal, , , , ,Light,Sweet,2027_Q1,
Longtail-3,Yes,Offshore,Guyana,Latin America,Non-Opec-Plus,Oil,Deep,Stabroek Block,Deepwater,Exxon Mobil,Hess,China National Offshore Oil Corp. (CNOOC), , , , ,No,Appraisal, , , , ,Light,Sweet,2026_Q4,
Longtail-3,Yes,Offshore,Guyana,Latin America,Non-Opec-Plus,Oil,Deep,Stabroek Block,Deepwater,Exxon Mobil,Hess,China National Offshore Oil Corp. (CNOOC), , , , ,No,Appraisal, , , , ,Light,Sweet,2026_Q3,
Longtail-3,Yes,Offshore,Guyana,Latin America,Non-Opec-Plus,Oil,Deep,Stabroek Block,Deepwater,Exxon Mobil,Hess,China National Offshore Oil Corp. (CNOOC), , , , ,No,Appraisal, , , , ,Light,Sweet,2026_Q2,
Longtail-3,Yes,Offshore,Guyana,Latin America,Non-Opec-Plus,Oil,Deep,Stabroek Block,Deepwater,Exxon Mobil,Hess,China National Offshore Oil Corp. (CNOOC), , , , ,No,Appraisal, , , , ,Light,Sweet,2026_Q1,
Longtail-3,Yes,Offshore,Guyana,Latin America,Non-Opec-Plus,Oil,Deep,Stabroek Block,Deepwater,Exxon Mobil,Hess,China National Offshore Oil Corp. (CNOOC), , , , ,No,Appraisal, , , , ,Light,Sweet,2025_Q4,
Longtail-3,Yes,Offshore,Guyana,Latin America,Non-Opec-Plus,Oil,Deep,Stabroek Block,Deepwater,Exxon Mobil,Hess,China National Offshore Oil Corp. (CNOOC), , , , ,No,Appraisal, , , , ,Light,Sweet,2025_Q3,
Longtail-3,Yes,Offshore,Guyana,Latin America,Non-Opec-Plus,Oil,Deep,Stabroek Block,Deepwater,Exxon Mobil,Hess,China National Offshore Oil Corp. (CNOOC), , , , ,No,Appraisal, , , , ,Light,Sweet,2025_Q2,
Longtail-3,Yes,Offshore,Guyana,Latin America,Non-Opec-Plus,Oil,Deep,Stabroek Block,Deepwater,Exxon Mobil,Hess,China National Offshore Oil Corp. (CNOOC), , , , ,No,Appraisal, , , , ,Light,Sweet,2025_Q1,
Longtail-3,Yes,Offshore,Guyana,Latin America,Non-Opec-Plus,Oil,Deep,Stabroek Block,Deepwater,Exxon Mobil,Hess,China National Offshore Oil Corp. (CNOOC), , , , ,No,Appraisal, , , , ,Light,Sweet,2024_Q4,
Longtail-3,Yes,Offshore,Guyana,Latin America,Non-Opec-Plus,Oil,Deep,Stabroek Block,Deepwater,Exxon Mobil,Hess,China National Offshore Oil Corp. (CNOOC), , , , ,No,Appraisal, , , , ,Light,Sweet,2024_Q3,
Longtail-3,Yes,Offshore,Guyana,Latin America,Non-Opec-Plus,Oil,Deep,Stabroek Block,Deepwater,Exxon Mobil,Hess,China National Offshore Oil Corp. (CNOOC), , , , ,No,Appraisal, , , , ,Light,Sweet,2024_Q2,
Longtail-3,Yes,Offshore,Guyana,Latin America,Non-Opec-Plus,Oil,Deep,Stabroek Block,Deepwater,Exxon Mobil,Hess,China National Offshore Oil Corp. (CNOOC), , , , ,No,Appraisal, , , , ,Light,Sweet,2024_Q1,
Longtail-3,Yes,Offshore,Guyana,Latin America,Non-Opec-Plus,Oil,Deep,Stabroek Block,Deepwater,Exxon Mobil,Hess,China National Offshore Oil Corp. (CNOOC), , , , ,No,Appraisal, , , , ,Light,Sweet,Partner5 Share %,
Longtail-3,Yes,Offshore,Guyana,Latin America,Non-Opec-Plus,Oil,Deep,Stabroek Block,Deepwater,Exxon Mobil,Hess,China National Offshore Oil Corp. (CNOOC), , , , ,No,Appraisal, , , , ,Light,Sweet,Partner4 Share %,
Longtail-3,Yes,Offshore,Guyana,Latin America,Non-Opec-Plus,Oil,Deep,Stabroek Block,Deepwater,Exxon Mobil,Hess,China National Offshore Oil Corp. (CNOOC), , , , ,No,Appraisal, , , , ,Light,Sweet,Partner3 Share %,
Longtail-3,Yes,Offshore,Guyana,Latin America,Non-Opec-Plus,Oil,Deep,Stabroek Block,Deepwater,Exxon Mobil,Hess,China National Offshore Oil Corp. (CNOOC), , , , ,No,Appraisal, , , , ,Light,Sweet,Partner2 Share %,25
Longtail-3,Yes,Offshore,Guyana,Latin America,Non-Opec-Plus,Oil,Deep,Stabroek Block,Deepwater,Exxon Mobil,Hess,China National Offshore Oil Corp. (CNOOC), , , , ,No,Appraisal, , , , ,Light,Sweet,Partner1 Share %,30
Longtail-3,Yes,Offshore,Guyana,Latin America,Non-Opec-Plus,Oil,Deep,Stabroek Block,Deepwater,Exxon Mobil,Hess,China National Offshore Oil Corp. (CNOOC), , , , ,No,Appraisal, , , , ,Light,Sweet,Operator Share %,45
Longtail,Yes,Offshore,Guyana,Latin America,Non-Opec-Plus,Oil/Gas/Condensates,Deep,Stabroek Block,Deepwater,Exxon Mobil,Hess,China National Offshore Oil Corp. (CNOOC), , , , ,No,Appraisal,"Feb. 2025: Alistair Routledge, Exxon's Guyana president, suggested that Longtail could become the company's eighth sanctioned project in the region as soon as next year, with an eye toward achieving first production by the end of the decade.", , , ,Light,Sweet, 2029_Q4,
Longtail,Yes,Offshore,Guyana,Latin America,Non-Opec-Plus,Oil/Gas/Condensates,Deep,Stabroek Block,Deepwater,Exxon Mobil,Hess,China National Offshore Oil Corp. (CNOOC), , , , ,No,Appraisal,"Feb. 2025: Alistair Routledge, Exxon's Guyana president, suggested that Longtail could become the company's eighth sanctioned project in the region as soon as next year, with an eye toward achieving first production by the end of the decade.", , , ,Light,Sweet, 2029_Q3,
Longtail,Yes,Offshore,Guyana,Latin America,Non-Opec-Plus,Oil/Gas/Condensates,Deep,Stabroek Block,Deepwater,Exxon Mobil,Hess,China National Offshore Oil Corp. (CNOOC), , , , ,No,Appraisal,"Feb. 2025: Alistair Routledge, Exxon's Guyana president, suggested that Longtail could become the company's eighth sanctioned project in the region as soon as next year, with an eye toward achieving first production by the end of the decade.", , , ,Light,Sweet, 2029_Q2,
Longtail,Yes,Offshore,Guyana,Latin America,Non-Opec-Plus,Oil/Gas/Condensates,Deep,Stabroek Block,Deepwater,Exxon Mobil,Hess,China National Offshore Oil Corp. (CNOOC), , , , ,No,Appraisal,"Feb. 2025: Alistair Routledge, Exxon's Guyana president, suggested that Longtail could become the company's eighth sanctioned project in the region as soon as next year, with an eye toward achieving first production by the end of the decade.", , , ,Light,Sweet, 2029_Q1,
Longtail,Yes,Offshore,Guyana,Latin America,Non-Opec-Plus,Oil/Gas/Condensates,Deep,Stabroek Block,Deepwater,Exxon Mobil,Hess,China National Offshore Oil Corp. (CNOOC), , , , ,No,Appraisal,"Feb. 2025: Alistair Routledge, Exxon's Guyana president, suggested that Longtail could become the company's eighth sanctioned project in the region as soon as next year, with an eye toward achieving first production by the end of the decade.", , , ,Light,Sweet, 2028_Q4,
Longtail,Yes,Offshore,Guyana,Latin America,Non-Opec-Plus,Oil/Gas/Condensates,Deep,Stabroek Block,Deepwater,Exxon Mobil,Hess,China National Offshore Oil Corp. (CNOOC), , , , ,No,Appraisal,"Feb. 2025: Alistair Routledge, Exxon's Guyana president, suggested that Longtail could become the company's eighth sanctioned project in the region as soon as next year, with an eye toward achieving first production by the end of the decade.", , , ,Light,Sweet, 2028_Q3,
Longtail,Yes,Offshore,Guyana,Latin America,Non-Opec-Plus,Oil/Gas/Condensates,Deep,Stabroek Block,Deepwater,Exxon Mobil,Hess,China National Offshore Oil Corp. (CNOOC), , , , ,No,Appraisal,"Feb. 2025: Alistair Routledge, Exxon's Guyana president, suggested that Longtail could become the company's eighth sanctioned project in the region as soon as next year, with an eye toward achieving first production by the end of the decade.", , , ,Light,Sweet,2028_Q2,
Longtail,Yes,Offshore,Guyana,Latin America,Non-Opec-Plus,Oil/Gas/Condensates,Deep,Stabroek Block,Deepwater,Exxon Mobil,Hess,China National Offshore Oil Corp. (CNOOC), , , , ,No,Appraisal,"Feb. 2025: Alistair Routledge, Exxon's Guyana president, suggested that Longtail could become the company's eighth sanctioned project in the region as soon as next year, with an eye toward achieving first production by the end of the decade.", , , ,Light,Sweet,2028_Q1,
Longtail,Yes,Offshore,Guyana,Latin America,Non-Opec-Plus,Oil/Gas/Condensates,Deep,Stabroek Block,Deepwater,Exxon Mobil,Hess,China National Offshore Oil Corp. (CNOOC), , , , ,No,Appraisal,"Feb. 2025: Alistair Routledge, Exxon's Guyana president, suggested that Longtail could become the company's eighth sanctioned project in the region as soon as next year, with an eye toward achieving first production by the end of the decade.", , , ,Light,Sweet,2027_Q4,
Longtail,Yes,Offshore,Guyana,Latin America,Non-Opec-Plus,Oil/Gas/Condensates,Deep,Stabroek Block,Deepwater,Exxon Mobil,Hess,China National Offshore Oil Corp. (CNOOC), , , , ,No,Appraisal,"Feb. 2025: Alistair Routledge, Exxon's Guyana president, suggested that Longtail could become the company's eighth sanctioned project in the region as soon as next year, with an eye toward achieving first production by the end of the decade.", , , ,Light,Sweet,2027_Q3,
Longtail,Yes,Offshore,Guyana,Latin America,Non-Opec-Plus,Oil/Gas/Condensates,Deep,Stabroek Block,Deepwater,Exxon Mobil,Hess,China National Offshore Oil Corp. (CNOOC), , , , ,No,Appraisal,"Feb. 2025: Alistair Routledge, Exxon's Guyana president, suggested that Longtail could become the company's eighth sanctioned project in the region as soon as next year, with an eye toward achieving first production by the end of the decade.", , , ,Light,Sweet,2027_Q2,
Longtail,Yes,Offshore,Guyana,Latin America,Non-Opec-Plus,Oil/Gas/Condensates,Deep,Stabroek Block,Deepwater,Exxon Mobil,Hess,China National Offshore Oil Corp. (CNOOC), , , , ,No,Appraisal,"Feb. 2025: Alistair Routledge, Exxon's Guyana president, suggested that Longtail could become the company's eighth sanctioned project in the region as soon as next year, with an eye toward achieving first production by the end of the decade.", , , ,Light,Sweet,2027_Q1,
Longtail,Yes,Offshore,Guyana,Latin America,Non-Opec-Plus,Oil/Gas/Condensates,Deep,Stabroek Block,Deepwater,Exxon Mobil,Hess,China National Offshore Oil Corp. (CNOOC), , , , ,No,Appraisal,"Feb. 2025: Alistair Routledge, Exxon's Guyana president, suggested that Longtail could become the company's eighth sanctioned project in the region as soon as next year, with an eye toward achieving first production by the end of the decade.", , , ,Light,Sweet,2026_Q4,
Longtail,Yes,Offshore,Guyana,Latin America,Non-Opec-Plus,Oil/Gas/Condensates,Deep,Stabroek Block,Deepwater,Exxon Mobil,Hess,China National Offshore Oil Corp. (CNOOC), , , , ,No,Appraisal,"Feb. 2025: Alistair Routledge, Exxon's Guyana president, suggested that Longtail could become the company's eighth sanctioned project in the region as soon as next year, with an eye toward achieving first production by the end of the decade.", , , ,Light,Sweet,2026_Q3,
Longtail,Yes,Offshore,Guyana,Latin America,Non-Opec-Plus,Oil/Gas/Condensates,Deep,Stabroek Block,Deepwater,Exxon Mobil,Hess,China National Offshore Oil Corp. (CNOOC), , , , ,No,Appraisal,"Feb. 2025: Alistair Routledge, Exxon's Guyana president, suggested that Longtail could become the company's eighth sanctioned project in the region as soon as next year, with an eye toward achieving first production by the end of the decade.", , , ,Light,Sweet,2026_Q2,
Longtail,Yes,Offshore,Guyana,Latin America,Non-Opec-Plus,Oil/Gas/Condensates,Deep,Stabroek Block,Deepwater,Exxon Mobil,Hess,China National Offshore Oil Corp. (CNOOC), , , , ,No,Appraisal,"Feb. 2025: Alistair Routledge, Exxon's Guyana president, suggested that Longtail could become the company's eighth sanctioned project in the region as soon as next year, with an eye toward achieving first production by the end of the decade.", , , ,Light,Sweet,2026_Q1,
Longtail,Yes,Offshore,Guyana,Latin America,Non-Opec-Plus,Oil/Gas/Condensates,Deep,Stabroek Block,Deepwater,Exxon Mobil,Hess,China National Offshore Oil Corp. (CNOOC), , , , ,No,Appraisal,"Feb. 2025: Alistair Routledge, Exxon's Guyana president, suggested that Longtail could become the company's eighth sanctioned project in the region as soon as next year, with an eye toward achieving first production by the end of the decade.", , , ,Light,Sweet,2025_Q4,
Longtail,Yes,Offshore,Guyana,Latin America,Non-Opec-Plus,Oil/Gas/Condensates,Deep,Stabroek Block,Deepwater,Exxon Mobil,Hess,China National Offshore Oil Corp. (CNOOC), , , , ,No,Appraisal,"Feb. 2025: Alistair Routledge, Exxon's Guyana president, suggested that Longtail could become the company's eighth sanctioned project in the region as soon as next year, with an eye toward achieving first production by the end of the decade.", , , ,Light,Sweet,2025_Q3,
Longtail,Yes,Offshore,Guyana,Latin America,Non-Opec-Plus,Oil/Gas/Condensates,Deep,Stabroek Block,Deepwater,Exxon Mobil,Hess,China National Offshore Oil Corp. (CNOOC), , , , ,No,Appraisal,"Feb. 2025: Alistair Routledge, Exxon's Guyana president, suggested that Longtail could become the company's eighth sanctioned project in the region as soon as next year, with an eye toward achieving first production by the end of the decade.", , , ,Light,Sweet,2025_Q2,
Longtail,Yes,Offshore,Guyana,Latin America,Non-Opec-Plus,Oil/Gas/Condensates,Deep,Stabroek Block,Deepwater,Exxon Mobil,Hess,China National Offshore Oil Corp. (CNOOC), , , , ,No,Appraisal,"Feb. 2025: Alistair Routledge, Exxon's Guyana president, suggested that Longtail could become the company's eighth sanctioned project in the region as soon as next year, with an eye toward achieving first production by the end of the decade.", , , ,Light,Sweet,2025_Q1,
Longtail,Yes,Offshore,Guyana,Latin America,Non-Opec-Plus,Oil/Gas/Condensates,Deep,Stabroek Block,Deepwater,Exxon Mobil,Hess,China National Offshore Oil Corp. (CNOOC), , , , ,No,Appraisal,"Feb. 2025: Alistair Routledge, Exxon's Guyana president, suggested that Longtail could become the company's eighth sanctioned project in the region as soon as next year, with an eye toward achieving first production by the end of the decade.", , , ,Light,Sweet,2024_Q4,
Longtail,Yes,Offshore,Guyana,Latin America,Non-Opec-Plus,Oil/Gas/Condensates,Deep,Stabroek Block,Deepwater,Exxon Mobil,Hess,China National Offshore Oil Corp. (CNOOC), , , , ,No,Appraisal,"Feb. 2025: Alistair Routledge, Exxon's Guyana president, suggested that Longtail could become the company's eighth sanctioned project in the region as soon as next year, with an eye toward achieving first production by the end of the decade.", , , ,Light,Sweet,2024_Q3,
Longtail,Yes,Offshore,Guyana,Latin America,Non-Opec-Plus,Oil/Gas/Condensates,Deep,Stabroek Block,Deepwater,Exxon Mobil,Hess,China National Offshore Oil Corp. (CNOOC), , , , ,No,Appraisal,"Feb. 2025: Alistair Routledge, Exxon's Guyana president, suggested that Longtail could become the company's eighth sanctioned project in the region as soon as next year, with an eye toward achieving first production by the end of the decade.", , , ,Light,Sweet,2024_Q2,
Longtail,Yes,Offshore,Guyana,Latin America,Non-Opec-Plus,Oil/Gas/Condensates,Deep,Stabroek Block,Deepwater,Exxon Mobil,Hess,China National Offshore Oil Corp. (CNOOC), , , , ,No,Appraisal,"Feb. 2025: Alistair Routledge, Exxon's Guyana president, suggested that Longtail could become the company's eighth sanctioned project in the region as soon as next year, with an eye toward achieving first production by the end of the decade.", , , ,Light,Sweet,2024_Q1,
Longtail,Yes,Offshore,Guyana,Latin America,Non-Opec-Plus,Oil/Gas/Condensates,Deep,Stabroek Block,Deepwater,Exxon Mobil,Hess,China National Offshore Oil Corp. (CNOOC), , , , ,No,Appraisal,"Feb. 2025: Alistair Routledge, Exxon's Guyana president, suggested that Longtail could become the company's eighth sanctioned project in the region as soon as next year, with an eye toward achieving first production by the end of the decade.", , , ,Light,Sweet,Partner5 Share %,
Longtail,Yes,Offshore,Guyana,Latin America,Non-Opec-Plus,Oil/Gas/Condensates,Deep,Stabroek Block,Deepwater,Exxon Mobil,Hess,China National Offshore Oil Corp. (CNOOC), , , , ,No,Appraisal,"Feb. 2025: Alistair Routledge, Exxon's Guyana president, suggested that Longtail could become the company's eighth sanctioned project in the region as soon as next year, with an eye toward achieving first production by the end of the decade.", , , ,Light,Sweet,Partner4 Share %,
Longtail,Yes,Offshore,Guyana,Latin America,Non-Opec-Plus,Oil/Gas/Condensates,Deep,Stabroek Block,Deepwater,Exxon Mobil,Hess,China National Offshore Oil Corp. (CNOOC), , , , ,No,Appraisal,"Feb. 2025: Alistair Routledge, Exxon's Guyana president, suggested that Longtail could become the company's eighth sanctioned project in the region as soon as next year, with an eye toward achieving first production by the end of the decade.", , , ,Light,Sweet,Partner3 Share %,
Longtail,Yes,Offshore,Guyana,Latin America,Non-Opec-Plus,Oil/Gas/Condensates,Deep,Stabroek Block,Deepwater,Exxon Mobil,Hess,China National Offshore Oil Corp. (CNOOC), , , , ,No,Appraisal,"Feb. 2025: Alistair Routledge, Exxon's Guyana president, suggested that Longtail could become the company's eighth sanctioned project in the region as soon as next year, with an eye toward achieving first production by the end of the decade.", , , ,Light,Sweet,Partner2 Share %,25
Longtail,Yes,Offshore,Guyana,Latin America,Non-Opec-Plus,Oil/Gas/Condensates,Deep,Stabroek Block,Deepwater,Exxon Mobil,Hess,China National Offshore Oil Corp. (CNOOC), , , , ,No,Appraisal,"Feb. 2025: Alistair Routledge, Exxon's Guyana president, suggested that Longtail could become the company's eighth sanctioned project in the region as soon as next year, with an eye toward achieving first production by the end of the decade.", , , ,Light,Sweet,Partner1 Share %,30
Longtail,Yes,Offshore,Guyana,Latin America,Non-Opec-Plus,Oil/Gas/Condensates,Deep,Stabroek Block,Deepwater,Exxon Mobil,Hess,China National Offshore Oil Corp. (CNOOC), , , , ,No,Appraisal,"Feb. 2025: Alistair Routledge, Exxon's Guyana president, suggested that Longtail could become the company's eighth sanctioned project in the region as soon as next year, with an eye toward achieving first production by the end of the decade.", , , ,Light,Sweet,Operator Share %,45
Liza Deep,Yes,Offshore,Guyana,Latin America,Non-Opec-Plus,Oil,Deep,Stabroek Block,Deepwater,Exxon Mobil,Hess,China National Offshore Oil Corp. (CNOOC), , , , ,No,Appraisal,"Guyana is the biggest reason behind Hess' continued commitment to the drill bit. The Exxon Mobil-operated Stabroek Block is one of the most prolific deepwater blocks in the world, and partners Exxon, Hess and China’s CNOOC are confident there is a lot more oil still to find.",,,,Light,Sweet, 2029_Q4,
Liza Deep,Yes,Offshore,Guyana,Latin America,Non-Opec-Plus,Oil,Deep,Stabroek Block,Deepwater,Exxon Mobil,Hess,China National Offshore Oil Corp. (CNOOC), , , , ,No,Appraisal,"Guyana is the biggest reason behind Hess' continued commitment to the drill bit. The Exxon Mobil-operated Stabroek Block is one of the most prolific deepwater blocks in the world, and partners Exxon, Hess and China’s CNOOC are confident there is a lot more oil still to find.",,,,Light,Sweet, 2029_Q3,
Liza Deep,Yes,Offshore,Guyana,Latin America,Non-Opec-Plus,Oil,Deep,Stabroek Block,Deepwater,Exxon Mobil,Hess,China National Offshore Oil Corp. (CNOOC), , , , ,No,Appraisal,"Guyana is the biggest reason behind Hess' continued commitment to the drill bit. The Exxon Mobil-operated Stabroek Block is one of the most prolific deepwater blocks in the world, and partners Exxon, Hess and China’s CNOOC are confident there is a lot more oil still to find.",,,,Light,Sweet, 2029_Q2,
Liza Deep,Yes,Offshore,Guyana,Latin America,Non-Opec-Plus,Oil,Deep,Stabroek Block,Deepwater,Exxon Mobil,Hess,China National Offshore Oil Corp. (CNOOC), , , , ,No,Appraisal,"Guyana is the biggest reason behind Hess' continued commitment to the drill bit. The Exxon Mobil-operated Stabroek Block is one of the most prolific deepwater blocks in the world, and partners Exxon, Hess and China’s CNOOC are confident there is a lot more oil still to find.",,,,Light,Sweet, 2029_Q1,
Liza Deep,Yes,Offshore,Guyana,Latin America,Non-Opec-Plus,Oil,Deep,Stabroek Block,Deepwater,Exxon Mobil,Hess,China National Offshore Oil Corp. (CNOOC), , , , ,No,Appraisal,"Guyana is the biggest reason behind Hess' continued commitment to the drill bit. The Exxon Mobil-operated Stabroek Block is one of the most prolific deepwater blocks in the world, and partners Exxon, Hess and China’s CNOOC are confident there is a lot more oil still to find.",,,,Light,Sweet, 2028_Q4,
Liza Deep,Yes,Offshore,Guyana,Latin America,Non-Opec-Plus,Oil,Deep,Stabroek Block,Deepwater,Exxon Mobil,Hess,China National Offshore Oil Corp. (CNOOC), , , , ,No,Appraisal,"Guyana is the biggest reason behind Hess' continued commitment to the drill bit. The Exxon Mobil-operated Stabroek Block is one of the most prolific deepwater blocks in the world, and partners Exxon, Hess and China’s CNOOC are confident there is a lot more oil still to find.",,,,Light,Sweet, 2028_Q3,
Liza Deep,Yes,Offshore,Guyana,Latin America,Non-Opec-Plus,Oil,Deep,Stabroek Block,Deepwater,Exxon Mobil,Hess,China National Offshore Oil Corp. (CNOOC), , , , ,No,Appraisal,"Guyana is the biggest reason behind Hess' continued commitment to the drill bit. The Exxon Mobil-operated Stabroek Block is one of the most prolific deepwater blocks in the world, and partners Exxon, Hess and China’s CNOOC are confident there is a lot more oil still to find.",,,,Light,Sweet,2028_Q2,
Liza Deep,Yes,Offshore,Guyana,Latin America,Non-Opec-Plus,Oil,Deep,Stabroek Block,Deepwater,Exxon Mobil,Hess,China National Offshore Oil Corp. (CNOOC), , , , ,No,Appraisal,"Guyana is the biggest reason behind Hess' continued commitment to the drill bit. The Exxon Mobil-operated Stabroek Block is one of the most prolific deepwater blocks in the world, and partners Exxon, Hess and China’s CNOOC are confident there is a lot more oil still to find.",,,,Light,Sweet,2028_Q1,
Liza Deep,Yes,Offshore,Guyana,Latin America,Non-Opec-Plus,Oil,Deep,Stabroek Block,Deepwater,Exxon Mobil,Hess,China National Offshore Oil Corp. (CNOOC), , , , ,No,Appraisal,"Guyana is the biggest reason behind Hess' continued commitment to the drill bit. The Exxon Mobil-operated Stabroek Block is one of the most prolific deepwater blocks in the world, and partners Exxon, Hess and China’s CNOOC are confident there is a lot more oil still to find.",,,,Light,Sweet,2027_Q4,
Liza Deep,Yes,Offshore,Guyana,Latin America,Non-Opec-Plus,Oil,Deep,Stabroek Block,Deepwater,Exxon Mobil,Hess,China National Offshore Oil Corp. (CNOOC), , , , ,No,Appraisal,"Guyana is the biggest reason behind Hess' continued commitment to the drill bit. The Exxon Mobil-operated Stabroek Block is one of the most prolific deepwater blocks in the world, and partners Exxon, Hess and China’s CNOOC are confident there is a lot more oil still to find.",,,,Light,Sweet,2027_Q3,
Liza Deep,Yes,Offshore,Guyana,Latin America,Non-Opec-Plus,Oil,Deep,Stabroek Block,Deepwater,Exxon Mobil,Hess,China National Offshore Oil Corp. (CNOOC), , , , ,No,Appraisal,"Guyana is the biggest reason behind Hess' continued commitment to the drill bit. The Exxon Mobil-operated Stabroek Block is one of the most prolific deepwater blocks in the world, and partners Exxon, Hess and China’s CNOOC are confident there is a lot more oil still to find.",,,,Light,Sweet,2027_Q2,
Liza Deep,Yes,Offshore,Guyana,Latin America,Non-Opec-Plus,Oil,Deep,Stabroek Block,Deepwater,Exxon Mobil,Hess,China National Offshore Oil Corp. (CNOOC), , , , ,No,Appraisal,"Guyana is the biggest reason behind Hess' continued commitment to the drill bit. The Exxon Mobil-operated Stabroek Block is one of the most prolific deepwater blocks in the world, and partners Exxon, Hess and China’s CNOOC are confident there is a lot more oil still to find.",,,,Light,Sweet,2027_Q1,
Liza Deep,Yes,Offshore,Guyana,Latin America,Non-Opec-Plus,Oil,Deep,Stabroek Block,Deepwater,Exxon Mobil,Hess,China National Offshore Oil Corp. (CNOOC), , , , ,No,Appraisal,"Guyana is the biggest reason behind Hess' continued commitment to the drill bit. The Exxon Mobil-operated Stabroek Block is one of the most prolific deepwater blocks in the world, and partners Exxon, Hess and China’s CNOOC are confident there is a lot more oil still to find.",,,,Light,Sweet,2026_Q4,
Liza Deep,Yes,Offshore,Guyana,Latin America,Non-Opec-Plus,Oil,Deep,Stabroek Block,Deepwater,Exxon Mobil,Hess,China National Offshore Oil Corp. (CNOOC), , , , ,No,Appraisal,"Guyana is the biggest reason behind Hess' continued commitment to the drill bit. The Exxon Mobil-operated Stabroek Block is one of the most prolific deepwater blocks in the world, and partners Exxon, Hess and China’s CNOOC are confident there is a lot more oil still to find.",,,,Light,Sweet,2026_Q3,
Liza Deep,Yes,Offshore,Guyana,Latin America,Non-Opec-Plus,Oil,Deep,Stabroek Block,Deepwater,Exxon Mobil,Hess,China National Offshore Oil Corp. (CNOOC), , , , ,No,Appraisal,"Guyana is the biggest reason behind Hess' continued commitment to the drill bit. The Exxon Mobil-operated Stabroek Block is one of the most prolific deepwater blocks in the world, and partners Exxon, Hess and China’s CNOOC are confident there is a lot more oil still to find.",,,,Light,Sweet,2026_Q2,
Liza Deep,Yes,Offshore,Guyana,Latin America,Non-Opec-Plus,Oil,Deep,Stabroek Block,Deepwater,Exxon Mobil,Hess,China National Offshore Oil Corp. (CNOOC), , , , ,No,Appraisal,"Guyana is the biggest reason behind Hess' continued commitment to the drill bit. The Exxon Mobil-operated Stabroek Block is one of the most prolific deepwater blocks in the world, and partners Exxon, Hess and China’s CNOOC are confident there is a lot more oil still to find.",,,,Light,Sweet,2026_Q1,
Liza Deep,Yes,Offshore,Guyana,Latin America,Non-Opec-Plus,Oil,Deep,Stabroek Block,Deepwater,Exxon Mobil,Hess,China National Offshore Oil Corp. (CNOOC), , , , ,No,Appraisal,"Guyana is the biggest reason behind Hess' continued commitment to the drill bit. The Exxon Mobil-operated Stabroek Block is one of the most prolific deepwater blocks in the world, and partners Exxon, Hess and China’s CNOOC are confident there is a lot more oil still to find.",,,,Light,Sweet,2025_Q4,
Liza Deep,Yes,Offshore,Guyana,Latin America,Non-Opec-Plus,Oil,Deep,Stabroek Block,Deepwater,Exxon Mobil,Hess,China National Offshore Oil Corp. (CNOOC), , , , ,No,Appraisal,"Guyana is the biggest reason behind Hess' continued commitment to the drill bit. The Exxon Mobil-operated Stabroek Block is one of the most prolific deepwater blocks in the world, and partners Exxon, Hess and China’s CNOOC are confident there is a lot more oil still to find.",,,,Light,Sweet,2025_Q3,
Liza Deep,Yes,Offshore,Guyana,Latin America,Non-Opec-Plus,Oil,Deep,Stabroek Block,Deepwater,Exxon Mobil,Hess,China National Offshore Oil Corp. (CNOOC), , , , ,No,Appraisal,"Guyana is the biggest reason behind Hess' continued commitment to the drill bit. The Exxon Mobil-operated Stabroek Block is one of the most prolific deepwater blocks in the world, and partners Exxon, Hess and China’s CNOOC are confident there is a lot more oil still to find.",,,,Light,Sweet,2025_Q2,
Liza Deep,Yes,Offshore,Guyana,Latin America,Non-Opec-Plus,Oil,Deep,Stabroek Block,Deepwater,Exxon Mobil,Hess,China National Offshore Oil Corp. (CNOOC), , , , ,No,Appraisal,"Guyana is the biggest reason behind Hess' continued commitment to the drill bit. The Exxon Mobil-operated Stabroek Block is one of the most prolific deepwater blocks in the world, and partners Exxon, Hess and China’s CNOOC are confident there is a lot more oil still to find.",,,,Light,Sweet,2025_Q1,
Liza Deep,Yes,Offshore,Guyana,Latin America,Non-Opec-Plus,Oil,Deep,Stabroek Block,Deepwater,Exxon Mobil,Hess,China National Offshore Oil Corp. (CNOOC), , , , ,No,Appraisal,"Guyana is the biggest reason behind Hess' continued commitment to the drill bit. The Exxon Mobil-operated Stabroek Block is one of the most prolific deepwater blocks in the world, and partners Exxon, Hess and China’s CNOOC are confident there is a lot more oil still to find.",,,,Light,Sweet,2024_Q4,
Liza Deep,Yes,Offshore,Guyana,Latin America,Non-Opec-Plus,Oil,Deep,Stabroek Block,Deepwater,Exxon Mobil,Hess,China National Offshore Oil Corp. (CNOOC), , , , ,No,Appraisal,"Guyana is the biggest reason behind Hess' continued commitment to the drill bit. The Exxon Mobil-operated Stabroek Block is one of the most prolific deepwater blocks in the world, and partners Exxon, Hess and China’s CNOOC are confident there is a lot more oil still to find.",,,,Light,Sweet,2024_Q3,
Liza Deep,Yes,Offshore,Guyana,Latin America,Non-Opec-Plus,Oil,Deep,Stabroek Block,Deepwater,Exxon Mobil,Hess,China National Offshore Oil Corp. (CNOOC), , , , ,No,Appraisal,"Guyana is the biggest reason behind Hess' continued commitment to the drill bit. The Exxon Mobil-operated Stabroek Block is one of the most prolific deepwater blocks in the world, and partners Exxon, Hess and China’s CNOOC are confident there is a lot more oil still to find.",,,,Light,Sweet,2024_Q2,
Liza Deep,Yes,Offshore,Guyana,Latin America,Non-Opec-Plus,Oil,Deep,Stabroek Block,Deepwater,Exxon Mobil,Hess,China National Offshore Oil Corp. (CNOOC), , , , ,No,Appraisal,"Guyana is the biggest reason behind Hess' continued commitment to the drill bit. The Exxon Mobil-operated Stabroek Block is one of the most prolific deepwater blocks in the world, and partners Exxon, Hess and China’s CNOOC are confident there is a lot more oil still to find.",,,,Light,Sweet,2024_Q1,
Liza Deep,Yes,Offshore,Guyana,Latin America,Non-Opec-Plus,Oil,Deep,Stabroek Block,Deepwater,Exxon Mobil,Hess,China National Offshore Oil Corp. (CNOOC), , , , ,No,Appraisal,"Guyana is the biggest reason behind Hess' continued commitment to the drill bit. The Exxon Mobil-operated Stabroek Block is one of the most prolific deepwater blocks in the world, and partners Exxon, Hess and China’s CNOOC are confident there is a lot more oil still to find.",,,,Light,Sweet,Partner5 Share %,
Liza Deep,Yes,Offshore,Guyana,Latin America,Non-Opec-Plus,Oil,Deep,Stabroek Block,Deepwater,Exxon Mobil,Hess,China National Offshore Oil Corp. (CNOOC), , , , ,No,Appraisal,"Guyana is the biggest reason behind Hess' continued commitment to the drill bit. The Exxon Mobil-operated Stabroek Block is one of the most prolific deepwater blocks in the world, and partners Exxon, Hess and China’s CNOOC are confident there is a lot more oil still to find.",,,,Light,Sweet,Partner4 Share %,
Liza Deep,Yes,Offshore,Guyana,Latin America,Non-Opec-Plus,Oil,Deep,Stabroek Block,Deepwater,Exxon Mobil,Hess,China National Offshore Oil Corp. (CNOOC), , , , ,No,Appraisal,"Guyana is the biggest reason behind Hess' continued commitment to the drill bit. The Exxon Mobil-operated Stabroek Block is one of the most prolific deepwater blocks in the world, and partners Exxon, Hess and China’s CNOOC are confident there is a lot more oil still to find.",,,,Light,Sweet,Partner3 Share %,
Liza Deep,Yes,Offshore,Guyana,Latin America,Non-Opec-Plus,Oil,Deep,Stabroek Block,Deepwater,Exxon Mobil,Hess,China National Offshore Oil Corp. (CNOOC), , , , ,No,Appraisal,"Guyana is the biggest reason behind Hess' continued commitment to the drill bit. The Exxon Mobil-operated Stabroek Block is one of the most prolific deepwater blocks in the world, and partners Exxon, Hess and China’s CNOOC are confident there is a lot more oil still to find.",,,,Light,Sweet,Partner2 Share %,25
Liza Deep,Yes,Offshore,Guyana,Latin America,Non-Opec-Plus,Oil,Deep,Stabroek Block,Deepwater,Exxon Mobil,Hess,China National Offshore Oil Corp. (CNOOC), , , , ,No,Appraisal,"Guyana is the biggest reason behind Hess' continued commitment to the drill bit. The Exxon Mobil-operated Stabroek Block is one of the most prolific deepwater blocks in the world, and partners Exxon, Hess and China’s CNOOC are confident there is a lot more oil still to find.",,,,Light,Sweet,Partner1 Share %,30
Liza Deep,Yes,Offshore,Guyana,Latin America,Non-Opec-Plus,Oil,Deep,Stabroek Block,Deepwater,Exxon Mobil,Hess,China National Offshore Oil Corp. (CNOOC), , , , ,No,Appraisal,"Guyana is the biggest reason behind Hess' continued commitment to the drill bit. The Exxon Mobil-operated Stabroek Block is one of the most prolific deepwater blocks in the world, and partners Exxon, Hess and China’s CNOOC are confident there is a lot more oil still to find.",,,,Light,Sweet,Operator Share %,45
Lau Lau-1,Yes,Offshore,Guyana,Latin America,Non-Opec-Plus,Oil/Gas,Deep,Stabroek Block,Deepwater,Exxon Mobil,Hess,China National Offshore Oil Corp. (CNOOC), , , , ,No,Appraisal,"Lau Lau-1 well, about 42 miles southeast of the Liza field, encountered 315 feet of high-quality oil-bearing sandstone reservoirs.
By 2027, the companies expect to have at least six floating production, storage and offloading vessels operational in Stabroek, with production expected to surpass 1 million barrels per day.", , , ,Light,Sweet, 2029_Q4,
Lau Lau-1,Yes,Offshore,Guyana,Latin America,Non-Opec-Plus,Oil/Gas,Deep,Stabroek Block,Deepwater,Exxon Mobil,Hess,China National Offshore Oil Corp. (CNOOC), , , , ,No,Appraisal,"Lau Lau-1 well, about 42 miles southeast of the Liza field, encountered 315 feet of high-quality oil-bearing sandstone reservoirs.
By 2027, the companies expect to have at least six floating production, storage and offloading vessels operational in Stabroek, with production expected to surpass 1 million barrels per day.", , , ,Light,Sweet, 2029_Q3,
Lau Lau-1,Yes,Offshore,Guyana,Latin America,Non-Opec-Plus,Oil/Gas,Deep,Stabroek Block,Deepwater,Exxon Mobil,Hess,China National Offshore Oil Corp. (CNOOC), , , , ,No,Appraisal,"Lau Lau-1 well, about 42 miles southeast of the Liza field, encountered 315 feet of high-quality oil-bearing sandstone reservoirs.
By 2027, the companies expect to have at least six floating production, storage and offloading vessels operational in Stabroek, with production expected to surpass 1 million barrels per day.", , , ,Light,Sweet, 2029_Q2,
Lau Lau-1,Yes,Offshore,Guyana,Latin America,Non-Opec-Plus,Oil/Gas,Deep,Stabroek Block,Deepwater,Exxon Mobil,Hess,China National Offshore Oil Corp. (CNOOC), , , , ,No,Appraisal,"Lau Lau-1 well, about 42 miles southeast of the Liza field, encountered 315 feet of high-quality oil-bearing sandstone reservoirs.
By 2027, the companies expect to have at least six floating production, storage and offloading vessels operational in Stabroek, with production expected to surpass 1 million barrels per day.", , , ,Light,Sweet, 2029_Q1,
Lau Lau-1,Yes,Offshore,Guyana,Latin America,Non-Opec-Plus,Oil/Gas,Deep,Stabroek Block,Deepwater,Exxon Mobil,Hess,China National Offshore Oil Corp. (CNOOC), , , , ,No,Appraisal,"Lau Lau-1 well, about 42 miles southeast of the Liza field, encountered 315 feet of high-quality oil-bearing sandstone reservoirs.
By 2027, the companies expect to have at least six floating production, storage and offloading vessels operational in Stabroek, with production expected to surpass 1 million barrels per day.", , , ,Light,Sweet, 2028_Q4,
Lau Lau-1,Yes,Offshore,Guyana,Latin America,Non-Opec-Plus,Oil/Gas,Deep,Stabroek Block,Deepwater,Exxon Mobil,Hess,China National Offshore Oil Corp. (CNOOC), , , , ,No,Appraisal,"Lau Lau-1 well, about 42 miles southeast of the Liza field, encountered 315 feet of high-quality oil-bearing sandstone reservoirs.
By 2027, the companies expect to have at least six floating production, storage and offloading vessels operational in Stabroek, with production expected to surpass 1 million barrels per day.", , , ,Light,Sweet, 2028_Q3,
Lau Lau-1,Yes,Offshore,Guyana,Latin America,Non-Opec-Plus,Oil/Gas,Deep,Stabroek Block,Deepwater,Exxon Mobil,Hess,China National Offshore Oil Corp. (CNOOC), , , , ,No,Appraisal,"Lau Lau-1 well, about 42 miles southeast of the Liza field, encountered 315 feet of high-quality oil-bearing sandstone reservoirs.
By 2027, the companies expect to have at least six floating production, storage and offloading vessels operational in Stabroek, with production expected to surpass 1 million barrels per day.", , , ,Light,Sweet,2028_Q2,
Lau Lau-1,Yes,Offshore,Guyana,Latin America,Non-Opec-Plus,Oil/Gas,Deep,Stabroek Block,Deepwater,Exxon Mobil,Hess,China National Offshore Oil Corp. (CNOOC), , , , ,No,Appraisal,"Lau Lau-1 well, about 42 miles southeast of the Liza field, encountered 315 feet of high-quality oil-bearing sandstone reservoirs.
By 2027, the companies expect to have at least six floating production, storage and offloading vessels operational in Stabroek, with production expected to surpass 1 million barrels per day.", , , ,Light,Sweet,2028_Q1,
Lau Lau-1,Yes,Offshore,Guyana,Latin America,Non-Opec-Plus,Oil/Gas,Deep,Stabroek Block,Deepwater,Exxon Mobil,Hess,China National Offshore Oil Corp. (CNOOC), , , , ,No,Appraisal,"Lau Lau-1 well, about 42 miles southeast of the Liza field, encountered 315 feet of high-quality oil-bearing sandstone reservoirs.
By 2027, the companies expect to have at least six floating production, storage and offloading vessels operational in Stabroek, with production expected to surpass 1 million barrels per day.", , , ,Light,Sweet,2027_Q4,
Lau Lau-1,Yes,Offshore,Guyana,Latin America,Non-Opec-Plus,Oil/Gas,Deep,Stabroek Block,Deepwater,Exxon Mobil,Hess,China National Offshore Oil Corp. (CNOOC), , , , ,No,Appraisal,"Lau Lau-1 well, about 42 miles southeast of the Liza field, encountered 315 feet of high-quality oil-bearing sandstone reservoirs.
By 2027, the companies expect to have at least six floating production, storage and offloading vessels operational in Stabroek, with production expected to surpass 1 million barrels per day.", , , ,Light,Sweet,2027_Q3,
Lau Lau-1,Yes,Offshore,Guyana,Latin America,Non-Opec-Plus,Oil/Gas,Deep,Stabroek Block,Deepwater,Exxon Mobil,Hess,China National Offshore Oil Corp. (CNOOC), , , , ,No,Appraisal,"Lau Lau-1 well, about 42 miles southeast of the Liza field, encountered 315 feet of high-quality oil-bearing sandstone reservoirs.
By 2027, the companies expect to have at least six floating production, storage and offloading vessels operational in Stabroek, with production expected to surpass 1 million barrels per day.", , , ,Light,Sweet,2027_Q2,
Lau Lau-1,Yes,Offshore,Guyana,Latin America,Non-Opec-Plus,Oil/Gas,Deep,Stabroek Block,Deepwater,Exxon Mobil,Hess,China National Offshore Oil Corp. (CNOOC), , , , ,No,Appraisal,"Lau Lau-1 well, about 42 miles southeast of the Liza field, encountered 315 feet of high-quality oil-bearing sandstone reservoirs.
By 2027, the companies expect to have at least six floating production, storage and offloading vessels operational in Stabroek, with production expected to surpass 1 million barrels per day.", , , ,Light,Sweet,2027_Q1,
Lau Lau-1,Yes,Offshore,Guyana,Latin America,Non-Opec-Plus,Oil/Gas,Deep,Stabroek Block,Deepwater,Exxon Mobil,Hess,China National Offshore Oil Corp. (CNOOC), , , , ,No,Appraisal,"Lau Lau-1 well, about 42 miles southeast of the Liza field, encountered 315 feet of high-quality oil-bearing sandstone reservoirs.
By 2027, the companies expect to have at least six floating production, storage and offloading vessels operational in Stabroek, with production expected to surpass 1 million barrels per day.", , , ,Light,Sweet,2026_Q4,
Lau Lau-1,Yes,Offshore,Guyana,Latin America,Non-Opec-Plus,Oil/Gas,Deep,Stabroek Block,Deepwater,Exxon Mobil,Hess,China National Offshore Oil Corp. (CNOOC), , , , ,No,Appraisal,"Lau Lau-1 well, about 42 miles southeast of the Liza field, encountered 315 feet of high-quality oil-bearing sandstone reservoirs.
By 2027, the companies expect to have at least six floating production, storage and offloading vessels operational in Stabroek, with production expected to surpass 1 million barrels per day.", , , ,Light,Sweet,2026_Q3,
Lau Lau-1,Yes,Offshore,Guyana,Latin America,Non-Opec-Plus,Oil/Gas,Deep,Stabroek Block,Deepwater,Exxon Mobil,Hess,China National Offshore Oil Corp. (CNOOC), , , , ,No,Appraisal,"Lau Lau-1 well, about 42 miles southeast of the Liza field, encountered 315 feet of high-quality oil-bearing sandstone reservoirs.
By 2027, the companies expect to have at least six floating production, storage and offloading vessels operational in Stabroek, with production expected to surpass 1 million barrels per day.", , , ,Light,Sweet,2026_Q2,
Lau Lau-1,Yes,Offshore,Guyana,Latin America,Non-Opec-Plus,Oil/Gas,Deep,Stabroek Block,Deepwater,Exxon Mobil,Hess,China National Offshore Oil Corp. (CNOOC), , , , ,No,Appraisal,"Lau Lau-1 well, about 42 miles southeast of the Liza field, encountered 315 feet of high-quality oil-bearing sandstone reservoirs.
By 2027, the companies expect to have at least six floating production, storage and offloading vessels operational in Stabroek, with production expected to surpass 1 million barrels per day.", , , ,Light,Sweet,2026_Q1,
Lau Lau-1,Yes,Offshore,Guyana,Latin America,Non-Opec-Plus,Oil/Gas,Deep,Stabroek Block,Deepwater,Exxon Mobil,Hess,China National Offshore Oil Corp. (CNOOC), , , , ,No,Appraisal,"Lau Lau-1 well, about 42 miles southeast of the Liza field, encountered 315 feet of high-quality oil-bearing sandstone reservoirs.
By 2027, the companies expect to have at least six floating production, storage and offloading vessels operational in Stabroek, with production expected to surpass 1 million barrels per day.", , , ,Light,Sweet,2025_Q4,
Lau Lau-1,Yes,Offshore,Guyana,Latin America,Non-Opec-Plus,Oil/Gas,Deep,Stabroek Block,Deepwater,Exxon Mobil,Hess,China National Offshore Oil Corp. (CNOOC), , , , ,No,Appraisal,"Lau Lau-1 well, about 42 miles southeast of the Liza field, encountered 315 feet of high-quality oil-bearing sandstone reservoirs.
By 2027, the companies expect to have at least six floating production, storage and offloading vessels operational in Stabroek, with production expected to surpass 1 million barrels per day.", , , ,Light,Sweet,2025_Q3,
Lau Lau-1,Yes,Offshore,Guyana,Latin America,Non-Opec-Plus,Oil/Gas,Deep,Stabroek Block,Deepwater,Exxon Mobil,Hess,China National Offshore Oil Corp. (CNOOC), , , , ,No,Appraisal,"Lau Lau-1 well, about 42 miles southeast of the Liza field, encountered 315 feet of high-quality oil-bearing sandstone reservoirs.
By 2027, the companies expect to have at least six floating production, storage and offloading vessels operational in Stabroek, with production expected to surpass 1 million barrels per day.", , , ,Light,Sweet,2025_Q2,
Lau Lau-1,Yes,Offshore,Guyana,Latin America,Non-Opec-Plus,Oil/Gas,Deep,Stabroek Block,Deepwater,Exxon Mobil,Hess,China National Offshore Oil Corp. (CNOOC), , , , ,No,Appraisal,"Lau Lau-1 well, about 42 miles southeast of the Liza field, encountered 315 feet of high-quality oil-bearing sandstone reservoirs.
By 2027, the companies expect to have at least six floating production, storage and offloading vessels operational in Stabroek, with production expected to surpass 1 million barrels per day.", , , ,Light,Sweet,2025_Q1,
Lau Lau-1,Yes,Offshore,Guyana,Latin America,Non-Opec-Plus,Oil/Gas,Deep,Stabroek Block,Deepwater,Exxon Mobil,Hess,China National Offshore Oil Corp. (CNOOC), , , , ,No,Appraisal,"Lau Lau-1 well, about 42 miles southeast of the Liza field, encountered 315 feet of high-quality oil-bearing sandstone reservoirs.
By 2027, the companies expect to have at least six floating production, storage and offloading vessels operational in Stabroek, with production expected to surpass 1 million barrels per day.", , , ,Light,Sweet,2024_Q4,
Lau Lau-1,Yes,Offshore,Guyana,Latin America,Non-Opec-Plus,Oil/Gas,Deep,Stabroek Block,Deepwater,Exxon Mobil,Hess,China National Offshore Oil Corp. (CNOOC), , , , ,No,Appraisal,"Lau Lau-1 well, about 42 miles southeast of the Liza field, encountered 315 feet of high-quality oil-bearing sandstone reservoirs.
By 2027, the companies expect to have at least six floating production, storage and offloading vessels operational in Stabroek, with production expected to surpass 1 million barrels per day.", , , ,Light,Sweet,2024_Q3,
Lau Lau-1,Yes,Offshore,Guyana,Latin America,Non-Opec-Plus,Oil/Gas,Deep,Stabroek Block,Deepwater,Exxon Mobil,Hess,China National Offshore Oil Corp. (CNOOC), , , , ,No,Appraisal,"Lau Lau-1 well, about 42 miles southeast of the Liza field, encountered 315 feet of high-quality oil-bearing sandstone reservoirs.
By 2027, the companies expect to have at least six floating production, storage and offloading vessels operational in Stabroek, with production expected to surpass 1 million barrels per day.", , , ,Light,Sweet,2024_Q2,
Lau Lau-1,Yes,Offshore,Guyana,Latin America,Non-Opec-Plus,Oil/Gas,Deep,Stabroek Block,Deepwater,Exxon Mobil,Hess,China National Offshore Oil Corp. (CNOOC), , , , ,No,Appraisal,"Lau Lau-1 well, about 42 miles southeast of the Liza field, encountered 315 feet of high-quality oil-bearing sandstone reservoirs.
By 2027, the companies expect to have at least six floating production, storage and offloading vessels operational in Stabroek, with production expected to surpass 1 million barrels per day.", , , ,Light,Sweet,2024_Q1,
Lau Lau-1,Yes,Offshore,Guyana,Latin America,Non-Opec-Plus,Oil/Gas,Deep,Stabroek Block,Deepwater,Exxon Mobil,Hess,China National Offshore Oil Corp. (CNOOC), , , , ,No,Appraisal,"Lau Lau-1 well, about 42 miles southeast of the Liza field, encountered 315 feet of high-quality oil-bearing sandstone reservoirs.
By 2027, the companies expect to have at least six floating production, storage and offloading vessels operational in Stabroek, with production expected to surpass 1 million barrels per day.", , , ,Light,Sweet,Partner5 Share %,
Lau Lau-1,Yes,Offshore,Guyana,Latin America,Non-Opec-Plus,Oil/Gas,Deep,Stabroek Block,Deepwater,Exxon Mobil,Hess,China National Offshore Oil Corp. (CNOOC), , , , ,No,Appraisal,"Lau Lau-1 well, about 42 miles southeast of the Liza field, encountered 315 feet of high-quality oil-bearing sandstone reservoirs.
By 2027, the companies expect to have at least six floating production, storage and offloading vessels operational in Stabroek, with production expected to surpass 1 million barrels per day.", , , ,Light,Sweet,Partner4 Share %,
Lau Lau-1,Yes,Offshore,Guyana,Latin America,Non-Opec-Plus,Oil/Gas,Deep,Stabroek Block,Deepwater,Exxon Mobil,Hess,China National Offshore Oil Corp. (CNOOC), , , , ,No,Appraisal,"Lau Lau-1 well, about 42 miles southeast of the Liza field, encountered 315 feet of high-quality oil-bearing sandstone reservoirs.
By 2027, the companies expect to have at least six floating production, storage and offloading vessels operational in Stabroek, with production expected to surpass 1 million barrels per day.", , , ,Light,Sweet,Partner3 Share %,
Lau Lau-1,Yes,Offshore,Guyana,Latin America,Non-Opec-Plus,Oil/Gas,Deep,Stabroek Block,Deepwater,Exxon Mobil,Hess,China National Offshore Oil Corp. (CNOOC), , , , ,No,Appraisal,"Lau Lau-1 well, about 42 miles southeast of the Liza field, encountered 315 feet of high-quality oil-bearing sandstone reservoirs.
By 2027, the companies expect to have at least six floating production, storage and offloading vessels operational in Stabroek, with production expected to surpass 1 million barrels per day.", , , ,Light,Sweet,Partner2 Share %,25
Lau Lau-1,Yes,Offshore,Guyana,Latin America,Non-Opec-Plus,Oil/Gas,Deep,Stabroek Block,Deepwater,Exxon Mobil,Hess,China National Offshore Oil Corp. (CNOOC), , , , ,No,Appraisal,"Lau Lau-1 well, about 42 miles southeast of the Liza field, encountered 315 feet of high-quality oil-bearing sandstone reservoirs.
By 2027, the companies expect to have at least six floating production, storage and offloading vessels operational in Stabroek, with production expected to surpass 1 million barrels per day.", , , ,Light,Sweet,Partner1 Share %,30
Lau Lau-1,Yes,Offshore,Guyana,Latin America,Non-Opec-Plus,Oil/Gas,Deep,Stabroek Block,Deepwater,Exxon Mobil,Hess,China National Offshore Oil Corp. (CNOOC), , , , ,No,Appraisal,"Lau Lau-1 well, about 42 miles southeast of the Liza field, encountered 315 feet of high-quality oil-bearing sandstone reservoirs.
By 2027, the companies expect to have at least six floating production, storage and offloading vessels operational in Stabroek, with production expected to surpass 1 million barrels per day.", , , ,Light,Sweet,Operator Share %,45
Hammerhead,Yes,Offshore,Guyana,Latin America,Non-Opec-Plus,Oil,Deep,Stabroek Block,Deepwater,Exxon Mobil,Hess,China National Offshore Oil Corp. (CNOOC), , , ,2029,Yes,Under Development,"Sep. 2025: Exxon Mobil has taken a final investment decision to develop the Hammerhead oil discovery offshore Guyana, its seventh sanctioned development project in the deepwater Stabroek Block, where it has discovered billions of barrels of oil.", , , ,Light,Sweet, 2029_Q4,
Hammerhead,Yes,Offshore,Guyana,Latin America,Non-Opec-Plus,Oil,Deep,Stabroek Block,Deepwater,Exxon Mobil,Hess,China National Offshore Oil Corp. (CNOOC), , , ,2029,Yes,Under Development,"Sep. 2025: Exxon Mobil has taken a final investment decision to develop the Hammerhead oil discovery offshore Guyana, its seventh sanctioned development project in the deepwater Stabroek Block, where it has discovered billions of barrels of oil.", , , ,Light,Sweet, 2029_Q3,80
Hammerhead,Yes,Offshore,Guyana,Latin America,Non-Opec-Plus,Oil,Deep,Stabroek Block,Deepwater,Exxon Mobil,Hess,China National Offshore Oil Corp. (CNOOC), , , ,2029,Yes,Under Development,"Sep. 2025: Exxon Mobil has taken a final investment decision to develop the Hammerhead oil discovery offshore Guyana, its seventh sanctioned development project in the deepwater Stabroek Block, where it has discovered billions of barrels of oil.", , , ,Light,Sweet, 2029_Q2,100
Hammerhead,Yes,Offshore,Guyana,Latin America,Non-Opec-Plus,Oil,Deep,Stabroek Block,Deepwater,Exxon Mobil,Hess,China National Offshore Oil Corp. (CNOOC), , , ,2029,Yes,Under Development,"Sep. 2025: Exxon Mobil has taken a final investment decision to develop the Hammerhead oil discovery offshore Guyana, its seventh sanctioned development project in the deepwater Stabroek Block, where it has discovered billions of barrels of oil.", , , ,Light,Sweet, 2029_Q1,
Hammerhead,Yes,Offshore,Guyana,Latin America,Non-Opec-Plus,Oil,Deep,Stabroek Block,Deepwater,Exxon Mobil,Hess,China National Offshore Oil Corp. (CNOOC), , , ,2029,Yes,Under Development,"Sep. 2025: Exxon Mobil has taken a final investment decision to develop the Hammerhead oil discovery offshore Guyana, its seventh sanctioned development project in the deepwater Stabroek Block, where it has discovered billions of barrels of oil.", , , ,Light,Sweet, 2028_Q4,
Hammerhead,Yes,Offshore,Guyana,Latin America,Non-Opec-Plus,Oil,Deep,Stabroek Block,Deepwater,Exxon Mobil,Hess,China National Offshore Oil Corp. (CNOOC), , , ,2029,Yes,Under Development,"Sep. 2025: Exxon Mobil has taken a final investment decision to develop the Hammerhead oil discovery offshore Guyana, its seventh sanctioned development project in the deepwater Stabroek Block, where it has discovered billions of barrels of oil.", , , ,Light,Sweet, 2028_Q3,
Hammerhead,Yes,Offshore,Guyana,Latin America,Non-Opec-Plus,Oil,Deep,Stabroek Block,Deepwater,Exxon Mobil,Hess,China National Offshore Oil Corp. (CNOOC), , , ,2029,Yes,Under Development,"Sep. 2025: Exxon Mobil has taken a final investment decision to develop the Hammerhead oil discovery offshore Guyana, its seventh sanctioned development project in the deepwater Stabroek Block, where it has discovered billions of barrels of oil.", , , ,Light,Sweet,2028_Q2,
Hammerhead,Yes,Offshore,Guyana,Latin America,Non-Opec-Plus,Oil,Deep,Stabroek Block,Deepwater,Exxon Mobil,Hess,China National Offshore Oil Corp. (CNOOC), , , ,2029,Yes,Under Development,"Sep. 2025: Exxon Mobil has taken a final investment decision to develop the Hammerhead oil discovery offshore Guyana, its seventh sanctioned development project in the deepwater Stabroek Block, where it has discovered billions of barrels of oil.", , , ,Light,Sweet,2028_Q1,
Hammerhead,Yes,Offshore,Guyana,Latin America,Non-Opec-Plus,Oil,Deep,Stabroek Block,Deepwater,Exxon Mobil,Hess,China National Offshore Oil Corp. (CNOOC), , , ,2029,Yes,Under Development,"Sep. 2025: Exxon Mobil has taken a final investment decision to develop the Hammerhead oil discovery offshore Guyana, its seventh sanctioned development project in the deepwater Stabroek Block, where it has discovered billions of barrels of oil.", , , ,Light,Sweet,2027_Q4,
Hammerhead,Yes,Offshore,Guyana,Latin America,Non-Opec-Plus,Oil,Deep,Stabroek Block,Deepwater,Exxon Mobil,Hess,China National Offshore Oil Corp. (CNOOC), , , ,2029,Yes,Under Development,"Sep. 2025: Exxon Mobil has taken a final investment decision to develop the Hammerhead oil discovery offshore Guyana, its seventh sanctioned development project in the deepwater Stabroek Block, where it has discovered billions of barrels of oil.", , , ,Light,Sweet,2027_Q3,
Hammerhead,Yes,Offshore,Guyana,Latin America,Non-Opec-Plus,Oil,Deep,Stabroek Block,Deepwater,Exxon Mobil,Hess,China National Offshore Oil Corp. (CNOOC), , , ,2029,Yes,Under Development,"Sep. 2025: Exxon Mobil has taken a final investment decision to develop the Hammerhead oil discovery offshore Guyana, its seventh sanctioned development project in the deepwater Stabroek Block, where it has discovered billions of barrels of oil.", , , ,Light,Sweet,2027_Q2,
Hammerhead,Yes,Offshore,Guyana,Latin America,Non-Opec-Plus,Oil,Deep,Stabroek Block,Deepwater,Exxon Mobil,Hess,China National Offshore Oil Corp. (CNOOC), , , ,2029,Yes,Under Development,"Sep. 2025: Exxon Mobil has taken a final investment decision to develop the Hammerhead oil discovery offshore Guyana, its seventh sanctioned development project in the deepwater Stabroek Block, where it has discovered billions of barrels of oil.", , , ,Light,Sweet,2027_Q1,
Hammerhead,Yes,Offshore,Guyana,Latin America,Non-Opec-Plus,Oil,Deep,Stabroek Block,Deepwater,Exxon Mobil,Hess,China National Offshore Oil Corp. (CNOOC), , , ,2029,Yes,Under Development,"Sep. 2025: Exxon Mobil has taken a final investment decision to develop the Hammerhead oil discovery offshore Guyana, its seventh sanctioned development project in the deepwater Stabroek Block, where it has discovered billions of barrels of oil.", , , ,Light,Sweet,2026_Q4,
Hammerhead,Yes,Offshore,Guyana,Latin America,Non-Opec-Plus,Oil,Deep,Stabroek Block,Deepwater,Exxon Mobil,Hess,China National Offshore Oil Corp. (CNOOC), , , ,2029,Yes,Under Development,"Sep. 2025: Exxon Mobil has taken a final investment decision to develop the Hammerhead oil discovery offshore Guyana, its seventh sanctioned development project in the deepwater Stabroek Block, where it has discovered billions of barrels of oil.", , , ,Light,Sweet,2026_Q3,
Hammerhead,Yes,Offshore,Guyana,Latin America,Non-Opec-Plus,Oil,Deep,Stabroek Block,Deepwater,Exxon Mobil,Hess,China National Offshore Oil Corp. (CNOOC), , , ,2029,Yes,Under Development,"Sep. 2025: Exxon Mobil has taken a final investment decision to develop the Hammerhead oil discovery offshore Guyana, its seventh sanctioned development project in the deepwater Stabroek Block, where it has discovered billions of barrels of oil.", , , ,Light,Sweet,2026_Q2,
Hammerhead,Yes,Offshore,Guyana,Latin America,Non-Opec-Plus,Oil,Deep,Stabroek Block,Deepwater,Exxon Mobil,Hess,China National Offshore Oil Corp. (CNOOC), , , ,2029,Yes,Under Development,"Sep. 2025: Exxon Mobil has taken a final investment decision to develop the Hammerhead oil discovery offshore Guyana, its seventh sanctioned development project in the deepwater Stabroek Block, where it has discovered billions of barrels of oil.", , , ,Light,Sweet,2026_Q1,
Hammerhead,Yes,Offshore,Guyana,Latin America,Non-Opec-Plus,Oil,Deep,Stabroek Block,Deepwater,Exxon Mobil,Hess,China National Offshore Oil Corp. (CNOOC), , , ,2029,Yes,Under Development,"Sep. 2025: Exxon Mobil has taken a final investment decision to develop the Hammerhead oil discovery offshore Guyana, its seventh sanctioned development project in the deepwater Stabroek Block, where it has discovered billions of barrels of oil.", , , ,Light,Sweet,2025_Q4,
Hammerhead,Yes,Offshore,Guyana,Latin America,Non-Opec-Plus,Oil,Deep,Stabroek Block,Deepwater,Exxon Mobil,Hess,China National Offshore Oil Corp. (CNOOC), , , ,2029,Yes,Under Development,"Sep. 2025: Exxon Mobil has taken a final investment decision to develop the Hammerhead oil discovery offshore Guyana, its seventh sanctioned development project in the deepwater Stabroek Block, where it has discovered billions of barrels of oil.", , , ,Light,Sweet,2025_Q3,
Hammerhead,Yes,Offshore,Guyana,Latin America,Non-Opec-Plus,Oil,Deep,Stabroek Block,Deepwater,Exxon Mobil,Hess,China National Offshore Oil Corp. (CNOOC), , , ,2029,Yes,Under Development,"Sep. 2025: Exxon Mobil has taken a final investment decision to develop the Hammerhead oil discovery offshore Guyana, its seventh sanctioned development project in the deepwater Stabroek Block, where it has discovered billions of barrels of oil.", , , ,Light,Sweet,2025_Q2,
Hammerhead,Yes,Offshore,Guyana,Latin America,Non-Opec-Plus,Oil,Deep,Stabroek Block,Deepwater,Exxon Mobil,Hess,China National Offshore Oil Corp. (CNOOC), , , ,2029,Yes,Under Development,"Sep. 2025: Exxon Mobil has taken a final investment decision to develop the Hammerhead oil discovery offshore Guyana, its seventh sanctioned development project in the deepwater Stabroek Block, where it has discovered billions of barrels of oil.", , , ,Light,Sweet,2025_Q1,
Hammerhead,Yes,Offshore,Guyana,Latin America,Non-Opec-Plus,Oil,Deep,Stabroek Block,Deepwater,Exxon Mobil,Hess,China National Offshore Oil Corp. (CNOOC), , , ,2029,Yes,Under Development,"Sep. 2025: Exxon Mobil has taken a final investment decision to develop the Hammerhead oil discovery offshore Guyana, its seventh sanctioned development project in the deepwater Stabroek Block, where it has discovered billions of barrels of oil.", , , ,Light,Sweet,2024_Q4,
Hammerhead,Yes,Offshore,Guyana,Latin America,Non-Opec-Plus,Oil,Deep,Stabroek Block,Deepwater,Exxon Mobil,Hess,China National Offshore Oil Corp. (CNOOC), , , ,2029,Yes,Under Development,"Sep. 2025: Exxon Mobil has taken a final investment decision to develop the Hammerhead oil discovery offshore Guyana, its seventh sanctioned development project in the deepwater Stabroek Block, where it has discovered billions of barrels of oil.", , , ,Light,Sweet,2024_Q3,
Hammerhead,Yes,Offshore,Guyana,Latin America,Non-Opec-Plus,Oil,Deep,Stabroek Block,Deepwater,Exxon Mobil,Hess,China National Offshore Oil Corp. (CNOOC), , , ,2029,Yes,Under Development,"Sep. 2025: Exxon Mobil has taken a final investment decision to develop the Hammerhead oil discovery offshore Guyana, its seventh sanctioned development project in the deepwater Stabroek Block, where it has discovered billions of barrels of oil.", , , ,Light,Sweet,2024_Q2,
Hammerhead,Yes,Offshore,Guyana,Latin America,Non-Opec-Plus,Oil,Deep,Stabroek Block,Deepwater,Exxon Mobil,Hess,China National Offshore Oil Corp. (CNOOC), , , ,2029,Yes,Under Development,"Sep. 2025: Exxon Mobil has taken a final investment decision to develop the Hammerhead oil discovery offshore Guyana, its seventh sanctioned development project in the deepwater Stabroek Block, where it has discovered billions of barrels of oil.", , , ,Light,Sweet,2024_Q1,
Hammerhead,Yes,Offshore,Guyana,Latin America,Non-Opec-Plus,Oil,Deep,Stabroek Block,Deepwater,Exxon Mobil,Hess,China National Offshore Oil Corp. (CNOOC), , , ,2029,Yes,Under Development,"Sep. 2025: Exxon Mobil has taken a final investment decision to develop the Hammerhead oil discovery offshore Guyana, its seventh sanctioned development project in the deepwater Stabroek Block, where it has discovered billions of barrels of oil.", , , ,Light,Sweet,Partner5 Share %,
Hammerhead,Yes,Offshore,Guyana,Latin America,Non-Opec-Plus,Oil,Deep,Stabroek Block,Deepwater,Exxon Mobil,Hess,China National Offshore Oil Corp. (CNOOC), , , ,2029,Yes,Under Development,"Sep. 2025: Exxon Mobil has taken a final investment decision to develop the Hammerhead oil discovery offshore Guyana, its seventh sanctioned development project in the deepwater Stabroek Block, where it has discovered billions of barrels of oil.", , , ,Light,Sweet,Partner4 Share %,
Hammerhead,Yes,Offshore,Guyana,Latin America,Non-Opec-Plus,Oil,Deep,Stabroek Block,Deepwater,Exxon Mobil,Hess,China National Offshore Oil Corp. (CNOOC), , , ,2029,Yes,Under Development,"Sep. 2025: Exxon Mobil has taken a final investment decision to develop the Hammerhead oil discovery offshore Guyana, its seventh sanctioned development project in the deepwater Stabroek Block, where it has discovered billions of barrels of oil.", , , ,Light,Sweet,Partner3 Share %,
Hammerhead,Yes,Offshore,Guyana,Latin America,Non-Opec-Plus,Oil,Deep,Stabroek Block,Deepwater,Exxon Mobil,Hess,China National Offshore Oil Corp. (CNOOC), , , ,2029,Yes,Under Development,"Sep. 2025: Exxon Mobil has taken a final investment decision to develop the Hammerhead oil discovery offshore Guyana, its seventh sanctioned development project in the deepwater Stabroek Block, where it has discovered billions of barrels of oil.", , , ,Light,Sweet,Partner2 Share %,25
Hammerhead,Yes,Offshore,Guyana,Latin America,Non-Opec-Plus,Oil,Deep,Stabroek Block,Deepwater,Exxon Mobil,Hess,China National Offshore Oil Corp. (CNOOC), , , ,2029,Yes,Under Development,"Sep. 2025: Exxon Mobil has taken a final investment decision to develop the Hammerhead oil discovery offshore Guyana, its seventh sanctioned development project in the deepwater Stabroek Block, where it has discovered billions of barrels of oil.", , , ,Light,Sweet,Partner1 Share %,30
Hammerhead,Yes,Offshore,Guyana,Latin America,Non-Opec-Plus,Oil,Deep,Stabroek Block,Deepwater,Exxon Mobil,Hess,China National Offshore Oil Corp. (CNOOC), , , ,2029,Yes,Under Development,"Sep. 2025: Exxon Mobil has taken a final investment decision to develop the Hammerhead oil discovery offshore Guyana, its seventh sanctioned development project in the deepwater Stabroek Block, where it has discovered billions of barrels of oil.", , , ,Light,Sweet,Operator Share %,45
Fangtooth-1,Yes,Offshore,Guyana,Latin America,Non-Opec-Plus,Oil,Deep,Stabroek Block,Deepwater,Exxon Mobil,Hess,China National Offshore Oil Corp. (CNOOC), , , , ,No,Appraisal,"While Fangtooth encountered significantly less pay than the  Lau Lau discovery, it successfully tested the quality of the deeper Campanian and Santonian reservoirs, which could open the door to even higher recoverable resource estimates in the block.", , , ,Light,Sour, 2029_Q4,
Fangtooth-1,Yes,Offshore,Guyana,Latin America,Non-Opec-Plus,Oil,Deep,Stabroek Block,Deepwater,Exxon Mobil,Hess,China National Offshore Oil Corp. (CNOOC), , , , ,No,Appraisal,"While Fangtooth encountered significantly less pay than the  Lau Lau discovery, it successfully tested the quality of the deeper Campanian and Santonian reservoirs, which could open the door to even higher recoverable resource estimates in the block.", , , ,Light,Sour, 2029_Q3,
Fangtooth-1,Yes,Offshore,Guyana,Latin America,Non-Opec-Plus,Oil,Deep,Stabroek Block,Deepwater,Exxon Mobil,Hess,China National Offshore Oil Corp. (CNOOC), , , , ,No,Appraisal,"While Fangtooth encountered significantly less pay than the  Lau Lau discovery, it successfully tested the quality of the deeper Campanian and Santonian reservoirs, which could open the door to even higher recoverable resource estimates in the block.", , , ,Light,Sour, 2029_Q2,
Fangtooth-1,Yes,Offshore,Guyana,Latin America,Non-Opec-Plus,Oil,Deep,Stabroek Block,Deepwater,Exxon Mobil,Hess,China National Offshore Oil Corp. (CNOOC), , , , ,No,Appraisal,"While Fangtooth encountered significantly less pay than the  Lau Lau discovery, it successfully tested the quality of the deeper Campanian and Santonian reservoirs, which could open the door to even higher recoverable resource estimates in the block.", , , ,Light,Sour, 2029_Q1,
Fangtooth-1,Yes,Offshore,Guyana,Latin America,Non-Opec-Plus,Oil,Deep,Stabroek Block,Deepwater,Exxon Mobil,Hess,China National Offshore Oil Corp. (CNOOC), , , , ,No,Appraisal,"While Fangtooth encountered significantly less pay than the  Lau Lau discovery, it successfully tested the quality of the deeper Campanian and Santonian reservoirs, which could open the door to even higher recoverable resource estimates in the block.", , , ,Light,Sour, 2028_Q4,
Fangtooth-1,Yes,Offshore,Guyana,Latin America,Non-Opec-Plus,Oil,Deep,Stabroek Block,Deepwater,Exxon Mobil,Hess,China National Offshore Oil Corp. (CNOOC), , , , ,No,Appraisal,"While Fangtooth encountered significantly less pay than the  Lau Lau discovery, it successfully tested the quality of the deeper Campanian and Santonian reservoirs, which could open the door to even higher recoverable resource estimates in the block.", , , ,Light,Sour, 2028_Q3,
Fangtooth-1,Yes,Offshore,Guyana,Latin America,Non-Opec-Plus,Oil,Deep,Stabroek Block,Deepwater,Exxon Mobil,Hess,China National Offshore Oil Corp. (CNOOC), , , , ,No,Appraisal,"While Fangtooth encountered significantly less pay than the  Lau Lau discovery, it successfully tested the quality of the deeper Campanian and Santonian reservoirs, which could open the door to even higher recoverable resource estimates in the block.", , , ,Light,Sour,2028_Q2,
Fangtooth-1,Yes,Offshore,Guyana,Latin America,Non-Opec-Plus,Oil,Deep,Stabroek Block,Deepwater,Exxon Mobil,Hess,China National Offshore Oil Corp. (CNOOC), , , , ,No,Appraisal,"While Fangtooth encountered significantly less pay than the  Lau Lau discovery, it successfully tested the quality of the deeper Campanian and Santonian reservoirs, which could open the door to even higher recoverable resource estimates in the block.", , , ,Light,Sour,2028_Q1,
Fangtooth-1,Yes,Offshore,Guyana,Latin America,Non-Opec-Plus,Oil,Deep,Stabroek Block,Deepwater,Exxon Mobil,Hess,China National Offshore Oil Corp. (CNOOC), , , , ,No,Appraisal,"While Fangtooth encountered significantly less pay than the  Lau Lau discovery, it successfully tested the quality of the deeper Campanian and Santonian reservoirs, which could open the door to even higher recoverable resource estimates in the block.", , , ,Light,Sour,2027_Q4,
Fangtooth-1,Yes,Offshore,Guyana,Latin America,Non-Opec-Plus,Oil,Deep,Stabroek Block,Deepwater,Exxon Mobil,Hess,China National Offshore Oil Corp. (CNOOC), , , , ,No,Appraisal,"While Fangtooth encountered significantly less pay than the  Lau Lau discovery, it successfully tested the quality of the deeper Campanian and Santonian reservoirs, which could open the door to even higher recoverable resource estimates in the block.", , , ,Light,Sour,2027_Q3,
Fangtooth-1,Yes,Offshore,Guyana,Latin America,Non-Opec-Plus,Oil,Deep,Stabroek Block,Deepwater,Exxon Mobil,Hess,China National Offshore Oil Corp. (CNOOC), , , , ,No,Appraisal,"While Fangtooth encountered significantly less pay than the  Lau Lau discovery, it successfully tested the quality of the deeper Campanian and Santonian reservoirs, which could open the door to even higher recoverable resource estimates in the block.", , , ,Light,Sour,2027_Q2,
Fangtooth-1,Yes,Offshore,Guyana,Latin America,Non-Opec-Plus,Oil,Deep,Stabroek Block,Deepwater,Exxon Mobil,Hess,China National Offshore Oil Corp. (CNOOC), , , , ,No,Appraisal,"While Fangtooth encountered significantly less pay than the  Lau Lau discovery, it successfully tested the quality of the deeper Campanian and Santonian reservoirs, which could open the door to even higher recoverable resource estimates in the block.", , , ,Light,Sour,2027_Q1,
Fangtooth-1,Yes,Offshore,Guyana,Latin America,Non-Opec-Plus,Oil,Deep,Stabroek Block,Deepwater,Exxon Mobil,Hess,China National Offshore Oil Corp. (CNOOC), , , , ,No,Appraisal,"While Fangtooth encountered significantly less pay than the  Lau Lau discovery, it successfully tested the quality of the deeper Campanian and Santonian reservoirs, which could open the door to even higher recoverable resource estimates in the block.", , , ,Light,Sour,2026_Q4,
Fangtooth-1,Yes,Offshore,Guyana,Latin America,Non-Opec-Plus,Oil,Deep,Stabroek Block,Deepwater,Exxon Mobil,Hess,China National Offshore Oil Corp. (CNOOC), , , , ,No,Appraisal,"While Fangtooth encountered significantly less pay than the  Lau Lau discovery, it successfully tested the quality of the deeper Campanian and Santonian reservoirs, which could open the door to even higher recoverable resource estimates in the block.", , , ,Light,Sour,2026_Q3,
Fangtooth-1,Yes,Offshore,Guyana,Latin America,Non-Opec-Plus,Oil,Deep,Stabroek Block,Deepwater,Exxon Mobil,Hess,China National Offshore Oil Corp. (CNOOC), , , , ,No,Appraisal,"While Fangtooth encountered significantly less pay than the  Lau Lau discovery, it successfully tested the quality of the deeper Campanian and Santonian reservoirs, which could open the door to even higher recoverable resource estimates in the block.", , , ,Light,Sour,2026_Q2,
Fangtooth-1,Yes,Offshore,Guyana,Latin America,Non-Opec-Plus,Oil,Deep,Stabroek Block,Deepwater,Exxon Mobil,Hess,China National Offshore Oil Corp. (CNOOC), , , , ,No,Appraisal,"While Fangtooth encountered significantly less pay than the  Lau Lau discovery, it successfully tested the quality of the deeper Campanian and Santonian reservoirs, which could open the door to even higher recoverable resource estimates in the block.", , , ,Light,Sour,2026_Q1,
Fangtooth-1,Yes,Offshore,Guyana,Latin America,Non-Opec-Plus,Oil,Deep,Stabroek Block,Deepwater,Exxon Mobil,Hess,China National Offshore Oil Corp. (CNOOC), , , , ,No,Appraisal,"While Fangtooth encountered significantly less pay than the  Lau Lau discovery, it successfully tested the quality of the deeper Campanian and Santonian reservoirs, which could open the door to even higher recoverable resource estimates in the block.", , , ,Light,Sour,2025_Q4,
Fangtooth-1,Yes,Offshore,Guyana,Latin America,Non-Opec-Plus,Oil,Deep,Stabroek Block,Deepwater,Exxon Mobil,Hess,China National Offshore Oil Corp. (CNOOC), , , , ,No,Appraisal,"While Fangtooth encountered significantly less pay than the  Lau Lau discovery, it successfully tested the quality of the deeper Campanian and Santonian reservoirs, which could open the door to even higher recoverable resource estimates in the block.", , , ,Light,Sour,2025_Q3,
Fangtooth-1,Yes,Offshore,Guyana,Latin America,Non-Opec-Plus,Oil,Deep,Stabroek Block,Deepwater,Exxon Mobil,Hess,China National Offshore Oil Corp. (CNOOC), , , , ,No,Appraisal,"While Fangtooth encountered significantly less pay than the  Lau Lau discovery, it successfully tested the quality of the deeper Campanian and Santonian reservoirs, which could open the door to even higher recoverable resource estimates in the block.", , , ,Light,Sour,2025_Q2,
Fangtooth-1,Yes,Offshore,Guyana,Latin America,Non-Opec-Plus,Oil,Deep,Stabroek Block,Deepwater,Exxon Mobil,Hess,China National Offshore Oil Corp. (CNOOC), , , , ,No,Appraisal,"While Fangtooth encountered significantly less pay than the  Lau Lau discovery, it successfully tested the quality of the deeper Campanian and Santonian reservoirs, which could open the door to even higher recoverable resource estimates in the block.", , , ,Light,Sour,2025_Q1,
Fangtooth-1,Yes,Offshore,Guyana,Latin America,Non-Opec-Plus,Oil,Deep,Stabroek Block,Deepwater,Exxon Mobil,Hess,China National Offshore Oil Corp. (CNOOC), , , , ,No,Appraisal,"While Fangtooth encountered significantly less pay than the  Lau Lau discovery, it successfully tested the quality of the deeper Campanian and Santonian reservoirs, which could open the door to even higher recoverable resource estimates in the block.", , , ,Light,Sour,2024_Q4,
Fangtooth-1,Yes,Offshore,Guyana,Latin America,Non-Opec-Plus,Oil,Deep,Stabroek Block,Deepwater,Exxon Mobil,Hess,China National Offshore Oil Corp. (CNOOC), , , , ,No,Appraisal,"While Fangtooth encountered significantly less pay than the  Lau Lau discovery, it successfully tested the quality of the deeper Campanian and Santonian reservoirs, which could open the door to even higher recoverable resource estimates in the block.", , , ,Light,Sour,2024_Q3,
Fangtooth-1,Yes,Offshore,Guyana,Latin America,Non-Opec-Plus,Oil,Deep,Stabroek Block,Deepwater,Exxon Mobil,Hess,China National Offshore Oil Corp. (CNOOC), , , , ,No,Appraisal,"While Fangtooth encountered significantly less pay than the  Lau Lau discovery, it successfully tested the quality of the deeper Campanian and Santonian reservoirs, which could open the door to even higher recoverable resource estimates in the block.", , , ,Light,Sour,2024_Q2,
Fangtooth-1,Yes,Offshore,Guyana,Latin America,Non-Opec-Plus,Oil,Deep,Stabroek Block,Deepwater,Exxon Mobil,Hess,China National Offshore Oil Corp. (CNOOC), , , , ,No,Appraisal,"While Fangtooth encountered significantly less pay than the  Lau Lau discovery, it successfully tested the quality of the deeper Campanian and Santonian reservoirs, which could open the door to even higher recoverable resource estimates in the block.", , , ,Light,Sour,2024_Q1,
Fangtooth-1,Yes,Offshore,Guyana,Latin America,Non-Opec-Plus,Oil,Deep,Stabroek Block,Deepwater,Exxon Mobil,Hess,China National Offshore Oil Corp. (CNOOC), , , , ,No,Appraisal,"While Fangtooth encountered significantly less pay than the  Lau Lau discovery, it successfully tested the quality of the deeper Campanian and Santonian reservoirs, which could open the door to even higher recoverable resource estimates in the block.", , , ,Light,Sour,Partner5 Share %,
Fangtooth-1,Yes,Offshore,Guyana,Latin America,Non-Opec-Plus,Oil,Deep,Stabroek Block,Deepwater,Exxon Mobil,Hess,China National Offshore Oil Corp. (CNOOC), , , , ,No,Appraisal,"While Fangtooth encountered significantly less pay than the  Lau Lau discovery, it successfully tested the quality of the deeper Campanian and Santonian reservoirs, which could open the door to even higher recoverable resource estimates in the block.", , , ,Light,Sour,Partner4 Share %,
Fangtooth-1,Yes,Offshore,Guyana,Latin America,Non-Opec-Plus,Oil,Deep,Stabroek Block,Deepwater,Exxon Mobil,Hess,China National Offshore Oil Corp. (CNOOC), , , , ,No,Appraisal,"While Fangtooth encountered significantly less pay than the  Lau Lau discovery, it successfully tested the quality of the deeper Campanian and Santonian reservoirs, which could open the door to even higher recoverable resource estimates in the block.", , , ,Light,Sour,Partner3 Share %,
Fangtooth-1,Yes,Offshore,Guyana,Latin America,Non-Opec-Plus,Oil,Deep,Stabroek Block,Deepwater,Exxon Mobil,Hess,China National Offshore Oil Corp. (CNOOC), , , , ,No,Appraisal,"While Fangtooth encountered significantly less pay than the  Lau Lau discovery, it successfully tested the quality of the deeper Campanian and Santonian reservoirs, which could open the door to even higher recoverable resource estimates in the block.", , , ,Light,Sour,Partner2 Share %,25
Fangtooth-1,Yes,Offshore,Guyana,Latin America,Non-Opec-Plus,Oil,Deep,Stabroek Block,Deepwater,Exxon Mobil,Hess,China National Offshore Oil Corp. (CNOOC), , , , ,No,Appraisal,"While Fangtooth encountered significantly less pay than the  Lau Lau discovery, it successfully tested the quality of the deeper Campanian and Santonian reservoirs, which could open the door to even higher recoverable resource estimates in the block.", , , ,Light,Sour,Partner1 Share %,30
Fangtooth-1,Yes,Offshore,Guyana,Latin America,Non-Opec-Plus,Oil,Deep,Stabroek Block,Deepwater,Exxon Mobil,Hess,China National Offshore Oil Corp. (CNOOC), , , , ,No,Appraisal,"While Fangtooth encountered significantly less pay than the  Lau Lau discovery, it successfully tested the quality of the deeper Campanian and Santonian reservoirs, which could open the door to even higher recoverable resource estimates in the block.", , , ,Light,Sour,Operator Share %,45
Cataback,Yes,Offshore,Guyana,Latin America,Non-Opec-Plus,Oil,Deep,Stabroek Block,Deepwater,Exxon Mobil,Hess,China National Offshore Oil Corp. (CNOOC), , , , ,No,Appraisal, , , , ,Light,Sweet, 2029_Q4,
Cataback,Yes,Offshore,Guyana,Latin America,Non-Opec-Plus,Oil,Deep,Stabroek Block,Deepwater,Exxon Mobil,Hess,China National Offshore Oil Corp. (CNOOC), , , , ,No,Appraisal, , , , ,Light,Sweet, 2029_Q3,
Cataback,Yes,Offshore,Guyana,Latin America,Non-Opec-Plus,Oil,Deep,Stabroek Block,Deepwater,Exxon Mobil,Hess,China National Offshore Oil Corp. (CNOOC), , , , ,No,Appraisal, , , , ,Light,Sweet, 2029_Q2,
Cataback,Yes,Offshore,Guyana,Latin America,Non-Opec-Plus,Oil,Deep,Stabroek Block,Deepwater,Exxon Mobil,Hess,China National Offshore Oil Corp. (CNOOC), , , , ,No,Appraisal, , , , ,Light,Sweet, 2029_Q1,
Cataback,Yes,Offshore,Guyana,Latin America,Non-Opec-Plus,Oil,Deep,Stabroek Block,Deepwater,Exxon Mobil,Hess,China National Offshore Oil Corp. (CNOOC), , , , ,No,Appraisal, , , , ,Light,Sweet, 2028_Q4,
Cataback,Yes,Offshore,Guyana,Latin America,Non-Opec-Plus,Oil,Deep,Stabroek Block,Deepwater,Exxon Mobil,Hess,China National Offshore Oil Corp. (CNOOC), , , , ,No,Appraisal, , , , ,Light,Sweet, 2028_Q3,
Cataback,Yes,Offshore,Guyana,Latin America,Non-Opec-Plus,Oil,Deep,Stabroek Block,Deepwater,Exxon Mobil,Hess,China National Offshore Oil Corp. (CNOOC), , , , ,No,Appraisal, , , , ,Light,Sweet,2028_Q2,
Cataback,Yes,Offshore,Guyana,Latin America,Non-Opec-Plus,Oil,Deep,Stabroek Block,Deepwater,Exxon Mobil,Hess,China National Offshore Oil Corp. (CNOOC), , , , ,No,Appraisal, , , , ,Light,Sweet,2028_Q1,
Cataback,Yes,Offshore,Guyana,Latin America,Non-Opec-Plus,Oil,Deep,Stabroek Block,Deepwater,Exxon Mobil,Hess,China National Offshore Oil Corp. (CNOOC), , , , ,No,Appraisal, , , , ,Light,Sweet,2027_Q4,
Cataback,Yes,Offshore,Guyana,Latin America,Non-Opec-Plus,Oil,Deep,Stabroek Block,Deepwater,Exxon Mobil,Hess,China National Offshore Oil Corp. (CNOOC), , , , ,No,Appraisal, , , , ,Light,Sweet,2027_Q3,
Cataback,Yes,Offshore,Guyana,Latin America,Non-Opec-Plus,Oil,Deep,Stabroek Block,Deepwater,Exxon Mobil,Hess,China National Offshore Oil Corp. (CNOOC), , , , ,No,Appraisal, , , , ,Light,Sweet,2027_Q2,
Cataback,Yes,Offshore,Guyana,Latin America,Non-Opec-Plus,Oil,Deep,Stabroek Block,Deepwater,Exxon Mobil,Hess,China National Offshore Oil Corp. (CNOOC), , , , ,No,Appraisal, , , , ,Light,Sweet,2027_Q1,
Cataback,Yes,Offshore,Guyana,Latin America,Non-Opec-Plus,Oil,Deep,Stabroek Block,Deepwater,Exxon Mobil,Hess,China National Offshore Oil Corp. (CNOOC), , , , ,No,Appraisal, , , , ,Light,Sweet,2026_Q4,
Cataback,Yes,Offshore,Guyana,Latin America,Non-Opec-Plus,Oil,Deep,Stabroek Block,Deepwater,Exxon Mobil,Hess,China National Offshore Oil Corp. (CNOOC), , , , ,No,Appraisal, , , , ,Light,Sweet,2026_Q3,
Cataback,Yes,Offshore,Guyana,Latin America,Non-Opec-Plus,Oil,Deep,Stabroek Block,Deepwater,Exxon Mobil,Hess,China National Offshore Oil Corp. (CNOOC), , , , ,No,Appraisal, , , , ,Light,Sweet,2026_Q2,
Cataback,Yes,Offshore,Guyana,Latin America,Non-Opec-Plus,Oil,Deep,Stabroek Block,Deepwater,Exxon Mobil,Hess,China National Offshore Oil Corp. (CNOOC), , , , ,No,Appraisal, , , , ,Light,Sweet,2026_Q1,
Cataback,Yes,Offshore,Guyana,Latin America,Non-Opec-Plus,Oil,Deep,Stabroek Block,Deepwater,Exxon Mobil,Hess,China National Offshore Oil Corp. (CNOOC), , , , ,No,Appraisal, , , , ,Light,Sweet,2025_Q4,
Cataback,Yes,Offshore,Guyana,Latin America,Non-Opec-Plus,Oil,Deep,Stabroek Block,Deepwater,Exxon Mobil,Hess,China National Offshore Oil Corp. (CNOOC), , , , ,No,Appraisal, , , , ,Light,Sweet,2025_Q3,
Cataback,Yes,Offshore,Guyana,Latin America,Non-Opec-Plus,Oil,Deep,Stabroek Block,Deepwater,Exxon Mobil,Hess,China National Offshore Oil Corp. (CNOOC), , , , ,No,Appraisal, , , , ,Light,Sweet,2025_Q2,
Cataback,Yes,Offshore,Guyana,Latin America,Non-Opec-Plus,Oil,Deep,Stabroek Block,Deepwater,Exxon Mobil,Hess,China National Offshore Oil Corp. (CNOOC), , , , ,No,Appraisal, , , , ,Light,Sweet,2025_Q1,
Cataback,Yes,Offshore,Guyana,Latin America,Non-Opec-Plus,Oil,Deep,Stabroek Block,Deepwater,Exxon Mobil,Hess,China National Offshore Oil Corp. (CNOOC), , , , ,No,Appraisal, , , , ,Light,Sweet,2024_Q4,
Cataback,Yes,Offshore,Guyana,Latin America,Non-Opec-Plus,Oil,Deep,Stabroek Block,Deepwater,Exxon Mobil,Hess,China National Offshore Oil Corp. (CNOOC), , , , ,No,Appraisal, , , , ,Light,Sweet,2024_Q3,
Cataback,Yes,Offshore,Guyana,Latin America,Non-Opec-Plus,Oil,Deep,Stabroek Block,Deepwater,Exxon Mobil,Hess,China National Offshore Oil Corp. (CNOOC), , , , ,No,Appraisal, , , , ,Light,Sweet,2024_Q2,
Cataback,Yes,Offshore,Guyana,Latin America,Non-Opec-Plus,Oil,Deep,Stabroek Block,Deepwater,Exxon Mobil,Hess,China National Offshore Oil Corp. (CNOOC), , , , ,No,Appraisal, , , , ,Light,Sweet,2024_Q1,
Cataback,Yes,Offshore,Guyana,Latin America,Non-Opec-Plus,Oil,Deep,Stabroek Block,Deepwater,Exxon Mobil,Hess,China National Offshore Oil Corp. (CNOOC), , , , ,No,Appraisal, , , , ,Light,Sweet,Partner5 Share %,
Cataback,Yes,Offshore,Guyana,Latin America,Non-Opec-Plus,Oil,Deep,Stabroek Block,Deepwater,Exxon Mobil,Hess,China National Offshore Oil Corp. (CNOOC), , , , ,No,Appraisal, , , , ,Light,Sweet,Partner4 Share %,
Cataback,Yes,Offshore,Guyana,Latin America,Non-Opec-Plus,Oil,Deep,Stabroek Block,Deepwater,Exxon Mobil,Hess,China National Offshore Oil Corp. (CNOOC), , , , ,No,Appraisal, , , , ,Light,Sweet,Partner3 Share %,
Cataback,Yes,Offshore,Guyana,Latin America,Non-Opec-Plus,Oil,Deep,Stabroek Block,Deepwater,Exxon Mobil,Hess,China National Offshore Oil Corp. (CNOOC), , , , ,No,Appraisal, , , , ,Light,Sweet,Partner2 Share %,25
Cataback,Yes,Offshore,Guyana,Latin America,Non-Opec-Plus,Oil,Deep,Stabroek Block,Deepwater,Exxon Mobil,Hess,China National Offshore Oil Corp. (CNOOC), , , , ,No,Appraisal, , , , ,Light,Sweet,Partner1 Share %,30
Cataback,Yes,Offshore,Guyana,Latin America,Non-Opec-Plus,Oil,Deep,Stabroek Block,Deepwater,Exxon Mobil,Hess,China National Offshore Oil Corp. (CNOOC), , , , ,No,Appraisal, , , , ,Light,Sweet,Operator Share %,45
Barreleye-1,Yes,Offshore,Guyana,Latin America,Non-Opec-Plus,Oil,Deep,Stabroek Block,Deepwater,Exxon Mobil,Hess,China National Offshore Oil Corp. (CNOOC), , , , ,No,Appraisal,"Part of a trio of discoveries announced in April 2022 in offshore Guyana that boosted the recoverable resources in the Exxon Mobil-operated Stabroek Block to nearly 11 billion boe.
By 2027, the companies expect to have at least six floating production, storage and offloading vessels operational in Stabroek, with production expected to surpass 1 million barrels per day.", , , , , , 2029_Q4,
Barreleye-1,Yes,Offshore,Guyana,Latin America,Non-Opec-Plus,Oil,Deep,Stabroek Block,Deepwater,Exxon Mobil,Hess,China National Offshore Oil Corp. (CNOOC), , , , ,No,Appraisal,"Part of a trio of discoveries announced in April 2022 in offshore Guyana that boosted the recoverable resources in the Exxon Mobil-operated Stabroek Block to nearly 11 billion boe.
By 2027, the companies expect to have at least six floating production, storage and offloading vessels operational in Stabroek, with production expected to surpass 1 million barrels per day.", , , , , , 2029_Q3,
Barreleye-1,Yes,Offshore,Guyana,Latin America,Non-Opec-Plus,Oil,Deep,Stabroek Block,Deepwater,Exxon Mobil,Hess,China National Offshore Oil Corp. (CNOOC), , , , ,No,Appraisal,"Part of a trio of discoveries announced in April 2022 in offshore Guyana that boosted the recoverable resources in the Exxon Mobil-operated Stabroek Block to nearly 11 billion boe.
By 2027, the companies expect to have at least six floating production, storage and offloading vessels operational in Stabroek, with production expected to surpass 1 million barrels per day.", , , , , , 2029_Q2,
Barreleye-1,Yes,Offshore,Guyana,Latin America,Non-Opec-Plus,Oil,Deep,Stabroek Block,Deepwater,Exxon Mobil,Hess,China National Offshore Oil Corp. (CNOOC), , , , ,No,Appraisal,"Part of a trio of discoveries announced in April 2022 in offshore Guyana that boosted the recoverable resources in the Exxon Mobil-operated Stabroek Block to nearly 11 billion boe.
By 2027, the companies expect to have at least six floating production, storage and offloading vessels operational in Stabroek, with production expected to surpass 1 million barrels per day.", , , , , , 2029_Q1,
Barreleye-1,Yes,Offshore,Guyana,Latin America,Non-Opec-Plus,Oil,Deep,Stabroek Block,Deepwater,Exxon Mobil,Hess,China National Offshore Oil Corp. (CNOOC), , , , ,No,Appraisal,"Part of a trio of discoveries announced in April 2022 in offshore Guyana that boosted the recoverable resources in the Exxon Mobil-operated Stabroek Block to nearly 11 billion boe.
By 2027, the companies expect to have at least six floating production, storage and offloading vessels operational in Stabroek, with production expected to surpass 1 million barrels per day.", , , , , , 2028_Q4,
Barreleye-1,Yes,Offshore,Guyana,Latin America,Non-Opec-Plus,Oil,Deep,Stabroek Block,Deepwater,Exxon Mobil,Hess,China National Offshore Oil Corp. (CNOOC), , , , ,No,Appraisal,"Part of a trio of discoveries announced in April 2022 in offshore Guyana that boosted the recoverable resources in the Exxon Mobil-operated Stabroek Block to nearly 11 billion boe.
By 2027, the companies expect to have at least six floating production, storage and offloading vessels operational in Stabroek, with production expected to surpass 1 million barrels per day.", , , , , , 2028_Q3,
Barreleye-1,Yes,Offshore,Guyana,Latin America,Non-Opec-Plus,Oil,Deep,Stabroek Block,Deepwater,Exxon Mobil,Hess,China National Offshore Oil Corp. (CNOOC), , , , ,No,Appraisal,"Part of a trio of discoveries announced in April 2022 in offshore Guyana that boosted the recoverable resources in the Exxon Mobil-operated Stabroek Block to nearly 11 billion boe.
By 2027, the companies expect to have at least six floating production, storage and offloading vessels operational in Stabroek, with production expected to surpass 1 million barrels per day.", , , , , ,2028_Q2,
Barreleye-1,Yes,Offshore,Guyana,Latin America,Non-Opec-Plus,Oil,Deep,Stabroek Block,Deepwater,Exxon Mobil,Hess,China National Offshore Oil Corp. (CNOOC), , , , ,No,Appraisal,"Part of a trio of discoveries announced in April 2022 in offshore Guyana that boosted the recoverable resources in the Exxon Mobil-operated Stabroek Block to nearly 11 billion boe.
By 2027, the companies expect to have at least six floating production, storage and offloading vessels operational in Stabroek, with production expected to surpass 1 million barrels per day.", , , , , ,2028_Q1,
Barreleye-1,Yes,Offshore,Guyana,Latin America,Non-Opec-Plus,Oil,Deep,Stabroek Block,Deepwater,Exxon Mobil,Hess,China National Offshore Oil Corp. (CNOOC), , , , ,No,Appraisal,"Part of a trio of discoveries announced in April 2022 in offshore Guyana that boosted the recoverable resources in the Exxon Mobil-operated Stabroek Block to nearly 11 billion boe.
By 2027, the companies expect to have at least six floating production, storage and offloading vessels operational in Stabroek, with production expected to surpass 1 million barrels per day.", , , , , ,2027_Q4,
Barreleye-1,Yes,Offshore,Guyana,Latin America,Non-Opec-Plus,Oil,Deep,Stabroek Block,Deepwater,Exxon Mobil,Hess,China National Offshore Oil Corp. (CNOOC), , , , ,No,Appraisal,"Part of a trio of discoveries announced in April 2022 in offshore Guyana that boosted the recoverable resources in the Exxon Mobil-operated Stabroek Block to nearly 11 billion boe.
By 2027, the companies expect to have at least six floating production, storage and offloading vessels operational in Stabroek, with production expected to surpass 1 million barrels per day.", , , , , ,2027_Q3,
Barreleye-1,Yes,Offshore,Guyana,Latin America,Non-Opec-Plus,Oil,Deep,Stabroek Block,Deepwater,Exxon Mobil,Hess,China National Offshore Oil Corp. (CNOOC), , , , ,No,Appraisal,"Part of a trio of discoveries announced in April 2022 in offshore Guyana that boosted the recoverable resources in the Exxon Mobil-operated Stabroek Block to nearly 11 billion boe.
By 2027, the companies expect to have at least six floating production, storage and offloading vessels operational in Stabroek, with production expected to surpass 1 million barrels per day.", , , , , ,2027_Q2,
Barreleye-1,Yes,Offshore,Guyana,Latin America,Non-Opec-Plus,Oil,Deep,Stabroek Block,Deepwater,Exxon Mobil,Hess,China National Offshore Oil Corp. (CNOOC), , , , ,No,Appraisal,"Part of a trio of discoveries announced in April 2022 in offshore Guyana that boosted the recoverable resources in the Exxon Mobil-operated Stabroek Block to nearly 11 billion boe.
By 2027, the companies expect to have at least six floating production, storage and offloading vessels operational in Stabroek, with production expected to surpass 1 million barrels per day.", , , , , ,2027_Q1,
Barreleye-1,Yes,Offshore,Guyana,Latin America,Non-Opec-Plus,Oil,Deep,Stabroek Block,Deepwater,Exxon Mobil,Hess,China National Offshore Oil Corp. (CNOOC), , , , ,No,Appraisal,"Part of a trio of discoveries announced in April 2022 in offshore Guyana that boosted the recoverable resources in the Exxon Mobil-operated Stabroek Block to nearly 11 billion boe.
By 2027, the companies expect to have at least six floating production, storage and offloading vessels operational in Stabroek, with production expected to surpass 1 million barrels per day.", , , , , ,2026_Q4,
Barreleye-1,Yes,Offshore,Guyana,Latin America,Non-Opec-Plus,Oil,Deep,Stabroek Block,Deepwater,Exxon Mobil,Hess,China National Offshore Oil Corp. (CNOOC), , , , ,No,Appraisal,"Part of a trio of discoveries announced in April 2022 in offshore Guyana that boosted the recoverable resources in the Exxon Mobil-operated Stabroek Block to nearly 11 billion boe.
By 2027, the companies expect to have at least six floating production, storage and offloading vessels operational in Stabroek, with production expected to surpass 1 million barrels per day.", , , , , ,2026_Q3,
Barreleye-1,Yes,Offshore,Guyana,Latin America,Non-Opec-Plus,Oil,Deep,Stabroek Block,Deepwater,Exxon Mobil,Hess,China National Offshore Oil Corp. (CNOOC), , , , ,No,Appraisal,"Part of a trio of discoveries announced in April 2022 in offshore Guyana that boosted the recoverable resources in the Exxon Mobil-operated Stabroek Block to nearly 11 billion boe.
By 2027, the companies expect to have at least six floating production, storage and offloading vessels operational in Stabroek, with production expected to surpass 1 million barrels per day.", , , , , ,2026_Q2,
Barreleye-1,Yes,Offshore,Guyana,Latin America,Non-Opec-Plus,Oil,Deep,Stabroek Block,Deepwater,Exxon Mobil,Hess,China National Offshore Oil Corp. (CNOOC), , , , ,No,Appraisal,"Part of a trio of discoveries announced in April 2022 in offshore Guyana that boosted the recoverable resources in the Exxon Mobil-operated Stabroek Block to nearly 11 billion boe.
By 2027, the companies expect to have at least six floating production, storage and offloading vessels operational in Stabroek, with production expected to surpass 1 million barrels per day.", , , , , ,2026_Q1,
Barreleye-1,Yes,Offshore,Guyana,Latin America,Non-Opec-Plus,Oil,Deep,Stabroek Block,Deepwater,Exxon Mobil,Hess,China National Offshore Oil Corp. (CNOOC), , , , ,No,Appraisal,"Part of a trio of discoveries announced in April 2022 in offshore Guyana that boosted the recoverable resources in the Exxon Mobil-operated Stabroek Block to nearly 11 billion boe.
By 2027, the companies expect to have at least six floating production, storage and offloading vessels operational in Stabroek, with production expected to surpass 1 million barrels per day.", , , , , ,2025_Q4,
Barreleye-1,Yes,Offshore,Guyana,Latin America,Non-Opec-Plus,Oil,Deep,Stabroek Block,Deepwater,Exxon Mobil,Hess,China National Offshore Oil Corp. (CNOOC), , , , ,No,Appraisal,"Part of a trio of discoveries announced in April 2022 in offshore Guyana that boosted the recoverable resources in the Exxon Mobil-operated Stabroek Block to nearly 11 billion boe.
By 2027, the companies expect to have at least six floating production, storage and offloading vessels operational in Stabroek, with production expected to surpass 1 million barrels per day.", , , , , ,2025_Q3,
Barreleye-1,Yes,Offshore,Guyana,Latin America,Non-Opec-Plus,Oil,Deep,Stabroek Block,Deepwater,Exxon Mobil,Hess,China National Offshore Oil Corp. (CNOOC), , , , ,No,Appraisal,"Part of a trio of discoveries announced in April 2022 in offshore Guyana that boosted the recoverable resources in the Exxon Mobil-operated Stabroek Block to nearly 11 billion boe.
By 2027, the companies expect to have at least six floating production, storage and offloading vessels operational in Stabroek, with production expected to surpass 1 million barrels per day.", , , , , ,2025_Q2,
Barreleye-1,Yes,Offshore,Guyana,Latin America,Non-Opec-Plus,Oil,Deep,Stabroek Block,Deepwater,Exxon Mobil,Hess,China National Offshore Oil Corp. (CNOOC), , , , ,No,Appraisal,"Part of a trio of discoveries announced in April 2022 in offshore Guyana that boosted the recoverable resources in the Exxon Mobil-operated Stabroek Block to nearly 11 billion boe.
By 2027, the companies expect to have at least six floating production, storage and offloading vessels operational in Stabroek, with production expected to surpass 1 million barrels per day.", , , , , ,2025_Q1,
Barreleye-1,Yes,Offshore,Guyana,Latin America,Non-Opec-Plus,Oil,Deep,Stabroek Block,Deepwater,Exxon Mobil,Hess,China National Offshore Oil Corp. (CNOOC), , , , ,No,Appraisal,"Part of a trio of discoveries announced in April 2022 in offshore Guyana that boosted the recoverable resources in the Exxon Mobil-operated Stabroek Block to nearly 11 billion boe.
By 2027, the companies expect to have at least six floating production, storage and offloading vessels operational in Stabroek, with production expected to surpass 1 million barrels per day.", , , , , ,2024_Q4,
Barreleye-1,Yes,Offshore,Guyana,Latin America,Non-Opec-Plus,Oil,Deep,Stabroek Block,Deepwater,Exxon Mobil,Hess,China National Offshore Oil Corp. (CNOOC), , , , ,No,Appraisal,"Part of a trio of discoveries announced in April 2022 in offshore Guyana that boosted the recoverable resources in the Exxon Mobil-operated Stabroek Block to nearly 11 billion boe.
By 2027, the companies expect to have at least six floating production, storage and offloading vessels operational in Stabroek, with production expected to surpass 1 million barrels per day.", , , , , ,2024_Q3,
Barreleye-1,Yes,Offshore,Guyana,Latin America,Non-Opec-Plus,Oil,Deep,Stabroek Block,Deepwater,Exxon Mobil,Hess,China National Offshore Oil Corp. (CNOOC), , , , ,No,Appraisal,"Part of a trio of discoveries announced in April 2022 in offshore Guyana that boosted the recoverable resources in the Exxon Mobil-operated Stabroek Block to nearly 11 billion boe.
By 2027, the companies expect to have at least six floating production, storage and offloading vessels operational in Stabroek, with production expected to surpass 1 million barrels per day.", , , , , ,2024_Q2,
Barreleye-1,Yes,Offshore,Guyana,Latin America,Non-Opec-Plus,Oil,Deep,Stabroek Block,Deepwater,Exxon Mobil,Hess,China National Offshore Oil Corp. (CNOOC), , , , ,No,Appraisal,"Part of a trio of discoveries announced in April 2022 in offshore Guyana that boosted the recoverable resources in the Exxon Mobil-operated Stabroek Block to nearly 11 billion boe.
By 2027, the companies expect to have at least six floating production, storage and offloading vessels operational in Stabroek, with production expected to surpass 1 million barrels per day.", , , , , ,2024_Q1,
Barreleye-1,Yes,Offshore,Guyana,Latin America,Non-Opec-Plus,Oil,Deep,Stabroek Block,Deepwater,Exxon Mobil,Hess,China National Offshore Oil Corp. (CNOOC), , , , ,No,Appraisal,"Part of a trio of discoveries announced in April 2022 in offshore Guyana that boosted the recoverable resources in the Exxon Mobil-operated Stabroek Block to nearly 11 billion boe.
By 2027, the companies expect to have at least six floating production, storage and offloading vessels operational in Stabroek, with production expected to surpass 1 million barrels per day.", , , , , ,Partner5 Share %,
Barreleye-1,Yes,Offshore,Guyana,Latin America,Non-Opec-Plus,Oil,Deep,Stabroek Block,Deepwater,Exxon Mobil,Hess,China National Offshore Oil Corp. (CNOOC), , , , ,No,Appraisal,"Part of a trio of discoveries announced in April 2022 in offshore Guyana that boosted the recoverable resources in the Exxon Mobil-operated Stabroek Block to nearly 11 billion boe.
By 2027, the companies expect to have at least six floating production, storage and offloading vessels operational in Stabroek, with production expected to surpass 1 million barrels per day.", , , , , ,Partner4 Share %,
Barreleye-1,Yes,Offshore,Guyana,Latin America,Non-Opec-Plus,Oil,Deep,Stabroek Block,Deepwater,Exxon Mobil,Hess,China National Offshore Oil Corp. (CNOOC), , , , ,No,Appraisal,"Part of a trio of discoveries announced in April 2022 in offshore Guyana that boosted the recoverable resources in the Exxon Mobil-operated Stabroek Block to nearly 11 billion boe.
By 2027, the companies expect to have at least six floating production, storage and offloading vessels operational in Stabroek, with production expected to surpass 1 million barrels per day.", , , , , ,Partner3 Share %,
Barreleye-1,Yes,Offshore,Guyana,Latin America,Non-Opec-Plus,Oil,Deep,Stabroek Block,Deepwater,Exxon Mobil,Hess,China National Offshore Oil Corp. (CNOOC), , , , ,No,Appraisal,"Part of a trio of discoveries announced in April 2022 in offshore Guyana that boosted the recoverable resources in the Exxon Mobil-operated Stabroek Block to nearly 11 billion boe.
By 2027, the companies expect to have at least six floating production, storage and offloading vessels operational in Stabroek, with production expected to surpass 1 million barrels per day.", , , , , ,Partner2 Share %,25
Barreleye-1,Yes,Offshore,Guyana,Latin America,Non-Opec-Plus,Oil,Deep,Stabroek Block,Deepwater,Exxon Mobil,Hess,China National Offshore Oil Corp. (CNOOC), , , , ,No,Appraisal,"Part of a trio of discoveries announced in April 2022 in offshore Guyana that boosted the recoverable resources in the Exxon Mobil-operated Stabroek Block to nearly 11 billion boe.
By 2027, the companies expect to have at least six floating production, storage and offloading vessels operational in Stabroek, with production expected to surpass 1 million barrels per day.", , , , , ,Partner1 Share %,30
Barreleye-1,Yes,Offshore,Guyana,Latin America,Non-Opec-Plus,Oil,Deep,Stabroek Block,Deepwater,Exxon Mobil,Hess,China National Offshore Oil Corp. (CNOOC), , , , ,No,Appraisal,"Part of a trio of discoveries announced in April 2022 in offshore Guyana that boosted the recoverable resources in the Exxon Mobil-operated Stabroek Block to nearly 11 billion boe.
By 2027, the companies expect to have at least six floating production, storage and offloading vessels operational in Stabroek, with production expected to surpass 1 million barrels per day.", , , , , ,Operator Share %,45
Banyu Urip Infill and Clastic Project,Yes,Onshore,Indonesia,Asia,Non-Opec-Plus,Oil, ,Banyu Urip,Conventional,Exxon Mobil,Pertamina,Others, , , ,2024,Yes,Onstream,"Aug. 2024: Exxon launched its Banyu Urip Infill and Clastic (BUIC) drilling campaign in March, targeting five infill wells and two “clastic” wells in the Cepu Block by 2026. Two wells are slated to be drilled by the end of this year, resulting in 15,000-2", ,42.000, ,Light,Sweet, 2029_Q4,
Banyu Urip Infill and Clastic Project,Yes,Onshore,Indonesia,Asia,Non-Opec-Plus,Oil, ,Banyu Urip,Conventional,Exxon Mobil,Pertamina,Others, , , ,2024,Yes,Onstream,"Aug. 2024: Exxon launched its Banyu Urip Infill and Clastic (BUIC) drilling campaign in March, targeting five infill wells and two “clastic” wells in the Cepu Block by 2026. Two wells are slated to be drilled by the end of this year, resulting in 15,000-2", ,42.000, ,Light,Sweet, 2029_Q3,
Banyu Urip Infill and Clastic Project,Yes,Onshore,Indonesia,Asia,Non-Opec-Plus,Oil, ,Banyu Urip,Conventional,Exxon Mobil,Pertamina,Others, , , ,2024,Yes,Onstream,"Aug. 2024: Exxon launched its Banyu Urip Infill and Clastic (BUIC) drilling campaign in March, targeting five infill wells and two “clastic” wells in the Cepu Block by 2026. Two wells are slated to be drilled by the end of this year, resulting in 15,000-2", ,42.000, ,Light,Sweet, 2029_Q2,
Banyu Urip Infill and Clastic Project,Yes,Onshore,Indonesia,Asia,Non-Opec-Plus,Oil, ,Banyu Urip,Conventional,Exxon Mobil,Pertamina,Others, , , ,2024,Yes,Onstream,"Aug. 2024: Exxon launched its Banyu Urip Infill and Clastic (BUIC) drilling campaign in March, targeting five infill wells and two “clastic” wells in the Cepu Block by 2026. Two wells are slated to be drilled by the end of this year, resulting in 15,000-2", ,42.000, ,Light,Sweet, 2029_Q1,
Banyu Urip Infill and Clastic Project,Yes,Onshore,Indonesia,Asia,Non-Opec-Plus,Oil, ,Banyu Urip,Conventional,Exxon Mobil,Pertamina,Others, , , ,2024,Yes,Onstream,"Aug. 2024: Exxon launched its Banyu Urip Infill and Clastic (BUIC) drilling campaign in March, targeting five infill wells and two “clastic” wells in the Cepu Block by 2026. Two wells are slated to be drilled by the end of this year, resulting in 15,000-2", ,42.000, ,Light,Sweet, 2028_Q4,
Banyu Urip Infill and Clastic Project,Yes,Onshore,Indonesia,Asia,Non-Opec-Plus,Oil, ,Banyu Urip,Conventional,Exxon Mobil,Pertamina,Others, , , ,2024,Yes,Onstream,"Aug. 2024: Exxon launched its Banyu Urip Infill and Clastic (BUIC) drilling campaign in March, targeting five infill wells and two “clastic” wells in the Cepu Block by 2026. Two wells are slated to be drilled by the end of this year, resulting in 15,000-2", ,42.000, ,Light,Sweet, 2028_Q3,
Banyu Urip Infill and Clastic Project,Yes,Onshore,Indonesia,Asia,Non-Opec-Plus,Oil, ,Banyu Urip,Conventional,Exxon Mobil,Pertamina,Others, , , ,2024,Yes,Onstream,"Aug. 2024: Exxon launched its Banyu Urip Infill and Clastic (BUIC) drilling campaign in March, targeting five infill wells and two “clastic” wells in the Cepu Block by 2026. Two wells are slated to be drilled by the end of this year, resulting in 15,000-2", ,42.000, ,Light,Sweet,2028_Q2,
Banyu Urip Infill and Clastic Project,Yes,Onshore,Indonesia,Asia,Non-Opec-Plus,Oil, ,Banyu Urip,Conventional,Exxon Mobil,Pertamina,Others, , , ,2024,Yes,Onstream,"Aug. 2024: Exxon launched its Banyu Urip Infill and Clastic (BUIC) drilling campaign in March, targeting five infill wells and two “clastic” wells in the Cepu Block by 2026. Two wells are slated to be drilled by the end of this year, resulting in 15,000-2", ,42.000, ,Light,Sweet,2028_Q1,
Banyu Urip Infill and Clastic Project,Yes,Onshore,Indonesia,Asia,Non-Opec-Plus,Oil, ,Banyu Urip,Conventional,Exxon Mobil,Pertamina,Others, , , ,2024,Yes,Onstream,"Aug. 2024: Exxon launched its Banyu Urip Infill and Clastic (BUIC) drilling campaign in March, targeting five infill wells and two “clastic” wells in the Cepu Block by 2026. Two wells are slated to be drilled by the end of this year, resulting in 15,000-2", ,42.000, ,Light,Sweet,2027_Q4,
Banyu Urip Infill and Clastic Project,Yes,Onshore,Indonesia,Asia,Non-Opec-Plus,Oil, ,Banyu Urip,Conventional,Exxon Mobil,Pertamina,Others, , , ,2024,Yes,Onstream,"Aug. 2024: Exxon launched its Banyu Urip Infill and Clastic (BUIC) drilling campaign in March, targeting five infill wells and two “clastic” wells in the Cepu Block by 2026. Two wells are slated to be drilled by the end of this year, resulting in 15,000-2", ,42.000, ,Light,Sweet,2027_Q3,
Banyu Urip Infill and Clastic Project,Yes,Onshore,Indonesia,Asia,Non-Opec-Plus,Oil, ,Banyu Urip,Conventional,Exxon Mobil,Pertamina,Others, , , ,2024,Yes,Onstream,"Aug. 2024: Exxon launched its Banyu Urip Infill and Clastic (BUIC) drilling campaign in March, targeting five infill wells and two “clastic” wells in the Cepu Block by 2026. Two wells are slated to be drilled by the end of this year, resulting in 15,000-2", ,42.000, ,Light,Sweet,2027_Q2,
Banyu Urip Infill and Clastic Project,Yes,Onshore,Indonesia,Asia,Non-Opec-Plus,Oil, ,Banyu Urip,Conventional,Exxon Mobil,Pertamina,Others, , , ,2024,Yes,Onstream,"Aug. 2024: Exxon launched its Banyu Urip Infill and Clastic (BUIC) drilling campaign in March, targeting five infill wells and two “clastic” wells in the Cepu Block by 2026. Two wells are slated to be drilled by the end of this year, resulting in 15,000-2", ,42.000, ,Light,Sweet,2027_Q1,
Banyu Urip Infill and Clastic Project,Yes,Onshore,Indonesia,Asia,Non-Opec-Plus,Oil, ,Banyu Urip,Conventional,Exxon Mobil,Pertamina,Others, , , ,2024,Yes,Onstream,"Aug. 2024: Exxon launched its Banyu Urip Infill and Clastic (BUIC) drilling campaign in March, targeting five infill wells and two “clastic” wells in the Cepu Block by 2026. Two wells are slated to be drilled by the end of this year, resulting in 15,000-2", ,42.000, ,Light,Sweet,2026_Q4,
Banyu Urip Infill and Clastic Project,Yes,Onshore,Indonesia,Asia,Non-Opec-Plus,Oil, ,Banyu Urip,Conventional,Exxon Mobil,Pertamina,Others, , , ,2024,Yes,Onstream,"Aug. 2024: Exxon launched its Banyu Urip Infill and Clastic (BUIC) drilling campaign in March, targeting five infill wells and two “clastic” wells in the Cepu Block by 2026. Two wells are slated to be drilled by the end of this year, resulting in 15,000-2", ,42.000, ,Light,Sweet,2026_Q3,4
Banyu Urip Infill and Clastic Project,Yes,Onshore,Indonesia,Asia,Non-Opec-Plus,Oil, ,Banyu Urip,Conventional,Exxon Mobil,Pertamina,Others, , , ,2024,Yes,Onstream,"Aug. 2024: Exxon launched its Banyu Urip Infill and Clastic (BUIC) drilling campaign in March, targeting five infill wells and two “clastic” wells in the Cepu Block by 2026. Two wells are slated to be drilled by the end of this year, resulting in 15,000-2", ,42.000, ,Light,Sweet,2026_Q2,4
Banyu Urip Infill and Clastic Project,Yes,Onshore,Indonesia,Asia,Non-Opec-Plus,Oil, ,Banyu Urip,Conventional,Exxon Mobil,Pertamina,Others, , , ,2024,Yes,Onstream,"Aug. 2024: Exxon launched its Banyu Urip Infill and Clastic (BUIC) drilling campaign in March, targeting five infill wells and two “clastic” wells in the Cepu Block by 2026. Two wells are slated to be drilled by the end of this year, resulting in 15,000-2", ,42.000, ,Light,Sweet,2026_Q1,4
Banyu Urip Infill and Clastic Project,Yes,Onshore,Indonesia,Asia,Non-Opec-Plus,Oil, ,Banyu Urip,Conventional,Exxon Mobil,Pertamina,Others, , , ,2024,Yes,Onstream,"Aug. 2024: Exxon launched its Banyu Urip Infill and Clastic (BUIC) drilling campaign in March, targeting five infill wells and two “clastic” wells in the Cepu Block by 2026. Two wells are slated to be drilled by the end of this year, resulting in 15,000-2", ,42.000, ,Light,Sweet,2025_Q4,4
Banyu Urip Infill and Clastic Project,Yes,Onshore,Indonesia,Asia,Non-Opec-Plus,Oil, ,Banyu Urip,Conventional,Exxon Mobil,Pertamina,Others, , , ,2024,Yes,Onstream,"Aug. 2024: Exxon launched its Banyu Urip Infill and Clastic (BUIC) drilling campaign in March, targeting five infill wells and two “clastic” wells in the Cepu Block by 2026. Two wells are slated to be drilled by the end of this year, resulting in 15,000-2", ,42.000, ,Light,Sweet,2025_Q3,4
Banyu Urip Infill and Clastic Project,Yes,Onshore,Indonesia,Asia,Non-Opec-Plus,Oil, ,Banyu Urip,Conventional,Exxon Mobil,Pertamina,Others, , , ,2024,Yes,Onstream,"Aug. 2024: Exxon launched its Banyu Urip Infill and Clastic (BUIC) drilling campaign in March, targeting five infill wells and two “clastic” wells in the Cepu Block by 2026. Two wells are slated to be drilled by the end of this year, resulting in 15,000-2", ,42.000, ,Light,Sweet,2025_Q2,4
Banyu Urip Infill and Clastic Project,Yes,Onshore,Indonesia,Asia,Non-Opec-Plus,Oil, ,Banyu Urip,Conventional,Exxon Mobil,Pertamina,Others, , , ,2024,Yes,Onstream,"Aug. 2024: Exxon launched its Banyu Urip Infill and Clastic (BUIC) drilling campaign in March, targeting five infill wells and two “clastic” wells in the Cepu Block by 2026. Two wells are slated to be drilled by the end of this year, resulting in 15,000-2", ,42.000, ,Light,Sweet,2025_Q1,4
Banyu Urip Infill and Clastic Project,Yes,Onshore,Indonesia,Asia,Non-Opec-Plus,Oil, ,Banyu Urip,Conventional,Exxon Mobil,Pertamina,Others, , , ,2024,Yes,Onstream,"Aug. 2024: Exxon launched its Banyu Urip Infill and Clastic (BUIC) drilling campaign in March, targeting five infill wells and two “clastic” wells in the Cepu Block by 2026. Two wells are slated to be drilled by the end of this year, resulting in 15,000-2", ,42.000, ,Light,Sweet,2024_Q4,2
Banyu Urip Infill and Clastic Project,Yes,Onshore,Indonesia,Asia,Non-Opec-Plus,Oil, ,Banyu Urip,Conventional,Exxon Mobil,Pertamina,Others, , , ,2024,Yes,Onstream,"Aug. 2024: Exxon launched its Banyu Urip Infill and Clastic (BUIC) drilling campaign in March, targeting five infill wells and two “clastic” wells in the Cepu Block by 2026. Two wells are slated to be drilled by the end of this year, resulting in 15,000-2", ,42.000, ,Light,Sweet,2024_Q3,
Banyu Urip Infill and Clastic Project,Yes,Onshore,Indonesia,Asia,Non-Opec-Plus,Oil, ,Banyu Urip,Conventional,Exxon Mobil,Pertamina,Others, , , ,2024,Yes,Onstream,"Aug. 2024: Exxon launched its Banyu Urip Infill and Clastic (BUIC) drilling campaign in March, targeting five infill wells and two “clastic” wells in the Cepu Block by 2026. Two wells are slated to be drilled by the end of this year, resulting in 15,000-2", ,42.000, ,Light,Sweet,2024_Q2,
Banyu Urip Infill and Clastic Project,Yes,Onshore,Indonesia,Asia,Non-Opec-Plus,Oil, ,Banyu Urip,Conventional,Exxon Mobil,Pertamina,Others, , , ,2024,Yes,Onstream,"Aug. 2024: Exxon launched its Banyu Urip Infill and Clastic (BUIC) drilling campaign in March, targeting five infill wells and two “clastic” wells in the Cepu Block by 2026. Two wells are slated to be drilled by the end of this year, resulting in 15,000-2", ,42.000, ,Light,Sweet,2024_Q1,
Banyu Urip Infill and Clastic Project,Yes,Onshore,Indonesia,Asia,Non-Opec-Plus,Oil, ,Banyu Urip,Conventional,Exxon Mobil,Pertamina,Others, , , ,2024,Yes,Onstream,"Aug. 2024: Exxon launched its Banyu Urip Infill and Clastic (BUIC) drilling campaign in March, targeting five infill wells and two “clastic” wells in the Cepu Block by 2026. Two wells are slated to be drilled by the end of this year, resulting in 15,000-2", ,42.000, ,Light,Sweet,Partner5 Share %,
Banyu Urip Infill and Clastic Project,Yes,Onshore,Indonesia,Asia,Non-Opec-Plus,Oil, ,Banyu Urip,Conventional,Exxon Mobil,Pertamina,Others, , , ,2024,Yes,Onstream,"Aug. 2024: Exxon launched its Banyu Urip Infill and Clastic (BUIC) drilling campaign in March, targeting five infill wells and two “clastic” wells in the Cepu Block by 2026. Two wells are slated to be drilled by the end of this year, resulting in 15,000-2", ,42.000, ,Light,Sweet,Partner4 Share %,
Banyu Urip Infill and Clastic Project,Yes,Onshore,Indonesia,Asia,Non-Opec-Plus,Oil, ,Banyu Urip,Conventional,Exxon Mobil,Pertamina,Others, , , ,2024,Yes,Onstream,"Aug. 2024: Exxon launched its Banyu Urip Infill and Clastic (BUIC) drilling campaign in March, targeting five infill wells and two “clastic” wells in the Cepu Block by 2026. Two wells are slated to be drilled by the end of this year, resulting in 15,000-2", ,42.000, ,Light,Sweet,Partner3 Share %,
Banyu Urip Infill and Clastic Project,Yes,Onshore,Indonesia,Asia,Non-Opec-Plus,Oil, ,Banyu Urip,Conventional,Exxon Mobil,Pertamina,Others, , , ,2024,Yes,Onstream,"Aug. 2024: Exxon launched its Banyu Urip Infill and Clastic (BUIC) drilling campaign in March, targeting five infill wells and two “clastic” wells in the Cepu Block by 2026. Two wells are slated to be drilled by the end of this year, resulting in 15,000-2", ,42.000, ,Light,Sweet,Partner2 Share %,10
Banyu Urip Infill and Clastic Project,Yes,Onshore,Indonesia,Asia,Non-Opec-Plus,Oil, ,Banyu Urip,Conventional,Exxon Mobil,Pertamina,Others, , , ,2024,Yes,Onstream,"Aug. 2024: Exxon launched its Banyu Urip Infill and Clastic (BUIC) drilling campaign in March, targeting five infill wells and two “clastic” wells in the Cepu Block by 2026. Two wells are slated to be drilled by the end of this year, resulting in 15,000-2", ,42.000, ,Light,Sweet,Partner1 Share %,45
Banyu Urip Infill and Clastic Project,Yes,Onshore,Indonesia,Asia,Non-Opec-Plus,Oil, ,Banyu Urip,Conventional,Exxon Mobil,Pertamina,Others, , , ,2024,Yes,Onstream,"Aug. 2024: Exxon launched its Banyu Urip Infill and Clastic (BUIC) drilling campaign in March, targeting five infill wells and two “clastic” wells in the Cepu Block by 2026. Two wells are slated to be drilled by the end of this year, resulting in 15,000-2", ,42.000, ,Light,Sweet,Operator Share %,45
Bacalhau Phase 1,Yes,Offshore,Brazil,Latin America,Non-Opec-Plus,Oil/Gas,Deep,Bacalhau,Pre-Salt,Equinor,Exxon Mobil,Petrogal Brasil, , , ,2025,Yes,Onstream,"Oct. 2025: Equinor has started oil production at the Bacalhau field offshore Brazil, making it the first development in the South American nation's prolific pre-salt play to be brought on line by an international operator.", ,1000.000,1000.000,Medium, , 2029_Q4,
Bacalhau Phase 1,Yes,Offshore,Brazil,Latin America,Non-Opec-Plus,Oil/Gas,Deep,Bacalhau,Pre-Salt,Equinor,Exxon Mobil,Petrogal Brasil, , , ,2025,Yes,Onstream,"Oct. 2025: Equinor has started oil production at the Bacalhau field offshore Brazil, making it the first development in the South American nation's prolific pre-salt play to be brought on line by an international operator.", ,1000.000,1000.000,Medium, , 2029_Q3,
Bacalhau Phase 1,Yes,Offshore,Brazil,Latin America,Non-Opec-Plus,Oil/Gas,Deep,Bacalhau,Pre-Salt,Equinor,Exxon Mobil,Petrogal Brasil, , , ,2025,Yes,Onstream,"Oct. 2025: Equinor has started oil production at the Bacalhau field offshore Brazil, making it the first development in the South American nation's prolific pre-salt play to be brought on line by an international operator.", ,1000.000,1000.000,Medium, , 2029_Q2,
Bacalhau Phase 1,Yes,Offshore,Brazil,Latin America,Non-Opec-Plus,Oil/Gas,Deep,Bacalhau,Pre-Salt,Equinor,Exxon Mobil,Petrogal Brasil, , , ,2025,Yes,Onstream,"Oct. 2025: Equinor has started oil production at the Bacalhau field offshore Brazil, making it the first development in the South American nation's prolific pre-salt play to be brought on line by an international operator.", ,1000.000,1000.000,Medium, , 2029_Q1,
Bacalhau Phase 1,Yes,Offshore,Brazil,Latin America,Non-Opec-Plus,Oil/Gas,Deep,Bacalhau,Pre-Salt,Equinor,Exxon Mobil,Petrogal Brasil, , , ,2025,Yes,Onstream,"Oct. 2025: Equinor has started oil production at the Bacalhau field offshore Brazil, making it the first development in the South American nation's prolific pre-salt play to be brought on line by an international operator.", ,1000.000,1000.000,Medium, , 2028_Q4,
Bacalhau Phase 1,Yes,Offshore,Brazil,Latin America,Non-Opec-Plus,Oil/Gas,Deep,Bacalhau,Pre-Salt,Equinor,Exxon Mobil,Petrogal Brasil, , , ,2025,Yes,Onstream,"Oct. 2025: Equinor has started oil production at the Bacalhau field offshore Brazil, making it the first development in the South American nation's prolific pre-salt play to be brought on line by an international operator.", ,1000.000,1000.000,Medium, , 2028_Q3,
Bacalhau Phase 1,Yes,Offshore,Brazil,Latin America,Non-Opec-Plus,Oil/Gas,Deep,Bacalhau,Pre-Salt,Equinor,Exxon Mobil,Petrogal Brasil, , , ,2025,Yes,Onstream,"Oct. 2025: Equinor has started oil production at the Bacalhau field offshore Brazil, making it the first development in the South American nation's prolific pre-salt play to be brought on line by an international operator.", ,1000.000,1000.000,Medium, ,2028_Q2,
Bacalhau Phase 1,Yes,Offshore,Brazil,Latin America,Non-Opec-Plus,Oil/Gas,Deep,Bacalhau,Pre-Salt,Equinor,Exxon Mobil,Petrogal Brasil, , , ,2025,Yes,Onstream,"Oct. 2025: Equinor has started oil production at the Bacalhau field offshore Brazil, making it the first development in the South American nation's prolific pre-salt play to be brought on line by an international operator.", ,1000.000,1000.000,Medium, ,2028_Q1,
Bacalhau Phase 1,Yes,Offshore,Brazil,Latin America,Non-Opec-Plus,Oil/Gas,Deep,Bacalhau,Pre-Salt,Equinor,Exxon Mobil,Petrogal Brasil, , , ,2025,Yes,Onstream,"Oct. 2025: Equinor has started oil production at the Bacalhau field offshore Brazil, making it the first development in the South American nation's prolific pre-salt play to be brought on line by an international operator.", ,1000.000,1000.000,Medium, ,2027_Q4,
Bacalhau Phase 1,Yes,Offshore,Brazil,Latin America,Non-Opec-Plus,Oil/Gas,Deep,Bacalhau,Pre-Salt,Equinor,Exxon Mobil,Petrogal Brasil, , , ,2025,Yes,Onstream,"Oct. 2025: Equinor has started oil production at the Bacalhau field offshore Brazil, making it the first development in the South American nation's prolific pre-salt play to be brought on line by an international operator.", ,1000.000,1000.000,Medium, ,2027_Q3,
Bacalhau Phase 1,Yes,Offshore,Brazil,Latin America,Non-Opec-Plus,Oil/Gas,Deep,Bacalhau,Pre-Salt,Equinor,Exxon Mobil,Petrogal Brasil, , , ,2025,Yes,Onstream,"Oct. 2025: Equinor has started oil production at the Bacalhau field offshore Brazil, making it the first development in the South American nation's prolific pre-salt play to be brought on line by an international operator.", ,1000.000,1000.000,Medium, ,2027_Q2,
Bacalhau Phase 1,Yes,Offshore,Brazil,Latin America,Non-Opec-Plus,Oil/Gas,Deep,Bacalhau,Pre-Salt,Equinor,Exxon Mobil,Petrogal Brasil, , , ,2025,Yes,Onstream,"Oct. 2025: Equinor has started oil production at the Bacalhau field offshore Brazil, making it the first development in the South American nation's prolific pre-salt play to be brought on line by an international operator.", ,1000.000,1000.000,Medium, ,2027_Q1,
Bacalhau Phase 1,Yes,Offshore,Brazil,Latin America,Non-Opec-Plus,Oil/Gas,Deep,Bacalhau,Pre-Salt,Equinor,Exxon Mobil,Petrogal Brasil, , , ,2025,Yes,Onstream,"Oct. 2025: Equinor has started oil production at the Bacalhau field offshore Brazil, making it the first development in the South American nation's prolific pre-salt play to be brought on line by an international operator.", ,1000.000,1000.000,Medium, ,2026_Q4,
Bacalhau Phase 1,Yes,Offshore,Brazil,Latin America,Non-Opec-Plus,Oil/Gas,Deep,Bacalhau,Pre-Salt,Equinor,Exxon Mobil,Petrogal Brasil, , , ,2025,Yes,Onstream,"Oct. 2025: Equinor has started oil production at the Bacalhau field offshore Brazil, making it the first development in the South American nation's prolific pre-salt play to be brought on line by an international operator.", ,1000.000,1000.000,Medium, ,2026_Q3,
Bacalhau Phase 1,Yes,Offshore,Brazil,Latin America,Non-Opec-Plus,Oil/Gas,Deep,Bacalhau,Pre-Salt,Equinor,Exxon Mobil,Petrogal Brasil, , , ,2025,Yes,Onstream,"Oct. 2025: Equinor has started oil production at the Bacalhau field offshore Brazil, making it the first development in the South American nation's prolific pre-salt play to be brought on line by an international operator.", ,1000.000,1000.000,Medium, ,2026_Q2,100
Bacalhau Phase 1,Yes,Offshore,Brazil,Latin America,Non-Opec-Plus,Oil/Gas,Deep,Bacalhau,Pre-Salt,Equinor,Exxon Mobil,Petrogal Brasil, , , ,2025,Yes,Onstream,"Oct. 2025: Equinor has started oil production at the Bacalhau field offshore Brazil, making it the first development in the South American nation's prolific pre-salt play to be brought on line by an international operator.", ,1000.000,1000.000,Medium, ,2026_Q1,70
Bacalhau Phase 1,Yes,Offshore,Brazil,Latin America,Non-Opec-Plus,Oil/Gas,Deep,Bacalhau,Pre-Salt,Equinor,Exxon Mobil,Petrogal Brasil, , , ,2025,Yes,Onstream,"Oct. 2025: Equinor has started oil production at the Bacalhau field offshore Brazil, making it the first development in the South American nation's prolific pre-salt play to be brought on line by an international operator.", ,1000.000,1000.000,Medium, ,2025_Q4,50
Bacalhau Phase 1,Yes,Offshore,Brazil,Latin America,Non-Opec-Plus,Oil/Gas,Deep,Bacalhau,Pre-Salt,Equinor,Exxon Mobil,Petrogal Brasil, , , ,2025,Yes,Onstream,"Oct. 2025: Equinor has started oil production at the Bacalhau field offshore Brazil, making it the first development in the South American nation's prolific pre-salt play to be brought on line by an international operator.", ,1000.000,1000.000,Medium, ,2025_Q3,
Bacalhau Phase 1,Yes,Offshore,Brazil,Latin America,Non-Opec-Plus,Oil/Gas,Deep,Bacalhau,Pre-Salt,Equinor,Exxon Mobil,Petrogal Brasil, , , ,2025,Yes,Onstream,"Oct. 2025: Equinor has started oil production at the Bacalhau field offshore Brazil, making it the first development in the South American nation's prolific pre-salt play to be brought on line by an international operator.", ,1000.000,1000.000,Medium, ,2025_Q2,
Bacalhau Phase 1,Yes,Offshore,Brazil,Latin America,Non-Opec-Plus,Oil/Gas,Deep,Bacalhau,Pre-Salt,Equinor,Exxon Mobil,Petrogal Brasil, , , ,2025,Yes,Onstream,"Oct. 2025: Equinor has started oil production at the Bacalhau field offshore Brazil, making it the first development in the South American nation's prolific pre-salt play to be brought on line by an international operator.", ,1000.000,1000.000,Medium, ,2025_Q1,
Bacalhau Phase 1,Yes,Offshore,Brazil,Latin America,Non-Opec-Plus,Oil/Gas,Deep,Bacalhau,Pre-Salt,Equinor,Exxon Mobil,Petrogal Brasil, , , ,2025,Yes,Onstream,"Oct. 2025: Equinor has started oil production at the Bacalhau field offshore Brazil, making it the first development in the South American nation's prolific pre-salt play to be brought on line by an international operator.", ,1000.000,1000.000,Medium, ,2024_Q4,
Bacalhau Phase 1,Yes,Offshore,Brazil,Latin America,Non-Opec-Plus,Oil/Gas,Deep,Bacalhau,Pre-Salt,Equinor,Exxon Mobil,Petrogal Brasil, , , ,2025,Yes,Onstream,"Oct. 2025: Equinor has started oil production at the Bacalhau field offshore Brazil, making it the first development in the South American nation's prolific pre-salt play to be brought on line by an international operator.", ,1000.000,1000.000,Medium, ,2024_Q3,
Bacalhau Phase 1,Yes,Offshore,Brazil,Latin America,Non-Opec-Plus,Oil/Gas,Deep,Bacalhau,Pre-Salt,Equinor,Exxon Mobil,Petrogal Brasil, , , ,2025,Yes,Onstream,"Oct. 2025: Equinor has started oil production at the Bacalhau field offshore Brazil, making it the first development in the South American nation's prolific pre-salt play to be brought on line by an international operator.", ,1000.000,1000.000,Medium, ,2024_Q2,
Bacalhau Phase 1,Yes,Offshore,Brazil,Latin America,Non-Opec-Plus,Oil/Gas,Deep,Bacalhau,Pre-Salt,Equinor,Exxon Mobil,Petrogal Brasil, , , ,2025,Yes,Onstream,"Oct. 2025: Equinor has started oil production at the Bacalhau field offshore Brazil, making it the first development in the South American nation's prolific pre-salt play to be brought on line by an international operator.", ,1000.000,1000.000,Medium, ,2024_Q1,
Bacalhau Phase 1,Yes,Offshore,Brazil,Latin America,Non-Opec-Plus,Oil/Gas,Deep,Bacalhau,Pre-Salt,Equinor,Exxon Mobil,Petrogal Brasil, , , ,2025,Yes,Onstream,"Oct. 2025: Equinor has started oil production at the Bacalhau field offshore Brazil, making it the first development in the South American nation's prolific pre-salt play to be brought on line by an international operator.", ,1000.000,1000.000,Medium, ,Partner5 Share %,
Bacalhau Phase 1,Yes,Offshore,Brazil,Latin America,Non-Opec-Plus,Oil/Gas,Deep,Bacalhau,Pre-Salt,Equinor,Exxon Mobil,Petrogal Brasil, , , ,2025,Yes,Onstream,"Oct. 2025: Equinor has started oil production at the Bacalhau field offshore Brazil, making it the first development in the South American nation's prolific pre-salt play to be brought on line by an international operator.", ,1000.000,1000.000,Medium, ,Partner4 Share %,
Bacalhau Phase 1,Yes,Offshore,Brazil,Latin America,Non-Opec-Plus,Oil/Gas,Deep,Bacalhau,Pre-Salt,Equinor,Exxon Mobil,Petrogal Brasil, , , ,2025,Yes,Onstream,"Oct. 2025: Equinor has started oil production at the Bacalhau field offshore Brazil, making it the first development in the South American nation's prolific pre-salt play to be brought on line by an international operator.", ,1000.000,1000.000,Medium, ,Partner3 Share %,
Bacalhau Phase 1,Yes,Offshore,Brazil,Latin America,Non-Opec-Plus,Oil/Gas,Deep,Bacalhau,Pre-Salt,Equinor,Exxon Mobil,Petrogal Brasil, , , ,2025,Yes,Onstream,"Oct. 2025: Equinor has started oil production at the Bacalhau field offshore Brazil, making it the first development in the South American nation's prolific pre-salt play to be brought on line by an international operator.", ,1000.000,1000.000,Medium, ,Partner2 Share %,20
Bacalhau Phase 1,Yes,Offshore,Brazil,Latin America,Non-Opec-Plus,Oil/Gas,Deep,Bacalhau,Pre-Salt,Equinor,Exxon Mobil,Petrogal Brasil, , , ,2025,Yes,Onstream,"Oct. 2025: Equinor has started oil production at the Bacalhau field offshore Brazil, making it the first development in the South American nation's prolific pre-salt play to be brought on line by an international operator.", ,1000.000,1000.000,Medium, ,Partner1 Share %,40
Bacalhau Phase 1,Yes,Offshore,Brazil,Latin America,Non-Opec-Plus,Oil/Gas,Deep,Bacalhau,Pre-Salt,Equinor,Exxon Mobil,Petrogal Brasil, , , ,2025,Yes,Onstream,"Oct. 2025: Equinor has started oil production at the Bacalhau field offshore Brazil, making it the first development in the South American nation's prolific pre-salt play to be brought on line by an international operator.", ,1000.000,1000.000,Medium, ,Operator Share %,40
CLOV Phase 3,Yes,Offshore,Angola,Africa,Non-Opec-Plus,Oil,Deep,CLOV/Block 17,Deepwater,TotalEnergies,Equinor,Exxon Mobil,BP,Sonangol,Eni,2025,Yes,Onstream,"July 2025: Clov Phase 3, located in Angola’s prolific Block 17, involves a four-well subsea tie-back to the Clov FPSO.", , , ,Light,Sweet, 2029_Q4,
CLOV Phase 3,Yes,Offshore,Angola,Africa,Non-Opec-Plus,Oil,Deep,CLOV/Block 17,Deepwater,TotalEnergies,Equinor,Exxon Mobil,BP,Sonangol,Eni,2025,Yes,Onstream,"July 2025: Clov Phase 3, located in Angola’s prolific Block 17, involves a four-well subsea tie-back to the Clov FPSO.", , , ,Light,Sweet, 2029_Q3,
CLOV Phase 3,Yes,Offshore,Angola,Africa,Non-Opec-Plus,Oil,Deep,CLOV/Block 17,Deepwater,TotalEnergies,Equinor,Exxon Mobil,BP,Sonangol,Eni,2025,Yes,Onstream,"July 2025: Clov Phase 3, located in Angola’s prolific Block 17, involves a four-well subsea tie-back to the Clov FPSO.", , , ,Light,Sweet, 2029_Q2,
CLOV Phase 3,Yes,Offshore,Angola,Africa,Non-Opec-Plus,Oil,Deep,CLOV/Block 17,Deepwater,TotalEnergies,Equinor,Exxon Mobil,BP,Sonangol,Eni,2025,Yes,Onstream,"July 2025: Clov Phase 3, located in Angola’s prolific Block 17, involves a four-well subsea tie-back to the Clov FPSO.", , , ,Light,Sweet, 2029_Q1,
CLOV Phase 3,Yes,Offshore,Angola,Africa,Non-Opec-Plus,Oil,Deep,CLOV/Block 17,Deepwater,TotalEnergies,Equinor,Exxon Mobil,BP,Sonangol,Eni,2025,Yes,Onstream,"July 2025: Clov Phase 3, located in Angola’s prolific Block 17, involves a four-well subsea tie-back to the Clov FPSO.", , , ,Light,Sweet, 2028_Q4,
CLOV Phase 3,Yes,Offshore,Angola,Africa,Non-Opec-Plus,Oil,Deep,CLOV/Block 17,Deepwater,TotalEnergies,Equinor,Exxon Mobil,BP,Sonangol,Eni,2025,Yes,Onstream,"July 2025: Clov Phase 3, located in Angola’s prolific Block 17, involves a four-well subsea tie-back to the Clov FPSO.", , , ,Light,Sweet, 2028_Q3,
CLOV Phase 3,Yes,Offshore,Angola,Africa,Non-Opec-Plus,Oil,Deep,CLOV/Block 17,Deepwater,TotalEnergies,Equinor,Exxon Mobil,BP,Sonangol,Eni,2025,Yes,Onstream,"July 2025: Clov Phase 3, located in Angola’s prolific Block 17, involves a four-well subsea tie-back to the Clov FPSO.", , , ,Light,Sweet,2028_Q2,
CLOV Phase 3,Yes,Offshore,Angola,Africa,Non-Opec-Plus,Oil,Deep,CLOV/Block 17,Deepwater,TotalEnergies,Equinor,Exxon Mobil,BP,Sonangol,Eni,2025,Yes,Onstream,"July 2025: Clov Phase 3, located in Angola’s prolific Block 17, involves a four-well subsea tie-back to the Clov FPSO.", , , ,Light,Sweet,2028_Q1,
CLOV Phase 3,Yes,Offshore,Angola,Africa,Non-Opec-Plus,Oil,Deep,CLOV/Block 17,Deepwater,TotalEnergies,Equinor,Exxon Mobil,BP,Sonangol,Eni,2025,Yes,Onstream,"July 2025: Clov Phase 3, located in Angola’s prolific Block 17, involves a four-well subsea tie-back to the Clov FPSO.", , , ,Light,Sweet,2027_Q4,
CLOV Phase 3,Yes,Offshore,Angola,Africa,Non-Opec-Plus,Oil,Deep,CLOV/Block 17,Deepwater,TotalEnergies,Equinor,Exxon Mobil,BP,Sonangol,Eni,2025,Yes,Onstream,"July 2025: Clov Phase 3, located in Angola’s prolific Block 17, involves a four-well subsea tie-back to the Clov FPSO.", , , ,Light,Sweet,2027_Q3,
CLOV Phase 3,Yes,Offshore,Angola,Africa,Non-Opec-Plus,Oil,Deep,CLOV/Block 17,Deepwater,TotalEnergies,Equinor,Exxon Mobil,BP,Sonangol,Eni,2025,Yes,Onstream,"July 2025: Clov Phase 3, located in Angola’s prolific Block 17, involves a four-well subsea tie-back to the Clov FPSO.", , , ,Light,Sweet,2027_Q2,
CLOV Phase 3,Yes,Offshore,Angola,Africa,Non-Opec-Plus,Oil,Deep,CLOV/Block 17,Deepwater,TotalEnergies,Equinor,Exxon Mobil,BP,Sonangol,Eni,2025,Yes,Onstream,"July 2025: Clov Phase 3, located in Angola’s prolific Block 17, involves a four-well subsea tie-back to the Clov FPSO.", , , ,Light,Sweet,2027_Q1,
CLOV Phase 3,Yes,Offshore,Angola,Africa,Non-Opec-Plus,Oil,Deep,CLOV/Block 17,Deepwater,TotalEnergies,Equinor,Exxon Mobil,BP,Sonangol,Eni,2025,Yes,Onstream,"July 2025: Clov Phase 3, located in Angola’s prolific Block 17, involves a four-well subsea tie-back to the Clov FPSO.", , , ,Light,Sweet,2026_Q4,
CLOV Phase 3,Yes,Offshore,Angola,Africa,Non-Opec-Plus,Oil,Deep,CLOV/Block 17,Deepwater,TotalEnergies,Equinor,Exxon Mobil,BP,Sonangol,Eni,2025,Yes,Onstream,"July 2025: Clov Phase 3, located in Angola’s prolific Block 17, involves a four-well subsea tie-back to the Clov FPSO.", , , ,Light,Sweet,2026_Q3,
CLOV Phase 3,Yes,Offshore,Angola,Africa,Non-Opec-Plus,Oil,Deep,CLOV/Block 17,Deepwater,TotalEnergies,Equinor,Exxon Mobil,BP,Sonangol,Eni,2025,Yes,Onstream,"July 2025: Clov Phase 3, located in Angola’s prolific Block 17, involves a four-well subsea tie-back to the Clov FPSO.", , , ,Light,Sweet,2026_Q2,
CLOV Phase 3,Yes,Offshore,Angola,Africa,Non-Opec-Plus,Oil,Deep,CLOV/Block 17,Deepwater,TotalEnergies,Equinor,Exxon Mobil,BP,Sonangol,Eni,2025,Yes,Onstream,"July 2025: Clov Phase 3, located in Angola’s prolific Block 17, involves a four-well subsea tie-back to the Clov FPSO.", , , ,Light,Sweet,2026_Q1,10
CLOV Phase 3,Yes,Offshore,Angola,Africa,Non-Opec-Plus,Oil,Deep,CLOV/Block 17,Deepwater,TotalEnergies,Equinor,Exxon Mobil,BP,Sonangol,Eni,2025,Yes,Onstream,"July 2025: Clov Phase 3, located in Angola’s prolific Block 17, involves a four-well subsea tie-back to the Clov FPSO.", , , ,Light,Sweet,2025_Q4,10
CLOV Phase 3,Yes,Offshore,Angola,Africa,Non-Opec-Plus,Oil,Deep,CLOV/Block 17,Deepwater,TotalEnergies,Equinor,Exxon Mobil,BP,Sonangol,Eni,2025,Yes,Onstream,"July 2025: Clov Phase 3, located in Angola’s prolific Block 17, involves a four-well subsea tie-back to the Clov FPSO.", , , ,Light,Sweet,2025_Q3,10
CLOV Phase 3,Yes,Offshore,Angola,Africa,Non-Opec-Plus,Oil,Deep,CLOV/Block 17,Deepwater,TotalEnergies,Equinor,Exxon Mobil,BP,Sonangol,Eni,2025,Yes,Onstream,"July 2025: Clov Phase 3, located in Angola’s prolific Block 17, involves a four-well subsea tie-back to the Clov FPSO.", , , ,Light,Sweet,2025_Q2,
CLOV Phase 3,Yes,Offshore,Angola,Africa,Non-Opec-Plus,Oil,Deep,CLOV/Block 17,Deepwater,TotalEnergies,Equinor,Exxon Mobil,BP,Sonangol,Eni,2025,Yes,Onstream,"July 2025: Clov Phase 3, located in Angola’s prolific Block 17, involves a four-well subsea tie-back to the Clov FPSO.", , , ,Light,Sweet,2025_Q1,
CLOV Phase 3,Yes,Offshore,Angola,Africa,Non-Opec-Plus,Oil,Deep,CLOV/Block 17,Deepwater,TotalEnergies,Equinor,Exxon Mobil,BP,Sonangol,Eni,2025,Yes,Onstream,"July 2025: Clov Phase 3, located in Angola’s prolific Block 17, involves a four-well subsea tie-back to the Clov FPSO.", , , ,Light,Sweet,2024_Q4,
CLOV Phase 3,Yes,Offshore,Angola,Africa,Non-Opec-Plus,Oil,Deep,CLOV/Block 17,Deepwater,TotalEnergies,Equinor,Exxon Mobil,BP,Sonangol,Eni,2025,Yes,Onstream,"July 2025: Clov Phase 3, located in Angola’s prolific Block 17, involves a four-well subsea tie-back to the Clov FPSO.", , , ,Light,Sweet,2024_Q3,
CLOV Phase 3,Yes,Offshore,Angola,Africa,Non-Opec-Plus,Oil,Deep,CLOV/Block 17,Deepwater,TotalEnergies,Equinor,Exxon Mobil,BP,Sonangol,Eni,2025,Yes,Onstream,"July 2025: Clov Phase 3, located in Angola’s prolific Block 17, involves a four-well subsea tie-back to the Clov FPSO.", , , ,Light,Sweet,2024_Q2,
CLOV Phase 3,Yes,Offshore,Angola,Africa,Non-Opec-Plus,Oil,Deep,CLOV/Block 17,Deepwater,TotalEnergies,Equinor,Exxon Mobil,BP,Sonangol,Eni,2025,Yes,Onstream,"July 2025: Clov Phase 3, located in Angola’s prolific Block 17, involves a four-well subsea tie-back to the Clov FPSO.", , , ,Light,Sweet,2024_Q1,
CLOV Phase 3,Yes,Offshore,Angola,Africa,Non-Opec-Plus,Oil,Deep,CLOV/Block 17,Deepwater,TotalEnergies,Equinor,Exxon Mobil,BP,Sonangol,Eni,2025,Yes,Onstream,"July 2025: Clov Phase 3, located in Angola’s prolific Block 17, involves a four-well subsea tie-back to the Clov FPSO.", , , ,Light,Sweet,Partner5 Share %,7.92
CLOV Phase 3,Yes,Offshore,Angola,Africa,Non-Opec-Plus,Oil,Deep,CLOV/Block 17,Deepwater,TotalEnergies,Equinor,Exxon Mobil,BP,Sonangol,Eni,2025,Yes,Onstream,"July 2025: Clov Phase 3, located in Angola’s prolific Block 17, involves a four-well subsea tie-back to the Clov FPSO.", , , ,Light,Sweet,Partner4 Share %,5
CLOV Phase 3,Yes,Offshore,Angola,Africa,Non-Opec-Plus,Oil,Deep,CLOV/Block 17,Deepwater,TotalEnergies,Equinor,Exxon Mobil,BP,Sonangol,Eni,2025,Yes,Onstream,"July 2025: Clov Phase 3, located in Angola’s prolific Block 17, involves a four-well subsea tie-back to the Clov FPSO.", , , ,Light,Sweet,Partner3 Share %,7.92
CLOV Phase 3,Yes,Offshore,Angola,Africa,Non-Opec-Plus,Oil,Deep,CLOV/Block 17,Deepwater,TotalEnergies,Equinor,Exxon Mobil,BP,Sonangol,Eni,2025,Yes,Onstream,"July 2025: Clov Phase 3, located in Angola’s prolific Block 17, involves a four-well subsea tie-back to the Clov FPSO.", , , ,Light,Sweet,Partner2 Share %,19
CLOV Phase 3,Yes,Offshore,Angola,Africa,Non-Opec-Plus,Oil,Deep,CLOV/Block 17,Deepwater,TotalEnergies,Equinor,Exxon Mobil,BP,Sonangol,Eni,2025,Yes,Onstream,"July 2025: Clov Phase 3, located in Angola’s prolific Block 17, involves a four-well subsea tie-back to the Clov FPSO.", , , ,Light,Sweet,Partner1 Share %,22.16
CLOV Phase 3,Yes,Offshore,Angola,Africa,Non-Opec-Plus,Oil,Deep,CLOV/Block 17,Deepwater,TotalEnergies,Equinor,Exxon Mobil,BP,Sonangol,Eni,2025,Yes,Onstream,"July 2025: Clov Phase 3, located in Angola’s prolific Block 17, involves a four-well subsea tie-back to the Clov FPSO.", , , ,Light,Sweet,Operator Share %,38
CLOV Phase 2,Yes,Offshore,Angola,Africa,Non-Opec-Plus,Oil,Deep,CLOV/Block 17,Deepwater,TotalEnergies,Equinor,Exxon Mobil,BP,Sonangol,Eni,2021,Yes,Onstream,The project is one of several short-cycle expansions that will help Angola halt a steady decline in output in recent years and will feed into an existing Clov FPSO unit.,,,,Light,Sweet, 2029_Q4,
CLOV Phase 2,Yes,Offshore,Angola,Africa,Non-Opec-Plus,Oil,Deep,CLOV/Block 17,Deepwater,TotalEnergies,Equinor,Exxon Mobil,BP,Sonangol,Eni,2021,Yes,Onstream,The project is one of several short-cycle expansions that will help Angola halt a steady decline in output in recent years and will feed into an existing Clov FPSO unit.,,,,Light,Sweet, 2029_Q3,
CLOV Phase 2,Yes,Offshore,Angola,Africa,Non-Opec-Plus,Oil,Deep,CLOV/Block 17,Deepwater,TotalEnergies,Equinor,Exxon Mobil,BP,Sonangol,Eni,2021,Yes,Onstream,The project is one of several short-cycle expansions that will help Angola halt a steady decline in output in recent years and will feed into an existing Clov FPSO unit.,,,,Light,Sweet, 2029_Q2,
CLOV Phase 2,Yes,Offshore,Angola,Africa,Non-Opec-Plus,Oil,Deep,CLOV/Block 17,Deepwater,TotalEnergies,Equinor,Exxon Mobil,BP,Sonangol,Eni,2021,Yes,Onstream,The project is one of several short-cycle expansions that will help Angola halt a steady decline in output in recent years and will feed into an existing Clov FPSO unit.,,,,Light,Sweet, 2029_Q1,
CLOV Phase 2,Yes,Offshore,Angola,Africa,Non-Opec-Plus,Oil,Deep,CLOV/Block 17,Deepwater,TotalEnergies,Equinor,Exxon Mobil,BP,Sonangol,Eni,2021,Yes,Onstream,The project is one of several short-cycle expansions that will help Angola halt a steady decline in output in recent years and will feed into an existing Clov FPSO unit.,,,,Light,Sweet, 2028_Q4,
CLOV Phase 2,Yes,Offshore,Angola,Africa,Non-Opec-Plus,Oil,Deep,CLOV/Block 17,Deepwater,TotalEnergies,Equinor,Exxon Mobil,BP,Sonangol,Eni,2021,Yes,Onstream,The project is one of several short-cycle expansions that will help Angola halt a steady decline in output in recent years and will feed into an existing Clov FPSO unit.,,,,Light,Sweet, 2028_Q3,
CLOV Phase 2,Yes,Offshore,Angola,Africa,Non-Opec-Plus,Oil,Deep,CLOV/Block 17,Deepwater,TotalEnergies,Equinor,Exxon Mobil,BP,Sonangol,Eni,2021,Yes,Onstream,The project is one of several short-cycle expansions that will help Angola halt a steady decline in output in recent years and will feed into an existing Clov FPSO unit.,,,,Light,Sweet,2028_Q2,
CLOV Phase 2,Yes,Offshore,Angola,Africa,Non-Opec-Plus,Oil,Deep,CLOV/Block 17,Deepwater,TotalEnergies,Equinor,Exxon Mobil,BP,Sonangol,Eni,2021,Yes,Onstream,The project is one of several short-cycle expansions that will help Angola halt a steady decline in output in recent years and will feed into an existing Clov FPSO unit.,,,,Light,Sweet,2028_Q1,
CLOV Phase 2,Yes,Offshore,Angola,Africa,Non-Opec-Plus,Oil,Deep,CLOV/Block 17,Deepwater,TotalEnergies,Equinor,Exxon Mobil,BP,Sonangol,Eni,2021,Yes,Onstream,The project is one of several short-cycle expansions that will help Angola halt a steady decline in output in recent years and will feed into an existing Clov FPSO unit.,,,,Light,Sweet,2027_Q4,
CLOV Phase 2,Yes,Offshore,Angola,Africa,Non-Opec-Plus,Oil,Deep,CLOV/Block 17,Deepwater,TotalEnergies,Equinor,Exxon Mobil,BP,Sonangol,Eni,2021,Yes,Onstream,The project is one of several short-cycle expansions that will help Angola halt a steady decline in output in recent years and will feed into an existing Clov FPSO unit.,,,,Light,Sweet,2027_Q3,
CLOV Phase 2,Yes,Offshore,Angola,Africa,Non-Opec-Plus,Oil,Deep,CLOV/Block 17,Deepwater,TotalEnergies,Equinor,Exxon Mobil,BP,Sonangol,Eni,2021,Yes,Onstream,The project is one of several short-cycle expansions that will help Angola halt a steady decline in output in recent years and will feed into an existing Clov FPSO unit.,,,,Light,Sweet,2027_Q2,
CLOV Phase 2,Yes,Offshore,Angola,Africa,Non-Opec-Plus,Oil,Deep,CLOV/Block 17,Deepwater,TotalEnergies,Equinor,Exxon Mobil,BP,Sonangol,Eni,2021,Yes,Onstream,The project is one of several short-cycle expansions that will help Angola halt a steady decline in output in recent years and will feed into an existing Clov FPSO unit.,,,,Light,Sweet,2027_Q1,
CLOV Phase 2,Yes,Offshore,Angola,Africa,Non-Opec-Plus,Oil,Deep,CLOV/Block 17,Deepwater,TotalEnergies,Equinor,Exxon Mobil,BP,Sonangol,Eni,2021,Yes,Onstream,The project is one of several short-cycle expansions that will help Angola halt a steady decline in output in recent years and will feed into an existing Clov FPSO unit.,,,,Light,Sweet,2026_Q4,
CLOV Phase 2,Yes,Offshore,Angola,Africa,Non-Opec-Plus,Oil,Deep,CLOV/Block 17,Deepwater,TotalEnergies,Equinor,Exxon Mobil,BP,Sonangol,Eni,2021,Yes,Onstream,The project is one of several short-cycle expansions that will help Angola halt a steady decline in output in recent years and will feed into an existing Clov FPSO unit.,,,,Light,Sweet,2026_Q3,
CLOV Phase 2,Yes,Offshore,Angola,Africa,Non-Opec-Plus,Oil,Deep,CLOV/Block 17,Deepwater,TotalEnergies,Equinor,Exxon Mobil,BP,Sonangol,Eni,2021,Yes,Onstream,The project is one of several short-cycle expansions that will help Angola halt a steady decline in output in recent years and will feed into an existing Clov FPSO unit.,,,,Light,Sweet,2026_Q2,
CLOV Phase 2,Yes,Offshore,Angola,Africa,Non-Opec-Plus,Oil,Deep,CLOV/Block 17,Deepwater,TotalEnergies,Equinor,Exxon Mobil,BP,Sonangol,Eni,2021,Yes,Onstream,The project is one of several short-cycle expansions that will help Angola halt a steady decline in output in recent years and will feed into an existing Clov FPSO unit.,,,,Light,Sweet,2026_Q1,
CLOV Phase 2,Yes,Offshore,Angola,Africa,Non-Opec-Plus,Oil,Deep,CLOV/Block 17,Deepwater,TotalEnergies,Equinor,Exxon Mobil,BP,Sonangol,Eni,2021,Yes,Onstream,The project is one of several short-cycle expansions that will help Angola halt a steady decline in output in recent years and will feed into an existing Clov FPSO unit.,,,,Light,Sweet,2025_Q4,
CLOV Phase 2,Yes,Offshore,Angola,Africa,Non-Opec-Plus,Oil,Deep,CLOV/Block 17,Deepwater,TotalEnergies,Equinor,Exxon Mobil,BP,Sonangol,Eni,2021,Yes,Onstream,The project is one of several short-cycle expansions that will help Angola halt a steady decline in output in recent years and will feed into an existing Clov FPSO unit.,,,,Light,Sweet,2025_Q3,
CLOV Phase 2,Yes,Offshore,Angola,Africa,Non-Opec-Plus,Oil,Deep,CLOV/Block 17,Deepwater,TotalEnergies,Equinor,Exxon Mobil,BP,Sonangol,Eni,2021,Yes,Onstream,The project is one of several short-cycle expansions that will help Angola halt a steady decline in output in recent years and will feed into an existing Clov FPSO unit.,,,,Light,Sweet,2025_Q2,
CLOV Phase 2,Yes,Offshore,Angola,Africa,Non-Opec-Plus,Oil,Deep,CLOV/Block 17,Deepwater,TotalEnergies,Equinor,Exxon Mobil,BP,Sonangol,Eni,2021,Yes,Onstream,The project is one of several short-cycle expansions that will help Angola halt a steady decline in output in recent years and will feed into an existing Clov FPSO unit.,,,,Light,Sweet,2025_Q1,
CLOV Phase 2,Yes,Offshore,Angola,Africa,Non-Opec-Plus,Oil,Deep,CLOV/Block 17,Deepwater,TotalEnergies,Equinor,Exxon Mobil,BP,Sonangol,Eni,2021,Yes,Onstream,The project is one of several short-cycle expansions that will help Angola halt a steady decline in output in recent years and will feed into an existing Clov FPSO unit.,,,,Light,Sweet,2024_Q4,
CLOV Phase 2,Yes,Offshore,Angola,Africa,Non-Opec-Plus,Oil,Deep,CLOV/Block 17,Deepwater,TotalEnergies,Equinor,Exxon Mobil,BP,Sonangol,Eni,2021,Yes,Onstream,The project is one of several short-cycle expansions that will help Angola halt a steady decline in output in recent years and will feed into an existing Clov FPSO unit.,,,,Light,Sweet,2024_Q3,
CLOV Phase 2,Yes,Offshore,Angola,Africa,Non-Opec-Plus,Oil,Deep,CLOV/Block 17,Deepwater,TotalEnergies,Equinor,Exxon Mobil,BP,Sonangol,Eni,2021,Yes,Onstream,The project is one of several short-cycle expansions that will help Angola halt a steady decline in output in recent years and will feed into an existing Clov FPSO unit.,,,,Light,Sweet,2024_Q2,
CLOV Phase 2,Yes,Offshore,Angola,Africa,Non-Opec-Plus,Oil,Deep,CLOV/Block 17,Deepwater,TotalEnergies,Equinor,Exxon Mobil,BP,Sonangol,Eni,2021,Yes,Onstream,The project is one of several short-cycle expansions that will help Angola halt a steady decline in output in recent years and will feed into an existing Clov FPSO unit.,,,,Light,Sweet,2024_Q1,
CLOV Phase 2,Yes,Offshore,Angola,Africa,Non-Opec-Plus,Oil,Deep,CLOV/Block 17,Deepwater,TotalEnergies,Equinor,Exxon Mobil,BP,Sonangol,Eni,2021,Yes,Onstream,The project is one of several short-cycle expansions that will help Angola halt a steady decline in output in recent years and will feed into an existing Clov FPSO unit.,,,,Light,Sweet,Partner5 Share %,7.92
CLOV Phase 2,Yes,Offshore,Angola,Africa,Non-Opec-Plus,Oil,Deep,CLOV/Block 17,Deepwater,TotalEnergies,Equinor,Exxon Mobil,BP,Sonangol,Eni,2021,Yes,Onstream,The project is one of several short-cycle expansions that will help Angola halt a steady decline in output in recent years and will feed into an existing Clov FPSO unit.,,,,Light,Sweet,Partner4 Share %,5
CLOV Phase 2,Yes,Offshore,Angola,Africa,Non-Opec-Plus,Oil,Deep,CLOV/Block 17,Deepwater,TotalEnergies,Equinor,Exxon Mobil,BP,Sonangol,Eni,2021,Yes,Onstream,The project is one of several short-cycle expansions that will help Angola halt a steady decline in output in recent years and will feed into an existing Clov FPSO unit.,,,,Light,Sweet,Partner3 Share %,7.92
CLOV Phase 2,Yes,Offshore,Angola,Africa,Non-Opec-Plus,Oil,Deep,CLOV/Block 17,Deepwater,TotalEnergies,Equinor,Exxon Mobil,BP,Sonangol,Eni,2021,Yes,Onstream,The project is one of several short-cycle expansions that will help Angola halt a steady decline in output in recent years and will feed into an existing Clov FPSO unit.,,,,Light,Sweet,Partner2 Share %,19
CLOV Phase 2,Yes,Offshore,Angola,Africa,Non-Opec-Plus,Oil,Deep,CLOV/Block 17,Deepwater,TotalEnergies,Equinor,Exxon Mobil,BP,Sonangol,Eni,2021,Yes,Onstream,The project is one of several short-cycle expansions that will help Angola halt a steady decline in output in recent years and will feed into an existing Clov FPSO unit.,,,,Light,Sweet,Partner1 Share %,22.16
CLOV Phase 2,Yes,Offshore,Angola,Africa,Non-Opec-Plus,Oil,Deep,CLOV/Block 17,Deepwater,TotalEnergies,Equinor,Exxon Mobil,BP,Sonangol,Eni,2021,Yes,Onstream,The project is one of several short-cycle expansions that will help Angola halt a steady decline in output in recent years and will feed into an existing Clov FPSO unit.,,,,Light,Sweet,Operator Share %,38
Karachaganak Expansion,Yes,Onshore,Kazakhstan,FSU,Opec-Plus,Gas/Conds, ,Karachaganak,Conventional,Shell,Eni,Chevron,Lukoil,Kazmunaigas,Exxon Mobil, ,No,Appraisal,"May 2025: KMG has raised concerns in talks with Shell about delays in starting work on building an important new plant for the Karachaganak field, one of the world’s top 20 gas deposits.", , ,5000.000,Light,Sour, 2029_Q4,
Karachaganak Expansion,Yes,Onshore,Kazakhstan,FSU,Opec-Plus,Gas/Conds, ,Karachaganak,Conventional,Shell,Eni,Chevron,Lukoil,Kazmunaigas,Exxon Mobil, ,No,Appraisal,"May 2025: KMG has raised concerns in talks with Shell about delays in starting work on building an important new plant for the Karachaganak field, one of the world’s top 20 gas deposits.", , ,5000.000,Light,Sour, 2029_Q3,
Karachaganak Expansion,Yes,Onshore,Kazakhstan,FSU,Opec-Plus,Gas/Conds, ,Karachaganak,Conventional,Shell,Eni,Chevron,Lukoil,Kazmunaigas,Exxon Mobil, ,No,Appraisal,"May 2025: KMG has raised concerns in talks with Shell about delays in starting work on building an important new plant for the Karachaganak field, one of the world’s top 20 gas deposits.", , ,5000.000,Light,Sour, 2029_Q2,
Karachaganak Expansion,Yes,Onshore,Kazakhstan,FSU,Opec-Plus,Gas/Conds, ,Karachaganak,Conventional,Shell,Eni,Chevron,Lukoil,Kazmunaigas,Exxon Mobil, ,No,Appraisal,"May 2025: KMG has raised concerns in talks with Shell about delays in starting work on building an important new plant for the Karachaganak field, one of the world’s top 20 gas deposits.", , ,5000.000,Light,Sour, 2029_Q1,
Karachaganak Expansion,Yes,Onshore,Kazakhstan,FSU,Opec-Plus,Gas/Conds, ,Karachaganak,Conventional,Shell,Eni,Chevron,Lukoil,Kazmunaigas,Exxon Mobil, ,No,Appraisal,"May 2025: KMG has raised concerns in talks with Shell about delays in starting work on building an important new plant for the Karachaganak field, one of the world’s top 20 gas deposits.", , ,5000.000,Light,Sour, 2028_Q4,
Karachaganak Expansion,Yes,Onshore,Kazakhstan,FSU,Opec-Plus,Gas/Conds, ,Karachaganak,Conventional,Shell,Eni,Chevron,Lukoil,Kazmunaigas,Exxon Mobil, ,No,Appraisal,"May 2025: KMG has raised concerns in talks with Shell about delays in starting work on building an important new plant for the Karachaganak field, one of the world’s top 20 gas deposits.", , ,5000.000,Light,Sour, 2028_Q3,
Karachaganak Expansion,Yes,Onshore,Kazakhstan,FSU,Opec-Plus,Gas/Conds, ,Karachaganak,Conventional,Shell,Eni,Chevron,Lukoil,Kazmunaigas,Exxon Mobil, ,No,Appraisal,"May 2025: KMG has raised concerns in talks with Shell about delays in starting work on building an important new plant for the Karachaganak field, one of the world’s top 20 gas deposits.", , ,5000.000,Light,Sour,2028_Q2,
Karachaganak Expansion,Yes,Onshore,Kazakhstan,FSU,Opec-Plus,Gas/Conds, ,Karachaganak,Conventional,Shell,Eni,Chevron,Lukoil,Kazmunaigas,Exxon Mobil, ,No,Appraisal,"May 2025: KMG has raised concerns in talks with Shell about delays in starting work on building an important new plant for the Karachaganak field, one of the world’s top 20 gas deposits.", , ,5000.000,Light,Sour,2028_Q1,
Karachaganak Expansion,Yes,Onshore,Kazakhstan,FSU,Opec-Plus,Gas/Conds, ,Karachaganak,Conventional,Shell,Eni,Chevron,Lukoil,Kazmunaigas,Exxon Mobil, ,No,Appraisal,"May 2025: KMG has raised concerns in talks with Shell about delays in starting work on building an important new plant for the Karachaganak field, one of the world’s top 20 gas deposits.", , ,5000.000,Light,Sour,2027_Q4,
Karachaganak Expansion,Yes,Onshore,Kazakhstan,FSU,Opec-Plus,Gas/Conds, ,Karachaganak,Conventional,Shell,Eni,Chevron,Lukoil,Kazmunaigas,Exxon Mobil, ,No,Appraisal,"May 2025: KMG has raised concerns in talks with Shell about delays in starting work on building an important new plant for the Karachaganak field, one of the world’s top 20 gas deposits.", , ,5000.000,Light,Sour,2027_Q3,
Karachaganak Expansion,Yes,Onshore,Kazakhstan,FSU,Opec-Plus,Gas/Conds, ,Karachaganak,Conventional,Shell,Eni,Chevron,Lukoil,Kazmunaigas,Exxon Mobil, ,No,Appraisal,"May 2025: KMG has raised concerns in talks with Shell about delays in starting work on building an important new plant for the Karachaganak field, one of the world’s top 20 gas deposits.", , ,5000.000,Light,Sour,2027_Q2,
Karachaganak Expansion,Yes,Onshore,Kazakhstan,FSU,Opec-Plus,Gas/Conds, ,Karachaganak,Conventional,Shell,Eni,Chevron,Lukoil,Kazmunaigas,Exxon Mobil, ,No,Appraisal,"May 2025: KMG has raised concerns in talks with Shell about delays in starting work on building an important new plant for the Karachaganak field, one of the world’s top 20 gas deposits.", , ,5000.000,Light,Sour,2027_Q1,
Karachaganak Expansion,Yes,Onshore,Kazakhstan,FSU,Opec-Plus,Gas/Conds, ,Karachaganak,Conventional,Shell,Eni,Chevron,Lukoil,Kazmunaigas,Exxon Mobil, ,No,Appraisal,"May 2025: KMG has raised concerns in talks with Shell about delays in starting work on building an important new plant for the Karachaganak field, one of the world’s top 20 gas deposits.", , ,5000.000,Light,Sour,2026_Q4,
Karachaganak Expansion,Yes,Onshore,Kazakhstan,FSU,Opec-Plus,Gas/Conds, ,Karachaganak,Conventional,Shell,Eni,Chevron,Lukoil,Kazmunaigas,Exxon Mobil, ,No,Appraisal,"May 2025: KMG has raised concerns in talks with Shell about delays in starting work on building an important new plant for the Karachaganak field, one of the world’s top 20 gas deposits.", , ,5000.000,Light,Sour,2026_Q3,
Karachaganak Expansion,Yes,Onshore,Kazakhstan,FSU,Opec-Plus,Gas/Conds, ,Karachaganak,Conventional,Shell,Eni,Chevron,Lukoil,Kazmunaigas,Exxon Mobil, ,No,Appraisal,"May 2025: KMG has raised concerns in talks with Shell about delays in starting work on building an important new plant for the Karachaganak field, one of the world’s top 20 gas deposits.", , ,5000.000,Light,Sour,2026_Q2,
Karachaganak Expansion,Yes,Onshore,Kazakhstan,FSU,Opec-Plus,Gas/Conds, ,Karachaganak,Conventional,Shell,Eni,Chevron,Lukoil,Kazmunaigas,Exxon Mobil, ,No,Appraisal,"May 2025: KMG has raised concerns in talks with Shell about delays in starting work on building an important new plant for the Karachaganak field, one of the world’s top 20 gas deposits.", , ,5000.000,Light,Sour,2026_Q1,
Karachaganak Expansion,Yes,Onshore,Kazakhstan,FSU,Opec-Plus,Gas/Conds, ,Karachaganak,Conventional,Shell,Eni,Chevron,Lukoil,Kazmunaigas,Exxon Mobil, ,No,Appraisal,"May 2025: KMG has raised concerns in talks with Shell about delays in starting work on building an important new plant for the Karachaganak field, one of the world’s top 20 gas deposits.", , ,5000.000,Light,Sour,2025_Q4,
Karachaganak Expansion,Yes,Onshore,Kazakhstan,FSU,Opec-Plus,Gas/Conds, ,Karachaganak,Conventional,Shell,Eni,Chevron,Lukoil,Kazmunaigas,Exxon Mobil, ,No,Appraisal,"May 2025: KMG has raised concerns in talks with Shell about delays in starting work on building an important new plant for the Karachaganak field, one of the world’s top 20 gas deposits.", , ,5000.000,Light,Sour,2025_Q3,
Karachaganak Expansion,Yes,Onshore,Kazakhstan,FSU,Opec-Plus,Gas/Conds, ,Karachaganak,Conventional,Shell,Eni,Chevron,Lukoil,Kazmunaigas,Exxon Mobil, ,No,Appraisal,"May 2025: KMG has raised concerns in talks with Shell about delays in starting work on building an important new plant for the Karachaganak field, one of the world’s top 20 gas deposits.", , ,5000.000,Light,Sour,2025_Q2,
Karachaganak Expansion,Yes,Onshore,Kazakhstan,FSU,Opec-Plus,Gas/Conds, ,Karachaganak,Conventional,Shell,Eni,Chevron,Lukoil,Kazmunaigas,Exxon Mobil, ,No,Appraisal,"May 2025: KMG has raised concerns in talks with Shell about delays in starting work on building an important new plant for the Karachaganak field, one of the world’s top 20 gas deposits.", , ,5000.000,Light,Sour,2025_Q1,
Karachaganak Expansion,Yes,Onshore,Kazakhstan,FSU,Opec-Plus,Gas/Conds, ,Karachaganak,Conventional,Shell,Eni,Chevron,Lukoil,Kazmunaigas,Exxon Mobil, ,No,Appraisal,"May 2025: KMG has raised concerns in talks with Shell about delays in starting work on building an important new plant for the Karachaganak field, one of the world’s top 20 gas deposits.", , ,5000.000,Light,Sour,2024_Q4,
Karachaganak Expansion,Yes,Onshore,Kazakhstan,FSU,Opec-Plus,Gas/Conds, ,Karachaganak,Conventional,Shell,Eni,Chevron,Lukoil,Kazmunaigas,Exxon Mobil, ,No,Appraisal,"May 2025: KMG has raised concerns in talks with Shell about delays in starting work on building an important new plant for the Karachaganak field, one of the world’s top 20 gas deposits.", , ,5000.000,Light,Sour,2024_Q3,
Karachaganak Expansion,Yes,Onshore,Kazakhstan,FSU,Opec-Plus,Gas/Conds, ,Karachaganak,Conventional,Shell,Eni,Chevron,Lukoil,Kazmunaigas,Exxon Mobil, ,No,Appraisal,"May 2025: KMG has raised concerns in talks with Shell about delays in starting work on building an important new plant for the Karachaganak field, one of the world’s top 20 gas deposits.", , ,5000.000,Light,Sour,2024_Q2,
Karachaganak Expansion,Yes,Onshore,Kazakhstan,FSU,Opec-Plus,Gas/Conds, ,Karachaganak,Conventional,Shell,Eni,Chevron,Lukoil,Kazmunaigas,Exxon Mobil, ,No,Appraisal,"May 2025: KMG has raised concerns in talks with Shell about delays in starting work on building an important new plant for the Karachaganak field, one of the world’s top 20 gas deposits.", , ,5000.000,Light,Sour,2024_Q1,
Karachaganak Expansion,Yes,Onshore,Kazakhstan,FSU,Opec-Plus,Gas/Conds, ,Karachaganak,Conventional,Shell,Eni,Chevron,Lukoil,Kazmunaigas,Exxon Mobil, ,No,Appraisal,"May 2025: KMG has raised concerns in talks with Shell about delays in starting work on building an important new plant for the Karachaganak field, one of the world’s top 20 gas deposits.", , ,5000.000,Light,Sour,Partner5 Share %,
Karachaganak Expansion,Yes,Onshore,Kazakhstan,FSU,Opec-Plus,Gas/Conds, ,Karachaganak,Conventional,Shell,Eni,Chevron,Lukoil,Kazmunaigas,Exxon Mobil, ,No,Appraisal,"May 2025: KMG has raised concerns in talks with Shell about delays in starting work on building an important new plant for the Karachaganak field, one of the world’s top 20 gas deposits.", , ,5000.000,Light,Sour,Partner4 Share %,10
Karachaganak Expansion,Yes,Onshore,Kazakhstan,FSU,Opec-Plus,Gas/Conds, ,Karachaganak,Conventional,Shell,Eni,Chevron,Lukoil,Kazmunaigas,Exxon Mobil, ,No,Appraisal,"May 2025: KMG has raised concerns in talks with Shell about delays in starting work on building an important new plant for the Karachaganak field, one of the world’s top 20 gas deposits.", , ,5000.000,Light,Sour,Partner3 Share %,13.5
Karachaganak Expansion,Yes,Onshore,Kazakhstan,FSU,Opec-Plus,Gas/Conds, ,Karachaganak,Conventional,Shell,Eni,Chevron,Lukoil,Kazmunaigas,Exxon Mobil, ,No,Appraisal,"May 2025: KMG has raised concerns in talks with Shell about delays in starting work on building an important new plant for the Karachaganak field, one of the world’s top 20 gas deposits.", , ,5000.000,Light,Sour,Partner2 Share %,18
Karachaganak Expansion,Yes,Onshore,Kazakhstan,FSU,Opec-Plus,Gas/Conds, ,Karachaganak,Conventional,Shell,Eni,Chevron,Lukoil,Kazmunaigas,Exxon Mobil, ,No,Appraisal,"May 2025: KMG has raised concerns in talks with Shell about delays in starting work on building an important new plant for the Karachaganak field, one of the world’s top 20 gas deposits.", , ,5000.000,Light,Sour,Partner1 Share %,29.25
Karachaganak Expansion,Yes,Onshore,Kazakhstan,FSU,Opec-Plus,Gas/Conds, ,Karachaganak,Conventional,Shell,Eni,Chevron,Lukoil,Kazmunaigas,Exxon Mobil, ,No,Appraisal,"May 2025: KMG has raised concerns in talks with Shell about delays in starting work on building an important new plant for the Karachaganak field, one of the world’s top 20 gas deposits.", , ,5000.000,Light,Sour,Operator Share %,29.25
Owowo,Yes,Offshore,Nigeria,Africa,Opec-Plus,Oil,Deep,Owowo,Deepwater,Exxon Mobil,TotalEnergies,Chevron,China National Offshore Oil Corp. (CNOOC),Nigerian Petroleum Development Co. (NPDC), , ,No,Appraisal,"Feb. 2025: More projects are expected to see FID this year, including Exxon’s Owowo project, which could add another 40,000-45,000 b/d.", , , , , , 2029_Q4,
Owowo,Yes,Offshore,Nigeria,Africa,Opec-Plus,Oil,Deep,Owowo,Deepwater,Exxon Mobil,TotalEnergies,Chevron,China National Offshore Oil Corp. (CNOOC),Nigerian Petroleum Development Co. (NPDC), , ,No,Appraisal,"Feb. 2025: More projects are expected to see FID this year, including Exxon’s Owowo project, which could add another 40,000-45,000 b/d.", , , , , , 2029_Q3,
Owowo,Yes,Offshore,Nigeria,Africa,Opec-Plus,Oil,Deep,Owowo,Deepwater,Exxon Mobil,TotalEnergies,Chevron,China National Offshore Oil Corp. (CNOOC),Nigerian Petroleum Development Co. (NPDC), , ,No,Appraisal,"Feb. 2025: More projects are expected to see FID this year, including Exxon’s Owowo project, which could add another 40,000-45,000 b/d.", , , , , , 2029_Q2,
Owowo,Yes,Offshore,Nigeria,Africa,Opec-Plus,Oil,Deep,Owowo,Deepwater,Exxon Mobil,TotalEnergies,Chevron,China National Offshore Oil Corp. (CNOOC),Nigerian Petroleum Development Co. (NPDC), , ,No,Appraisal,"Feb. 2025: More projects are expected to see FID this year, including Exxon’s Owowo project, which could add another 40,000-45,000 b/d.", , , , , , 2029_Q1,
Owowo,Yes,Offshore,Nigeria,Africa,Opec-Plus,Oil,Deep,Owowo,Deepwater,Exxon Mobil,TotalEnergies,Chevron,China National Offshore Oil Corp. (CNOOC),Nigerian Petroleum Development Co. (NPDC), , ,No,Appraisal,"Feb. 2025: More projects are expected to see FID this year, including Exxon’s Owowo project, which could add another 40,000-45,000 b/d.", , , , , , 2028_Q4,
Owowo,Yes,Offshore,Nigeria,Africa,Opec-Plus,Oil,Deep,Owowo,Deepwater,Exxon Mobil,TotalEnergies,Chevron,China National Offshore Oil Corp. (CNOOC),Nigerian Petroleum Development Co. (NPDC), , ,No,Appraisal,"Feb. 2025: More projects are expected to see FID this year, including Exxon’s Owowo project, which could add another 40,000-45,000 b/d.", , , , , , 2028_Q3,
Owowo,Yes,Offshore,Nigeria,Africa,Opec-Plus,Oil,Deep,Owowo,Deepwater,Exxon Mobil,TotalEnergies,Chevron,China National Offshore Oil Corp. (CNOOC),Nigerian Petroleum Development Co. (NPDC), , ,No,Appraisal,"Feb. 2025: More projects are expected to see FID this year, including Exxon’s Owowo project, which could add another 40,000-45,000 b/d.", , , , , ,2028_Q2,
Owowo,Yes,Offshore,Nigeria,Africa,Opec-Plus,Oil,Deep,Owowo,Deepwater,Exxon Mobil,TotalEnergies,Chevron,China National Offshore Oil Corp. (CNOOC),Nigerian Petroleum Development Co. (NPDC), , ,No,Appraisal,"Feb. 2025: More projects are expected to see FID this year, including Exxon’s Owowo project, which could add another 40,000-45,000 b/d.", , , , , ,2028_Q1,
Owowo,Yes,Offshore,Nigeria,Africa,Opec-Plus,Oil,Deep,Owowo,Deepwater,Exxon Mobil,TotalEnergies,Chevron,China National Offshore Oil Corp. (CNOOC),Nigerian Petroleum Development Co. (NPDC), , ,No,Appraisal,"Feb. 2025: More projects are expected to see FID this year, including Exxon’s Owowo project, which could add another 40,000-45,000 b/d.", , , , , ,2027_Q4,
Owowo,Yes,Offshore,Nigeria,Africa,Opec-Plus,Oil,Deep,Owowo,Deepwater,Exxon Mobil,TotalEnergies,Chevron,China National Offshore Oil Corp. (CNOOC),Nigerian Petroleum Development Co. (NPDC), , ,No,Appraisal,"Feb. 2025: More projects are expected to see FID this year, including Exxon’s Owowo project, which could add another 40,000-45,000 b/d.", , , , , ,2027_Q3,
Owowo,Yes,Offshore,Nigeria,Africa,Opec-Plus,Oil,Deep,Owowo,Deepwater,Exxon Mobil,TotalEnergies,Chevron,China National Offshore Oil Corp. (CNOOC),Nigerian Petroleum Development Co. (NPDC), , ,No,Appraisal,"Feb. 2025: More projects are expected to see FID this year, including Exxon’s Owowo project, which could add another 40,000-45,000 b/d.", , , , , ,2027_Q2,
Owowo,Yes,Offshore,Nigeria,Africa,Opec-Plus,Oil,Deep,Owowo,Deepwater,Exxon Mobil,TotalEnergies,Chevron,China National Offshore Oil Corp. (CNOOC),Nigerian Petroleum Development Co. (NPDC), , ,No,Appraisal,"Feb. 2025: More projects are expected to see FID this year, including Exxon’s Owowo project, which could add another 40,000-45,000 b/d.", , , , , ,2027_Q1,
Owowo,Yes,Offshore,Nigeria,Africa,Opec-Plus,Oil,Deep,Owowo,Deepwater,Exxon Mobil,TotalEnergies,Chevron,China National Offshore Oil Corp. (CNOOC),Nigerian Petroleum Development Co. (NPDC), , ,No,Appraisal,"Feb. 2025: More projects are expected to see FID this year, including Exxon’s Owowo project, which could add another 40,000-45,000 b/d.", , , , , ,2026_Q4,
Owowo,Yes,Offshore,Nigeria,Africa,Opec-Plus,Oil,Deep,Owowo,Deepwater,Exxon Mobil,TotalEnergies,Chevron,China National Offshore Oil Corp. (CNOOC),Nigerian Petroleum Development Co. (NPDC), , ,No,Appraisal,"Feb. 2025: More projects are expected to see FID this year, including Exxon’s Owowo project, which could add another 40,000-45,000 b/d.", , , , , ,2026_Q3,
Owowo,Yes,Offshore,Nigeria,Africa,Opec-Plus,Oil,Deep,Owowo,Deepwater,Exxon Mobil,TotalEnergies,Chevron,China National Offshore Oil Corp. (CNOOC),Nigerian Petroleum Development Co. (NPDC), , ,No,Appraisal,"Feb. 2025: More projects are expected to see FID this year, including Exxon’s Owowo project, which could add another 40,000-45,000 b/d.", , , , , ,2026_Q2,
Owowo,Yes,Offshore,Nigeria,Africa,Opec-Plus,Oil,Deep,Owowo,Deepwater,Exxon Mobil,TotalEnergies,Chevron,China National Offshore Oil Corp. (CNOOC),Nigerian Petroleum Development Co. (NPDC), , ,No,Appraisal,"Feb. 2025: More projects are expected to see FID this year, including Exxon’s Owowo project, which could add another 40,000-45,000 b/d.", , , , , ,2026_Q1,
Owowo,Yes,Offshore,Nigeria,Africa,Opec-Plus,Oil,Deep,Owowo,Deepwater,Exxon Mobil,TotalEnergies,Chevron,China National Offshore Oil Corp. (CNOOC),Nigerian Petroleum Development Co. (NPDC), , ,No,Appraisal,"Feb. 2025: More projects are expected to see FID this year, including Exxon’s Owowo project, which could add another 40,000-45,000 b/d.", , , , , ,2025_Q4,
Owowo,Yes,Offshore,Nigeria,Africa,Opec-Plus,Oil,Deep,Owowo,Deepwater,Exxon Mobil,TotalEnergies,Chevron,China National Offshore Oil Corp. (CNOOC),Nigerian Petroleum Development Co. (NPDC), , ,No,Appraisal,"Feb. 2025: More projects are expected to see FID this year, including Exxon’s Owowo project, which could add another 40,000-45,000 b/d.", , , , , ,2025_Q3,
Owowo,Yes,Offshore,Nigeria,Africa,Opec-Plus,Oil,Deep,Owowo,Deepwater,Exxon Mobil,TotalEnergies,Chevron,China National Offshore Oil Corp. (CNOOC),Nigerian Petroleum Development Co. (NPDC), , ,No,Appraisal,"Feb. 2025: More projects are expected to see FID this year, including Exxon’s Owowo project, which could add another 40,000-45,000 b/d.", , , , , ,2025_Q2,
Owowo,Yes,Offshore,Nigeria,Africa,Opec-Plus,Oil,Deep,Owowo,Deepwater,Exxon Mobil,TotalEnergies,Chevron,China National Offshore Oil Corp. (CNOOC),Nigerian Petroleum Development Co. (NPDC), , ,No,Appraisal,"Feb. 2025: More projects are expected to see FID this year, including Exxon’s Owowo project, which could add another 40,000-45,000 b/d.", , , , , ,2025_Q1,
Owowo,Yes,Offshore,Nigeria,Africa,Opec-Plus,Oil,Deep,Owowo,Deepwater,Exxon Mobil,TotalEnergies,Chevron,China National Offshore Oil Corp. (CNOOC),Nigerian Petroleum Development Co. (NPDC), , ,No,Appraisal,"Feb. 2025: More projects are expected to see FID this year, including Exxon’s Owowo project, which could add another 40,000-45,000 b/d.", , , , , ,2024_Q4,
Owowo,Yes,Offshore,Nigeria,Africa,Opec-Plus,Oil,Deep,Owowo,Deepwater,Exxon Mobil,TotalEnergies,Chevron,China National Offshore Oil Corp. (CNOOC),Nigerian Petroleum Development Co. (NPDC), , ,No,Appraisal,"Feb. 2025: More projects are expected to see FID this year, including Exxon’s Owowo project, which could add another 40,000-45,000 b/d.", , , , , ,2024_Q3,
Owowo,Yes,Offshore,Nigeria,Africa,Opec-Plus,Oil,Deep,Owowo,Deepwater,Exxon Mobil,TotalEnergies,Chevron,China National Offshore Oil Corp. (CNOOC),Nigerian Petroleum Development Co. (NPDC), , ,No,Appraisal,"Feb. 2025: More projects are expected to see FID this year, including Exxon’s Owowo project, which could add another 40,000-45,000 b/d.", , , , , ,2024_Q2,
Owowo,Yes,Offshore,Nigeria,Africa,Opec-Plus,Oil,Deep,Owowo,Deepwater,Exxon Mobil,TotalEnergies,Chevron,China National Offshore Oil Corp. (CNOOC),Nigerian Petroleum Development Co. (NPDC), , ,No,Appraisal,"Feb. 2025: More projects are expected to see FID this year, including Exxon’s Owowo project, which could add another 40,000-45,000 b/d.", , , , , ,2024_Q1,
Owowo,Yes,Offshore,Nigeria,Africa,Opec-Plus,Oil,Deep,Owowo,Deepwater,Exxon Mobil,TotalEnergies,Chevron,China National Offshore Oil Corp. (CNOOC),Nigerian Petroleum Development Co. (NPDC), , ,No,Appraisal,"Feb. 2025: More projects are expected to see FID this year, including Exxon’s Owowo project, which could add another 40,000-45,000 b/d.", , , , , ,Partner5 Share %,
Owowo,Yes,Offshore,Nigeria,Africa,Opec-Plus,Oil,Deep,Owowo,Deepwater,Exxon Mobil,TotalEnergies,Chevron,China National Offshore Oil Corp. (CNOOC),Nigerian Petroleum Development Co. (NPDC), , ,No,Appraisal,"Feb. 2025: More projects are expected to see FID this year, including Exxon’s Owowo project, which could add another 40,000-45,000 b/d.", , , , , ,Partner4 Share %,10
Owowo,Yes,Offshore,Nigeria,Africa,Opec-Plus,Oil,Deep,Owowo,Deepwater,Exxon Mobil,TotalEnergies,Chevron,China National Offshore Oil Corp. (CNOOC),Nigerian Petroleum Development Co. (NPDC), , ,No,Appraisal,"Feb. 2025: More projects are expected to see FID this year, including Exxon’s Owowo project, which could add another 40,000-45,000 b/d.", , , , , ,Partner3 Share %,18
Owowo,Yes,Offshore,Nigeria,Africa,Opec-Plus,Oil,Deep,Owowo,Deepwater,Exxon Mobil,TotalEnergies,Chevron,China National Offshore Oil Corp. (CNOOC),Nigerian Petroleum Development Co. (NPDC), , ,No,Appraisal,"Feb. 2025: More projects are expected to see FID this year, including Exxon’s Owowo project, which could add another 40,000-45,000 b/d.", , , , , ,Partner2 Share %,27
Owowo,Yes,Offshore,Nigeria,Africa,Opec-Plus,Oil,Deep,Owowo,Deepwater,Exxon Mobil,TotalEnergies,Chevron,China National Offshore Oil Corp. (CNOOC),Nigerian Petroleum Development Co. (NPDC), , ,No,Appraisal,"Feb. 2025: More projects are expected to see FID this year, including Exxon’s Owowo project, which could add another 40,000-45,000 b/d.", , , , , ,Partner1 Share %,18
Owowo,Yes,Offshore,Nigeria,Africa,Opec-Plus,Oil,Deep,Owowo,Deepwater,Exxon Mobil,TotalEnergies,Chevron,China National Offshore Oil Corp. (CNOOC),Nigerian Petroleum Development Co. (NPDC), , ,No,Appraisal,"Feb. 2025: More projects are expected to see FID this year, including Exxon’s Owowo project, which could add another 40,000-45,000 b/d.", , , , , ,Operator Share %,27
Upper Zakum Expansion - UZ1000,Yes,Offshore,United Arab Emirates,Middle East,Opec-Plus,Oil/Gas,Shallow,Upper Zakum,Conventional,Adnoc,Adnoc,Exxon Mobil,Inpex, , , ,Yes,Onstream,"As of late 2021 the field was capable of pumping 1 million b/d on a sustained basis. Actual output, however, was closer to 750,000 b/d in early 2022  due to Opec-plus commitments.",,,,Medium,Sour, 2029_Q4,
Upper Zakum Expansion - UZ1000,Yes,Offshore,United Arab Emirates,Middle East,Opec-Plus,Oil/Gas,Shallow,Upper Zakum,Conventional,Adnoc,Adnoc,Exxon Mobil,Inpex, , , ,Yes,Onstream,"As of late 2021 the field was capable of pumping 1 million b/d on a sustained basis. Actual output, however, was closer to 750,000 b/d in early 2022  due to Opec-plus commitments.",,,,Medium,Sour, 2029_Q3,
Upper Zakum Expansion - UZ1000,Yes,Offshore,United Arab Emirates,Middle East,Opec-Plus,Oil/Gas,Shallow,Upper Zakum,Conventional,Adnoc,Adnoc,Exxon Mobil,Inpex, , , ,Yes,Onstream,"As of late 2021 the field was capable of pumping 1 million b/d on a sustained basis. Actual output, however, was closer to 750,000 b/d in early 2022  due to Opec-plus commitments.",,,,Medium,Sour, 2029_Q2,
Upper Zakum Expansion - UZ1000,Yes,Offshore,United Arab Emirates,Middle East,Opec-Plus,Oil/Gas,Shallow,Upper Zakum,Conventional,Adnoc,Adnoc,Exxon Mobil,Inpex, , , ,Yes,Onstream,"As of late 2021 the field was capable of pumping 1 million b/d on a sustained basis. Actual output, however, was closer to 750,000 b/d in early 2022  due to Opec-plus commitments.",,,,Medium,Sour, 2029_Q1,
Upper Zakum Expansion - UZ1000,Yes,Offshore,United Arab Emirates,Middle East,Opec-Plus,Oil/Gas,Shallow,Upper Zakum,Conventional,Adnoc,Adnoc,Exxon Mobil,Inpex, , , ,Yes,Onstream,"As of late 2021 the field was capable of pumping 1 million b/d on a sustained basis. Actual output, however, was closer to 750,000 b/d in early 2022  due to Opec-plus commitments.",,,,Medium,Sour, 2028_Q4,
Upper Zakum Expansion - UZ1000,Yes,Offshore,United Arab Emirates,Middle East,Opec-Plus,Oil/Gas,Shallow,Upper Zakum,Conventional,Adnoc,Adnoc,Exxon Mobil,Inpex, , , ,Yes,Onstream,"As of late 2021 the field was capable of pumping 1 million b/d on a sustained basis. Actual output, however, was closer to 750,000 b/d in early 2022  due to Opec-plus commitments.",,,,Medium,Sour, 2028_Q3,
Upper Zakum Expansion - UZ1000,Yes,Offshore,United Arab Emirates,Middle East,Opec-Plus,Oil/Gas,Shallow,Upper Zakum,Conventional,Adnoc,Adnoc,Exxon Mobil,Inpex, , , ,Yes,Onstream,"As of late 2021 the field was capable of pumping 1 million b/d on a sustained basis. Actual output, however, was closer to 750,000 b/d in early 2022  due to Opec-plus commitments.",,,,Medium,Sour,2028_Q2,
Upper Zakum Expansion - UZ1000,Yes,Offshore,United Arab Emirates,Middle East,Opec-Plus,Oil/Gas,Shallow,Upper Zakum,Conventional,Adnoc,Adnoc,Exxon Mobil,Inpex, , , ,Yes,Onstream,"As of late 2021 the field was capable of pumping 1 million b/d on a sustained basis. Actual output, however, was closer to 750,000 b/d in early 2022  due to Opec-plus commitments.",,,,Medium,Sour,2028_Q1,
Upper Zakum Expansion - UZ1000,Yes,Offshore,United Arab Emirates,Middle East,Opec-Plus,Oil/Gas,Shallow,Upper Zakum,Conventional,Adnoc,Adnoc,Exxon Mobil,Inpex, , , ,Yes,Onstream,"As of late 2021 the field was capable of pumping 1 million b/d on a sustained basis. Actual output, however, was closer to 750,000 b/d in early 2022  due to Opec-plus commitments.",,,,Medium,Sour,2027_Q4,
Upper Zakum Expansion - UZ1000,Yes,Offshore,United Arab Emirates,Middle East,Opec-Plus,Oil/Gas,Shallow,Upper Zakum,Conventional,Adnoc,Adnoc,Exxon Mobil,Inpex, , , ,Yes,Onstream,"As of late 2021 the field was capable of pumping 1 million b/d on a sustained basis. Actual output, however, was closer to 750,000 b/d in early 2022  due to Opec-plus commitments.",,,,Medium,Sour,2027_Q3,
Upper Zakum Expansion - UZ1000,Yes,Offshore,United Arab Emirates,Middle East,Opec-Plus,Oil/Gas,Shallow,Upper Zakum,Conventional,Adnoc,Adnoc,Exxon Mobil,Inpex, , , ,Yes,Onstream,"As of late 2021 the field was capable of pumping 1 million b/d on a sustained basis. Actual output, however, was closer to 750,000 b/d in early 2022  due to Opec-plus commitments.",,,,Medium,Sour,2027_Q2,
Upper Zakum Expansion - UZ1000,Yes,Offshore,United Arab Emirates,Middle East,Opec-Plus,Oil/Gas,Shallow,Upper Zakum,Conventional,Adnoc,Adnoc,Exxon Mobil,Inpex, , , ,Yes,Onstream,"As of late 2021 the field was capable of pumping 1 million b/d on a sustained basis. Actual output, however, was closer to 750,000 b/d in early 2022  due to Opec-plus commitments.",,,,Medium,Sour,2027_Q1,
Upper Zakum Expansion - UZ1000,Yes,Offshore,United Arab Emirates,Middle East,Opec-Plus,Oil/Gas,Shallow,Upper Zakum,Conventional,Adnoc,Adnoc,Exxon Mobil,Inpex, , , ,Yes,Onstream,"As of late 2021 the field was capable of pumping 1 million b/d on a sustained basis. Actual output, however, was closer to 750,000 b/d in early 2022  due to Opec-plus commitments.",,,,Medium,Sour,2026_Q4,
Upper Zakum Expansion - UZ1000,Yes,Offshore,United Arab Emirates,Middle East,Opec-Plus,Oil/Gas,Shallow,Upper Zakum,Conventional,Adnoc,Adnoc,Exxon Mobil,Inpex, , , ,Yes,Onstream,"As of late 2021 the field was capable of pumping 1 million b/d on a sustained basis. Actual output, however, was closer to 750,000 b/d in early 2022  due to Opec-plus commitments.",,,,Medium,Sour,2026_Q3,
Upper Zakum Expansion - UZ1000,Yes,Offshore,United Arab Emirates,Middle East,Opec-Plus,Oil/Gas,Shallow,Upper Zakum,Conventional,Adnoc,Adnoc,Exxon Mobil,Inpex, , , ,Yes,Onstream,"As of late 2021 the field was capable of pumping 1 million b/d on a sustained basis. Actual output, however, was closer to 750,000 b/d in early 2022  due to Opec-plus commitments.",,,,Medium,Sour,2026_Q2,
Upper Zakum Expansion - UZ1000,Yes,Offshore,United Arab Emirates,Middle East,Opec-Plus,Oil/Gas,Shallow,Upper Zakum,Conventional,Adnoc,Adnoc,Exxon Mobil,Inpex, , , ,Yes,Onstream,"As of late 2021 the field was capable of pumping 1 million b/d on a sustained basis. Actual output, however, was closer to 750,000 b/d in early 2022  due to Opec-plus commitments.",,,,Medium,Sour,2026_Q1,
Upper Zakum Expansion - UZ1000,Yes,Offshore,United Arab Emirates,Middle East,Opec-Plus,Oil/Gas,Shallow,Upper Zakum,Conventional,Adnoc,Adnoc,Exxon Mobil,Inpex, , , ,Yes,Onstream,"As of late 2021 the field was capable of pumping 1 million b/d on a sustained basis. Actual output, however, was closer to 750,000 b/d in early 2022  due to Opec-plus commitments.",,,,Medium,Sour,2025_Q4,
Upper Zakum Expansion - UZ1000,Yes,Offshore,United Arab Emirates,Middle East,Opec-Plus,Oil/Gas,Shallow,Upper Zakum,Conventional,Adnoc,Adnoc,Exxon Mobil,Inpex, , , ,Yes,Onstream,"As of late 2021 the field was capable of pumping 1 million b/d on a sustained basis. Actual output, however, was closer to 750,000 b/d in early 2022  due to Opec-plus commitments.",,,,Medium,Sour,2025_Q3,
Upper Zakum Expansion - UZ1000,Yes,Offshore,United Arab Emirates,Middle East,Opec-Plus,Oil/Gas,Shallow,Upper Zakum,Conventional,Adnoc,Adnoc,Exxon Mobil,Inpex, , , ,Yes,Onstream,"As of late 2021 the field was capable of pumping 1 million b/d on a sustained basis. Actual output, however, was closer to 750,000 b/d in early 2022  due to Opec-plus commitments.",,,,Medium,Sour,2025_Q2,
Upper Zakum Expansion - UZ1000,Yes,Offshore,United Arab Emirates,Middle East,Opec-Plus,Oil/Gas,Shallow,Upper Zakum,Conventional,Adnoc,Adnoc,Exxon Mobil,Inpex, , , ,Yes,Onstream,"As of late 2021 the field was capable of pumping 1 million b/d on a sustained basis. Actual output, however, was closer to 750,000 b/d in early 2022  due to Opec-plus commitments.",,,,Medium,Sour,2025_Q1,
Upper Zakum Expansion - UZ1000,Yes,Offshore,United Arab Emirates,Middle East,Opec-Plus,Oil/Gas,Shallow,Upper Zakum,Conventional,Adnoc,Adnoc,Exxon Mobil,Inpex, , , ,Yes,Onstream,"As of late 2021 the field was capable of pumping 1 million b/d on a sustained basis. Actual output, however, was closer to 750,000 b/d in early 2022  due to Opec-plus commitments.",,,,Medium,Sour,2024_Q4,
Upper Zakum Expansion - UZ1000,Yes,Offshore,United Arab Emirates,Middle East,Opec-Plus,Oil/Gas,Shallow,Upper Zakum,Conventional,Adnoc,Adnoc,Exxon Mobil,Inpex, , , ,Yes,Onstream,"As of late 2021 the field was capable of pumping 1 million b/d on a sustained basis. Actual output, however, was closer to 750,000 b/d in early 2022  due to Opec-plus commitments.",,,,Medium,Sour,2024_Q3,
Upper Zakum Expansion - UZ1000,Yes,Offshore,United Arab Emirates,Middle East,Opec-Plus,Oil/Gas,Shallow,Upper Zakum,Conventional,Adnoc,Adnoc,Exxon Mobil,Inpex, , , ,Yes,Onstream,"As of late 2021 the field was capable of pumping 1 million b/d on a sustained basis. Actual output, however, was closer to 750,000 b/d in early 2022  due to Opec-plus commitments.",,,,Medium,Sour,2024_Q2,
Upper Zakum Expansion - UZ1000,Yes,Offshore,United Arab Emirates,Middle East,Opec-Plus,Oil/Gas,Shallow,Upper Zakum,Conventional,Adnoc,Adnoc,Exxon Mobil,Inpex, , , ,Yes,Onstream,"As of late 2021 the field was capable of pumping 1 million b/d on a sustained basis. Actual output, however, was closer to 750,000 b/d in early 2022  due to Opec-plus commitments.",,,,Medium,Sour,2024_Q1,
Upper Zakum Expansion - UZ1000,Yes,Offshore,United Arab Emirates,Middle East,Opec-Plus,Oil/Gas,Shallow,Upper Zakum,Conventional,Adnoc,Adnoc,Exxon Mobil,Inpex, , , ,Yes,Onstream,"As of late 2021 the field was capable of pumping 1 million b/d on a sustained basis. Actual output, however, was closer to 750,000 b/d in early 2022  due to Opec-plus commitments.",,,,Medium,Sour,Partner5 Share %,
Upper Zakum Expansion - UZ1000,Yes,Offshore,United Arab Emirates,Middle East,Opec-Plus,Oil/Gas,Shallow,Upper Zakum,Conventional,Adnoc,Adnoc,Exxon Mobil,Inpex, , , ,Yes,Onstream,"As of late 2021 the field was capable of pumping 1 million b/d on a sustained basis. Actual output, however, was closer to 750,000 b/d in early 2022  due to Opec-plus commitments.",,,,Medium,Sour,Partner4 Share %,
Upper Zakum Expansion - UZ1000,Yes,Offshore,United Arab Emirates,Middle East,Opec-Plus,Oil/Gas,Shallow,Upper Zakum,Conventional,Adnoc,Adnoc,Exxon Mobil,Inpex, , , ,Yes,Onstream,"As of late 2021 the field was capable of pumping 1 million b/d on a sustained basis. Actual output, however, was closer to 750,000 b/d in early 2022  due to Opec-plus commitments.",,,,Medium,Sour,Partner3 Share %,12
Upper Zakum Expansion - UZ1000,Yes,Offshore,United Arab Emirates,Middle East,Opec-Plus,Oil/Gas,Shallow,Upper Zakum,Conventional,Adnoc,Adnoc,Exxon Mobil,Inpex, , , ,Yes,Onstream,"As of late 2021 the field was capable of pumping 1 million b/d on a sustained basis. Actual output, however, was closer to 750,000 b/d in early 2022  due to Opec-plus commitments.",,,,Medium,Sour,Partner2 Share %,28
Upper Zakum Expansion - UZ1000,Yes,Offshore,United Arab Emirates,Middle East,Opec-Plus,Oil/Gas,Shallow,Upper Zakum,Conventional,Adnoc,Adnoc,Exxon Mobil,Inpex, , , ,Yes,Onstream,"As of late 2021 the field was capable of pumping 1 million b/d on a sustained basis. Actual output, however, was closer to 750,000 b/d in early 2022  due to Opec-plus commitments.",,,,Medium,Sour,Partner1 Share %,60
Upper Zakum Expansion - UZ1000,Yes,Offshore,United Arab Emirates,Middle East,Opec-Plus,Oil/Gas,Shallow,Upper Zakum,Conventional,Adnoc,Adnoc,Exxon Mobil,Inpex, , , ,Yes,Onstream,"As of late 2021 the field was capable of pumping 1 million b/d on a sustained basis. Actual output, however, was closer to 750,000 b/d in early 2022  due to Opec-plus commitments.",,,,Medium,Sour,Operator Share %,
Tengiz Expansion (Future Growth Project),Yes,Onshore,Kazakhstan,FSU,Opec-Plus,Oil/Gas, ,Tengiz,Conventional,TengizChevroil,Chevron,Exxon Mobil,Kazmunaigas,Lukoil, ,2025,Yes,Onstream,"Oct. 2025: The US granted a special general license to the giant Tengiz oil field in Kazakhstan operated by Chevron, in which Lukoil holds 5%, and to the CPC, in which both Lukoil and Rosneft are shareholders.", , ,8000.000, , , 2029_Q4,
Tengiz Expansion (Future Growth Project),Yes,Onshore,Kazakhstan,FSU,Opec-Plus,Oil/Gas, ,Tengiz,Conventional,TengizChevroil,Chevron,Exxon Mobil,Kazmunaigas,Lukoil, ,2025,Yes,Onstream,"Oct. 2025: The US granted a special general license to the giant Tengiz oil field in Kazakhstan operated by Chevron, in which Lukoil holds 5%, and to the CPC, in which both Lukoil and Rosneft are shareholders.", , ,8000.000, , , 2029_Q3,
Tengiz Expansion (Future Growth Project),Yes,Onshore,Kazakhstan,FSU,Opec-Plus,Oil/Gas, ,Tengiz,Conventional,TengizChevroil,Chevron,Exxon Mobil,Kazmunaigas,Lukoil, ,2025,Yes,Onstream,"Oct. 2025: The US granted a special general license to the giant Tengiz oil field in Kazakhstan operated by Chevron, in which Lukoil holds 5%, and to the CPC, in which both Lukoil and Rosneft are shareholders.", , ,8000.000, , , 2029_Q2,
Tengiz Expansion (Future Growth Project),Yes,Onshore,Kazakhstan,FSU,Opec-Plus,Oil/Gas, ,Tengiz,Conventional,TengizChevroil,Chevron,Exxon Mobil,Kazmunaigas,Lukoil, ,2025,Yes,Onstream,"Oct. 2025: The US granted a special general license to the giant Tengiz oil field in Kazakhstan operated by Chevron, in which Lukoil holds 5%, and to the CPC, in which both Lukoil and Rosneft are shareholders.", , ,8000.000, , , 2029_Q1,
Tengiz Expansion (Future Growth Project),Yes,Onshore,Kazakhstan,FSU,Opec-Plus,Oil/Gas, ,Tengiz,Conventional,TengizChevroil,Chevron,Exxon Mobil,Kazmunaigas,Lukoil, ,2025,Yes,Onstream,"Oct. 2025: The US granted a special general license to the giant Tengiz oil field in Kazakhstan operated by Chevron, in which Lukoil holds 5%, and to the CPC, in which both Lukoil and Rosneft are shareholders.", , ,8000.000, , , 2028_Q4,
Tengiz Expansion (Future Growth Project),Yes,Onshore,Kazakhstan,FSU,Opec-Plus,Oil/Gas, ,Tengiz,Conventional,TengizChevroil,Chevron,Exxon Mobil,Kazmunaigas,Lukoil, ,2025,Yes,Onstream,"Oct. 2025: The US granted a special general license to the giant Tengiz oil field in Kazakhstan operated by Chevron, in which Lukoil holds 5%, and to the CPC, in which both Lukoil and Rosneft are shareholders.", , ,8000.000, , , 2028_Q3,
Tengiz Expansion (Future Growth Project),Yes,Onshore,Kazakhstan,FSU,Opec-Plus,Oil/Gas, ,Tengiz,Conventional,TengizChevroil,Chevron,Exxon Mobil,Kazmunaigas,Lukoil, ,2025,Yes,Onstream,"Oct. 2025: The US granted a special general license to the giant Tengiz oil field in Kazakhstan operated by Chevron, in which Lukoil holds 5%, and to the CPC, in which both Lukoil and Rosneft are shareholders.", , ,8000.000, , ,2028_Q2,
Tengiz Expansion (Future Growth Project),Yes,Onshore,Kazakhstan,FSU,Opec-Plus,Oil/Gas, ,Tengiz,Conventional,TengizChevroil,Chevron,Exxon Mobil,Kazmunaigas,Lukoil, ,2025,Yes,Onstream,"Oct. 2025: The US granted a special general license to the giant Tengiz oil field in Kazakhstan operated by Chevron, in which Lukoil holds 5%, and to the CPC, in which both Lukoil and Rosneft are shareholders.", , ,8000.000, , ,2028_Q1,
Tengiz Expansion (Future Growth Project),Yes,Onshore,Kazakhstan,FSU,Opec-Plus,Oil/Gas, ,Tengiz,Conventional,TengizChevroil,Chevron,Exxon Mobil,Kazmunaigas,Lukoil, ,2025,Yes,Onstream,"Oct. 2025: The US granted a special general license to the giant Tengiz oil field in Kazakhstan operated by Chevron, in which Lukoil holds 5%, and to the CPC, in which both Lukoil and Rosneft are shareholders.", , ,8000.000, , ,2027_Q4,
Tengiz Expansion (Future Growth Project),Yes,Onshore,Kazakhstan,FSU,Opec-Plus,Oil/Gas, ,Tengiz,Conventional,TengizChevroil,Chevron,Exxon Mobil,Kazmunaigas,Lukoil, ,2025,Yes,Onstream,"Oct. 2025: The US granted a special general license to the giant Tengiz oil field in Kazakhstan operated by Chevron, in which Lukoil holds 5%, and to the CPC, in which both Lukoil and Rosneft are shareholders.", , ,8000.000, , ,2027_Q3,
Tengiz Expansion (Future Growth Project),Yes,Onshore,Kazakhstan,FSU,Opec-Plus,Oil/Gas, ,Tengiz,Conventional,TengizChevroil,Chevron,Exxon Mobil,Kazmunaigas,Lukoil, ,2025,Yes,Onstream,"Oct. 2025: The US granted a special general license to the giant Tengiz oil field in Kazakhstan operated by Chevron, in which Lukoil holds 5%, and to the CPC, in which both Lukoil and Rosneft are shareholders.", , ,8000.000, , ,2027_Q2,
Tengiz Expansion (Future Growth Project),Yes,Onshore,Kazakhstan,FSU,Opec-Plus,Oil/Gas, ,Tengiz,Conventional,TengizChevroil,Chevron,Exxon Mobil,Kazmunaigas,Lukoil, ,2025,Yes,Onstream,"Oct. 2025: The US granted a special general license to the giant Tengiz oil field in Kazakhstan operated by Chevron, in which Lukoil holds 5%, and to the CPC, in which both Lukoil and Rosneft are shareholders.", , ,8000.000, , ,2027_Q1,
Tengiz Expansion (Future Growth Project),Yes,Onshore,Kazakhstan,FSU,Opec-Plus,Oil/Gas, ,Tengiz,Conventional,TengizChevroil,Chevron,Exxon Mobil,Kazmunaigas,Lukoil, ,2025,Yes,Onstream,"Oct. 2025: The US granted a special general license to the giant Tengiz oil field in Kazakhstan operated by Chevron, in which Lukoil holds 5%, and to the CPC, in which both Lukoil and Rosneft are shareholders.", , ,8000.000, , ,2026_Q4,
Tengiz Expansion (Future Growth Project),Yes,Onshore,Kazakhstan,FSU,Opec-Plus,Oil/Gas, ,Tengiz,Conventional,TengizChevroil,Chevron,Exxon Mobil,Kazmunaigas,Lukoil, ,2025,Yes,Onstream,"Oct. 2025: The US granted a special general license to the giant Tengiz oil field in Kazakhstan operated by Chevron, in which Lukoil holds 5%, and to the CPC, in which both Lukoil and Rosneft are shareholders.", , ,8000.000, , ,2026_Q3,
Tengiz Expansion (Future Growth Project),Yes,Onshore,Kazakhstan,FSU,Opec-Plus,Oil/Gas, ,Tengiz,Conventional,TengizChevroil,Chevron,Exxon Mobil,Kazmunaigas,Lukoil, ,2025,Yes,Onstream,"Oct. 2025: The US granted a special general license to the giant Tengiz oil field in Kazakhstan operated by Chevron, in which Lukoil holds 5%, and to the CPC, in which both Lukoil and Rosneft are shareholders.", , ,8000.000, , ,2026_Q2,
Tengiz Expansion (Future Growth Project),Yes,Onshore,Kazakhstan,FSU,Opec-Plus,Oil/Gas, ,Tengiz,Conventional,TengizChevroil,Chevron,Exxon Mobil,Kazmunaigas,Lukoil, ,2025,Yes,Onstream,"Oct. 2025: The US granted a special general license to the giant Tengiz oil field in Kazakhstan operated by Chevron, in which Lukoil holds 5%, and to the CPC, in which both Lukoil and Rosneft are shareholders.", , ,8000.000, , ,2026_Q1,
Tengiz Expansion (Future Growth Project),Yes,Onshore,Kazakhstan,FSU,Opec-Plus,Oil/Gas, ,Tengiz,Conventional,TengizChevroil,Chevron,Exxon Mobil,Kazmunaigas,Lukoil, ,2025,Yes,Onstream,"Oct. 2025: The US granted a special general license to the giant Tengiz oil field in Kazakhstan operated by Chevron, in which Lukoil holds 5%, and to the CPC, in which both Lukoil and Rosneft are shareholders.", , ,8000.000, , ,2025_Q4,
Tengiz Expansion (Future Growth Project),Yes,Onshore,Kazakhstan,FSU,Opec-Plus,Oil/Gas, ,Tengiz,Conventional,TengizChevroil,Chevron,Exxon Mobil,Kazmunaigas,Lukoil, ,2025,Yes,Onstream,"Oct. 2025: The US granted a special general license to the giant Tengiz oil field in Kazakhstan operated by Chevron, in which Lukoil holds 5%, and to the CPC, in which both Lukoil and Rosneft are shareholders.", , ,8000.000, , ,2025_Q3,
Tengiz Expansion (Future Growth Project),Yes,Onshore,Kazakhstan,FSU,Opec-Plus,Oil/Gas, ,Tengiz,Conventional,TengizChevroil,Chevron,Exxon Mobil,Kazmunaigas,Lukoil, ,2025,Yes,Onstream,"Oct. 2025: The US granted a special general license to the giant Tengiz oil field in Kazakhstan operated by Chevron, in which Lukoil holds 5%, and to the CPC, in which both Lukoil and Rosneft are shareholders.", , ,8000.000, , ,2025_Q2,160
Tengiz Expansion (Future Growth Project),Yes,Onshore,Kazakhstan,FSU,Opec-Plus,Oil/Gas, ,Tengiz,Conventional,TengizChevroil,Chevron,Exxon Mobil,Kazmunaigas,Lukoil, ,2025,Yes,Onstream,"Oct. 2025: The US granted a special general license to the giant Tengiz oil field in Kazakhstan operated by Chevron, in which Lukoil holds 5%, and to the CPC, in which both Lukoil and Rosneft are shareholders.", , ,8000.000, , ,2025_Q1,100
Tengiz Expansion (Future Growth Project),Yes,Onshore,Kazakhstan,FSU,Opec-Plus,Oil/Gas, ,Tengiz,Conventional,TengizChevroil,Chevron,Exxon Mobil,Kazmunaigas,Lukoil, ,2025,Yes,Onstream,"Oct. 2025: The US granted a special general license to the giant Tengiz oil field in Kazakhstan operated by Chevron, in which Lukoil holds 5%, and to the CPC, in which both Lukoil and Rosneft are shareholders.", , ,8000.000, , ,2024_Q4,
Tengiz Expansion (Future Growth Project),Yes,Onshore,Kazakhstan,FSU,Opec-Plus,Oil/Gas, ,Tengiz,Conventional,TengizChevroil,Chevron,Exxon Mobil,Kazmunaigas,Lukoil, ,2025,Yes,Onstream,"Oct. 2025: The US granted a special general license to the giant Tengiz oil field in Kazakhstan operated by Chevron, in which Lukoil holds 5%, and to the CPC, in which both Lukoil and Rosneft are shareholders.", , ,8000.000, , ,2024_Q3,
Tengiz Expansion (Future Growth Project),Yes,Onshore,Kazakhstan,FSU,Opec-Plus,Oil/Gas, ,Tengiz,Conventional,TengizChevroil,Chevron,Exxon Mobil,Kazmunaigas,Lukoil, ,2025,Yes,Onstream,"Oct. 2025: The US granted a special general license to the giant Tengiz oil field in Kazakhstan operated by Chevron, in which Lukoil holds 5%, and to the CPC, in which both Lukoil and Rosneft are shareholders.", , ,8000.000, , ,2024_Q2,
Tengiz Expansion (Future Growth Project),Yes,Onshore,Kazakhstan,FSU,Opec-Plus,Oil/Gas, ,Tengiz,Conventional,TengizChevroil,Chevron,Exxon Mobil,Kazmunaigas,Lukoil, ,2025,Yes,Onstream,"Oct. 2025: The US granted a special general license to the giant Tengiz oil field in Kazakhstan operated by Chevron, in which Lukoil holds 5%, and to the CPC, in which both Lukoil and Rosneft are shareholders.", , ,8000.000, , ,2024_Q1,
Tengiz Expansion (Future Growth Project),Yes,Onshore,Kazakhstan,FSU,Opec-Plus,Oil/Gas, ,Tengiz,Conventional,TengizChevroil,Chevron,Exxon Mobil,Kazmunaigas,Lukoil, ,2025,Yes,Onstream,"Oct. 2025: The US granted a special general license to the giant Tengiz oil field in Kazakhstan operated by Chevron, in which Lukoil holds 5%, and to the CPC, in which both Lukoil and Rosneft are shareholders.", , ,8000.000, , ,Partner5 Share %,
Tengiz Expansion (Future Growth Project),Yes,Onshore,Kazakhstan,FSU,Opec-Plus,Oil/Gas, ,Tengiz,Conventional,TengizChevroil,Chevron,Exxon Mobil,Kazmunaigas,Lukoil, ,2025,Yes,Onstream,"Oct. 2025: The US granted a special general license to the giant Tengiz oil field in Kazakhstan operated by Chevron, in which Lukoil holds 5%, and to the CPC, in which both Lukoil and Rosneft are shareholders.", , ,8000.000, , ,Partner4 Share %,5
Tengiz Expansion (Future Growth Project),Yes,Onshore,Kazakhstan,FSU,Opec-Plus,Oil/Gas, ,Tengiz,Conventional,TengizChevroil,Chevron,Exxon Mobil,Kazmunaigas,Lukoil, ,2025,Yes,Onstream,"Oct. 2025: The US granted a special general license to the giant Tengiz oil field in Kazakhstan operated by Chevron, in which Lukoil holds 5%, and to the CPC, in which both Lukoil and Rosneft are shareholders.", , ,8000.000, , ,Partner3 Share %,20
Tengiz Expansion (Future Growth Project),Yes,Onshore,Kazakhstan,FSU,Opec-Plus,Oil/Gas, ,Tengiz,Conventional,TengizChevroil,Chevron,Exxon Mobil,Kazmunaigas,Lukoil, ,2025,Yes,Onstream,"Oct. 2025: The US granted a special general license to the giant Tengiz oil field in Kazakhstan operated by Chevron, in which Lukoil holds 5%, and to the CPC, in which both Lukoil and Rosneft are shareholders.", , ,8000.000, , ,Partner2 Share %,25
Tengiz Expansion (Future Growth Project),Yes,Onshore,Kazakhstan,FSU,Opec-Plus,Oil/Gas, ,Tengiz,Conventional,TengizChevroil,Chevron,Exxon Mobil,Kazmunaigas,Lukoil, ,2025,Yes,Onstream,"Oct. 2025: The US granted a special general license to the giant Tengiz oil field in Kazakhstan operated by Chevron, in which Lukoil holds 5%, and to the CPC, in which both Lukoil and Rosneft are shareholders.", , ,8000.000, , ,Partner1 Share %,50
Tengiz Expansion (Future Growth Project),Yes,Onshore,Kazakhstan,FSU,Opec-Plus,Oil/Gas, ,Tengiz,Conventional,TengizChevroil,Chevron,Exxon Mobil,Kazmunaigas,Lukoil, ,2025,Yes,Onstream,"Oct. 2025: The US granted a special general license to the giant Tengiz oil field in Kazakhstan operated by Chevron, in which Lukoil holds 5%, and to the CPC, in which both Lukoil and Rosneft are shareholders.", , ,8000.000, , ,Operator Share %,
