Country,Sector,Year of Date,Month of Date,Unit,Value
Austria,Power,2024,January,Million Cubic Meter,229.958238
Austria,Industrial,2024,January,Million Cubic Meter,302.799126
Austria,Household,2024,January,Million Cubic Meter,542.628005
Austria,Power,2024,February,Million Cubic Meter,117.165571
Austria,Industrial,2024,February,Million Cubic Meter,217.080045
Austria,Household,2024,February,Million Cubic Meter,380.352899
Austria,Power,2024,March,Million Cubic Meter,94.060004
Austria,Industrial,2024,March,Million Cubic Meter,199.959377
Austria,Household,2024,March,Million Cubic Meter,347.755069
Austria,Power,2024,April,Million Cubic Meter,39.21819
Austria,Industrial,2024,April,Million Cubic Meter,175.121944
Austria,Household,2024,April,Million Cubic Meter,283.770101
Austria,Power,2024,May,Million Cubic Meter,2.167905
Austria,Industrial,2024,May,Million Cubic Meter,154.365269
Austria,Household,2024,May,Million Cubic Meter,209.632096
Austria,Power,2024,June,Million Cubic Meter,7.073952
Austria,Industrial,2024,June,Million Cubic Meter,147.661001
Austria,Household,2024,June,Million Cubic Meter,182.403192
Austria,Power,2024,July,Million Cubic Meter,3.246048
Austria,Industrial,2024,July,Million Cubic Meter,142.545872
Austria,Household,2024,July,Million Cubic Meter,170.010016
Austria,Power,2024,August,Million Cubic Meter,15.342238
Austria,Industrial,2024,August,Million Cubic Meter,135.233668
Austria,Household,2024,August,Million Cubic Meter,158.188275
Austria,Power,2024,September,Million Cubic Meter,17.133238
Austria,Industrial,2024,September,Million Cubic Meter,168.918742
Austria,Household,2024,September,Million Cubic Meter,205.350801
Austria,Power,2024,October,Million Cubic Meter,76.09359
Austria,Industrial,2024,October,Million Cubic Meter,210.171386
Austria,Household,2024,October,Million Cubic Meter,278.726996
Austria,Power,2024,November,Million Cubic Meter,282.70219
Austria,Industrial,2024,November,Million Cubic Meter,303.240275
Austria,Household,2024,November,Million Cubic Meter,387.314522
Austria,Power,2024,December,Million Cubic Meter,281.609714
Austria,Industrial,2024,December,Million Cubic Meter,281.768216
Austria,Household,2024,December,Million Cubic Meter,474.16469
Austria,Power,2023,January,Million Cubic Meter,204.831238
Austria,Industrial,2023,January,Million Cubic Meter,278.060902
Austria,Household,2023,January,Million Cubic Meter,678.056399
Austria,Power,2023,February,Million Cubic Meter,204.64
Austria,Industrial,2023,February,Million Cubic Meter,271.905152
Austria,Household,2023,February,Million Cubic Meter,602.885812
Austria,Power,2023,March,Million Cubic Meter,155.801714
Austria,Industrial,2023,March,Million Cubic Meter,241.41999
Austria,Household,2023,March,Million Cubic Meter,511.082137
Austria,Power,2023,April,Million Cubic Meter,122.805714
Austria,Industrial,2023,April,Million Cubic Meter,236.967368
Austria,Household,2023,April,Million Cubic Meter,419.773936
Austria,Power,2023,May,Million Cubic Meter,54.458667
Austria,Industrial,2023,May,Million Cubic Meter,198.433084
Austria,Household,2023,May,Million Cubic Meter,262.157656
Austria,Power,2023,June,Million Cubic Meter,19.013905
Austria,Industrial,2023,June,Million Cubic Meter,151.103026
Austria,Household,2023,June,Million Cubic Meter,176.79516
Austria,Power,2023,July,Million Cubic Meter,32.102286
Austria,Industrial,2023,July,Million Cubic Meter,152.095505
Austria,Household,2023,July,Million Cubic Meter,177.956392
Austria,Power,2023,August,Million Cubic Meter,18.68019
Austria,Industrial,2023,August,Million Cubic Meter,142.193858
Austria,Household,2023,August,Million Cubic Meter,166.371162
Austria,Power,2023,September,Million Cubic Meter,61.596571
Austria,Industrial,2023,September,Million Cubic Meter,167.417939
Austria,Household,2023,September,Million Cubic Meter,212.367006
Austria,Power,2023,October,Million Cubic Meter,87.060406
Austria,Industrial,2023,October,Million Cubic Meter,198.707414
Austria,Household,2023,October,Million Cubic Meter,323.076759
Austria,Power,2023,November,Million Cubic Meter,144.95919
Austria,Industrial,2023,November,Million Cubic Meter,249.707951
Austria,Household,2023,November,Million Cubic Meter,528.627614
Austria,Power,2023,December,Million Cubic Meter,182.791952
Austria,Industrial,2023,December,Million Cubic Meter,266.045999
Austria,Household,2023,December,Million Cubic Meter,681.333663
Austria,Power,2022,January,Million Cubic Meter,303.876952
Austria,Industrial,2022,January,Million Cubic Meter,357.336763
Austria,Household,2022,January,Million Cubic Meter,870.569766
Austria,Power,2022,February,Million Cubic Meter,244.95981
Austria,Industrial,2022,February,Million Cubic Meter,308.390558
Austria,Household,2022,February,Million Cubic Meter,683.177504
Austria,Power,2022,March,Million Cubic Meter,279.440762
Austria,Industrial,2022,March,Million Cubic Meter,328.700281
Austria,Household,2022,March,Million Cubic Meter,695.246666
Austria,Power,2022,April,Million Cubic Meter,137.602476
Austria,Industrial,2022,April,Million Cubic Meter,260.102236
Austria,Household,2022,April,Million Cubic Meter,460.376628
Austria,Power,2022,May,Million Cubic Meter,100.946857
Austria,Industrial,2022,May,Million Cubic Meter,205.698013
Austria,Household,2022,May,Million Cubic Meter,271.545163
Austria,Power,2022,June,Million Cubic Meter,41.72819
Austria,Industrial,2022,June,Million Cubic Meter,173.254467
Austria,Household,2022,June,Million Cubic Meter,206.004967
Austria,Power,2022,July,Million Cubic Meter,45.698476
Austria,Industrial,2022,July,Million Cubic Meter,160.378498
Austria,Household,2022,July,Million Cubic Meter,191.778538
Austria,Power,2022,August,Million Cubic Meter,44.007429
Austria,Industrial,2022,August,Million Cubic Meter,149.832296
Austria,Household,2022,August,Million Cubic Meter,175.174365
Austria,Power,2022,September,Million Cubic Meter,124.077905
Austria,Industrial,2022,September,Million Cubic Meter,212.417812
Austria,Household,2022,September,Million Cubic Meter,269.241033
Austria,Power,2022,October,Million Cubic Meter,134.345524
Austria,Industrial,2022,October,Million Cubic Meter,217.340464
Austria,Household,2022,October,Million Cubic Meter,353.087485
Austria,Power,2022,November,Million Cubic Meter,225.281524
Austria,Industrial,2022,November,Million Cubic Meter,266.657686
Austria,Household,2022,November,Million Cubic Meter,564.017974
Austria,Power,2022,December,Million Cubic Meter,247.774095
Austria,Industrial,2022,December,Million Cubic Meter,280.860139
Austria,Household,2022,December,Million Cubic Meter,718.595898
Austria,Power,2021,January,Million Cubic Meter,280.216952
Austria,Industrial,2021,January,Million Cubic Meter,336.758751
Austria,Household,2021,January,Million Cubic Meter,944.26753
Austria,Power,2021,February,Million Cubic Meter,219.051429
Austria,Industrial,2021,February,Million Cubic Meter,294.18812
Austria,Household,2021,February,Million Cubic Meter,752.047137
Austria,Power,2021,March,Million Cubic Meter,212.395238
Austria,Industrial,2021,March,Million Cubic Meter,298.682374
Austria,Household,2021,March,Million Cubic Meter,727.894855
Austria,Power,2021,April,Million Cubic Meter,161.527429
Austria,Industrial,2021,April,Million Cubic Meter,281.459518
Austria,Household,2021,April,Million Cubic Meter,566.646103
Austria,Power,2021,May,Million Cubic Meter,61.823238
Austria,Industrial,2021,May,Million Cubic Meter,231.975746
Austria,Household,2021,May,Million Cubic Meter,343.815046
Austria,Power,2021,June,Million Cubic Meter,35.44381
Austria,Industrial,2021,June,Million Cubic Meter,177.159565
Austria,Household,2021,June,Million Cubic Meter,233.346324
Austria,Power,2021,July,Million Cubic Meter,38.510476
Austria,Industrial,2021,July,Million Cubic Meter,173.008038
Austria,Household,2021,July,Million Cubic Meter,230.417681
Austria,Power,2021,August,Million Cubic Meter,32.582476
Austria,Industrial,2021,August,Million Cubic Meter,172.392281
Austria,Household,2021,August,Million Cubic Meter,229.617791
Austria,Power,2021,September,Million Cubic Meter,56.115048
Austria,Industrial,2021,September,Million Cubic Meter,195.710356
Austria,Household,2021,September,Million Cubic Meter,278.30003
Austria,Power,2021,October,Million Cubic Meter,178.606667
Austria,Industrial,2021,October,Million Cubic Meter,275.478958
Austria,Household,2021,October,Million Cubic Meter,512.104831
Austria,Power,2021,November,Million Cubic Meter,310.134286
Austria,Industrial,2021,November,Million Cubic Meter,322.994641
Austria,Household,2021,November,Million Cubic Meter,779.820285
Austria,Power,2021,December,Million Cubic Meter,294.203619
Austria,Industrial,2021,December,Million Cubic Meter,303.709538
Austria,Household,2021,December,Million Cubic Meter,900.951397
Austria,Power,2020,January,Million Cubic Meter,338.369714
Austria,Industrial,2020,January,Million Cubic Meter,347.559397
Austria,Household,2020,January,Million Cubic Meter,960.993109
Austria,Power,2020,February,Million Cubic Meter,187.937905
Austria,Industrial,2020,February,Million Cubic Meter,275.075791
Austria,Household,2020,February,Million Cubic Meter,683.594312
Austria,Power,2020,March,Million Cubic Meter,180.788
Austria,Industrial,2020,March,Million Cubic Meter,274.307521
Austria,Household,2020,March,Million Cubic Meter,650.663244
Austria,Power,2020,April,Million Cubic Meter,83.92819
Austria,Industrial,2020,April,Million Cubic Meter,202.692426
Austria,Household,2020,April,Million Cubic Meter,402.257068
Austria,Power,2020,May,Million Cubic Meter,31.993714
Austria,Industrial,2020,May,Million Cubic Meter,196.462424
Austria,Household,2020,May,Million Cubic Meter,289.21131
Austria,Power,2020,June,Million Cubic Meter,32.743048
Austria,Industrial,2020,June,Million Cubic Meter,173.882099
Austria,Household,2020,June,Million Cubic Meter,228.313961
Austria,Power,2020,July,Million Cubic Meter,85.953143
Austria,Industrial,2020,July,Million Cubic Meter,189.097143
Austria,Household,2020,July,Million Cubic Meter,246.855513
Austria,Power,2020,August,Million Cubic Meter,80.255619
Austria,Industrial,2020,August,Million Cubic Meter,184.103806
Austria,Household,2020,August,Million Cubic Meter,239.586928
Austria,Power,2020,September,Million Cubic Meter,77.927238
Austria,Industrial,2020,September,Million Cubic Meter,205.170059
Austria,Household,2020,September,Million Cubic Meter,290.300583
Austria,Power,2020,October,Million Cubic Meter,145.828
Austria,Industrial,2020,October,Million Cubic Meter,282.306074
Austria,Household,2020,October,Million Cubic Meter,511.567128
Austria,Power,2020,November,Million Cubic Meter,220.865143
Austria,Industrial,2020,November,Million Cubic Meter,297.045971
Austria,Household,2020,November,Million Cubic Meter,707.82528
Austria,Power,2020,December,Million Cubic Meter,275.281143
Austria,Industrial,2020,December,Million Cubic Meter,305.813352
Austria,Household,2020,December,Million Cubic Meter,888.486321
Austria,Power,2019,January,Million Cubic Meter,308.529333
Austria,Industrial,2019,January,Million Cubic Meter,347.616072
Austria,Household,2019,January,Million Cubic Meter,966.383928
Austria,Power,2019,February,Million Cubic Meter,242.517714
Austria,Industrial,2019,February,Million Cubic Meter,285.97074
Austria,Household,2019,February,Million Cubic Meter,719.02926
Austria,Power,2019,March,Million Cubic Meter,134.392952
Austria,Industrial,2019,March,Million Cubic Meter,244.47484
Austria,Household,2019,March,Million Cubic Meter,585.52516
Austria,Power,2019,April,Million Cubic Meter,106.374286
Austria,Industrial,2019,April,Million Cubic Meter,224.14716
Austria,Household,2019,April,Million Cubic Meter,445.85284
Austria,Power,2019,May,Million Cubic Meter,31.92
Austria,Industrial,2019,May,Million Cubic Meter,237.469676
Austria,Household,2019,May,Million Cubic Meter,349.530324
Austria,Power,2019,June,Million Cubic Meter,46.19181
Austria,Industrial,2019,June,Million Cubic Meter,179.033776
Austria,Household,2019,June,Million Cubic Meter,232.966224
Austria,Power,2019,July,Million Cubic Meter,97.946667
Austria,Industrial,2019,July,Million Cubic Meter,196.850244
Austria,Household,2019,July,Million Cubic Meter,256.149756
Austria,Power,2019,August,Million Cubic Meter,139.665905
Austria,Industrial,2019,August,Million Cubic Meter,215.535808
Austria,Household,2019,August,Million Cubic Meter,280.464192
Austria,Power,2019,September,Million Cubic Meter,186.156952
Austria,Industrial,2019,September,Million Cubic Meter,265.725268
Austria,Household,2019,September,Million Cubic Meter,375.274732
Austria,Power,2019,October,Million Cubic Meter,237.171429
Austria,Industrial,2019,October,Million Cubic Meter,286.829332
Austria,Household,2019,October,Million Cubic Meter,522.170668
Austria,Power,2019,November,Million Cubic Meter,234.716952
Austria,Industrial,2019,November,Million Cubic Meter,284.13151
Austria,Household,2019,November,Million Cubic Meter,677.939372
Austria,Power,2019,December,Million Cubic Meter,238.788381
Austria,Industrial,2019,December,Million Cubic Meter,277.202772
Austria,Household,2019,December,Million Cubic Meter,811.797228
Belgium,Power,2024,January,Million Cubic Meter,273.192139
Belgium,Industrial,2024,January,Million Cubic Meter,344.499817
Belgium,Household,2024,January,Million Cubic Meter,1245.224487
Belgium,Power,2024,February,Million Cubic Meter,155.535263
Belgium,Industrial,2024,February,Million Cubic Meter,318.97699
Belgium,Household,2024,February,Million Cubic Meter,844.739197
Belgium,Power,2024,March,Million Cubic Meter,190.241028
Belgium,Industrial,2024,March,Million Cubic Meter,327.695282
Belgium,Household,2024,March,Million Cubic Meter,762.560486
Belgium,Power,2024,April,Million Cubic Meter,141.731155
Belgium,Industrial,2024,April,Million Cubic Meter,325.707275
Belgium,Household,2024,April,Million Cubic Meter,589.005615
Belgium,Power,2024,May,Million Cubic Meter,126.071266
Belgium,Industrial,2024,May,Million Cubic Meter,297.313904
Belgium,Household,2024,May,Million Cubic Meter,342.818848
Belgium,Power,2024,June,Million Cubic Meter,141.295181
Belgium,Industrial,2024,June,Million Cubic Meter,274.846436
Belgium,Household,2024,June,Million Cubic Meter,295.441589
Belgium,Power,2024,July,Million Cubic Meter,130.672043
Belgium,Industrial,2024,July,Million Cubic Meter,285.92041
Belgium,Household,2024,July,Million Cubic Meter,228.105621
Belgium,Power,2024,August,Million Cubic Meter,116.30584
Belgium,Industrial,2024,August,Million Cubic Meter,289.404846
Belgium,Household,2024,August,Million Cubic Meter,212.453018
Belgium,Power,2024,September,Million Cubic Meter,129.167786
Belgium,Industrial,2024,September,Million Cubic Meter,308.484192
Belgium,Household,2024,September,Million Cubic Meter,299.907898
Belgium,Power,2024,October,Million Cubic Meter,145.841827
Belgium,Industrial,2024,October,Million Cubic Meter,316.527863
Belgium,Household,2024,October,Million Cubic Meter,504.122314
Belgium,Power,2024,November,Million Cubic Meter,303.113159
Belgium,Industrial,2024,November,Million Cubic Meter,320.77298
Belgium,Household,2024,November,Million Cubic Meter,857.376404
Belgium,Power,2024,December,Million Cubic Meter,230.295181
Belgium,Industrial,2024,December,Million Cubic Meter,332.497009
Belgium,Household,2024,December,Million Cubic Meter,1038.858643
Belgium,Power,2023,January,Million Cubic Meter,305.048126
Belgium,Industrial,2023,January,Million Cubic Meter,298.387085
Belgium,Household,2023,January,Million Cubic Meter,1067.603638
Belgium,Power,2023,February,Million Cubic Meter,342.571869
Belgium,Industrial,2023,February,Million Cubic Meter,282.469788
Belgium,Household,2023,February,Million Cubic Meter,910.08905
Belgium,Power,2023,March,Million Cubic Meter,304.737823
Belgium,Industrial,2023,March,Million Cubic Meter,314.859222
Belgium,Household,2023,March,Million Cubic Meter,899.81488
Belgium,Power,2023,April,Million Cubic Meter,225.889267
Belgium,Industrial,2023,April,Million Cubic Meter,274.888428
Belgium,Household,2023,April,Million Cubic Meter,659.078857
Belgium,Power,2023,May,Million Cubic Meter,185.954025
Belgium,Industrial,2023,May,Million Cubic Meter,254.803528
Belgium,Household,2023,May,Million Cubic Meter,371.753967
Belgium,Power,2023,June,Million Cubic Meter,258.603394
Belgium,Industrial,2023,June,Million Cubic Meter,247.613235
Belgium,Household,2023,June,Million Cubic Meter,238.829926
Belgium,Power,2023,July,Million Cubic Meter,205.172913
Belgium,Industrial,2023,July,Million Cubic Meter,270.140137
Belgium,Household,2023,July,Million Cubic Meter,215.325394
Belgium,Power,2023,August,Million Cubic Meter,225.9505
Belgium,Industrial,2023,August,Million Cubic Meter,268.320221
Belgium,Household,2023,August,Million Cubic Meter,239.181473
Belgium,Power,2023,September,Million Cubic Meter,218.653122
Belgium,Industrial,2023,September,Million Cubic Meter,280.636414
Belgium,Household,2023,September,Million Cubic Meter,249.206329
Belgium,Power,2023,October,Million Cubic Meter,163.611359
Belgium,Industrial,2023,October,Million Cubic Meter,306.081512
Belgium,Household,2023,October,Million Cubic Meter,445.864319
Belgium,Power,2023,November,Million Cubic Meter,177.982758
Belgium,Industrial,2023,November,Million Cubic Meter,333.260132
Belgium,Household,2023,November,Million Cubic Meter,839.40625
Belgium,Power,2023,December,Million Cubic Meter,194.414719
Belgium,Industrial,2023,December,Million Cubic Meter,337.608032
Belgium,Household,2023,December,Million Cubic Meter,979.503174
Belgium,Power,2022,January,Million Cubic Meter,381.288116
Belgium,Industrial,2022,January,Million Cubic Meter,376.368164
Belgium,Household,2022,January,Million Cubic Meter,1279.999634
Belgium,Power,2022,February,Million Cubic Meter,208.987198
Belgium,Industrial,2022,February,Million Cubic Meter,313.190002
Belgium,Household,2022,February,Million Cubic Meter,1029.04834
Belgium,Power,2022,March,Million Cubic Meter,269.872162
Belgium,Industrial,2022,March,Million Cubic Meter,288.996613
Belgium,Household,2022,March,Million Cubic Meter,851.627136
Belgium,Power,2022,April,Million Cubic Meter,192.959579
Belgium,Industrial,2022,April,Million Cubic Meter,298.657227
Belgium,Household,2022,April,Million Cubic Meter,644.072266
Belgium,Power,2022,May,Million Cubic Meter,237.023132
Belgium,Industrial,2022,May,Million Cubic Meter,306.811127
Belgium,Household,2022,May,Million Cubic Meter,344.762177
Belgium,Power,2022,June,Million Cubic Meter,250.82811
Belgium,Industrial,2022,June,Million Cubic Meter,277.685425
Belgium,Household,2022,June,Million Cubic Meter,275.387573
Belgium,Power,2022,July,Million Cubic Meter,325.15921
Belgium,Industrial,2022,July,Million Cubic Meter,242.476578
Belgium,Household,2022,July,Million Cubic Meter,220.110138
Belgium,Power,2022,August,Million Cubic Meter,381.590118
Belgium,Industrial,2022,August,Million Cubic Meter,239.867447
Belgium,Household,2022,August,Million Cubic Meter,220.334488
Belgium,Power,2022,September,Million Cubic Meter,320.526581
Belgium,Industrial,2022,September,Million Cubic Meter,247.162415
Belgium,Household,2022,September,Million Cubic Meter,309.422913
Belgium,Power,2022,October,Million Cubic Meter,341.216614
Belgium,Industrial,2022,October,Million Cubic Meter,296.08728
Belgium,Household,2022,October,Million Cubic Meter,384.445251
Belgium,Power,2022,November,Million Cubic Meter,244.246979
Belgium,Industrial,2022,November,Million Cubic Meter,281.716187
Belgium,Household,2022,November,Million Cubic Meter,684.187622
Belgium,Power,2022,December,Million Cubic Meter,368.626251
Belgium,Industrial,2022,December,Million Cubic Meter,237.968353
Belgium,Household,2022,December,Million Cubic Meter,1105.169922
Belgium,Power,2021,January,Million Cubic Meter,445.490692
Belgium,Industrial,2021,January,Million Cubic Meter,402.224915
Belgium,Household,2021,January,Million Cubic Meter,1446.08374
Belgium,Power,2021,February,Million Cubic Meter,339.518127
Belgium,Industrial,2021,February,Million Cubic Meter,378.526703
Belgium,Household,2021,February,Million Cubic Meter,1177.15625
Belgium,Power,2021,March,Million Cubic Meter,385.408234
Belgium,Industrial,2021,March,Million Cubic Meter,371.78952
Belgium,Household,2021,March,Million Cubic Meter,1058.450195
Belgium,Power,2021,April,Million Cubic Meter,379.565063
Belgium,Industrial,2021,April,Million Cubic Meter,337.720062
Belgium,Household,2021,April,Million Cubic Meter,888.025085
Belgium,Power,2021,May,Million Cubic Meter,247.003036
Belgium,Industrial,2021,May,Million Cubic Meter,312.751526
Belgium,Household,2021,May,Million Cubic Meter,619.912903
Belgium,Power,2021,June,Million Cubic Meter,277.381744
Belgium,Industrial,2021,June,Million Cubic Meter,298.229218
Belgium,Household,2021,June,Million Cubic Meter,293.180634
Belgium,Power,2021,July,Million Cubic Meter,215.494904
Belgium,Industrial,2021,July,Million Cubic Meter,334.65387
Belgium,Household,2021,July,Million Cubic Meter,270.400269
Belgium,Power,2021,August,Million Cubic Meter,176.196045
Belgium,Industrial,2021,August,Million Cubic Meter,351.322418
Belgium,Household,2021,August,Million Cubic Meter,294.958099
Belgium,Power,2021,September,Million Cubic Meter,201.963409
Belgium,Industrial,2021,September,Million Cubic Meter,313.790558
Belgium,Household,2021,September,Million Cubic Meter,326.342255
Belgium,Power,2021,October,Million Cubic Meter,207.940033
Belgium,Industrial,2021,October,Million Cubic Meter,319.370209
Belgium,Household,2021,October,Million Cubic Meter,658.089172
Belgium,Power,2021,November,Million Cubic Meter,408.065887
Belgium,Industrial,2021,November,Million Cubic Meter,330.887665
Belgium,Household,2021,November,Million Cubic Meter,1020.304321
Belgium,Power,2021,December,Million Cubic Meter,348.334778
Belgium,Industrial,2021,December,Million Cubic Meter,327.668884
Belgium,Household,2021,December,Million Cubic Meter,1192.460938
Belgium,Power,2020,January,Million Cubic Meter,432.938019
Belgium,Industrial,2020,January,Million Cubic Meter,411.745728
Belgium,Household,2020,January,Million Cubic Meter,1227.762207
Belgium,Power,2020,February,Million Cubic Meter,333.64624
Belgium,Industrial,2020,February,Million Cubic Meter,390.542236
Belgium,Household,2020,February,Million Cubic Meter,1088.046509
Belgium,Power,2020,March,Million Cubic Meter,350.38562
Belgium,Industrial,2020,March,Million Cubic Meter,379.046173
Belgium,Household,2020,March,Million Cubic Meter,1013.840576
Belgium,Power,2020,April,Million Cubic Meter,242.184387
Belgium,Industrial,2020,April,Million Cubic Meter,331.599213
Belgium,Household,2020,April,Million Cubic Meter,497.259827
Belgium,Power,2020,May,Million Cubic Meter,302.810303
Belgium,Industrial,2020,May,Million Cubic Meter,356.002441
Belgium,Household,2020,May,Million Cubic Meter,400.487793
Belgium,Power,2020,June,Million Cubic Meter,400.034546
Belgium,Industrial,2020,June,Million Cubic Meter,327.453339
Belgium,Household,2020,June,Million Cubic Meter,288.700043
Belgium,Power,2020,July,Million Cubic Meter,498.792206
Belgium,Industrial,2020,July,Million Cubic Meter,351.503754
Belgium,Household,2020,July,Million Cubic Meter,265.256042
Belgium,Power,2020,August,Million Cubic Meter,439.7547
Belgium,Industrial,2020,August,Million Cubic Meter,316.146545
Belgium,Household,2020,August,Million Cubic Meter,239.69783
Belgium,Power,2020,September,Million Cubic Meter,380.826477
Belgium,Industrial,2020,September,Million Cubic Meter,318.710693
Belgium,Household,2020,September,Million Cubic Meter,344.978851
Belgium,Power,2020,October,Million Cubic Meter,340.696106
Belgium,Industrial,2020,October,Million Cubic Meter,343.165741
Belgium,Household,2020,October,Million Cubic Meter,710.279297
Belgium,Power,2020,November,Million Cubic Meter,396.790405
Belgium,Industrial,2020,November,Million Cubic Meter,380.083191
Belgium,Household,2020,November,Million Cubic Meter,879.340881
Belgium,Power,2020,December,Million Cubic Meter,441.312897
Belgium,Industrial,2020,December,Million Cubic Meter,377.7099
Belgium,Household,2020,December,Million Cubic Meter,1204.720825
Belgium,Power,2019,January,Million Cubic Meter,504.551941
Belgium,Industrial,2019,January,Million Cubic Meter,408.300293
Belgium,Household,2019,January,Million Cubic Meter,1418.830811
Belgium,Power,2019,February,Million Cubic Meter,356.466278
Belgium,Industrial,2019,February,Million Cubic Meter,368.687256
Belgium,Household,2019,February,Million Cubic Meter,1029.068237
Belgium,Power,2019,March,Million Cubic Meter,285.154999
Belgium,Industrial,2019,March,Million Cubic Meter,383.394531
Belgium,Household,2019,March,Million Cubic Meter,951.049255
Belgium,Power,2019,April,Million Cubic Meter,295.133942
Belgium,Industrial,2019,April,Million Cubic Meter,345.693512
Belgium,Household,2019,April,Million Cubic Meter,628.640686
Belgium,Power,2019,May,Million Cubic Meter,271.778595
Belgium,Industrial,2019,May,Million Cubic Meter,371.439728
Belgium,Household,2019,May,Million Cubic Meter,533.459595
Belgium,Power,2019,June,Million Cubic Meter,321.728394
Belgium,Industrial,2019,June,Million Cubic Meter,334.610046
Belgium,Household,2019,June,Million Cubic Meter,281.813019
Belgium,Power,2019,July,Million Cubic Meter,359.996033
Belgium,Industrial,2019,July,Million Cubic Meter,310.24588
Belgium,Household,2019,July,Million Cubic Meter,238.960968
Belgium,Power,2019,August,Million Cubic Meter,322.222015
Belgium,Industrial,2019,August,Million Cubic Meter,314.359131
Belgium,Household,2019,August,Million Cubic Meter,245.428299
Belgium,Power,2019,September,Million Cubic Meter,363.879578
Belgium,Industrial,2019,September,Million Cubic Meter,351.609222
Belgium,Household,2019,September,Million Cubic Meter,342.327393
Belgium,Power,2019,October,Million Cubic Meter,462.921082
Belgium,Industrial,2019,October,Million Cubic Meter,344.915649
Belgium,Household,2019,October,Million Cubic Meter,635.577698
Belgium,Power,2019,November,Million Cubic Meter,464.277435
Belgium,Industrial,2019,November,Million Cubic Meter,379.136749
Belgium,Household,2019,November,Million Cubic Meter,1047.223755
Belgium,Power,2019,December,Million Cubic Meter,345.895782
Belgium,Industrial,2019,December,Million Cubic Meter,407.173218
Belgium,Household,2019,December,Million Cubic Meter,1192.445435
Bulgaria,Power,2024,January,Million Cubic Meter,50.916
Bulgaria,Industrial,2024,January,Million Cubic Meter,74.466372
Bulgaria,Household,2024,January,Million Cubic Meter,219.15602
Bulgaria,Power,2024,February,Million Cubic Meter,45.981143
Bulgaria,Industrial,2024,February,Million Cubic Meter,65.354509
Bulgaria,Household,2024,February,Million Cubic Meter,173.382333
Bulgaria,Power,2024,March,Million Cubic Meter,43.069077
Bulgaria,Industrial,2024,March,Million Cubic Meter,73.998734
Bulgaria,Household,2024,March,Million Cubic Meter,186.788608
Bulgaria,Power,2024,April,Million Cubic Meter,26.805524
Bulgaria,Industrial,2024,April,Million Cubic Meter,62.983897
Bulgaria,Household,2024,April,Million Cubic Meter,131.889007
Bulgaria,Power,2024,May,Million Cubic Meter,24.121524
Bulgaria,Industrial,2024,May,Million Cubic Meter,74.868587
Bulgaria,Household,2024,May,Million Cubic Meter,115.982903
Bulgaria,Power,2024,June,Million Cubic Meter,23.294476
Bulgaria,Industrial,2024,June,Million Cubic Meter,73.478309
Bulgaria,Household,2024,June,Million Cubic Meter,100.145134
Bulgaria,Power,2024,July,Million Cubic Meter,25.393714
Bulgaria,Industrial,2024,July,Million Cubic Meter,63.96494
Bulgaria,Household,2024,July,Million Cubic Meter,87.179162
Bulgaria,Power,2024,August,Million Cubic Meter,26.307238
Bulgaria,Industrial,2024,August,Million Cubic Meter,73.94258
Bulgaria,Household,2024,August,Million Cubic Meter,100.777898
Bulgaria,Power,2024,September,Million Cubic Meter,24.190286
Bulgaria,Industrial,2024,September,Million Cubic Meter,70.282581
Bulgaria,Household,2024,September,Million Cubic Meter,107.757372
Bulgaria,Power,2024,October,Million Cubic Meter,26.538644
Bulgaria,Industrial,2024,October,Million Cubic Meter,71.635072
Bulgaria,Household,2024,October,Million Cubic Meter,138.011372
Bulgaria,Power,2024,November,Million Cubic Meter,33.922095
Bulgaria,Industrial,2024,November,Million Cubic Meter,81.465392
Bulgaria,Household,2024,November,Million Cubic Meter,207.732102
Bulgaria,Power,2024,December,Million Cubic Meter,42.245905
Bulgaria,Industrial,2024,December,Million Cubic Meter,70.845954
Bulgaria,Household,2024,December,Million Cubic Meter,222.275757
Bulgaria,Power,2023,January,Million Cubic Meter,50.080861
Bulgaria,Industrial,2023,January,Million Cubic Meter,66.785241
Bulgaria,Household,2023,January,Million Cubic Meter,196.40653
Bulgaria,Power,2023,February,Million Cubic Meter,45.064366
Bulgaria,Industrial,2023,February,Million Cubic Meter,68.553132
Bulgaria,Household,2023,February,Million Cubic Meter,184.855684
Bulgaria,Power,2023,March,Million Cubic Meter,46.741322
Bulgaria,Industrial,2023,March,Million Cubic Meter,74.946864
Bulgaria,Household,2023,March,Million Cubic Meter,189.546786
Bulgaria,Power,2023,April,Million Cubic Meter,41.699486
Bulgaria,Industrial,2023,April,Million Cubic Meter,68.872053
Bulgaria,Household,2023,April,Million Cubic Meter,145.852494
Bulgaria,Power,2023,May,Million Cubic Meter,23.5376
Bulgaria,Industrial,2023,May,Million Cubic Meter,57.690416
Bulgaria,Household,2023,May,Million Cubic Meter,88.824462
Bulgaria,Power,2023,June,Million Cubic Meter,21.063912
Bulgaria,Industrial,2023,June,Million Cubic Meter,58.518794
Bulgaria,Household,2023,June,Million Cubic Meter,79.578247
Bulgaria,Power,2023,July,Million Cubic Meter,21.431615
Bulgaria,Industrial,2023,July,Million Cubic Meter,71.92268
Bulgaria,Household,2023,July,Million Cubic Meter,97.805857
Bulgaria,Power,2023,August,Million Cubic Meter,21.855122
Bulgaria,Industrial,2023,August,Million Cubic Meter,66.836309
Bulgaria,Household,2023,August,Million Cubic Meter,90.889028
Bulgaria,Power,2023,September,Million Cubic Meter,25.20872
Bulgaria,Industrial,2023,September,Million Cubic Meter,68.527158
Bulgaria,Household,2023,September,Million Cubic Meter,102.320235
Bulgaria,Power,2023,October,Million Cubic Meter,26.34141
Bulgaria,Industrial,2023,October,Million Cubic Meter,61.94061
Bulgaria,Household,2023,October,Million Cubic Meter,118.2496
Bulgaria,Power,2023,November,Million Cubic Meter,38.298857
Bulgaria,Industrial,2023,November,Million Cubic Meter,71.438983
Bulgaria,Household,2023,November,Million Cubic Meter,180.327248
Bulgaria,Power,2023,December,Million Cubic Meter,49.580381
Bulgaria,Industrial,2023,December,Million Cubic Meter,70.54825
Bulgaria,Household,2023,December,Million Cubic Meter,219.037083
Bulgaria,Power,2022,January,Million Cubic Meter,80.009905
Bulgaria,Industrial,2022,January,Million Cubic Meter,97.991996
Bulgaria,Household,2022,January,Million Cubic Meter,284.678481
Bulgaria,Power,2022,February,Million Cubic Meter,56.930667
Bulgaria,Industrial,2022,February,Million Cubic Meter,83.46669
Bulgaria,Household,2022,February,Million Cubic Meter,218.842078
Bulgaria,Power,2022,March,Million Cubic Meter,55.722667
Bulgaria,Industrial,2022,March,Million Cubic Meter,95.007567
Bulgaria,Household,2022,March,Million Cubic Meter,237.448271
Bulgaria,Power,2022,April,Million Cubic Meter,39.172762
Bulgaria,Industrial,2022,April,Million Cubic Meter,68.469895
Bulgaria,Household,2022,April,Million Cubic Meter,141.705518
Bulgaria,Power,2022,May,Million Cubic Meter,28.567619
Bulgaria,Industrial,2022,May,Million Cubic Meter,76.947685
Bulgaria,Household,2022,May,Million Cubic Meter,117.475118
Bulgaria,Power,2022,June,Million Cubic Meter,28.769714
Bulgaria,Industrial,2022,June,Million Cubic Meter,78.158029
Bulgaria,Household,2022,June,Million Cubic Meter,105.408476
Bulgaria,Power,2022,July,Million Cubic Meter,34.707322
Bulgaria,Industrial,2022,July,Million Cubic Meter,75.031299
Bulgaria,Household,2022,July,Million Cubic Meter,101.191586
Bulgaria,Power,2022,August,Million Cubic Meter,27.174695
Bulgaria,Industrial,2022,August,Million Cubic Meter,55.646935
Bulgaria,Household,2022,August,Million Cubic Meter,74.89605
Bulgaria,Power,2022,September,Million Cubic Meter,22.168846
Bulgaria,Industrial,2022,September,Million Cubic Meter,52.669998
Bulgaria,Household,2022,September,Million Cubic Meter,77.130996
Bulgaria,Power,2022,October,Million Cubic Meter,30.397366
Bulgaria,Industrial,2022,October,Million Cubic Meter,48.28043
Bulgaria,Household,2022,October,Million Cubic Meter,91.349184
Bulgaria,Power,2022,November,Million Cubic Meter,45.17972
Bulgaria,Industrial,2022,November,Million Cubic Meter,63.524245
Bulgaria,Household,2022,November,Million Cubic Meter,158.763376
Bulgaria,Power,2022,December,Million Cubic Meter,53.739716
Bulgaria,Industrial,2022,December,Million Cubic Meter,68.455349
Bulgaria,Household,2022,December,Million Cubic Meter,210.07318
Bulgaria,Power,2021,January,Million Cubic Meter,55.801143
Bulgaria,Industrial,2021,January,Million Cubic Meter,96.647645
Bulgaria,Household,2021,January,Million Cubic Meter,291.785663
Bulgaria,Power,2021,February,Million Cubic Meter,48.967238
Bulgaria,Industrial,2021,February,Million Cubic Meter,94.092039
Bulgaria,Household,2021,February,Million Cubic Meter,255.934518
Bulgaria,Power,2021,March,Million Cubic Meter,54.585524
Bulgaria,Industrial,2021,March,Million Cubic Meter,105.631977
Bulgaria,Household,2021,March,Million Cubic Meter,273.229833
Bulgaria,Power,2021,April,Million Cubic Meter,42.172571
Bulgaria,Industrial,2021,April,Million Cubic Meter,92.084757
Bulgaria,Household,2021,April,Million Cubic Meter,196.750604
Bulgaria,Power,2021,May,Million Cubic Meter,28.03619
Bulgaria,Industrial,2021,May,Million Cubic Meter,92.352253
Bulgaria,Household,2021,May,Million Cubic Meter,145.17071
Bulgaria,Power,2021,June,Million Cubic Meter,25.928
Bulgaria,Industrial,2021,June,Million Cubic Meter,94.152314
Bulgaria,Household,2021,June,Million Cubic Meter,130.654675
Bulgaria,Power,2021,July,Million Cubic Meter,29.413524
Bulgaria,Industrial,2021,July,Million Cubic Meter,106.033165
Bulgaria,Household,2021,July,Million Cubic Meter,147.141669
Bulgaria,Power,2021,August,Million Cubic Meter,29.45981
Bulgaria,Industrial,2021,August,Million Cubic Meter,77.548458
Bulgaria,Household,2021,August,Million Cubic Meter,107.613591
Bulgaria,Power,2021,September,Million Cubic Meter,50.073524
Bulgaria,Industrial,2021,September,Million Cubic Meter,79.259429
Bulgaria,Household,2021,September,Million Cubic Meter,119.478401
Bulgaria,Power,2021,October,Million Cubic Meter,45.746286
Bulgaria,Industrial,2021,October,Million Cubic Meter,78.02589
Bulgaria,Household,2021,October,Million Cubic Meter,152.265332
Bulgaria,Power,2021,November,Million Cubic Meter,51.704762
Bulgaria,Industrial,2021,November,Million Cubic Meter,76.487259
Bulgaria,Household,2021,November,Million Cubic Meter,197.84351
Bulgaria,Power,2021,December,Million Cubic Meter,69.14419
Bulgaria,Industrial,2021,December,Million Cubic Meter,84.571251
Bulgaria,Household,2021,December,Million Cubic Meter,269.558954
Bulgaria,Power,2020,January,Million Cubic Meter,49.048
Bulgaria,Industrial,2020,January,Million Cubic Meter,93.822531
Bulgaria,Household,2020,January,Million Cubic Meter,274.071451
Bulgaria,Power,2020,February,Million Cubic Meter,42.026
Bulgaria,Industrial,2020,February,Million Cubic Meter,87.951185
Bulgaria,Household,2020,February,Million Cubic Meter,231.841071
Bulgaria,Power,2020,March,Million Cubic Meter,40.37
Bulgaria,Industrial,2020,March,Million Cubic Meter,85.832637
Bulgaria,Household,2020,March,Million Cubic Meter,215.307037
Bulgaria,Power,2020,April,Million Cubic Meter,25.043
Bulgaria,Industrial,2020,April,Million Cubic Meter,75.047222
Bulgaria,Household,2020,April,Million Cubic Meter,155.848836
Bulgaria,Power,2020,May,Million Cubic Meter,16.907
Bulgaria,Industrial,2020,May,Million Cubic Meter,72.107754
Bulgaria,Household,2020,May,Million Cubic Meter,110.431507
Bulgaria,Power,2020,June,Million Cubic Meter,16.484
Bulgaria,Industrial,2020,June,Million Cubic Meter,77.438002
Bulgaria,Household,2020,June,Million Cubic Meter,104.757916
Bulgaria,Power,2020,July,Million Cubic Meter,15.916
Bulgaria,Industrial,2020,July,Million Cubic Meter,72.061208
Bulgaria,Household,2020,July,Million Cubic Meter,97.484203
Bulgaria,Power,2020,August,Million Cubic Meter,20.563
Bulgaria,Industrial,2020,August,Million Cubic Meter,65.748722
Bulgaria,Household,2020,August,Million Cubic Meter,88.94469
Bulgaria,Power,2020,September,Million Cubic Meter,19.707
Bulgaria,Industrial,2020,September,Million Cubic Meter,67.692156
Bulgaria,Household,2020,September,Million Cubic Meter,99.43824
Bulgaria,Power,2020,October,Million Cubic Meter,35.666
Bulgaria,Industrial,2020,October,Million Cubic Meter,83.409628
Bulgaria,Household,2020,October,Million Cubic Meter,158.339191
Bulgaria,Power,2020,November,Million Cubic Meter,50.324
Bulgaria,Industrial,2020,November,Million Cubic Meter,91.072507
Bulgaria,Household,2020,November,Million Cubic Meter,228.450999
Bulgaria,Power,2020,December,Million Cubic Meter,55.825
Bulgaria,Industrial,2020,December,Million Cubic Meter,84.962001
Bulgaria,Household,2020,December,Million Cubic Meter,261.784879
Bulgaria,Power,2019,January,Million Cubic Meter,46.924
Bulgaria,Industrial,2019,January,Million Cubic Meter,101.805151
Bulgaria,Household,2019,January,Million Cubic Meter,296.821071
Bulgaria,Power,2019,February,Million Cubic Meter,44.602
Bulgaria,Industrial,2019,February,Million Cubic Meter,89.725619
Bulgaria,Household,2019,February,Million Cubic Meter,236.087298
Bulgaria,Power,2019,March,Million Cubic Meter,40.658
Bulgaria,Industrial,2019,March,Million Cubic Meter,80.76226
Bulgaria,Household,2019,March,Million Cubic Meter,202.226842
Bulgaria,Power,2019,April,Million Cubic Meter,35.624
Bulgaria,Industrial,2019,April,Million Cubic Meter,81.822199
Bulgaria,Household,2019,April,Million Cubic Meter,169.636662
Bulgaria,Power,2019,May,Million Cubic Meter,23.866
Bulgaria,Industrial,2019,May,Million Cubic Meter,80.44473
Bulgaria,Household,2019,May,Million Cubic Meter,123.011933
Bulgaria,Power,2019,June,Million Cubic Meter,17.532
Bulgaria,Industrial,2019,June,Million Cubic Meter,73.427441
Bulgaria,Household,2019,June,Million Cubic Meter,99.184612
Bulgaria,Power,2019,July,Million Cubic Meter,18.757
Bulgaria,Industrial,2019,July,Million Cubic Meter,77.494447
Bulgaria,Household,2019,July,Million Cubic Meter,104.678258
Bulgaria,Power,2019,August,Million Cubic Meter,18.02
Bulgaria,Industrial,2019,August,Million Cubic Meter,64.556103
Bulgaria,Household,2019,August,Million Cubic Meter,87.20135
Bulgaria,Power,2019,September,Million Cubic Meter,17.938
Bulgaria,Industrial,2019,September,Million Cubic Meter,64.114305
Bulgaria,Household,2019,September,Million Cubic Meter,94.040324
Bulgaria,Power,2019,October,Million Cubic Meter,22.244
Bulgaria,Industrial,2019,October,Million Cubic Meter,63.111369
Bulgaria,Household,2019,October,Million Cubic Meter,119.613577
Bulgaria,Power,2019,November,Million Cubic Meter,31.222
Bulgaria,Industrial,2019,November,Million Cubic Meter,73.780649
Bulgaria,Household,2019,November,Million Cubic Meter,184.74505
Bulgaria,Power,2019,December,Million Cubic Meter,44.526
Bulgaria,Industrial,2019,December,Million Cubic Meter,81.567609
Bulgaria,Household,2019,December,Million Cubic Meter,250.83228
Croatia,Power,2024,January,Million Cubic Meter,61.007381
Croatia,Industrial,2024,January,Million Cubic Meter,28.398507
Croatia,Household,2024,January,Million Cubic Meter,218.682149
Croatia,Power,2024,February,Million Cubic Meter,55.446619
Croatia,Industrial,2024,February,Million Cubic Meter,24.562596
Croatia,Household,2024,February,Million Cubic Meter,139.460557
Croatia,Power,2024,March,Million Cubic Meter,55.410743
Croatia,Industrial,2024,March,Million Cubic Meter,21.077699
Croatia,Household,2024,March,Million Cubic Meter,124.956421
Croatia,Power,2024,April,Million Cubic Meter,37.916333
Croatia,Industrial,2024,April,Million Cubic Meter,24.697863
Croatia,Household,2024,April,Million Cubic Meter,90.028446
Croatia,Power,2024,May,Million Cubic Meter,35.964619
Croatia,Industrial,2024,May,Million Cubic Meter,29.050083
Croatia,Household,2024,May,Million Cubic Meter,57.411522
Croatia,Power,2024,June,Million Cubic Meter,25.606667
Croatia,Industrial,2024,June,Million Cubic Meter,25.414424
Croatia,Household,2024,June,Million Cubic Meter,46.782368
Croatia,Power,2024,July,Million Cubic Meter,50.512381
Croatia,Industrial,2024,July,Million Cubic Meter,33.007748
Croatia,Household,2024,July,Million Cubic Meter,43.505054
Croatia,Power,2024,August,Million Cubic Meter,49.310667
Croatia,Industrial,2024,August,Million Cubic Meter,36.324124
Croatia,Household,2024,August,Million Cubic Meter,54.152951
Croatia,Power,2024,September,Million Cubic Meter,44.676762
Croatia,Industrial,2024,September,Million Cubic Meter,45.120759
Croatia,Household,2024,September,Million Cubic Meter,98.321649
Croatia,Power,2024,October,Million Cubic Meter,38.475198
Croatia,Industrial,2024,October,Million Cubic Meter,40.83975
Croatia,Household,2024,October,Million Cubic Meter,144.881777
Croatia,Power,2024,November,Million Cubic Meter,32.79281
Croatia,Industrial,2024,November,Million Cubic Meter,32.194675
Croatia,Household,2024,November,Million Cubic Meter,198.556945
Croatia,Power,2024,December,Million Cubic Meter,61.038667
Croatia,Industrial,2024,December,Million Cubic Meter,25.788884
Croatia,Household,2024,December,Million Cubic Meter,227.057305
Croatia,Power,2023,January,Million Cubic Meter,54.226838
Croatia,Industrial,2023,January,Million Cubic Meter,23.707902
Croatia,Household,2023,January,Million Cubic Meter,179.26153
Croatia,Power,2023,February,Million Cubic Meter,63.392629
Croatia,Industrial,2023,February,Million Cubic Meter,29.26462
Croatia,Household,2023,February,Million Cubic Meter,168.218815
Croatia,Power,2023,March,Million Cubic Meter,67.432019
Croatia,Industrial,2023,March,Million Cubic Meter,28.848862
Croatia,Household,2023,March,Million Cubic Meter,139.840213
Croatia,Power,2023,April,Million Cubic Meter,62.849352
Croatia,Industrial,2023,April,Million Cubic Meter,32.593598
Croatia,Household,2023,April,Million Cubic Meter,107.981326
Croatia,Power,2023,May,Million Cubic Meter,41.500476
Croatia,Industrial,2023,May,Million Cubic Meter,34.01323
Croatia,Household,2023,May,Million Cubic Meter,70.982488
Croatia,Power,2023,June,Million Cubic Meter,40.622514
Croatia,Industrial,2023,June,Million Cubic Meter,31.448317
Croatia,Household,2023,June,Million Cubic Meter,47.879307
Croatia,Power,2023,July,Million Cubic Meter,61.180438
Croatia,Industrial,2023,July,Million Cubic Meter,42.893469
Croatia,Household,2023,July,Million Cubic Meter,59.530317
Croatia,Power,2023,August,Million Cubic Meter,53.741676
Croatia,Industrial,2023,August,Million Cubic Meter,42.543529
Croatia,Household,2023,August,Million Cubic Meter,65.984279
Croatia,Power,2023,September,Million Cubic Meter,59.047486
Croatia,Industrial,2023,September,Million Cubic Meter,41.676874
Croatia,Household,2023,September,Million Cubic Meter,71.367369
Croatia,Power,2023,October,Million Cubic Meter,53.103627
Croatia,Industrial,2023,October,Million Cubic Meter,37.134778
Croatia,Household,2023,October,Million Cubic Meter,113.599198
Croatia,Power,2023,November,Million Cubic Meter,47.353278
Croatia,Industrial,2023,November,Million Cubic Meter,35.600853
Croatia,Household,2023,November,Million Cubic Meter,208.430407
Croatia,Power,2023,December,Million Cubic Meter,48.285571
Croatia,Industrial,2023,December,Million Cubic Meter,22.30748
Croatia,Household,2023,December,Million Cubic Meter,201.490779
Croatia,Power,2022,January,Million Cubic Meter,51.963429
Croatia,Industrial,2022,January,Million Cubic Meter,32.291193
Croatia,Household,2022,January,Million Cubic Meter,241.714906
Croatia,Power,2022,February,Million Cubic Meter,57.770419
Croatia,Industrial,2022,February,Million Cubic Meter,34.961463
Croatia,Household,2022,February,Million Cubic Meter,200.908933
Croatia,Power,2022,March,Million Cubic Meter,50.90021
Croatia,Industrial,2022,March,Million Cubic Meter,33.34088
Croatia,Household,2022,March,Million Cubic Meter,174.091188
Croatia,Power,2022,April,Million Cubic Meter,37.618229
Croatia,Industrial,2022,April,Million Cubic Meter,31.068316
Croatia,Household,2022,April,Million Cubic Meter,115.082226
Croatia,Power,2022,May,Million Cubic Meter,34.375029
Croatia,Industrial,2022,May,Million Cubic Meter,28.915186
Croatia,Household,2022,May,Million Cubic Meter,57.662451
Croatia,Power,2022,June,Million Cubic Meter,44.830248
Croatia,Industrial,2022,June,Million Cubic Meter,31.597634
Croatia,Household,2022,June,Million Cubic Meter,41.008376
Croatia,Power,2022,July,Million Cubic Meter,65.107029
Croatia,Industrial,2022,July,Million Cubic Meter,38.418503
Croatia,Household,2022,July,Million Cubic Meter,39.261271
Croatia,Power,2022,August,Million Cubic Meter,62.546648
Croatia,Industrial,2022,August,Million Cubic Meter,36.390824
Croatia,Household,2022,August,Million Cubic Meter,36.313228
Croatia,Power,2022,September,Million Cubic Meter,48.24061
Croatia,Industrial,2022,September,Million Cubic Meter,31.686261
Croatia,Household,2022,September,Million Cubic Meter,47.295511
Croatia,Power,2022,October,Million Cubic Meter,62.817581
Croatia,Industrial,2022,October,Million Cubic Meter,31.948231
Croatia,Household,2022,October,Million Cubic Meter,74.217013
Croatia,Power,2022,November,Million Cubic Meter,53.519505
Croatia,Industrial,2022,November,Million Cubic Meter,27.687796
Croatia,Household,2022,November,Million Cubic Meter,133.323668
Croatia,Power,2022,December,Million Cubic Meter,38.363105
Croatia,Industrial,2022,December,Million Cubic Meter,21.233362
Croatia,Household,2022,December,Million Cubic Meter,178.814546
Croatia,Power,2021,January,Million Cubic Meter,56.348229
Croatia,Industrial,2021,January,Million Cubic Meter,26.552299
Croatia,Household,2021,January,Million Cubic Meter,225.202272
Croatia,Power,2021,February,Million Cubic Meter,40.6352
Croatia,Industrial,2021,February,Million Cubic Meter,30.49041
Croatia,Household,2021,February,Million Cubic Meter,216.032142
Croatia,Power,2021,March,Million Cubic Meter,42.999219
Croatia,Industrial,2021,March,Million Cubic Meter,36.603372
Croatia,Household,2021,March,Million Cubic Meter,235.454835
Croatia,Power,2021,April,Million Cubic Meter,32.834457
Croatia,Industrial,2021,April,Million Cubic Meter,41.16365
Croatia,Household,2021,April,Million Cubic Meter,189.567328
Croatia,Power,2021,May,Million Cubic Meter,16.178343
Croatia,Industrial,2021,May,Million Cubic Meter,39.843259
Croatia,Household,2021,May,Million Cubic Meter,120.135702
Croatia,Power,2021,June,Million Cubic Meter,20.971905
Croatia,Industrial,2021,June,Million Cubic Meter,31.800107
Croatia,Household,2021,June,Million Cubic Meter,71.359877
Croatia,Power,2021,July,Million Cubic Meter,43.463295
Croatia,Industrial,2021,July,Million Cubic Meter,44.444966
Croatia,Household,2021,July,Million Cubic Meter,85.582901
Croatia,Power,2021,August,Million Cubic Meter,44.564648
Croatia,Industrial,2021,August,Million Cubic Meter,44.233377
Croatia,Household,2021,August,Million Cubic Meter,83.8672
Croatia,Power,2021,September,Million Cubic Meter,43.572724
Croatia,Industrial,2021,September,Million Cubic Meter,39.348215
Croatia,Household,2021,September,Million Cubic Meter,83.681715
Croatia,Power,2021,October,Million Cubic Meter,60.530095
Croatia,Industrial,2021,October,Million Cubic Meter,41.723127
Croatia,Household,2021,October,Million Cubic Meter,134.567797
Croatia,Power,2021,November,Million Cubic Meter,62.897295
Croatia,Industrial,2021,November,Million Cubic Meter,35.96939
Croatia,Household,2021,November,Million Cubic Meter,210.733848
Croatia,Power,2021,December,Million Cubic Meter,39.478686
Croatia,Industrial,2021,December,Million Cubic Meter,21.544788
Croatia,Household,2021,December,Million Cubic Meter,221.790761
Croatia,Power,2020,January,Million Cubic Meter,116.034476
Croatia,Industrial,2020,January,Million Cubic Meter,32.305075
Croatia,Household,2020,January,Million Cubic Meter,234.812411
Croatia,Power,2020,February,Million Cubic Meter,53.052724
Croatia,Industrial,2020,February,Million Cubic Meter,30.997252
Croatia,Household,2020,February,Million Cubic Meter,213.10335
Croatia,Power,2020,March,Million Cubic Meter,41.042419
Croatia,Industrial,2020,March,Million Cubic Meter,32.880967
Croatia,Household,2020,March,Million Cubic Meter,213.713882
Croatia,Power,2020,April,Million Cubic Meter,14.118971
Croatia,Industrial,2020,April,Million Cubic Meter,28.677798
Croatia,Household,2020,April,Million Cubic Meter,143.043777
Croatia,Power,2020,May,Million Cubic Meter,40.065714
Croatia,Industrial,2020,May,Million Cubic Meter,40.623986
Croatia,Household,2020,May,Million Cubic Meter,100.413512
Croatia,Power,2020,June,Million Cubic Meter,39.123314
Croatia,Industrial,2020,June,Million Cubic Meter,43.582186
Croatia,Household,2020,June,Million Cubic Meter,88.666057
Croatia,Power,2020,July,Million Cubic Meter,49.294743
Croatia,Industrial,2020,July,Million Cubic Meter,47.043575
Croatia,Household,2020,July,Million Cubic Meter,88.643928
Croatia,Power,2020,August,Million Cubic Meter,45.540914
Croatia,Industrial,2020,August,Million Cubic Meter,44.66543
Croatia,Household,2020,August,Million Cubic Meter,85.424687
Croatia,Power,2020,September,Million Cubic Meter,49.243486
Croatia,Industrial,2020,September,Million Cubic Meter,45.626928
Croatia,Household,2020,September,Million Cubic Meter,99.855159
Croatia,Power,2020,October,Million Cubic Meter,49.629257
Croatia,Industrial,2020,October,Million Cubic Meter,45.104451
Croatia,Household,2020,October,Million Cubic Meter,164.020327
Croatia,Power,2020,November,Million Cubic Meter,58.206819
Croatia,Industrial,2020,November,Million Cubic Meter,37.523265
Croatia,Household,2020,November,Million Cubic Meter,232.51724
Croatia,Power,2020,December,Million Cubic Meter,61.836305
Croatia,Industrial,2020,December,Million Cubic Meter,25.795845
Croatia,Household,2020,December,Million Cubic Meter,259.487436
Croatia,Power,2019,January,Million Cubic Meter,69.643
Croatia,Industrial,2019,January,Million Cubic Meter,38.459565
Croatia,Household,2019,January,Million Cubic Meter,279.762552
Croatia,Power,2019,February,Million Cubic Meter,41.939
Croatia,Industrial,2019,February,Million Cubic Meter,33.926938
Croatia,Household,2019,February,Million Cubic Meter,208.858688
Croatia,Power,2019,March,Million Cubic Meter,27.384
Croatia,Industrial,2019,March,Million Cubic Meter,29.603543
Croatia,Household,2019,March,Million Cubic Meter,172.218331
Croatia,Power,2019,April,Million Cubic Meter,21.033
Croatia,Industrial,2019,April,Million Cubic Meter,32.212217
Croatia,Household,2019,April,Million Cubic Meter,137.183139
Croatia,Power,2019,May,Million Cubic Meter,14.762
Croatia,Industrial,2019,May,Million Cubic Meter,45.623965
Croatia,Household,2019,May,Million Cubic Meter,130.383684
Croatia,Power,2019,June,Million Cubic Meter,13.503
Croatia,Industrial,2019,June,Million Cubic Meter,36.525355
Croatia,Household,2019,June,Million Cubic Meter,85.674766
Croatia,Power,2019,July,Million Cubic Meter,30.223
Croatia,Industrial,2019,July,Million Cubic Meter,42.097761
Croatia,Household,2019,July,Million Cubic Meter,84.084778
Croatia,Power,2019,August,Million Cubic Meter,44.887
Croatia,Industrial,2019,August,Million Cubic Meter,45.684721
Croatia,Household,2019,August,Million Cubic Meter,79.160656
Croatia,Power,2019,September,Million Cubic Meter,42.383
Croatia,Industrial,2019,September,Million Cubic Meter,42.948418
Croatia,Household,2019,September,Million Cubic Meter,87.043263
Croatia,Power,2019,October,Million Cubic Meter,68.679
Croatia,Industrial,2019,October,Million Cubic Meter,48.381789
Croatia,Household,2019,October,Million Cubic Meter,138.714613
Croatia,Power,2019,November,Million Cubic Meter,52.297
Croatia,Industrial,2019,November,Million Cubic Meter,36.92357
Croatia,Household,2019,November,Million Cubic Meter,196.66077
Croatia,Power,2019,December,Million Cubic Meter,42.048
Croatia,Industrial,2019,December,Million Cubic Meter,29.339884
Croatia,Household,2019,December,Million Cubic Meter,257.693602
Czech Republic,Power,2024,January,Million Cubic Meter,82.336
Czech Republic,Industrial,2024,January,Million Cubic Meter,228.961326
Czech Republic,Household,2024,January,Million Cubic Meter,824.155674
Czech Republic,Power,2024,February,Million Cubic Meter,47.250286
Czech Republic,Industrial,2024,February,Million Cubic Meter,169.264073
Czech Republic,Household,2024,February,Million Cubic Meter,543.687927
Czech Republic,Power,2024,March,Million Cubic Meter,55.830484
Czech Republic,Industrial,2024,March,Million Cubic Meter,165.539585
Czech Republic,Household,2024,March,Million Cubic Meter,503.542415
Czech Republic,Power,2024,April,Million Cubic Meter,43.099619
Czech Republic,Industrial,2024,April,Million Cubic Meter,136.111611
Czech Republic,Household,2024,April,Million Cubic Meter,337.463389
Czech Republic,Power,2024,May,Million Cubic Meter,38.205714
Czech Republic,Industrial,2024,May,Million Cubic Meter,113.956846
Czech Republic,Household,2024,May,Million Cubic Meter,204.881154
Czech Republic,Power,2024,June,Million Cubic Meter,42.048025
Czech Republic,Industrial,2024,June,Million Cubic Meter,118.8955
Czech Republic,Household,2024,June,Million Cubic Meter,188.0005
Czech Republic,Power,2024,July,Million Cubic Meter,30.162762
Czech Republic,Industrial,2024,July,Million Cubic Meter,105.003257
Czech Republic,Household,2024,July,Million Cubic Meter,169.102695
Czech Republic,Power,2024,August,Million Cubic Meter,42.616952
Czech Republic,Industrial,2024,August,Million Cubic Meter,107.612136
Czech Republic,Household,2024,August,Million Cubic Meter,175.281969
Czech Republic,Power,2024,September,Million Cubic Meter,36.263143
Czech Republic,Industrial,2024,September,Million Cubic Meter,123.386471
Czech Republic,Household,2024,September,Million Cubic Meter,212.438529
Czech Republic,Power,2024,October,Million Cubic Meter,55.279069
Czech Republic,Industrial,2024,October,Million Cubic Meter,174.276119
Czech Republic,Household,2024,October,Million Cubic Meter,392.635881
Czech Republic,Power,2024,November,Million Cubic Meter,97.57181
Czech Republic,Industrial,2024,November,Million Cubic Meter,214.40959
Czech Republic,Household,2024,November,Million Cubic Meter,652.19641
Czech Republic,Power,2024,December,Million Cubic Meter,75.091619
Czech Republic,Industrial,2024,December,Million Cubic Meter,197.073255
Czech Republic,Household,2024,December,Million Cubic Meter,753.075745
Czech Republic,Power,2023,January,Million Cubic Meter,72.731838
Czech Republic,Industrial,2023,January,Million Cubic Meter,203.883056
Czech Republic,Household,2023,January,Million Cubic Meter,690.540944
Czech Republic,Power,2023,February,Million Cubic Meter,73.670606
Czech Republic,Industrial,2023,February,Million Cubic Meter,215.371477
Czech Republic,Household,2023,February,Million Cubic Meter,653.240523
Czech Republic,Power,2023,March,Million Cubic Meter,67.840514
Czech Republic,Industrial,2023,March,Million Cubic Meter,200.421214
Czech Republic,Household,2023,March,Million Cubic Meter,576.558786
Czech Republic,Power,2023,April,Million Cubic Meter,42.255678
Czech Republic,Industrial,2023,April,Million Cubic Meter,182.062332
Czech Republic,Household,2023,April,Million Cubic Meter,428.989668
Czech Republic,Power,2023,May,Million Cubic Meter,18.133587
Czech Republic,Industrial,2023,May,Million Cubic Meter,136.416356
Czech Republic,Household,2023,May,Million Cubic Meter,234.331644
Czech Republic,Power,2023,June,Million Cubic Meter,58.666545
Czech Republic,Industrial,2023,June,Million Cubic Meter,128.190118
Czech Republic,Household,2023,June,Million Cubic Meter,193.936882
Czech Republic,Power,2023,July,Million Cubic Meter,55.050901
Czech Republic,Industrial,2023,July,Million Cubic Meter,115.164451
Czech Republic,Household,2023,July,Million Cubic Meter,174.230549
Czech Republic,Power,2023,August,Million Cubic Meter,46.890686
Czech Republic,Industrial,2023,August,Million Cubic Meter,115.313284
Czech Republic,Household,2023,August,Million Cubic Meter,174.455716
Czech Republic,Power,2023,September,Million Cubic Meter,49.558135
Czech Republic,Industrial,2023,September,Million Cubic Meter,117.255276
Czech Republic,Household,2023,September,Million Cubic Meter,192.985724
Czech Republic,Power,2023,October,Million Cubic Meter,49.035947
Czech Republic,Industrial,2023,October,Million Cubic Meter,150.724677
Czech Republic,Household,2023,October,Million Cubic Meter,323.328323
Czech Republic,Power,2023,November,Million Cubic Meter,43.391619
Czech Republic,Industrial,2023,November,Million Cubic Meter,190.214688
Czech Republic,Household,2023,November,Million Cubic Meter,547.197312
Czech Republic,Power,2023,December,Million Cubic Meter,60.048381
Czech Republic,Industrial,2023,December,Million Cubic Meter,193.28393
Czech Republic,Household,2023,December,Million Cubic Meter,693.54707
Czech Republic,Power,2022,January,Million Cubic Meter,127.41944
Czech Republic,Industrial,2022,January,Million Cubic Meter,250.459508
Czech Republic,Household,2022,January,Million Cubic Meter,872.969492
Czech Republic,Power,2022,February,Million Cubic Meter,90.297842
Czech Republic,Industrial,2022,February,Million Cubic Meter,271.341806
Czech Republic,Household,2022,February,Million Cubic Meter,852.087194
Czech Republic,Power,2022,March,Million Cubic Meter,121.836981
Czech Republic,Industrial,2022,March,Million Cubic Meter,226.907477
Czech Republic,Household,2022,March,Million Cubic Meter,673.927745
Czech Republic,Power,2022,April,Million Cubic Meter,59.76239
Czech Republic,Industrial,2022,April,Million Cubic Meter,201.493417
Czech Republic,Household,2022,April,Million Cubic Meter,487.304795
Czech Republic,Power,2022,May,Million Cubic Meter,80.396524
Czech Republic,Industrial,2022,May,Million Cubic Meter,142.55381
Czech Republic,Household,2022,May,Million Cubic Meter,251.75319
Czech Republic,Power,2022,June,Million Cubic Meter,90.731177
Czech Republic,Industrial,2022,June,Million Cubic Meter,133.00509
Czech Republic,Household,2022,June,Million Cubic Meter,206.70091
Czech Republic,Power,2022,July,Million Cubic Meter,63.393438
Czech Republic,Industrial,2022,July,Million Cubic Meter,120.828899
Czech Republic,Household,2022,July,Million Cubic Meter,187.778101
Czech Republic,Power,2022,August,Million Cubic Meter,85.320985
Czech Republic,Industrial,2022,August,Million Cubic Meter,120.720836
Czech Republic,Household,2022,August,Million Cubic Meter,187.610164
Czech Republic,Power,2022,September,Million Cubic Meter,59.296051
Czech Republic,Industrial,2022,September,Million Cubic Meter,145.391949
Czech Republic,Household,2022,September,Million Cubic Meter,245.941051
Czech Republic,Power,2022,October,Million Cubic Meter,66.53497
Czech Republic,Industrial,2022,October,Million Cubic Meter,164.067274
Czech Republic,Household,2022,October,Million Cubic Meter,362.582726
Czech Republic,Power,2022,November,Million Cubic Meter,80.296661
Czech Republic,Industrial,2022,November,Million Cubic Meter,191.503875
Czech Republic,Household,2022,November,Million Cubic Meter,569.852125
Czech Republic,Power,2022,December,Million Cubic Meter,98.652223
Czech Republic,Industrial,2022,December,Million Cubic Meter,207.199593
Czech Republic,Household,2022,December,Million Cubic Meter,767.20733
Czech Republic,Power,2021,January,Million Cubic Meter,118.617328
Czech Republic,Industrial,2021,January,Million Cubic Meter,257.534361
Czech Republic,Household,2021,January,Million Cubic Meter,1021.516639
Czech Republic,Power,2021,February,Million Cubic Meter,103.200659
Czech Republic,Industrial,2021,February,Million Cubic Meter,259.628587
Czech Republic,Household,2021,February,Million Cubic Meter,913.314413
Czech Republic,Power,2021,March,Million Cubic Meter,130.815899
Czech Republic,Industrial,2021,March,Million Cubic Meter,252.757175
Czech Republic,Household,2021,March,Million Cubic Meter,839.783825
Czech Republic,Power,2021,April,Million Cubic Meter,137.323364
Czech Republic,Industrial,2021,April,Million Cubic Meter,239.170469
Czech Republic,Household,2021,April,Million Cubic Meter,642.245531
Czech Republic,Power,2021,May,Million Cubic Meter,46.167061
Czech Republic,Industrial,2021,May,Million Cubic Meter,201.599787
Czech Republic,Household,2021,May,Million Cubic Meter,388.999213
Czech Republic,Power,2021,June,Million Cubic Meter,94.113697
Czech Republic,Industrial,2021,June,Million Cubic Meter,154.281725
Czech Republic,Household,2021,June,Million Cubic Meter,261.182275
Czech Republic,Power,2021,July,Million Cubic Meter,85.288255
Czech Republic,Industrial,2021,July,Million Cubic Meter,146.132865
Czech Republic,Household,2021,July,Million Cubic Meter,247.387135
Czech Republic,Power,2021,August,Million Cubic Meter,45.30375
Czech Republic,Industrial,2021,August,Million Cubic Meter,138.738212
Czech Republic,Household,2021,August,Million Cubic Meter,234.868788
Czech Republic,Power,2021,September,Million Cubic Meter,71.112406
Czech Republic,Industrial,2021,September,Million Cubic Meter,154.048531
Czech Republic,Household,2021,September,Million Cubic Meter,284.401469
Czech Republic,Power,2021,October,Million Cubic Meter,77.360491
Czech Republic,Industrial,2021,October,Million Cubic Meter,205.270107
Czech Republic,Household,2021,October,Million Cubic Meter,499.282893
Czech Republic,Power,2021,November,Million Cubic Meter,124.942632
Czech Republic,Industrial,2021,November,Million Cubic Meter,228.557249
Czech Republic,Household,2021,November,Million Cubic Meter,759.379751
Czech Republic,Power,2021,December,Million Cubic Meter,124.529088
Czech Republic,Industrial,2021,December,Million Cubic Meter,216.015819
Czech Republic,Household,2021,December,Million Cubic Meter,912.900181
Czech Republic,Power,2020,January,Million Cubic Meter,237.256187
Czech Republic,Industrial,2020,January,Million Cubic Meter,237.944079
Czech Republic,Household,2020,January,Million Cubic Meter,979.833921
Czech Republic,Power,2020,February,Million Cubic Meter,102.512337
Czech Republic,Industrial,2020,February,Million Cubic Meter,211.690058
Czech Republic,Household,2020,February,Million Cubic Meter,771.122942
Czech Republic,Power,2020,March,Million Cubic Meter,87.924547
Czech Republic,Industrial,2020,March,Million Cubic Meter,207.233744
Czech Republic,Household,2020,March,Million Cubic Meter,712.203256
Czech Republic,Power,2020,April,Million Cubic Meter,69.567223
Czech Republic,Industrial,2020,April,Million Cubic Meter,154.52635
Czech Republic,Household,2020,April,Million Cubic Meter,427.73065
Czech Republic,Power,2020,May,Million Cubic Meter,76.132669
Czech Republic,Industrial,2020,May,Million Cubic Meter,167.069488
Czech Republic,Household,2020,May,Million Cubic Meter,331.062512
Czech Republic,Power,2020,June,Million Cubic Meter,97.939682
Czech Republic,Industrial,2020,June,Million Cubic Meter,151.146593
Czech Republic,Household,2020,June,Million Cubic Meter,262.509407
Czech Republic,Power,2020,July,Million Cubic Meter,110.45937
Czech Republic,Industrial,2020,July,Million Cubic Meter,155.399756
Czech Republic,Household,2020,July,Million Cubic Meter,269.896244
Czech Republic,Power,2020,August,Million Cubic Meter,83.027859
Czech Republic,Industrial,2020,August,Million Cubic Meter,147.546386
Czech Republic,Household,2020,August,Million Cubic Meter,256.256614
Czech Republic,Power,2020,September,Million Cubic Meter,19.428848
Czech Republic,Industrial,2020,September,Million Cubic Meter,146.712851
Czech Republic,Household,2020,September,Million Cubic Meter,278.059149
Czech Republic,Power,2020,October,Million Cubic Meter,46.294996
Czech Republic,Industrial,2020,October,Million Cubic Meter,213.668424
Czech Republic,Household,2020,October,Million Cubic Meter,535.015576
Czech Republic,Power,2020,November,Million Cubic Meter,105.819958
Czech Republic,Industrial,2020,November,Million Cubic Meter,231.36038
Czech Republic,Household,2020,November,Million Cubic Meter,795.11962
Czech Republic,Power,2020,December,Million Cubic Meter,112.911101
Czech Republic,Industrial,2020,December,Million Cubic Meter,218.376018
Czech Republic,Household,2020,December,Million Cubic Meter,959.538982
Czech Republic,Power,2019,January,Million Cubic Meter,123.828571
Czech Republic,Industrial,2019,January,Million Cubic Meter,256.71
Czech Republic,Household,2019,January,Million Cubic Meter,1033.29
Czech Republic,Power,2019,February,Million Cubic Meter,96.914286
Czech Republic,Industrial,2019,February,Million Cubic Meter,219.876
Czech Republic,Household,2019,February,Million Cubic Meter,784.124
Czech Republic,Power,2019,March,Million Cubic Meter,70.285714
Czech Republic,Industrial,2019,March,Million Cubic Meter,194.421
Czech Republic,Household,2019,March,Million Cubic Meter,654.579
Czech Republic,Power,2019,April,Million Cubic Meter,72.838095
Czech Republic,Industrial,2019,April,Million Cubic Meter,164.359
Czech Republic,Household,2019,April,Million Cubic Meter,446.641
Czech Republic,Power,2019,May,Million Cubic Meter,55.142857
Czech Republic,Industrial,2019,May,Million Cubic Meter,191.874
Czech Republic,Household,2019,May,Million Cubic Meter,374.126
Czech Republic,Power,2019,June,Million Cubic Meter,94.571429
Czech Republic,Industrial,2019,June,Million Cubic Meter,145.017
Czech Republic,Household,2019,June,Million Cubic Meter,247.983
Czech Republic,Power,2019,July,Million Cubic Meter,118.4
Czech Republic,Industrial,2019,July,Million Cubic Meter,147.231
Czech Republic,Household,2019,July,Million Cubic Meter,251.769
Czech Republic,Power,2019,August,Million Cubic Meter,112.533333
Czech Republic,Industrial,2019,August,Million Cubic Meter,145.755
Czech Republic,Household,2019,August,Million Cubic Meter,249.245
Czech Republic,Power,2019,September,Million Cubic Meter,123.409524
Czech Republic,Industrial,2019,September,Million Cubic Meter,169.265
Czech Republic,Household,2019,September,Million Cubic Meter,315.735
Czech Republic,Industrial,2019,October,Million Cubic Meter,208.369
Czech Republic,Household,2019,October,Million Cubic Meter,512.631
Czech Republic,Industrial,2019,November,Million Cubic Meter,208.39
Czech Republic,Household,2019,November,Million Cubic Meter,701.61
Czech Republic,Industrial,2019,December,Million Cubic Meter,199.584
Czech Republic,Household,2019,December,Million Cubic Meter,856.416
Denmark,Power,2024,January,Million Cubic Meter,56.904
Denmark,Industrial,2024,January,Million Cubic Meter,76.44111
Denmark,Household,2024,January,Million Cubic Meter,205.65489
Denmark,Power,2024,February,Million Cubic Meter,40.861714
Denmark,Industrial,2024,February,Million Cubic Meter,57.93564
Denmark,Household,2024,February,Million Cubic Meter,140.320044
Denmark,Power,2024,March,Million Cubic Meter,42.92723
Denmark,Industrial,2024,March,Million Cubic Meter,59.01819
Denmark,Household,2024,March,Million Cubic Meter,132.154087
Denmark,Power,2024,April,Million Cubic Meter,29.293333
Denmark,Industrial,2024,April,Million Cubic Meter,58.489712
Denmark,Household,2024,April,Million Cubic Meter,115.131217
Denmark,Power,2024,May,Million Cubic Meter,17.256381
Denmark,Industrial,2024,May,Million Cubic Meter,51.792491
Denmark,Household,2024,May,Million Cubic Meter,74.099902
Denmark,Power,2024,June,Million Cubic Meter,13.393524
Denmark,Industrial,2024,June,Million Cubic Meter,51.713216
Denmark,Household,2024,June,Million Cubic Meter,67.737763
Denmark,Power,2024,July,Million Cubic Meter,16.517524
Denmark,Industrial,2024,July,Million Cubic Meter,43.741805
Denmark,Household,2024,July,Million Cubic Meter,53.262671
Denmark,Power,2024,August,Million Cubic Meter,16.892
Denmark,Industrial,2024,August,Million Cubic Meter,47.426964
Denmark,Household,2024,August,Million Cubic Meter,58.767036
Denmark,Power,2024,September,Million Cubic Meter,15.534857
Denmark,Industrial,2024,September,Million Cubic Meter,48.452913
Denmark,Household,2024,September,Million Cubic Meter,68.64523
Denmark,Power,2024,October,Million Cubic Meter,25.417097
Denmark,Industrial,2024,October,Million Cubic Meter,52.073114
Denmark,Household,2024,October,Million Cubic Meter,91.329506
Denmark,Power,2024,November,Million Cubic Meter,38.979048
Denmark,Industrial,2024,November,Million Cubic Meter,59.679654
Denmark,Household,2024,November,Million Cubic Meter,144.09745
Denmark,Power,2024,December,Million Cubic Meter,39.210476
Denmark,Industrial,2024,December,Million Cubic Meter,55.021924
Denmark,Household,2024,December,Million Cubic Meter,161.1016
Denmark,Power,2023,January,Million Cubic Meter,51.022032
Denmark,Industrial,2023,January,Million Cubic Meter,60.786864
Denmark,Household,2023,January,Million Cubic Meter,146.191104
Denmark,Power,2023,February,Million Cubic Meter,47.168061
Denmark,Industrial,2023,February,Million Cubic Meter,60.323488
Denmark,Household,2023,February,Million Cubic Meter,128.508451
Denmark,Power,2023,March,Million Cubic Meter,47.91585
Denmark,Industrial,2023,March,Million Cubic Meter,64.277136
Denmark,Household,2023,March,Million Cubic Meter,134.717759
Denmark,Power,2023,April,Million Cubic Meter,32.307846
Denmark,Industrial,2023,April,Million Cubic Meter,53.175792
Denmark,Household,2023,April,Million Cubic Meter,92.047228
Denmark,Power,2023,May,Million Cubic Meter,22.660842
Denmark,Industrial,2023,May,Million Cubic Meter,53.336336
Denmark,Household,2023,May,Million Cubic Meter,68.884333
Denmark,Power,2023,June,Million Cubic Meter,13.562345
Denmark,Industrial,2023,June,Million Cubic Meter,52.017615
Denmark,Household,2023,June,Million Cubic Meter,66.680575
Denmark,Power,2023,July,Million Cubic Meter,14.20761
Denmark,Industrial,2023,July,Million Cubic Meter,51.632299
Denmark,Household,2023,July,Million Cubic Meter,68.160091
Denmark,Power,2023,August,Million Cubic Meter,14.71152
Denmark,Industrial,2023,August,Million Cubic Meter,59.218768
Denmark,Household,2023,August,Million Cubic Meter,72.069712
Denmark,Power,2023,September,Million Cubic Meter,14.797179
Denmark,Industrial,2023,September,Million Cubic Meter,47.535826
Denmark,Household,2023,September,Million Cubic Meter,68.346469
Denmark,Power,2023,October,Million Cubic Meter,22.468465
Denmark,Industrial,2023,October,Million Cubic Meter,60.563088
Denmark,Household,2023,October,Million Cubic Meter,102.968447
Denmark,Power,2023,November,Million Cubic Meter,43.125358
Denmark,Industrial,2023,November,Million Cubic Meter,66.402
Denmark,Household,2023,November,Million Cubic Meter,140.472642
Denmark,Power,2023,December,Million Cubic Meter,44.812
Denmark,Industrial,2023,December,Million Cubic Meter,62.267808
Denmark,Household,2023,December,Million Cubic Meter,168.920192
Denmark,Power,2022,January,Million Cubic Meter,52.085242
Denmark,Industrial,2022,January,Million Cubic Meter,66.526757
Denmark,Household,2022,January,Million Cubic Meter,178.409884
Denmark,Power,2022,February,Million Cubic Meter,38.390819
Denmark,Industrial,2022,February,Million Cubic Meter,63.101113
Denmark,Household,2022,February,Million Cubic Meter,155.561068
Denmark,Power,2022,March,Million Cubic Meter,46.284208
Denmark,Industrial,2022,March,Million Cubic Meter,66.884688
Denmark,Household,2022,March,Million Cubic Meter,149.701267
Denmark,Power,2022,April,Million Cubic Meter,31.09172
Denmark,Industrial,2022,April,Million Cubic Meter,58.092425
Denmark,Household,2022,April,Million Cubic Meter,107.560126
Denmark,Power,2022,May,Million Cubic Meter,26.94884
Denmark,Industrial,2022,May,Million Cubic Meter,56.195261
Denmark,Household,2022,May,Million Cubic Meter,70.099243
Denmark,Power,2022,June,Million Cubic Meter,22.276084
Denmark,Industrial,2022,June,Million Cubic Meter,54.315701
Denmark,Household,2022,June,Million Cubic Meter,60.104411
Denmark,Power,2022,July,Million Cubic Meter,19.315114
Denmark,Industrial,2022,July,Million Cubic Meter,46.868385
Denmark,Household,2022,July,Million Cubic Meter,51.48034
Denmark,Power,2022,August,Million Cubic Meter,19.49743
Denmark,Industrial,2022,August,Million Cubic Meter,48.128079
Denmark,Household,2022,August,Million Cubic Meter,53.243372
Denmark,Power,2022,September,Million Cubic Meter,22.531886
Denmark,Industrial,2022,September,Million Cubic Meter,49.246003
Denmark,Household,2022,September,Million Cubic Meter,58.520948
Denmark,Power,2022,October,Million Cubic Meter,32.349804
Denmark,Industrial,2022,October,Million Cubic Meter,49.471142
Denmark,Household,2022,October,Million Cubic Meter,74.241068
Denmark,Power,2022,November,Million Cubic Meter,35.096349
Denmark,Industrial,2022,November,Million Cubic Meter,49.100101
Denmark,Household,2022,November,Million Cubic Meter,108.045259
Denmark,Power,2022,December,Million Cubic Meter,61.574655
Denmark,Industrial,2022,December,Million Cubic Meter,59.646406
Denmark,Household,2022,December,Million Cubic Meter,157.229821
Denmark,Power,2021,January,Million Cubic Meter,71.639655
Denmark,Industrial,2021,January,Million Cubic Meter,83.762887
Denmark,Household,2021,January,Million Cubic Meter,236.33234
Denmark,Power,2021,February,Million Cubic Meter,63.920495
Denmark,Industrial,2021,February,Million Cubic Meter,87.060097
Denmark,Household,2021,February,Million Cubic Meter,221.192433
Denmark,Power,2021,March,Million Cubic Meter,54.186375
Denmark,Industrial,2021,March,Million Cubic Meter,75.613039
Denmark,Household,2021,March,Million Cubic Meter,179.498875
Denmark,Power,2021,April,Million Cubic Meter,43.742354
Denmark,Industrial,2021,April,Million Cubic Meter,71.324321
Denmark,Household,2021,April,Million Cubic Meter,134.945896
Denmark,Power,2021,May,Million Cubic Meter,41.707371
Denmark,Industrial,2021,May,Million Cubic Meter,74.984999
Denmark,Household,2021,May,Million Cubic Meter,93.758225
Denmark,Power,2021,June,Million Cubic Meter,23.65588
Denmark,Industrial,2021,June,Million Cubic Meter,57.799368
Denmark,Household,2021,June,Million Cubic Meter,67.629467
Denmark,Power,2021,July,Million Cubic Meter,18.738684
Denmark,Industrial,2021,July,Million Cubic Meter,50.636026
Denmark,Household,2021,July,Million Cubic Meter,60.92123
Denmark,Power,2021,August,Million Cubic Meter,19.188316
Denmark,Industrial,2021,August,Million Cubic Meter,59.155813
Denmark,Household,2021,August,Million Cubic Meter,74.069641
Denmark,Power,2021,September,Million Cubic Meter,22.217629
Denmark,Industrial,2021,September,Million Cubic Meter,58.594486
Denmark,Household,2021,September,Million Cubic Meter,78.604468
Denmark,Power,2021,October,Million Cubic Meter,33.683966
Denmark,Industrial,2021,October,Million Cubic Meter,62.731985
Denmark,Household,2021,October,Million Cubic Meter,108.349903
Denmark,Power,2021,November,Million Cubic Meter,47.689288
Denmark,Industrial,2021,November,Million Cubic Meter,63.497653
Denmark,Household,2021,November,Million Cubic Meter,147.891308
Denmark,Power,2021,December,Million Cubic Meter,58.937419
Denmark,Industrial,2021,December,Million Cubic Meter,68.557108
Denmark,Household,2021,December,Million Cubic Meter,208.14939
Denmark,Power,2020,January,Million Cubic Meter,86.583642
Denmark,Industrial,2020,January,Million Cubic Meter,61.963664
Denmark,Household,2020,January,Million Cubic Meter,155.725028
Denmark,Power,2020,February,Million Cubic Meter,33.404575
Denmark,Industrial,2020,February,Million Cubic Meter,67.217423
Denmark,Household,2020,February,Million Cubic Meter,199.727813
Denmark,Power,2020,March,Million Cubic Meter,35.611457
Denmark,Industrial,2020,March,Million Cubic Meter,69.553373
Denmark,Household,2020,March,Million Cubic Meter,190.33417
Denmark,Power,2020,April,Million Cubic Meter,26.485752
Denmark,Industrial,2020,April,Million Cubic Meter,61.667614
Denmark,Household,2020,April,Million Cubic Meter,136.305377
Denmark,Power,2020,May,Million Cubic Meter,24.947444
Denmark,Industrial,2020,May,Million Cubic Meter,66.665612
Denmark,Household,2020,May,Million Cubic Meter,101.29614
Denmark,Power,2020,June,Million Cubic Meter,18.878613
Denmark,Industrial,2020,June,Million Cubic Meter,63.03696
Denmark,Household,2020,June,Million Cubic Meter,85.808369
Denmark,Power,2020,July,Million Cubic Meter,17.371269
Denmark,Industrial,2020,July,Million Cubic Meter,50.63597
Denmark,Household,2020,July,Million Cubic Meter,66.886761
Denmark,Power,2020,August,Million Cubic Meter,15.777366
Denmark,Industrial,2020,August,Million Cubic Meter,54.530252
Denmark,Household,2020,August,Million Cubic Meter,74.351505
Denmark,Power,2020,September,Million Cubic Meter,20.771101
Denmark,Industrial,2020,September,Million Cubic Meter,62.368964
Denmark,Household,2020,September,Million Cubic Meter,91.893703
Denmark,Power,2020,October,Million Cubic Meter,26.735808
Denmark,Industrial,2020,October,Million Cubic Meter,67.978929
Denmark,Household,2020,October,Million Cubic Meter,135.427769
Denmark,Power,2020,November,Million Cubic Meter,33.027086
Denmark,Industrial,2020,November,Million Cubic Meter,64.82671
Denmark,Household,2020,November,Million Cubic Meter,178.506909
Denmark,Power,2020,December,Million Cubic Meter,51.494619
Denmark,Industrial,2020,December,Million Cubic Meter,64.514064
Denmark,Household,2020,December,Million Cubic Meter,216.529658
Denmark,Power,2019,January,Million Cubic Meter,62.885714
Denmark,Industrial,2019,January,Million Cubic Meter,73.875645
Denmark,Household,2019,January,Million Cubic Meter,268.238641
Denmark,Power,2019,February,Million Cubic Meter,46.697143
Denmark,Industrial,2019,February,Million Cubic Meter,66.531985
Denmark,Household,2019,February,Million Cubic Meter,205.341613
Denmark,Power,2019,March,Million Cubic Meter,39.826667
Denmark,Industrial,2019,March,Million Cubic Meter,68.126895
Denmark,Household,2019,March,Million Cubic Meter,205.901725
Denmark,Power,2019,April,Million Cubic Meter,25.817143
Denmark,Industrial,2019,April,Million Cubic Meter,58.590725
Denmark,Household,2019,April,Million Cubic Meter,148.37156
Denmark,Power,2019,May,Million Cubic Meter,22.057143
Denmark,Industrial,2019,May,Million Cubic Meter,69.18803
Denmark,Household,2019,May,Million Cubic Meter,127.690468
Denmark,Power,2019,June,Million Cubic Meter,14.091429
Denmark,Industrial,2019,June,Million Cubic Meter,57.795076
Denmark,Household,2019,June,Million Cubic Meter,92.113495
Denmark,Power,2019,July,Million Cubic Meter,14.6
Denmark,Industrial,2019,July,Million Cubic Meter,57.090258
Denmark,Household,2019,July,Million Cubic Meter,90.309742
Denmark,Power,2019,August,Million Cubic Meter,16.32
Denmark,Industrial,2019,August,Million Cubic Meter,63.081211
Denmark,Household,2019,August,Million Cubic Meter,99.598789
Denmark,Power,2019,September,Million Cubic Meter,16.554286
Denmark,Industrial,2019,September,Million Cubic Meter,63.490119
Denmark,Household,2019,September,Million Cubic Meter,110.955595
Denmark,Power,2019,October,Million Cubic Meter,34.52381
Denmark,Industrial,2019,October,Million Cubic Meter,71.95869
Denmark,Household,2019,October,Million Cubic Meter,160.470578
Denmark,Power,2019,November,Million Cubic Meter,42.034
Denmark,Industrial,2019,November,Million Cubic Meter,68.183289
Denmark,Household,2019,November,Million Cubic Meter,210.783187
Denmark,Power,2019,December,Million Cubic Meter,38.951
Denmark,Industrial,2019,December,Million Cubic Meter,55.323117
Denmark,Household,2019,December,Million Cubic Meter,226.609026
Finland,Power,2024,January,Million Cubic Meter,49.044762
Finland,Industrial,2024,January,Million Cubic Meter,70.506195
Finland,Household,2024,January,Million Cubic Meter,111.084879
Finland,Power,2024,February,Million Cubic Meter,38.282238
Finland,Industrial,2024,February,Million Cubic Meter,67.733641
Finland,Household,2024,February,Million Cubic Meter,98.260287
Finland,Power,2024,March,Million Cubic Meter,39.323371
Finland,Industrial,2024,March,Million Cubic Meter,60.482236
Finland,Household,2024,March,Million Cubic Meter,72.595393
Finland,Power,2024,April,Million Cubic Meter,28.177048
Finland,Industrial,2024,April,Million Cubic Meter,45.792403
Finland,Household,2024,April,Million Cubic Meter,49.61755
Finland,Power,2024,May,Million Cubic Meter,9.313952
Finland,Industrial,2024,May,Million Cubic Meter,49.32972
Finland,Household,2024,May,Million Cubic Meter,48.403328
Finland,Power,2024,June,Million Cubic Meter,7.671714
Finland,Industrial,2024,June,Million Cubic Meter,65.064566
Finland,Household,2024,June,Million Cubic Meter,62.737281
Finland,Power,2024,July,Million Cubic Meter,5.402286
Finland,Industrial,2024,July,Million Cubic Meter,65.102763
Finland,Household,2024,July,Million Cubic Meter,63.391406
Finland,Power,2024,August,Million Cubic Meter,4.413095
Finland,Industrial,2024,August,Million Cubic Meter,50.798708
Finland,Household,2024,August,Million Cubic Meter,50.902367
Finland,Power,2024,September,Million Cubic Meter,7.231381
Finland,Industrial,2024,September,Million Cubic Meter,61.418186
Finland,Household,2024,September,Million Cubic Meter,66.2534
Finland,Power,2024,October,Million Cubic Meter,12.681642
Finland,Industrial,2024,October,Million Cubic Meter,62.604085
Finland,Household,2024,October,Million Cubic Meter,77.101274
Finland,Power,2024,November,Million Cubic Meter,15.759429
Finland,Industrial,2024,November,Million Cubic Meter,36.690723
Finland,Household,2024,November,Million Cubic Meter,55.036848
Finland,Power,2024,December,Million Cubic Meter,17.53219
Finland,Industrial,2024,December,Million Cubic Meter,51.343166
Finland,Household,2024,December,Million Cubic Meter,101.501644
Finland,Power,2023,January,Million Cubic Meter,31.98339
Finland,Industrial,2023,January,Million Cubic Meter,37.893318
Finland,Household,2023,January,Million Cubic Meter,64.796685
Finland,Power,2023,February,Million Cubic Meter,39.773434
Finland,Industrial,2023,February,Million Cubic Meter,44.824948
Finland,Household,2023,February,Million Cubic Meter,64.411158
Finland,Power,2023,March,Million Cubic Meter,35.18353
Finland,Industrial,2023,March,Million Cubic Meter,38.915144
Finland,Household,2023,March,Million Cubic Meter,59.653326
Finland,Power,2023,April,Million Cubic Meter,31.51845
Finland,Industrial,2023,April,Million Cubic Meter,25.487121
Finland,Household,2023,April,Million Cubic Meter,20.006429
Finland,Power,2023,May,Million Cubic Meter,25.098978
Finland,Industrial,2023,May,Million Cubic Meter,56.009507
Finland,Household,2023,May,Million Cubic Meter,58.583514
Finland,Power,2023,June,Million Cubic Meter,22.942299
Finland,Industrial,2023,June,Million Cubic Meter,43.057076
Finland,Household,2023,June,Million Cubic Meter,33.912625
Finland,Power,2023,July,Million Cubic Meter,22.332649
Finland,Industrial,2023,July,Million Cubic Meter,48.590474
Finland,Household,2023,July,Million Cubic Meter,41.828876
Finland,Power,2023,August,Million Cubic Meter,24.295139
Finland,Industrial,2023,August,Million Cubic Meter,62.111147
Finland,Household,2023,August,Million Cubic Meter,52.111204
Finland,Power,2023,September,Million Cubic Meter,21.333721
Finland,Industrial,2023,September,Million Cubic Meter,50.971082
Finland,Household,2023,September,Million Cubic Meter,47.00197
Finland,Power,2023,October,Million Cubic Meter,20.113187
Finland,Industrial,2023,October,Million Cubic Meter,104.548005
Finland,Household,2023,October,Million Cubic Meter,173.238808
Finland,Power,2023,November,Million Cubic Meter,28.014381
Finland,Industrial,2023,November,Million Cubic Meter,47.314812
Finland,Household,2023,November,Million Cubic Meter,82.625781
Finland,Power,2023,December,Million Cubic Meter,41.619048
Finland,Industrial,2023,December,Million Cubic Meter,50.990247
Finland,Household,2023,December,Million Cubic Meter,102.108666
Finland,Power,2022,January,Million Cubic Meter,44.520088
Finland,Industrial,2022,January,Million Cubic Meter,74.549124
Finland,Household,2022,January,Million Cubic Meter,59.825788
Finland,Power,2022,February,Million Cubic Meter,33.433657
Finland,Industrial,2022,February,Million Cubic Meter,65.462144
Finland,Household,2022,February,Million Cubic Meter,50.999198
Finland,Power,2022,March,Million Cubic Meter,34.216103
Finland,Industrial,2022,March,Million Cubic Meter,72.518291
Finland,Household,2022,March,Million Cubic Meter,55.600606
Finland,Power,2022,April,Million Cubic Meter,20.696581
Finland,Industrial,2022,April,Million Cubic Meter,46.771358
Finland,Household,2022,April,Million Cubic Meter,28.627061
Finland,Power,2022,May,Million Cubic Meter,26.45944
Finland,Industrial,2022,May,Million Cubic Meter,57.283704
Finland,Household,2022,May,Million Cubic Meter,19.151856
Finland,Power,2022,June,Million Cubic Meter,23.03825
Finland,Industrial,2022,June,Million Cubic Meter,54.872988
Finland,Household,2022,June,Million Cubic Meter,15.613762
Finland,Power,2022,July,Million Cubic Meter,26.621377
Finland,Industrial,2022,July,Million Cubic Meter,49.76383
Finland,Household,2022,July,Million Cubic Meter,8.431793
Finland,Power,2022,August,Million Cubic Meter,21.04119
Finland,Industrial,2022,August,Million Cubic Meter,59.197114
Finland,Household,2022,August,Million Cubic Meter,20.656695
Finland,Power,2022,September,Million Cubic Meter,16.39716
Finland,Industrial,2022,September,Million Cubic Meter,41.83357
Finland,Household,2022,September,Million Cubic Meter,15.58627
Finland,Power,2022,October,Million Cubic Meter,25.540044
Finland,Industrial,2022,October,Million Cubic Meter,35.086306
Finland,Household,2022,October,Million Cubic Meter,8.61565
Finland,Power,2022,November,Million Cubic Meter,34.484343
Finland,Industrial,2022,November,Million Cubic Meter,35.243974
Finland,Household,2022,November,Million Cubic Meter,9.166683
Finland,Power,2022,December,Million Cubic Meter,35.24792
Finland,Industrial,2022,December,Million Cubic Meter,36.236718
Finland,Household,2022,December,Million Cubic Meter,17.610362
Finland,Power,2021,January,Million Cubic Meter,120.090672
Finland,Industrial,2021,January,Million Cubic Meter,91.802672
Finland,Household,2021,January,Million Cubic Meter,147.006656
Finland,Power,2021,February,Million Cubic Meter,114.00055
Finland,Industrial,2021,February,Million Cubic Meter,99.256461
Finland,Household,2021,February,Million Cubic Meter,146.642988
Finland,Power,2021,March,Million Cubic Meter,106.872579
Finland,Industrial,2021,March,Million Cubic Meter,76.562873
Finland,Household,2021,March,Million Cubic Meter,84.464548
Finland,Power,2021,April,Million Cubic Meter,70.180813
Finland,Industrial,2021,April,Million Cubic Meter,74.247313
Finland,Household,2021,April,Million Cubic Meter,83.471874
Finland,Power,2021,May,Million Cubic Meter,45.978276
Finland,Industrial,2021,May,Million Cubic Meter,40.330899
Finland,Household,2021,May,Million Cubic Meter,15.590825
Finland,Power,2021,June,Million Cubic Meter,37.373661
Finland,Industrial,2021,June,Million Cubic Meter,51.049972
Finland,Household,2021,June,Million Cubic Meter,31.471367
Finland,Power,2021,July,Million Cubic Meter,36.946554
Finland,Industrial,2021,July,Million Cubic Meter,65.101009
Finland,Household,2021,July,Million Cubic Meter,50.847437
Finland,Power,2021,August,Million Cubic Meter,39.844916
Finland,Industrial,2021,August,Million Cubic Meter,60.843119
Finland,Household,2021,August,Million Cubic Meter,42.206965
Finland,Power,2021,September,Million Cubic Meter,42.4666
Finland,Industrial,2021,September,Million Cubic Meter,70.970467
Finland,Household,2021,September,Million Cubic Meter,61.457933
Finland,Power,2021,October,Million Cubic Meter,40.204272
Finland,Industrial,2021,October,Million Cubic Meter,50.794675
Finland,Household,2021,October,Million Cubic Meter,55.896052
Finland,Power,2021,November,Million Cubic Meter,47.09133
Finland,Industrial,2021,November,Million Cubic Meter,31.692571
Finland,Household,2021,November,Million Cubic Meter,32.111099
Finland,Power,2021,December,Million Cubic Meter,93.125476
Finland,Industrial,2021,December,Million Cubic Meter,62.650387
Finland,Household,2021,December,Million Cubic Meter,99.119137
Finland,Power,2020,January,Million Cubic Meter,190.386594
Finland,Industrial,2020,January,Million Cubic Meter,58.41387
Finland,Household,2020,January,Million Cubic Meter,6.199536
Finland,Power,2020,February,Million Cubic Meter,79.673484
Finland,Industrial,2020,February,Million Cubic Meter,57.411557
Finland,Household,2020,February,Million Cubic Meter,93.414959
Finland,Power,2020,March,Million Cubic Meter,79.552099
Finland,Industrial,2020,March,Million Cubic Meter,61.789149
Finland,Household,2020,March,Million Cubic Meter,97.158752
Finland,Power,2020,April,Million Cubic Meter,55.11137
Finland,Industrial,2020,April,Million Cubic Meter,54.730542
Finland,Household,2020,April,Million Cubic Meter,73.158088
Finland,Power,2020,May,Million Cubic Meter,56.202356
Finland,Industrial,2020,May,Million Cubic Meter,60.528136
Finland,Household,2020,May,Million Cubic Meter,47.269508
Finland,Power,2020,June,Million Cubic Meter,44.942267
Finland,Industrial,2020,June,Million Cubic Meter,66.246284
Finland,Household,2020,June,Million Cubic Meter,54.811449
Finland,Power,2020,July,Million Cubic Meter,32.808682
Finland,Industrial,2020,July,Million Cubic Meter,61.85647
Finland,Household,2020,July,Million Cubic Meter,60.334848
Finland,Power,2020,August,Million Cubic Meter,47.598665
Finland,Industrial,2020,August,Million Cubic Meter,67.443506
Finland,Household,2020,August,Million Cubic Meter,53.957829
Finland,Power,2020,September,Million Cubic Meter,67.963781
Finland,Industrial,2020,September,Million Cubic Meter,76.952022
Finland,Household,2020,September,Million Cubic Meter,58.084197
Finland,Power,2020,October,Million Cubic Meter,81.294619
Finland,Industrial,2020,October,Million Cubic Meter,64.612485
Finland,Household,2020,October,Million Cubic Meter,56.592896
Finland,Power,2020,November,Million Cubic Meter,60.24235
Finland,Industrial,2020,November,Million Cubic Meter,54.276003
Finland,Household,2020,November,Million Cubic Meter,94.981646
Finland,Power,2020,December,Million Cubic Meter,90.502672
Finland,Industrial,2020,December,Million Cubic Meter,55.754333
Finland,Household,2020,December,Million Cubic Meter,108.242995
Finland,Power,2019,January,Million Cubic Meter,143.198095
Finland,Industrial,2019,January,Million Cubic Meter,82.250496
Finland,Household,2019,January,Million Cubic Meter,158.551409
Finland,Power,2019,February,Million Cubic Meter,113.424762
Finland,Industrial,2019,February,Million Cubic Meter,65.105932
Finland,Household,2019,February,Million Cubic Meter,99.469306
Finland,Power,2019,March,Million Cubic Meter,89.588571
Finland,Industrial,2019,March,Million Cubic Meter,65.688186
Finland,Household,2019,March,Million Cubic Meter,113.723243
Finland,Power,2019,April,Million Cubic Meter,46.232381
Finland,Industrial,2019,April,Million Cubic Meter,60.533322
Finland,Household,2019,April,Million Cubic Meter,106.234297
Finland,Power,2019,May,Million Cubic Meter,26.36381
Finland,Industrial,2019,May,Million Cubic Meter,54.90007
Finland,Household,2019,May,Million Cubic Meter,73.73612
Finland,Power,2019,June,Million Cubic Meter,13.573333
Finland,Industrial,2019,June,Million Cubic Meter,59.55007
Finland,Household,2019,June,Million Cubic Meter,81.876597
Finland,Power,2019,July,Million Cubic Meter,22.097143
Finland,Industrial,2019,July,Million Cubic Meter,58.781682
Finland,Household,2019,July,Million Cubic Meter,72.121175
Finland,Power,2019,August,Million Cubic Meter,20.952
Finland,Industrial,2019,August,Million Cubic Meter,57.6291
Finland,Household,2019,August,Million Cubic Meter,71.418519
Finland,Power,2019,September,Million Cubic Meter,44.571
Finland,Industrial,2019,September,Million Cubic Meter,61.91298
Finland,Household,2019,September,Million Cubic Meter,63.515591
Finland,Power,2019,October,Million Cubic Meter,65.143
Finland,Industrial,2019,October,Million Cubic Meter,63.272352
Finland,Household,2019,October,Million Cubic Meter,79.584791
Finland,Power,2019,November,Million Cubic Meter,71.429
Finland,Industrial,2019,November,Million Cubic Meter,50.792352
Finland,Household,2019,November,Million Cubic Meter,85.779077
Finland,Power,2019,December,Million Cubic Meter,79.048
Finland,Industrial,2019,December,Million Cubic Meter,46.147844
Finland,Household,2019,December,Million Cubic Meter,100.804537
France,Power,2024,January,Million Cubic Meter,372
France,Industrial,2024,January,Million Cubic Meter,1068
France,Household,2024,January,Million Cubic Meter,3839
France,Power,2024,February,Million Cubic Meter,155
France,Industrial,2024,February,Million Cubic Meter,922
France,Household,2024,February,Million Cubic Meter,2670
France,Power,2024,March,Million Cubic Meter,165
France,Industrial,2024,March,Million Cubic Meter,920
France,Household,2024,March,Million Cubic Meter,2441
France,Power,2024,April,Million Cubic Meter,46
France,Industrial,2024,April,Million Cubic Meter,757
France,Household,2024,April,Million Cubic Meter,1708
France,Power,2024,May,Million Cubic Meter,8
France,Industrial,2024,May,Million Cubic Meter,750
France,Household,2024,May,Million Cubic Meter,1002
France,Power,2024,June,Million Cubic Meter,20
France,Industrial,2024,June,Million Cubic Meter,702
France,Household,2024,June,Million Cubic Meter,725
France,Power,2024,July,Million Cubic Meter,50
France,Industrial,2024,July,Million Cubic Meter,707
France,Household,2024,July,Million Cubic Meter,617
France,Power,2024,August,Million Cubic Meter,55
France,Industrial,2024,August,Million Cubic Meter,621
France,Household,2024,August,Million Cubic Meter,443
France,Power,2024,September,Million Cubic Meter,63
France,Industrial,2024,September,Million Cubic Meter,748
France,Household,2024,September,Million Cubic Meter,726
France,Power,2024,October,Million Cubic Meter,59
France,Industrial,2024,October,Million Cubic Meter,843
France,Household,2024,October,Million Cubic Meter,1262
France,Power,2024,November,Million Cubic Meter,282
France,Industrial,2024,November,Million Cubic Meter,955
France,Household,2024,November,Million Cubic Meter,2543
France,Power,2024,December,Million Cubic Meter,226
France,Industrial,2024,December,Million Cubic Meter,1005
France,Household,2024,December,Million Cubic Meter,3364
France,Power,2023,January,Million Cubic Meter,428
France,Industrial,2023,January,Million Cubic Meter,997
France,Household,2023,January,Million Cubic Meter,3671
France,Power,2023,February,Million Cubic Meter,555
France,Industrial,2023,February,Million Cubic Meter,951
France,Household,2023,February,Million Cubic Meter,3130
France,Power,2023,March,Million Cubic Meter,333
France,Industrial,2023,March,Million Cubic Meter,957
France,Household,2023,March,Million Cubic Meter,2728
France,Power,2023,April,Million Cubic Meter,288
France,Industrial,2023,April,Million Cubic Meter,744
France,Household,2023,April,Million Cubic Meter,1874
France,Power,2023,May,Million Cubic Meter,162
France,Industrial,2023,May,Million Cubic Meter,709
France,Household,2023,May,Million Cubic Meter,937
France,Power,2023,June,Million Cubic Meter,266
France,Industrial,2023,June,Million Cubic Meter,661
France,Household,2023,June,Million Cubic Meter,598
France,Power,2023,July,Million Cubic Meter,267
France,Industrial,2023,July,Million Cubic Meter,660
France,Household,2023,July,Million Cubic Meter,544
France,Power,2023,August,Million Cubic Meter,232
France,Industrial,2023,August,Million Cubic Meter,625
France,Household,2023,August,Million Cubic Meter,501
France,Power,2023,September,Million Cubic Meter,189
France,Industrial,2023,September,Million Cubic Meter,699
France,Household,2023,September,Million Cubic Meter,602
France,Power,2023,October,Million Cubic Meter,167
France,Industrial,2023,October,Million Cubic Meter,863
France,Household,2023,October,Million Cubic Meter,1070
France,Power,2023,November,Million Cubic Meter,264
France,Industrial,2023,November,Million Cubic Meter,992
France,Household,2023,November,Million Cubic Meter,2522
France,Power,2023,December,Million Cubic Meter,274
France,Industrial,2023,December,Million Cubic Meter,1041
France,Household,2023,December,Million Cubic Meter,3126
France,Power,2022,January,Million Cubic Meter,555
France,Industrial,2022,January,Million Cubic Meter,1226
France,Household,2022,January,Million Cubic Meter,4382
France,Power,2022,February,Million Cubic Meter,343
France,Industrial,2022,February,Million Cubic Meter,1028
France,Household,2022,February,Million Cubic Meter,3252
France,Power,2022,March,Million Cubic Meter,565
France,Industrial,2022,March,Million Cubic Meter,987
France,Household,2022,March,Million Cubic Meter,2784
France,Power,2022,April,Million Cubic Meter,487
France,Industrial,2022,April,Million Cubic Meter,831
France,Household,2022,April,Million Cubic Meter,1959
France,Power,2022,May,Million Cubic Meter,432
France,Industrial,2022,May,Million Cubic Meter,804
France,Household,2022,May,Million Cubic Meter,866
France,Power,2022,June,Million Cubic Meter,366
France,Industrial,2022,June,Million Cubic Meter,743
France,Household,2022,June,Million Cubic Meter,664
France,Power,2022,July,Million Cubic Meter,475
France,Industrial,2022,July,Million Cubic Meter,734
France,Household,2022,July,Million Cubic Meter,566
France,Power,2022,August,Million Cubic Meter,442
France,Industrial,2022,August,Million Cubic Meter,675
France,Household,2022,August,Million Cubic Meter,506
France,Power,2022,September,Million Cubic Meter,479
France,Industrial,2022,September,Million Cubic Meter,783
France,Household,2022,September,Million Cubic Meter,786
France,Power,2022,October,Million Cubic Meter,571
France,Industrial,2022,October,Million Cubic Meter,849
France,Household,2022,October,Million Cubic Meter,1020
France,Power,2022,November,Million Cubic Meter,535
France,Industrial,2022,November,Million Cubic Meter,965
France,Household,2022,November,Million Cubic Meter,2284
France,Power,2022,December,Million Cubic Meter,513
France,Industrial,2022,December,Million Cubic Meter,1066
France,Household,2022,December,Million Cubic Meter,3677
France,Power,2021,January,Million Cubic Meter,471
France,Industrial,2021,January,Million Cubic Meter,1300
France,Household,2021,January,Million Cubic Meter,4549
France,Power,2021,February,Million Cubic Meter,334
France,Industrial,2021,February,Million Cubic Meter,1110
France,Household,2021,February,Million Cubic Meter,3489
France,Power,2021,March,Million Cubic Meter,354
France,Industrial,2021,March,Million Cubic Meter,1158
France,Household,2021,March,Million Cubic Meter,3320
France,Power,2021,April,Million Cubic Meter,427
France,Industrial,2021,April,Million Cubic Meter,967
France,Household,2021,April,Million Cubic Meter,2358
France,Power,2021,May,Million Cubic Meter,130
France,Industrial,2021,May,Million Cubic Meter,928
France,Household,2021,May,Million Cubic Meter,1642
France,Power,2021,June,Million Cubic Meter,197
France,Industrial,2021,June,Million Cubic Meter,841
France,Household,2021,June,Million Cubic Meter,708
France,Power,2021,July,Million Cubic Meter,189
France,Industrial,2021,July,Million Cubic Meter,816
France,Household,2021,July,Million Cubic Meter,665
France,Power,2021,August,Million Cubic Meter,67
France,Industrial,2021,August,Million Cubic Meter,771
France,Household,2021,August,Million Cubic Meter,584
France,Power,2021,September,Million Cubic Meter,225
France,Industrial,2021,September,Million Cubic Meter,836
France,Household,2021,September,Million Cubic Meter,748
France,Power,2021,October,Million Cubic Meter,258
France,Industrial,2021,October,Million Cubic Meter,964
France,Household,2021,October,Million Cubic Meter,1835
France,Power,2021,November,Million Cubic Meter,566
France,Industrial,2021,November,Million Cubic Meter,1180
France,Household,2021,November,Million Cubic Meter,3439
France,Power,2021,December,Million Cubic Meter,515
France,Industrial,2021,December,Million Cubic Meter,1224
France,Household,2021,December,Million Cubic Meter,3936
France,Power,2020,January,Million Cubic Meter,569
France,Industrial,2020,January,Million Cubic Meter,1301
France,Household,2020,January,Million Cubic Meter,3954
France,Power,2020,February,Million Cubic Meter,309
France,Industrial,2020,February,Million Cubic Meter,1156
France,Household,2020,February,Million Cubic Meter,3217
France,Power,2020,March,Million Cubic Meter,283
France,Industrial,2020,March,Million Cubic Meter,1102
France,Household,2020,March,Million Cubic Meter,3019
France,Power,2020,April,Million Cubic Meter,21
France,Industrial,2020,April,Million Cubic Meter,814
France,Household,2020,April,Million Cubic Meter,1369
France,Power,2020,May,Million Cubic Meter,144
France,Industrial,2020,May,Million Cubic Meter,882
France,Household,2020,May,Million Cubic Meter,1049
France,Power,2020,June,Million Cubic Meter,392
France,Industrial,2020,June,Million Cubic Meter,846
France,Household,2020,June,Million Cubic Meter,762
France,Power,2020,July,Million Cubic Meter,403
France,Industrial,2020,July,Million Cubic Meter,847
France,Household,2020,July,Million Cubic Meter,669
France,Power,2020,August,Million Cubic Meter,400
France,Industrial,2020,August,Million Cubic Meter,752
France,Household,2020,August,Million Cubic Meter,558
France,Power,2020,September,Million Cubic Meter,395
France,Industrial,2020,September,Million Cubic Meter,902
France,Household,2020,September,Million Cubic Meter,808
France,Power,2020,October,Million Cubic Meter,335
France,Industrial,2020,October,Million Cubic Meter,1082
France,Household,2020,October,Million Cubic Meter,2071
France,Power,2020,November,Million Cubic Meter,448
France,Industrial,2020,November,Million Cubic Meter,1193
France,Household,2020,November,Million Cubic Meter,2854
France,Power,2020,December,Million Cubic Meter,439
France,Industrial,2020,December,Million Cubic Meter,1240
France,Household,2020,December,Million Cubic Meter,3834
France,Power,2019,January,Million Cubic Meter,629
France,Industrial,2019,January,Million Cubic Meter,1417
France,Household,2019,January,Million Cubic Meter,4556
France,Power,2019,February,Million Cubic Meter,438
France,Industrial,2019,February,Million Cubic Meter,1177
France,Household,2019,February,Million Cubic Meter,3377
France,Power,2019,March,Million Cubic Meter,206
France,Industrial,2019,March,Million Cubic Meter,1215
France,Household,2019,March,Million Cubic Meter,2946
France,Power,2019,April,Million Cubic Meter,278
France,Industrial,2019,April,Million Cubic Meter,1016
France,Household,2019,April,Million Cubic Meter,1999
France,Power,2019,May,Million Cubic Meter,261
France,Industrial,2019,May,Million Cubic Meter,1004
France,Household,2019,May,Million Cubic Meter,1476
France,Power,2019,June,Million Cubic Meter,248
France,Industrial,2019,June,Million Cubic Meter,892
France,Household,2019,June,Million Cubic Meter,733
France,Power,2019,July,Million Cubic Meter,428
France,Industrial,2019,July,Million Cubic Meter,897
France,Household,2019,July,Million Cubic Meter,619
France,Power,2019,August,Million Cubic Meter,288
France,Industrial,2019,August,Million Cubic Meter,815
France,Household,2019,August,Million Cubic Meter,554
France,Power,2019,September,Million Cubic Meter,433
France,Industrial,2019,September,Million Cubic Meter,864
France,Household,2019,September,Million Cubic Meter,750
France,Power,2019,October,Million Cubic Meter,503
France,Industrial,2019,October,Million Cubic Meter,980
France,Household,2019,October,Million Cubic Meter,1575
France,Power,2019,November,Million Cubic Meter,594
France,Industrial,2019,November,Million Cubic Meter,1260
France,Household,2019,November,Million Cubic Meter,3221
France,Power,2019,December,Million Cubic Meter,373
France,Industrial,2019,December,Million Cubic Meter,1295
France,Household,2019,December,Million Cubic Meter,3705
Germany,Power,2024,January,Million Cubic Meter,1245.576048
Germany,Industrial,2024,January,Million Cubic Meter,4379.423952
Germany,Household,2024,January,Million Cubic Meter,6026
Germany,Power,2024,February,Million Cubic Meter,931.490333
Germany,Industrial,2024,February,Million Cubic Meter,3476.509667
Germany,Household,2024,February,Million Cubic Meter,3930
Germany,Power,2024,March,Million Cubic Meter,929.846702
Germany,Industrial,2024,March,Million Cubic Meter,3464.153298
Germany,Household,2024,March,Million Cubic Meter,3502
Germany,Power,2024,April,Million Cubic Meter,756.22081
Germany,Industrial,2024,April,Million Cubic Meter,3143.77919
Germany,Household,2024,April,Million Cubic Meter,2480
Germany,Power,2024,May,Million Cubic Meter,675.441762
Germany,Industrial,2024,May,Million Cubic Meter,2757.558238
Germany,Household,2024,May,Million Cubic Meter,1063
Germany,Power,2024,June,Million Cubic Meter,665.45219
Germany,Industrial,2024,June,Million Cubic Meter,2539.54781
Germany,Household,2024,June,Million Cubic Meter,846
Germany,Power,2024,July,Million Cubic Meter,619.767143
Germany,Industrial,2024,July,Million Cubic Meter,2462.232857
Germany,Household,2024,July,Million Cubic Meter,638
Germany,Power,2024,August,Million Cubic Meter,653.392429
Germany,Industrial,2024,August,Million Cubic Meter,2325.607571
Germany,Household,2024,August,Million Cubic Meter,561
Germany,Power,2024,September,Million Cubic Meter,610.929286
Germany,Industrial,2024,September,Million Cubic Meter,2606.070714
Germany,Household,2024,September,Million Cubic Meter,1009
Germany,Power,2024,October,Million Cubic Meter,733.206859
Germany,Industrial,2024,October,Million Cubic Meter,3190.793141
Germany,Household,2024,October,Million Cubic Meter,2285
Germany,Power,2024,November,Million Cubic Meter,1345.155667
Germany,Industrial,2024,November,Million Cubic Meter,3794.844333
Germany,Household,2024,November,Million Cubic Meter,4183
Germany,Power,2024,December,Million Cubic Meter,1269.186952
Germany,Industrial,2024,December,Million Cubic Meter,4015.813048
Germany,Household,2024,December,Million Cubic Meter,5291
Germany,Power,2023,January,Million Cubic Meter,712.057565
Germany,Industrial,2023,January,Million Cubic Meter,3978.942435
Germany,Household,2023,January,Million Cubic Meter,5046
Germany,Power,2023,February,Million Cubic Meter,983.967254
Germany,Industrial,2023,February,Million Cubic Meter,3419.032746
Germany,Household,2023,February,Million Cubic Meter,4557
Germany,Power,2023,March,Million Cubic Meter,918.087072
Germany,Industrial,2023,March,Million Cubic Meter,3509.912928
Germany,Household,2023,March,Million Cubic Meter,4160
Germany,Power,2023,April,Million Cubic Meter,679.009298
Germany,Industrial,2023,April,Million Cubic Meter,3074.990702
Germany,Household,2023,April,Million Cubic Meter,3000
Germany,Power,2023,May,Million Cubic Meter,667.382836
Germany,Industrial,2023,May,Million Cubic Meter,2521.617164
Germany,Household,2023,May,Million Cubic Meter,1402
Germany,Power,2023,June,Million Cubic Meter,775.915043
Germany,Industrial,2023,June,Million Cubic Meter,2233.084957
Germany,Household,2023,June,Million Cubic Meter,640
Germany,Power,2023,July,Million Cubic Meter,705.765492
Germany,Industrial,2023,July,Million Cubic Meter,2211.234508
Germany,Household,2023,July,Million Cubic Meter,620
Germany,Power,2023,August,Million Cubic Meter,752.709243
Germany,Industrial,2023,August,Million Cubic Meter,2279.290757
Germany,Household,2023,August,Million Cubic Meter,664
Germany,Power,2023,September,Million Cubic Meter,681.896198
Germany,Industrial,2023,September,Million Cubic Meter,2327.103802
Germany,Household,2023,September,Million Cubic Meter,694
Germany,Power,2023,October,Million Cubic Meter,731.276164
Germany,Industrial,2023,October,Million Cubic Meter,2955.723836
Germany,Household,2023,October,Million Cubic Meter,1928
Germany,Power,2023,November,Million Cubic Meter,941.525333
Germany,Industrial,2023,November,Million Cubic Meter,3612.474667
Germany,Household,2023,November,Million Cubic Meter,4023
Germany,Power,2023,December,Million Cubic Meter,1001.730619
Germany,Industrial,2023,December,Million Cubic Meter,3778.269381
Germany,Household,2023,December,Million Cubic Meter,5096
Germany,Power,2022,January,Million Cubic Meter,1035.796798
Germany,Industrial,2022,January,Million Cubic Meter,4727.203202
Germany,Household,2022,January,Million Cubic Meter,6082
Germany,Power,2022,February,Million Cubic Meter,695.578907
Germany,Industrial,2022,February,Million Cubic Meter,4088.421093
Germany,Household,2022,February,Million Cubic Meter,4955
Germany,Power,2022,March,Million Cubic Meter,958.741938
Germany,Industrial,2022,March,Million Cubic Meter,4158.258062
Germany,Household,2022,March,Million Cubic Meter,4384
Germany,Power,2022,April,Million Cubic Meter,647.174141
Germany,Industrial,2022,April,Million Cubic Meter,3472.825859
Germany,Household,2022,April,Million Cubic Meter,3200
Germany,Power,2022,May,Million Cubic Meter,776.447355
Germany,Industrial,2022,May,Million Cubic Meter,2763.552645
Germany,Household,2022,May,Million Cubic Meter,1255
Germany,Power,2022,June,Million Cubic Meter,815.37596
Germany,Industrial,2022,June,Million Cubic Meter,2344.62404
Germany,Household,2022,June,Million Cubic Meter,760
Germany,Power,2022,July,Million Cubic Meter,768.492042
Germany,Industrial,2022,July,Million Cubic Meter,2207.507958
Germany,Household,2022,July,Million Cubic Meter,626
Germany,Power,2022,August,Million Cubic Meter,843.985477
Germany,Industrial,2022,August,Million Cubic Meter,2032.014523
Germany,Household,2022,August,Million Cubic Meter,546
Germany,Power,2022,September,Million Cubic Meter,660.086852
Germany,Industrial,2022,September,Million Cubic Meter,2365.913148
Germany,Household,2022,September,Million Cubic Meter,1157
Germany,Power,2022,October,Million Cubic Meter,819.263061
Germany,Industrial,2022,October,Million Cubic Meter,2525.736939
Germany,Household,2022,October,Million Cubic Meter,1733
Germany,Power,2022,November,Million Cubic Meter,792.147234
Germany,Industrial,2022,November,Million Cubic Meter,3133.852766
Germany,Household,2022,November,Million Cubic Meter,3383
Germany,Power,2022,December,Million Cubic Meter,1375.411984
Germany,Industrial,2022,December,Million Cubic Meter,3324.588016
Germany,Household,2022,December,Million Cubic Meter,5524
Germany,Power,2021,January,Million Cubic Meter,1175.984083
Germany,Industrial,2021,January,Million Cubic Meter,5207.063539
Germany,Household,2021,January,Million Cubic Meter,6713.714299
Germany,Power,2021,February,Million Cubic Meter,1036.106945
Germany,Industrial,2021,February,Million Cubic Meter,4630.559711
Germany,Household,2021,February,Million Cubic Meter,5680.000004
Germany,Power,2021,March,Million Cubic Meter,1108.35803
Germany,Industrial,2021,March,Million Cubic Meter,4583.832458
Germany,Household,2021,March,Million Cubic Meter,4992.476189
Germany,Power,2021,April,Million Cubic Meter,952.764215
Germany,Industrial,2021,April,Million Cubic Meter,4052.950075
Germany,Household,2021,April,Million Cubic Meter,3968.57142
Germany,Power,2021,May,Million Cubic Meter,597.867495
Germany,Industrial,2021,May,Million Cubic Meter,3677.180127
Germany,Household,2021,May,Million Cubic Meter,2550.857134
Germany,Power,2021,June,Million Cubic Meter,826.827027
Germany,Industrial,2021,June,Million Cubic Meter,2893.172973
Germany,Household,2021,June,Million Cubic Meter,771.42858
Germany,Power,2021,July,Million Cubic Meter,676.518962
Germany,Industrial,2021,July,Million Cubic Meter,2984.433416
Germany,Household,2021,July,Million Cubic Meter,746.952378
Germany,Power,2021,August,Million Cubic Meter,443.558372
Germany,Industrial,2021,August,Million Cubic Meter,2978.25114
Germany,Household,2021,August,Million Cubic Meter,906.380945
Germany,Power,2021,September,Million Cubic Meter,611.942866
Germany,Industrial,2021,September,Million Cubic Meter,3019.485704
Germany,Household,2021,September,Million Cubic Meter,1174.28571
Germany,Power,2021,October,Million Cubic Meter,586.717645
Germany,Industrial,2021,October,Million Cubic Meter,3694.234733
Germany,Household,2021,October,Million Cubic Meter,3008.476189
Germany,Power,2021,November,Million Cubic Meter,986.386923
Germany,Industrial,2021,November,Million Cubic Meter,4373.613087
Germany,Household,2021,November,Million Cubic Meter,4768.57143
Germany,Power,2021,December,Million Cubic Meter,978.429109
Germany,Industrial,2021,December,Million Cubic Meter,4642.904214
Germany,Household,2021,December,Million Cubic Meter,5999.23811
Germany,Power,2020,January,Million Cubic Meter,1085.004952
Germany,Industrial,2020,January,Million Cubic Meter,4804.995048
Germany,Household,2020,January,Million Cubic Meter,5813.238095
Germany,Power,2020,February,Million Cubic Meter,768.398667
Germany,Industrial,2020,February,Million Cubic Meter,4382.553714
Germany,Household,2020,February,Million Cubic Meter,4913.428571
Germany,Power,2020,March,Million Cubic Meter,819.150286
Germany,Industrial,2020,March,Million Cubic Meter,4356.373524
Germany,Household,2020,March,Million Cubic Meter,4626.380952
Germany,Power,2020,April,Million Cubic Meter,640.617524
Germany,Industrial,2020,April,Million Cubic Meter,3290.811047
Germany,Household,2020,April,Million Cubic Meter,2371.428571
Germany,Power,2020,May,Million Cubic Meter,781.175619
Germany,Industrial,2020,May,Million Cubic Meter,3151.39581
Germany,Household,2020,May,Million Cubic Meter,1857.047619
Germany,Power,2020,June,Million Cubic Meter,996.706857
Germany,Industrial,2020,June,Million Cubic Meter,2857.578857
Germany,Household,2020,June,Million Cubic Meter,937.142857
Germany,Power,2020,July,Million Cubic Meter,1121.582667
Germany,Industrial,2020,July,Million Cubic Meter,2887.750666
Germany,Household,2020,July,Million Cubic Meter,808.952381
Germany,Power,2020,August,Million Cubic Meter,988.47619
Germany,Industrial,2020,August,Million Cubic Meter,2885.04762
Germany,Household,2020,August,Million Cubic Meter,661.333333
Germany,Power,2020,September,Million Cubic Meter,904.794667
Germany,Industrial,2020,September,Million Cubic Meter,3155.205333
Germany,Household,2020,September,Million Cubic Meter,1182.857143
Germany,Power,2020,October,Million Cubic Meter,836.578476
Germany,Industrial,2020,October,Million Cubic Meter,3958.088191
Germany,Household,2020,October,Million Cubic Meter,3014.380952
Germany,Power,2020,November,Million Cubic Meter,1131.458095
Germany,Industrial,2020,November,Million Cubic Meter,4308.541905
Germany,Household,2020,November,Million Cubic Meter,4277.142857
Germany,Power,2020,December,Million Cubic Meter,1188.149714
Germany,Industrial,2020,December,Million Cubic Meter,4654.612191
Germany,Household,2020,December,Million Cubic Meter,5760.095238
Germany,Power,2019,January,Million Cubic Meter,2317.487619
Germany,Industrial,2019,January,Million Cubic Meter,3950.417143
Germany,Household,2019,January,Million Cubic Meter,6766.857143
Germany,Power,2019,February,Million Cubic Meter,1796.807619
Germany,Industrial,2019,February,Million Cubic Meter,3317.859048
Germany,Household,2019,February,Million Cubic Meter,4920
Germany,Power,2019,March,Million Cubic Meter,1395.154286
Germany,Industrial,2019,March,Million Cubic Meter,3550.083809
Germany,Household,2019,March,Million Cubic Meter,4384.285714
Germany,Power,2019,April,Million Cubic Meter,1259.304762
Germany,Industrial,2019,April,Million Cubic Meter,3029.266667
Germany,Household,2019,April,Million Cubic Meter,2722.857143
Germany,Power,2019,May,Million Cubic Meter,1234.495238
Germany,Industrial,2019,May,Million Cubic Meter,3019.885714
Germany,Household,2019,May,Million Cubic Meter,2285.142857
Germany,Power,2019,June,Million Cubic Meter,1152.891429
Germany,Industrial,2019,June,Million Cubic Meter,2427.108571
Germany,Household,2019,June,Million Cubic Meter,711.428571
Germany,Power,2019,July,Million Cubic Meter,1551.548571
Germany,Industrial,2019,July,Million Cubic Meter,2321.975239
Germany,Household,2019,July,Million Cubic Meter,720.380952
Germany,Power,2019,August,Million Cubic Meter,1529.220952
Germany,Industrial,2019,August,Million Cubic Meter,2208.493334
Germany,Household,2019,August,Million Cubic Meter,673.142857
Germany,Power,2019,September,Million Cubic Meter,926.62419
Germany,Industrial,2019,September,Million Cubic Meter,3141.947239
Germany,Household,2019,September,Million Cubic Meter,1254.285714
Germany,Power,2019,October,Million Cubic Meter,1110.437905
Germany,Industrial,2019,October,Million Cubic Meter,3710.80019
Germany,Household,2019,October,Million Cubic Meter,2660.095238
Germany,Power,2019,November,Million Cubic Meter,1003.494857
Germany,Industrial,2019,November,Million Cubic Meter,4325.076572
Germany,Household,2019,November,Million Cubic Meter,4740
Germany,Power,2019,December,Million Cubic Meter,862.18819
Germany,Industrial,2019,December,Million Cubic Meter,4490.478477
Germany,Household,2019,December,Million Cubic Meter,5597.714286
Greece,Power,2024,January,Million Cubic Meter,276.668762
Greece,Industrial,2024,January,Million Cubic Meter,20.498685
Greece,Household,2024,January,Million Cubic Meter,277.844843
Greece,Power,2024,February,Million Cubic Meter,229.079048
Greece,Industrial,2024,February,Million Cubic Meter,25.886778
Greece,Household,2024,February,Million Cubic Meter,210.212699
Greece,Power,2024,March,Million Cubic Meter,277.69385
Greece,Industrial,2024,March,Million Cubic Meter,33.073512
Greece,Household,2024,March,Million Cubic Meter,193.02476
Greece,Power,2024,April,Million Cubic Meter,235.037333
Greece,Industrial,2024,April,Million Cubic Meter,42.222627
Greece,Household,2024,April,Million Cubic Meter,122.389606
Greece,Power,2024,May,Million Cubic Meter,318.490286
Greece,Industrial,2024,May,Million Cubic Meter,83.220525
Greece,Household,2024,May,Million Cubic Meter,72.077631
Greece,Power,2024,June,Million Cubic Meter,385.748571
Greece,Industrial,2024,June,Million Cubic Meter,105.793249
Greece,Household,2024,June,Million Cubic Meter,22.893868
Greece,Power,2024,July,Million Cubic Meter,457.581714
Greece,Industrial,2024,July,Million Cubic Meter,122.281344
Greece,Household,2024,July,Million Cubic Meter,14.748487
Greece,Power,2024,August,Million Cubic Meter,418.22
Greece,Industrial,2024,August,Million Cubic Meter,112.698192
Greece,Household,2024,August,Million Cubic Meter,17.093827
Greece,Power,2024,September,Million Cubic Meter,324.095619
Greece,Industrial,2024,September,Million Cubic Meter,86.02763
Greece,Household,2024,September,Million Cubic Meter,53.265039
Greece,Power,2024,October,Million Cubic Meter,275.394712
Greece,Industrial,2024,October,Million Cubic Meter,56.55886
Greece,Household,2024,October,Million Cubic Meter,118.179768
Greece,Power,2024,November,Million Cubic Meter,409.980571
Greece,Industrial,2024,November,Million Cubic Meter,41.865026
Greece,Household,2024,November,Million Cubic Meter,185.863222
Greece,Power,2024,December,Million Cubic Meter,411.42781
Greece,Industrial,2024,December,Million Cubic Meter,17.39312
Greece,Household,2024,December,Million Cubic Meter,249.29654
Greece,Power,2023,January,Million Cubic Meter,184.903048
Greece,Industrial,2023,January,Million Cubic Meter,11.694178
Greece,Household,2023,January,Million Cubic Meter,192.307753
Greece,Power,2023,February,Million Cubic Meter,189.810095
Greece,Industrial,2023,February,Million Cubic Meter,20.573308
Greece,Household,2023,February,Million Cubic Meter,200.511618
Greece,Power,2023,March,Million Cubic Meter,200.333905
Greece,Industrial,2023,March,Million Cubic Meter,22.808721
Greece,Household,2023,March,Million Cubic Meter,156.562899
Greece,Power,2023,April,Million Cubic Meter,223.530667
Greece,Industrial,2023,April,Million Cubic Meter,36.989586
Greece,Household,2023,April,Million Cubic Meter,109.118713
Greece,Power,2023,May,Million Cubic Meter,181.889905
Greece,Industrial,2023,May,Million Cubic Meter,51.606063
Greece,Household,2023,May,Million Cubic Meter,69.945056
Greece,Power,2023,June,Million Cubic Meter,281.108952
Greece,Industrial,2023,June,Million Cubic Meter,81.378033
Greece,Household,2023,June,Million Cubic Meter,44.261834
Greece,Power,2023,July,Million Cubic Meter,379.954476
Greece,Industrial,2023,July,Million Cubic Meter,100.844097
Greece,Household,2023,July,Million Cubic Meter,23.246757
Greece,Power,2023,August,Million Cubic Meter,324.027429
Greece,Industrial,2023,August,Million Cubic Meter,87.929913
Greece,Household,2023,August,Million Cubic Meter,27.539497
Greece,Power,2023,September,Million Cubic Meter,298.79219
Greece,Industrial,2023,September,Million Cubic Meter,76.05195
Greece,Household,2023,September,Million Cubic Meter,47.503618
Greece,Power,2023,October,Million Cubic Meter,265.805067
Greece,Industrial,2023,October,Million Cubic Meter,49.258956
Greece,Household,2023,October,Million Cubic Meter,95.189669
Greece,Power,2023,November,Million Cubic Meter,195.077143
Greece,Industrial,2023,November,Million Cubic Meter,21.016826
Greece,Household,2023,November,Million Cubic Meter,133.781199
Greece,Power,2023,December,Million Cubic Meter,239.913905
Greece,Industrial,2023,December,Million Cubic Meter,9.30554
Greece,Household,2023,December,Million Cubic Meter,214.446324
Greece,Power,2022,January,Million Cubic Meter,316.702095
Greece,Industrial,2022,January,Million Cubic Meter,34.205159
Greece,Household,2022,January,Million Cubic Meter,251.667557
Greece,Power,2022,February,Million Cubic Meter,298.266095
Greece,Industrial,2022,February,Million Cubic Meter,40.034632
Greece,Household,2022,February,Million Cubic Meter,183.221211
Greece,Power,2022,March,Million Cubic Meter,409.972952
Greece,Industrial,2022,March,Million Cubic Meter,57.337215
Greece,Household,2022,March,Million Cubic Meter,193.523289
Greece,Power,2022,April,Million Cubic Meter,171.670476
Greece,Industrial,2022,April,Million Cubic Meter,38.743309
Greece,Household,2022,April,Million Cubic Meter,95.217174
Greece,Power,2022,May,Million Cubic Meter,242.013333
Greece,Industrial,2022,May,Million Cubic Meter,69.996352
Greece,Household,2022,May,Million Cubic Meter,43.726099
Greece,Power,2022,June,Million Cubic Meter,329.304
Greece,Industrial,2022,June,Million Cubic Meter,99.946037
Greece,Household,2022,June,Million Cubic Meter,11.497154
Greece,Power,2022,July,Million Cubic Meter,452.197333
Greece,Industrial,2022,July,Million Cubic Meter,93.92
Greece,Household,2022,July,Million Cubic Meter,9.04
Greece,Power,2022,August,Million Cubic Meter,425.860571
Greece,Industrial,2022,August,Million Cubic Meter,93.92
Greece,Household,2022,August,Million Cubic Meter,9.04
Greece,Power,2022,September,Million Cubic Meter,253.096
Greece,Industrial,2022,September,Million Cubic Meter,68.86806
Greece,Household,2022,September,Million Cubic Meter,11.110011
Greece,Power,2022,October,Million Cubic Meter,166.602857
Greece,Industrial,2022,October,Million Cubic Meter,37.429791
Greece,Household,2022,October,Million Cubic Meter,50.999485
Greece,Power,2022,November,Million Cubic Meter,245.792952
Greece,Industrial,2022,November,Million Cubic Meter,31.784736
Greece,Household,2022,November,Million Cubic Meter,88.753622
Greece,Power,2022,December,Million Cubic Meter,315.461905
Greece,Industrial,2022,December,Million Cubic Meter,22.847385
Greece,Household,2022,December,Million Cubic Meter,150.248079
Greece,Power,2021,January,Million Cubic Meter,327.910857
Greece,Industrial,2021,January,Million Cubic Meter,15.886156
Greece,Household,2021,January,Million Cubic Meter,308.58506
Greece,Power,2021,February,Million Cubic Meter,178.166476
Greece,Industrial,2021,February,Million Cubic Meter,20.685722
Greece,Household,2021,February,Million Cubic Meter,267.557177
Greece,Power,2021,March,Million Cubic Meter,271.715619
Greece,Industrial,2021,March,Million Cubic Meter,30.540764
Greece,Household,2021,March,Million Cubic Meter,259.660864
Greece,Power,2021,April,Million Cubic Meter,326.722667
Greece,Industrial,2021,April,Million Cubic Meter,53.447042
Greece,Household,2021,April,Million Cubic Meter,186.300621
Greece,Power,2021,May,Million Cubic Meter,248.225905
Greece,Industrial,2021,May,Million Cubic Meter,68.126267
Greece,Household,2021,May,Million Cubic Meter,98.16473
Greece,Power,2021,June,Million Cubic Meter,391.276571
Greece,Industrial,2021,June,Million Cubic Meter,108.320802
Greece,Household,2021,June,Million Cubic Meter,57.748881
Greece,Power,2021,July,Million Cubic Meter,476.506286
Greece,Industrial,2021,July,Million Cubic Meter,123.787631
Greece,Household,2021,July,Million Cubic Meter,36.634274
Greece,Power,2021,August,Million Cubic Meter,447.833143
Greece,Industrial,2021,August,Million Cubic Meter,116.735089
Greece,Household,2021,August,Million Cubic Meter,36.072307
Greece,Power,2021,September,Million Cubic Meter,396.628
Greece,Industrial,2021,September,Million Cubic Meter,94.115512
Greece,Household,2021,September,Million Cubic Meter,49.06132
Greece,Power,2021,October,Million Cubic Meter,377.649714
Greece,Industrial,2021,October,Million Cubic Meter,58.476235
Greece,Household,2021,October,Million Cubic Meter,75.248987
Greece,Power,2021,November,Million Cubic Meter,366.355619
Greece,Industrial,2021,November,Million Cubic Meter,28.906754
Greece,Household,2021,November,Million Cubic Meter,136.590846
Greece,Power,2021,December,Million Cubic Meter,379.595429
Greece,Industrial,2021,December,Million Cubic Meter,8.944569
Greece,Household,2021,December,Million Cubic Meter,234.73148
Greece,Power,2020,January,Million Cubic Meter,341
Greece,Industrial,2020,January,Million Cubic Meter,19.962623
Greece,Household,2020,January,Million Cubic Meter,274.614669
Greece,Power,2020,February,Million Cubic Meter,244.999429
Greece,Industrial,2020,February,Million Cubic Meter,25.753091
Greece,Household,2020,February,Million Cubic Meter,230.17317
Greece,Power,2020,March,Million Cubic Meter,231.714476
Greece,Industrial,2020,March,Million Cubic Meter,28.927296
Greece,Household,2020,March,Million Cubic Meter,210.402443
Greece,Power,2020,April,Million Cubic Meter,219.246476
Greece,Industrial,2020,April,Million Cubic Meter,39.299461
Greece,Household,2020,April,Million Cubic Meter,128.980674
Greece,Power,2020,May,Million Cubic Meter,256.29181
Greece,Industrial,2020,May,Million Cubic Meter,66.604275
Greece,Household,2020,May,Million Cubic Meter,65.668679
Greece,Power,2020,June,Million Cubic Meter,286.032762
Greece,Industrial,2020,June,Million Cubic Meter,88.076341
Greece,Household,2020,June,Million Cubic Meter,63.187474
Greece,Power,2020,July,Million Cubic Meter,403.308952
Greece,Industrial,2020,July,Million Cubic Meter,114.478472
Greece,Household,2020,July,Million Cubic Meter,50.594998
Greece,Power,2020,August,Million Cubic Meter,370.482476
Greece,Industrial,2020,August,Million Cubic Meter,106.471006
Greece,Household,2020,August,Million Cubic Meter,51.672095
Greece,Power,2020,September,Million Cubic Meter,329.492
Greece,Industrial,2020,September,Million Cubic Meter,88.244866
Greece,Household,2020,September,Million Cubic Meter,68.69927
Greece,Power,2020,October,Million Cubic Meter,287.073714
Greece,Industrial,2020,October,Million Cubic Meter,54.918862
Greece,Household,2020,October,Million Cubic Meter,110.345864
Greece,Power,2020,November,Million Cubic Meter,287.86381
Greece,Industrial,2020,November,Million Cubic Meter,32.43309
Greece,Household,2020,November,Million Cubic Meter,207.834708
Greece,Power,2020,December,Million Cubic Meter,350.717714
Greece,Industrial,2020,December,Million Cubic Meter,13.385315
Greece,Household,2020,December,Million Cubic Meter,261.057657
Greece,Power,2019,January,Million Cubic Meter,392.67
Greece,Industrial,2019,January,Million Cubic Meter,5.508515
Greece,Household,2019,January,Million Cubic Meter,312.505424
Greece,Power,2019,February,Million Cubic Meter,254.941
Greece,Industrial,2019,February,Million Cubic Meter,14.307345
Greece,Household,2019,February,Million Cubic Meter,246.313124
Greece,Power,2019,March,Million Cubic Meter,169.524
Greece,Industrial,2019,March,Million Cubic Meter,15.044419
Greece,Household,2019,March,Million Cubic Meter,213.948864
Greece,Power,2019,April,Million Cubic Meter,180.739
Greece,Industrial,2019,April,Million Cubic Meter,28.809231
Greece,Household,2019,April,Million Cubic Meter,160.983691
Greece,Power,2019,May,Million Cubic Meter,180.177
Greece,Industrial,2019,May,Million Cubic Meter,49.741573
Greece,Household,2019,May,Million Cubic Meter,106.739397
Greece,Power,2019,June,Million Cubic Meter,265.832
Greece,Industrial,2019,June,Million Cubic Meter,73.32472
Greece,Household,2019,June,Million Cubic Meter,73.356963
Greece,Power,2019,July,Million Cubic Meter,344.048
Greece,Industrial,2019,July,Million Cubic Meter,90.930756
Greece,Household,2019,July,Million Cubic Meter,76.584181
Greece,Power,2019,August,Million Cubic Meter,321.747
Greece,Industrial,2019,August,Million Cubic Meter,83.099934
Greece,Household,2019,August,Million Cubic Meter,62.660947
Greece,Power,2019,September,Million Cubic Meter,296.62
Greece,Industrial,2019,September,Million Cubic Meter,71.177781
Greece,Household,2019,September,Million Cubic Meter,83.405196
Greece,Power,2019,October,Million Cubic Meter,280.204
Greece,Industrial,2019,October,Million Cubic Meter,41.617383
Greece,Household,2019,October,Million Cubic Meter,103.927733
Greece,Power,2019,November,Million Cubic Meter,211.381
Greece,Industrial,2019,November,Million Cubic Meter,15.15257
Greece,Household,2019,November,Million Cubic Meter,174.848038
Greece,Power,2019,December,Million Cubic Meter,193.116
Greece,Industrial,2019,December,Million Cubic Meter,9.04
Greece,Household,2019,December,Million Cubic Meter,263.329
Hungary,Power,2024,January,Million Cubic Meter,142.912667
Hungary,Industrial,2024,January,Million Cubic Meter,115.954756
Hungary,Household,2024,January,Million Cubic Meter,1206.254729
Hungary,Power,2024,February,Million Cubic Meter,104.640857
Hungary,Industrial,2024,February,Million Cubic Meter,97.150279
Hungary,Household,2024,February,Million Cubic Meter,802.380703
Hungary,Power,2024,March,Million Cubic Meter,98.418741
Hungary,Industrial,2024,March,Million Cubic Meter,97.63039
Hungary,Household,2024,March,Million Cubic Meter,748.74859
Hungary,Power,2024,April,Million Cubic Meter,73.522714
Hungary,Industrial,2024,April,Million Cubic Meter,90.72894
Hungary,Household,2024,April,Million Cubic Meter,483.747251
Hungary,Power,2024,May,Million Cubic Meter,70.56119
Hungary,Industrial,2024,May,Million Cubic Meter,97.967917
Hungary,Household,2024,May,Million Cubic Meter,333.734222
Hungary,Power,2024,June,Million Cubic Meter,65.496048
Hungary,Industrial,2024,June,Million Cubic Meter,94.722946
Hungary,Household,2024,June,Million Cubic Meter,273.575244
Hungary,Power,2024,July,Million Cubic Meter,79.465143
Hungary,Industrial,2024,July,Million Cubic Meter,94.108819
Hungary,Household,2024,July,Million Cubic Meter,270.748324
Hungary,Power,2024,August,Million Cubic Meter,79.677714
Hungary,Industrial,2024,August,Million Cubic Meter,89.441454
Hungary,Household,2024,August,Million Cubic Meter,265.165156
Hungary,Power,2024,September,Million Cubic Meter,79.718095
Hungary,Industrial,2024,September,Million Cubic Meter,104.735987
Hungary,Household,2024,September,Million Cubic Meter,335.454489
Hungary,Power,2024,October,Million Cubic Meter,102.554137
Hungary,Industrial,2024,October,Million Cubic Meter,121.571116
Hungary,Household,2024,October,Million Cubic Meter,572.14317
Hungary,Power,2024,November,Million Cubic Meter,159.719714
Hungary,Industrial,2024,November,Million Cubic Meter,129.17505
Hungary,Household,2024,November,Million Cubic Meter,991.682093
Hungary,Power,2024,December,Million Cubic Meter,162.690952
Hungary,Industrial,2024,December,Million Cubic Meter,96.036246
Hungary,Household,2024,December,Million Cubic Meter,1180.249469
Hungary,Power,2023,January,Million Cubic Meter,125.50191
Hungary,Industrial,2023,January,Million Cubic Meter,100.419867
Hungary,Household,2023,January,Million Cubic Meter,1040.060512
Hungary,Power,2023,February,Million Cubic Meter,132.991125
Hungary,Industrial,2023,February,Million Cubic Meter,119.723765
Hungary,Household,2023,February,Million Cubic Meter,989.51433
Hungary,Power,2023,March,Million Cubic Meter,108.396479
Hungary,Industrial,2023,March,Million Cubic Meter,108.509898
Hungary,Household,2023,March,Million Cubic Meter,807.456259
Hungary,Power,2023,April,Million Cubic Meter,79.713347
Hungary,Industrial,2023,April,Million Cubic Meter,115.547035
Hungary,Household,2023,April,Million Cubic Meter,616.072013
Hungary,Power,2023,May,Million Cubic Meter,77.656835
Hungary,Industrial,2023,May,Million Cubic Meter,108.197509
Hungary,Household,2023,May,Million Cubic Meter,357.3263
Hungary,Power,2023,June,Million Cubic Meter,77.113635
Hungary,Industrial,2023,June,Million Cubic Meter,101.769363
Hungary,Household,2023,June,Million Cubic Meter,286.040161
Hungary,Power,2023,July,Million Cubic Meter,104.900852
Hungary,Industrial,2023,July,Million Cubic Meter,104.843438
Hungary,Household,2023,July,Million Cubic Meter,294.680372
Hungary,Power,2023,August,Million Cubic Meter,99.413529
Hungary,Industrial,2023,August,Million Cubic Meter,95.871139
Hungary,Household,2023,August,Million Cubic Meter,269.462195
Hungary,Power,2023,September,Million Cubic Meter,91.316071
Hungary,Industrial,2023,September,Million Cubic Meter,91.547683
Hungary,Household,2023,September,Million Cubic Meter,291.487539
Hungary,Power,2023,October,Million Cubic Meter,101.17204
Hungary,Industrial,2023,October,Million Cubic Meter,104.167257
Hungary,Household,2023,October,Million Cubic Meter,478.634106
Hungary,Power,2023,November,Million Cubic Meter,125.372333
Hungary,Industrial,2023,November,Million Cubic Meter,115.367219
Hungary,Household,2023,November,Million Cubic Meter,829.98883
Hungary,Power,2023,December,Million Cubic Meter,121.215048
Hungary,Industrial,2023,December,Million Cubic Meter,98.48917
Hungary,Household,2023,December,Million Cubic Meter,1100.235675
Hungary,Power,2022,January,Million Cubic Meter,174.387051
Hungary,Industrial,2022,January,Million Cubic Meter,139.721851
Hungary,Household,2022,January,Million Cubic Meter,1489.611483
Hungary,Power,2022,February,Million Cubic Meter,162.184404
Hungary,Industrial,2022,February,Million Cubic Meter,133.159394
Hungary,Household,2022,February,Million Cubic Meter,1125.983463
Hungary,Power,2022,March,Million Cubic Meter,148.024836
Hungary,Industrial,2022,March,Million Cubic Meter,142.366396
Hungary,Household,2022,March,Million Cubic Meter,1087.538366
Hungary,Power,2022,April,Million Cubic Meter,83.926937
Hungary,Industrial,2022,April,Million Cubic Meter,133.696267
Hungary,Household,2022,April,Million Cubic Meter,724.684686
Hungary,Power,2022,May,Million Cubic Meter,88.734366
Hungary,Industrial,2022,May,Million Cubic Meter,97.998736
Hungary,Household,2022,May,Million Cubic Meter,336.096502
Hungary,Power,2022,June,Million Cubic Meter,93.836073
Hungary,Industrial,2022,June,Million Cubic Meter,99.695345
Hungary,Household,2022,June,Million Cubic Meter,290.114179
Hungary,Power,2022,July,Million Cubic Meter,114.050716
Hungary,Industrial,2022,July,Million Cubic Meter,104.323274
Hungary,Household,2022,July,Million Cubic Meter,303.581487
Hungary,Power,2022,August,Million Cubic Meter,111.812055
Hungary,Industrial,2022,August,Million Cubic Meter,89.80619
Hungary,Household,2022,August,Million Cubic Meter,261.336667
Hungary,Power,2022,September,Million Cubic Meter,108.825998
Hungary,Industrial,2022,September,Million Cubic Meter,102.541764
Hungary,Household,2022,September,Million Cubic Meter,332.410617
Hungary,Power,2022,October,Million Cubic Meter,115.44953
Hungary,Industrial,2022,October,Million Cubic Meter,97.769439
Hungary,Household,2022,October,Million Cubic Meter,458.516275
Hungary,Power,2022,November,Million Cubic Meter,138.23822
Hungary,Industrial,2022,November,Million Cubic Meter,107.761462
Hungary,Household,2022,November,Million Cubic Meter,823.190919
Hungary,Power,2022,December,Million Cubic Meter,149.752331
Hungary,Industrial,2022,December,Million Cubic Meter,90.875941
Hungary,Household,2022,December,Million Cubic Meter,1108.743106
Hungary,Power,2021,January,Million Cubic Meter,176.715155
Hungary,Industrial,2021,January,Million Cubic Meter,126.899686
Hungary,Household,2021,January,Million Cubic Meter,1438.719361
Hungary,Power,2021,February,Million Cubic Meter,134.827743
Hungary,Industrial,2021,February,Million Cubic Meter,136.278537
Hungary,Household,2021,February,Million Cubic Meter,1212.292891
Hungary,Power,2021,March,Million Cubic Meter,134.754601
Hungary,Industrial,2021,March,Million Cubic Meter,138.711734
Hungary,Household,2021,March,Million Cubic Meter,1110.335885
Hungary,Power,2021,April,Million Cubic Meter,113.281331
Hungary,Industrial,2021,April,Million Cubic Meter,146.133955
Hungary,Household,2021,April,Million Cubic Meter,821.294616
Hungary,Power,2021,May,Million Cubic Meter,110.537712
Hungary,Industrial,2021,May,Million Cubic Meter,141.685088
Hungary,Household,2021,May,Million Cubic Meter,499.267293
Hungary,Power,2021,June,Million Cubic Meter,113.009558
Hungary,Industrial,2021,June,Million Cubic Meter,108.670517
Hungary,Household,2021,June,Million Cubic Meter,324.186626
Hungary,Power,2021,July,Million Cubic Meter,121.293381
Hungary,Industrial,2021,July,Million Cubic Meter,112.9743
Hungary,Household,2021,July,Million Cubic Meter,337.0257
Hungary,Power,2021,August,Million Cubic Meter,111.367638
Hungary,Industrial,2021,August,Million Cubic Meter,112.113543
Hungary,Household,2021,August,Million Cubic Meter,334.457885
Hungary,Power,2021,September,Million Cubic Meter,111.665942
Hungary,Industrial,2021,September,Million Cubic Meter,109.959699
Hungary,Household,2021,September,Million Cubic Meter,365.945063
Hungary,Power,2021,October,Million Cubic Meter,141.476776
Hungary,Industrial,2021,October,Million Cubic Meter,163.951186
Hungary,Household,2021,October,Million Cubic Meter,794.525004
Hungary,Power,2021,November,Million Cubic Meter,184.246834
Hungary,Industrial,2021,November,Million Cubic Meter,141.059733
Hungary,Household,2021,November,Million Cubic Meter,1129.130743
Hungary,Power,2021,December,Million Cubic Meter,186.789529
Hungary,Industrial,2021,December,Million Cubic Meter,111.933735
Hungary,Household,2021,December,Million Cubic Meter,1463.399599
Hungary,Power,2020,January,Million Cubic Meter,189.684
Hungary,Industrial,2020,January,Million Cubic Meter,147.828124
Hungary,Household,2020,January,Million Cubic Meter,1376.29886
Hungary,Power,2020,February,Million Cubic Meter,178.249
Hungary,Industrial,2020,February,Million Cubic Meter,134.051786
Hungary,Household,2020,February,Million Cubic Meter,1011.76832
Hungary,Power,2020,March,Million Cubic Meter,135.7
Hungary,Industrial,2020,March,Million Cubic Meter,131.080605
Hungary,Household,2020,March,Million Cubic Meter,901.115162
Hungary,Power,2020,April,Million Cubic Meter,90.664
Hungary,Industrial,2020,April,Million Cubic Meter,106.702587
Hungary,Household,2020,April,Million Cubic Meter,532.265667
Hungary,Power,2020,May,Million Cubic Meter,86.901
Hungary,Industrial,2020,May,Million Cubic Meter,112.922299
Hungary,Household,2020,May,Million Cubic Meter,363.559182
Hungary,Power,2020,June,Million Cubic Meter,115.294
Hungary,Industrial,2020,June,Million Cubic Meter,106.104599
Hungary,Household,2020,June,Million Cubic Meter,291.302809
Hungary,Power,2020,July,Million Cubic Meter,127.624
Hungary,Industrial,2020,July,Million Cubic Meter,112.560437
Hungary,Household,2020,July,Million Cubic Meter,309.026865
Hungary,Power,2020,August,Million Cubic Meter,129.842
Hungary,Industrial,2020,August,Million Cubic Meter,105.553663
Hungary,Household,2020,August,Million Cubic Meter,289.790253
Hungary,Power,2020,September,Million Cubic Meter,132.207
Hungary,Industrial,2020,September,Million Cubic Meter,114.57031
Hungary,Household,2020,September,Million Cubic Meter,349.292124
Hungary,Power,2020,October,Million Cubic Meter,147.582
Hungary,Industrial,2020,October,Million Cubic Meter,151.508042
Hungary,Household,2020,October,Million Cubic Meter,658.730053
Hungary,Power,2020,November,Million Cubic Meter,185.959
Hungary,Industrial,2020,November,Million Cubic Meter,144.243426
Hungary,Household,2020,November,Million Cubic Meter,991.603134
Hungary,Power,2020,December,Million Cubic Meter,155.645
Hungary,Industrial,2020,December,Million Cubic Meter,108.882685
Hungary,Household,2020,December,Million Cubic Meter,1142.757526
Hungary,Power,2019,January,Million Cubic Meter,203.652
Hungary,Industrial,2019,January,Million Cubic Meter,161.599152
Hungary,Household,2019,January,Million Cubic Meter,1364.591324
Hungary,Power,2019,February,Million Cubic Meter,116.492
Hungary,Industrial,2019,February,Million Cubic Meter,140.157514
Hungary,Household,2019,February,Million Cubic Meter,973.22873
Hungary,Power,2019,March,Million Cubic Meter,104.03
Hungary,Industrial,2019,March,Million Cubic Meter,122.48972
Hungary,Household,2019,March,Million Cubic Meter,778.938851
Hungary,Power,2019,April,Million Cubic Meter,96.37
Hungary,Industrial,2019,April,Million Cubic Meter,113.89187
Hungary,Household,2019,April,Million Cubic Meter,533.647813
Hungary,Power,2019,May,Million Cubic Meter,83.407
Hungary,Industrial,2019,May,Million Cubic Meter,142.788351
Hungary,Household,2019,May,Million Cubic Meter,437.925934
Hungary,Power,2019,June,Million Cubic Meter,97.424
Hungary,Industrial,2019,June,Million Cubic Meter,96.026608
Hungary,Household,2019,June,Million Cubic Meter,252.042175
Hungary,Power,2019,July,Million Cubic Meter,128.201
Hungary,Industrial,2019,July,Million Cubic Meter,104.514785
Hungary,Household,2019,July,Million Cubic Meter,274.321194
Hungary,Power,2019,August,Million Cubic Meter,131.279
Hungary,Industrial,2019,August,Million Cubic Meter,112.732917
Hungary,Household,2019,August,Million Cubic Meter,295.891422
Hungary,Power,2019,September,Million Cubic Meter,142.503
Hungary,Industrial,2019,September,Million Cubic Meter,127.224442
Hungary,Household,2019,September,Million Cubic Meter,369.971326
Hungary,Power,2019,October,Million Cubic Meter,177.386
Hungary,Industrial,2019,October,Million Cubic Meter,145.415368
Hungary,Household,2019,October,Million Cubic Meter,596.939129
Hungary,Power,2019,November,Million Cubic Meter,153.785
Hungary,Industrial,2019,November,Million Cubic Meter,127.497297
Hungary,Household,2019,November,Million Cubic Meter,810.783126
Hungary,Power,2019,December,Million Cubic Meter,156.435
Hungary,Industrial,2019,December,Million Cubic Meter,120.920378
Hungary,Household,2019,December,Million Cubic Meter,1140.190733
Italy,Power,2024,January,Million Cubic Meter,1932.764038
Italy,Industrial,2024,January,Million Cubic Meter,972.282532
Italy,Household,2024,January,Million Cubic Meter,4828.717773
Italy,Power,2024,February,Million Cubic Meter,1627.614624
Italy,Industrial,2024,February,Million Cubic Meter,999.247925
Italy,Household,2024,February,Million Cubic Meter,3601.688232
Italy,Power,2024,March,Million Cubic Meter,1467.905151
Italy,Industrial,2024,March,Million Cubic Meter,1084.382935
Italy,Household,2024,March,Million Cubic Meter,2977.025146
Italy,Power,2024,April,Million Cubic Meter,1182.178467
Italy,Industrial,2024,April,Million Cubic Meter,999.079041
Italy,Household,2024,April,Million Cubic Meter,1773.100586
Italy,Power,2024,May,Million Cubic Meter,1154.215698
Italy,Industrial,2024,May,Million Cubic Meter,1013.398071
Italy,Household,2024,May,Million Cubic Meter,1239.672119
Italy,Power,2024,June,Million Cubic Meter,1410.761719
Italy,Industrial,2024,June,Million Cubic Meter,941.154053
Italy,Household,2024,June,Million Cubic Meter,961.379211
Italy,Power,2024,July,Million Cubic Meter,2180.200439
Italy,Industrial,2024,July,Million Cubic Meter,993.862183
Italy,Household,2024,July,Million Cubic Meter,919.456848
Italy,Power,2024,August,Million Cubic Meter,2101.109131
Italy,Industrial,2024,August,Million Cubic Meter,719.690002
Italy,Household,2024,August,Million Cubic Meter,735.290039
Italy,Power,2024,September,Million Cubic Meter,1923.545044
Italy,Industrial,2024,September,Million Cubic Meter,1004.236755
Italy,Household,2024,September,Million Cubic Meter,1014.230591
Italy,Power,2024,October,Million Cubic Meter,1699.258057
Italy,Industrial,2024,October,Million Cubic Meter,1066.849365
Italy,Household,2024,October,Million Cubic Meter,1411.643921
Italy,Power,2024,November,Million Cubic Meter,2109.315674
Italy,Industrial,2024,November,Million Cubic Meter,1029.846191
Italy,Household,2024,November,Million Cubic Meter,3187.321289
Italy,Power,2024,December,Million Cubic Meter,2163.528809
Italy,Industrial,2024,December,Million Cubic Meter,878.46936
Italy,Household,2024,December,Million Cubic Meter,4708.341797
Italy,Power,2023,January,Million Cubic Meter,1829.040527
Italy,Industrial,2023,January,Million Cubic Meter,950.635193
Italy,Household,2023,January,Million Cubic Meter,4526.797852
Italy,Power,2023,February,Million Cubic Meter,1810.097168
Italy,Industrial,2023,February,Million Cubic Meter,998.498047
Italy,Household,2023,February,Million Cubic Meter,4088.629639
Italy,Power,2023,March,Million Cubic Meter,1708.890259
Italy,Industrial,2023,March,Million Cubic Meter,1067.742676
Italy,Household,2023,March,Million Cubic Meter,2941.067383
Italy,Power,2023,April,Million Cubic Meter,1552.47229
Italy,Industrial,2023,April,Million Cubic Meter,949.083557
Italy,Household,2023,April,Million Cubic Meter,1913.048584
Italy,Power,2023,May,Million Cubic Meter,1442.441162
Italy,Industrial,2023,May,Million Cubic Meter,1008.344482
Italy,Household,2023,May,Million Cubic Meter,1229.390991
Italy,Power,2023,June,Million Cubic Meter,1619.625244
Italy,Industrial,2023,June,Million Cubic Meter,940.594727
Italy,Household,2023,June,Million Cubic Meter,950.546692
Italy,Power,2023,July,Million Cubic Meter,2278.078613
Italy,Industrial,2023,July,Million Cubic Meter,971.145386
Italy,Household,2023,July,Million Cubic Meter,898.46344
Italy,Power,2023,August,Million Cubic Meter,1730.031616
Italy,Industrial,2023,August,Million Cubic Meter,703.428711
Italy,Household,2023,August,Million Cubic Meter,776.443848
Italy,Power,2023,September,Million Cubic Meter,1907.599121
Italy,Industrial,2023,September,Million Cubic Meter,998.562439
Italy,Household,2023,September,Million Cubic Meter,988.384216
Italy,Power,2023,October,Million Cubic Meter,1879.335449
Italy,Industrial,2023,October,Million Cubic Meter,1025.535278
Italy,Household,2023,October,Million Cubic Meter,1244.284424
Italy,Power,2023,November,Million Cubic Meter,1592.316528
Italy,Industrial,2023,November,Million Cubic Meter,1035.503662
Italy,Household,2023,November,Million Cubic Meter,2932.856201
Italy,Power,2023,December,Million Cubic Meter,1933.794922
Italy,Industrial,2023,December,Million Cubic Meter,865.104736
Italy,Household,2023,December,Million Cubic Meter,4265.827637
Italy,Power,2022,January,Million Cubic Meter,2653.032715
Italy,Industrial,2022,January,Million Cubic Meter,1154.699219
Italy,Household,2022,January,Million Cubic Meter,5716.438965
Italy,Power,2022,February,Million Cubic Meter,2165.433594
Italy,Industrial,2022,February,Million Cubic Meter,1100.168335
Italy,Household,2022,February,Million Cubic Meter,4304.069824
Italy,Power,2022,March,Million Cubic Meter,2443.509766
Italy,Industrial,2022,March,Million Cubic Meter,1183.287842
Italy,Household,2022,March,Million Cubic Meter,4089.65625
Italy,Power,2022,April,Million Cubic Meter,1781.328735
Italy,Industrial,2022,April,Million Cubic Meter,1091.894287
Italy,Household,2022,April,Million Cubic Meter,2253.011719
Italy,Power,2022,May,Million Cubic Meter,1712.868896
Italy,Industrial,2022,May,Million Cubic Meter,1112.300293
Italy,Household,2022,May,Million Cubic Meter,1207.681274
Italy,Power,2022,June,Million Cubic Meter,2080.033936
Italy,Industrial,2022,June,Million Cubic Meter,993.641113
Italy,Household,2022,June,Million Cubic Meter,948.943115
Italy,Power,2022,July,Million Cubic Meter,2357.139404
Italy,Industrial,2022,July,Million Cubic Meter,1011.042358
Italy,Household,2022,July,Million Cubic Meter,917.656372
Italy,Power,2022,August,Million Cubic Meter,2126.037842
Italy,Industrial,2022,August,Million Cubic Meter,695.89032
Italy,Household,2022,August,Million Cubic Meter,788.803467
Italy,Power,2022,September,Million Cubic Meter,1952.325073
Italy,Industrial,2022,September,Million Cubic Meter,920.669678
Italy,Household,2022,September,Million Cubic Meter,1010.875061
Italy,Power,2022,October,Million Cubic Meter,1953.181519
Italy,Industrial,2022,October,Million Cubic Meter,934.019653
Italy,Household,2022,October,Million Cubic Meter,1064.735596
Italy,Power,2022,November,Million Cubic Meter,1829.022095
Italy,Industrial,2022,November,Million Cubic Meter,982.777405
Italy,Household,2022,November,Million Cubic Meter,2588.88916
Italy,Power,2022,December,Million Cubic Meter,2159.319824
Italy,Industrial,2022,December,Million Cubic Meter,844.103821
Italy,Household,2022,December,Million Cubic Meter,4161.268066
Italy,Power,2021,January,Million Cubic Meter,2388.143912
Italy,Industrial,2021,January,Million Cubic Meter,1209.740527
Italy,Household,2021,January,Million Cubic Meter,6059.701089
Italy,Power,2021,February,Million Cubic Meter,1942.594419
Italy,Industrial,2021,February,Million Cubic Meter,1212.49794
Italy,Household,2021,February,Million Cubic Meter,4362.011794
Italy,Power,2021,March,Million Cubic Meter,2163.958969
Italy,Industrial,2021,March,Million Cubic Meter,1319.85941
Italy,Household,2021,March,Million Cubic Meter,3926.150501
Italy,Power,2021,April,Million Cubic Meter,2034.351318
Italy,Industrial,2021,April,Million Cubic Meter,1190.788574
Italy,Household,2021,April,Million Cubic Meter,2664.080811
Italy,Power,2021,May,Million Cubic Meter,1506.133121
Italy,Industrial,2021,May,Million Cubic Meter,1214.408316
Italy,Household,2021,May,Million Cubic Meter,1399.558387
Italy,Power,2021,June,Million Cubic Meter,1954.983221
Italy,Industrial,2021,June,Million Cubic Meter,1110.007172
Italy,Household,2021,June,Million Cubic Meter,1035.260153
Italy,Power,2021,July,Million Cubic Meter,2368.467161
Italy,Industrial,2021,July,Million Cubic Meter,1166.634494
Italy,Household,2021,July,Million Cubic Meter,1018.186798
Italy,Power,2021,August,Million Cubic Meter,1965.572592
Italy,Industrial,2021,August,Million Cubic Meter,945.226755
Italy,Household,2021,August,Million Cubic Meter,860.283733
Italy,Power,2021,September,Million Cubic Meter,2338.137245
Italy,Industrial,2021,September,Million Cubic Meter,1205.935725
Italy,Household,2021,September,Million Cubic Meter,1131.623401
Italy,Power,2021,October,Million Cubic Meter,2178.160939
Italy,Industrial,2021,October,Million Cubic Meter,1196.13891
Italy,Household,2021,October,Million Cubic Meter,1992.373494
Italy,Power,2021,November,Million Cubic Meter,2718.109405
Italy,Industrial,2021,November,Million Cubic Meter,1221.204526
Italy,Household,2021,November,Million Cubic Meter,3530.531423
Italy,Power,2021,December,Million Cubic Meter,2611.628268
Italy,Industrial,2021,December,Million Cubic Meter,1164.114801
Italy,Household,2021,December,Million Cubic Meter,5553.169176
Italy,Power,2020,January,Million Cubic Meter,2553.453902
Italy,Industrial,2020,January,Million Cubic Meter,1258.837874
Italy,Household,2020,January,Million Cubic Meter,5662.97723
Italy,Power,2020,February,Million Cubic Meter,2031.296957
Italy,Industrial,2020,February,Million Cubic Meter,1226.022141
Italy,Household,2020,February,Million Cubic Meter,4164.739512
Italy,Power,2020,March,Million Cubic Meter,1715.500141
Italy,Industrial,2020,March,Million Cubic Meter,1094.148611
Italy,Household,2020,March,Million Cubic Meter,3697.959008
Italy,Power,2020,April,Million Cubic Meter,1431.660145
Italy,Industrial,2020,April,Million Cubic Meter,822.89608
Italy,Household,2020,April,Million Cubic Meter,1792.900031
Italy,Power,2020,May,Million Cubic Meter,1440.57977
Italy,Industrial,2020,May,Million Cubic Meter,1036.572387
Italy,Household,2020,May,Million Cubic Meter,1109.846518
Italy,Power,2020,June,Million Cubic Meter,1857.086318
Italy,Industrial,2020,June,Million Cubic Meter,1073.70445
Italy,Household,2020,June,Million Cubic Meter,1012.929599
Italy,Power,2020,July,Million Cubic Meter,2468.300285
Italy,Industrial,2020,July,Million Cubic Meter,1151.859178
Italy,Household,2020,July,Million Cubic Meter,988.186104
Italy,Power,2020,August,Million Cubic Meter,2380.390652
Italy,Industrial,2020,August,Million Cubic Meter,888.372946
Italy,Household,2020,August,Million Cubic Meter,822.096947
Italy,Power,2020,September,Million Cubic Meter,2392.725088
Italy,Industrial,2020,September,Million Cubic Meter,1178.355655
Italy,Household,2020,September,Million Cubic Meter,1098.041772
Italy,Power,2020,October,Million Cubic Meter,1883.209567
Italy,Industrial,2020,October,Million Cubic Meter,1227.626461
Italy,Household,2020,October,Million Cubic Meter,2110.444242
Italy,Power,2020,November,Million Cubic Meter,2162.44068
Italy,Industrial,2020,November,Million Cubic Meter,1216.93348
Italy,Household,2020,November,Million Cubic Meter,3420.295892
Italy,Power,2020,December,Million Cubic Meter,2338.1426
Italy,Industrial,2020,December,Million Cubic Meter,1130.036078
Italy,Household,2020,December,Million Cubic Meter,5139.164627
Italy,Power,2019,January,Million Cubic Meter,2667.027991
Italy,Industrial,2019,January,Million Cubic Meter,1310.266205
Italy,Household,2019,January,Million Cubic Meter,6351.424847
Italy,Power,2019,February,Million Cubic Meter,2000.648994
Italy,Industrial,2019,February,Million Cubic Meter,1248.015324
Italy,Household,2019,February,Million Cubic Meter,4626.449663
Italy,Power,2019,March,Million Cubic Meter,2123.366576
Italy,Industrial,2019,March,Million Cubic Meter,1335.010515
Italy,Household,2019,March,Million Cubic Meter,3349.643201
Italy,Power,2019,April,Million Cubic Meter,1926.27951
Italy,Industrial,2019,April,Million Cubic Meter,1167.32833
Italy,Household,2019,April,Million Cubic Meter,2239.230322
Italy,Power,2019,May,Million Cubic Meter,1779.115293
Italy,Industrial,2019,May,Million Cubic Meter,1223.686035
Italy,Household,2019,May,Million Cubic Meter,1714.094076
Italy,Power,2019,June,Million Cubic Meter,2013.653051
Italy,Industrial,2019,June,Million Cubic Meter,1127.495547
Italy,Household,2019,June,Million Cubic Meter,1017.205417
Italy,Power,2019,July,Million Cubic Meter,2613.68393
Italy,Industrial,2019,July,Million Cubic Meter,1183.347194
Italy,Household,2019,July,Million Cubic Meter,989.206135
Italy,Power,2019,August,Million Cubic Meter,2359.127859
Italy,Industrial,2019,August,Million Cubic Meter,888.333831
Italy,Household,2019,August,Million Cubic Meter,801.241898
Italy,Power,2019,September,Million Cubic Meter,2315.576188
Italy,Industrial,2019,September,Million Cubic Meter,1143.063419
Italy,Household,2019,September,Million Cubic Meter,1099.543297
Italy,Power,2019,October,Million Cubic Meter,2344.854875
Italy,Industrial,2019,October,Million Cubic Meter,1176.824328
Italy,Household,2019,October,Million Cubic Meter,1513.974974
Italy,Power,2019,November,Million Cubic Meter,1952.685299
Italy,Industrial,2019,November,Million Cubic Meter,1192.238997
Italy,Household,2019,November,Million Cubic Meter,3367.206082
Italy,Power,2019,December,Million Cubic Meter,1903.939177
Italy,Industrial,2019,December,Million Cubic Meter,1115.860301
Italy,Household,2019,December,Million Cubic Meter,4816.928413
Luxembourg,Power,2024,January,Million Cubic Meter,1.89119
Luxembourg,Industrial,2024,January,Million Cubic Meter,20.260783
Luxembourg,Household,2024,January,Million Cubic Meter,68.77906
Luxembourg,Power,2024,February,Million Cubic Meter,1.41981
Luxembourg,Industrial,2024,February,Million Cubic Meter,21.343391
Luxembourg,Household,2024,February,Million Cubic Meter,46.507467
Luxembourg,Power,2024,March,Million Cubic Meter,1.268117
Luxembourg,Industrial,2024,March,Million Cubic Meter,21.429962
Luxembourg,Household,2024,March,Million Cubic Meter,40.109746
Luxembourg,Power,2024,April,Million Cubic Meter,0.961905
Luxembourg,Industrial,2024,April,Million Cubic Meter,20.180574
Luxembourg,Household,2024,April,Million Cubic Meter,31.814891
Luxembourg,Power,2024,May,Million Cubic Meter,0.659429
Luxembourg,Industrial,2024,May,Million Cubic Meter,20.048567
Luxembourg,Household,2024,May,Million Cubic Meter,20.246921
Luxembourg,Power,2024,June,Million Cubic Meter,0.607952
Luxembourg,Industrial,2024,June,Million Cubic Meter,15.307268
Luxembourg,Household,2024,June,Million Cubic Meter,15.191053
Luxembourg,Power,2024,July,Million Cubic Meter,0.539333
Luxembourg,Industrial,2024,July,Million Cubic Meter,15.460818
Luxembourg,Household,2024,July,Million Cubic Meter,9.536274
Luxembourg,Power,2024,August,Million Cubic Meter,0.511048
Luxembourg,Industrial,2024,August,Million Cubic Meter,11.63489
Luxembourg,Household,2024,August,Million Cubic Meter,9.82953
Luxembourg,Power,2024,September,Million Cubic Meter,0.590251
Luxembourg,Industrial,2024,September,Million Cubic Meter,18.141169
Luxembourg,Household,2024,September,Million Cubic Meter,15.457614
Luxembourg,Power,2024,October,Million Cubic Meter,0.969324
Luxembourg,Industrial,2024,October,Million Cubic Meter,15.662698
Luxembourg,Household,2024,October,Million Cubic Meter,28.145019
Luxembourg,Power,2024,November,Million Cubic Meter,1.437524
Luxembourg,Industrial,2024,November,Million Cubic Meter,22.004478
Luxembourg,Household,2024,November,Million Cubic Meter,48.918202
Luxembourg,Power,2024,December,Million Cubic Meter,1.617333
Luxembourg,Industrial,2024,December,Million Cubic Meter,18.214497
Luxembourg,Household,2024,December,Million Cubic Meter,63.093894
Luxembourg,Power,2023,January,Million Cubic Meter,2.082742
Luxembourg,Industrial,2023,January,Million Cubic Meter,16.670412
Luxembourg,Household,2023,January,Million Cubic Meter,62.004631
Luxembourg,Power,2023,February,Million Cubic Meter,1.869638
Luxembourg,Industrial,2023,February,Million Cubic Meter,17.697835
Luxembourg,Household,2023,February,Million Cubic Meter,53.616235
Luxembourg,Power,2023,March,Million Cubic Meter,1.877644
Luxembourg,Industrial,2023,March,Million Cubic Meter,18.751557
Luxembourg,Household,2023,March,Million Cubic Meter,50.483837
Luxembourg,Power,2023,April,Million Cubic Meter,1.39873
Luxembourg,Industrial,2023,April,Million Cubic Meter,17.475418
Luxembourg,Household,2023,April,Million Cubic Meter,37.258287
Luxembourg,Power,2023,May,Million Cubic Meter,0.959729
Luxembourg,Industrial,2023,May,Million Cubic Meter,16.924702
Luxembourg,Household,2023,May,Million Cubic Meter,20.080352
Luxembourg,Power,2023,June,Million Cubic Meter,0.636564
Luxembourg,Industrial,2023,June,Million Cubic Meter,15.929026
Luxembourg,Household,2023,June,Million Cubic Meter,10.548135
Luxembourg,Power,2023,July,Million Cubic Meter,0.707128
Luxembourg,Industrial,2023,July,Million Cubic Meter,16.711611
Luxembourg,Household,2023,July,Million Cubic Meter,10.642086
Luxembourg,Power,2023,August,Million Cubic Meter,0.755318
Luxembourg,Industrial,2023,August,Million Cubic Meter,13.511117
Luxembourg,Household,2023,August,Million Cubic Meter,10.878575
Luxembourg,Power,2023,September,Million Cubic Meter,0.671511
Luxembourg,Industrial,2023,September,Million Cubic Meter,3.500943
Luxembourg,Household,2023,September,Million Cubic Meter,2.159589
Luxembourg,Power,2023,October,Million Cubic Meter,1.098429
Luxembourg,Industrial,2023,October,Million Cubic Meter,16.202045
Luxembourg,Household,2023,October,Million Cubic Meter,24.041625
Luxembourg,Power,2023,November,Million Cubic Meter,1.77319
Luxembourg,Industrial,2023,November,Million Cubic Meter,21.047176
Luxembourg,Household,2023,November,Million Cubic Meter,48.446735
Luxembourg,Power,2023,December,Million Cubic Meter,1.919429
Luxembourg,Industrial,2023,December,Million Cubic Meter,17.186131
Luxembourg,Household,2023,December,Million Cubic Meter,58.553623
Luxembourg,Power,2022,January,Million Cubic Meter,4.575195
Luxembourg,Industrial,2022,January,Million Cubic Meter,28.808589
Luxembourg,Household,2022,January,Million Cubic Meter,75.438928
Luxembourg,Power,2022,February,Million Cubic Meter,3.331565
Luxembourg,Industrial,2022,February,Million Cubic Meter,22.894124
Luxembourg,Household,2022,February,Million Cubic Meter,60.310958
Luxembourg,Power,2022,March,Million Cubic Meter,3.10311
Luxembourg,Industrial,2022,March,Million Cubic Meter,23.500398
Luxembourg,Household,2022,March,Million Cubic Meter,52.60971
Luxembourg,Power,2022,April,Million Cubic Meter,2.422212
Luxembourg,Industrial,2022,April,Million Cubic Meter,19.71062
Luxembourg,Household,2022,April,Million Cubic Meter,37.694684
Luxembourg,Power,2022,May,Million Cubic Meter,1.437625
Luxembourg,Industrial,2022,May,Million Cubic Meter,19.403045
Luxembourg,Household,2022,May,Million Cubic Meter,18.480534
Luxembourg,Power,2022,June,Million Cubic Meter,1.292919
Luxembourg,Industrial,2022,June,Million Cubic Meter,16.156087
Luxembourg,Household,2022,June,Million Cubic Meter,13.594967
Luxembourg,Power,2022,July,Million Cubic Meter,1.148715
Luxembourg,Industrial,2022,July,Million Cubic Meter,15.498117
Luxembourg,Household,2022,July,Million Cubic Meter,11.431749
Luxembourg,Power,2022,August,Million Cubic Meter,1.017106
Luxembourg,Industrial,2022,August,Million Cubic Meter,13.451513
Luxembourg,Household,2022,August,Million Cubic Meter,9.693118
Luxembourg,Power,2022,September,Million Cubic Meter,1.22918
Luxembourg,Industrial,2022,September,Million Cubic Meter,16.241514
Luxembourg,Household,2022,September,Million Cubic Meter,18.531979
Luxembourg,Power,2022,October,Million Cubic Meter,1.586247
Luxembourg,Industrial,2022,October,Million Cubic Meter,17.113805
Luxembourg,Household,2022,October,Million Cubic Meter,25.494262
Luxembourg,Power,2022,November,Million Cubic Meter,2.006895
Luxembourg,Industrial,2022,November,Million Cubic Meter,16.950053
Luxembourg,Household,2022,November,Million Cubic Meter,40.730111
Luxembourg,Power,2022,December,Million Cubic Meter,2.605506
Luxembourg,Industrial,2022,December,Million Cubic Meter,12.470246
Luxembourg,Household,2022,December,Million Cubic Meter,63.252202
Luxembourg,Power,2021,January,Million Cubic Meter,4.987818
Luxembourg,Industrial,2021,January,Million Cubic Meter,28.687704
Luxembourg,Household,2021,January,Million Cubic Meter,80.611038
Luxembourg,Power,2021,February,Million Cubic Meter,4.330935
Luxembourg,Industrial,2021,February,Million Cubic Meter,26.928676
Luxembourg,Household,2021,February,Million Cubic Meter,62.705752
Luxembourg,Power,2021,March,Million Cubic Meter,4.227121
Luxembourg,Industrial,2021,March,Million Cubic Meter,29.257829
Luxembourg,Household,2021,March,Million Cubic Meter,60.299538
Luxembourg,Power,2021,April,Million Cubic Meter,3.914503
Luxembourg,Industrial,2021,April,Million Cubic Meter,26.698241
Luxembourg,Household,2021,April,Million Cubic Meter,48.257916
Luxembourg,Power,2021,May,Million Cubic Meter,3.444948
Luxembourg,Industrial,2021,May,Million Cubic Meter,25.611169
Luxembourg,Household,2021,May,Million Cubic Meter,37.422541
Luxembourg,Power,2021,June,Million Cubic Meter,2.098463
Luxembourg,Industrial,2021,June,Million Cubic Meter,24.74296
Luxembourg,Household,2021,June,Million Cubic Meter,15.008395
Luxembourg,Power,2021,July,Million Cubic Meter,2.186782
Luxembourg,Industrial,2021,July,Million Cubic Meter,24.063473
Luxembourg,Household,2021,July,Million Cubic Meter,15.717507
Luxembourg,Power,2021,August,Million Cubic Meter,2.051884
Luxembourg,Industrial,2021,August,Million Cubic Meter,20.628537
Luxembourg,Household,2021,August,Million Cubic Meter,15.586062
Luxembourg,Power,2021,September,Million Cubic Meter,2.266829
Luxembourg,Industrial,2021,September,Million Cubic Meter,24.195595
Luxembourg,Household,2021,September,Million Cubic Meter,18.793418
Luxembourg,Power,2021,October,Million Cubic Meter,3.75748
Luxembourg,Industrial,2021,October,Million Cubic Meter,26.392672
Luxembourg,Household,2021,October,Million Cubic Meter,40.806704
Luxembourg,Power,2021,November,Million Cubic Meter,4.21528
Luxembourg,Industrial,2021,November,Million Cubic Meter,27.265616
Luxembourg,Household,2021,November,Million Cubic Meter,61.482849
Luxembourg,Power,2021,December,Million Cubic Meter,4.610278
Luxembourg,Industrial,2021,December,Million Cubic Meter,22.058036
Luxembourg,Household,2021,December,Million Cubic Meter,69.060617
Luxembourg,Power,2020,January,Million Cubic Meter,41.269882
Luxembourg,Industrial,2020,January,Million Cubic Meter,33.438448
Luxembourg,Household,2020,January,Million Cubic Meter,70.792018
Luxembourg,Power,2020,February,Million Cubic Meter,18.648002
Luxembourg,Industrial,2020,February,Million Cubic Meter,30.656478
Luxembourg,Household,2020,February,Million Cubic Meter,60.503399
Luxembourg,Power,2020,March,Million Cubic Meter,18.246979
Luxembourg,Industrial,2020,March,Million Cubic Meter,25.763423
Luxembourg,Household,2020,March,Million Cubic Meter,56.724118
Luxembourg,Power,2020,April,Million Cubic Meter,11.569674
Luxembourg,Industrial,2020,April,Million Cubic Meter,23.451303
Luxembourg,Household,2020,April,Million Cubic Meter,28.875906
Luxembourg,Power,2020,May,Million Cubic Meter,11.198832
Luxembourg,Industrial,2020,May,Million Cubic Meter,24.617772
Luxembourg,Household,2020,May,Million Cubic Meter,24.734406
Luxembourg,Power,2020,June,Million Cubic Meter,9.071949
Luxembourg,Industrial,2020,June,Million Cubic Meter,23.802841
Luxembourg,Household,2020,June,Million Cubic Meter,16.359708
Luxembourg,Power,2020,July,Million Cubic Meter,7.809878
Luxembourg,Industrial,2020,July,Million Cubic Meter,23.427844
Luxembourg,Household,2020,July,Million Cubic Meter,14.275283
Luxembourg,Power,2020,August,Million Cubic Meter,7.189234
Luxembourg,Industrial,2020,August,Million Cubic Meter,21.312061
Luxembourg,Household,2020,August,Million Cubic Meter,11.592671
Luxembourg,Power,2020,September,Million Cubic Meter,9.544257
Luxembourg,Industrial,2020,September,Million Cubic Meter,24.391403
Luxembourg,Household,2020,September,Million Cubic Meter,18.335091
Luxembourg,Power,2020,October,Million Cubic Meter,16.47139
Luxembourg,Industrial,2020,October,Million Cubic Meter,26.353802
Luxembourg,Household,2020,October,Million Cubic Meter,41.298116
Luxembourg,Power,2020,November,Million Cubic Meter,17.157533
Luxembourg,Industrial,2020,November,Million Cubic Meter,27.698799
Luxembourg,Household,2020,November,Million Cubic Meter,53.902826
Luxembourg,Power,2020,December,Million Cubic Meter,19.659528
Luxembourg,Industrial,2020,December,Million Cubic Meter,21.758418
Luxembourg,Household,2020,December,Million Cubic Meter,68.09761
Luxembourg,Industrial,2019,January,Million Cubic Meter,34.168459
Luxembourg,Household,2019,January,Million Cubic Meter,81.591863
Luxembourg,Industrial,2019,February,Million Cubic Meter,30.925809
Luxembourg,Household,2019,February,Million Cubic Meter,61.370696
Luxembourg,Industrial,2019,March,Million Cubic Meter,33.17784
Luxembourg,Household,2019,March,Million Cubic Meter,55.734438
Luxembourg,Industrial,2019,April,Million Cubic Meter,30.182518
Luxembourg,Household,2019,April,Million Cubic Meter,38.978421
Luxembourg,Industrial,2019,May,Million Cubic Meter,30.824881
Luxembourg,Household,2019,May,Million Cubic Meter,31.462535
Luxembourg,Industrial,2019,June,Million Cubic Meter,29.402862
Luxembourg,Household,2019,June,Million Cubic Meter,15.590962
Luxembourg,Industrial,2019,July,Million Cubic Meter,29.683427
Luxembourg,Household,2019,July,Million Cubic Meter,13.603948
Luxembourg,Industrial,2019,August,Million Cubic Meter,23.444467
Luxembourg,Household,2019,August,Million Cubic Meter,13.521703
Luxembourg,Industrial,2019,September,Million Cubic Meter,27.525845
Luxembourg,Household,2019,September,Million Cubic Meter,20.310649
Luxembourg,Industrial,2019,October,Million Cubic Meter,30.308865
Luxembourg,Household,2019,October,Million Cubic Meter,35.852274
Luxembourg,Industrial,2019,November,Million Cubic Meter,30.248242
Luxembourg,Household,2019,November,Million Cubic Meter,60.002585
Luxembourg,Industrial,2019,December,Million Cubic Meter,24.980557
Luxembourg,Household,2019,December,Million Cubic Meter,66.962702
Netherlands,Power,2024,January,Million Cubic Meter,662
Netherlands,Industrial,2024,January,Million Cubic Meter,597.689434
Netherlands,Household,2024,January,Million Cubic Meter,2865.186201
Netherlands,Power,2024,February,Million Cubic Meter,436
Netherlands,Industrial,2024,February,Million Cubic Meter,564.649625
Netherlands,Household,2024,February,Million Cubic Meter,1995.350375
Netherlands,Power,2024,March,Million Cubic Meter,482
Netherlands,Industrial,2024,March,Million Cubic Meter,591.818587
Netherlands,Household,2024,March,Million Cubic Meter,1775.181413
Netherlands,Power,2024,April,Million Cubic Meter,328
Netherlands,Industrial,2024,April,Million Cubic Meter,634.066985
Netherlands,Household,2024,April,Million Cubic Meter,1368.933015
Netherlands,Power,2024,May,Million Cubic Meter,366
Netherlands,Industrial,2024,May,Million Cubic Meter,640.342084
Netherlands,Household,2024,May,Million Cubic Meter,861.659695
Netherlands,Power,2024,June,Million Cubic Meter,383
Netherlands,Industrial,2024,June,Million Cubic Meter,571.512384
Netherlands,Household,2024,June,Million Cubic Meter,808.487616
Netherlands,Power,2024,July,Million Cubic Meter,413
Netherlands,Industrial,2024,July,Million Cubic Meter,543.54637
Netherlands,Household,2024,July,Million Cubic Meter,751.354581
Netherlands,Power,2024,August,Million Cubic Meter,430
Netherlands,Industrial,2024,August,Million Cubic Meter,572.498591
Netherlands,Household,2024,August,Million Cubic Meter,660.501409
Netherlands,Power,2024,September,Million Cubic Meter,406
Netherlands,Industrial,2024,September,Million Cubic Meter,548.332623
Netherlands,Household,2024,September,Million Cubic Meter,841.068867
Netherlands,Power,2024,October,Million Cubic Meter,459
Netherlands,Industrial,2024,October,Million Cubic Meter,547.113512
Netherlands,Household,2024,October,Million Cubic Meter,1238.886488
Netherlands,Power,2024,November,Million Cubic Meter,777
Netherlands,Industrial,2024,November,Million Cubic Meter,536.780384
Netherlands,Household,2024,November,Million Cubic Meter,1973.219616
Netherlands,Power,2024,December,Million Cubic Meter,529
Netherlands,Industrial,2024,December,Million Cubic Meter,578.683798
Netherlands,Household,2024,December,Million Cubic Meter,2353.30606
Netherlands,Power,2023,January,Million Cubic Meter,486
Netherlands,Industrial,2023,January,Million Cubic Meter,455.40566
Netherlands,Household,2023,January,Million Cubic Meter,2441.59434
Netherlands,Power,2023,February,Million Cubic Meter,580
Netherlands,Industrial,2023,February,Million Cubic Meter,432.500153
Netherlands,Household,2023,February,Million Cubic Meter,2038.499847
Netherlands,Power,2023,March,Million Cubic Meter,500
Netherlands,Industrial,2023,March,Million Cubic Meter,495.074181
Netherlands,Household,2023,March,Million Cubic Meter,2115.925819
Netherlands,Power,2023,April,Million Cubic Meter,434
Netherlands,Industrial,2023,April,Million Cubic Meter,469.648311
Netherlands,Household,2023,April,Million Cubic Meter,1525.351689
Netherlands,Power,2023,May,Million Cubic Meter,433
Netherlands,Industrial,2023,May,Million Cubic Meter,461.051915
Netherlands,Household,2023,May,Million Cubic Meter,1000.948085
Netherlands,Power,2023,June,Million Cubic Meter,633
Netherlands,Industrial,2023,June,Million Cubic Meter,492.722285
Netherlands,Household,2023,June,Million Cubic Meter,742.277715
Netherlands,Power,2023,July,Million Cubic Meter,489
Netherlands,Industrial,2023,July,Million Cubic Meter,500.31076
Netherlands,Household,2023,July,Million Cubic Meter,730.68924
Netherlands,Power,2023,August,Million Cubic Meter,638
Netherlands,Industrial,2023,August,Million Cubic Meter,530.040067
Netherlands,Household,2023,August,Million Cubic Meter,751.959933
Netherlands,Power,2023,September,Million Cubic Meter,615
Netherlands,Industrial,2023,September,Million Cubic Meter,522.972556
Netherlands,Household,2023,September,Million Cubic Meter,825.027444
Netherlands,Power,2023,October,Million Cubic Meter,407
Netherlands,Industrial,2023,October,Million Cubic Meter,548.172486
Netherlands,Household,2023,October,Million Cubic Meter,1199.827514
Netherlands,Power,2023,November,Million Cubic Meter,411
Netherlands,Industrial,2023,November,Million Cubic Meter,510.851461
Netherlands,Household,2023,November,Million Cubic Meter,1962.148539
Netherlands,Power,2023,December,Million Cubic Meter,524
Netherlands,Industrial,2023,December,Million Cubic Meter,577.606456
Netherlands,Household,2023,December,Million Cubic Meter,2290.393544
Netherlands,Power,2022,January,Million Cubic Meter,677
Netherlands,Industrial,2022,January,Million Cubic Meter,1500.566683
Netherlands,Household,2022,January,Million Cubic Meter,2080.433317
Netherlands,Power,2022,February,Million Cubic Meter,391
Netherlands,Industrial,2022,February,Million Cubic Meter,1126.560379
Netherlands,Household,2022,February,Million Cubic Meter,1895.439621
Netherlands,Power,2022,March,Million Cubic Meter,607
Netherlands,Industrial,2022,March,Million Cubic Meter,1373.435854
Netherlands,Household,2022,March,Million Cubic Meter,1265.564146
Netherlands,Power,2022,April,Million Cubic Meter,410
Netherlands,Industrial,2022,April,Million Cubic Meter,1184.976447
Netherlands,Household,2022,April,Million Cubic Meter,1059.023553
Netherlands,Power,2022,May,Million Cubic Meter,527
Netherlands,Industrial,2022,May,Million Cubic Meter,1250.962197
Netherlands,Household,2022,May,Million Cubic Meter,304.037803
Netherlands,Power,2022,June,Million Cubic Meter,587
Netherlands,Industrial,2022,June,Million Cubic Meter,1270.183842
Netherlands,Household,2022,June,Million Cubic Meter,65.816158
Netherlands,Power,2022,July,Million Cubic Meter,504
Netherlands,Industrial,2022,July,Million Cubic Meter,495.396569
Netherlands,Household,2022,July,Million Cubic Meter,751.603431
Netherlands,Power,2022,August,Million Cubic Meter,569
Netherlands,Industrial,2022,August,Million Cubic Meter,435.293236
Netherlands,Household,2022,August,Million Cubic Meter,665.706764
Netherlands,Power,2022,September,Million Cubic Meter,462
Netherlands,Industrial,2022,September,Million Cubic Meter,392.626164
Netherlands,Household,2022,September,Million Cubic Meter,883.373836
Netherlands,Power,2022,October,Million Cubic Meter,609
Netherlands,Industrial,2022,October,Million Cubic Meter,433.424496
Netherlands,Household,2022,October,Million Cubic Meter,1060.575504
Netherlands,Power,2022,November,Million Cubic Meter,446
Netherlands,Industrial,2022,November,Million Cubic Meter,444.159288
Netherlands,Household,2022,November,Million Cubic Meter,1714.840712
Netherlands,Power,2022,December,Million Cubic Meter,763
Netherlands,Industrial,2022,December,Million Cubic Meter,477.833255
Netherlands,Household,2022,December,Million Cubic Meter,2564.166745
Netherlands,Power,2021,January,Million Cubic Meter,820
Netherlands,Industrial,2021,January,Million Cubic Meter,1888.55607
Netherlands,Household,2021,January,Million Cubic Meter,2886.44393
Netherlands,Power,2021,February,Million Cubic Meter,822
Netherlands,Industrial,2021,February,Million Cubic Meter,1787.285261
Netherlands,Household,2021,February,Million Cubic Meter,2012.714739
Netherlands,Power,2021,March,Million Cubic Meter,846
Netherlands,Industrial,2021,March,Million Cubic Meter,1890.974717
Netherlands,Household,2021,March,Million Cubic Meter,1677.025283
Netherlands,Power,2021,April,Million Cubic Meter,604
Netherlands,Industrial,2021,April,Million Cubic Meter,1584.508984
Netherlands,Household,2021,April,Million Cubic Meter,1466.491016
Netherlands,Power,2021,May,Million Cubic Meter,543
Netherlands,Industrial,2021,May,Million Cubic Meter,1542.82206
Netherlands,Household,2021,May,Million Cubic Meter,890.17794
Netherlands,Power,2021,June,Million Cubic Meter,717
Netherlands,Industrial,2021,June,Million Cubic Meter,1542.039311
Netherlands,Household,2021,June,Million Cubic Meter,43.960689
Netherlands,Power,2021,July,Million Cubic Meter,543
Netherlands,Industrial,2021,July,Million Cubic Meter,1416.936383
Netherlands,Household,2021,July,Million Cubic Meter,187.063617
Netherlands,Power,2021,August,Million Cubic Meter,235
Netherlands,Industrial,2021,August,Million Cubic Meter,1111.587492
Netherlands,Household,2021,August,Million Cubic Meter,488.412508
Netherlands,Power,2021,September,Million Cubic Meter,482
Netherlands,Industrial,2021,September,Million Cubic Meter,1331.698364
Netherlands,Household,2021,September,Million Cubic Meter,317.301636
Netherlands,Power,2021,October,Million Cubic Meter,383
Netherlands,Industrial,2021,October,Million Cubic Meter,1202.733095
Netherlands,Household,2021,October,Million Cubic Meter,996.266905
Netherlands,Power,2021,November,Million Cubic Meter,788
Netherlands,Industrial,2021,November,Million Cubic Meter,1548.977341
Netherlands,Household,2021,November,Million Cubic Meter,1330.022659
Netherlands,Power,2021,December,Million Cubic Meter,695
Netherlands,Industrial,2021,December,Million Cubic Meter,1554.208282
Netherlands,Household,2021,December,Million Cubic Meter,1956.791718
Netherlands,Power,2020,January,Million Cubic Meter,1128
Netherlands,Industrial,2020,January,Million Cubic Meter,1884.923434
Netherlands,Household,2020,January,Million Cubic Meter,1973.076566
Netherlands,Power,2020,February,Million Cubic Meter,834
Netherlands,Industrial,2020,February,Million Cubic Meter,1623.389238
Netherlands,Household,2020,February,Million Cubic Meter,1899.610762
Netherlands,Power,2020,March,Million Cubic Meter,740
Netherlands,Industrial,2020,March,Million Cubic Meter,1592.477572
Netherlands,Household,2020,March,Million Cubic Meter,1776.522428
Netherlands,Power,2020,April,Million Cubic Meter,623
Netherlands,Industrial,2020,April,Million Cubic Meter,1394.614945
Netherlands,Household,2020,April,Million Cubic Meter,785.385055
Netherlands,Power,2020,May,Million Cubic Meter,790
Netherlands,Industrial,2020,May,Million Cubic Meter,1536.921078
Netherlands,Household,2020,May,Million Cubic Meter,418.078922
Netherlands,Power,2020,June,Million Cubic Meter,886
Netherlands,Industrial,2020,June,Million Cubic Meter,1570.907767
Netherlands,Household,2020,June,Million Cubic Meter,57.092233
Netherlands,Power,2020,July,Million Cubic Meter,1079
Netherlands,Industrial,2020,July,Million Cubic Meter,1542.241
Netherlands,Household,2020,July,Million Cubic Meter,184.7586
Netherlands,Power,2020,August,Million Cubic Meter,1152
Netherlands,Industrial,2020,August,Million Cubic Meter,1131.849
Netherlands,Household,2020,August,Million Cubic Meter,482.1508
Netherlands,Power,2020,September,Million Cubic Meter,894
Netherlands,Industrial,2020,September,Million Cubic Meter,1662.724844
Netherlands,Household,2020,September,Million Cubic Meter,139.275156
Netherlands,Power,2020,October,Million Cubic Meter,765
Netherlands,Industrial,2020,October,Million Cubic Meter,1657.034685
Netherlands,Household,2020,October,Million Cubic Meter,993.965315
Netherlands,Power,2020,November,Million Cubic Meter,890
Netherlands,Industrial,2020,November,Million Cubic Meter,1656.416874
Netherlands,Household,2020,November,Million Cubic Meter,1264.583126
Netherlands,Power,2020,December,Million Cubic Meter,878
Netherlands,Industrial,2020,December,Million Cubic Meter,1783.984028
Netherlands,Household,2020,December,Million Cubic Meter,2160.015972
Netherlands,Power,2019,January,Million Cubic Meter,939
Netherlands,Industrial,2019,January,Million Cubic Meter,1791.876579
Netherlands,Household,2019,January,Million Cubic Meter,2590.123421
Netherlands,Power,2019,February,Million Cubic Meter,835
Netherlands,Industrial,2019,February,Million Cubic Meter,1575.999158
Netherlands,Household,2019,February,Million Cubic Meter,1758.000842
Netherlands,Power,2019,March,Million Cubic Meter,808
Netherlands,Industrial,2019,March,Million Cubic Meter,1655.363547
Netherlands,Household,2019,March,Million Cubic Meter,1702.636453
Netherlands,Power,2019,April,Million Cubic Meter,666
Netherlands,Industrial,2019,April,Million Cubic Meter,1446.430311
Netherlands,Household,2019,April,Million Cubic Meter,942.569689
Netherlands,Power,2019,May,Million Cubic Meter,852
Netherlands,Industrial,2019,May,Million Cubic Meter,1627.46036
Netherlands,Household,2019,May,Million Cubic Meter,588.53964
Netherlands,Power,2019,June,Million Cubic Meter,756
Netherlands,Industrial,2019,June,Million Cubic Meter,1469.896996
Netherlands,Household,2019,June,Million Cubic Meter,126.103004
Netherlands,Power,2019,July,Million Cubic Meter,904
Netherlands,Industrial,2019,July,Million Cubic Meter,1645.88654
Netherlands,Household,2019,July,Million Cubic Meter,409.5
Netherlands,Power,2019,August,Million Cubic Meter,912
Netherlands,Industrial,2019,August,Million Cubic Meter,982.8583
Netherlands,Household,2019,August,Million Cubic Meter,659.1417
Netherlands,Power,2019,September,Million Cubic Meter,941
Netherlands,Industrial,2019,September,Million Cubic Meter,1713.064222
Netherlands,Household,2019,September,Million Cubic Meter,169.935778
Netherlands,Power,2019,October,Million Cubic Meter,982
Netherlands,Industrial,2019,October,Million Cubic Meter,1798.699569
Netherlands,Household,2019,October,Million Cubic Meter,810.300431
Netherlands,Power,2019,November,Million Cubic Meter,937
Netherlands,Industrial,2019,November,Million Cubic Meter,1716.372108
Netherlands,Household,2019,November,Million Cubic Meter,1705.627892
Netherlands,Power,2019,December,Million Cubic Meter,782
Netherlands,Industrial,2019,December,Million Cubic Meter,1638.69885
Netherlands,Household,2019,December,Million Cubic Meter,2148.30115
Poland,Power,2024,January,Million Cubic Meter,294.089333
Poland,Industrial,2024,January,Million Cubic Meter,476.380355
Poland,Household,2024,January,Million Cubic Meter,1908.348349
Poland,Power,2024,February,Million Cubic Meter,254.170286
Poland,Industrial,2024,February,Million Cubic Meter,419.969715
Poland,Household,2024,February,Million Cubic Meter,1439.288202
Poland,Power,2024,March,Million Cubic Meter,253.397035
Poland,Industrial,2024,March,Million Cubic Meter,432.572293
Poland,Household,2024,March,Million Cubic Meter,1394.388774
Poland,Power,2024,April,Million Cubic Meter,193.831619
Poland,Industrial,2024,April,Million Cubic Meter,373.207303
Poland,Household,2024,April,Million Cubic Meter,1054.633332
Poland,Power,2024,May,Million Cubic Meter,122.202095
Poland,Industrial,2024,May,Million Cubic Meter,298.212059
Poland,Household,2024,May,Million Cubic Meter,765.603203
Poland,Power,2024,June,Million Cubic Meter,169.526467
Poland,Industrial,2024,June,Million Cubic Meter,271.638568
Poland,Household,2024,June,Million Cubic Meter,700.273634
Poland,Power,2024,July,Million Cubic Meter,254.034571
Poland,Industrial,2024,July,Million Cubic Meter,377.595171
Poland,Household,2024,July,Million Cubic Meter,703.442593
Poland,Power,2024,August,Million Cubic Meter,278.970286
Poland,Industrial,2024,August,Million Cubic Meter,398.285699
Poland,Household,2024,August,Million Cubic Meter,710.273903
Poland,Power,2024,September,Million Cubic Meter,285.105619
Poland,Industrial,2024,September,Million Cubic Meter,447.790966
Poland,Household,2024,September,Million Cubic Meter,763.722352
Poland,Power,2024,October,Million Cubic Meter,310.394067
Poland,Industrial,2024,October,Million Cubic Meter,453.549962
Poland,Household,2024,October,Million Cubic Meter,1135.063032
Poland,Power,2024,November,Million Cubic Meter,373.23819
Poland,Industrial,2024,November,Million Cubic Meter,531.455208
Poland,Household,2024,November,Million Cubic Meter,1552.13513
Poland,Power,2024,December,Million Cubic Meter,350.677667
Poland,Industrial,2024,December,Million Cubic Meter,505.189448
Poland,Household,2024,December,Million Cubic Meter,1693.935469
Poland,Power,2023,January,Million Cubic Meter,229.938935
Poland,Industrial,2023,January,Million Cubic Meter,358.630308
Poland,Household,2023,January,Million Cubic Meter,1564.582935
Poland,Power,2023,February,Million Cubic Meter,200.001642
Poland,Industrial,2023,February,Million Cubic Meter,321.391306
Poland,Household,2023,February,Million Cubic Meter,1520.938064
Poland,Power,2023,March,Million Cubic Meter,255.089204
Poland,Industrial,2023,March,Million Cubic Meter,373.750379
Poland,Household,2023,March,Million Cubic Meter,1414.071046
Poland,Power,2023,April,Million Cubic Meter,205.018276
Poland,Industrial,2023,April,Million Cubic Meter,303.996861
Poland,Household,2023,April,Million Cubic Meter,1105.105594
Poland,Power,2023,May,Million Cubic Meter,143.979377
Poland,Industrial,2023,May,Million Cubic Meter,269.742455
Poland,Household,2023,May,Million Cubic Meter,788.31484
Poland,Power,2023,June,Million Cubic Meter,161.454684
Poland,Industrial,2023,June,Million Cubic Meter,269.899393
Poland,Household,2023,June,Million Cubic Meter,654.06513
Poland,Power,2023,July,Million Cubic Meter,169.67516
Poland,Industrial,2023,July,Million Cubic Meter,265.113714
Poland,Household,2023,July,Million Cubic Meter,648.411922
Poland,Power,2023,August,Million Cubic Meter,171.848019
Poland,Industrial,2023,August,Million Cubic Meter,293.647398
Poland,Household,2023,August,Million Cubic Meter,688.807662
Poland,Power,2023,September,Million Cubic Meter,94.025931
Poland,Industrial,2023,September,Million Cubic Meter,185.729436
Poland,Household,2023,September,Million Cubic Meter,725.559225
Poland,Power,2023,October,Million Cubic Meter,197.185234
Poland,Industrial,2023,October,Million Cubic Meter,292.776048
Poland,Household,2023,October,Million Cubic Meter,1040.867834
Poland,Power,2023,November,Million Cubic Meter,263.628762
Poland,Industrial,2023,November,Million Cubic Meter,416.093946
Poland,Household,2023,November,Million Cubic Meter,1460.27422
Poland,Power,2023,December,Million Cubic Meter,275.613714
Poland,Industrial,2023,December,Million Cubic Meter,437.660777
Poland,Household,2023,December,Million Cubic Meter,1734.034346
Poland,Power,2022,January,Million Cubic Meter,209.446819
Poland,Industrial,2022,January,Million Cubic Meter,417.793515
Poland,Household,2022,January,Million Cubic Meter,1792.086057
Poland,Power,2022,February,Million Cubic Meter,169.638575
Poland,Industrial,2022,February,Million Cubic Meter,344.493191
Poland,Household,2022,February,Million Cubic Meter,1473.516245
Poland,Power,2022,March,Million Cubic Meter,161.971806
Poland,Industrial,2022,March,Million Cubic Meter,314.974092
Poland,Household,2022,March,Million Cubic Meter,1479.578805
Poland,Power,2022,April,Million Cubic Meter,125.257981
Poland,Industrial,2022,April,Million Cubic Meter,308.698272
Poland,Household,2022,April,Million Cubic Meter,1229.575028
Poland,Power,2022,May,Million Cubic Meter,150.761928
Poland,Industrial,2022,May,Million Cubic Meter,316.118295
Poland,Household,2022,May,Million Cubic Meter,780.432028
Poland,Power,2022,June,Million Cubic Meter,146.630105
Poland,Industrial,2022,June,Million Cubic Meter,295.205294
Poland,Household,2022,June,Million Cubic Meter,671.763341
Poland,Power,2022,July,Million Cubic Meter,107.220851
Poland,Industrial,2022,July,Million Cubic Meter,259.467414
Poland,Household,2022,July,Million Cubic Meter,626.494998
Poland,Power,2022,August,Million Cubic Meter,91.554701
Poland,Industrial,2022,August,Million Cubic Meter,210.507906
Poland,Household,2022,August,Million Cubic Meter,577.709622
Poland,Power,2022,September,Million Cubic Meter,85.021893
Poland,Industrial,2022,September,Million Cubic Meter,168.825127
Poland,Household,2022,September,Million Cubic Meter,649.132082
Poland,Power,2022,October,Million Cubic Meter,131.734343
Poland,Industrial,2022,October,Million Cubic Meter,217.4486
Poland,Household,2022,October,Million Cubic Meter,898.471411
Poland,Power,2022,November,Million Cubic Meter,170.053882
Poland,Industrial,2022,November,Million Cubic Meter,323.204852
Poland,Household,2022,November,Million Cubic Meter,1314.740364
Poland,Power,2022,December,Million Cubic Meter,175.616973
Poland,Industrial,2022,December,Million Cubic Meter,298.06569
Poland,Household,2022,December,Million Cubic Meter,1685.452489
Poland,Power,2021,January,Million Cubic Meter,242.354495
Poland,Industrial,2021,January,Million Cubic Meter,512.881428
Poland,Household,2021,January,Million Cubic Meter,1891.09541
Poland,Power,2021,February,Million Cubic Meter,177.703861
Poland,Industrial,2021,February,Million Cubic Meter,408.635434
Poland,Household,2021,February,Million Cubic Meter,1797.997482
Poland,Power,2021,March,Million Cubic Meter,166.626177
Poland,Industrial,2021,March,Million Cubic Meter,439.719284
Poland,Household,2021,March,Million Cubic Meter,1639.67667
Poland,Power,2021,April,Million Cubic Meter,154.486962
Poland,Industrial,2021,April,Million Cubic Meter,399.713804
Poland,Household,2021,April,Million Cubic Meter,1338.721676
Poland,Power,2021,May,Million Cubic Meter,172.906798
Poland,Industrial,2021,May,Million Cubic Meter,373.776678
Poland,Household,2021,May,Million Cubic Meter,963.977771
Poland,Power,2021,June,Million Cubic Meter,193.533204
Poland,Industrial,2021,June,Million Cubic Meter,360.894963
Poland,Household,2021,June,Million Cubic Meter,742.381483
Poland,Power,2021,July,Million Cubic Meter,196.369217
Poland,Industrial,2021,July,Million Cubic Meter,417.130751
Poland,Household,2021,July,Million Cubic Meter,714.066474
Poland,Power,2021,August,Million Cubic Meter,179.504918
Poland,Industrial,2021,August,Million Cubic Meter,413.272356
Poland,Household,2021,August,Million Cubic Meter,747.270535
Poland,Power,2021,September,Million Cubic Meter,175.135554
Poland,Industrial,2021,September,Million Cubic Meter,373.592951
Poland,Household,2021,September,Million Cubic Meter,829.958801
Poland,Power,2021,October,Million Cubic Meter,213.555029
Poland,Industrial,2021,October,Million Cubic Meter,424.82985
Poland,Household,2021,October,Million Cubic Meter,1144.934336
Poland,Power,2021,November,Million Cubic Meter,234.372971
Poland,Industrial,2021,November,Million Cubic Meter,458.091808
Poland,Household,2021,November,Million Cubic Meter,1413.352528
Poland,Power,2021,December,Million Cubic Meter,232.527251
Poland,Industrial,2021,December,Million Cubic Meter,459.505819
Poland,Household,2021,December,Million Cubic Meter,1872.819492
Poland,Power,2020,January,Million Cubic Meter,377.742747
Poland,Industrial,2020,January,Million Cubic Meter,440.579876
Poland,Household,2020,January,Million Cubic Meter,1664.485334
Poland,Power,2020,February,Million Cubic Meter,174.259455
Poland,Industrial,2020,February,Million Cubic Meter,422.460876
Poland,Household,2020,February,Million Cubic Meter,1484.09365
Poland,Power,2020,March,Million Cubic Meter,188.124312
Poland,Industrial,2020,March,Million Cubic Meter,456.634522
Poland,Household,2020,March,Million Cubic Meter,1444.76584
Poland,Power,2020,April,Million Cubic Meter,187.497718
Poland,Industrial,2020,April,Million Cubic Meter,417.140377
Poland,Household,2020,April,Million Cubic Meter,992.723075
Poland,Power,2020,May,Million Cubic Meter,187.375737
Poland,Industrial,2020,May,Million Cubic Meter,433.764606
Poland,Household,2020,May,Million Cubic Meter,865.696818
Poland,Power,2020,June,Million Cubic Meter,153.474004
Poland,Industrial,2020,June,Million Cubic Meter,375.366972
Poland,Household,2020,June,Million Cubic Meter,707.560049
Poland,Power,2020,July,Million Cubic Meter,203.746145
Poland,Industrial,2020,July,Million Cubic Meter,442.197756
Poland,Household,2020,July,Million Cubic Meter,712.982868
Poland,Power,2020,August,Million Cubic Meter,173.430295
Poland,Industrial,2020,August,Million Cubic Meter,393.646322
Poland,Household,2020,August,Million Cubic Meter,687.809426
Poland,Power,2020,September,Million Cubic Meter,205.899491
Poland,Industrial,2020,September,Million Cubic Meter,439.382179
Poland,Household,2020,September,Million Cubic Meter,764.645676
Poland,Power,2020,October,Million Cubic Meter,206.023526
Poland,Industrial,2020,October,Million Cubic Meter,454.544245
Poland,Household,2020,October,Million Cubic Meter,1113.369749
Poland,Power,2020,November,Million Cubic Meter,244.935703
Poland,Industrial,2020,November,Million Cubic Meter,486.42307
Poland,Household,2020,November,Million Cubic Meter,1405.190052
Poland,Power,2020,December,Million Cubic Meter,260.976564
Poland,Industrial,2020,December,Million Cubic Meter,519.325475
Poland,Household,2020,December,Million Cubic Meter,1703.530998
Poland,Power,2019,January,Million Cubic Meter,228.762
Poland,Industrial,2019,January,Million Cubic Meter,416.975698
Poland,Household,2019,January,Million Cubic Meter,1814.377531
Poland,Power,2019,February,Million Cubic Meter,203.263
Poland,Industrial,2019,February,Million Cubic Meter,369.058074
Poland,Household,2019,February,Million Cubic Meter,1424.695493
Poland,Power,2019,March,Million Cubic Meter,233.818
Poland,Industrial,2019,March,Million Cubic Meter,428.906282
Poland,Household,2019,March,Million Cubic Meter,1372.077172
Poland,Power,2019,April,Million Cubic Meter,255.004
Poland,Industrial,2019,April,Million Cubic Meter,435.517779
Poland,Household,2019,April,Million Cubic Meter,1016.165931
Poland,Power,2019,May,Million Cubic Meter,217.582
Poland,Industrial,2019,May,Million Cubic Meter,381.271657
Poland,Household,2019,May,Million Cubic Meter,889.483018
Poland,Power,2019,June,Million Cubic Meter,185.959
Poland,Industrial,2019,June,Million Cubic Meter,326.065152
Poland,Household,2019,June,Million Cubic Meter,651.419966
Poland,Power,2019,July,Million Cubic Meter,220.728
Poland,Industrial,2019,July,Million Cubic Meter,352.351707
Poland,Household,2019,July,Million Cubic Meter,678.071933
Poland,Power,2019,August,Million Cubic Meter,242.182
Poland,Industrial,2019,August,Million Cubic Meter,402.807254
Poland,Household,2019,August,Million Cubic Meter,664.643405
Poland,Power,2019,September,Million Cubic Meter,176.167
Poland,Industrial,2019,September,Million Cubic Meter,340.664161
Poland,Household,2019,September,Million Cubic Meter,764.252259
Poland,Power,2019,October,Million Cubic Meter,230.426
Poland,Industrial,2019,October,Million Cubic Meter,396.082884
Poland,Household,2019,October,Million Cubic Meter,1064.938448
Poland,Power,2019,November,Million Cubic Meter,251.034
Poland,Industrial,2019,November,Million Cubic Meter,409.827356
Poland,Household,2019,November,Million Cubic Meter,1314.29656
Poland,Power,2019,December,Million Cubic Meter,309.426
Poland,Industrial,2019,December,Million Cubic Meter,450.277927
Poland,Household,2019,December,Million Cubic Meter,1555.534053
Portugal,Power,2024,January,Million Cubic Meter,104.380952
Portugal,Industrial,2024,January,Million Cubic Meter,73.910853
Portugal,Household,2024,January,Million Cubic Meter,223.517719
Portugal,Power,2024,February,Million Cubic Meter,59.238095
Portugal,Industrial,2024,February,Million Cubic Meter,69.57438
Portugal,Household,2024,February,Million Cubic Meter,212.330382
Portugal,Power,2024,March,Million Cubic Meter,69.333333
Portugal,Industrial,2024,March,Million Cubic Meter,77.468466
Portugal,Household,2024,March,Million Cubic Meter,215.293439
Portugal,Power,2024,April,Million Cubic Meter,11.52381
Portugal,Industrial,2024,April,Million Cubic Meter,69.242337
Portugal,Household,2024,April,Million Cubic Meter,191.90052
Portugal,Power,2024,May,Million Cubic Meter,4.380952
Portugal,Industrial,2024,May,Million Cubic Meter,86.045962
Portugal,Household,2024,May,Million Cubic Meter,175.192133
Portugal,Power,2024,June,Million Cubic Meter,7.047619
Portugal,Industrial,2024,June,Million Cubic Meter,89.362685
Portugal,Household,2024,June,Million Cubic Meter,156.065886
Portugal,Power,2024,July,Million Cubic Meter,45.619048
Portugal,Industrial,2024,July,Million Cubic Meter,106.284627
Portugal,Household,2024,July,Million Cubic Meter,148.38204
Portugal,Power,2024,August,Million Cubic Meter,48.952381
Portugal,Industrial,2024,August,Million Cubic Meter,99.340563
Portugal,Household,2024,August,Million Cubic Meter,132.373722
Portugal,Power,2024,September,Million Cubic Meter,57.142857
Portugal,Industrial,2024,September,Million Cubic Meter,105.017751
Portugal,Household,2024,September,Million Cubic Meter,152.315582
Portugal,Power,2024,October,Million Cubic Meter,61.333333
Portugal,Industrial,2024,October,Million Cubic Meter,90.03659
Portugal,Household,2024,October,Million Cubic Meter,177.296743
Portugal,Power,2024,November,Million Cubic Meter,91.904762
Portugal,Industrial,2024,November,Million Cubic Meter,74.615866
Portugal,Household,2024,November,Million Cubic Meter,182.241277
Portugal,Power,2024,December,Million Cubic Meter,120.761905
Portugal,Industrial,2024,December,Million Cubic Meter,68.236139
Portugal,Household,2024,December,Million Cubic Meter,203.287671
Portugal,Power,2023,January,Million Cubic Meter,90.47619
Portugal,Industrial,2023,January,Million Cubic Meter,78.620041
Portugal,Household,2023,January,Million Cubic Meter,208.237102
Portugal,Power,2023,February,Million Cubic Meter,223.142857
Portugal,Industrial,2023,February,Million Cubic Meter,106.414362
Portugal,Household,2023,February,Million Cubic Meter,136.442781
Portugal,Power,2023,March,Million Cubic Meter,91.333333
Portugal,Industrial,2023,March,Million Cubic Meter,91.733394
Portugal,Household,2023,March,Million Cubic Meter,201.790416
Portugal,Power,2023,April,Million Cubic Meter,79.809524
Portugal,Industrial,2023,April,Million Cubic Meter,91.566198
Portugal,Household,2023,April,Million Cubic Meter,157.576659
Portugal,Power,2023,May,Million Cubic Meter,101.809524
Portugal,Industrial,2023,May,Million Cubic Meter,126.072057
Portugal,Household,2023,May,Million Cubic Meter,134.023181
Portugal,Power,2023,June,Million Cubic Meter,168.761905
Portugal,Industrial,2023,June,Million Cubic Meter,159.81079
Portugal,Household,2023,June,Million Cubic Meter,93.808258
Portugal,Power,2023,July,Million Cubic Meter,192.571429
Portugal,Industrial,2023,July,Million Cubic Meter,170.368752
Portugal,Household,2023,July,Million Cubic Meter,87.345534
Portugal,Power,2023,August,Million Cubic Meter,159.047619
Portugal,Industrial,2023,August,Million Cubic Meter,150.045576
Portugal,Household,2023,August,Million Cubic Meter,87.478234
Portugal,Power,2023,September,Million Cubic Meter,173.809524
Portugal,Industrial,2023,September,Million Cubic Meter,153.991122
Portugal,Household,2023,September,Million Cubic Meter,101.91364
Portugal,Power,2023,October,Million Cubic Meter,116.571429
Portugal,Industrial,2023,October,Million Cubic Meter,103.686161
Portugal,Household,2023,October,Million Cubic Meter,127.26622
Portugal,Power,2023,November,Million Cubic Meter,84.666667
Portugal,Industrial,2023,November,Million Cubic Meter,83.08444
Portugal,Household,2023,November,Million Cubic Meter,180.820322
Portugal,Power,2023,December,Million Cubic Meter,70.952381
Portugal,Industrial,2023,December,Million Cubic Meter,70.218378
Portugal,Household,2023,December,Million Cubic Meter,212.829241
Portugal,Power,2022,January,Million Cubic Meter,249.428571
Portugal,Industrial,2022,January,Million Cubic Meter,85.778915
Portugal,Household,2022,January,Million Cubic Meter,206.584809
Portugal,Power,2022,February,Million Cubic Meter,203.047619
Portugal,Industrial,2022,February,Million Cubic Meter,83.586859
Portugal,Household,2022,February,Million Cubic Meter,182.698856
Portugal,Power,2022,March,Million Cubic Meter,216.095238
Portugal,Industrial,2022,March,Million Cubic Meter,96.251922
Portugal,Household,2022,March,Million Cubic Meter,199.367126
Portugal,Power,2022,April,Million Cubic Meter,165.52381
Portugal,Industrial,2022,April,Million Cubic Meter,100.384404
Portugal,Household,2022,April,Million Cubic Meter,174.187025
Portugal,Power,2022,May,Million Cubic Meter,216.571429
Portugal,Industrial,2022,May,Million Cubic Meter,143.02978
Portugal,Household,2022,May,Million Cubic Meter,120.208316
Portugal,Power,2022,June,Million Cubic Meter,249.333333
Portugal,Industrial,2022,June,Million Cubic Meter,171.545465
Portugal,Household,2022,June,Million Cubic Meter,100.440171
Portugal,Power,2022,July,Million Cubic Meter,268
Portugal,Industrial,2022,July,Million Cubic Meter,175.859992
Portugal,Household,2022,July,Million Cubic Meter,92.140008
Portugal,Power,2022,August,Million Cubic Meter,261.809524
Portugal,Industrial,2022,August,Million Cubic Meter,168.141901
Portugal,Household,2022,August,Million Cubic Meter,82.524766
Portugal,Power,2022,September,Million Cubic Meter,237.714286
Portugal,Industrial,2022,September,Million Cubic Meter,150.380679
Portugal,Household,2022,September,Million Cubic Meter,100.000274
Portugal,Power,2022,October,Million Cubic Meter,230.761905
Portugal,Industrial,2022,October,Million Cubic Meter,118.212313
Portugal,Household,2022,October,Million Cubic Meter,127.501972
Portugal,Power,2022,November,Million Cubic Meter,235.333333
Portugal,Industrial,2022,November,Million Cubic Meter,94.997942
Portugal,Household,2022,November,Million Cubic Meter,174.716344
Portugal,Power,2022,December,Million Cubic Meter,143.52381
Portugal,Industrial,2022,December,Million Cubic Meter,59.224696
Portugal,Household,2022,December,Million Cubic Meter,197.156257
Portugal,Power,2021,January,Million Cubic Meter,161.904762
Portugal,Industrial,2021,January,Million Cubic Meter,102.187363
Portugal,Household,2021,January,Million Cubic Meter,305.241209
Portugal,Power,2021,February,Million Cubic Meter,41.238095
Portugal,Industrial,2021,February,Million Cubic Meter,77.400568
Portugal,Household,2021,February,Million Cubic Meter,269.361337
Portugal,Power,2021,March,Million Cubic Meter,103.238095
Portugal,Industrial,2021,March,Million Cubic Meter,99.535777
Portugal,Household,2021,March,Million Cubic Meter,272.368985
Portugal,Power,2021,April,Million Cubic Meter,196.571429
Portugal,Industrial,2021,April,Million Cubic Meter,135.672863
Portugal,Household,2021,April,Million Cubic Meter,211.565232
Portugal,Power,2021,May,Million Cubic Meter,127.333333
Portugal,Industrial,2021,May,Million Cubic Meter,148.789194
Portugal,Household,2021,May,Million Cubic Meter,189.591758
Portugal,Power,2021,June,Million Cubic Meter,243.52381
Portugal,Industrial,2021,June,Million Cubic Meter,196.644123
Portugal,Household,2021,June,Million Cubic Meter,122.498734
Portugal,Power,2021,July,Million Cubic Meter,193.904762
Portugal,Industrial,2021,July,Million Cubic Meter,177.70531
Portugal,Household,2021,July,Million Cubic Meter,136.866119
Portugal,Power,2021,August,Million Cubic Meter,177.142857
Portugal,Industrial,2021,August,Million Cubic Meter,165.822786
Portugal,Household,2021,August,Million Cubic Meter,131.510547
Portugal,Power,2021,September,Million Cubic Meter,249.904762
Portugal,Industrial,2021,September,Million Cubic Meter,188.120816
Portugal,Household,2021,September,Million Cubic Meter,132.926803
Portugal,Power,2021,October,Million Cubic Meter,211.904762
Portugal,Industrial,2021,October,Million Cubic Meter,136.077597
Portugal,Household,2021,October,Million Cubic Meter,156.970022
Portugal,Power,2021,November,Million Cubic Meter,237.047619
Portugal,Industrial,2021,November,Million Cubic Meter,112.184741
Portugal,Household,2021,November,Million Cubic Meter,186.29145
Portugal,Power,2021,December,Million Cubic Meter,182.857143
Portugal,Industrial,2021,December,Million Cubic Meter,81.127299
Portugal,Household,2021,December,Million Cubic Meter,214.682225
Portugal,Power,2020,January,Million Cubic Meter,249.428571
Portugal,Industrial,2020,January,Million Cubic Meter,86.698031
Portugal,Household,2020,January,Million Cubic Meter,206.444826
Portugal,Power,2020,February,Million Cubic Meter,203.047619
Portugal,Industrial,2020,February,Million Cubic Meter,84.381909
Portugal,Household,2020,February,Million Cubic Meter,181.903805
Portugal,Power,2020,March,Million Cubic Meter,216.095238
Portugal,Industrial,2020,March,Million Cubic Meter,97.118766
Portugal,Household,2020,March,Million Cubic Meter,198.500282
Portugal,Power,2020,April,Million Cubic Meter,165.52381
Portugal,Industrial,2020,April,Million Cubic Meter,101.129925
Portugal,Household,2020,April,Million Cubic Meter,173.441504
Portugal,Power,2020,May,Million Cubic Meter,216.571429
Portugal,Industrial,2020,May,Million Cubic Meter,143.842577
Portugal,Household,2020,May,Million Cubic Meter,119.395518
Portugal,Power,2020,June,Million Cubic Meter,249.333333
Portugal,Industrial,2020,June,Million Cubic Meter,171.679772
Portugal,Household,2020,June,Million Cubic Meter,99.558323
Portugal,Power,2020,July,Million Cubic Meter,268
Portugal,Industrial,2020,July,Million Cubic Meter,176.767976
Portugal,Household,2020,July,Million Cubic Meter,91.232024
Portugal,Power,2020,August,Million Cubic Meter,261.809524
Portugal,Industrial,2020,August,Million Cubic Meter,169.010035
Portugal,Household,2020,August,Million Cubic Meter,81.656631
Portugal,Power,2020,September,Million Cubic Meter,237.714286
Portugal,Industrial,2020,September,Million Cubic Meter,151.207512
Portugal,Household,2020,September,Million Cubic Meter,99.17344
Portugal,Power,2020,October,Million Cubic Meter,230.761905
Portugal,Industrial,2020,October,Million Cubic Meter,119.019464
Portugal,Household,2020,October,Million Cubic Meter,126.694822
Portugal,Power,2020,November,Million Cubic Meter,235.333333
Portugal,Industrial,2020,November,Million Cubic Meter,95.853493
Portugal,Household,2020,November,Million Cubic Meter,173.860793
Portugal,Power,2020,December,Million Cubic Meter,143.52381
Portugal,Industrial,2020,December,Million Cubic Meter,59.902134
Portugal,Household,2020,December,Million Cubic Meter,196.478818
Romania,Power,2024,January,Million Cubic Meter,249.189476
Romania,Industrial,2024,January,Million Cubic Meter,299.182445
Romania,Household,2024,January,Million Cubic Meter,1201.429121
Romania,Power,2024,February,Million Cubic Meter,209.096667
Romania,Industrial,2024,February,Million Cubic Meter,275.344405
Romania,Household,2024,February,Million Cubic Meter,809.941576
Romania,Power,2024,March,Million Cubic Meter,206.028439
Romania,Industrial,2024,March,Million Cubic Meter,282.356719
Romania,Household,2024,March,Million Cubic Meter,763.572527
Romania,Power,2024,April,Million Cubic Meter,62.677715
Romania,Industrial,2024,April,Million Cubic Meter,163.26398
Romania,Household,2024,April,Million Cubic Meter,338.865211
Romania,Power,2024,May,Million Cubic Meter,61.244503
Romania,Industrial,2024,May,Million Cubic Meter,153.772562
Romania,Household,2024,May,Million Cubic Meter,258.287807
Romania,Power,2024,June,Million Cubic Meter,132.642429
Romania,Industrial,2024,June,Million Cubic Meter,178.875111
Romania,Household,2024,June,Million Cubic Meter,180.433306
Romania,Power,2024,July,Million Cubic Meter,163.832429
Romania,Industrial,2024,July,Million Cubic Meter,238.730836
Romania,Household,2024,July,Million Cubic Meter,180.941726
Romania,Power,2024,August,Million Cubic Meter,162.353176
Romania,Industrial,2024,August,Million Cubic Meter,199.267625
Romania,Household,2024,August,Million Cubic Meter,175.290632
Romania,Power,2024,September,Million Cubic Meter,142.503
Romania,Industrial,2024,September,Million Cubic Meter,177.097204
Romania,Household,2024,September,Million Cubic Meter,212.371552
Romania,Power,2024,October,Million Cubic Meter,157.50405
Romania,Industrial,2024,October,Million Cubic Meter,193.317989
Romania,Household,2024,October,Million Cubic Meter,461.922533
Romania,Power,2024,November,Million Cubic Meter,199.092286
Romania,Industrial,2024,November,Million Cubic Meter,227.636876
Romania,Household,2024,November,Million Cubic Meter,945.887402
Romania,Power,2024,December,Million Cubic Meter,209.14751
Romania,Industrial,2024,December,Million Cubic Meter,240.155233
Romania,Household,2024,December,Million Cubic Meter,1095.669203
Romania,Power,2023,January,Million Cubic Meter,232.426523
Romania,Industrial,2023,January,Million Cubic Meter,235.669459
Romania,Household,2023,January,Million Cubic Meter,997.418509
Romania,Power,2023,February,Million Cubic Meter,212.345402
Romania,Industrial,2023,February,Million Cubic Meter,225.090088
Romania,Household,2023,February,Million Cubic Meter,1017.158164
Romania,Power,2023,March,Million Cubic Meter,125.899205
Romania,Industrial,2023,March,Million Cubic Meter,141.052292
Romania,Household,2023,March,Million Cubic Meter,797.741213
Romania,Power,2023,April,Million Cubic Meter,81.435459
Romania,Industrial,2023,April,Million Cubic Meter,101.112995
Romania,Household,2023,April,Million Cubic Meter,592.074895
Romania,Power,2023,May,Million Cubic Meter,69.011124
Romania,Industrial,2023,May,Million Cubic Meter,104.459776
Romania,Household,2023,May,Million Cubic Meter,315.597807
Romania,Power,2023,June,Million Cubic Meter,51.039579
Romania,Industrial,2023,June,Million Cubic Meter,107.53567
Romania,Household,2023,June,Million Cubic Meter,197.172053
Romania,Power,2023,July,Million Cubic Meter,138.337619
Romania,Industrial,2023,July,Million Cubic Meter,183.725715
Romania,Household,2023,July,Million Cubic Meter,187.737543
Romania,Power,2023,August,Million Cubic Meter,145.88419
Romania,Industrial,2023,August,Million Cubic Meter,188.944259
Romania,Household,2023,August,Million Cubic Meter,167.492782
Romania,Power,2023,September,Million Cubic Meter,148.61319
Romania,Industrial,2023,September,Million Cubic Meter,188.403664
Romania,Household,2023,September,Million Cubic Meter,195.100006
Romania,Power,2023,October,Million Cubic Meter,174.428942
Romania,Industrial,2023,October,Million Cubic Meter,249.839008
Romania,Household,2023,October,Million Cubic Meter,324.472503
Romania,Power,2023,November,Million Cubic Meter,200.951524
Romania,Industrial,2023,November,Million Cubic Meter,294.767066
Romania,Household,2023,November,Million Cubic Meter,738.046123
Romania,Power,2023,December,Million Cubic Meter,244.729673
Romania,Industrial,2023,December,Million Cubic Meter,272.615975
Romania,Household,2023,December,Million Cubic Meter,1065.324202
Romania,Power,2022,January,Million Cubic Meter,230.825576
Romania,Industrial,2022,January,Million Cubic Meter,286.15082
Romania,Household,2022,January,Million Cubic Meter,1240.562613
Romania,Power,2022,February,Million Cubic Meter,211.530702
Romania,Industrial,2022,February,Million Cubic Meter,253.205536
Romania,Household,2022,February,Million Cubic Meter,957.441101
Romania,Power,2022,March,Million Cubic Meter,129.010745
Romania,Industrial,2022,March,Million Cubic Meter,175.012685
Romania,Household,2022,March,Million Cubic Meter,1014.599665
Romania,Power,2022,April,Million Cubic Meter,91.705596
Romania,Industrial,2022,April,Million Cubic Meter,142.078924
Romania,Household,2022,April,Million Cubic Meter,526.117493
Romania,Power,2022,May,Million Cubic Meter,158.202109
Romania,Industrial,2022,May,Million Cubic Meter,242.833964
Romania,Household,2022,May,Million Cubic Meter,276.124943
Romania,Power,2022,June,Million Cubic Meter,158.105049
Romania,Industrial,2022,June,Million Cubic Meter,229.139452
Romania,Household,2022,June,Million Cubic Meter,210.014877
Romania,Power,2022,July,Million Cubic Meter,164.250408
Romania,Industrial,2022,July,Million Cubic Meter,197.462533
Romania,Household,2022,July,Million Cubic Meter,201.65656
Romania,Power,2022,August,Million Cubic Meter,163.374954
Romania,Industrial,2022,August,Million Cubic Meter,185.192106
Romania,Household,2022,August,Million Cubic Meter,202.097531
Romania,Power,2022,September,Million Cubic Meter,157.893059
Romania,Industrial,2022,September,Million Cubic Meter,201.382552
Romania,Household,2022,September,Million Cubic Meter,241.594694
Romania,Power,2022,October,Million Cubic Meter,164.354901
Romania,Industrial,2022,October,Million Cubic Meter,205.833218
Romania,Household,2022,October,Million Cubic Meter,375.029586
Romania,Power,2022,November,Million Cubic Meter,196.245804
Romania,Industrial,2022,November,Million Cubic Meter,233.266143
Romania,Household,2022,November,Million Cubic Meter,678.733768
Romania,Power,2022,December,Million Cubic Meter,196.563528
Romania,Industrial,2022,December,Million Cubic Meter,208.965209
Romania,Household,2022,December,Million Cubic Meter,1036.494792
Romania,Power,2021,January,Million Cubic Meter,217.228648
Romania,Industrial,2021,January,Million Cubic Meter,355.163649
Romania,Household,2021,January,Million Cubic Meter,1226.821532
Romania,Power,2021,February,Million Cubic Meter,174.975213
Romania,Industrial,2021,February,Million Cubic Meter,322.779903
Romania,Household,2021,February,Million Cubic Meter,1074.655826
Romania,Power,2021,March,Million Cubic Meter,187.308381
Romania,Industrial,2021,March,Million Cubic Meter,351.513826
Romania,Household,2021,March,Million Cubic Meter,1059.106158
Romania,Power,2021,April,Million Cubic Meter,117.60681
Romania,Industrial,2021,April,Million Cubic Meter,251.138975
Romania,Household,2021,April,Million Cubic Meter,729.627767
Romania,Power,2021,May,Million Cubic Meter,103.030857
Romania,Industrial,2021,May,Million Cubic Meter,224.400798
Romania,Household,2021,May,Million Cubic Meter,326.617244
Romania,Power,2021,June,Million Cubic Meter,129.61888
Romania,Industrial,2021,June,Million Cubic Meter,209.15086
Romania,Household,2021,June,Million Cubic Meter,260.006317
Romania,Power,2021,July,Million Cubic Meter,159.469347
Romania,Industrial,2021,July,Million Cubic Meter,253.460751
Romania,Household,2021,July,Million Cubic Meter,217.010648
Romania,Power,2021,August,Million Cubic Meter,153.157075
Romania,Industrial,2021,August,Million Cubic Meter,259.548387
Romania,Household,2021,August,Million Cubic Meter,210.59492
Romania,Power,2021,September,Million Cubic Meter,150.635302
Romania,Industrial,2021,September,Million Cubic Meter,260.200345
Romania,Household,2021,September,Million Cubic Meter,278.831718
Romania,Power,2021,October,Million Cubic Meter,171.970138
Romania,Industrial,2021,October,Million Cubic Meter,282.863185
Romania,Household,2021,October,Million Cubic Meter,617.722628
Romania,Power,2021,November,Million Cubic Meter,208.187333
Romania,Industrial,2021,November,Million Cubic Meter,306.593112
Romania,Household,2021,November,Million Cubic Meter,845.39883
Romania,Power,2021,December,Million Cubic Meter,229.704317
Romania,Industrial,2021,December,Million Cubic Meter,321.286296
Romania,Household,2021,December,Million Cubic Meter,1159.55109
Romania,Power,2020,January,Million Cubic Meter,516.60419
Romania,Industrial,2020,January,Million Cubic Meter,428.848638
Romania,Household,2020,January,Million Cubic Meter,1273.892505
Romania,Power,2020,February,Million Cubic Meter,206.197274
Romania,Industrial,2020,February,Million Cubic Meter,344.543675
Romania,Household,2020,February,Million Cubic Meter,992.848351
Romania,Power,2020,March,Million Cubic Meter,163.625655
Romania,Industrial,2020,March,Million Cubic Meter,273.413299
Romania,Household,2020,March,Million Cubic Meter,829.671452
Romania,Power,2020,April,Million Cubic Meter,103.398122
Romania,Industrial,2020,April,Million Cubic Meter,240.255214
Romania,Household,2020,April,Million Cubic Meter,502.501758
Romania,Power,2020,May,Million Cubic Meter,90.861712
Romania,Industrial,2020,May,Million Cubic Meter,248.661049
Romania,Household,2020,May,Million Cubic Meter,298.031371
Romania,Power,2020,June,Million Cubic Meter,112.08947
Romania,Industrial,2020,June,Million Cubic Meter,278.030552
Romania,Household,2020,June,Million Cubic Meter,235.298886
Romania,Power,2020,July,Million Cubic Meter,158.056549
Romania,Industrial,2020,July,Million Cubic Meter,336.300249
Romania,Household,2020,July,Million Cubic Meter,223.294631
Romania,Power,2020,August,Million Cubic Meter,154.669867
Romania,Industrial,2020,August,Million Cubic Meter,357.715963
Romania,Household,2020,August,Million Cubic Meter,210.027556
Romania,Power,2020,September,Million Cubic Meter,153.501747
Romania,Industrial,2020,September,Million Cubic Meter,359.21865
Romania,Household,2020,September,Million Cubic Meter,223.714332
Romania,Power,2020,October,Million Cubic Meter,108.59849
Romania,Industrial,2020,October,Million Cubic Meter,286.17628
Romania,Household,2020,October,Million Cubic Meter,440.669503
Romania,Power,2020,November,Million Cubic Meter,206.920648
Romania,Industrial,2020,November,Million Cubic Meter,386.933208
Romania,Household,2020,November,Million Cubic Meter,890.480406
Romania,Power,2020,December,Million Cubic Meter,222.029933
Romania,Industrial,2020,December,Million Cubic Meter,409.344994
Romania,Household,2020,December,Million Cubic Meter,1084.39718
Romania,Power,2019,January,Million Cubic Meter,107.238095
Romania,Industrial,2019,January,Million Cubic Meter,404.411086
Romania,Household,2019,January,Million Cubic Meter,1347.994768
Romania,Power,2019,February,Million Cubic Meter,87.238095
Romania,Industrial,2019,February,Million Cubic Meter,335.335376
Romania,Household,2019,February,Million Cubic Meter,1034.356508
Romania,Power,2019,March,Million Cubic Meter,45.714286
Romania,Industrial,2019,March,Million Cubic Meter,290.013404
Romania,Household,2019,March,Million Cubic Meter,799.630373
Romania,Power,2019,April,Million Cubic Meter,5.333333
Romania,Industrial,2019,April,Million Cubic Meter,202.976383
Romania,Household,2019,April,Million Cubic Meter,568.089879
Romania,Power,2019,May,Million Cubic Meter,2.47619
Romania,Industrial,2019,May,Million Cubic Meter,174.609135
Romania,Household,2019,May,Million Cubic Meter,341.838641
Romania,Power,2019,June,Million Cubic Meter,3.809524
Romania,Industrial,2019,June,Million Cubic Meter,100.390121
Romania,Household,2019,June,Million Cubic Meter,217.840697
Romania,Power,2019,July,Million Cubic Meter,63.809524
Romania,Industrial,2019,July,Million Cubic Meter,224.931865
Romania,Household,2019,July,Million Cubic Meter,226.706336
Romania,Power,2019,August,Million Cubic Meter,60.952381
Romania,Industrial,2019,August,Million Cubic Meter,274.200974
Romania,Household,2019,August,Million Cubic Meter,216.381442
Romania,Industrial,2019,September,Million Cubic Meter,304.102208
Romania,Household,2019,September,Million Cubic Meter,237.142594
Romania,Industrial,2019,October,Million Cubic Meter,360.738271
Romania,Household,2019,October,Million Cubic Meter,444.051271
Romania,Industrial,2019,November,Million Cubic Meter,302.58901
Romania,Household,2019,November,Million Cubic Meter,691.454932
Romania,Industrial,2019,December,Million Cubic Meter,299.609812
Romania,Household,2019,December,Million Cubic Meter,1083.781631
Serbia,Power,2024,January,Million Cubic Meter,40.291619
Serbia,Industrial,2024,January,Million Cubic Meter,46.674252
Serbia,Household,2024,January,Million Cubic Meter,374.034129
Serbia,Power,2024,February,Million Cubic Meter,34.145905
Serbia,Industrial,2024,February,Million Cubic Meter,43.264621
Serbia,Household,2024,February,Million Cubic Meter,254.085517
Serbia,Power,2024,March,Million Cubic Meter,10.079172
Serbia,Industrial,2024,March,Million Cubic Meter,36.216463
Serbia,Household,2024,March,Million Cubic Meter,209.230999
Serbia,Power,2024,April,Million Cubic Meter,0.137143
Serbia,Industrial,2024,April,Million Cubic Meter,29.6255
Serbia,Household,2024,April,Million Cubic Meter,143.237357
Serbia,Power,2024,May,Million Cubic Meter,0.85181
Serbia,Industrial,2024,May,Million Cubic Meter,35.221867
Serbia,Household,2024,May,Million Cubic Meter,109.926323
Serbia,Power,2024,June,Million Cubic Meter,0.137143
Serbia,Industrial,2024,June,Million Cubic Meter,39.18813
Serbia,Household,2024,June,Million Cubic Meter,102.617218
Serbia,Power,2024,July,Million Cubic Meter,15.153143
Serbia,Industrial,2024,July,Million Cubic Meter,39.059376
Serbia,Household,2024,July,Million Cubic Meter,85.506719
Serbia,Power,2024,August,Million Cubic Meter,19.365143
Serbia,Industrial,2024,August,Million Cubic Meter,39.74399
Serbia,Household,2024,August,Million Cubic Meter,84.846727
Serbia,Power,2024,September,Million Cubic Meter,7.03581
Serbia,Industrial,2024,September,Million Cubic Meter,39.194324
Serbia,Household,2024,September,Million Cubic Meter,109.769866
Serbia,Power,2024,October,Million Cubic Meter,20.265829
Serbia,Industrial,2024,October,Million Cubic Meter,46.31562
Serbia,Household,2024,October,Million Cubic Meter,168.982685
Serbia,Power,2024,November,Million Cubic Meter,29.237524
Serbia,Industrial,2024,November,Million Cubic Meter,58.62025
Serbia,Household,2024,November,Million Cubic Meter,337.142226
Serbia,Power,2024,December,Million Cubic Meter,20.076381
Serbia,Industrial,2024,December,Million Cubic Meter,46.71261
Serbia,Household,2024,December,Million Cubic Meter,410.211009
Serbia,Power,2023,January,Million Cubic Meter,31.831238
Serbia,Industrial,2023,January,Million Cubic Meter,49.127958
Serbia,Household,2023,January,Million Cubic Meter,337.040804
Serbia,Power,2023,February,Million Cubic Meter,25.288
Serbia,Industrial,2023,February,Million Cubic Meter,55.0124
Serbia,Household,2023,February,Million Cubic Meter,319.6996
Serbia,Power,2023,March,Million Cubic Meter,7.007238
Serbia,Industrial,2023,March,Million Cubic Meter,48.832761
Serbia,Household,2023,March,Million Cubic Meter,275.160001
Serbia,Power,2023,April,Million Cubic Meter,0.137143
Serbia,Industrial,2023,April,Million Cubic Meter,48.382998
Serbia,Household,2023,April,Million Cubic Meter,209.479859
Serbia,Power,2023,May,Million Cubic Meter,0.141714
Serbia,Industrial,2023,May,Million Cubic Meter,36.565189
Serbia,Household,2023,May,Million Cubic Meter,109.293097
Serbia,Power,2023,June,Million Cubic Meter,0.137143
Serbia,Industrial,2023,June,Million Cubic Meter,37.299384
Serbia,Household,2023,June,Million Cubic Meter,95.563473
Serbia,Power,2023,July,Million Cubic Meter,0.141714
Serbia,Industrial,2023,July,Million Cubic Meter,39.679278
Serbia,Household,2023,July,Million Cubic Meter,98.179008
Serbia,Power,2023,August,Million Cubic Meter,0.141714
Serbia,Industrial,2023,August,Million Cubic Meter,39.966809
Serbia,Household,2023,August,Million Cubic Meter,98.891477
Serbia,Power,2023,September,Million Cubic Meter,0.137143
Serbia,Industrial,2023,September,Million Cubic Meter,35.941617
Serbia,Household,2023,September,Million Cubic Meter,101.92124
Serbia,Power,2023,October,Million Cubic Meter,4.788306
Serbia,Industrial,2023,October,Million Cubic Meter,40.261014
Serbia,Household,2023,October,Million Cubic Meter,150.325073
Serbia,Power,2023,November,Million Cubic Meter,16.440571
Serbia,Industrial,2023,November,Million Cubic Meter,51.340788
Serbia,Household,2023,November,Million Cubic Meter,280.218641
Serbia,Power,2023,December,Million Cubic Meter,27.386857
Serbia,Industrial,2023,December,Million Cubic Meter,44.517834
Serbia,Household,2023,December,Million Cubic Meter,342.095309
Serbia,Power,2022,January,Million Cubic Meter,11.666286
Serbia,Industrial,2022,January,Million Cubic Meter,46.67212
Serbia,Household,2022,January,Million Cubic Meter,379.095808
Serbia,Power,2022,February,Million Cubic Meter,11.902286
Serbia,Industrial,2022,February,Million Cubic Meter,45.770804
Serbia,Household,2022,February,Million Cubic Meter,289.326911
Serbia,Power,2022,March,Million Cubic Meter,11.353905
Serbia,Industrial,2022,March,Million Cubic Meter,53.072221
Serbia,Household,2022,March,Million Cubic Meter,308.556345
Serbia,Power,2022,April,Million Cubic Meter,5.741333
Serbia,Industrial,2022,April,Million Cubic Meter,46.021796
Serbia,Household,2022,April,Million Cubic Meter,200.548542
Serbia,Power,2022,May,Million Cubic Meter,0.123429
Serbia,Industrial,2022,May,Million Cubic Meter,37.157023
Serbia,Household,2022,May,Million Cubic Meter,113.719548
Serbia,Power,2022,June,Million Cubic Meter,8.460571
Serbia,Industrial,2022,June,Million Cubic Meter,42.515242
Serbia,Household,2022,June,Million Cubic Meter,103.024187
Serbia,Power,2022,July,Million Cubic Meter,0.141714
Serbia,Industrial,2022,July,Million Cubic Meter,36.165563
Serbia,Household,2022,July,Million Cubic Meter,94.692723
Serbia,Power,2022,August,Million Cubic Meter,0.141714
Serbia,Industrial,2022,August,Million Cubic Meter,33.956979
Serbia,Household,2022,August,Million Cubic Meter,88.901307
Serbia,Power,2022,September,Million Cubic Meter,7.694476
Serbia,Industrial,2022,September,Million Cubic Meter,40.203461
Serbia,Household,2022,September,Million Cubic Meter,109.102063
Serbia,Power,2022,October,Million Cubic Meter,27.35219
Serbia,Industrial,2022,October,Million Cubic Meter,45.881082
Serbia,Household,2022,October,Million Cubic Meter,158.76556
Serbia,Power,2022,November,Million Cubic Meter,23.847048
Serbia,Industrial,2022,November,Million Cubic Meter,51.795082
Serbia,Household,2022,November,Million Cubic Meter,289.357871
Serbia,Power,2022,December,Million Cubic Meter,32.068381
Serbia,Industrial,2022,December,Million Cubic Meter,45.198
Serbia,Household,2022,December,Million Cubic Meter,355.908947
Serbia,Power,2021,January,Million Cubic Meter,0.141714
Serbia,Industrial,2021,January,Million Cubic Meter,37.386672
Serbia,Household,2021,January,Million Cubic Meter,370.471614
Serbia,Power,2021,February,Million Cubic Meter,0.128
Serbia,Industrial,2021,February,Million Cubic Meter,38.736998
Serbia,Household,2021,February,Million Cubic Meter,308.135002
Serbia,Power,2021,March,Million Cubic Meter,0.141714
Serbia,Industrial,2021,March,Million Cubic Meter,42.085364
Serbia,Household,2021,March,Million Cubic Meter,303.772922
Serbia,Power,2021,April,Million Cubic Meter,0.137143
Serbia,Industrial,2021,April,Million Cubic Meter,45.25752
Serbia,Household,2021,April,Million Cubic Meter,234.605337
Serbia,Power,2021,May,Million Cubic Meter,0.142095
Serbia,Industrial,2021,May,Million Cubic Meter,36.366538
Serbia,Household,2021,May,Million Cubic Meter,120.491367
Serbia,Power,2021,June,Million Cubic Meter,0.274286
Serbia,Industrial,2021,June,Million Cubic Meter,38.721832
Serbia,Household,2021,June,Million Cubic Meter,109.003882
Serbia,Power,2021,July,Million Cubic Meter,0.491238
Serbia,Industrial,2021,July,Million Cubic Meter,42.646342
Serbia,Household,2021,July,Million Cubic Meter,119.86242
Serbia,Power,2021,August,Million Cubic Meter,0.141714
Serbia,Industrial,2021,August,Million Cubic Meter,44.216146
Serbia,Household,2021,August,Million Cubic Meter,124.64214
Serbia,Power,2021,September,Million Cubic Meter,0.137143
Serbia,Industrial,2021,September,Million Cubic Meter,86.98824
Serbia,Household,2021,September,Million Cubic Meter,272.874617
Serbia,Power,2021,October,Million Cubic Meter,1.051238
Serbia,Industrial,2021,October,Million Cubic Meter,54.126932
Serbia,Household,2021,October,Million Cubic Meter,242.82183
Serbia,Power,2021,November,Million Cubic Meter,0.137143
Serbia,Industrial,2021,November,Million Cubic Meter,44.031508
Serbia,Household,2021,November,Million Cubic Meter,317.831349
Serbia,Power,2021,December,Million Cubic Meter,0.597143
Serbia,Industrial,2021,December,Million Cubic Meter,34.612816
Serbia,Household,2021,December,Million Cubic Meter,388.790041
Serbia,Power,2020,January,Million Cubic Meter,0.283429
Serbia,Industrial,2020,January,Million Cubic Meter,37.04164
Serbia,Household,2020,January,Million Cubic Meter,342.391503
Serbia,Power,2020,February,Million Cubic Meter,0.265143
Serbia,Industrial,2020,February,Million Cubic Meter,34.538532
Serbia,Household,2020,February,Million Cubic Meter,259.196325
Serbia,Power,2020,March,Million Cubic Meter,0.283429
Serbia,Industrial,2020,March,Million Cubic Meter,34.41906
Serbia,Household,2020,March,Million Cubic Meter,235.297511
Serbia,Power,2020,April,Million Cubic Meter,0.274286
Serbia,Industrial,2020,April,Million Cubic Meter,29.476128
Serbia,Household,2020,April,Million Cubic Meter,146.249586
Serbia,Power,2020,May,Million Cubic Meter,0.283429
Serbia,Industrial,2020,May,Million Cubic Meter,29.922228
Serbia,Household,2020,May,Million Cubic Meter,95.794343
Serbia,Power,2020,June,Million Cubic Meter,0.274286
Serbia,Industrial,2020,June,Million Cubic Meter,32.09736
Serbia,Household,2020,June,Million Cubic Meter,87.628354
Serbia,Power,2020,July,Million Cubic Meter,0.283429
Serbia,Industrial,2020,July,Million Cubic Meter,34.504662
Serbia,Household,2020,July,Million Cubic Meter,94.211909
Serbia,Power,2020,August,Million Cubic Meter,0.283429
Serbia,Industrial,2020,August,Million Cubic Meter,28.352668
Serbia,Household,2020,August,Million Cubic Meter,77.363903
Serbia,Power,2020,September,Million Cubic Meter,0.274286
Serbia,Industrial,2020,September,Million Cubic Meter,34.399442
Serbia,Household,2020,September,Million Cubic Meter,104.326272
Serbia,Power,2020,October,Million Cubic Meter,0.283238
Serbia,Industrial,2020,October,Million Cubic Meter,40.495248
Serbia,Household,2020,October,Million Cubic Meter,175.221514
Serbia,Power,2020,November,Million Cubic Meter,0.137143
Serbia,Industrial,2020,November,Million Cubic Meter,39.135746
Serbia,Household,2020,November,Million Cubic Meter,267.727111
Serbia,Power,2020,December,Million Cubic Meter,0.141714
Serbia,Industrial,2020,December,Million Cubic Meter,32.629294
Serbia,Household,2020,December,Million Cubic Meter,340.228992
Serbia,Power,2019,January,Million Cubic Meter,21.994286
Serbia,Industrial,2019,January,Million Cubic Meter,64.064637
Serbia,Household,2019,January,Million Cubic Meter,350.941077
Serbia,Power,2019,February,Million Cubic Meter,18.047619
Serbia,Industrial,2019,February,Million Cubic Meter,57.977148
Serbia,Household,2019,February,Million Cubic Meter,271.975233
Serbia,Power,2019,March,Million Cubic Meter,10.88381
Serbia,Industrial,2019,March,Million Cubic Meter,45.563058
Serbia,Household,2019,March,Million Cubic Meter,201.553132
Serbia,Power,2019,April,Million Cubic Meter,7.303
Serbia,Industrial,2019,April,Million Cubic Meter,34.872761
Serbia,Household,2019,April,Million Cubic Meter,118.824001
Serbia,Power,2019,May,Million Cubic Meter,6.062
Serbia,Industrial,2019,May,Million Cubic Meter,42.99015
Serbia,Household,2019,May,Million Cubic Meter,100.947564
Serbia,Power,2019,June,Million Cubic Meter,6.066
Serbia,Industrial,2019,June,Million Cubic Meter,42.107933
Serbia,Household,2019,June,Million Cubic Meter,84.825781
Serbia,Power,2019,July,Million Cubic Meter,6.822
Serbia,Industrial,2019,July,Million Cubic Meter,45.590544
Serbia,Household,2019,July,Million Cubic Meter,91.58698
Serbia,Power,2019,August,Million Cubic Meter,7.308
Serbia,Industrial,2019,August,Million Cubic Meter,42.424534
Serbia,Household,2019,August,Million Cubic Meter,84.267085
Serbia,Power,2019,September,Million Cubic Meter,6.726
Serbia,Industrial,2019,September,Million Cubic Meter,44.49015
Serbia,Household,2019,September,Million Cubic Meter,98.783945
Serbia,Power,2019,October,Million Cubic Meter,7.809
Serbia,Industrial,2019,October,Million Cubic Meter,39.039165
Serbia,Household,2019,October,Million Cubic Meter,118.152264
Serbia,Power,2019,November,Million Cubic Meter,7.92
Serbia,Industrial,2019,November,Million Cubic Meter,43.443846
Serbia,Household,2019,November,Million Cubic Meter,194.635773
Serbia,Power,2019,December,Million Cubic Meter,8.918
Serbia,Industrial,2019,December,Million Cubic Meter,45.07833
Serbia,Household,2019,December,Million Cubic Meter,276.003575
Slovakia,Power,2024,January,Million Cubic Meter,42.411238
Slovakia,Industrial,2024,January,Million Cubic Meter,77.99731
Slovakia,Household,2024,January,Million Cubic Meter,569.87469
Slovakia,Power,2024,February,Million Cubic Meter,32.656952
Slovakia,Industrial,2024,February,Million Cubic Meter,64.30574
Slovakia,Household,2024,February,Million Cubic Meter,391.87226
Slovakia,Power,2024,March,Million Cubic Meter,33.36472
Slovakia,Industrial,2024,March,Million Cubic Meter,65.465369
Slovakia,Household,2024,March,Million Cubic Meter,369.838631
Slovakia,Power,2024,April,Million Cubic Meter,31.723429
Slovakia,Industrial,2024,April,Million Cubic Meter,59.001478
Slovakia,Household,2024,April,Million Cubic Meter,254.657909
Slovakia,Power,2024,May,Million Cubic Meter,24.135082
Slovakia,Industrial,2024,May,Million Cubic Meter,54.798314
Slovakia,Household,2024,May,Million Cubic Meter,158.056686
Slovakia,Power,2024,June,Million Cubic Meter,30.23219
Slovakia,Industrial,2024,June,Million Cubic Meter,55.26261
Slovakia,Household,2024,June,Million Cubic Meter,136.99239
Slovakia,Power,2024,July,Million Cubic Meter,33.388797
Slovakia,Industrial,2024,July,Million Cubic Meter,54.917677
Slovakia,Household,2024,July,Million Cubic Meter,136.137323
Slovakia,Power,2024,August,Million Cubic Meter,34.99981
Slovakia,Industrial,2024,August,Million Cubic Meter,57.995631
Slovakia,Household,2024,August,Million Cubic Meter,143.767369
Slovakia,Power,2024,September,Million Cubic Meter,37.252381
Slovakia,Industrial,2024,September,Million Cubic Meter,61.455231
Slovakia,Household,2024,September,Million Cubic Meter,168.331769
Slovakia,Power,2024,October,Million Cubic Meter,42.055113
Slovakia,Industrial,2024,October,Million Cubic Meter,75.251691
Slovakia,Household,2024,October,Million Cubic Meter,281.448309
Slovakia,Power,2024,November,Million Cubic Meter,63.872364
Slovakia,Industrial,2024,November,Million Cubic Meter,83.066357
Slovakia,Household,2024,November,Million Cubic Meter,467.164643
Slovakia,Power,2024,December,Million Cubic Meter,57.670667
Slovakia,Industrial,2024,December,Million Cubic Meter,67.476963
Slovakia,Household,2024,December,Million Cubic Meter,540.608037
Slovakia,Power,2023,January,Million Cubic Meter,27.7704
Slovakia,Industrial,2023,January,Million Cubic Meter,70.077783
Slovakia,Household,2023,January,Million Cubic Meter,469.401217
Slovakia,Power,2023,February,Million Cubic Meter,45.594743
Slovakia,Industrial,2023,February,Million Cubic Meter,80.256524
Slovakia,Household,2023,February,Million Cubic Meter,455.147476
Slovakia,Power,2023,March,Million Cubic Meter,35.928
Slovakia,Industrial,2023,March,Million Cubic Meter,75.16788
Slovakia,Household,2023,March,Million Cubic Meter,394.92812
Slovakia,Power,2023,April,Million Cubic Meter,29.49899
Slovakia,Industrial,2023,April,Million Cubic Meter,75.224392
Slovakia,Household,2023,April,Million Cubic Meter,301.087608
Slovakia,Power,2023,May,Million Cubic Meter,29.0632
Slovakia,Industrial,2023,May,Million Cubic Meter,69.902761
Slovakia,Household,2023,May,Million Cubic Meter,191.556032
Slovakia,Power,2023,June,Million Cubic Meter,34.840381
Slovakia,Industrial,2023,June,Million Cubic Meter,58.590248
Slovakia,Household,2023,June,Million Cubic Meter,143.173752
Slovakia,Power,2023,July,Million Cubic Meter,32.365981
Slovakia,Industrial,2023,July,Million Cubic Meter,54.899101
Slovakia,Household,2023,July,Million Cubic Meter,134.153899
Slovakia,Power,2023,August,Million Cubic Meter,35.071829
Slovakia,Industrial,2023,August,Million Cubic Meter,45.989645
Slovakia,Household,2023,August,Million Cubic Meter,110.876396
Slovakia,Power,2023,September,Million Cubic Meter,29.640686
Slovakia,Industrial,2023,September,Million Cubic Meter,42.833832
Slovakia,Household,2023,September,Million Cubic Meter,115.581168
Slovakia,Power,2023,October,Million Cubic Meter,25.704952
Slovakia,Industrial,2023,October,Million Cubic Meter,63.717714
Slovakia,Household,2023,October,Million Cubic Meter,228.796604
Slovakia,Power,2023,November,Million Cubic Meter,27.803619
Slovakia,Industrial,2023,November,Million Cubic Meter,74.713287
Slovakia,Household,2023,November,Million Cubic Meter,392.539713
Slovakia,Power,2023,December,Million Cubic Meter,34.402667
Slovakia,Industrial,2023,December,Million Cubic Meter,70.986443
Slovakia,Household,2023,December,Million Cubic Meter,521.065557
Slovakia,Power,2022,January,Million Cubic Meter,59.611867
Slovakia,Industrial,2022,January,Million Cubic Meter,90.153081
Slovakia,Household,2022,January,Million Cubic Meter,614.883919
Slovakia,Power,2022,February,Million Cubic Meter,45.725638
Slovakia,Industrial,2022,February,Million Cubic Meter,82.035762
Slovakia,Household,2022,February,Million Cubic Meter,472.747238
Slovakia,Power,2022,March,Million Cubic Meter,27.530838
Slovakia,Industrial,2022,March,Million Cubic Meter,85.809765
Slovakia,Household,2022,March,Million Cubic Meter,457.737235
Slovakia,Power,2022,April,Million Cubic Meter,26.975029
Slovakia,Industrial,2022,April,Million Cubic Meter,82.605185
Slovakia,Household,2022,April,Million Cubic Meter,334.866815
Slovakia,Power,2022,May,Million Cubic Meter,24.050952
Slovakia,Industrial,2022,May,Million Cubic Meter,63.113386
Slovakia,Household,2022,May,Million Cubic Meter,172.498614
Slovakia,Power,2022,June,Million Cubic Meter,16.409771
Slovakia,Industrial,2022,June,Million Cubic Meter,57.147253
Slovakia,Household,2022,June,Million Cubic Meter,134.705747
Slovakia,Power,2022,July,Million Cubic Meter,19.362038
Slovakia,Industrial,2022,July,Million Cubic Meter,57.801078
Slovakia,Household,2022,July,Million Cubic Meter,136.246922
Slovakia,Power,2022,August,Million Cubic Meter,16.213524
Slovakia,Industrial,2022,August,Million Cubic Meter,49.262634
Slovakia,Household,2022,August,Million Cubic Meter,116.120366
Slovakia,Power,2022,September,Million Cubic Meter,18.175295
Slovakia,Industrial,2022,September,Million Cubic Meter,52.299024
Slovakia,Household,2022,September,Million Cubic Meter,135.914976
Slovakia,Power,2022,October,Million Cubic Meter,23.275314
Slovakia,Industrial,2022,October,Million Cubic Meter,64.3381
Slovakia,Household,2022,October,Million Cubic Meter,230.9669
Slovakia,Power,2022,November,Million Cubic Meter,26.368476
Slovakia,Industrial,2022,November,Million Cubic Meter,70.49227
Slovakia,Household,2022,November,Million Cubic Meter,376.02873
Slovakia,Power,2022,December,Million Cubic Meter,30.188171
Slovakia,Industrial,2022,December,Million Cubic Meter,68.458189
Slovakia,Household,2022,December,Million Cubic Meter,512.335811
Slovakia,Power,2021,January,Million Cubic Meter,83.529714
Slovakia,Industrial,2021,January,Million Cubic Meter,76.759303
Slovakia,Household,2021,January,Million Cubic Meter,653.377697
Slovakia,Power,2021,February,Million Cubic Meter,76.167676
Slovakia,Industrial,2021,February,Million Cubic Meter,82.607573
Slovakia,Household,2021,February,Million Cubic Meter,577.566427
Slovakia,Power,2021,March,Million Cubic Meter,85.978571
Slovakia,Industrial,2021,March,Million Cubic Meter,85.691744
Slovakia,Household,2021,March,Million Cubic Meter,548.451256
Slovakia,Power,2021,April,Million Cubic Meter,73.193219
Slovakia,Industrial,2021,April,Million Cubic Meter,87.687766
Slovakia,Household,2021,April,Million Cubic Meter,413.013234
Slovakia,Power,2021,May,Million Cubic Meter,37.872533
Slovakia,Industrial,2021,May,Million Cubic Meter,81.592746
Slovakia,Household,2021,May,Million Cubic Meter,251.262254
Slovakia,Power,2021,June,Million Cubic Meter,61.496571
Slovakia,Industrial,2021,June,Million Cubic Meter,69.007281
Slovakia,Household,2021,June,Million Cubic Meter,181.809719
Slovakia,Power,2021,July,Million Cubic Meter,51.233105
Slovakia,Industrial,2021,July,Million Cubic Meter,66.574582
Slovakia,Household,2021,July,Million Cubic Meter,175.400418
Slovakia,Power,2021,August,Million Cubic Meter,36.895429
Slovakia,Industrial,2021,August,Million Cubic Meter,64.62281
Slovakia,Household,2021,August,Million Cubic Meter,170.25819
Slovakia,Power,2021,September,Million Cubic Meter,57.726914
Slovakia,Industrial,2021,September,Million Cubic Meter,71.42696
Slovakia,Household,2021,September,Million Cubic Meter,208.53604
Slovakia,Power,2021,October,Million Cubic Meter,52.391848
Slovakia,Industrial,2021,October,Million Cubic Meter,85.502454
Slovakia,Household,2021,October,Million Cubic Meter,352.679546
Slovakia,Power,2021,November,Million Cubic Meter,70.305867
Slovakia,Industrial,2021,November,Million Cubic Meter,77.186661
Slovakia,Household,2021,November,Million Cubic Meter,494.016339
Slovakia,Power,2021,December,Million Cubic Meter,66.7076
Slovakia,Industrial,2021,December,Million Cubic Meter,66.841953
Slovakia,Household,2021,December,Million Cubic Meter,635.796047
Slovakia,Power,2020,January,Million Cubic Meter,67.429
Slovakia,Industrial,2020,January,Million Cubic Meter,87.439704
Slovakia,Household,2020,January,Million Cubic Meter,645.297296
Slovakia,Power,2020,February,Million Cubic Meter,51.98501
Slovakia,Industrial,2020,February,Million Cubic Meter,79.491288
Slovakia,Household,2020,February,Million Cubic Meter,491.021712
Slovakia,Power,2020,March,Million Cubic Meter,48.4216
Slovakia,Industrial,2020,March,Million Cubic Meter,78.49719
Slovakia,Household,2020,March,Million Cubic Meter,447.15481
Slovakia,Power,2020,April,Million Cubic Meter,45.074019
Slovakia,Industrial,2020,April,Million Cubic Meter,66.045598
Slovakia,Household,2020,April,Million Cubic Meter,282.787402
Slovakia,Power,2020,May,Million Cubic Meter,47.687371
Slovakia,Industrial,2020,May,Million Cubic Meter,77.530453
Slovakia,Household,2020,May,Million Cubic Meter,221.430547
Slovakia,Power,2020,June,Million Cubic Meter,51.746095
Slovakia,Industrial,2020,June,Million Cubic Meter,69.868422
Slovakia,Household,2020,June,Million Cubic Meter,171.612578
Slovakia,Power,2020,July,Million Cubic Meter,39.597352
Slovakia,Industrial,2020,July,Million Cubic Meter,66.415522
Slovakia,Household,2020,July,Million Cubic Meter,163.131478
Slovakia,Power,2020,August,Million Cubic Meter,55.858629
Slovakia,Industrial,2020,August,Million Cubic Meter,63.528268
Slovakia,Household,2020,August,Million Cubic Meter,156.039732
Slovakia,Power,2020,September,Million Cubic Meter,55.161848
Slovakia,Industrial,2020,September,Million Cubic Meter,70.205956
Slovakia,Household,2020,September,Million Cubic Meter,190.460044
Slovakia,Power,2020,October,Million Cubic Meter,53.765124
Slovakia,Industrial,2020,October,Million Cubic Meter,89.870216
Slovakia,Household,2020,October,Million Cubic Meter,339.446784
Slovakia,Power,2020,November,Million Cubic Meter,56.488305
Slovakia,Industrial,2020,November,Million Cubic Meter,84.991682
Slovakia,Household,2020,November,Million Cubic Meter,484.150318
Slovakia,Power,2020,December,Million Cubic Meter,62.187219
Slovakia,Industrial,2020,December,Million Cubic Meter,70.790494
Slovakia,Household,2020,December,Million Cubic Meter,576.685506
Slovakia,Power,2019,January,Million Cubic Meter,58.190476
Slovakia,Industrial,2019,January,Million Cubic Meter,98.21252
Slovakia,Household,2019,January,Million Cubic Meter,661.78748
Slovakia,Power,2019,February,Million Cubic Meter,43.005714
Slovakia,Industrial,2019,February,Million Cubic Meter,86.402433
Slovakia,Household,2019,February,Million Cubic Meter,492.597567
Slovakia,Power,2019,March,Million Cubic Meter,44.114286
Slovakia,Industrial,2019,March,Million Cubic Meter,80.250408
Slovakia,Household,2019,March,Million Cubic Meter,423.749592
Slovakia,Power,2019,April,Million Cubic Meter,31.904762
Slovakia,Industrial,2019,April,Million Cubic Meter,69.330996
Slovakia,Household,2019,April,Million Cubic Meter,278.669004
Slovakia,Power,2019,May,Million Cubic Meter,41.489524
Slovakia,Industrial,2019,May,Million Cubic Meter,88.575683
Slovakia,Household,2019,May,Million Cubic Meter,240.424317
Slovakia,Power,2019,June,Million Cubic Meter,37.133333
Slovakia,Industrial,2019,June,Million Cubic Meter,57.451584
Slovakia,Household,2019,June,Million Cubic Meter,134.548416
Slovakia,Power,2019,July,Million Cubic Meter,45.28
Slovakia,Industrial,2019,July,Million Cubic Meter,68.223756
Slovakia,Household,2019,July,Million Cubic Meter,159.776244
Slovakia,Power,2019,August,Million Cubic Meter,42.584762
Slovakia,Industrial,2019,August,Million Cubic Meter,67.326075
Slovakia,Household,2019,August,Million Cubic Meter,157.673925
Slovakia,Power,2019,September,Million Cubic Meter,45.710476
Slovakia,Industrial,2019,September,Million Cubic Meter,71.761339
Slovakia,Household,2019,September,Million Cubic Meter,185.238661
Slovakia,Industrial,2019,October,Million Cubic Meter,84.183168
Slovakia,Household,2019,October,Million Cubic Meter,299.816832
Slovakia,Industrial,2019,November,Million Cubic Meter,75.632825
Slovakia,Household,2019,November,Million Cubic Meter,399.367175
Slovakia,Industrial,2019,December,Million Cubic Meter,75.232237
Slovakia,Household,2019,December,Million Cubic Meter,555.767763
Slovenia,Power,2024,January,Million Cubic Meter,7.403569
Slovenia,Industrial,2024,January,Million Cubic Meter,53.976102
Slovenia,Household,2024,January,Million Cubic Meter,57.071898
Slovenia,Power,2024,February,Million Cubic Meter,8.380189
Slovenia,Industrial,2024,February,Million Cubic Meter,43.130567
Slovenia,Household,2024,February,Million Cubic Meter,42.097433
Slovenia,Power,2024,March,Million Cubic Meter,9.120836
Slovenia,Industrial,2024,March,Million Cubic Meter,43.131862
Slovenia,Household,2024,March,Million Cubic Meter,40.447138
Slovenia,Power,2024,April,Million Cubic Meter,5.691619
Slovenia,Industrial,2024,April,Million Cubic Meter,40.844905
Slovenia,Household,2024,April,Million Cubic Meter,33.372086
Slovenia,Power,2024,May,Million Cubic Meter,5.170476
Slovenia,Industrial,2024,May,Million Cubic Meter,38.85012
Slovenia,Household,2024,May,Million Cubic Meter,23.39888
Slovenia,Power,2024,June,Million Cubic Meter,4.689333
Slovenia,Industrial,2024,June,Million Cubic Meter,34.313215
Slovenia,Household,2024,June,Million Cubic Meter,18.144785
Slovenia,Power,2024,July,Million Cubic Meter,5.838857
Slovenia,Industrial,2024,July,Million Cubic Meter,32.68841
Slovenia,Household,2024,July,Million Cubic Meter,17.28559
Slovenia,Power,2024,August,Million Cubic Meter,6.449143
Slovenia,Industrial,2024,August,Million Cubic Meter,32.334537
Slovenia,Household,2024,August,Million Cubic Meter,17.098463
Slovenia,Power,2024,September,Million Cubic Meter,6.106095
Slovenia,Industrial,2024,September,Million Cubic Meter,34.621681
Slovenia,Household,2024,September,Million Cubic Meter,19.977319
Slovenia,Power,2024,October,Million Cubic Meter,5.644182
Slovenia,Industrial,2024,October,Million Cubic Meter,34.441907
Slovenia,Household,2024,October,Million Cubic Meter,25.550093
Slovenia,Power,2024,November,Million Cubic Meter,11.372762
Slovenia,Industrial,2024,November,Million Cubic Meter,45.731609
Slovenia,Household,2024,November,Million Cubic Meter,44.705391
Slovenia,Power,2024,December,Million Cubic Meter,18.041905
Slovenia,Industrial,2024,December,Million Cubic Meter,48.801669
Slovenia,Household,2024,December,Million Cubic Meter,55.996331
Slovenia,Power,2023,January,Million Cubic Meter,8.826181
Slovenia,Industrial,2023,January,Million Cubic Meter,43.868764
Slovenia,Household,2023,January,Million Cubic Meter,51.245236
Slovenia,Power,2023,February,Million Cubic Meter,8.34712
Slovenia,Industrial,2023,February,Million Cubic Meter,44.51515
Slovenia,Household,2023,February,Million Cubic Meter,45.6337
Slovenia,Power,2023,March,Million Cubic Meter,8.238162
Slovenia,Industrial,2023,March,Million Cubic Meter,38.520725
Slovenia,Household,2023,March,Million Cubic Meter,39.897275
Slovenia,Power,2023,April,Million Cubic Meter,5.906215
Slovenia,Industrial,2023,April,Million Cubic Meter,38.534471
Slovenia,Household,2023,April,Million Cubic Meter,30.764529
Slovenia,Power,2023,May,Million Cubic Meter,4.871528
Slovenia,Industrial,2023,May,Million Cubic Meter,36.887514
Slovenia,Household,2023,May,Million Cubic Meter,22.032486
Slovenia,Power,2023,June,Million Cubic Meter,3.994368
Slovenia,Industrial,2023,June,Million Cubic Meter,31.872974
Slovenia,Household,2023,June,Million Cubic Meter,17.366856
Slovenia,Power,2023,July,Million Cubic Meter,4.273568
Slovenia,Industrial,2023,July,Million Cubic Meter,29.180937
Slovenia,Household,2023,July,Million Cubic Meter,15.298063
Slovenia,Power,2023,August,Million Cubic Meter,3.721952
Slovenia,Industrial,2023,August,Million Cubic Meter,26.470093
Slovenia,Household,2023,August,Million Cubic Meter,13.876907
Slovenia,Power,2023,September,Million Cubic Meter,4.277451
Slovenia,Industrial,2023,September,Million Cubic Meter,29.263894
Slovenia,Household,2023,September,Million Cubic Meter,16.744106
Slovenia,Power,2023,October,Million Cubic Meter,4.708189
Slovenia,Industrial,2023,October,Million Cubic Meter,32.244892
Slovenia,Household,2023,October,Million Cubic Meter,24.79916
Slovenia,Power,2023,November,Million Cubic Meter,7.69219
Slovenia,Industrial,2023,November,Million Cubic Meter,42.665859
Slovenia,Household,2023,November,Million Cubic Meter,40.010141
Slovenia,Power,2023,December,Million Cubic Meter,9.842857
Slovenia,Industrial,2023,December,Million Cubic Meter,44.107499
Slovenia,Household,2023,December,Million Cubic Meter,51.215561
Slovenia,Power,2022,January,Million Cubic Meter,11.669149
Slovenia,Industrial,2022,January,Million Cubic Meter,54.734281
Slovenia,Household,2022,January,Million Cubic Meter,61.685719
Slovenia,Power,2022,February,Million Cubic Meter,10.023491
Slovenia,Industrial,2022,February,Million Cubic Meter,45.374683
Slovenia,Household,2022,February,Million Cubic Meter,47.199317
Slovenia,Power,2022,March,Million Cubic Meter,11.344741
Slovenia,Industrial,2022,March,Million Cubic Meter,47.898887
Slovenia,Household,2022,March,Million Cubic Meter,47.871113
Slovenia,Power,2022,April,Million Cubic Meter,6.72977
Slovenia,Industrial,2022,April,Million Cubic Meter,38.962819
Slovenia,Household,2022,April,Million Cubic Meter,33.171181
Slovenia,Power,2022,May,Million Cubic Meter,4.695825
Slovenia,Industrial,2022,May,Million Cubic Meter,32.161963
Slovenia,Household,2022,May,Million Cubic Meter,20.550037
Slovenia,Power,2022,June,Million Cubic Meter,3.196606
Slovenia,Industrial,2022,June,Million Cubic Meter,30.909401
Slovenia,Household,2022,June,Million Cubic Meter,17.375599
Slovenia,Power,2022,July,Million Cubic Meter,4.483701
Slovenia,Industrial,2022,July,Million Cubic Meter,29.349368
Slovenia,Household,2022,July,Million Cubic Meter,16.498632
Slovenia,Power,2022,August,Million Cubic Meter,4.260615
Slovenia,Industrial,2022,August,Million Cubic Meter,26.79583
Slovenia,Household,2022,August,Million Cubic Meter,15.06317
Slovenia,Power,2022,September,Million Cubic Meter,3.741044
Slovenia,Industrial,2022,September,Million Cubic Meter,30.001995
Slovenia,Household,2022,September,Million Cubic Meter,18.377005
Slovenia,Power,2022,October,Million Cubic Meter,6.418787
Slovenia,Industrial,2022,October,Million Cubic Meter,31.296421
Slovenia,Household,2022,October,Million Cubic Meter,24.575579
Slovenia,Power,2022,November,Million Cubic Meter,7.864737
Slovenia,Industrial,2022,November,Million Cubic Meter,39.49245
Slovenia,Household,2022,November,Million Cubic Meter,39.46955
Slovenia,Power,2022,December,Million Cubic Meter,12.097377
Slovenia,Industrial,2022,December,Million Cubic Meter,41.781166
Slovenia,Household,2022,December,Million Cubic Meter,49.018834
Slovenia,Power,2021,January,Million Cubic Meter,10.887044
Slovenia,Industrial,2021,January,Million Cubic Meter,56.113867
Slovenia,Household,2021,January,Million Cubic Meter,57.098133
Slovenia,Power,2021,February,Million Cubic Meter,9.516585
Slovenia,Industrial,2021,February,Million Cubic Meter,50.306591
Slovenia,Household,2021,February,Million Cubic Meter,47.252409
Slovenia,Power,2021,March,Million Cubic Meter,10.570844
Slovenia,Industrial,2021,March,Million Cubic Meter,52.244126
Slovenia,Household,2021,March,Million Cubic Meter,47.144874
Slovenia,Power,2021,April,Million Cubic Meter,7.406432
Slovenia,Industrial,2021,April,Million Cubic Meter,48.905227
Slovenia,Household,2021,April,Million Cubic Meter,37.552773
Slovenia,Power,2021,May,Million Cubic Meter,4.75747
Slovenia,Industrial,2021,May,Million Cubic Meter,42.530271
Slovenia,Household,2021,May,Million Cubic Meter,24.377729
Slovenia,Power,2021,June,Million Cubic Meter,3.77893
Slovenia,Industrial,2021,June,Million Cubic Meter,35.71894
Slovenia,Household,2021,June,Million Cubic Meter,17.94106
Slovenia,Power,2021,July,Million Cubic Meter,3.92401
Slovenia,Industrial,2021,July,Million Cubic Meter,32.265532
Slovenia,Household,2021,July,Million Cubic Meter,16.206468
Slovenia,Power,2021,August,Million Cubic Meter,4.231931
Slovenia,Industrial,2021,August,Million Cubic Meter,31.8049
Slovenia,Household,2021,August,Million Cubic Meter,15.9751
Slovenia,Power,2021,September,Million Cubic Meter,5.010103
Slovenia,Industrial,2021,September,Million Cubic Meter,33.772817
Slovenia,Household,2021,September,Million Cubic Meter,18.535183
Slovenia,Power,2021,October,Million Cubic Meter,8.791263
Slovenia,Industrial,2021,October,Million Cubic Meter,46.531888
Slovenia,Household,2021,October,Million Cubic Meter,32.921112
Slovenia,Power,2021,November,Million Cubic Meter,10.144954
Slovenia,Industrial,2021,November,Million Cubic Meter,49.859764
Slovenia,Household,2021,November,Million Cubic Meter,44.993236
Slovenia,Power,2021,December,Million Cubic Meter,12.702185
Slovenia,Industrial,2021,December,Million Cubic Meter,54.157594
Slovenia,Household,2021,December,Million Cubic Meter,57.357406
Slovenia,Power,2020,January,Million Cubic Meter,16.710587
Slovenia,Industrial,2020,January,Million Cubic Meter,56.585036
Slovenia,Household,2020,January,Million Cubic Meter,59.718964
Slovenia,Power,2020,February,Million Cubic Meter,7.751895
Slovenia,Industrial,2020,February,Million Cubic Meter,46.749403
Slovenia,Household,2020,February,Million Cubic Meter,45.544597
Slovenia,Power,2020,March,Million Cubic Meter,8.05227
Slovenia,Industrial,2020,March,Million Cubic Meter,47.569038
Slovenia,Household,2020,March,Million Cubic Meter,44.524962
Slovenia,Power,2020,April,Million Cubic Meter,4.335606
Slovenia,Industrial,2020,April,Million Cubic Meter,36.889949
Slovenia,Household,2020,April,Million Cubic Meter,29.396051
Slovenia,Power,2020,May,Million Cubic Meter,2.910766
Slovenia,Industrial,2020,May,Million Cubic Meter,33.430228
Slovenia,Household,2020,May,Million Cubic Meter,19.927772
Slovenia,Power,2020,June,Million Cubic Meter,2.61764
Slovenia,Industrial,2020,June,Million Cubic Meter,29.56538
Slovenia,Household,2020,June,Million Cubic Meter,15.46762
Slovenia,Power,2020,July,Million Cubic Meter,4.791537
Slovenia,Industrial,2020,July,Million Cubic Meter,33.954263
Slovenia,Household,2020,July,Million Cubic Meter,17.763737
Slovenia,Power,2020,August,Million Cubic Meter,4.937956
Slovenia,Industrial,2020,August,Million Cubic Meter,32.442938
Slovenia,Household,2020,August,Million Cubic Meter,16.973062
Slovenia,Power,2020,September,Million Cubic Meter,7.423093
Slovenia,Industrial,2020,September,Million Cubic Meter,36.224752
Slovenia,Household,2020,September,Million Cubic Meter,20.685248
Slovenia,Power,2020,October,Million Cubic Meter,7.782651
Slovenia,Industrial,2020,October,Million Cubic Meter,43.89446
Slovenia,Household,2020,October,Million Cubic Meter,32.24154
Slovenia,Power,2020,November,Million Cubic Meter,9.91716
Slovenia,Industrial,2020,November,Million Cubic Meter,52.354144
Slovenia,Household,2020,November,Million Cubic Meter,49.003856
Slovenia,Power,2020,December,Million Cubic Meter,10.754699
Slovenia,Industrial,2020,December,Million Cubic Meter,49.809938
Slovenia,Household,2020,December,Million Cubic Meter,54.717062
Slovenia,Power,2019,January,Million Cubic Meter,10.19
Slovenia,Industrial,2019,January,Million Cubic Meter,58.538361
Slovenia,Household,2019,January,Million Cubic Meter,60.461639
Slovenia,Power,2019,February,Million Cubic Meter,7.371
Slovenia,Industrial,2019,February,Million Cubic Meter,48.632305
Slovenia,Household,2019,February,Million Cubic Meter,46.367695
Slovenia,Power,2019,March,Million Cubic Meter,7.767
Slovenia,Industrial,2019,March,Million Cubic Meter,45.928872
Slovenia,Household,2019,March,Million Cubic Meter,42.071128
Slovenia,Power,2019,April,Million Cubic Meter,4.787
Slovenia,Industrial,2019,April,Million Cubic Meter,40.458168
Slovenia,Household,2019,April,Million Cubic Meter,31.541832
Slovenia,Power,2019,May,Million Cubic Meter,4.226
Slovenia,Industrial,2019,May,Million Cubic Meter,42.970492
Slovenia,Household,2019,May,Million Cubic Meter,25.029508
Slovenia,Power,2019,June,Million Cubic Meter,3.034
Slovenia,Industrial,2019,June,Million Cubic Meter,33.09595
Slovenia,Household,2019,June,Million Cubic Meter,16.90405
Slovenia,Power,2019,July,Million Cubic Meter,3.432
Slovenia,Industrial,2019,July,Million Cubic Meter,32.434031
Slovenia,Household,2019,July,Million Cubic Meter,16.565969
Slovenia,Power,2019,August,Million Cubic Meter,5.664
Slovenia,Industrial,2019,August,Million Cubic Meter,36.405545
Slovenia,Household,2019,August,Million Cubic Meter,18.594455
Slovenia,Power,2019,September,Million Cubic Meter,4.274
Slovenia,Industrial,2019,September,Million Cubic Meter,36.589383
Slovenia,Household,2019,September,Million Cubic Meter,20.410617
Slovenia,Power,2019,October,Million Cubic Meter,7.378
Slovenia,Industrial,2019,October,Million Cubic Meter,41.898168
Slovenia,Household,2019,October,Million Cubic Meter,30.101832
Slovenia,Power,2019,November,Million Cubic Meter,8.135
Slovenia,Industrial,2019,November,Million Cubic Meter,43.319277
Slovenia,Household,2019,November,Million Cubic Meter,39.680723
Slovenia,Power,2019,December,Million Cubic Meter,8.83
Slovenia,Industrial,2019,December,Million Cubic Meter,47.709981
Slovenia,Household,2019,December,Million Cubic Meter,51.290019
Spain,Power,2024,January,Million Cubic Meter,384
Spain,Industrial,2024,January,Million Cubic Meter,1507
Spain,Household,2024,January,Million Cubic Meter,514
Spain,Power,2024,February,Million Cubic Meter,423
Spain,Industrial,2024,February,Million Cubic Meter,2344
Spain,Household,2024,February,Million Cubic Meter,800
Spain,Power,2024,March,Million Cubic Meter,453
Spain,Industrial,2024,March,Million Cubic Meter,2180
Spain,Household,2024,March,Million Cubic Meter,744
Spain,Power,2024,April,Million Cubic Meter,424
Spain,Industrial,2024,April,Million Cubic Meter,1706
Spain,Household,2024,April,Million Cubic Meter,582
Spain,Power,2024,May,Million Cubic Meter,407
Spain,Industrial,2024,May,Million Cubic Meter,1610
Spain,Household,2024,May,Million Cubic Meter,549
Spain,Power,2024,June,Million Cubic Meter,425
Spain,Industrial,2024,June,Million Cubic Meter,1403
Spain,Household,2024,June,Million Cubic Meter,479
Spain,Power,2024,July,Million Cubic Meter,674
Spain,Industrial,2024,July,Million Cubic Meter,1331
Spain,Household,2024,July,Million Cubic Meter,454
Spain,Power,2024,August,Million Cubic Meter,714
Spain,Industrial,2024,August,Million Cubic Meter,1185
Spain,Household,2024,August,Million Cubic Meter,404
Spain,Power,2024,September,Million Cubic Meter,574
Spain,Industrial,2024,September,Million Cubic Meter,1108
Spain,Household,2024,September,Million Cubic Meter,378
Spain,Power,2024,October,Million Cubic Meter,550
Spain,Industrial,2024,October,Million Cubic Meter,1158
Spain,Household,2024,October,Million Cubic Meter,395
Spain,Power,2024,November,Million Cubic Meter,793
Spain,Industrial,2024,November,Million Cubic Meter,1425
Spain,Household,2024,November,Million Cubic Meter,486
Spain,Power,2024,December,Million Cubic Meter,993
Spain,Industrial,2024,December,Million Cubic Meter,1677
Spain,Household,2024,December,Million Cubic Meter,572
Spain,Power,2023,January,Million Cubic Meter,551
Spain,Industrial,2023,January,Million Cubic Meter,2403
Spain,Household,2023,January,Million Cubic Meter,848
Spain,Power,2023,February,Million Cubic Meter,856
Spain,Industrial,2023,February,Million Cubic Meter,2376
Spain,Household,2023,February,Million Cubic Meter,839
Spain,Power,2023,March,Million Cubic Meter,607
Spain,Industrial,2023,March,Million Cubic Meter,2144
Spain,Household,2023,March,Million Cubic Meter,757
Spain,Power,2023,April,Million Cubic Meter,568
Spain,Industrial,2023,April,Million Cubic Meter,1629
Spain,Household,2023,April,Million Cubic Meter,575
Spain,Power,2023,May,Million Cubic Meter,659
Spain,Industrial,2023,May,Million Cubic Meter,1476
Spain,Household,2023,May,Million Cubic Meter,521
Spain,Power,2023,June,Million Cubic Meter,904
Spain,Industrial,2023,June,Million Cubic Meter,1270
Spain,Household,2023,June,Million Cubic Meter,448
Spain,Power,2023,July,Million Cubic Meter,993
Spain,Industrial,2023,July,Million Cubic Meter,1160
Spain,Household,2023,July,Million Cubic Meter,410
Spain,Power,2023,August,Million Cubic Meter,991
Spain,Industrial,2023,August,Million Cubic Meter,1050
Spain,Household,2023,August,Million Cubic Meter,371
Spain,Power,2023,September,Million Cubic Meter,958
Spain,Industrial,2023,September,Million Cubic Meter,1259
Spain,Household,2023,September,Million Cubic Meter,444
Spain,Power,2023,October,Million Cubic Meter,786
Spain,Industrial,2023,October,Million Cubic Meter,1444
Spain,Household,2023,October,Million Cubic Meter,510
Spain,Power,2023,November,Million Cubic Meter,574
Spain,Industrial,2023,November,Million Cubic Meter,1915
Spain,Household,2023,November,Million Cubic Meter,676
Spain,Power,2023,December,Million Cubic Meter,631
Spain,Industrial,2023,December,Million Cubic Meter,2392
Spain,Household,2023,December,Million Cubic Meter,844
Spain,Power,2022,January,Million Cubic Meter,1113
Spain,Industrial,2022,January,Million Cubic Meter,2966
Spain,Household,2022,January,Million Cubic Meter,1138
Spain,Power,2022,February,Million Cubic Meter,890
Spain,Industrial,2022,February,Million Cubic Meter,2438
Spain,Household,2022,February,Million Cubic Meter,935
Spain,Power,2022,March,Million Cubic Meter,733
Spain,Industrial,2022,March,Million Cubic Meter,2538
Spain,Household,2022,March,Million Cubic Meter,974
Spain,Power,2022,April,Million Cubic Meter,610
Spain,Industrial,2022,April,Million Cubic Meter,1897
Spain,Household,2022,April,Million Cubic Meter,728
Spain,Power,2022,May,Million Cubic Meter,714
Spain,Industrial,2022,May,Million Cubic Meter,1525
Spain,Household,2022,May,Million Cubic Meter,585
Spain,Power,2022,June,Million Cubic Meter,1250
Spain,Industrial,2022,June,Million Cubic Meter,1138
Spain,Household,2022,June,Million Cubic Meter,437
Spain,Power,2022,July,Million Cubic Meter,1638
Spain,Industrial,2022,July,Million Cubic Meter,969
Spain,Household,2022,July,Million Cubic Meter,372
Spain,Power,2022,August,Million Cubic Meter,1585
Spain,Industrial,2022,August,Million Cubic Meter,860
Spain,Household,2022,August,Million Cubic Meter,330
Spain,Power,2022,September,Million Cubic Meter,1499
Spain,Industrial,2022,September,Million Cubic Meter,830
Spain,Household,2022,September,Million Cubic Meter,319
Spain,Power,2022,October,Million Cubic Meter,1364
Spain,Industrial,2022,October,Million Cubic Meter,1042
Spain,Household,2022,October,Million Cubic Meter,400
Spain,Power,2022,November,Million Cubic Meter,906
Spain,Industrial,2022,November,Million Cubic Meter,1708
Spain,Household,2022,November,Million Cubic Meter,656
Spain,Power,2022,December,Million Cubic Meter,833
Spain,Industrial,2022,December,Million Cubic Meter,1876
Spain,Household,2022,December,Million Cubic Meter,720
Spain,Power,2021,January,Million Cubic Meter,539
Spain,Industrial,2021,January,Million Cubic Meter,3321
Spain,Household,2021,January,Million Cubic Meter,1165
Spain,Power,2021,February,Million Cubic Meter,298
Spain,Industrial,2021,February,Million Cubic Meter,2486
Spain,Household,2021,February,Million Cubic Meter,872
Spain,Power,2021,March,Million Cubic Meter,417
Spain,Industrial,2021,March,Million Cubic Meter,2702
Spain,Household,2021,March,Million Cubic Meter,948
Spain,Power,2021,April,Million Cubic Meter,641
Spain,Industrial,2021,April,Million Cubic Meter,2217
Spain,Household,2021,April,Million Cubic Meter,778
Spain,Power,2021,May,Million Cubic Meter,473
Spain,Industrial,2021,May,Million Cubic Meter,1898
Spain,Household,2021,May,Million Cubic Meter,666
Spain,Power,2021,June,Million Cubic Meter,641
Spain,Industrial,2021,June,Million Cubic Meter,1615
Spain,Household,2021,June,Million Cubic Meter,567
Spain,Power,2021,July,Million Cubic Meter,724
Spain,Industrial,2021,July,Million Cubic Meter,1604
Spain,Household,2021,July,Million Cubic Meter,563
Spain,Power,2021,August,Million Cubic Meter,801
Spain,Industrial,2021,August,Million Cubic Meter,1444
Spain,Household,2021,August,Million Cubic Meter,507
Spain,Power,2021,September,Million Cubic Meter,971
Spain,Industrial,2021,September,Million Cubic Meter,1557
Spain,Household,2021,September,Million Cubic Meter,546
Spain,Power,2021,October,Million Cubic Meter,843
Spain,Industrial,2021,October,Million Cubic Meter,1791
Spain,Household,2021,October,Million Cubic Meter,628
Spain,Power,2021,November,Million Cubic Meter,1217
Spain,Industrial,2021,November,Million Cubic Meter,2497
Spain,Household,2021,November,Million Cubic Meter,876
Spain,Power,2021,December,Million Cubic Meter,976
Spain,Industrial,2021,December,Million Cubic Meter,2773
Spain,Household,2021,December,Million Cubic Meter,973
Spain,Power,2020,January,Million Cubic Meter,719
Spain,Industrial,2020,January,Million Cubic Meter,3236
Spain,Household,2020,January,Million Cubic Meter,1130
Spain,Power,2020,February,Million Cubic Meter,546
Spain,Industrial,2020,February,Million Cubic Meter,2590
Spain,Household,2020,February,Million Cubic Meter,904
Spain,Power,2020,March,Million Cubic Meter,358
Spain,Industrial,2020,March,Million Cubic Meter,2551
Spain,Household,2020,March,Million Cubic Meter,891
Spain,Power,2020,April,Million Cubic Meter,435
Spain,Industrial,2020,April,Million Cubic Meter,1770
Spain,Household,2020,April,Million Cubic Meter,618
Spain,Power,2020,May,Million Cubic Meter,480
Spain,Industrial,2020,May,Million Cubic Meter,1499
Spain,Household,2020,May,Million Cubic Meter,523
Spain,Power,2020,June,Million Cubic Meter,764
Spain,Industrial,2020,June,Million Cubic Meter,1415
Spain,Household,2020,June,Million Cubic Meter,494
Spain,Power,2020,July,Million Cubic Meter,1226
Spain,Industrial,2020,July,Million Cubic Meter,1332
Spain,Household,2020,July,Million Cubic Meter,465
Spain,Power,2020,August,Million Cubic Meter,1083
Spain,Industrial,2020,August,Million Cubic Meter,1265
Spain,Household,2020,August,Million Cubic Meter,442
Spain,Power,2020,September,Million Cubic Meter,948
Spain,Industrial,2020,September,Million Cubic Meter,1520
Spain,Household,2020,September,Million Cubic Meter,530
Spain,Power,2020,October,Million Cubic Meter,609
Spain,Industrial,2020,October,Million Cubic Meter,2022
Spain,Household,2020,October,Million Cubic Meter,706
Spain,Power,2020,November,Million Cubic Meter,707
Spain,Industrial,2020,November,Million Cubic Meter,2403
Spain,Household,2020,November,Million Cubic Meter,839
Spain,Power,2020,December,Million Cubic Meter,574
Spain,Industrial,2020,December,Million Cubic Meter,3004
Spain,Household,2020,December,Million Cubic Meter,1048
Spain,Power,2019,January,Million Cubic Meter,655
Spain,Industrial,2019,January,Million Cubic Meter,3430
Spain,Household,2019,January,Million Cubic Meter,1168
Spain,Power,2019,February,Million Cubic Meter,518
Spain,Industrial,2019,February,Million Cubic Meter,2750
Spain,Household,2019,February,Million Cubic Meter,937
Spain,Power,2019,March,Million Cubic Meter,467
Spain,Industrial,2019,March,Million Cubic Meter,2627
Spain,Household,2019,March,Million Cubic Meter,895
Spain,Power,2019,April,Million Cubic Meter,585
Spain,Industrial,2019,April,Million Cubic Meter,2319
Spain,Household,2019,April,Million Cubic Meter,789
Spain,Power,2019,May,Million Cubic Meter,783
Spain,Industrial,2019,May,Million Cubic Meter,1865
Spain,Household,2019,May,Million Cubic Meter,635
Spain,Power,2019,June,Million Cubic Meter,1059
Spain,Industrial,2019,June,Million Cubic Meter,1541
Spain,Household,2019,June,Million Cubic Meter,525
Spain,Power,2019,July,Million Cubic Meter,1430
Spain,Industrial,2019,July,Million Cubic Meter,1422
Spain,Household,2019,July,Million Cubic Meter,484
Spain,Power,2019,August,Million Cubic Meter,1423
Spain,Industrial,2019,August,Million Cubic Meter,1269
Spain,Household,2019,August,Million Cubic Meter,432
Spain,Power,2019,September,Million Cubic Meter,1096
Spain,Industrial,2019,September,Million Cubic Meter,1558
Spain,Household,2019,September,Million Cubic Meter,531
Spain,Power,2019,October,Million Cubic Meter,1129
Spain,Industrial,2019,October,Million Cubic Meter,1891
Spain,Household,2019,October,Million Cubic Meter,644
Spain,Power,2019,November,Million Cubic Meter,807
Spain,Industrial,2019,November,Million Cubic Meter,2686
Spain,Household,2019,November,Million Cubic Meter,914
Spain,Power,2019,December,Million Cubic Meter,593
Spain,Industrial,2019,December,Million Cubic Meter,2918
Spain,Household,2019,December,Million Cubic Meter,994
Sweden,Power,2024,January,Million Cubic Meter,0.082095
Sweden,Industrial,2024,January,Million Cubic Meter,38.061824
Sweden,Household,2024,January,Million Cubic Meter,87.974081
Sweden,Power,2024,February,Million Cubic Meter,0.028381
Sweden,Industrial,2024,February,Million Cubic Meter,25.04286
Sweden,Household,2024,February,Million Cubic Meter,63.616759
Sweden,Power,2024,March,Million Cubic Meter,0.014857
Sweden,Industrial,2024,March,Million Cubic Meter,20.922313
Sweden,Household,2024,March,Million Cubic Meter,47.802537
Sweden,Power,2024,April,Million Cubic Meter,0.040381
Sweden,Industrial,2024,April,Million Cubic Meter,26.492575
Sweden,Household,2024,April,Million Cubic Meter,53.175045
Sweden,Power,2024,May,Million Cubic Meter,0.113714
Sweden,Industrial,2024,May,Million Cubic Meter,26.31819
Sweden,Household,2024,May,Million Cubic Meter,33.139096
Sweden,Power,2024,June,Million Cubic Meter,0.060571
Sweden,Industrial,2024,June,Million Cubic Meter,24.364926
Sweden,Household,2024,June,Million Cubic Meter,27.217502
Sweden,Power,2024,July,Million Cubic Meter,0.06781
Sweden,Industrial,2024,July,Million Cubic Meter,25.965728
Sweden,Household,2024,July,Million Cubic Meter,29.002463
Sweden,Power,2024,August,Million Cubic Meter,0.128571
Sweden,Industrial,2024,August,Million Cubic Meter,26.280334
Sweden,Household,2024,August,Million Cubic Meter,34.373095
Sweden,Power,2024,September,Million Cubic Meter,0.074286
Sweden,Industrial,2024,September,Million Cubic Meter,24.365726
Sweden,Household,2024,September,Million Cubic Meter,34.646988
Sweden,Power,2024,October,Million Cubic Meter,0.04701
Sweden,Industrial,2024,October,Million Cubic Meter,17.700971
Sweden,Household,2024,October,Million Cubic Meter,32.486019
Sweden,Power,2024,November,Million Cubic Meter,0.045143
Sweden,Industrial,2024,November,Million Cubic Meter,23.163624
Sweden,Household,2024,November,Million Cubic Meter,56.018233
Sweden,Power,2024,December,Million Cubic Meter,0.129143
Sweden,Industrial,2024,December,Million Cubic Meter,18.360194
Sweden,Household,2024,December,Million Cubic Meter,54.261663
Sweden,Power,2023,January,Million Cubic Meter,0
Sweden,Industrial,2023,January,Million Cubic Meter,16.957464
Sweden,Household,2023,January,Million Cubic Meter,60.479536
Sweden,Power,2023,February,Million Cubic Meter,0
Sweden,Industrial,2023,February,Million Cubic Meter,16.308507
Sweden,Household,2023,February,Million Cubic Meter,51.932493
Sweden,Power,2023,March,Million Cubic Meter,0
Sweden,Industrial,2023,March,Million Cubic Meter,21.290622
Sweden,Household,2023,March,Million Cubic Meter,64.219378
Sweden,Power,2023,April,Million Cubic Meter,8.2e-05
Sweden,Industrial,2023,April,Million Cubic Meter,14.100974
Sweden,Household,2023,April,Million Cubic Meter,34.694026
Sweden,Power,2023,May,Million Cubic Meter,0.04645
Sweden,Industrial,2023,May,Million Cubic Meter,19.011434
Sweden,Household,2023,May,Million Cubic Meter,33.947566
Sweden,Power,2023,June,Million Cubic Meter,0.02393
Sweden,Industrial,2023,June,Million Cubic Meter,20.252841
Sweden,Household,2023,June,Million Cubic Meter,27.477575
Sweden,Power,2023,July,Million Cubic Meter,0.01611
Sweden,Industrial,2023,July,Million Cubic Meter,18.655673
Sweden,Household,2023,July,Million Cubic Meter,29.304327
Sweden,Power,2023,August,Million Cubic Meter,0.025632
Sweden,Industrial,2023,August,Million Cubic Meter,19.815623
Sweden,Household,2023,August,Million Cubic Meter,31.126377
Sweden,Power,2023,September,Million Cubic Meter,0.085869
Sweden,Industrial,2023,September,Million Cubic Meter,23.730468
Sweden,Household,2023,September,Million Cubic Meter,40.582532
Sweden,Power,2023,October,Million Cubic Meter,0.021905
Sweden,Industrial,2023,October,Million Cubic Meter,19.683517
Sweden,Household,2023,October,Million Cubic Meter,44.020483
Sweden,Power,2023,November,Million Cubic Meter,0.035429
Sweden,Industrial,2023,November,Million Cubic Meter,20.570311
Sweden,Household,2023,November,Million Cubic Meter,62.046689
Sweden,Power,2023,December,Million Cubic Meter,0.010857
Sweden,Industrial,2023,December,Million Cubic Meter,19.202913
Sweden,Household,2023,December,Million Cubic Meter,72.684087
Sweden,Power,2022,January,Million Cubic Meter,0
Sweden,Industrial,2022,January,Million Cubic Meter,34.945516
Sweden,Household,2022,January,Million Cubic Meter,67.227484
Sweden,Power,2022,February,Million Cubic Meter,0
Sweden,Industrial,2022,February,Million Cubic Meter,29.593208
Sweden,Household,2022,February,Million Cubic Meter,52.150792
Sweden,Power,2022,March,Million Cubic Meter,0
Sweden,Industrial,2022,March,Million Cubic Meter,22.18708
Sweden,Household,2022,March,Million Cubic Meter,37.45192
Sweden,Power,2022,April,Million Cubic Meter,0
Sweden,Industrial,2022,April,Million Cubic Meter,22.666209
Sweden,Household,2022,April,Million Cubic Meter,27.169327
Sweden,Power,2022,May,Million Cubic Meter,0
Sweden,Industrial,2022,May,Million Cubic Meter,24.208159
Sweden,Household,2022,May,Million Cubic Meter,21.288101
Sweden,Power,2022,June,Million Cubic Meter,0
Sweden,Industrial,2022,June,Million Cubic Meter,19.049816
Sweden,Household,2022,June,Million Cubic Meter,18.155184
Sweden,Power,2022,July,Million Cubic Meter,0
Sweden,Industrial,2022,July,Million Cubic Meter,26.922681
Sweden,Household,2022,July,Million Cubic Meter,25.658319
Sweden,Power,2022,August,Million Cubic Meter,0
Sweden,Industrial,2022,August,Million Cubic Meter,32.645623
Sweden,Household,2022,August,Million Cubic Meter,21.214377
Sweden,Power,2022,September,Million Cubic Meter,0
Sweden,Industrial,2022,September,Million Cubic Meter,25.179715
Sweden,Household,2022,September,Million Cubic Meter,21.822692
Sweden,Power,2022,October,Million Cubic Meter,0
Sweden,Industrial,2022,October,Million Cubic Meter,23.635114
Sweden,Household,2022,October,Million Cubic Meter,31.072886
Sweden,Power,2022,November,Million Cubic Meter,0
Sweden,Industrial,2022,November,Million Cubic Meter,19.918111
Sweden,Household,2022,November,Million Cubic Meter,33.621889
Sweden,Power,2022,December,Million Cubic Meter,0
Sweden,Industrial,2022,December,Million Cubic Meter,27.126611
Sweden,Household,2022,December,Million Cubic Meter,54.574389
Sweden,Power,2021,January,Million Cubic Meter,0
Sweden,Industrial,2021,January,Million Cubic Meter,41.603136
Sweden,Household,2021,January,Million Cubic Meter,142.396864
Sweden,Power,2021,February,Million Cubic Meter,0
Sweden,Industrial,2021,February,Million Cubic Meter,38.14612
Sweden,Household,2021,February,Million Cubic Meter,116.85388
Sweden,Power,2021,March,Million Cubic Meter,0
Sweden,Industrial,2021,March,Million Cubic Meter,29.708064
Sweden,Household,2021,March,Million Cubic Meter,86.291936
Sweden,Power,2021,April,Million Cubic Meter,0
Sweden,Industrial,2021,April,Million Cubic Meter,29.6104
Sweden,Household,2021,April,Million Cubic Meter,70.3896
Sweden,Power,2021,May,Million Cubic Meter,0
Sweden,Industrial,2021,May,Million Cubic Meter,23.284214
Sweden,Household,2021,May,Million Cubic Meter,40.315786
Sweden,Power,2021,June,Million Cubic Meter,0
Sweden,Industrial,2021,June,Million Cubic Meter,41.075985
Sweden,Household,2021,June,Million Cubic Meter,62.624015
Sweden,Power,2021,July,Million Cubic Meter,0
Sweden,Industrial,2021,July,Million Cubic Meter,25.350656
Sweden,Household,2021,July,Million Cubic Meter,38.649344
Sweden,Power,2021,August,Million Cubic Meter,0
Sweden,Industrial,2021,August,Million Cubic Meter,31.971534
Sweden,Household,2021,August,Million Cubic Meter,48.743466
Sweden,Power,2021,September,Million Cubic Meter,0
Sweden,Industrial,2021,September,Million Cubic Meter,27.547738
Sweden,Household,2021,September,Million Cubic Meter,45.697262
Sweden,Power,2021,October,Million Cubic Meter,0
Sweden,Industrial,2021,October,Million Cubic Meter,28.502465
Sweden,Household,2021,October,Million Cubic Meter,61.665535
Sweden,Power,2021,November,Million Cubic Meter,0
Sweden,Industrial,2021,November,Million Cubic Meter,26.333382
Sweden,Household,2021,November,Million Cubic Meter,76.489618
Sweden,Power,2021,December,Million Cubic Meter,0
Sweden,Industrial,2021,December,Million Cubic Meter,24.839642
Sweden,Household,2021,December,Million Cubic Meter,90.103358
Sweden,Power,2020,January,Million Cubic Meter,0
Sweden,Industrial,2020,January,Million Cubic Meter,28.206792
Sweden,Household,2020,January,Million Cubic Meter,87.793208
Sweden,Power,2020,February,Million Cubic Meter,0
Sweden,Industrial,2020,February,Million Cubic Meter,30.237314
Sweden,Household,2020,February,Million Cubic Meter,84.662686
Sweden,Power,2020,March,Million Cubic Meter,0
Sweden,Industrial,2020,March,Million Cubic Meter,25.677228
Sweden,Household,2020,March,Million Cubic Meter,68.322772
Sweden,Power,2020,April,Million Cubic Meter,0
Sweden,Industrial,2020,April,Million Cubic Meter,23.321174
Sweden,Household,2020,April,Million Cubic Meter,51.148826
Sweden,Power,2020,May,Million Cubic Meter,0
Sweden,Industrial,2020,May,Million Cubic Meter,29.695055
Sweden,Household,2020,May,Million Cubic Meter,47.804945
Sweden,Power,2020,June,Million Cubic Meter,0
Sweden,Industrial,2020,June,Million Cubic Meter,34.589923
Sweden,Household,2020,June,Million Cubic Meter,49.130077
Sweden,Power,2020,July,Million Cubic Meter,0
Sweden,Industrial,2020,July,Million Cubic Meter,22.104167
Sweden,Household,2020,July,Million Cubic Meter,31.395833
Sweden,Power,2020,August,Million Cubic Meter,0
Sweden,Industrial,2020,August,Million Cubic Meter,35.325351
Sweden,Household,2020,August,Million Cubic Meter,50.174649
Sweden,Power,2020,September,Million Cubic Meter,0
Sweden,Industrial,2020,September,Million Cubic Meter,31.610225
Sweden,Household,2020,September,Million Cubic Meter,48.789775
Sweden,Power,2020,October,Million Cubic Meter,0
Sweden,Industrial,2020,October,Million Cubic Meter,53.972244
Sweden,Household,2020,October,Million Cubic Meter,108.027756
Sweden,Power,2020,November,Million Cubic Meter,0
Sweden,Industrial,2020,November,Million Cubic Meter,38.789004
Sweden,Household,2020,November,Million Cubic Meter,103.210996
Sweden,Power,2020,December,Million Cubic Meter,0
Sweden,Industrial,2020,December,Million Cubic Meter,41.269674
Sweden,Household,2020,December,Million Cubic Meter,135.730326
Sweden,Power,2019,January,Million Cubic Meter,0
Sweden,Industrial,2019,January,Million Cubic Meter,35.37482
Sweden,Household,2019,January,Million Cubic Meter,94.62518
Sweden,Power,2019,February,Million Cubic Meter,0
Sweden,Industrial,2019,February,Million Cubic Meter,30.379856
Sweden,Household,2019,February,Million Cubic Meter,73.620144
Sweden,Power,2019,March,Million Cubic Meter,0
Sweden,Industrial,2019,March,Million Cubic Meter,38.066364
Sweden,Household,2019,March,Million Cubic Meter,87.933636
Sweden,Power,2019,April,Million Cubic Meter,0
Sweden,Industrial,2019,April,Million Cubic Meter,34.553514
Sweden,Household,2019,April,Million Cubic Meter,66.446486
Sweden,Power,2019,May,Million Cubic Meter,0
Sweden,Industrial,2019,May,Million Cubic Meter,51.102136
Sweden,Household,2019,May,Million Cubic Meter,72.897864
Sweden,Power,2019,June,Million Cubic Meter,0
Sweden,Industrial,2019,June,Million Cubic Meter,27.411068
Sweden,Household,2019,June,Million Cubic Meter,34.588932
Sweden,Power,2019,July,Million Cubic Meter,0
Sweden,Industrial,2019,July,Million Cubic Meter,27.411068
Sweden,Household,2019,July,Million Cubic Meter,34.588932
Sweden,Power,2019,August,Million Cubic Meter,0
Sweden,Industrial,2019,August,Million Cubic Meter,33.15855
Sweden,Household,2019,August,Million Cubic Meter,41.84145
Sweden,Power,2019,September,Million Cubic Meter,0
Sweden,Industrial,2019,September,Million Cubic Meter,27.859524
Sweden,Household,2019,September,Million Cubic Meter,38.140476
Sweden,Power,2019,October,Million Cubic Meter,0
Sweden,Industrial,2019,October,Million Cubic Meter,23.899524
Sweden,Household,2019,October,Million Cubic Meter,42.100476
Sweden,Power,2019,November,Million Cubic Meter,0
Sweden,Industrial,2019,November,Million Cubic Meter,29.607172
Sweden,Household,2019,November,Million Cubic Meter,68.392828
Sweden,Power,2019,December,Million Cubic Meter,0
Sweden,Industrial,2019,December,Million Cubic Meter,30.929452
Sweden,Household,2019,December,Million Cubic Meter,87.070548
United Kingdom,Power,2024,January,Million Cubic Meter,1730.074448
United Kingdom,Industrial,2024,January,Million Cubic Meter,187.243136
United Kingdom,Household,2024,January,Million Cubic Meter,6452.364996
United Kingdom,Power,2024,February,Million Cubic Meter,1105.671204
United Kingdom,Industrial,2024,February,Million Cubic Meter,173.35169
United Kingdom,Household,2024,February,Million Cubic Meter,4893.711918
United Kingdom,Power,2024,March,Million Cubic Meter,1040.746169
United Kingdom,Industrial,2024,March,Million Cubic Meter,169.474454
United Kingdom,Household,2024,March,Million Cubic Meter,4814.005488
United Kingdom,Power,2024,April,Million Cubic Meter,721.2592
United Kingdom,Industrial,2024,April,Million Cubic Meter,120.378576
United Kingdom,Household,2024,April,Million Cubic Meter,3678.225007
United Kingdom,Power,2024,May,Million Cubic Meter,945.999294
United Kingdom,Industrial,2024,May,Million Cubic Meter,125.934636
United Kingdom,Household,2024,May,Million Cubic Meter,2170.638099
United Kingdom,Power,2024,June,Million Cubic Meter,730.50591
United Kingdom,Industrial,2024,June,Million Cubic Meter,130.621967
United Kingdom,Household,2024,June,Million Cubic Meter,1841.800255
United Kingdom,Power,2024,July,Million Cubic Meter,892.238469
United Kingdom,Industrial,2024,July,Million Cubic Meter,120.520588
United Kingdom,Household,2024,July,Million Cubic Meter,1677.244477
United Kingdom,Power,2024,August,Million Cubic Meter,650.252619
United Kingdom,Industrial,2024,August,Million Cubic Meter,100.029664
United Kingdom,Household,2024,August,Million Cubic Meter,1546.494943
United Kingdom,Power,2024,September,Million Cubic Meter,995.320072
United Kingdom,Industrial,2024,September,Million Cubic Meter,100.529855
United Kingdom,Household,2024,September,Million Cubic Meter,2104.365602
United Kingdom,Power,2024,October,Million Cubic Meter,1235.160374
United Kingdom,Industrial,2024,October,Million Cubic Meter,107.387755
United Kingdom,Household,2024,October,Million Cubic Meter,3273.528172
United Kingdom,Power,2024,November,Million Cubic Meter,1696.666458
United Kingdom,Industrial,2024,November,Million Cubic Meter,146.505913
United Kingdom,Household,2024,November,Million Cubic Meter,4896.09799
United Kingdom,Power,2024,December,Million Cubic Meter,1313.205992
United Kingdom,Industrial,2024,December,Million Cubic Meter,163.344709
United Kingdom,Household,2024,December,Million Cubic Meter,5526.129221
United Kingdom,Power,2023,January,Million Cubic Meter,1305.553102
United Kingdom,Industrial,2023,January,Million Cubic Meter,175.60729
United Kingdom,Household,2023,January,Million Cubic Meter,6210.215001
United Kingdom,Power,2023,February,Million Cubic Meter,1377.686839
United Kingdom,Industrial,2023,February,Million Cubic Meter,156.540888
United Kingdom,Household,2023,February,Million Cubic Meter,4967.314292
United Kingdom,Power,2023,March,Million Cubic Meter,1521.019187
United Kingdom,Industrial,2023,March,Million Cubic Meter,169.500202
United Kingdom,Household,2023,March,Million Cubic Meter,5239.803797
United Kingdom,Power,2023,April,Million Cubic Meter,1382.89801
United Kingdom,Industrial,2023,April,Million Cubic Meter,128.027756
United Kingdom,Household,2023,April,Million Cubic Meter,3678.876101
United Kingdom,Power,2023,May,Million Cubic Meter,1287.628897
United Kingdom,Industrial,2023,May,Million Cubic Meter,132.130612
United Kingdom,Household,2023,May,Million Cubic Meter,2255.3543
United Kingdom,Power,2023,June,Million Cubic Meter,1317.192594
United Kingdom,Industrial,2023,June,Million Cubic Meter,128.625254
United Kingdom,Household,2023,June,Million Cubic Meter,1588.237756
United Kingdom,Power,2023,July,Million Cubic Meter,1132.566486
United Kingdom,Industrial,2023,July,Million Cubic Meter,118.849167
United Kingdom,Household,2023,July,Million Cubic Meter,1614.83273
United Kingdom,Power,2023,August,Million Cubic Meter,1388.936426
United Kingdom,Industrial,2023,August,Million Cubic Meter,145.185269
United Kingdom,Household,2023,August,Million Cubic Meter,1581.799687
United Kingdom,Power,2023,September,Million Cubic Meter,1260.466883
United Kingdom,Industrial,2023,September,Million Cubic Meter,160.764573
United Kingdom,Household,2023,September,Million Cubic Meter,1693.914056
United Kingdom,Power,2023,October,Million Cubic Meter,1122.893106
United Kingdom,Industrial,2023,October,Million Cubic Meter,154.841568
United Kingdom,Household,2023,October,Million Cubic Meter,2945.807473
United Kingdom,Power,2023,November,Million Cubic Meter,1395.614866
United Kingdom,Industrial,2023,November,Million Cubic Meter,167.325918
United Kingdom,Household,2023,November,Million Cubic Meter,4884.770025
United Kingdom,Power,2023,December,Million Cubic Meter,1228.809846
United Kingdom,Industrial,2023,December,Million Cubic Meter,157.220671
United Kingdom,Household,2023,December,Million Cubic Meter,5523.490816
United Kingdom,Power,2022,January,Million Cubic Meter,1884.400722
United Kingdom,Industrial,2022,January,Million Cubic Meter,170.148521
United Kingdom,Household,2022,January,Million Cubic Meter,6952.819254
United Kingdom,Power,2022,February,Million Cubic Meter,968.342304
United Kingdom,Industrial,2022,February,Million Cubic Meter,129.651265
United Kingdom,Household,2022,February,Million Cubic Meter,5666.943577
United Kingdom,Power,2022,March,Million Cubic Meter,1635.888723
United Kingdom,Industrial,2022,March,Million Cubic Meter,203.396716
United Kingdom,Household,2022,March,Million Cubic Meter,5046.466904
United Kingdom,Power,2022,April,Million Cubic Meter,1705.176645
United Kingdom,Industrial,2022,April,Million Cubic Meter,180.365842
United Kingdom,Household,2022,April,Million Cubic Meter,3721.690055
United Kingdom,Power,2022,May,Million Cubic Meter,1896.32043
United Kingdom,Industrial,2022,May,Million Cubic Meter,183.501165
United Kingdom,Household,2022,May,Million Cubic Meter,2397.523582
United Kingdom,Power,2022,June,Million Cubic Meter,1715.557538
United Kingdom,Industrial,2022,June,Million Cubic Meter,201.624536
United Kingdom,Household,2022,June,Million Cubic Meter,1798.464858
United Kingdom,Power,2022,July,Million Cubic Meter,1810.929197
United Kingdom,Industrial,2022,July,Million Cubic Meter,220.064118
United Kingdom,Household,2022,July,Million Cubic Meter,1624.17866
United Kingdom,Power,2022,August,Million Cubic Meter,1908.10458
United Kingdom,Industrial,2022,August,Million Cubic Meter,214.881715
United Kingdom,Household,2022,August,Million Cubic Meter,1550.317412
United Kingdom,Power,2022,September,Million Cubic Meter,1771.042717
United Kingdom,Industrial,2022,September,Million Cubic Meter,162.875536
United Kingdom,Household,2022,September,Million Cubic Meter,1970.223441
United Kingdom,Power,2022,October,Million Cubic Meter,1582.572854
United Kingdom,Industrial,2022,October,Million Cubic Meter,136.691113
United Kingdom,Household,2022,October,Million Cubic Meter,2754.601111
United Kingdom,Power,2022,November,Million Cubic Meter,1745.379979
United Kingdom,Industrial,2022,November,Million Cubic Meter,181.221671
United Kingdom,Household,2022,November,Million Cubic Meter,4247.34746
United Kingdom,Power,2022,December,Million Cubic Meter,1634.80137
United Kingdom,Industrial,2022,December,Million Cubic Meter,189.065529
United Kingdom,Household,2022,December,Million Cubic Meter,6437.438091
United Kingdom,Power,2021,January,Million Cubic Meter,1991.691069
United Kingdom,Industrial,2021,January,Million Cubic Meter,339.297611
United Kingdom,Household,2021,January,Million Cubic Meter,7848.343595
United Kingdom,Power,2021,February,Million Cubic Meter,1432.078617
United Kingdom,Industrial,2021,February,Million Cubic Meter,313.342241
United Kingdom,Household,2021,February,Million Cubic Meter,6469.678671
United Kingdom,Power,2021,March,Million Cubic Meter,1655.980741
United Kingdom,Industrial,2021,March,Million Cubic Meter,337.768668
United Kingdom,Household,2021,March,Million Cubic Meter,5914.878184
United Kingdom,Power,2021,April,Million Cubic Meter,1859.603046
United Kingdom,Industrial,2021,April,Million Cubic Meter,311.998141
United Kingdom,Household,2021,April,Million Cubic Meter,4905.309372
United Kingdom,Power,2021,May,Million Cubic Meter,1610.310694
United Kingdom,Industrial,2021,May,Million Cubic Meter,329.140849
United Kingdom,Household,2021,May,Million Cubic Meter,3884.326476
United Kingdom,Power,2021,June,Million Cubic Meter,1344.01093
United Kingdom,Industrial,2021,June,Million Cubic Meter,253.25747
United Kingdom,Household,2021,June,Million Cubic Meter,1906.124546
United Kingdom,Power,2021,July,Million Cubic Meter,1563.743099
United Kingdom,Industrial,2021,July,Million Cubic Meter,250.555751
United Kingdom,Household,2021,July,Million Cubic Meter,1717.922442
United Kingdom,Power,2021,August,Million Cubic Meter,1419.970045
United Kingdom,Industrial,2021,August,Million Cubic Meter,200.460208
United Kingdom,Household,2021,August,Million Cubic Meter,1825.588277
United Kingdom,Power,2021,September,Million Cubic Meter,1680.587238
United Kingdom,Industrial,2021,September,Million Cubic Meter,166.366224
United Kingdom,Household,2021,September,Million Cubic Meter,1992.895762
United Kingdom,Power,2021,October,Million Cubic Meter,1373.428985
United Kingdom,Industrial,2021,October,Million Cubic Meter,191.3151
United Kingdom,Household,2021,October,Million Cubic Meter,3457.251098
United Kingdom,Power,2021,November,Million Cubic Meter,1699.471087
United Kingdom,Industrial,2021,November,Million Cubic Meter,203.234197
United Kingdom,Household,2021,November,Million Cubic Meter,5433.987827
United Kingdom,Power,2021,December,Million Cubic Meter,1818.299464
United Kingdom,Industrial,2021,December,Million Cubic Meter,166.655637
United Kingdom,Household,2021,December,Million Cubic Meter,6335.976028
United Kingdom,Power,2020,January,Million Cubic Meter,777.827587
United Kingdom,Industrial,2020,January,Million Cubic Meter,192.224
United Kingdom,Household,2020,January,Million Cubic Meter,2902.926758
United Kingdom,Power,2020,February,Million Cubic Meter,1211.057556
United Kingdom,Industrial,2020,February,Million Cubic Meter,348.747657
United Kingdom,Household,2020,February,Million Cubic Meter,6397.156406
United Kingdom,Power,2020,March,Million Cubic Meter,378.25578
United Kingdom,Industrial,2020,March,Million Cubic Meter,103.933568
United Kingdom,Household,2020,March,Million Cubic Meter,1590.200636
United Kingdom,Power,2020,April,Million Cubic Meter,159.468722
United Kingdom,Industrial,2020,April,Million Cubic Meter,43.53736
United Kingdom,Household,2020,April,Million Cubic Meter,485.218528
United Kingdom,Power,2020,May,Million Cubic Meter,216.568545
United Kingdom,Industrial,2020,May,Million Cubic Meter,91.390516
United Kingdom,Household,2020,May,Million Cubic Meter,406.390853
United Kingdom,Power,2020,June,Million Cubic Meter,375.534963
United Kingdom,Industrial,2020,June,Million Cubic Meter,97.750586
United Kingdom,Household,2020,June,Million Cubic Meter,524.586971
United Kingdom,Power,2020,July,Million Cubic Meter,578.934954
United Kingdom,Industrial,2020,July,Million Cubic Meter,143.757889
United Kingdom,Household,2020,July,Million Cubic Meter,713.390063
United Kingdom,Power,2020,August,Million Cubic Meter,1599.065941
United Kingdom,Industrial,2020,August,Million Cubic Meter,400.971483
United Kingdom,Household,2020,August,Million Cubic Meter,1808.824434
United Kingdom,Power,2020,September,Million Cubic Meter,201.748038
United Kingdom,Industrial,2020,September,Million Cubic Meter,37.383419
United Kingdom,Household,2020,September,Million Cubic Meter,330.617441
United Kingdom,Power,2020,October,Million Cubic Meter,1521.817837
United Kingdom,Industrial,2020,October,Million Cubic Meter,541.050644
United Kingdom,Household,2020,October,Million Cubic Meter,4285.369908
United Kingdom,Power,2020,November,Million Cubic Meter,59.192408
United Kingdom,Industrial,2020,November,Million Cubic Meter,9.612321
United Kingdom,Household,2020,November,Million Cubic Meter,203.665592
United Kingdom,Power,2020,December,Million Cubic Meter,1780.806746
United Kingdom,Industrial,2020,December,Million Cubic Meter,355.777737
United Kingdom,Household,2020,December,Million Cubic Meter,6785.289677
United Kingdom,Power,2019,February,Million Cubic Meter,1509.186864
United Kingdom,Industrial,2019,February,Million Cubic Meter,286.874207
United Kingdom,Household,2019,February,Million Cubic Meter,4817.188662
United Kingdom,Power,2019,March,Million Cubic Meter,43.382847
United Kingdom,Industrial,2019,March,Million Cubic Meter,12.188433
United Kingdom,Household,2019,March,Million Cubic Meter,145.573891
United Kingdom,Power,2019,April,Million Cubic Meter,887.783801
United Kingdom,Industrial,2019,April,Million Cubic Meter,164.926805
United Kingdom,Household,2019,April,Million Cubic Meter,1939.688208
United Kingdom,Power,2019,May,Million Cubic Meter,632.41009
United Kingdom,Industrial,2019,May,Million Cubic Meter,138.317738
United Kingdom,Household,2019,May,Million Cubic Meter,1014.012101
United Kingdom,Power,2019,June,Million Cubic Meter,422.819442
United Kingdom,Industrial,2019,June,Million Cubic Meter,85.455512
United Kingdom,Household,2019,June,Million Cubic Meter,492.166391
United Kingdom,Power,2019,July,Million Cubic Meter,613.711777
United Kingdom,Industrial,2019,July,Million Cubic Meter,116.977536
United Kingdom,Household,2019,July,Million Cubic Meter,556.154444
United Kingdom,Power,2019,August,Million Cubic Meter,597.641992
United Kingdom,Industrial,2019,August,Million Cubic Meter,125.136682
United Kingdom,Household,2019,August,Million Cubic Meter,772.74656
United Kingdom,Power,2019,September,Million Cubic Meter,97.643672
United Kingdom,Industrial,2019,September,Million Cubic Meter,19.254775
United Kingdom,Household,2019,September,Million Cubic Meter,178.201502
United Kingdom,Power,2019,October,Million Cubic Meter,798.694564
United Kingdom,Industrial,2019,October,Million Cubic Meter,134.76809
United Kingdom,Household,2019,October,Million Cubic Meter,1941.790532
United Kingdom,Power,2019,November,Million Cubic Meter,1922.341287
United Kingdom,Industrial,2019,November,Million Cubic Meter,375.509185
United Kingdom,Household,2019,November,Million Cubic Meter,5998.619566
United Kingdom,Power,2019,December,Million Cubic Meter,1571.061031
United Kingdom,Industrial,2019,December,Million Cubic Meter,330.968298
United Kingdom,Household,2019,December,Million Cubic Meter,6577.948464
